dataset,year,table,column_position,variable,role,family,identifier_flag,name_field_flag,survey_design_flag,candidate_feature,candidate_target,candidate_context,cyber_physical_relevance,occupant_relevance,vehicle_relevance,event_relevance,requires_codebook_verification
CRSS,2024,accident.csv,1,CASENUM,identifier,crash_context,True,False,False,False,False,True,False,False,False,False,False
CRSS,2024,accident.csv,2,PSU,survey_design,crash_context,False,False,True,False,False,False,False,False,False,False,False
CRSS,2024,accident.csv,3,PSU_VAR,survey_design,crash_context,False,False,True,False,False,False,False,False,False,False,False
CRSS,2024,accident.csv,4,PSUSTRAT,survey_design,crash_context,False,False,True,False,False,False,False,False,False,False,False
CRSS,2024,accident.csv,5,REGION,identifier,crash_context,True,False,False,False,False,True,False,False,False,False,False
CRSS,2024,accident.csv,6,REGIONNAME,descriptive_label,crash_context,False,True,False,False,False,True,False,False,False,False,False
CRSS,2024,accident.csv,7,URBANICITY,candidate_feature,crash_context,False,False,False,True,False,False,False,False,False,False,False
CRSS,2024,accident.csv,8,URBANICITYNAME,descriptive_label,crash_context,False,True,False,False,False,True,False,False,False,False,False
CRSS,2024,accident.csv,9,STRATUM,survey_design,crash_context,False,False,True,False,False,False,False,False,False,False,False
CRSS,2024,accident.csv,10,STRATUMNAME,descriptive_label,crash_context,False,True,False,False,False,True,False,False,False,False,False
CRSS,2024,accident.csv,11,PJ,survey_design,crash_context,False,False,True,False,False,False,False,False,False,False,False
CRSS,2024,accident.csv,12,WEIGHT,survey_design,crash_context,False,False,True,False,False,False,False,False,False,False,False
CRSS,2024,accident.csv,13,PEDS,candidate_feature,crash_context,False,False,False,True,False,False,False,True,False,False,True
CRSS,2024,accident.csv,14,PERNOTMVIT,candidate_feature,crash_context,False,False,False,True,False,False,False,False,False,False,False
CRSS,2024,accident.csv,15,VE_TOTAL,candidate_feature,crash_context,False,False,False,True,False,False,False,False,False,False,False
CRSS,2024,accident.csv,16,VE_FORMS,candidate_feature,crash_context,False,False,False,True,False,False,False,False,False,False,False
CRSS,2024,accident.csv,17,PVH_INVL,candidate_feature,crash_context,False,False,False,True,False,False,False,False,False,False,False
CRSS,2024,accident.csv,18,PERMVIT,candidate_feature,crash_context,False,False,False,True,False,False,False,False,False,False,False
CRSS,2024,accident.csv,19,MONTH,candidate_feature,crash_context,False,False,False,True,False,False,False,False,False,False,False
CRSS,2024,accident.csv,20,MONTHNAME,descriptive_label,crash_context,False,True,False,False,False,True,False,False,False,False,False
CRSS,2024,accident.csv,21,DAY_WEEK,candidate_feature,crash_context,False,False,False,True,False,False,False,False,False,False,False
CRSS,2024,accident.csv,22,DAY_WEEKNAME,descriptive_label,crash_context,False,True,False,False,False,True,False,False,False,False,False
CRSS,2024,accident.csv,23,WKDY_IM,candidate_feature,crash_context,False,False,False,True,False,False,False,False,False,False,False
CRSS,2024,accident.csv,24,WKDY_IMNAME,descriptive_label,crash_context,False,True,False,False,False,True,False,False,False,False,False
CRSS,2024,accident.csv,25,YEAR,candidate_feature,crash_context,False,False,False,True,False,False,False,False,False,False,False
CRSS,2024,accident.csv,26,YEARNAME,descriptive_label,crash_context,False,True,False,False,False,True,False,False,False,False,False
CRSS,2024,accident.csv,27,HOUR,candidate_feature,crash_context,False,False,False,True,False,False,False,False,False,False,False
CRSS,2024,accident.csv,28,HOURNAME,descriptive_label,crash_context,False,True,False,False,False,True,False,False,False,False,False
CRSS,2024,accident.csv,29,HOUR_IM,candidate_feature,crash_context,False,False,False,True,False,False,False,False,False,False,False
CRSS,2024,accident.csv,30,HOUR_IMNAME,descriptive_label,crash_context,False,True,False,False,False,True,False,False,False,False,False
CRSS,2024,accident.csv,31,MINUTE,candidate_feature,crash_context,False,False,False,True,False,False,False,False,False,False,False
CRSS,2024,accident.csv,32,MINUTENAME,descriptive_label,crash_context,False,True,False,False,False,True,False,False,False,False,False
CRSS,2024,accident.csv,33,MINUTE_IM,candidate_feature,crash_context,False,False,False,True,False,False,False,False,False,False,False
CRSS,2024,accident.csv,34,MINUTE_IMNAME,descriptive_label,crash_context,False,True,False,False,False,True,False,False,False,False,False
CRSS,2024,accident.csv,35,HARM_EV,candidate_feature,crash_context,False,False,False,True,False,False,False,False,False,True,True
CRSS,2024,accident.csv,36,HARM_EVNAME,descriptive_label,crash_context,False,True,False,False,False,True,False,False,False,True,False
CRSS,2024,accident.csv,37,EVENT1_IM,candidate_feature,crash_context,False,False,False,True,False,False,True,False,False,True,True
CRSS,2024,accident.csv,38,EVENT1_IMNAME,descriptive_label,crash_context,False,True,False,False,False,True,True,False,False,True,False
CRSS,2024,accident.csv,39,MAN_COLL,candidate_feature,crash_context,False,False,False,True,False,False,False,False,False,True,True
CRSS,2024,accident.csv,40,MAN_COLLNAME,descriptive_label,crash_context,False,True,False,False,False,True,False,False,False,True,False
CRSS,2024,accident.csv,41,MANCOL_IM,candidate_feature,crash_context,False,False,False,True,False,False,False,False,False,False,False
CRSS,2024,accident.csv,42,MANCOL_IMNAME,descriptive_label,crash_context,False,True,False,False,False,True,False,False,False,False,False
CRSS,2024,accident.csv,43,RELJCT1,candidate_feature,crash_context,False,False,False,True,False,False,False,False,False,False,False
CRSS,2024,accident.csv,44,RELJCT1NAME,descriptive_label,crash_context,False,True,False,False,False,True,False,False,False,False,False
CRSS,2024,accident.csv,45,RELJCT1_IM,candidate_feature,crash_context,False,False,False,True,False,False,False,False,False,False,False
CRSS,2024,accident.csv,46,RELJCT1_IMNAME,descriptive_label,crash_context,False,True,False,False,False,True,False,False,False,False,False
CRSS,2024,accident.csv,47,RELJCT2,candidate_feature,crash_context,False,False,False,True,False,False,False,False,False,False,False
CRSS,2024,accident.csv,48,RELJCT2NAME,descriptive_label,crash_context,False,True,False,False,False,True,False,False,False,False,False
CRSS,2024,accident.csv,49,RELJCT2_IM,candidate_feature,crash_context,False,False,False,True,False,False,False,False,False,False,False
CRSS,2024,accident.csv,50,RELJCT2_IMNAME,descriptive_label,crash_context,False,True,False,False,False,True,False,False,False,False,False
CRSS,2024,accident.csv,51,TYP_INT,candidate_feature,crash_context,False,False,False,True,False,False,False,False,False,False,False
CRSS,2024,accident.csv,52,TYP_INTNAME,descriptive_label,crash_context,False,True,False,False,False,True,False,False,False,False,False
CRSS,2024,accident.csv,53,REL_ROAD,candidate_feature,crash_context,False,False,False,True,False,False,False,False,False,False,False
CRSS,2024,accident.csv,54,REL_ROADNAME,descriptive_label,crash_context,False,True,False,False,False,True,False,False,False,False,False
CRSS,2024,accident.csv,55,WRK_ZONE,candidate_feature,crash_context,False,False,False,True,False,False,False,False,False,False,False
CRSS,2024,accident.csv,56,WRK_ZONENAME,descriptive_label,crash_context,False,True,False,False,False,True,False,False,False,False,False
CRSS,2024,accident.csv,57,LGT_COND,candidate_feature,crash_context,False,False,False,True,False,False,False,False,False,False,False
CRSS,2024,accident.csv,58,LGT_CONDNAME,descriptive_label,crash_context,False,True,False,False,False,True,False,False,False,False,False
CRSS,2024,accident.csv,59,LGTCON_IM,candidate_feature,crash_context,False,False,False,True,False,False,False,False,False,False,False
CRSS,2024,accident.csv,60,LGTCON_IMNAME,descriptive_label,crash_context,False,True,False,False,False,True,False,False,False,False,False
CRSS,2024,accident.csv,61,WEATHER,candidate_feature,crash_context,False,False,False,True,False,False,False,False,False,False,False
CRSS,2024,accident.csv,62,WEATHERNAME,descriptive_label,crash_context,False,True,False,False,False,True,False,False,False,False,False
CRSS,2024,accident.csv,63,WEATHR_IM,candidate_feature,crash_context,False,False,False,True,False,False,False,False,False,False,False
CRSS,2024,accident.csv,64,WEATHR_IMNAME,descriptive_label,crash_context,False,True,False,False,False,True,False,False,False,False,False
CRSS,2024,accident.csv,65,SCH_BUS,candidate_feature,crash_context,False,False,False,True,False,False,False,False,False,False,False
CRSS,2024,accident.csv,66,SCH_BUSNAME,descriptive_label,crash_context,False,True,False,False,False,True,False,False,False,False,False
CRSS,2024,accident.csv,67,INT_HWY,candidate_feature,crash_context,False,False,False,True,False,False,False,False,False,False,False
CRSS,2024,accident.csv,68,INT_HWYNAME,descriptive_label,crash_context,False,True,False,False,False,True,False,False,False,False,False
CRSS,2024,accident.csv,69,MAX_SEV,candidate_target,crash_context,False,False,False,False,True,False,False,False,False,False,False
CRSS,2024,accident.csv,70,MAX_SEVNAME,descriptive_label,crash_context,False,True,False,False,False,True,False,False,False,False,False
CRSS,2024,accident.csv,71,MAXSEV_IM,candidate_target,crash_context,False,False,False,False,True,False,False,False,False,False,False
CRSS,2024,accident.csv,72,MAXSEV_IMNAME,descriptive_label,crash_context,False,True,False,False,False,True,False,False,False,False,False
CRSS,2024,accident.csv,73,NUM_INJ,candidate_target,crash_context,False,False,False,False,True,False,False,True,False,False,True
CRSS,2024,accident.csv,74,NUM_INJNAME,descriptive_label,crash_context,False,True,False,False,False,True,False,True,False,False,False
CRSS,2024,accident.csv,75,NO_INJ_IM,candidate_target,crash_context,False,False,False,False,True,False,False,True,False,False,True
CRSS,2024,accident.csv,76,NO_INJ_IMNAME,descriptive_label,crash_context,False,True,False,False,False,True,False,True,False,False,False
CRSS,2024,accident.csv,77,ALCOHOL,candidate_feature,crash_context,False,False,False,True,False,False,False,True,False,False,True
CRSS,2024,accident.csv,78,ALCOHOLNAME,descriptive_label,crash_context,False,True,False,False,False,True,False,True,False,False,False
CRSS,2024,accident.csv,79,ALCHL_IM,candidate_feature,crash_context,False,False,False,True,False,False,False,True,False,False,True
CRSS,2024,accident.csv,80,ALCHL_IMNAME,descriptive_label,crash_context,False,True,False,False,False,True,False,True,False,False,False
CRSS,2024,cevent.csv,1,CASENUM,identifier,event_sequence,True,False,False,False,False,True,False,False,False,False,False
CRSS,2024,cevent.csv,2,PSU,survey_design,event_sequence,False,False,True,False,False,False,False,False,False,False,False
CRSS,2024,cevent.csv,3,PSU_VAR,survey_design,event_sequence,False,False,True,False,False,False,False,False,False,False,False
CRSS,2024,cevent.csv,4,PSUSTRAT,survey_design,event_sequence,False,False,True,False,False,False,False,False,False,False,False
CRSS,2024,cevent.csv,5,REGION,identifier,event_sequence,True,False,False,False,False,True,False,False,False,False,False
CRSS,2024,cevent.csv,6,REGIONNAME,descriptive_label,event_sequence,False,True,False,False,False,True,False,False,False,False,False
CRSS,2024,cevent.csv,7,URBANICITY,candidate_feature,event_sequence,False,False,False,True,False,False,False,False,False,False,False
CRSS,2024,cevent.csv,8,URBANICITYNAME,descriptive_label,event_sequence,False,True,False,False,False,True,False,False,False,False,False
CRSS,2024,cevent.csv,9,STRATUM,survey_design,event_sequence,False,False,True,False,False,False,False,False,False,False,False
CRSS,2024,cevent.csv,10,STRATUMNAME,descriptive_label,event_sequence,False,True,False,False,False,True,False,False,False,False,False
CRSS,2024,cevent.csv,11,PJ,survey_design,event_sequence,False,False,True,False,False,False,False,False,False,False,False
CRSS,2024,cevent.csv,12,WEIGHT,survey_design,event_sequence,False,False,True,False,False,False,False,False,False,False,False
CRSS,2024,cevent.csv,13,EVENTNUM,relational_identifier,event_sequence,True,False,False,False,False,True,True,False,False,True,False
CRSS,2024,cevent.csv,14,VNUMBER1,relational_identifier,event_sequence,True,False,False,False,False,True,False,False,False,True,False
CRSS,2024,cevent.csv,15,AOI1,relational_identifier,event_sequence,True,False,False,False,False,True,True,False,False,True,False
CRSS,2024,cevent.csv,16,AOI1NAME,descriptive_label,event_sequence,False,True,False,False,False,True,True,False,False,True,False
CRSS,2024,cevent.csv,17,SOE,relational_identifier,event_sequence,True,False,False,False,False,True,True,False,False,True,False
CRSS,2024,cevent.csv,18,SOENAME,descriptive_label,event_sequence,False,True,False,False,False,True,True,False,False,True,False
CRSS,2024,cevent.csv,19,VNUMBER2,relational_identifier,event_sequence,True,False,False,False,False,True,False,False,False,True,False
CRSS,2024,cevent.csv,20,VNUMBER2NAME,descriptive_label,event_sequence,False,True,False,False,False,True,False,False,False,True,False
CRSS,2024,cevent.csv,21,AOI2,relational_identifier,event_sequence,True,False,False,False,False,True,True,False,False,True,False
CRSS,2024,cevent.csv,22,AOI2NAME,descriptive_label,event_sequence,False,True,False,False,False,True,True,False,False,True,False
CRSS,2024,crashrf.csv,1,CASENUM,identifier,risk_factor,True,False,False,False,False,True,False,False,False,False,False
CRSS,2024,crashrf.csv,2,PSU,survey_design,risk_factor,False,False,True,False,False,False,False,False,False,False,False
CRSS,2024,crashrf.csv,3,PSU_VAR,survey_design,risk_factor,False,False,True,False,False,False,False,False,False,False,False
CRSS,2024,crashrf.csv,4,PSUSTRAT,survey_design,risk_factor,False,False,True,False,False,False,False,False,False,False,False
CRSS,2024,crashrf.csv,5,REGION,identifier,risk_factor,True,False,False,False,False,True,False,False,False,False,False
CRSS,2024,crashrf.csv,6,REGIONNAME,descriptive_label,risk_factor,False,True,False,False,False,True,False,False,False,False,False
CRSS,2024,crashrf.csv,7,URBANICITY,candidate_feature,risk_factor,False,False,False,True,False,False,False,False,False,False,False
CRSS,2024,crashrf.csv,8,URBANICITYNAME,descriptive_label,risk_factor,False,True,False,False,False,True,False,False,False,False,False
CRSS,2024,crashrf.csv,9,STRATUM,survey_design,risk_factor,False,False,True,False,False,False,False,False,False,False,False
CRSS,2024,crashrf.csv,10,STRATUMNAME,descriptive_label,risk_factor,False,True,False,False,False,True,False,False,False,False,False
CRSS,2024,crashrf.csv,11,PJ,survey_design,risk_factor,False,False,True,False,False,False,False,False,False,False,False
CRSS,2024,crashrf.csv,12,WEIGHT,survey_design,risk_factor,False,False,True,False,False,False,False,False,False,False,False
CRSS,2024,crashrf.csv,13,CRASHRF,candidate_feature,risk_factor,False,False,False,True,False,False,False,False,False,False,False
CRSS,2024,crashrf.csv,14,CRASHRFNAME,descriptive_label,risk_factor,False,True,False,False,False,True,False,False,False,False,False
CRSS,2024,damage.csv,1,CASENUM,identifier,vehicle,True,False,False,False,False,True,False,False,False,False,False
CRSS,2024,damage.csv,2,VEH_NO,relational_identifier,vehicle,True,False,False,False,False,True,False,False,True,False,False
CRSS,2024,damage.csv,3,PSU,survey_design,vehicle,False,False,True,False,False,False,False,False,False,False,False
CRSS,2024,damage.csv,4,PSU_VAR,survey_design,vehicle,False,False,True,False,False,False,False,False,False,False,False
CRSS,2024,damage.csv,5,PSUSTRAT,survey_design,vehicle,False,False,True,False,False,False,False,False,False,False,False
CRSS,2024,damage.csv,6,REGION,identifier,vehicle,True,False,False,False,False,True,False,False,False,False,False
CRSS,2024,damage.csv,7,REGIONNAME,descriptive_label,vehicle,False,True,False,False,False,True,False,False,False,False,False
CRSS,2024,damage.csv,8,URBANICITY,candidate_feature,vehicle,False,False,False,True,False,False,False,False,False,False,False
CRSS,2024,damage.csv,9,URBANICITYNAME,descriptive_label,vehicle,False,True,False,False,False,True,False,False,False,False,False
CRSS,2024,damage.csv,10,STRATUM,survey_design,vehicle,False,False,True,False,False,False,False,False,False,False,False
CRSS,2024,damage.csv,11,STRATUMNAME,descriptive_label,vehicle,False,True,False,False,False,True,False,False,False,False,False
CRSS,2024,damage.csv,12,PJ,survey_design,vehicle,False,False,True,False,False,False,False,False,False,False,False
CRSS,2024,damage.csv,13,WEIGHT,survey_design,vehicle,False,False,True,False,False,False,False,False,False,False,False
CRSS,2024,damage.csv,14,DAMAGE,candidate_feature,vehicle,False,False,False,True,False,False,False,True,False,False,True
CRSS,2024,damage.csv,15,DAMAGENAME,descriptive_label,vehicle,False,True,False,False,False,True,False,True,False,False,False
CRSS,2024,distract.csv,1,CASENUM,identifier,vehicle,True,False,False,False,False,True,False,False,False,False,False
CRSS,2024,distract.csv,2,VEH_NO,relational_identifier,vehicle,True,False,False,False,False,True,False,False,True,False,False
CRSS,2024,distract.csv,3,PSU,survey_design,vehicle,False,False,True,False,False,False,False,False,False,False,False
CRSS,2024,distract.csv,4,PSU_VAR,survey_design,vehicle,False,False,True,False,False,False,False,False,False,False,False
CRSS,2024,distract.csv,5,PSUSTRAT,survey_design,vehicle,False,False,True,False,False,False,False,False,False,False,False
CRSS,2024,distract.csv,6,REGION,identifier,vehicle,True,False,False,False,False,True,False,False,False,False,False
CRSS,2024,distract.csv,7,REGIONNAME,descriptive_label,vehicle,False,True,False,False,False,True,False,False,False,False,False
CRSS,2024,distract.csv,8,URBANICITY,candidate_feature,vehicle,False,False,False,True,False,False,False,False,False,False,False
CRSS,2024,distract.csv,9,URBANICITYNAME,descriptive_label,vehicle,False,True,False,False,False,True,False,False,False,False,False
CRSS,2024,distract.csv,10,STRATUM,survey_design,vehicle,False,False,True,False,False,False,False,False,False,False,False
CRSS,2024,distract.csv,11,STRATUMNAME,descriptive_label,vehicle,False,True,False,False,False,True,False,False,False,False,False
CRSS,2024,distract.csv,12,PJ,survey_design,vehicle,False,False,True,False,False,False,False,False,False,False,False
CRSS,2024,distract.csv,13,WEIGHT,survey_design,vehicle,False,False,True,False,False,False,False,False,False,False,False
CRSS,2024,distract.csv,14,DRDISTRACT,candidate_feature,vehicle,False,False,False,True,False,False,False,False,False,False,False
CRSS,2024,distract.csv,15,DRDISTRACTNAME,descriptive_label,vehicle,False,True,False,False,False,True,False,False,False,False,False
CRSS,2024,drimpair.csv,1,CASENUM,identifier,vehicle,True,False,False,False,False,True,False,False,False,False,False
CRSS,2024,drimpair.csv,2,VEH_NO,relational_identifier,vehicle,True,False,False,False,False,True,False,False,True,False,False
CRSS,2024,drimpair.csv,3,PSU,survey_design,vehicle,False,False,True,False,False,False,False,False,False,False,False
CRSS,2024,drimpair.csv,4,PSU_VAR,survey_design,vehicle,False,False,True,False,False,False,False,False,False,False,False
CRSS,2024,drimpair.csv,5,PSUSTRAT,survey_design,vehicle,False,False,True,False,False,False,False,False,False,False,False
CRSS,2024,drimpair.csv,6,REGION,identifier,vehicle,True,False,False,False,False,True,False,False,False,False,False
CRSS,2024,drimpair.csv,7,REGIONNAME,descriptive_label,vehicle,False,True,False,False,False,True,False,False,False,False,False
CRSS,2024,drimpair.csv,8,URBANICITY,candidate_feature,vehicle,False,False,False,True,False,False,False,False,False,False,False
CRSS,2024,drimpair.csv,9,URBANICITYNAME,descriptive_label,vehicle,False,True,False,False,False,True,False,False,False,False,False
CRSS,2024,drimpair.csv,10,STRATUM,survey_design,vehicle,False,False,True,False,False,False,False,False,False,False,False
CRSS,2024,drimpair.csv,11,STRATUMNAME,descriptive_label,vehicle,False,True,False,False,False,True,False,False,False,False,False
CRSS,2024,drimpair.csv,12,PJ,survey_design,vehicle,False,False,True,False,False,False,False,False,False,False,False
CRSS,2024,drimpair.csv,13,WEIGHT,survey_design,vehicle,False,False,True,False,False,False,False,False,False,False,False
CRSS,2024,drimpair.csv,14,DRIMPAIR,candidate_feature,vehicle,False,False,False,True,False,False,False,False,False,False,False
CRSS,2024,drimpair.csv,15,DRIMPAIRNAME,descriptive_label,vehicle,False,True,False,False,False,True,False,False,False,False,False
CRSS,2024,driverrf.csv,1,CASENUM,identifier,vehicle,True,False,False,False,False,True,False,False,False,False,False
CRSS,2024,driverrf.csv,2,VEH_NO,relational_identifier,vehicle,True,False,False,False,False,True,False,False,True,False,False
CRSS,2024,driverrf.csv,3,PSU,survey_design,vehicle,False,False,True,False,False,False,False,False,False,False,False
CRSS,2024,driverrf.csv,4,PSU_VAR,survey_design,vehicle,False,False,True,False,False,False,False,False,False,False,False
CRSS,2024,driverrf.csv,5,PSUSTRAT,survey_design,vehicle,False,False,True,False,False,False,False,False,False,False,False
CRSS,2024,driverrf.csv,6,REGION,identifier,vehicle,True,False,False,False,False,True,False,False,False,False,False
CRSS,2024,driverrf.csv,7,REGIONNAME,descriptive_label,vehicle,False,True,False,False,False,True,False,False,False,False,False
CRSS,2024,driverrf.csv,8,URBANICITY,candidate_feature,vehicle,False,False,False,True,False,False,False,False,False,False,False
CRSS,2024,driverrf.csv,9,URBANICITYNAME,descriptive_label,vehicle,False,True,False,False,False,True,False,False,False,False,False
CRSS,2024,driverrf.csv,10,STRATUM,survey_design,vehicle,False,False,True,False,False,False,False,False,False,False,False
CRSS,2024,driverrf.csv,11,STRATUMNAME,descriptive_label,vehicle,False,True,False,False,False,True,False,False,False,False,False
CRSS,2024,driverrf.csv,12,PJ,survey_design,vehicle,False,False,True,False,False,False,False,False,False,False,False
CRSS,2024,driverrf.csv,13,WEIGHT,survey_design,vehicle,False,False,True,False,False,False,False,False,False,False,False
CRSS,2024,driverrf.csv,14,DRIVERRF,candidate_feature,vehicle,False,False,False,True,False,False,False,False,False,False,False
CRSS,2024,driverrf.csv,15,DRIVERRFNAME,descriptive_label,vehicle,False,True,False,False,False,True,False,False,False,False,False
CRSS,2024,factor.csv,1,CASENUM,identifier,vehicle,True,False,False,False,False,True,False,False,False,False,False
CRSS,2024,factor.csv,2,VEH_NO,relational_identifier,vehicle,True,False,False,False,False,True,False,False,True,False,False
CRSS,2024,factor.csv,3,PSU,survey_design,vehicle,False,False,True,False,False,False,False,False,False,False,False
CRSS,2024,factor.csv,4,PSU_VAR,survey_design,vehicle,False,False,True,False,False,False,False,False,False,False,False
CRSS,2024,factor.csv,5,PSUSTRAT,survey_design,vehicle,False,False,True,False,False,False,False,False,False,False,False
CRSS,2024,factor.csv,6,REGION,identifier,vehicle,True,False,False,False,False,True,False,False,False,False,False
CRSS,2024,factor.csv,7,REGIONNAME,descriptive_label,vehicle,False,True,False,False,False,True,False,False,False,False,False
CRSS,2024,factor.csv,8,URBANICITY,candidate_feature,vehicle,False,False,False,True,False,False,False,False,False,False,False
CRSS,2024,factor.csv,9,URBANICITYNAME,descriptive_label,vehicle,False,True,False,False,False,True,False,False,False,False,False
CRSS,2024,factor.csv,10,STRATUM,survey_design,vehicle,False,False,True,False,False,False,False,False,False,False,False
CRSS,2024,factor.csv,11,STRATUMNAME,descriptive_label,vehicle,False,True,False,False,False,True,False,False,False,False,False
CRSS,2024,factor.csv,12,PJ,survey_design,vehicle,False,False,True,False,False,False,False,False,False,False,False
CRSS,2024,factor.csv,13,WEIGHT,survey_design,vehicle,False,False,True,False,False,False,False,False,False,False,False
CRSS,2024,factor.csv,14,VEHICLECC,candidate_feature,vehicle,False,False,False,True,False,False,False,False,True,False,True
CRSS,2024,factor.csv,15,VEHICLECCNAME,descriptive_label,vehicle,False,True,False,False,False,True,False,False,True,False,False
CRSS,2024,maneuver.csv,1,CASENUM,identifier,vehicle,True,False,False,False,False,True,False,False,False,False,False
CRSS,2024,maneuver.csv,2,VEH_NO,relational_identifier,vehicle,True,False,False,False,False,True,False,False,True,False,False
CRSS,2024,maneuver.csv,3,PSU,survey_design,vehicle,False,False,True,False,False,False,False,False,False,False,False
CRSS,2024,maneuver.csv,4,PSU_VAR,survey_design,vehicle,False,False,True,False,False,False,False,False,False,False,False
CRSS,2024,maneuver.csv,5,PSUSTRAT,survey_design,vehicle,False,False,True,False,False,False,False,False,False,False,False
CRSS,2024,maneuver.csv,6,REGION,identifier,vehicle,True,False,False,False,False,True,False,False,False,False,False
CRSS,2024,maneuver.csv,7,REGIONNAME,descriptive_label,vehicle,False,True,False,False,False,True,False,False,False,False,False
CRSS,2024,maneuver.csv,8,URBANICITY,candidate_feature,vehicle,False,False,False,True,False,False,False,False,False,False,False
CRSS,2024,maneuver.csv,9,URBANICITYNAME,descriptive_label,vehicle,False,True,False,False,False,True,False,False,False,False,False
CRSS,2024,maneuver.csv,10,STRATUM,survey_design,vehicle,False,False,True,False,False,False,False,False,False,False,False
CRSS,2024,maneuver.csv,11,STRATUMNAME,descriptive_label,vehicle,False,True,False,False,False,True,False,False,False,False,False
CRSS,2024,maneuver.csv,12,PJ,survey_design,vehicle,False,False,True,False,False,False,False,False,False,False,False
CRSS,2024,maneuver.csv,13,WEIGHT,survey_design,vehicle,False,False,True,False,False,False,False,False,False,False,False
CRSS,2024,maneuver.csv,14,MANEUVER,candidate_feature,vehicle,False,False,False,True,False,False,False,False,False,False,False
CRSS,2024,maneuver.csv,15,MANEUVERNAME,descriptive_label,vehicle,False,True,False,False,False,True,False,False,False,False,False
CRSS,2024,nmcrash.csv,1,CASENUM,identifier,occupant_person,True,False,False,False,False,True,False,False,False,False,False
CRSS,2024,nmcrash.csv,2,VEH_NO,relational_identifier,occupant_person,True,False,False,False,False,True,False,False,True,False,False
CRSS,2024,nmcrash.csv,3,PER_NO,relational_identifier,occupant_person,True,False,False,False,False,True,False,False,False,False,False
CRSS,2024,nmcrash.csv,4,PSU,survey_design,occupant_person,False,False,True,False,False,False,False,False,False,False,False
CRSS,2024,nmcrash.csv,5,PSU_VAR,survey_design,occupant_person,False,False,True,False,False,False,False,False,False,False,False
CRSS,2024,nmcrash.csv,6,PSUSTRAT,survey_design,occupant_person,False,False,True,False,False,False,False,False,False,False,False
CRSS,2024,nmcrash.csv,7,REGION,identifier,occupant_person,True,False,False,False,False,True,False,False,False,False,False
CRSS,2024,nmcrash.csv,8,REGIONNAME,descriptive_label,occupant_person,False,True,False,False,False,True,False,False,False,False,False
CRSS,2024,nmcrash.csv,9,URBANICITY,candidate_feature,occupant_person,False,False,False,True,False,False,False,False,False,False,False
CRSS,2024,nmcrash.csv,10,URBANICITYNAME,descriptive_label,occupant_person,False,True,False,False,False,True,False,False,False,False,False
CRSS,2024,nmcrash.csv,11,STRATUM,survey_design,occupant_person,False,False,True,False,False,False,False,False,False,False,False
CRSS,2024,nmcrash.csv,12,STRATUMNAME,descriptive_label,occupant_person,False,True,False,False,False,True,False,False,False,False,False
CRSS,2024,nmcrash.csv,13,PJ,survey_design,occupant_person,False,False,True,False,False,False,False,False,False,False,False
CRSS,2024,nmcrash.csv,14,WEIGHT,survey_design,occupant_person,False,False,True,False,False,False,False,False,False,False,False
CRSS,2024,nmcrash.csv,15,NMCC,candidate_feature,occupant_person,False,False,False,True,False,False,False,False,False,False,False
CRSS,2024,nmcrash.csv,16,NMCCNAME,descriptive_label,occupant_person,False,True,False,False,False,True,False,False,False,False,False
CRSS,2024,nmdistract.csv,1,CASENUM,identifier,occupant_person,True,False,False,False,False,True,False,False,False,False,False
CRSS,2024,nmdistract.csv,2,VEH_NO,relational_identifier,occupant_person,True,False,False,False,False,True,False,False,True,False,False
CRSS,2024,nmdistract.csv,3,PER_NO,relational_identifier,occupant_person,True,False,False,False,False,True,False,False,False,False,False
CRSS,2024,nmdistract.csv,4,PSU,survey_design,occupant_person,False,False,True,False,False,False,False,False,False,False,False
CRSS,2024,nmdistract.csv,5,PSU_VAR,survey_design,occupant_person,False,False,True,False,False,False,False,False,False,False,False
CRSS,2024,nmdistract.csv,6,PSUSTRAT,survey_design,occupant_person,False,False,True,False,False,False,False,False,False,False,False
CRSS,2024,nmdistract.csv,7,REGION,identifier,occupant_person,True,False,False,False,False,True,False,False,False,False,False
CRSS,2024,nmdistract.csv,8,REGIONNAME,descriptive_label,occupant_person,False,True,False,False,False,True,False,False,False,False,False
CRSS,2024,nmdistract.csv,9,URBANICITY,candidate_feature,occupant_person,False,False,False,True,False,False,False,False,False,False,False
CRSS,2024,nmdistract.csv,10,URBANICITYNAME,descriptive_label,occupant_person,False,True,False,False,False,True,False,False,False,False,False
CRSS,2024,nmdistract.csv,11,STRATUM,survey_design,occupant_person,False,False,True,False,False,False,False,False,False,False,False
CRSS,2024,nmdistract.csv,12,STRATUMNAME,descriptive_label,occupant_person,False,True,False,False,False,True,False,False,False,False,False
CRSS,2024,nmdistract.csv,13,PJ,survey_design,occupant_person,False,False,True,False,False,False,False,False,False,False,False
CRSS,2024,nmdistract.csv,14,WEIGHT,survey_design,occupant_person,False,False,True,False,False,False,False,False,False,False,False
CRSS,2024,nmdistract.csv,15,NMDISTRACT,candidate_feature,occupant_person,False,False,False,True,False,False,False,False,False,False,False
CRSS,2024,nmdistract.csv,16,NMDISTRACTNAME,descriptive_label,occupant_person,False,True,False,False,False,True,False,False,False,False,False
CRSS,2024,nmimpair.csv,1,CASENUM,identifier,occupant_person,True,False,False,False,False,True,False,False,False,False,False
CRSS,2024,nmimpair.csv,2,VEH_NO,relational_identifier,occupant_person,True,False,False,False,False,True,False,False,True,False,False
CRSS,2024,nmimpair.csv,3,PER_NO,relational_identifier,occupant_person,True,False,False,False,False,True,False,False,False,False,False
CRSS,2024,nmimpair.csv,4,PSU,survey_design,occupant_person,False,False,True,False,False,False,False,False,False,False,False
CRSS,2024,nmimpair.csv,5,PSU_VAR,survey_design,occupant_person,False,False,True,False,False,False,False,False,False,False,False
CRSS,2024,nmimpair.csv,6,PSUSTRAT,survey_design,occupant_person,False,False,True,False,False,False,False,False,False,False,False
CRSS,2024,nmimpair.csv,7,REGION,identifier,occupant_person,True,False,False,False,False,True,False,False,False,False,False
CRSS,2024,nmimpair.csv,8,REGIONNAME,descriptive_label,occupant_person,False,True,False,False,False,True,False,False,False,False,False
CRSS,2024,nmimpair.csv,9,URBANICITY,candidate_feature,occupant_person,False,False,False,True,False,False,False,False,False,False,False
CRSS,2024,nmimpair.csv,10,URBANICITYNAME,descriptive_label,occupant_person,False,True,False,False,False,True,False,False,False,False,False
CRSS,2024,nmimpair.csv,11,STRATUM,survey_design,occupant_person,False,False,True,False,False,False,False,False,False,False,False
CRSS,2024,nmimpair.csv,12,STRATUMNAME,descriptive_label,occupant_person,False,True,False,False,False,True,False,False,False,False,False
CRSS,2024,nmimpair.csv,13,PJ,survey_design,occupant_person,False,False,True,False,False,False,False,False,False,False,False
CRSS,2024,nmimpair.csv,14,WEIGHT,survey_design,occupant_person,False,False,True,False,False,False,False,False,False,False,False
CRSS,2024,nmimpair.csv,15,NMIMPAIR,candidate_feature,occupant_person,False,False,False,True,False,False,False,False,False,False,False
CRSS,2024,nmimpair.csv,16,NMIMPAIRNAME,descriptive_label,occupant_person,False,True,False,False,False,True,False,False,False,False,False
CRSS,2024,nmprior.csv,1,CASENUM,identifier,occupant_person,True,False,False,False,False,True,False,False,False,False,False
CRSS,2024,nmprior.csv,2,VEH_NO,relational_identifier,occupant_person,True,False,False,False,False,True,False,False,True,False,False
CRSS,2024,nmprior.csv,3,PER_NO,relational_identifier,occupant_person,True,False,False,False,False,True,False,False,False,False,False
CRSS,2024,nmprior.csv,4,PSU,survey_design,occupant_person,False,False,True,False,False,False,False,False,False,False,False
CRSS,2024,nmprior.csv,5,PSU_VAR,survey_design,occupant_person,False,False,True,False,False,False,False,False,False,False,False
CRSS,2024,nmprior.csv,6,PSUSTRAT,survey_design,occupant_person,False,False,True,False,False,False,False,False,False,False,False
CRSS,2024,nmprior.csv,7,REGION,identifier,occupant_person,True,False,False,False,False,True,False,False,False,False,False
CRSS,2024,nmprior.csv,8,REGIONNAME,descriptive_label,occupant_person,False,True,False,False,False,True,False,False,False,False,False
CRSS,2024,nmprior.csv,9,URBANICITY,candidate_feature,occupant_person,False,False,False,True,False,False,False,False,False,False,False
CRSS,2024,nmprior.csv,10,URBANICITYNAME,descriptive_label,occupant_person,False,True,False,False,False,True,False,False,False,False,False
CRSS,2024,nmprior.csv,11,STRATUM,survey_design,occupant_person,False,False,True,False,False,False,False,False,False,False,False
CRSS,2024,nmprior.csv,12,STRATUMNAME,descriptive_label,occupant_person,False,True,False,False,False,True,False,False,False,False,False
CRSS,2024,nmprior.csv,13,PJ,survey_design,occupant_person,False,False,True,False,False,False,False,False,False,False,False
CRSS,2024,nmprior.csv,14,WEIGHT,survey_design,occupant_person,False,False,True,False,False,False,False,False,False,False,False
CRSS,2024,nmprior.csv,15,NMACTION,candidate_feature,occupant_person,False,False,False,True,False,False,False,False,False,False,False
CRSS,2024,nmprior.csv,16,NMACTIONNAME,descriptive_label,occupant_person,False,True,False,False,False,True,False,False,False,False,False
CRSS,2024,parkwork.csv,1,CASENUM,identifier,special_vehicle,True,False,False,False,False,True,False,False,False,False,False
CRSS,2024,parkwork.csv,2,VEH_NO,relational_identifier,special_vehicle,True,False,False,False,False,True,False,False,True,False,False
CRSS,2024,parkwork.csv,3,PSU,survey_design,special_vehicle,False,False,True,False,False,False,False,False,False,False,False
CRSS,2024,parkwork.csv,4,PSU_VAR,survey_design,special_vehicle,False,False,True,False,False,False,False,False,False,False,False
CRSS,2024,parkwork.csv,5,PSUSTRAT,survey_design,special_vehicle,False,False,True,False,False,False,False,False,False,False,False
CRSS,2024,parkwork.csv,6,REGION,identifier,special_vehicle,True,False,False,False,False,True,False,False,False,False,False
CRSS,2024,parkwork.csv,7,REGIONNAME,descriptive_label,special_vehicle,False,True,False,False,False,True,False,False,False,False,False
CRSS,2024,parkwork.csv,8,URBANICITY,candidate_feature,special_vehicle,False,False,False,True,False,False,False,False,False,False,False
CRSS,2024,parkwork.csv,9,URBANICITYNAME,descriptive_label,special_vehicle,False,True,False,False,False,True,False,False,False,False,False
CRSS,2024,parkwork.csv,10,STRATUM,survey_design,special_vehicle,False,False,True,False,False,False,False,False,False,False,False
CRSS,2024,parkwork.csv,11,STRATUMNAME,descriptive_label,special_vehicle,False,True,False,False,False,True,False,False,False,False,False
CRSS,2024,parkwork.csv,12,PJ,survey_design,special_vehicle,False,False,True,False,False,False,False,False,False,False,False
CRSS,2024,parkwork.csv,13,WEIGHT,survey_design,special_vehicle,False,False,True,False,False,False,False,False,False,False,False
CRSS,2024,parkwork.csv,14,PVE_FORMS,candidate_feature,special_vehicle,False,False,False,True,False,False,False,False,False,False,False
CRSS,2024,parkwork.csv,15,PMONTH,candidate_feature,special_vehicle,False,False,False,True,False,False,False,False,False,False,False
CRSS,2024,parkwork.csv,16,PMONTHNAME,descriptive_label,special_vehicle,False,True,False,False,False,True,False,False,False,False,False
CRSS,2024,parkwork.csv,17,PHOUR,candidate_feature,special_vehicle,False,False,False,True,False,False,False,False,False,False,False
CRSS,2024,parkwork.csv,18,PHOURNAME,descriptive_label,special_vehicle,False,True,False,False,False,True,False,False,False,False,False
CRSS,2024,parkwork.csv,19,PMINUTE,candidate_feature,special_vehicle,False,False,False,True,False,False,False,False,False,False,False
CRSS,2024,parkwork.csv,20,PMINUTENAME,descriptive_label,special_vehicle,False,True,False,False,False,True,False,False,False,False,False
CRSS,2024,parkwork.csv,21,PHARM_EV,candidate_feature,special_vehicle,False,False,False,True,False,False,False,False,False,True,True
CRSS,2024,parkwork.csv,22,PHARM_EVNAME,descriptive_label,special_vehicle,False,True,False,False,False,True,False,False,False,True,False
CRSS,2024,parkwork.csv,23,PMAN_COLL,candidate_feature,special_vehicle,False,False,False,True,False,False,False,False,False,True,True
CRSS,2024,parkwork.csv,24,PMAN_COLLNAME,descriptive_label,special_vehicle,False,True,False,False,False,True,False,False,False,True,False
CRSS,2024,parkwork.csv,25,PNUMOCCS,candidate_feature,special_vehicle,False,False,False,True,False,False,False,False,False,False,False
CRSS,2024,parkwork.csv,26,PNUMOCCSNAME,descriptive_label,special_vehicle,False,True,False,False,False,True,False,False,False,False,False
CRSS,2024,parkwork.csv,27,PTYPE,candidate_feature,special_vehicle,False,False,False,True,False,False,False,False,False,False,False
CRSS,2024,parkwork.csv,28,PTYPENAME,descriptive_label,special_vehicle,False,True,False,False,False,True,False,False,False,False,False
CRSS,2024,parkwork.csv,29,PHIT_RUN,candidate_feature,special_vehicle,False,False,False,True,False,False,False,False,False,False,False
CRSS,2024,parkwork.csv,30,PHIT_RUNNAME,descriptive_label,special_vehicle,False,True,False,False,False,True,False,False,False,False,False
CRSS,2024,parkwork.csv,31,PVIN,candidate_feature,special_vehicle,False,False,False,True,False,False,False,False,True,False,True
CRSS,2024,parkwork.csv,32,PVINNAME,descriptive_label,special_vehicle,False,True,False,False,False,True,False,False,True,False,False
CRSS,2024,parkwork.csv,33,PMODYEAR,candidate_feature,special_vehicle,False,False,False,True,False,False,False,False,False,False,False
CRSS,2024,parkwork.csv,34,PMODYEARNAME,descriptive_label,special_vehicle,False,True,False,False,False,True,False,False,False,False,False
CRSS,2024,parkwork.csv,35,PVPICMAKE,candidate_feature,special_vehicle,False,False,False,True,False,False,False,False,False,False,False
CRSS,2024,parkwork.csv,36,PVPICMAKENAME,descriptive_label,special_vehicle,False,True,False,False,False,True,False,False,False,False,False
CRSS,2024,parkwork.csv,37,PVPICMODEL,candidate_feature,special_vehicle,False,False,False,True,False,False,False,False,False,False,False
CRSS,2024,parkwork.csv,38,PVPICMODELNAME,descriptive_label,special_vehicle,False,True,False,False,False,True,False,False,False,False,False
CRSS,2024,parkwork.csv,39,PVPICBODYCLASS,candidate_feature,special_vehicle,False,False,False,True,False,False,False,False,False,False,False
CRSS,2024,parkwork.csv,40,PVPICBODYCLASSNAME,descriptive_label,special_vehicle,False,True,False,False,False,True,False,False,False,False,False
CRSS,2024,parkwork.csv,41,PMAKE,candidate_feature,special_vehicle,False,False,False,True,False,False,False,False,False,False,False
CRSS,2024,parkwork.csv,42,PMAKENAME,descriptive_label,special_vehicle,False,True,False,False,False,True,False,False,False,False,False
CRSS,2024,parkwork.csv,43,PMODEL,candidate_feature,special_vehicle,False,False,False,True,False,False,False,False,False,False,False
CRSS,2024,parkwork.csv,44,PBODYTYP,candidate_feature,special_vehicle,False,False,False,True,False,False,False,True,False,False,True
CRSS,2024,parkwork.csv,45,PBODYTYPNAME,descriptive_label,special_vehicle,False,True,False,False,False,True,False,True,False,False,False
CRSS,2024,parkwork.csv,46,PICFINALBODY,candidate_feature,special_vehicle,False,False,False,True,False,False,False,False,False,False,False
CRSS,2024,parkwork.csv,47,PICFINALBODYNAME,descriptive_label,special_vehicle,False,True,False,False,False,True,False,False,False,False,False
CRSS,2024,parkwork.csv,48,PGVWR_FROM,candidate_feature,special_vehicle,False,False,False,True,False,False,False,False,False,False,False
CRSS,2024,parkwork.csv,49,PGVWR_FROMNAME,descriptive_label,special_vehicle,False,True,False,False,False,True,False,False,False,False,False
CRSS,2024,parkwork.csv,50,PGVWR_TO,candidate_feature,special_vehicle,False,False,False,True,False,False,False,False,False,False,False
CRSS,2024,parkwork.csv,51,PGVWR_TONAME,descriptive_label,special_vehicle,False,True,False,False,False,True,False,False,False,False,False
CRSS,2024,parkwork.csv,52,PTRAILER,candidate_feature,special_vehicle,False,False,False,True,False,False,False,False,False,False,False
CRSS,2024,parkwork.csv,53,PTRAILERNAME,descriptive_label,special_vehicle,False,True,False,False,False,True,False,False,False,False,False
CRSS,2024,parkwork.csv,54,PTRLR1VIN,candidate_feature,special_vehicle,False,False,False,True,False,False,False,False,True,False,True
CRSS,2024,parkwork.csv,55,PTRLR1VINNAME,descriptive_label,special_vehicle,False,True,False,False,False,True,False,False,True,False,False
CRSS,2024,parkwork.csv,56,PTRLR2VIN,candidate_feature,special_vehicle,False,False,False,True,False,False,False,False,True,False,True
CRSS,2024,parkwork.csv,57,PTRLR2VINNAME,descriptive_label,special_vehicle,False,True,False,False,False,True,False,False,True,False,False
CRSS,2024,parkwork.csv,58,PTRLR3VIN,candidate_feature,special_vehicle,False,False,False,True,False,False,False,False,True,False,True
CRSS,2024,parkwork.csv,59,PTRLR3VINNAME,descriptive_label,special_vehicle,False,True,False,False,False,True,False,False,True,False,False
CRSS,2024,parkwork.csv,60,PTRLR1GVWR,candidate_feature,special_vehicle,False,False,False,True,False,False,False,False,False,False,False
CRSS,2024,parkwork.csv,61,PTRLR1GVWRNAME,descriptive_label,special_vehicle,False,True,False,False,False,True,False,False,False,False,False
CRSS,2024,parkwork.csv,62,PTRLR2GVWR,candidate_feature,special_vehicle,False,False,False,True,False,False,False,False,False,False,False
CRSS,2024,parkwork.csv,63,PTRLR2GVWRNAME,descriptive_label,special_vehicle,False,True,False,False,False,True,False,False,False,False,False
CRSS,2024,parkwork.csv,64,PTRLR3GVWR,candidate_feature,special_vehicle,False,False,False,True,False,False,False,False,False,False,False
CRSS,2024,parkwork.csv,65,PTRLR3GVWRNAME,descriptive_label,special_vehicle,False,True,False,False,False,True,False,False,False,False,False
CRSS,2024,parkwork.csv,66,PMCARR_ID,candidate_feature,special_vehicle,False,False,False,True,False,False,False,False,False,False,False
CRSS,2024,parkwork.csv,67,PMCARR_IDNAME,descriptive_label,special_vehicle,False,True,False,False,False,True,False,False,False,False,False
CRSS,2024,parkwork.csv,68,PMCARR_I1,candidate_feature,special_vehicle,False,False,False,True,False,False,False,False,False,False,False
CRSS,2024,parkwork.csv,69,PMCARR_I1NAME,descriptive_label,special_vehicle,False,True,False,False,False,True,False,False,False,False,False
CRSS,2024,parkwork.csv,70,PMCARR_I2,candidate_feature,special_vehicle,False,False,False,True,False,False,False,False,False,False,False
CRSS,2024,parkwork.csv,71,PMCARR_I2NAME,descriptive_label,special_vehicle,False,True,False,False,False,True,False,False,False,False,False
CRSS,2024,parkwork.csv,72,PV_CONFIG,candidate_feature,special_vehicle,False,False,False,True,False,False,False,False,False,False,False
CRSS,2024,parkwork.csv,73,PV_CONFIGNAME,descriptive_label,special_vehicle,False,True,False,False,False,True,False,False,False,False,False
CRSS,2024,parkwork.csv,74,PCARGTYP,candidate_feature,special_vehicle,False,False,False,True,False,False,False,False,False,False,False
CRSS,2024,parkwork.csv,75,PCARGTYPNAME,descriptive_label,special_vehicle,False,True,False,False,False,True,False,False,False,False,False
CRSS,2024,parkwork.csv,76,PHAZ_INV,candidate_feature,special_vehicle,False,False,False,True,False,False,False,False,False,False,False
CRSS,2024,parkwork.csv,77,PHAZ_INVNAME,descriptive_label,special_vehicle,False,True,False,False,False,True,False,False,False,False,False
CRSS,2024,parkwork.csv,78,PHAZPLAC,candidate_feature,special_vehicle,False,False,False,True,False,False,False,False,False,False,False
CRSS,2024,parkwork.csv,79,PHAZPLACNAME,descriptive_label,special_vehicle,False,True,False,False,False,True,False,False,False,False,False
CRSS,2024,parkwork.csv,80,PHAZ_ID,candidate_feature,special_vehicle,False,False,False,True,False,False,False,False,False,False,False
CRSS,2024,parkwork.csv,81,PHAZ_IDNAME,descriptive_label,special_vehicle,False,True,False,False,False,True,False,False,False,False,False
CRSS,2024,parkwork.csv,82,PHAZ_CNO,candidate_feature,special_vehicle,False,False,False,True,False,False,False,False,False,False,False
CRSS,2024,parkwork.csv,83,PHAZ_CNONAME,descriptive_label,special_vehicle,False,True,False,False,False,True,False,False,False,False,False
CRSS,2024,parkwork.csv,84,PHAZ_REL,candidate_feature,special_vehicle,False,False,False,True,False,False,False,False,False,False,False
CRSS,2024,parkwork.csv,85,PHAZ_RELNAME,descriptive_label,special_vehicle,False,True,False,False,False,True,False,False,False,False,False
CRSS,2024,parkwork.csv,86,PBUS_USE,candidate_feature,special_vehicle,False,False,False,True,False,False,False,True,False,False,True
CRSS,2024,parkwork.csv,87,PBUS_USENAME,descriptive_label,special_vehicle,False,True,False,False,False,True,False,True,False,False,False
CRSS,2024,parkwork.csv,88,PSP_USE,candidate_feature,special_vehicle,False,False,False,True,False,False,False,False,False,False,False
CRSS,2024,parkwork.csv,89,PSP_USENAME,descriptive_label,special_vehicle,False,True,False,False,False,True,False,False,False,False,False
CRSS,2024,parkwork.csv,90,PEM_USE,candidate_feature,special_vehicle,False,False,False,True,False,False,False,False,False,False,False
CRSS,2024,parkwork.csv,91,PEM_USENAME,descriptive_label,special_vehicle,False,True,False,False,False,True,False,False,False,False,False
CRSS,2024,parkwork.csv,92,PUNDEROVERRIDE,candidate_feature,special_vehicle,False,False,False,True,False,False,False,False,False,False,False
CRSS,2024,parkwork.csv,93,PUNDEROVERRIDENAME,descriptive_label,special_vehicle,False,True,False,False,False,True,False,False,False,False,False
CRSS,2024,parkwork.csv,94,PIMPACT1,candidate_feature,special_vehicle,False,False,False,True,False,False,True,False,True,False,True
CRSS,2024,parkwork.csv,95,PIMPACT1NAME,descriptive_label,special_vehicle,False,True,False,False,False,True,True,False,True,False,False
CRSS,2024,parkwork.csv,96,PVEH_SEV,candidate_feature,special_vehicle,False,False,False,True,False,False,False,False,True,False,True
CRSS,2024,parkwork.csv,97,PVEH_SEVNAME,descriptive_label,special_vehicle,False,True,False,False,False,True,False,False,True,False,False
CRSS,2024,parkwork.csv,98,PTOWED,candidate_feature,special_vehicle,False,False,False,True,False,False,False,False,False,False,False
CRSS,2024,parkwork.csv,99,PTOWEDNAME,descriptive_label,special_vehicle,False,True,False,False,False,True,False,False,False,False,False
CRSS,2024,parkwork.csv,100,PM_HARM,candidate_feature,special_vehicle,False,False,False,True,False,False,False,False,False,False,False
CRSS,2024,parkwork.csv,101,PM_HARMNAME,descriptive_label,special_vehicle,False,True,False,False,False,True,False,False,False,False,False
CRSS,2024,parkwork.csv,102,PFIRE,candidate_feature,special_vehicle,False,False,False,True,False,False,False,False,True,False,True
CRSS,2024,parkwork.csv,103,PFIRENAME,descriptive_label,special_vehicle,False,True,False,False,False,True,False,False,True,False,False
CRSS,2024,parkwork.csv,104,PMAK_MOD,candidate_feature,special_vehicle,False,False,False,True,False,False,False,False,False,False,False
CRSS,2024,parkwork.csv,105,PMAK_MODNAME,descriptive_label,special_vehicle,False,True,False,False,False,True,False,False,False,False,False
CRSS,2024,pbtype.csv,1,CASENUM,identifier,occupant_person,True,False,False,False,False,True,False,False,False,False,False
CRSS,2024,pbtype.csv,2,VEH_NO,relational_identifier,occupant_person,True,False,False,False,False,True,False,False,True,False,False
CRSS,2024,pbtype.csv,3,PER_NO,relational_identifier,occupant_person,True,False,False,False,False,True,False,False,False,False,False
CRSS,2024,pbtype.csv,4,PSU,survey_design,occupant_person,False,False,True,False,False,False,False,False,False,False,False
CRSS,2024,pbtype.csv,5,PSU_VAR,survey_design,occupant_person,False,False,True,False,False,False,False,False,False,False,False
CRSS,2024,pbtype.csv,6,PSUSTRAT,survey_design,occupant_person,False,False,True,False,False,False,False,False,False,False,False
CRSS,2024,pbtype.csv,7,REGION,identifier,occupant_person,True,False,False,False,False,True,False,False,False,False,False
CRSS,2024,pbtype.csv,8,REGIONNAME,descriptive_label,occupant_person,False,True,False,False,False,True,False,False,False,False,False
CRSS,2024,pbtype.csv,9,URBANICITY,candidate_feature,occupant_person,False,False,False,True,False,False,False,False,False,False,False
CRSS,2024,pbtype.csv,10,URBANICITYNAME,descriptive_label,occupant_person,False,True,False,False,False,True,False,False,False,False,False
CRSS,2024,pbtype.csv,11,STRATUM,survey_design,occupant_person,False,False,True,False,False,False,False,False,False,False,False
CRSS,2024,pbtype.csv,12,STRATUMNAME,descriptive_label,occupant_person,False,True,False,False,False,True,False,False,False,False,False
CRSS,2024,pbtype.csv,13,PJ,survey_design,occupant_person,False,False,True,False,False,False,False,False,False,False,False
CRSS,2024,pbtype.csv,14,WEIGHT,survey_design,occupant_person,False,False,True,False,False,False,False,False,False,False,False
CRSS,2024,pbtype.csv,15,PBAGE,candidate_feature,occupant_person,False,False,False,True,False,False,False,True,False,False,True
CRSS,2024,pbtype.csv,16,PBAGENAME,descriptive_label,occupant_person,False,True,False,False,False,True,False,True,False,False,False
CRSS,2024,pbtype.csv,17,PBSEX,candidate_feature,occupant_person,False,False,False,True,False,False,False,True,False,False,True
CRSS,2024,pbtype.csv,18,PBSEXNAME,descriptive_label,occupant_person,False,True,False,False,False,True,False,True,False,False,False
CRSS,2024,pbtype.csv,19,PBPTYPE,candidate_feature,occupant_person,False,False,False,True,False,False,False,True,False,False,True
CRSS,2024,pbtype.csv,20,PBPTYPENAME,descriptive_label,occupant_person,False,True,False,False,False,True,False,True,False,False,False
CRSS,2024,pbtype.csv,21,PBCWALK,candidate_feature,occupant_person,False,False,False,True,False,False,False,True,False,False,True
CRSS,2024,pbtype.csv,22,PBCWALKNAME,descriptive_label,occupant_person,False,True,False,False,False,True,False,True,False,False,False
CRSS,2024,pbtype.csv,23,PBSWALK,candidate_feature,occupant_person,False,False,False,True,False,False,False,True,False,False,True
CRSS,2024,pbtype.csv,24,PBSWALKNAME,descriptive_label,occupant_person,False,True,False,False,False,True,False,True,False,False,False
CRSS,2024,pbtype.csv,25,PBSZONE,candidate_feature,occupant_person,False,False,False,True,False,False,False,True,False,False,True
CRSS,2024,pbtype.csv,26,PBSZONENAME,descriptive_label,occupant_person,False,True,False,False,False,True,False,True,False,False,False
CRSS,2024,pbtype.csv,27,PEDCTYPE,candidate_feature,occupant_person,False,False,False,True,False,False,False,True,False,False,True
CRSS,2024,pbtype.csv,28,PEDCTYPENAME,descriptive_label,occupant_person,False,True,False,False,False,True,False,True,False,False,False
CRSS,2024,pbtype.csv,29,BIKECTYPE,candidate_feature,occupant_person,False,False,False,True,False,False,False,True,False,False,True
CRSS,2024,pbtype.csv,30,BIKECTYPENAME,descriptive_label,occupant_person,False,True,False,False,False,True,False,True,False,False,False
CRSS,2024,pbtype.csv,31,PEDLOC,candidate_feature,occupant_person,False,False,False,True,False,False,False,True,False,False,True
CRSS,2024,pbtype.csv,32,PEDLOCNAME,descriptive_label,occupant_person,False,True,False,False,False,True,False,True,False,False,False
CRSS,2024,pbtype.csv,33,BIKELOC,candidate_feature,occupant_person,False,False,False,True,False,False,False,True,False,False,True
CRSS,2024,pbtype.csv,34,BIKELOCNAME,descriptive_label,occupant_person,False,True,False,False,False,True,False,True,False,False,False
CRSS,2024,pbtype.csv,35,PEDPOS,candidate_feature,occupant_person,False,False,False,True,False,False,False,True,False,False,True
CRSS,2024,pbtype.csv,36,PEDPOSNAME,descriptive_label,occupant_person,False,True,False,False,False,True,False,True,False,False,False
CRSS,2024,pbtype.csv,37,BIKEPOS,candidate_feature,occupant_person,False,False,False,True,False,False,False,True,False,False,True
CRSS,2024,pbtype.csv,38,BIKEPOSNAME,descriptive_label,occupant_person,False,True,False,False,False,True,False,True,False,False,False
CRSS,2024,pbtype.csv,39,PEDDIR,candidate_feature,occupant_person,False,False,False,True,False,False,False,True,False,False,True
CRSS,2024,pbtype.csv,40,PEDDIRNAME,descriptive_label,occupant_person,False,True,False,False,False,True,False,True,False,False,False
CRSS,2024,pbtype.csv,41,BIKEDIR,candidate_feature,occupant_person,False,False,False,True,False,False,False,True,False,False,True
CRSS,2024,pbtype.csv,42,BIKEDIRNAME,descriptive_label,occupant_person,False,True,False,False,False,True,False,True,False,False,False
CRSS,2024,pbtype.csv,43,MOTDIR,candidate_feature,occupant_person,False,False,False,True,False,False,False,False,False,False,False
CRSS,2024,pbtype.csv,44,MOTDIRNAME,descriptive_label,occupant_person,False,True,False,False,False,True,False,False,False,False,False
CRSS,2024,pbtype.csv,45,MOTMAN,candidate_feature,occupant_person,False,False,False,True,False,False,False,False,False,False,False
CRSS,2024,pbtype.csv,46,MOTMANNAME,descriptive_label,occupant_person,False,True,False,False,False,True,False,False,False,False,False
CRSS,2024,pbtype.csv,47,PEDLEG,candidate_feature,occupant_person,False,False,False,True,False,False,False,True,False,False,True
CRSS,2024,pbtype.csv,48,PEDLEGNAME,descriptive_label,occupant_person,False,True,False,False,False,True,False,True,False,False,False
CRSS,2024,pbtype.csv,49,PEDSNR,candidate_feature,occupant_person,False,False,False,True,False,False,False,True,False,False,True
CRSS,2024,pbtype.csv,50,PEDSNRNAME,descriptive_label,occupant_person,False,True,False,False,False,True,False,True,False,False,False
CRSS,2024,pbtype.csv,51,PEDCGP,candidate_feature,occupant_person,False,False,False,True,False,False,False,True,False,False,True
CRSS,2024,pbtype.csv,52,PEDCGPNAME,descriptive_label,occupant_person,False,True,False,False,False,True,False,True,False,False,False
CRSS,2024,pbtype.csv,53,BIKECGP,candidate_feature,occupant_person,False,False,False,True,False,False,False,True,False,False,True
CRSS,2024,pbtype.csv,54,BIKECGPNAME,descriptive_label,occupant_person,False,True,False,False,False,True,False,True,False,False,False
CRSS,2024,person.csv,1,CASENUM,identifier,occupant_person,True,False,False,False,False,True,False,False,False,False,False
CRSS,2024,person.csv,2,VE_FORMS,candidate_feature,occupant_person,False,False,False,True,False,False,False,False,False,False,False
CRSS,2024,person.csv,3,VEH_NO,relational_identifier,occupant_person,True,False,False,False,False,True,False,False,True,False,False
CRSS,2024,person.csv,4,PER_NO,relational_identifier,occupant_person,True,False,False,False,False,True,False,False,False,False,False
CRSS,2024,person.csv,5,PSU,survey_design,occupant_person,False,False,True,False,False,False,False,False,False,False,False
CRSS,2024,person.csv,6,PSU_VAR,survey_design,occupant_person,False,False,True,False,False,False,False,False,False,False,False
CRSS,2024,person.csv,7,PSUSTRAT,survey_design,occupant_person,False,False,True,False,False,False,False,False,False,False,False
CRSS,2024,person.csv,8,REGION,identifier,occupant_person,True,False,False,False,False,True,False,False,False,False,False
CRSS,2024,person.csv,9,REGIONNAME,descriptive_label,occupant_person,False,True,False,False,False,True,False,False,False,False,False
CRSS,2024,person.csv,10,URBANICITY,candidate_feature,occupant_person,False,False,False,True,False,False,False,False,False,False,False
CRSS,2024,person.csv,11,URBANICITYNAME,descriptive_label,occupant_person,False,True,False,False,False,True,False,False,False,False,False
CRSS,2024,person.csv,12,STRATUM,survey_design,occupant_person,False,False,True,False,False,False,False,False,False,False,False
CRSS,2024,person.csv,13,STRATUMNAME,descriptive_label,occupant_person,False,True,False,False,False,True,False,False,False,False,False
CRSS,2024,person.csv,14,PJ,survey_design,occupant_person,False,False,True,False,False,False,False,False,False,False,False
CRSS,2024,person.csv,15,WEIGHT,survey_design,occupant_person,False,False,True,False,False,False,False,False,False,False,False
CRSS,2024,person.csv,16,MONTH,candidate_feature,occupant_person,False,False,False,True,False,False,False,False,False,False,False
CRSS,2024,person.csv,17,MONTHNAME,descriptive_label,occupant_person,False,True,False,False,False,True,False,False,False,False,False
CRSS,2024,person.csv,18,HOUR,candidate_feature,occupant_person,False,False,False,True,False,False,False,False,False,False,False
CRSS,2024,person.csv,19,HOURNAME,descriptive_label,occupant_person,False,True,False,False,False,True,False,False,False,False,False
CRSS,2024,person.csv,20,MINUTE,candidate_feature,occupant_person,False,False,False,True,False,False,False,False,False,False,False
CRSS,2024,person.csv,21,MINUTENAME,descriptive_label,occupant_person,False,True,False,False,False,True,False,False,False,False,False
CRSS,2024,person.csv,22,HARM_EV,candidate_feature,occupant_person,False,False,False,True,False,False,False,False,False,True,True
CRSS,2024,person.csv,23,HARM_EVNAME,descriptive_label,occupant_person,False,True,False,False,False,True,False,False,False,True,False
CRSS,2024,person.csv,24,MAN_COLL,candidate_feature,occupant_person,False,False,False,True,False,False,False,False,False,True,True
CRSS,2024,person.csv,25,MAN_COLLNAME,descriptive_label,occupant_person,False,True,False,False,False,True,False,False,False,True,False
CRSS,2024,person.csv,26,SCH_BUS,candidate_feature,occupant_person,False,False,False,True,False,False,False,False,False,False,False
CRSS,2024,person.csv,27,SCH_BUSNAME,descriptive_label,occupant_person,False,True,False,False,False,True,False,False,False,False,False
CRSS,2024,person.csv,28,MOD_YEAR,candidate_feature,occupant_person,False,False,False,True,False,False,False,False,False,False,False
CRSS,2024,person.csv,29,MOD_YEARNAME,descriptive_label,occupant_person,False,True,False,False,False,True,False,False,False,False,False
CRSS,2024,person.csv,30,VPICMAKE,candidate_feature,occupant_person,False,False,False,True,False,False,False,False,False,False,False
CRSS,2024,person.csv,31,VPICMAKENAME,descriptive_label,occupant_person,False,True,False,False,False,True,False,False,False,False,False
CRSS,2024,person.csv,32,VPICMODEL,candidate_feature,occupant_person,False,False,False,True,False,False,False,False,False,False,False
CRSS,2024,person.csv,33,VPICMODELNAME,descriptive_label,occupant_person,False,True,False,False,False,True,False,False,False,False,False
CRSS,2024,person.csv,34,VPICBODYCLASS,candidate_feature,occupant_person,False,False,False,True,False,False,False,False,False,False,False
CRSS,2024,person.csv,35,VPICBODYCLASSNAME,descriptive_label,occupant_person,False,True,False,False,False,True,False,False,False,False,False
CRSS,2024,person.csv,36,MAKE,candidate_feature,occupant_person,False,False,False,True,False,False,False,False,False,False,False
CRSS,2024,person.csv,37,MAKENAME,descriptive_label,occupant_person,False,True,False,False,False,True,False,False,False,False,False
CRSS,2024,person.csv,38,BODY_TYP,candidate_feature,occupant_person,False,False,False,True,False,False,False,False,False,False,False
CRSS,2024,person.csv,39,BODY_TYPNAME,descriptive_label,occupant_person,False,True,False,False,False,True,False,False,False,False,False
CRSS,2024,person.csv,40,ICFINALBODY,candidate_feature,occupant_person,False,False,False,True,False,False,False,False,False,False,False
CRSS,2024,person.csv,41,ICFINALBODYNAME,descriptive_label,occupant_person,False,True,False,False,False,True,False,False,False,False,False
CRSS,2024,person.csv,42,GVWR_FROM,candidate_feature,occupant_person,False,False,False,True,False,False,False,False,False,False,False
CRSS,2024,person.csv,43,GVWR_FROMNAME,descriptive_label,occupant_person,False,True,False,False,False,True,False,False,False,False,False
CRSS,2024,person.csv,44,GVWR_TO,candidate_feature,occupant_person,False,False,False,True,False,False,False,False,False,False,False
CRSS,2024,person.csv,45,GVWR_TONAME,descriptive_label,occupant_person,False,True,False,False,False,True,False,False,False,False,False
CRSS,2024,person.csv,46,TOW_VEH,candidate_feature,occupant_person,False,False,False,True,False,False,False,False,True,False,True
CRSS,2024,person.csv,47,TOW_VEHNAME,descriptive_label,occupant_person,False,True,False,False,False,True,False,False,True,False,False
CRSS,2024,person.csv,48,AGE,candidate_feature,occupant_person,False,False,False,True,False,False,False,True,False,False,True
CRSS,2024,person.csv,49,AGENAME,descriptive_label,occupant_person,False,True,False,False,False,True,False,True,False,False,False
CRSS,2024,person.csv,50,AGE_IM,candidate_feature,occupant_person,False,False,False,True,False,False,False,True,False,False,True
CRSS,2024,person.csv,51,AGE_IMNAME,descriptive_label,occupant_person,False,True,False,False,False,True,False,True,False,False,False
CRSS,2024,person.csv,52,SEX,candidate_feature,occupant_person,False,False,False,True,False,False,False,True,False,False,True
CRSS,2024,person.csv,53,SEXNAME,descriptive_label,occupant_person,False,True,False,False,False,True,False,True,False,False,False
CRSS,2024,person.csv,54,SEX_IM,candidate_feature,occupant_person,False,False,False,True,False,False,False,True,False,False,True
CRSS,2024,person.csv,55,SEX_IMNAME,descriptive_label,occupant_person,False,True,False,False,False,True,False,True,False,False,False
CRSS,2024,person.csv,56,PER_TYP,candidate_feature,occupant_person,False,False,False,True,False,False,False,False,False,False,False
CRSS,2024,person.csv,57,PER_TYPNAME,descriptive_label,occupant_person,False,True,False,False,False,True,False,False,False,False,False
CRSS,2024,person.csv,58,DEVTYPE,candidate_feature,occupant_person,False,False,False,True,False,False,False,False,False,False,False
CRSS,2024,person.csv,59,DEVTYPENAME,descriptive_label,occupant_person,False,True,False,False,False,True,False,False,False,False,False
CRSS,2024,person.csv,60,DEVMOTOR,candidate_feature,occupant_person,False,False,False,True,False,False,False,False,False,False,False
CRSS,2024,person.csv,61,DEVMOTORNAME,descriptive_label,occupant_person,False,True,False,False,False,True,False,False,False,False,False
CRSS,2024,person.csv,62,INJ_SEV,candidate_target,occupant_person,False,False,False,False,True,False,False,True,False,False,True
CRSS,2024,person.csv,63,INJ_SEVNAME,descriptive_label,occupant_person,False,True,False,False,False,True,False,True,False,False,False
CRSS,2024,person.csv,64,INJSEV_IM,candidate_target,occupant_person,False,False,False,False,True,False,False,True,False,False,True
CRSS,2024,person.csv,65,INJSEV_IMNAME,descriptive_label,occupant_person,False,True,False,False,False,True,False,True,False,False,False
CRSS,2024,person.csv,66,SEAT_POS,candidate_feature,occupant_person,False,False,False,True,False,False,False,True,False,False,True
CRSS,2024,person.csv,67,SEAT_POSNAME,descriptive_label,occupant_person,False,True,False,False,False,True,False,True,False,False,False
CRSS,2024,person.csv,68,SEAT_IM,candidate_feature,occupant_person,False,False,False,True,False,False,False,True,False,False,True
CRSS,2024,person.csv,69,SEAT_IMNAME,descriptive_label,occupant_person,False,True,False,False,False,True,False,True,False,False,False
CRSS,2024,person.csv,70,REST_USE,candidate_feature,occupant_person,False,False,False,True,False,False,False,True,False,False,True
CRSS,2024,person.csv,71,REST_USENAME,descriptive_label,occupant_person,False,True,False,False,False,True,False,True,False,False,False
CRSS,2024,person.csv,72,REST_MIS,candidate_feature,occupant_person,False,False,False,True,False,False,False,True,False,False,True
CRSS,2024,person.csv,73,REST_MISNAME,descriptive_label,occupant_person,False,True,False,False,False,True,False,True,False,False,False
CRSS,2024,person.csv,74,HELM_USE,candidate_feature,occupant_person,False,False,False,True,False,False,False,True,False,False,True
CRSS,2024,person.csv,75,HELM_USENAME,descriptive_label,occupant_person,False,True,False,False,False,True,False,True,False,False,False
CRSS,2024,person.csv,76,HELM_MIS,candidate_feature,occupant_person,False,False,False,True,False,False,False,True,False,False,True
CRSS,2024,person.csv,77,HELM_MISNAME,descriptive_label,occupant_person,False,True,False,False,False,True,False,True,False,False,False
CRSS,2024,person.csv,78,AIR_BAG,candidate_feature,occupant_person,False,False,False,True,False,False,False,True,False,False,True
CRSS,2024,person.csv,79,AIR_BAGNAME,descriptive_label,occupant_person,False,True,False,False,False,True,False,True,False,False,False
CRSS,2024,person.csv,80,EJECTION,candidate_feature,occupant_person,False,False,False,True,False,False,False,True,False,False,True
CRSS,2024,person.csv,81,EJECTIONNAME,descriptive_label,occupant_person,False,True,False,False,False,True,False,True,False,False,False
CRSS,2024,person.csv,82,EJECT_IM,candidate_feature,occupant_person,False,False,False,True,False,False,False,True,False,False,True
CRSS,2024,person.csv,83,EJECT_IMNAME,descriptive_label,occupant_person,False,True,False,False,False,True,False,True,False,False,False
CRSS,2024,person.csv,84,DRINKING,candidate_feature,occupant_person,False,False,False,True,False,False,False,True,False,False,True
CRSS,2024,person.csv,85,DRINKINGNAME,descriptive_label,occupant_person,False,True,False,False,False,True,False,True,False,False,False
CRSS,2024,person.csv,86,PERALCH_IM,candidate_feature,occupant_person,False,False,False,True,False,False,False,True,False,False,True
CRSS,2024,person.csv,87,PERALCH_IMNAME,descriptive_label,occupant_person,False,True,False,False,False,True,False,True,False,False,False
CRSS,2024,person.csv,88,ALC_STATUS,candidate_feature,occupant_person,False,False,False,True,False,False,False,True,False,False,True
CRSS,2024,person.csv,89,ALC_STATUSNAME,descriptive_label,occupant_person,False,True,False,False,False,True,False,True,False,False,False
CRSS,2024,person.csv,90,ATST_TYP,candidate_feature,occupant_person,False,False,False,True,False,False,False,False,False,False,False
CRSS,2024,person.csv,91,ATST_TYPNAME,descriptive_label,occupant_person,False,True,False,False,False,True,False,False,False,False,False
CRSS,2024,person.csv,92,ALC_RES,candidate_feature,occupant_person,False,False,False,True,False,False,False,True,False,False,True
CRSS,2024,person.csv,93,ALC_RESNAME,descriptive_label,occupant_person,False,True,False,False,False,True,False,True,False,False,False
CRSS,2024,person.csv,94,DRUGS,candidate_feature,occupant_person,False,False,False,True,False,False,False,True,False,False,True
CRSS,2024,person.csv,95,DRUGSNAME,descriptive_label,occupant_person,False,True,False,False,False,True,False,True,False,False,False
CRSS,2024,person.csv,96,HOSPITAL,candidate_feature,occupant_person,False,False,False,True,False,False,False,True,False,False,True
CRSS,2024,person.csv,97,HOSPITALNAME,descriptive_label,occupant_person,False,True,False,False,False,True,False,True,False,False,False
CRSS,2024,person.csv,98,STR_VEH,candidate_feature,occupant_person,False,False,False,True,False,False,False,False,True,False,True
CRSS,2024,person.csv,99,LOCATION,candidate_feature,occupant_person,False,False,False,True,False,False,False,False,False,False,False
CRSS,2024,person.csv,100,LOCATIONNAME,descriptive_label,occupant_person,False,True,False,False,False,True,False,False,False,False,False
CRSS,2024,person.csv,101,SPEC_USE,candidate_feature,occupant_person,False,False,False,True,False,False,False,False,False,False,False
CRSS,2024,person.csv,102,SPEC_USENAME,descriptive_label,occupant_person,False,True,False,False,False,True,False,False,False,False,False
CRSS,2024,person.csv,103,EMER_USE,candidate_feature,occupant_person,False,False,False,True,False,False,False,False,False,False,False
CRSS,2024,person.csv,104,EMER_USENAME,descriptive_label,occupant_person,False,True,False,False,False,True,False,False,False,False,False
CRSS,2024,person.csv,105,ROLLOVER,candidate_feature,occupant_person,False,False,False,True,False,False,True,False,True,False,True
CRSS,2024,person.csv,106,ROLLOVERNAME,descriptive_label,occupant_person,False,True,False,False,False,True,True,False,True,False,False
CRSS,2024,person.csv,107,IMPACT1,candidate_feature,occupant_person,False,False,False,True,False,False,True,False,True,False,True
CRSS,2024,person.csv,108,IMPACT1NAME,descriptive_label,occupant_person,False,True,False,False,False,True,True,False,True,False,False
CRSS,2024,person.csv,109,FIRE_EXP,candidate_feature,occupant_person,False,False,False,True,False,False,False,False,True,False,True
CRSS,2024,person.csv,110,FIRE_EXPNAME,descriptive_label,occupant_person,False,True,False,False,False,True,False,False,True,False,False
CRSS,2024,person.csv,111,MAK_MOD,candidate_feature,occupant_person,False,False,False,True,False,False,False,False,False,False,False
CRSS,2024,person.csv,112,MAK_MODNAME,descriptive_label,occupant_person,False,True,False,False,False,True,False,False,False,False,False
CRSS,2024,personrf.csv,1,CASENUM,identifier,occupant_person,True,False,False,False,False,True,False,False,False,False,False
CRSS,2024,personrf.csv,2,VEH_NO,relational_identifier,occupant_person,True,False,False,False,False,True,False,False,True,False,False
CRSS,2024,personrf.csv,3,PER_NO,relational_identifier,occupant_person,True,False,False,False,False,True,False,False,False,False,False
CRSS,2024,personrf.csv,4,PSU,survey_design,occupant_person,False,False,True,False,False,False,False,False,False,False,False
CRSS,2024,personrf.csv,5,PSU_VAR,survey_design,occupant_person,False,False,True,False,False,False,False,False,False,False,False
CRSS,2024,personrf.csv,6,PSUSTRAT,survey_design,occupant_person,False,False,True,False,False,False,False,False,False,False,False
CRSS,2024,personrf.csv,7,REGION,identifier,occupant_person,True,False,False,False,False,True,False,False,False,False,False
CRSS,2024,personrf.csv,8,REGIONNAME,descriptive_label,occupant_person,False,True,False,False,False,True,False,False,False,False,False
CRSS,2024,personrf.csv,9,URBANICITY,candidate_feature,occupant_person,False,False,False,True,False,False,False,False,False,False,False
CRSS,2024,personrf.csv,10,URBANICITYNAME,descriptive_label,occupant_person,False,True,False,False,False,True,False,False,False,False,False
CRSS,2024,personrf.csv,11,STRATUM,survey_design,occupant_person,False,False,True,False,False,False,False,False,False,False,False
CRSS,2024,personrf.csv,12,STRATUMNAME,descriptive_label,occupant_person,False,True,False,False,False,True,False,False,False,False,False
CRSS,2024,personrf.csv,13,PJ,survey_design,occupant_person,False,False,True,False,False,False,False,False,False,False,False
CRSS,2024,personrf.csv,14,WEIGHT,survey_design,occupant_person,False,False,True,False,False,False,False,False,False,False,False
CRSS,2024,personrf.csv,15,PERSONRF,candidate_feature,occupant_person,False,False,False,True,False,False,False,False,False,False,False
CRSS,2024,personrf.csv,16,PERSONRFNAME,descriptive_label,occupant_person,False,True,False,False,False,True,False,False,False,False,False
CRSS,2024,pvehiclesf.csv,1,CASENUM,identifier,special_vehicle,True,False,False,False,False,True,False,False,False,False,False
CRSS,2024,pvehiclesf.csv,2,VEH_NO,relational_identifier,special_vehicle,True,False,False,False,False,True,False,False,True,False,False
CRSS,2024,pvehiclesf.csv,3,PSU,survey_design,special_vehicle,False,False,True,False,False,False,False,False,False,False,False
CRSS,2024,pvehiclesf.csv,4,PSU_VAR,survey_design,special_vehicle,False,False,True,False,False,False,False,False,False,False,False
CRSS,2024,pvehiclesf.csv,5,PSUSTRAT,survey_design,special_vehicle,False,False,True,False,False,False,False,False,False,False,False
CRSS,2024,pvehiclesf.csv,6,REGION,identifier,special_vehicle,True,False,False,False,False,True,False,False,False,False,False
CRSS,2024,pvehiclesf.csv,7,REGIONNAME,descriptive_label,special_vehicle,False,True,False,False,False,True,False,False,False,False,False
CRSS,2024,pvehiclesf.csv,8,URBANICITY,candidate_feature,special_vehicle,False,False,False,True,False,False,False,False,False,False,False
CRSS,2024,pvehiclesf.csv,9,URBANICITYNAME,descriptive_label,special_vehicle,False,True,False,False,False,True,False,False,False,False,False
CRSS,2024,pvehiclesf.csv,10,STRATUM,survey_design,special_vehicle,False,False,True,False,False,False,False,False,False,False,False
CRSS,2024,pvehiclesf.csv,11,STRATUMNAME,descriptive_label,special_vehicle,False,True,False,False,False,True,False,False,False,False,False
CRSS,2024,pvehiclesf.csv,12,PJ,survey_design,special_vehicle,False,False,True,False,False,False,False,False,False,False,False
CRSS,2024,pvehiclesf.csv,13,WEIGHT,survey_design,special_vehicle,False,False,True,False,False,False,False,False,False,False,False
CRSS,2024,pvehiclesf.csv,14,PVEHICLESF,candidate_feature,special_vehicle,False,False,False,True,False,False,False,False,True,False,True
CRSS,2024,pvehiclesf.csv,15,PVEHICLESFNAME,descriptive_label,special_vehicle,False,True,False,False,False,True,False,False,True,False,False
CRSS,2024,safetyeq.csv,1,CASENUM,identifier,occupant_person,True,False,False,False,False,True,False,False,False,False,False
CRSS,2024,safetyeq.csv,2,VEH_NO,relational_identifier,occupant_person,True,False,False,False,False,True,False,False,True,False,False
CRSS,2024,safetyeq.csv,3,PER_NO,relational_identifier,occupant_person,True,False,False,False,False,True,False,False,False,False,False
CRSS,2024,safetyeq.csv,4,PSU,survey_design,occupant_person,False,False,True,False,False,False,False,False,False,False,False
CRSS,2024,safetyeq.csv,5,PSU_VAR,survey_design,occupant_person,False,False,True,False,False,False,False,False,False,False,False
CRSS,2024,safetyeq.csv,6,PSUSTRAT,survey_design,occupant_person,False,False,True,False,False,False,False,False,False,False,False
CRSS,2024,safetyeq.csv,7,REGION,identifier,occupant_person,True,False,False,False,False,True,False,False,False,False,False
CRSS,2024,safetyeq.csv,8,REGIONNAME,descriptive_label,occupant_person,False,True,False,False,False,True,False,False,False,False,False
CRSS,2024,safetyeq.csv,9,URBANICITY,candidate_feature,occupant_person,False,False,False,True,False,False,False,False,False,False,False
CRSS,2024,safetyeq.csv,10,URBANICITYNAME,descriptive_label,occupant_person,False,True,False,False,False,True,False,False,False,False,False
CRSS,2024,safetyeq.csv,11,STRATUM,survey_design,occupant_person,False,False,True,False,False,False,False,False,False,False,False
CRSS,2024,safetyeq.csv,12,STRATUMNAME,descriptive_label,occupant_person,False,True,False,False,False,True,False,False,False,False,False
CRSS,2024,safetyeq.csv,13,PJ,survey_design,occupant_person,False,False,True,False,False,False,False,False,False,False,False
CRSS,2024,safetyeq.csv,14,WEIGHT,survey_design,occupant_person,False,False,True,False,False,False,False,False,False,False,False
CRSS,2024,safetyeq.csv,15,NMHELMET,candidate_feature,occupant_person,False,False,False,True,False,False,False,True,False,False,True
CRSS,2024,safetyeq.csv,16,NMHELMETNAME,descriptive_label,occupant_person,False,True,False,False,False,True,False,True,False,False,False
CRSS,2024,safetyeq.csv,17,NMPROPAD,candidate_feature,occupant_person,False,False,False,True,False,False,False,False,False,False,False
CRSS,2024,safetyeq.csv,18,NMPROPADNAME,descriptive_label,occupant_person,False,True,False,False,False,True,False,False,False,False,False
CRSS,2024,safetyeq.csv,19,NMOTHPRO,candidate_feature,occupant_person,False,False,False,True,False,False,False,False,False,False,False
CRSS,2024,safetyeq.csv,20,NMOTHPRONAME,descriptive_label,occupant_person,False,True,False,False,False,True,False,False,False,False,False
CRSS,2024,safetyeq.csv,21,NMREFCLO,candidate_feature,occupant_person,False,False,False,True,False,False,False,False,False,False,False
CRSS,2024,safetyeq.csv,22,NMREFCLONAME,descriptive_label,occupant_person,False,True,False,False,False,True,False,False,False,False,False
CRSS,2024,safetyeq.csv,23,NMLIGHT,candidate_feature,occupant_person,False,False,False,True,False,False,False,False,False,False,False
CRSS,2024,safetyeq.csv,24,NMLIGHTNAME,descriptive_label,occupant_person,False,True,False,False,False,True,False,False,False,False,False
CRSS,2024,safetyeq.csv,25,NMOTHPRE,candidate_feature,occupant_person,False,False,False,True,False,False,False,False,False,False,False
CRSS,2024,safetyeq.csv,26,NMOTHPRENAME,descriptive_label,occupant_person,False,True,False,False,False,True,False,False,False,False,False
CRSS,2024,vehicle.csv,1,CASENUM,identifier,vehicle,True,False,False,False,False,True,False,False,False,False,False
CRSS,2024,vehicle.csv,2,VEH_NO,relational_identifier,vehicle,True,False,False,False,False,True,False,False,True,False,False
CRSS,2024,vehicle.csv,3,PSU,survey_design,vehicle,False,False,True,False,False,False,False,False,False,False,False
CRSS,2024,vehicle.csv,4,PSU_VAR,survey_design,vehicle,False,False,True,False,False,False,False,False,False,False,False
CRSS,2024,vehicle.csv,5,PSUSTRAT,survey_design,vehicle,False,False,True,False,False,False,False,False,False,False,False
CRSS,2024,vehicle.csv,6,REGION,identifier,vehicle,True,False,False,False,False,True,False,False,False,False,False
CRSS,2024,vehicle.csv,7,REGIONNAME,descriptive_label,vehicle,False,True,False,False,False,True,False,False,False,False,False
CRSS,2024,vehicle.csv,8,URBANICITY,candidate_feature,vehicle,False,False,False,True,False,False,False,False,False,False,False
CRSS,2024,vehicle.csv,9,URBANICITYNAME,descriptive_label,vehicle,False,True,False,False,False,True,False,False,False,False,False
CRSS,2024,vehicle.csv,10,STRATUM,survey_design,vehicle,False,False,True,False,False,False,False,False,False,False,False
CRSS,2024,vehicle.csv,11,STRATUMNAME,descriptive_label,vehicle,False,True,False,False,False,True,False,False,False,False,False
CRSS,2024,vehicle.csv,12,PJ,survey_design,vehicle,False,False,True,False,False,False,False,False,False,False,False
CRSS,2024,vehicle.csv,13,WEIGHT,survey_design,vehicle,False,False,True,False,False,False,False,False,False,False,False
CRSS,2024,vehicle.csv,14,VE_FORMS,candidate_feature,vehicle,False,False,False,True,False,False,False,False,False,False,False
CRSS,2024,vehicle.csv,15,MONTH,candidate_feature,vehicle,False,False,False,True,False,False,False,False,False,False,False
CRSS,2024,vehicle.csv,16,MONTHNAME,descriptive_label,vehicle,False,True,False,False,False,True,False,False,False,False,False
CRSS,2024,vehicle.csv,17,HOUR,candidate_feature,vehicle,False,False,False,True,False,False,False,False,False,False,False
CRSS,2024,vehicle.csv,18,HOURNAME,descriptive_label,vehicle,False,True,False,False,False,True,False,False,False,False,False
CRSS,2024,vehicle.csv,19,MINUTE,candidate_feature,vehicle,False,False,False,True,False,False,False,False,False,False,False
CRSS,2024,vehicle.csv,20,MINUTENAME,descriptive_label,vehicle,False,True,False,False,False,True,False,False,False,False,False
CRSS,2024,vehicle.csv,21,HARM_EV,candidate_feature,vehicle,False,False,False,True,False,False,False,False,False,True,True
CRSS,2024,vehicle.csv,22,HARM_EVNAME,descriptive_label,vehicle,False,True,False,False,False,True,False,False,False,True,False
CRSS,2024,vehicle.csv,23,MAN_COLL,candidate_feature,vehicle,False,False,False,True,False,False,False,False,False,True,True
CRSS,2024,vehicle.csv,24,MAN_COLLNAME,descriptive_label,vehicle,False,True,False,False,False,True,False,False,False,True,False
CRSS,2024,vehicle.csv,25,NUMOCCS,candidate_feature,vehicle,False,False,False,True,False,False,False,False,False,False,False
CRSS,2024,vehicle.csv,26,NUMOCCSNAME,descriptive_label,vehicle,False,True,False,False,False,True,False,False,False,False,False
CRSS,2024,vehicle.csv,27,UNITTYPE,candidate_feature,vehicle,False,False,False,True,False,False,False,False,False,False,False
CRSS,2024,vehicle.csv,28,UNITTYPENAME,descriptive_label,vehicle,False,True,False,False,False,True,False,False,False,False,False
CRSS,2024,vehicle.csv,29,HIT_RUN,candidate_feature,vehicle,False,False,False,True,False,False,False,False,False,False,False
CRSS,2024,vehicle.csv,30,HIT_RUNNAME,descriptive_label,vehicle,False,True,False,False,False,True,False,False,False,False,False
CRSS,2024,vehicle.csv,31,VIN,candidate_feature,vehicle,False,False,False,True,False,False,False,False,True,False,True
CRSS,2024,vehicle.csv,32,VINNAME,descriptive_label,vehicle,False,True,False,False,False,True,False,False,True,False,False
CRSS,2024,vehicle.csv,33,MOD_YEAR,candidate_feature,vehicle,False,False,False,True,False,False,False,False,False,False,False
CRSS,2024,vehicle.csv,34,MOD_YEARNAME,descriptive_label,vehicle,False,True,False,False,False,True,False,False,False,False,False
CRSS,2024,vehicle.csv,35,MDLYR_IM,candidate_feature,vehicle,False,False,False,True,False,False,False,False,False,False,False
CRSS,2024,vehicle.csv,36,MDLYR_IMNAME,descriptive_label,vehicle,False,True,False,False,False,True,False,False,False,False,False
CRSS,2024,vehicle.csv,37,VPICMAKE,candidate_feature,vehicle,False,False,False,True,False,False,False,False,False,False,False
CRSS,2024,vehicle.csv,38,VPICMAKENAME,descriptive_label,vehicle,False,True,False,False,False,True,False,False,False,False,False
CRSS,2024,vehicle.csv,39,VPICMODEL,candidate_feature,vehicle,False,False,False,True,False,False,False,False,False,False,False
CRSS,2024,vehicle.csv,40,VPICMODELNAME,descriptive_label,vehicle,False,True,False,False,False,True,False,False,False,False,False
CRSS,2024,vehicle.csv,41,VPICBODYCLASS,candidate_feature,vehicle,False,False,False,True,False,False,False,False,False,False,False
CRSS,2024,vehicle.csv,42,VPICBODYCLASSNAME,descriptive_label,vehicle,False,True,False,False,False,True,False,False,False,False,False
CRSS,2024,vehicle.csv,43,MAKE,candidate_feature,vehicle,False,False,False,True,False,False,False,False,False,False,False
CRSS,2024,vehicle.csv,44,MAKENAME,descriptive_label,vehicle,False,True,False,False,False,True,False,False,False,False,False
CRSS,2024,vehicle.csv,45,MODEL,candidate_feature,vehicle,False,False,False,True,False,False,False,False,False,False,False
CRSS,2024,vehicle.csv,46,BODY_TYP,candidate_feature,vehicle,False,False,False,True,False,False,False,False,False,False,False
CRSS,2024,vehicle.csv,47,BODY_TYPNAME,descriptive_label,vehicle,False,True,False,False,False,True,False,False,False,False,False
CRSS,2024,vehicle.csv,48,ICFINALBODY,candidate_feature,vehicle,False,False,False,True,False,False,False,False,False,False,False
CRSS,2024,vehicle.csv,49,ICFINALBODYNAME,descriptive_label,vehicle,False,True,False,False,False,True,False,False,False,False,False
CRSS,2024,vehicle.csv,50,GVWR_FROM,candidate_feature,vehicle,False,False,False,True,False,False,False,False,False,False,False
CRSS,2024,vehicle.csv,51,GVWR_FROMNAME,descriptive_label,vehicle,False,True,False,False,False,True,False,False,False,False,False
CRSS,2024,vehicle.csv,52,GVWR_TO,candidate_feature,vehicle,False,False,False,True,False,False,False,False,False,False,False
CRSS,2024,vehicle.csv,53,GVWR_TONAME,descriptive_label,vehicle,False,True,False,False,False,True,False,False,False,False,False
CRSS,2024,vehicle.csv,54,TOW_VEH,candidate_feature,vehicle,False,False,False,True,False,False,False,False,True,False,True
CRSS,2024,vehicle.csv,55,TOW_VEHNAME,descriptive_label,vehicle,False,True,False,False,False,True,False,False,True,False,False
CRSS,2024,vehicle.csv,56,TRLR1VIN,candidate_feature,vehicle,False,False,False,True,False,False,False,False,True,False,True
CRSS,2024,vehicle.csv,57,TRLR1VINNAME,descriptive_label,vehicle,False,True,False,False,False,True,False,False,True,False,False
CRSS,2024,vehicle.csv,58,TRLR2VIN,candidate_feature,vehicle,False,False,False,True,False,False,False,False,True,False,True
CRSS,2024,vehicle.csv,59,TRLR2VINNAME,descriptive_label,vehicle,False,True,False,False,False,True,False,False,True,False,False
CRSS,2024,vehicle.csv,60,TRLR3VIN,candidate_feature,vehicle,False,False,False,True,False,False,False,False,True,False,True
CRSS,2024,vehicle.csv,61,TRLR3VINNAME,descriptive_label,vehicle,False,True,False,False,False,True,False,False,True,False,False
CRSS,2024,vehicle.csv,62,TRLR1GVWR,candidate_feature,vehicle,False,False,False,True,False,False,False,False,False,False,False
CRSS,2024,vehicle.csv,63,TRLR1GVWRNAME,descriptive_label,vehicle,False,True,False,False,False,True,False,False,False,False,False
CRSS,2024,vehicle.csv,64,TRLR2GVWR,candidate_feature,vehicle,False,False,False,True,False,False,False,False,False,False,False
CRSS,2024,vehicle.csv,65,TRLR2GVWRNAME,descriptive_label,vehicle,False,True,False,False,False,True,False,False,False,False,False
CRSS,2024,vehicle.csv,66,TRLR3GVWR,candidate_feature,vehicle,False,False,False,True,False,False,False,False,False,False,False
CRSS,2024,vehicle.csv,67,TRLR3GVWRNAME,descriptive_label,vehicle,False,True,False,False,False,True,False,False,False,False,False
CRSS,2024,vehicle.csv,68,J_KNIFE,candidate_feature,vehicle,False,False,False,True,False,False,False,False,False,False,False
CRSS,2024,vehicle.csv,69,J_KNIFENAME,descriptive_label,vehicle,False,True,False,False,False,True,False,False,False,False,False
CRSS,2024,vehicle.csv,70,MCARR_ID,candidate_feature,vehicle,False,False,False,True,False,False,False,False,False,False,False
CRSS,2024,vehicle.csv,71,MCARR_IDNAME,descriptive_label,vehicle,False,True,False,False,False,True,False,False,False,False,False
CRSS,2024,vehicle.csv,72,MCARR_I1,candidate_feature,vehicle,False,False,False,True,False,False,False,False,False,False,False
CRSS,2024,vehicle.csv,73,MCARR_I1NAME,descriptive_label,vehicle,False,True,False,False,False,True,False,False,False,False,False
CRSS,2024,vehicle.csv,74,MCARR_I2,candidate_feature,vehicle,False,False,False,True,False,False,False,False,False,False,False
CRSS,2024,vehicle.csv,75,MCARR_I2NAME,descriptive_label,vehicle,False,True,False,False,False,True,False,False,False,False,False
CRSS,2024,vehicle.csv,76,V_CONFIG,candidate_feature,vehicle,False,False,False,True,False,False,False,False,False,False,False
CRSS,2024,vehicle.csv,77,V_CONFIGNAME,descriptive_label,vehicle,False,True,False,False,False,True,False,False,False,False,False
CRSS,2024,vehicle.csv,78,CARGO_BT,candidate_feature,vehicle,False,False,False,True,False,False,False,False,False,False,False
CRSS,2024,vehicle.csv,79,CARGO_BTNAME,descriptive_label,vehicle,False,True,False,False,False,True,False,False,False,False,False
CRSS,2024,vehicle.csv,80,HAZ_INV,candidate_feature,vehicle,False,False,False,True,False,False,False,False,False,False,False
CRSS,2024,vehicle.csv,81,HAZ_INVNAME,descriptive_label,vehicle,False,True,False,False,False,True,False,False,False,False,False
CRSS,2024,vehicle.csv,82,HAZ_PLAC,candidate_feature,vehicle,False,False,False,True,False,False,False,False,False,False,False
CRSS,2024,vehicle.csv,83,HAZ_PLACNAME,descriptive_label,vehicle,False,True,False,False,False,True,False,False,False,False,False
CRSS,2024,vehicle.csv,84,HAZ_ID,candidate_feature,vehicle,False,False,False,True,False,False,False,False,False,False,False
CRSS,2024,vehicle.csv,85,HAZ_IDNAME,descriptive_label,vehicle,False,True,False,False,False,True,False,False,False,False,False
CRSS,2024,vehicle.csv,86,HAZ_CNO,candidate_feature,vehicle,False,False,False,True,False,False,False,False,False,False,False
CRSS,2024,vehicle.csv,87,HAZ_CNONAME,descriptive_label,vehicle,False,True,False,False,False,True,False,False,False,False,False
CRSS,2024,vehicle.csv,88,HAZ_REL,candidate_feature,vehicle,False,False,False,True,False,False,False,False,False,False,False
CRSS,2024,vehicle.csv,89,HAZ_RELNAME,descriptive_label,vehicle,False,True,False,False,False,True,False,False,False,False,False
CRSS,2024,vehicle.csv,90,BUS_USE,candidate_feature,vehicle,False,False,False,True,False,False,False,False,False,False,False
CRSS,2024,vehicle.csv,91,BUS_USENAME,descriptive_label,vehicle,False,True,False,False,False,True,False,False,False,False,False
CRSS,2024,vehicle.csv,92,SPEC_USE,candidate_feature,vehicle,False,False,False,True,False,False,False,False,False,False,False
CRSS,2024,vehicle.csv,93,SPEC_USENAME,descriptive_label,vehicle,False,True,False,False,False,True,False,False,False,False,False
CRSS,2024,vehicle.csv,94,EMER_USE,candidate_feature,vehicle,False,False,False,True,False,False,False,False,False,False,False
CRSS,2024,vehicle.csv,95,EMER_USENAME,descriptive_label,vehicle,False,True,False,False,False,True,False,False,False,False,False
CRSS,2024,vehicle.csv,96,TRAV_SP,candidate_feature,vehicle,False,False,False,True,False,False,True,False,True,False,True
CRSS,2024,vehicle.csv,97,TRAV_SPNAME,descriptive_label,vehicle,False,True,False,False,False,True,True,False,True,False,False
CRSS,2024,vehicle.csv,98,UNDEROVERRIDE,candidate_feature,vehicle,False,False,False,True,False,False,False,False,False,False,False
CRSS,2024,vehicle.csv,99,UNDEROVERRIDENAME,descriptive_label,vehicle,False,True,False,False,False,True,False,False,False,False,False
CRSS,2024,vehicle.csv,100,ROLLOVER,candidate_feature,vehicle,False,False,False,True,False,False,True,False,True,False,True
CRSS,2024,vehicle.csv,101,ROLLOVERNAME,descriptive_label,vehicle,False,True,False,False,False,True,True,False,True,False,False
CRSS,2024,vehicle.csv,102,ROLINLOC,candidate_feature,vehicle,False,False,False,True,False,False,False,False,False,False,False
CRSS,2024,vehicle.csv,103,ROLINLOCNAME,descriptive_label,vehicle,False,True,False,False,False,True,False,False,False,False,False
CRSS,2024,vehicle.csv,104,IMPACT1,candidate_feature,vehicle,False,False,False,True,False,False,True,False,True,False,True
CRSS,2024,vehicle.csv,105,IMPACT1NAME,descriptive_label,vehicle,False,True,False,False,False,True,True,False,True,False,False
CRSS,2024,vehicle.csv,106,IMPACT1_IM,candidate_feature,vehicle,False,False,False,True,False,False,True,False,True,False,True
CRSS,2024,vehicle.csv,107,IMPACT1_IMNAME,descriptive_label,vehicle,False,True,False,False,False,True,True,False,True,False,False
CRSS,2024,vehicle.csv,108,DEFORMED,candidate_feature,vehicle,False,False,False,True,False,False,False,False,True,False,True
CRSS,2024,vehicle.csv,109,DEFORMEDNAME,descriptive_label,vehicle,False,True,False,False,False,True,False,False,True,False,False
CRSS,2024,vehicle.csv,110,TOWED,candidate_feature,vehicle,False,False,False,True,False,False,False,False,False,False,False
CRSS,2024,vehicle.csv,111,TOWEDNAME,descriptive_label,vehicle,False,True,False,False,False,True,False,False,False,False,False
CRSS,2024,vehicle.csv,112,M_HARM,candidate_feature,vehicle,False,False,False,True,False,False,False,False,False,False,False
CRSS,2024,vehicle.csv,113,M_HARMNAME,descriptive_label,vehicle,False,True,False,False,False,True,False,False,False,False,False
CRSS,2024,vehicle.csv,114,VEVENT_IM,candidate_feature,vehicle,False,False,False,True,False,False,True,False,False,True,True
CRSS,2024,vehicle.csv,115,VEVENT_IMNAME,descriptive_label,vehicle,False,True,False,False,False,True,True,False,False,True,False
CRSS,2024,vehicle.csv,116,FIRE_EXP,candidate_feature,vehicle,False,False,False,True,False,False,False,False,True,False,True
CRSS,2024,vehicle.csv,117,FIRE_EXPNAME,descriptive_label,vehicle,False,True,False,False,False,True,False,False,True,False,False
CRSS,2024,vehicle.csv,118,DR_PRES,candidate_feature,vehicle,False,False,False,True,False,False,False,False,False,False,False
CRSS,2024,vehicle.csv,119,DR_PRESNAME,descriptive_label,vehicle,False,True,False,False,False,True,False,False,False,False,False
CRSS,2024,vehicle.csv,120,MAX_VSEV,candidate_target,vehicle,False,False,False,False,True,False,False,False,False,False,False
CRSS,2024,vehicle.csv,121,MAX_VSEVNAME,descriptive_label,vehicle,False,True,False,False,False,True,False,False,False,False,False
CRSS,2024,vehicle.csv,122,MXVSEV_IM,candidate_target,vehicle,False,False,False,False,True,False,False,False,False,False,False
CRSS,2024,vehicle.csv,123,MXVSEV_IMNAME,descriptive_label,vehicle,False,True,False,False,False,True,False,False,False,False,False
CRSS,2024,vehicle.csv,124,NUM_INJV,candidate_target,vehicle,False,False,False,False,True,False,False,True,False,False,True
CRSS,2024,vehicle.csv,125,NUM_INJVNAME,descriptive_label,vehicle,False,True,False,False,False,True,False,True,False,False,False
CRSS,2024,vehicle.csv,126,NUMINJ_IM,candidate_target,vehicle,False,False,False,False,True,False,False,True,False,False,True
CRSS,2024,vehicle.csv,127,NUMINJ_IMNAME,descriptive_label,vehicle,False,True,False,False,False,True,False,True,False,False,False
CRSS,2024,vehicle.csv,128,VEH_ALCH,candidate_feature,vehicle,False,False,False,True,False,False,False,True,True,False,True
CRSS,2024,vehicle.csv,129,VEH_ALCHNAME,descriptive_label,vehicle,False,True,False,False,False,True,False,True,True,False,False
CRSS,2024,vehicle.csv,130,V_ALCH_IM,candidate_feature,vehicle,False,False,False,True,False,False,False,True,False,False,True
CRSS,2024,vehicle.csv,131,V_ALCH_IMNAME,descriptive_label,vehicle,False,True,False,False,False,True,False,True,False,False,False
CRSS,2024,vehicle.csv,132,MAK_MOD,candidate_feature,vehicle,False,False,False,True,False,False,False,False,False,False,False
CRSS,2024,vehicle.csv,133,MAK_MODNAME,descriptive_label,vehicle,False,True,False,False,False,True,False,False,False,False,False
CRSS,2024,vehicle.csv,134,DR_ZIP,candidate_feature,vehicle,False,False,False,True,False,False,False,False,False,False,False
CRSS,2024,vehicle.csv,135,DR_ZIPNAME,descriptive_label,vehicle,False,True,False,False,False,True,False,False,False,False,False
CRSS,2024,vehicle.csv,136,SPEEDREL,candidate_feature,vehicle,False,False,False,True,False,False,True,False,True,False,True
CRSS,2024,vehicle.csv,137,SPEEDRELNAME,descriptive_label,vehicle,False,True,False,False,False,True,True,False,True,False,False
CRSS,2024,vehicle.csv,138,VTRAFWAY,candidate_feature,vehicle,False,False,False,True,False,False,False,False,True,False,True
CRSS,2024,vehicle.csv,139,VTRAFWAYNAME,descriptive_label,vehicle,False,True,False,False,False,True,False,False,True,False,False
CRSS,2024,vehicle.csv,140,VNUM_LAN,candidate_feature,vehicle,False,False,False,True,False,False,False,False,True,False,True
CRSS,2024,vehicle.csv,141,VNUM_LANNAME,descriptive_label,vehicle,False,True,False,False,False,True,False,False,True,False,False
CRSS,2024,vehicle.csv,142,VSPD_LIM,candidate_feature,vehicle,False,False,False,True,False,False,True,False,True,False,True
CRSS,2024,vehicle.csv,143,VSPD_LIMNAME,descriptive_label,vehicle,False,True,False,False,False,True,True,False,True,False,False
CRSS,2024,vehicle.csv,144,VALIGN,candidate_feature,vehicle,False,False,False,True,False,False,False,False,True,False,True
CRSS,2024,vehicle.csv,145,VALIGNNAME,descriptive_label,vehicle,False,True,False,False,False,True,False,False,True,False,False
CRSS,2024,vehicle.csv,146,VPROFILE,candidate_feature,vehicle,False,False,False,True,False,False,False,False,True,False,True
CRSS,2024,vehicle.csv,147,VPROFILENAME,descriptive_label,vehicle,False,True,False,False,False,True,False,False,True,False,False
CRSS,2024,vehicle.csv,148,VSURCOND,candidate_feature,vehicle,False,False,False,True,False,False,False,False,True,False,True
CRSS,2024,vehicle.csv,149,VSURCONDNAME,descriptive_label,vehicle,False,True,False,False,False,True,False,False,True,False,False
CRSS,2024,vehicle.csv,150,VTRAFCON,candidate_feature,vehicle,False,False,False,True,False,False,False,False,True,False,True
CRSS,2024,vehicle.csv,151,VTRAFCONNAME,descriptive_label,vehicle,False,True,False,False,False,True,False,False,True,False,False
CRSS,2024,vehicle.csv,152,VTCONT_F,candidate_feature,vehicle,False,False,False,True,False,False,False,False,False,False,False
CRSS,2024,vehicle.csv,153,VTCONT_FNAME,descriptive_label,vehicle,False,True,False,False,False,True,False,False,False,False,False
CRSS,2024,vehicle.csv,154,P_CRASH1,candidate_feature,vehicle,False,False,False,True,False,False,False,False,False,False,False
CRSS,2024,vehicle.csv,155,P_CRASH1NAME,descriptive_label,vehicle,False,True,False,False,False,True,False,False,False,False,False
CRSS,2024,vehicle.csv,156,PCRASH1_IM,candidate_feature,vehicle,False,False,False,True,False,False,False,False,False,False,False
CRSS,2024,vehicle.csv,157,PCRASH1_IMNAME,descriptive_label,vehicle,False,True,False,False,False,True,False,False,False,False,False
CRSS,2024,vehicle.csv,158,P_CRASH2,candidate_feature,vehicle,False,False,False,True,False,False,False,False,False,False,False
CRSS,2024,vehicle.csv,159,P_CRASH2NAME,descriptive_label,vehicle,False,True,False,False,False,True,False,False,False,False,False
CRSS,2024,vehicle.csv,160,P_CRASH3,candidate_feature,vehicle,False,False,False,True,False,False,False,False,False,False,False
CRSS,2024,vehicle.csv,161,P_CRASH3NAME,descriptive_label,vehicle,False,True,False,False,False,True,False,False,False,False,False
CRSS,2024,vehicle.csv,162,PCRASH4,candidate_feature,vehicle,False,False,False,True,False,False,False,False,False,False,False
CRSS,2024,vehicle.csv,163,PCRASH4NAME,descriptive_label,vehicle,False,True,False,False,False,True,False,False,False,False,False
CRSS,2024,vehicle.csv,164,PCRASH5,candidate_feature,vehicle,False,False,False,True,False,False,False,False,False,False,False
CRSS,2024,vehicle.csv,165,PCRASH5NAME,descriptive_label,vehicle,False,True,False,False,False,True,False,False,False,False,False
CRSS,2024,vehicle.csv,166,ACC_TYPE,candidate_feature,vehicle,False,False,False,True,False,False,True,False,False,True,True
CRSS,2024,vehicle.csv,167,ACC_TYPENAME,descriptive_label,vehicle,False,True,False,False,False,True,True,False,False,True,False
CRSS,2024,vehiclesf.csv,1,CASENUM,identifier,vehicle,True,False,False,False,False,True,False,False,False,False,False
CRSS,2024,vehiclesf.csv,2,VEH_NO,relational_identifier,vehicle,True,False,False,False,False,True,False,False,True,False,False
CRSS,2024,vehiclesf.csv,3,PSU,survey_design,vehicle,False,False,True,False,False,False,False,False,False,False,False
CRSS,2024,vehiclesf.csv,4,PSU_VAR,survey_design,vehicle,False,False,True,False,False,False,False,False,False,False,False
CRSS,2024,vehiclesf.csv,5,PSUSTRAT,survey_design,vehicle,False,False,True,False,False,False,False,False,False,False,False
CRSS,2024,vehiclesf.csv,6,REGION,identifier,vehicle,True,False,False,False,False,True,False,False,False,False,False
CRSS,2024,vehiclesf.csv,7,REGIONNAME,descriptive_label,vehicle,False,True,False,False,False,True,False,False,False,False,False
CRSS,2024,vehiclesf.csv,8,URBANICITY,candidate_feature,vehicle,False,False,False,True,False,False,False,False,False,False,False
CRSS,2024,vehiclesf.csv,9,URBANICITYNAME,descriptive_label,vehicle,False,True,False,False,False,True,False,False,False,False,False
CRSS,2024,vehiclesf.csv,10,STRATUM,survey_design,vehicle,False,False,True,False,False,False,False,False,False,False,False
CRSS,2024,vehiclesf.csv,11,STRATUMNAME,descriptive_label,vehicle,False,True,False,False,False,True,False,False,False,False,False
CRSS,2024,vehiclesf.csv,12,PJ,survey_design,vehicle,False,False,True,False,False,False,False,False,False,False,False
CRSS,2024,vehiclesf.csv,13,WEIGHT,survey_design,vehicle,False,False,True,False,False,False,False,False,False,False,False
CRSS,2024,vehiclesf.csv,14,VEHICLESF,candidate_feature,vehicle,False,False,False,True,False,False,False,False,True,False,True
CRSS,2024,vehiclesf.csv,15,VEHICLESFNAME,descriptive_label,vehicle,False,True,False,False,False,True,False,False,True,False,False
CRSS,2024,vevent.csv,1,CASENUM,identifier,event_sequence,True,False,False,False,False,True,False,False,False,False,False
CRSS,2024,vevent.csv,2,EVENTNUM,relational_identifier,event_sequence,True,False,False,False,False,True,True,False,False,True,False
CRSS,2024,vevent.csv,3,VEH_NO,relational_identifier,event_sequence,True,False,False,False,False,True,False,False,True,False,False
CRSS,2024,vevent.csv,4,PSU,survey_design,event_sequence,False,False,True,False,False,False,False,False,False,False,False
CRSS,2024,vevent.csv,5,PSU_VAR,survey_design,event_sequence,False,False,True,False,False,False,False,False,False,False,False
CRSS,2024,vevent.csv,6,PSUSTRAT,survey_design,event_sequence,False,False,True,False,False,False,False,False,False,False,False
CRSS,2024,vevent.csv,7,REGION,identifier,event_sequence,True,False,False,False,False,True,False,False,False,False,False
CRSS,2024,vevent.csv,8,REGIONNAME,descriptive_label,event_sequence,False,True,False,False,False,True,False,False,False,False,False
CRSS,2024,vevent.csv,9,URBANICITY,candidate_feature,event_sequence,False,False,False,True,False,False,False,False,False,False,False
CRSS,2024,vevent.csv,10,URBANICITYNAME,descriptive_label,event_sequence,False,True,False,False,False,True,False,False,False,False,False
CRSS,2024,vevent.csv,11,STRATUM,survey_design,event_sequence,False,False,True,False,False,False,False,False,False,False,False
CRSS,2024,vevent.csv,12,STRATUMNAME,descriptive_label,event_sequence,False,True,False,False,False,True,False,False,False,False,False
CRSS,2024,vevent.csv,13,PJ,survey_design,event_sequence,False,False,True,False,False,False,False,False,False,False,False
CRSS,2024,vevent.csv,14,WEIGHT,survey_design,event_sequence,False,False,True,False,False,False,False,False,False,False,False
CRSS,2024,vevent.csv,15,VEVENTNUM,relational_identifier,event_sequence,True,False,False,False,False,True,True,False,False,True,False
CRSS,2024,vevent.csv,16,VNUMBER1,relational_identifier,event_sequence,True,False,False,False,False,True,False,False,False,True,False
CRSS,2024,vevent.csv,17,AOI1,relational_identifier,event_sequence,True,False,False,False,False,True,True,False,False,True,False
CRSS,2024,vevent.csv,18,AOI1NAME,descriptive_label,event_sequence,False,True,False,False,False,True,True,False,False,True,False
CRSS,2024,vevent.csv,19,SOE,relational_identifier,event_sequence,True,False,False,False,False,True,True,False,False,True,False
CRSS,2024,vevent.csv,20,SOENAME,descriptive_label,event_sequence,False,True,False,False,False,True,True,False,False,True,False
CRSS,2024,vevent.csv,21,VNumber2,relational_identifier,event_sequence,True,False,False,False,False,True,False,False,False,True,False
CRSS,2024,vevent.csv,22,VNumber2NAME,descriptive_label,event_sequence,False,True,False,False,False,True,False,False,False,True,False
CRSS,2024,vevent.csv,23,AOI2,relational_identifier,event_sequence,True,False,False,False,False,True,True,False,False,True,False
CRSS,2024,vevent.csv,24,AOI2NAME,descriptive_label,event_sequence,False,True,False,False,False,True,True,False,False,True,False
CRSS,2024,violatn.csv,1,CASENUM,identifier,risk_factor,True,False,False,False,False,True,False,False,False,False,False
CRSS,2024,violatn.csv,2,VEH_NO,relational_identifier,risk_factor,True,False,False,False,False,True,False,False,True,False,False
CRSS,2024,violatn.csv,3,PSU,survey_design,risk_factor,False,False,True,False,False,False,False,False,False,False,False
CRSS,2024,violatn.csv,4,PSU_VAR,survey_design,risk_factor,False,False,True,False,False,False,False,False,False,False,False
CRSS,2024,violatn.csv,5,PSUSTRAT,survey_design,risk_factor,False,False,True,False,False,False,False,False,False,False,False
CRSS,2024,violatn.csv,6,REGION,identifier,risk_factor,True,False,False,False,False,True,False,False,False,False,False
CRSS,2024,violatn.csv,7,REGIONNAME,descriptive_label,risk_factor,False,True,False,False,False,True,False,False,False,False,False
CRSS,2024,violatn.csv,8,URBANICITY,candidate_feature,risk_factor,False,False,False,True,False,False,False,False,False,False,False
CRSS,2024,violatn.csv,9,URBANICITYNAME,descriptive_label,risk_factor,False,True,False,False,False,True,False,False,False,False,False
CRSS,2024,violatn.csv,10,STRATUM,survey_design,risk_factor,False,False,True,False,False,False,False,False,False,False,False
CRSS,2024,violatn.csv,11,STRATUMNAME,descriptive_label,risk_factor,False,True,False,False,False,True,False,False,False,False,False
CRSS,2024,violatn.csv,12,PJ,survey_design,risk_factor,False,False,True,False,False,False,False,False,False,False,False
CRSS,2024,violatn.csv,13,WEIGHT,survey_design,risk_factor,False,False,True,False,False,False,False,False,False,False,False
CRSS,2024,violatn.csv,14,VIOLATION,candidate_feature,risk_factor,False,False,False,True,False,False,False,False,False,False,False
CRSS,2024,violatn.csv,15,VIOLATIONNAME,descriptive_label,risk_factor,False,True,False,False,False,True,False,False,False,False,False
CRSS,2024,vision.csv,1,CASENUM,identifier,environment,True,False,False,False,False,True,False,False,False,False,False
CRSS,2024,vision.csv,2,VEH_NO,relational_identifier,environment,True,False,False,False,False,True,False,False,True,False,False
CRSS,2024,vision.csv,3,PSU,survey_design,environment,False,False,True,False,False,False,False,False,False,False,False
CRSS,2024,vision.csv,4,PSU_VAR,survey_design,environment,False,False,True,False,False,False,False,False,False,False,False
CRSS,2024,vision.csv,5,PSUSTRAT,survey_design,environment,False,False,True,False,False,False,False,False,False,False,False
CRSS,2024,vision.csv,6,REGION,identifier,environment,True,False,False,False,False,True,False,False,False,False,False
CRSS,2024,vision.csv,7,REGIONNAME,descriptive_label,environment,False,True,False,False,False,True,False,False,False,False,False
CRSS,2024,vision.csv,8,URBANICITY,candidate_feature,environment,False,False,False,True,False,False,False,False,False,False,False
CRSS,2024,vision.csv,9,URBANICITYNAME,descriptive_label,environment,False,True,False,False,False,True,False,False,False,False,False
CRSS,2024,vision.csv,10,STRATUM,survey_design,environment,False,False,True,False,False,False,False,False,False,False,False
CRSS,2024,vision.csv,11,STRATUMNAME,descriptive_label,environment,False,True,False,False,False,True,False,False,False,False,False
CRSS,2024,vision.csv,12,PJ,survey_design,environment,False,False,True,False,False,False,False,False,False,False,False
CRSS,2024,vision.csv,13,WEIGHT,survey_design,environment,False,False,True,False,False,False,False,False,False,False,False
CRSS,2024,vision.csv,14,VISION,candidate_feature,environment,False,False,False,True,False,False,True,False,False,False,True
CRSS,2024,vision.csv,15,VISIONNAME,descriptive_label,environment,False,True,False,False,False,True,True,False,False,False,False
CRSS,2024,vpicdecode.csv,1,CASENUM,identifier,vehicle_technology,True,False,False,False,False,True,False,False,False,False,False
CRSS,2024,vpicdecode.csv,2,VEH_NO,relational_identifier,vehicle_technology,True,False,False,False,False,True,False,False,True,False,False
CRSS,2024,vpicdecode.csv,3,VEHICLEDESCRIPTOR,candidate_feature,vehicle_technology,False,False,False,True,False,False,False,False,True,False,True
CRSS,2024,vpicdecode.csv,4,VINDECODEDON,candidate_feature,vehicle_technology,False,False,False,True,False,False,False,False,True,False,True
CRSS,2024,vpicdecode.csv,5,VINDECODEERROR,candidate_feature,vehicle_technology,False,False,False,True,False,False,False,False,True,False,True
CRSS,2024,vpicdecode.csv,6,VEHICLETYPEID,candidate_feature,vehicle_technology,False,False,False,True,False,False,False,False,True,False,True
CRSS,2024,vpicdecode.csv,7,VEHICLETYPE,candidate_feature,vehicle_technology,False,False,False,True,False,False,False,False,True,False,True
CRSS,2024,vpicdecode.csv,8,MANUFACTURERFULLNAMEID,candidate_feature,vehicle_technology,False,False,False,True,False,False,False,False,False,False,False
CRSS,2024,vpicdecode.csv,9,MANUFACTURERFULLNAME,descriptive_label,vehicle_technology,False,True,False,False,False,True,False,False,False,False,False
CRSS,2024,vpicdecode.csv,10,MAKEID,candidate_feature,vehicle_technology,False,False,False,True,False,False,False,False,False,False,False
CRSS,2024,vpicdecode.csv,11,MAKE,candidate_feature,vehicle_technology,False,False,False,True,False,False,False,False,False,False,False
CRSS,2024,vpicdecode.csv,12,MODELID,candidate_feature,vehicle_technology,False,False,False,True,False,False,False,False,False,False,False
CRSS,2024,vpicdecode.csv,13,MODEL,candidate_feature,vehicle_technology,False,False,False,True,False,False,False,False,False,False,False
CRSS,2024,vpicdecode.csv,14,MODELYEAR,candidate_feature,vehicle_technology,False,False,False,True,False,False,False,False,False,False,False
CRSS,2024,vpicdecode.csv,15,SERIES,candidate_feature,vehicle_technology,False,False,False,True,False,False,False,False,False,False,False
CRSS,2024,vpicdecode.csv,16,TRIM,candidate_feature,vehicle_technology,False,False,False,True,False,False,False,False,False,False,False
CRSS,2024,vpicdecode.csv,17,SERIES2,candidate_feature,vehicle_technology,False,False,False,True,False,False,False,False,False,False,False
CRSS,2024,vpicdecode.csv,18,TRIM2,candidate_feature,vehicle_technology,False,False,False,True,False,False,False,False,False,False,False
CRSS,2024,vpicdecode.csv,19,PLANTCOUNTRYID,candidate_feature,vehicle_technology,False,False,False,True,False,False,False,False,True,False,True
CRSS,2024,vpicdecode.csv,20,PLANTCOUNTRY,candidate_feature,vehicle_technology,False,False,False,True,False,False,False,False,True,False,True
CRSS,2024,vpicdecode.csv,21,PLANTSTATE,candidate_feature,vehicle_technology,False,False,False,True,False,False,False,False,True,False,True
CRSS,2024,vpicdecode.csv,22,PLANTCITY,candidate_feature,vehicle_technology,False,False,False,True,False,False,False,False,True,False,True
CRSS,2024,vpicdecode.csv,23,PLANTCOMPANYNAME,descriptive_label,vehicle_technology,False,True,False,False,False,True,False,False,True,False,False
CRSS,2024,vpicdecode.csv,24,DESTINATIONMARKETID,candidate_feature,vehicle_technology,False,False,False,True,False,False,False,False,False,False,False
CRSS,2024,vpicdecode.csv,25,DESTINATIONMARKET,candidate_feature,vehicle_technology,False,False,False,True,False,False,False,False,False,False,False
CRSS,2024,vpicdecode.csv,26,BASEPRICE,candidate_feature,vehicle_technology,False,False,False,True,False,False,False,False,False,False,False
CRSS,2024,vpicdecode.csv,27,NONLANDUSEID,candidate_feature,vehicle_technology,False,False,False,True,False,False,False,False,True,False,True
CRSS,2024,vpicdecode.csv,28,NONLANDUSE,candidate_feature,vehicle_technology,False,False,False,True,False,False,False,False,True,False,True
CRSS,2024,vpicdecode.csv,29,NOTE,candidate_feature,vehicle_technology,False,False,False,True,False,False,False,False,False,False,False
CRSS,2024,vpicdecode.csv,30,BODYCLASSID,candidate_feature,vehicle_technology,False,False,False,True,False,False,False,False,False,False,False
CRSS,2024,vpicdecode.csv,31,BODYCLASS,candidate_feature,vehicle_technology,False,False,False,True,False,False,False,False,False,False,False
CRSS,2024,vpicdecode.csv,32,DOORSCOUNT,candidate_feature,vehicle_technology,False,False,False,True,False,False,False,False,False,False,False
CRSS,2024,vpicdecode.csv,33,WINDOWS,candidate_feature,vehicle_technology,False,False,False,True,False,False,False,False,False,False,False
CRSS,2024,vpicdecode.csv,34,WHEELBASETYPEID,candidate_feature,vehicle_technology,False,False,False,True,False,False,False,False,False,False,False
CRSS,2024,vpicdecode.csv,35,WHEELBASETYPE,candidate_feature,vehicle_technology,False,False,False,True,False,False,False,False,False,False,False
CRSS,2024,vpicdecode.csv,36,TRACKWIDTHIN,candidate_feature,vehicle_technology,False,False,False,True,False,False,False,False,False,False,False
CRSS,2024,vpicdecode.csv,37,GROSSVEHICLEWEIGHTRATINGFROMID,candidate_feature,vehicle_technology,False,False,False,True,False,False,False,False,True,False,True
CRSS,2024,vpicdecode.csv,38,GROSSVEHICLEWEIGHTRATINGFROM,candidate_feature,vehicle_technology,False,False,False,True,False,False,False,False,True,False,True
CRSS,2024,vpicdecode.csv,39,GROSSVEHICLEWEIGHTRATINGTOID,candidate_feature,vehicle_technology,False,False,False,True,False,False,False,False,True,False,True
CRSS,2024,vpicdecode.csv,40,GROSSVEHICLEWEIGHTRATINGTO,candidate_feature,vehicle_technology,False,False,False,True,False,False,False,False,True,False,True
CRSS,2024,vpicdecode.csv,41,GROSSCOMBWEIGHTRATINGFROMID,candidate_feature,vehicle_technology,False,False,False,True,False,False,False,False,False,False,False
CRSS,2024,vpicdecode.csv,42,GROSSCOMBWEIGHTRATINGFROM,candidate_feature,vehicle_technology,False,False,False,True,False,False,False,False,False,False,False
CRSS,2024,vpicdecode.csv,43,GROSSCOMBWEIGHTRATINGTOID,candidate_feature,vehicle_technology,False,False,False,True,False,False,False,False,False,False,False
CRSS,2024,vpicdecode.csv,44,GROSSCOMBWEIGHTRATINGTO,candidate_feature,vehicle_technology,False,False,False,True,False,False,False,False,False,False,False
CRSS,2024,vpicdecode.csv,45,CURBWEIGHTLB,candidate_feature,vehicle_technology,False,False,False,True,False,False,False,False,False,False,False
CRSS,2024,vpicdecode.csv,46,WHEELBASEIN_FROM,candidate_feature,vehicle_technology,False,False,False,True,False,False,False,False,False,False,False
CRSS,2024,vpicdecode.csv,47,WHEELBASEIN_TO,candidate_feature,vehicle_technology,False,False,False,True,False,False,False,False,False,False,False
CRSS,2024,vpicdecode.csv,48,WHEELSCOUNT,candidate_feature,vehicle_technology,False,False,False,True,False,False,False,False,False,False,False
CRSS,2024,vpicdecode.csv,49,WHEELSIZEFRONTIN,candidate_feature,vehicle_technology,False,False,False,True,False,False,False,False,False,False,False
CRSS,2024,vpicdecode.csv,50,WHEELSIZEREARIN,candidate_feature,vehicle_technology,False,False,False,True,False,False,False,False,False,False,False
CRSS,2024,vpicdecode.csv,51,TRUCKBODYCABTYPEID,candidate_feature,vehicle_technology,False,False,False,True,False,False,False,False,False,False,False
CRSS,2024,vpicdecode.csv,52,TRUCKBODYCABTYPE,candidate_feature,vehicle_technology,False,False,False,True,False,False,False,False,False,False,False
CRSS,2024,vpicdecode.csv,53,TRUCKBEDTYPEID,candidate_feature,vehicle_technology,False,False,False,True,False,False,False,False,False,False,False
CRSS,2024,vpicdecode.csv,54,TRUCKBEDTYPE,candidate_feature,vehicle_technology,False,False,False,True,False,False,False,False,False,False,False
CRSS,2024,vpicdecode.csv,55,TRUCKBEDLENGTHIN,candidate_feature,vehicle_technology,False,False,False,True,False,False,False,False,False,False,False
CRSS,2024,vpicdecode.csv,56,BUSTYPEID,candidate_feature,vehicle_technology,False,False,False,True,False,False,False,False,False,False,False
CRSS,2024,vpicdecode.csv,57,BUSTYPE,candidate_feature,vehicle_technology,False,False,False,True,False,False,False,False,False,False,False
CRSS,2024,vpicdecode.csv,58,BUSFLOORCONFIGURATIONTYPEID,candidate_feature,vehicle_technology,False,False,False,True,False,False,False,False,False,False,False
CRSS,2024,vpicdecode.csv,59,BUSFLOORCONFIGURATIONTYPE,candidate_feature,vehicle_technology,False,False,False,True,False,False,False,False,False,False,False
CRSS,2024,vpicdecode.csv,60,BUSLENGTHFT,candidate_feature,vehicle_technology,False,False,False,True,False,False,False,False,False,False,False
CRSS,2024,vpicdecode.csv,61,OTHERBUSINFO,candidate_feature,vehicle_technology,False,False,False,True,False,False,False,False,False,False,False
CRSS,2024,vpicdecode.csv,62,CUSTOMMOTORCYCLETYPEID,candidate_feature,vehicle_technology,False,False,False,True,False,False,False,False,False,False,False
CRSS,2024,vpicdecode.csv,63,CUSTOMMOTORCYCLETYPE,candidate_feature,vehicle_technology,False,False,False,True,False,False,False,False,False,False,False
CRSS,2024,vpicdecode.csv,64,MOTORCYCLESUSPENSIONTYPEID,candidate_feature,vehicle_technology,False,False,False,True,False,False,False,False,False,False,False
CRSS,2024,vpicdecode.csv,65,MOTORCYCLESUSPENSIONTYPE,candidate_feature,vehicle_technology,False,False,False,True,False,False,False,False,False,False,False
CRSS,2024,vpicdecode.csv,66,MOTORCYCLECHASSISTYPEID,candidate_feature,vehicle_technology,False,False,False,True,False,False,True,False,False,False,True
CRSS,2024,vpicdecode.csv,67,MOTORCYCLECHASSISTYPE,candidate_feature,vehicle_technology,False,False,False,True,False,False,True,False,False,False,True
CRSS,2024,vpicdecode.csv,68,OTHERMOTORCYCLEINFO,candidate_feature,vehicle_technology,False,False,False,True,False,False,False,False,False,False,False
CRSS,2024,vpicdecode.csv,69,STEERINGLOCATIONID,candidate_feature,vehicle_technology,False,False,False,True,False,False,False,False,False,False,False
CRSS,2024,vpicdecode.csv,70,STEERINGLOCATION,candidate_feature,vehicle_technology,False,False,False,True,False,False,False,False,False,False,False
CRSS,2024,vpicdecode.csv,71,ENTERTAINMENTSYSTEMID,candidate_feature,vehicle_technology,False,False,False,True,False,False,False,False,False,False,False
CRSS,2024,vpicdecode.csv,72,ENTERTAINMENTSYSTEM,candidate_feature,vehicle_technology,False,False,False,True,False,False,False,False,False,False,False
CRSS,2024,vpicdecode.csv,73,SEATSCOUNT,candidate_feature,vehicle_technology,False,False,False,True,False,False,False,True,False,False,True
CRSS,2024,vpicdecode.csv,74,SEATROWSCOUNT,candidate_feature,vehicle_technology,False,False,False,True,False,False,False,True,False,False,True
CRSS,2024,vpicdecode.csv,75,TRANSMISSIONSPEEDS,candidate_feature,vehicle_technology,False,False,False,True,False,False,True,False,True,False,True
CRSS,2024,vpicdecode.csv,76,TRANSMISSIONSTYLEID,candidate_feature,vehicle_technology,False,False,False,True,False,False,False,False,False,False,False
CRSS,2024,vpicdecode.csv,77,TRANSMISSIONSTYLE,candidate_feature,vehicle_technology,False,False,False,True,False,False,False,False,False,False,False
CRSS,2024,vpicdecode.csv,78,DRIVETYPEID,candidate_feature,vehicle_technology,False,False,False,True,False,False,False,False,False,False,False
CRSS,2024,vpicdecode.csv,79,DRIVETYPE,candidate_feature,vehicle_technology,False,False,False,True,False,False,False,False,False,False,False
CRSS,2024,vpicdecode.csv,80,AXLESCOUNT,candidate_feature,vehicle_technology,False,False,False,True,False,False,False,False,False,False,False
CRSS,2024,vpicdecode.csv,81,AXLECONFIGURATIONID,candidate_feature,vehicle_technology,False,False,False,True,False,False,False,False,False,False,False
CRSS,2024,vpicdecode.csv,82,AXLECONFIGURATION,candidate_feature,vehicle_technology,False,False,False,True,False,False,False,False,False,False,False
CRSS,2024,vpicdecode.csv,83,BRAKESYSTEMTYPEID,candidate_feature,vehicle_technology,False,False,False,True,False,False,True,False,True,False,True
CRSS,2024,vpicdecode.csv,84,BRAKESYSTEMTYPE,candidate_feature,vehicle_technology,False,False,False,True,False,False,True,False,True,False,True
CRSS,2024,vpicdecode.csv,85,BRAKESYSTEMDESC,candidate_feature,vehicle_technology,False,False,False,True,False,False,True,False,True,False,True
CRSS,2024,vpicdecode.csv,86,EVDRIVEUNITID,candidate_feature,vehicle_technology,False,False,False,True,False,False,False,False,False,False,False
CRSS,2024,vpicdecode.csv,87,EVDRIVEUNIT,candidate_feature,vehicle_technology,False,False,False,True,False,False,False,False,False,False,False
CRSS,2024,vpicdecode.csv,88,BATTERYKWH_FROM,candidate_feature,vehicle_technology,False,False,False,True,False,False,False,False,True,False,True
CRSS,2024,vpicdecode.csv,89,BATTERYKWH_TO,candidate_feature,vehicle_technology,False,False,False,True,False,False,False,False,True,False,True
CRSS,2024,vpicdecode.csv,90,BATTERYV_FROM,candidate_feature,vehicle_technology,False,False,False,True,False,False,False,False,True,False,True
CRSS,2024,vpicdecode.csv,91,BATTERYV_TO,candidate_feature,vehicle_technology,False,False,False,True,False,False,False,False,True,False,True
CRSS,2024,vpicdecode.csv,92,BATTERYA_FROM,candidate_feature,vehicle_technology,False,False,False,True,False,False,False,False,True,False,True
CRSS,2024,vpicdecode.csv,93,BATTERYA_TO,candidate_feature,vehicle_technology,False,False,False,True,False,False,False,False,True,False,True
CRSS,2024,vpicdecode.csv,94,BATTERYPACKSPERVEHICLE,candidate_feature,vehicle_technology,False,False,False,True,False,False,False,False,True,False,True
CRSS,2024,vpicdecode.csv,95,BATTERYMODULESPERPACK,candidate_feature,vehicle_technology,False,False,False,True,False,False,False,False,True,False,True
CRSS,2024,vpicdecode.csv,96,BATTERYCELLSPERMODULE,candidate_feature,vehicle_technology,False,False,False,True,False,False,False,False,True,False,True
CRSS,2024,vpicdecode.csv,97,BATTERYTYPEID,candidate_feature,vehicle_technology,False,False,False,True,False,False,False,False,True,False,True
CRSS,2024,vpicdecode.csv,98,BATTERYTYPE,candidate_feature,vehicle_technology,False,False,False,True,False,False,False,False,True,False,True
CRSS,2024,vpicdecode.csv,99,OTHERBATTERYINFO,candidate_feature,vehicle_technology,False,False,False,True,False,False,False,False,True,False,True
CRSS,2024,vpicdecode.csv,100,CHARGERLEVELID,candidate_feature,vehicle_technology,False,False,False,True,False,False,False,False,False,False,False
CRSS,2024,vpicdecode.csv,101,CHARGERLEVEL,candidate_feature,vehicle_technology,False,False,False,True,False,False,False,False,False,False,False
CRSS,2024,vpicdecode.csv,102,CHARGERPOWERKW,candidate_feature,vehicle_technology,False,False,False,True,False,False,False,False,False,False,False
CRSS,2024,vpicdecode.csv,103,ENGINEMANUFACTURER,candidate_feature,vehicle_technology,False,False,False,True,False,False,False,False,True,False,True
CRSS,2024,vpicdecode.csv,104,ENGINEMODEL,candidate_feature,vehicle_technology,False,False,False,True,False,False,False,False,True,False,True
CRSS,2024,vpicdecode.csv,105,ENGINECONFIGURATIONID,candidate_feature,vehicle_technology,False,False,False,True,False,False,False,False,True,False,True
CRSS,2024,vpicdecode.csv,106,ENGINECONFIGURATION,candidate_feature,vehicle_technology,False,False,False,True,False,False,False,False,True,False,True
CRSS,2024,vpicdecode.csv,107,ENGINEPOWERKW,candidate_feature,vehicle_technology,False,False,False,True,False,False,False,False,True,False,True
CRSS,2024,vpicdecode.csv,108,ENGINESTROKECYCLES,candidate_feature,vehicle_technology,False,False,False,True,False,False,False,False,True,False,True
CRSS,2024,vpicdecode.csv,109,ENGINECYLINDERSCOUNT,candidate_feature,vehicle_technology,False,False,False,True,False,False,False,False,True,False,True
CRSS,2024,vpicdecode.csv,110,ENGINEBRAKEHP_FROM,candidate_feature,vehicle_technology,False,False,False,True,False,False,True,False,True,False,True
CRSS,2024,vpicdecode.csv,111,ENGINEBRAKEHP_TO,candidate_feature,vehicle_technology,False,False,False,True,False,False,True,False,True,False,True
CRSS,2024,vpicdecode.csv,112,ENGINECOOLINGTYPEID,candidate_feature,vehicle_technology,False,False,False,True,False,False,False,False,True,False,True
CRSS,2024,vpicdecode.csv,113,ENGINECOOLINGTYPE,candidate_feature,vehicle_technology,False,False,False,True,False,False,False,False,True,False,True
CRSS,2024,vpicdecode.csv,114,DISPLACEMENTCI,candidate_feature,vehicle_technology,False,False,False,True,False,False,False,False,False,False,False
CRSS,2024,vpicdecode.csv,115,DISPLACEMENTCC,candidate_feature,vehicle_technology,False,False,False,True,False,False,False,False,False,False,False
CRSS,2024,vpicdecode.csv,116,DISPLACEMENTL,candidate_feature,vehicle_technology,False,False,False,True,False,False,False,False,False,False,False
CRSS,2024,vpicdecode.csv,117,FUELTYPEPRIMARYID,candidate_feature,vehicle_technology,False,False,False,True,False,False,False,False,False,False,False
CRSS,2024,vpicdecode.csv,118,FUELTYPEPRIMARY,candidate_feature,vehicle_technology,False,False,False,True,False,False,False,False,False,False,False
CRSS,2024,vpicdecode.csv,119,FUELTYPESECONDARYID,candidate_feature,vehicle_technology,False,False,False,True,False,False,False,False,False,False,False
CRSS,2024,vpicdecode.csv,120,FUELTYPESECONDARY,candidate_feature,vehicle_technology,False,False,False,True,False,False,False,False,False,False,False
CRSS,2024,vpicdecode.csv,121,FUELDELIVERYINJECTIONTYPEID,candidate_feature,vehicle_technology,False,False,False,True,False,False,False,True,False,False,True
CRSS,2024,vpicdecode.csv,122,FUELDELIVERYINJECTIONTYPE,candidate_feature,vehicle_technology,False,False,False,True,False,False,False,True,False,False,True
CRSS,2024,vpicdecode.csv,123,ENGINEVALVETRAINDESIGNID,candidate_feature,vehicle_technology,False,False,False,True,False,False,False,False,True,False,True
CRSS,2024,vpicdecode.csv,124,ENGINEVALVETRAINDESIGN,candidate_feature,vehicle_technology,False,False,False,True,False,False,False,False,True,False,True
CRSS,2024,vpicdecode.csv,125,ENGINEELECTRIFICATIONLEVELID,candidate_feature,vehicle_technology,False,False,False,True,False,False,False,False,True,False,True
CRSS,2024,vpicdecode.csv,126,ENGINEELECTRIFICATIONLEVEL,candidate_feature,vehicle_technology,False,False,False,True,False,False,False,False,True,False,True
CRSS,2024,vpicdecode.csv,127,ENGINETURBOID,candidate_feature,vehicle_technology,False,False,False,True,False,False,False,False,True,False,True
CRSS,2024,vpicdecode.csv,128,ENGINETURBO,candidate_feature,vehicle_technology,False,False,False,True,False,False,False,False,True,False,True
CRSS,2024,vpicdecode.csv,129,TOPSPEEDMPH,candidate_feature,vehicle_technology,False,False,False,True,False,False,True,False,True,False,True
CRSS,2024,vpicdecode.csv,130,OTHERENGINEINFO,candidate_feature,vehicle_technology,False,False,False,True,False,False,False,False,True,False,True
CRSS,2024,vpicdecode.csv,131,SEATBELTTYPEID,candidate_feature,vehicle_technology,False,False,False,True,False,False,False,True,False,False,True
CRSS,2024,vpicdecode.csv,132,SEATBELTTYPE,candidate_feature,vehicle_technology,False,False,False,True,False,False,False,True,False,False,True
CRSS,2024,vpicdecode.csv,133,PRETENSIONERID,candidate_feature,vehicle_technology,False,False,False,True,False,False,False,False,False,False,False
CRSS,2024,vpicdecode.csv,134,PRETENSIONER,candidate_feature,vehicle_technology,False,False,False,True,False,False,False,False,False,False,False
CRSS,2024,vpicdecode.csv,135,AIRBAGLOCFRONTID,candidate_feature,vehicle_technology,False,False,False,True,False,False,False,False,False,False,False
CRSS,2024,vpicdecode.csv,136,AIRBAGLOCFRONT,candidate_feature,vehicle_technology,False,False,False,True,False,False,False,False,False,False,False
CRSS,2024,vpicdecode.csv,137,AIRBAGLOCKNEEID,candidate_feature,vehicle_technology,False,False,False,True,False,False,False,False,False,False,False
CRSS,2024,vpicdecode.csv,138,AIRBAGLOCKNEE,candidate_feature,vehicle_technology,False,False,False,True,False,False,False,False,False,False,False
CRSS,2024,vpicdecode.csv,139,AIRBAGLOCSIDEID,candidate_feature,vehicle_technology,False,False,False,True,False,False,False,False,False,False,False
CRSS,2024,vpicdecode.csv,140,AIRBAGLOCSIDE,candidate_feature,vehicle_technology,False,False,False,True,False,False,False,False,False,False,False
CRSS,2024,vpicdecode.csv,141,AIRBAGLOCCURTAINID,candidate_feature,vehicle_technology,False,False,False,True,False,False,False,False,False,False,False
CRSS,2024,vpicdecode.csv,142,AIRBAGLOCCURTAIN,candidate_feature,vehicle_technology,False,False,False,True,False,False,False,False,False,False,False
CRSS,2024,vpicdecode.csv,143,AIRBAGLOCSEATCUSHIONID,candidate_feature,vehicle_technology,False,False,False,True,False,False,False,True,False,False,True
CRSS,2024,vpicdecode.csv,144,AIRBAGLOCSEATCUSHION,candidate_feature,vehicle_technology,False,False,False,True,False,False,False,True,False,False,True
CRSS,2024,vpicdecode.csv,145,OTHERRESTRAINTSYSTEMINFO,candidate_feature,vehicle_technology,False,False,False,True,False,False,False,True,False,False,True
CRSS,2024,vpicdecode.csv,146,FORWARDCOLLISIONWARNINGID,candidate_feature,vehicle_technology,False,False,False,True,False,False,True,False,True,False,True
CRSS,2024,vpicdecode.csv,147,FORWARDCOLLISIONWARNING,candidate_feature,vehicle_technology,False,False,False,True,False,False,True,False,True,False,True
CRSS,2024,vpicdecode.csv,148,DYNAMICBRAKESUPPORTID,candidate_feature,vehicle_technology,False,False,False,True,False,False,True,False,True,False,True
CRSS,2024,vpicdecode.csv,149,DYNAMICBRAKESUPPORT,candidate_feature,vehicle_technology,False,False,False,True,False,False,True,False,True,False,True
CRSS,2024,vpicdecode.csv,150,CRASHIMMINENTBRAKINGID,candidate_feature,vehicle_technology,False,False,False,True,False,False,False,False,False,False,False
CRSS,2024,vpicdecode.csv,151,CRASHIMMINENTBRAKING,candidate_feature,vehicle_technology,False,False,False,True,False,False,False,False,False,False,False
CRSS,2024,vpicdecode.csv,152,PEDESTRIANAUTOEMERGENCYBRAKINGID,candidate_feature,vehicle_technology,False,False,False,True,False,False,False,True,False,False,True
CRSS,2024,vpicdecode.csv,153,PEDESTRIANAUTOEMERGENCYBRAKING,candidate_feature,vehicle_technology,False,False,False,True,False,False,False,True,False,False,True
CRSS,2024,vpicdecode.csv,154,BLINDSPOTWARNINGID,candidate_feature,vehicle_technology,False,False,False,True,False,False,True,False,False,False,True
CRSS,2024,vpicdecode.csv,155,BLINDSPOTWARNING,candidate_feature,vehicle_technology,False,False,False,True,False,False,True,False,False,False,True
CRSS,2024,vpicdecode.csv,156,BLINDSPOTINTERVENTIONID,candidate_feature,vehicle_technology,False,False,False,True,False,False,False,False,False,False,False
CRSS,2024,vpicdecode.csv,157,BLINDSPOTINTERVENTION,candidate_feature,vehicle_technology,False,False,False,True,False,False,False,False,False,False,False
CRSS,2024,vpicdecode.csv,158,LANEDEPARTUREWARNINGID,candidate_feature,vehicle_technology,False,False,False,True,False,False,True,False,True,False,True
CRSS,2024,vpicdecode.csv,159,LANEDEPARTUREWARNING,candidate_feature,vehicle_technology,False,False,False,True,False,False,True,False,True,False,True
CRSS,2024,vpicdecode.csv,160,LANEKEEPINGASSISTANCEID,candidate_feature,vehicle_technology,False,False,False,True,False,False,True,False,True,False,True
CRSS,2024,vpicdecode.csv,161,LANEKEEPINGASSISTANCE,candidate_feature,vehicle_technology,False,False,False,True,False,False,True,False,True,False,True
CRSS,2024,vpicdecode.csv,162,LANECENTERINGASSISTANCEID,candidate_feature,vehicle_technology,False,False,False,True,False,False,True,False,True,False,True
CRSS,2024,vpicdecode.csv,163,LANECENTERINGASSISTANCE,candidate_feature,vehicle_technology,False,False,False,True,False,False,True,False,True,False,True
CRSS,2024,vpicdecode.csv,164,BACKUPCAMERAID,candidate_feature,vehicle_technology,False,False,False,True,False,False,False,False,False,False,False
CRSS,2024,vpicdecode.csv,165,BACKUPCAMERA,candidate_feature,vehicle_technology,False,False,False,True,False,False,False,False,False,False,False
CRSS,2024,vpicdecode.csv,166,REARCROSSTRAFFICALERTID,candidate_feature,vehicle_technology,False,False,False,True,False,False,False,False,False,False,False
CRSS,2024,vpicdecode.csv,167,REARCROSSTRAFFICALERT,candidate_feature,vehicle_technology,False,False,False,True,False,False,False,False,False,False,False
CRSS,2024,vpicdecode.csv,168,REARAUTOMATICEMERGENCYBRAKINGID,candidate_feature,vehicle_technology,False,False,False,True,False,False,False,False,False,False,False
CRSS,2024,vpicdecode.csv,169,REARAUTOMATICEMERGENCYBRAKING,candidate_feature,vehicle_technology,False,False,False,True,False,False,False,False,False,False,False
CRSS,2024,vpicdecode.csv,170,PARKASSISTID,candidate_feature,vehicle_technology,False,False,False,True,False,False,True,False,False,False,True
CRSS,2024,vpicdecode.csv,171,PARKASSIST,candidate_feature,vehicle_technology,False,False,False,True,False,False,True,False,False,False,True
CRSS,2024,vpicdecode.csv,172,DAYTIMERUNNINGLIGHTID,candidate_feature,vehicle_technology,False,False,False,True,False,False,False,False,False,False,False
CRSS,2024,vpicdecode.csv,173,DAYTIMERUNNINGLIGHT,candidate_feature,vehicle_technology,False,False,False,True,False,False,False,False,False,False,False
CRSS,2024,vpicdecode.csv,174,HEADLAMPLIGHTSOURCEID,candidate_feature,vehicle_technology,False,False,False,True,False,False,False,False,False,False,False
CRSS,2024,vpicdecode.csv,175,HEADLAMPLIGHTSOURCE,candidate_feature,vehicle_technology,False,False,False,True,False,False,False,False,False,False,False
CRSS,2024,vpicdecode.csv,176,SEMIAUTOHEADLAMPBEAMSWITCHINGID,candidate_feature,vehicle_technology,False,False,False,True,False,False,False,True,False,False,True
CRSS,2024,vpicdecode.csv,177,SEMIAUTOHEADLAMPBEAMSWITCHING,candidate_feature,vehicle_technology,False,False,False,True,False,False,False,True,False,False,True
CRSS,2024,vpicdecode.csv,178,ADAPTIVEDRIVINGBEAMID,candidate_feature,vehicle_technology,False,False,False,True,False,False,False,False,True,False,True
CRSS,2024,vpicdecode.csv,179,ADAPTIVEDRIVINGBEAM,candidate_feature,vehicle_technology,False,False,False,True,False,False,False,False,True,False,True
CRSS,2024,vpicdecode.csv,180,ADAPTIVECRUISECONTROLID,candidate_feature,vehicle_technology,False,False,False,True,False,False,True,False,False,False,True
CRSS,2024,vpicdecode.csv,181,ADAPTIVECRUISECONTROL,candidate_feature,vehicle_technology,False,False,False,True,False,False,True,False,False,False,True
CRSS,2024,vpicdecode.csv,182,ANTILOCKBRAKESYSTEMID,candidate_feature,vehicle_technology,False,False,False,True,False,False,True,False,True,False,True
CRSS,2024,vpicdecode.csv,183,ANTILOCKBRAKESYSTEM,candidate_feature,vehicle_technology,False,False,False,True,False,False,True,False,True,False,True
CRSS,2024,vpicdecode.csv,184,ELECTRONICSTABILITYCONTROLID,candidate_feature,vehicle_technology,False,False,False,True,False,False,True,False,False,False,True
CRSS,2024,vpicdecode.csv,185,ELECTRONICSTABILITYCONTROL,candidate_feature,vehicle_technology,False,False,False,True,False,False,True,False,False,False,True
CRSS,2024,vpicdecode.csv,186,TPMSID,candidate_feature,vehicle_technology,False,False,False,True,False,False,False,False,False,False,False
CRSS,2024,vpicdecode.csv,187,TPMS,candidate_feature,vehicle_technology,False,False,False,True,False,False,False,False,False,False,False
CRSS,2024,vpicdecode.csv,188,AUTOMATICCRASHNOTIFICATIONID,candidate_feature,vehicle_technology,False,False,False,True,False,False,False,False,False,False,False
CRSS,2024,vpicdecode.csv,189,AUTOMATICCRASHNOTIFICATION,candidate_feature,vehicle_technology,False,False,False,True,False,False,False,False,False,False,False
CRSS,2024,vpicdecode.csv,190,EVENTDATARECORDERID,candidate_feature,vehicle_technology,False,False,False,True,False,False,True,False,False,True,True
CRSS,2024,vpicdecode.csv,191,EVENTDATARECORDER,candidate_feature,vehicle_technology,False,False,False,True,False,False,True,False,False,True,True
CRSS,2024,vpicdecode.csv,192,TRACTIONCONTROLID,candidate_feature,vehicle_technology,False,False,False,True,False,False,True,False,False,False,True
CRSS,2024,vpicdecode.csv,193,TRACTIONCONTROL,candidate_feature,vehicle_technology,False,False,False,True,False,False,True,False,False,False,True
CRSS,2024,vpicdecode.csv,194,AUTOPEDESTRIANALERTINGSOUNDID,candidate_feature,vehicle_technology,False,False,False,True,False,False,False,True,False,False,True
CRSS,2024,vpicdecode.csv,195,AUTOPEDESTRIANALERTINGSOUND,candidate_feature,vehicle_technology,False,False,False,True,False,False,False,True,False,False,True
CRSS,2024,vpicdecode.csv,196,KEYLESSIGNITIONID,candidate_feature,vehicle_technology,False,False,False,True,False,False,False,False,False,False,False
CRSS,2024,vpicdecode.csv,197,KEYLESSIGNITION,candidate_feature,vehicle_technology,False,False,False,True,False,False,False,False,False,False,False
CRSS,2024,vpicdecode.csv,198,SAEAUTOMATIONLEVEL_FROM,candidate_feature,vehicle_technology,False,False,False,True,False,False,False,False,False,False,False
CRSS,2024,vpicdecode.csv,199,SAEAUTOMATIONLEVEL_TO,candidate_feature,vehicle_technology,False,False,False,True,False,False,False,False,False,False,False
CRSS,2024,vpicdecode.csv,200,AUTOREVERSESYSTEMID,candidate_feature,vehicle_technology,False,False,False,True,False,False,False,False,False,False,False
CRSS,2024,vpicdecode.csv,201,AUTOREVERSESYSTEM,candidate_feature,vehicle_technology,False,False,False,True,False,False,False,False,False,False,False
CRSS,2024,vpicdecode.csv,202,ACTIVESAFETYSYSNOTE,candidate_feature,vehicle_technology,False,False,False,True,False,False,False,False,False,False,False
CRSS,2024,vpictrailerdecode.csv,1,CASENUM,identifier,vehicle_technology,True,False,False,False,False,True,False,False,False,False,False
CRSS,2024,vpictrailerdecode.csv,2,VEH_NO,relational_identifier,vehicle_technology,True,False,False,False,False,True,False,False,True,False,False
CRSS,2024,vpictrailerdecode.csv,3,TRAILER_NO,candidate_feature,vehicle_technology,False,False,False,True,False,False,False,False,False,False,False
CRSS,2024,vpictrailerdecode.csv,4,VEHICLEDESCRIPTOR,candidate_feature,vehicle_technology,False,False,False,True,False,False,False,False,True,False,True
CRSS,2024,vpictrailerdecode.csv,5,VINDECODEDON,candidate_feature,vehicle_technology,False,False,False,True,False,False,False,False,True,False,True
CRSS,2024,vpictrailerdecode.csv,6,VINDECODEERROR,candidate_feature,vehicle_technology,False,False,False,True,False,False,False,False,True,False,True
CRSS,2024,vpictrailerdecode.csv,7,VEHICLETYPEID,candidate_feature,vehicle_technology,False,False,False,True,False,False,False,False,True,False,True
CRSS,2024,vpictrailerdecode.csv,8,VEHICLETYPE,candidate_feature,vehicle_technology,False,False,False,True,False,False,False,False,True,False,True
CRSS,2024,vpictrailerdecode.csv,9,MANUFACTURERFULLNAMEID,candidate_feature,vehicle_technology,False,False,False,True,False,False,False,False,False,False,False
CRSS,2024,vpictrailerdecode.csv,10,MANUFACTURERFULLNAME,descriptive_label,vehicle_technology,False,True,False,False,False,True,False,False,False,False,False
CRSS,2024,vpictrailerdecode.csv,11,MAKEID,candidate_feature,vehicle_technology,False,False,False,True,False,False,False,False,False,False,False
CRSS,2024,vpictrailerdecode.csv,12,MAKE,candidate_feature,vehicle_technology,False,False,False,True,False,False,False,False,False,False,False
CRSS,2024,vpictrailerdecode.csv,13,MODELID,candidate_feature,vehicle_technology,False,False,False,True,False,False,False,False,False,False,False
CRSS,2024,vpictrailerdecode.csv,14,MODEL,candidate_feature,vehicle_technology,False,False,False,True,False,False,False,False,False,False,False
CRSS,2024,vpictrailerdecode.csv,15,MODELYEAR,candidate_feature,vehicle_technology,False,False,False,True,False,False,False,False,False,False,False
CRSS,2024,vpictrailerdecode.csv,16,SERIES,candidate_feature,vehicle_technology,False,False,False,True,False,False,False,False,False,False,False
CRSS,2024,vpictrailerdecode.csv,17,TRIM,candidate_feature,vehicle_technology,False,False,False,True,False,False,False,False,False,False,False
CRSS,2024,vpictrailerdecode.csv,18,PLANTCOUNTRYID,candidate_feature,vehicle_technology,False,False,False,True,False,False,False,False,True,False,True
CRSS,2024,vpictrailerdecode.csv,19,PLANTCOUNTRY,candidate_feature,vehicle_technology,False,False,False,True,False,False,False,False,True,False,True
CRSS,2024,vpictrailerdecode.csv,20,PLANTSTATE,candidate_feature,vehicle_technology,False,False,False,True,False,False,False,False,True,False,True
CRSS,2024,vpictrailerdecode.csv,21,PLANTCITY,candidate_feature,vehicle_technology,False,False,False,True,False,False,False,False,True,False,True
CRSS,2024,vpictrailerdecode.csv,22,PLANTCOMPANYNAME,descriptive_label,vehicle_technology,False,True,False,False,False,True,False,False,True,False,False
CRSS,2024,vpictrailerdecode.csv,23,NONLANDUSEID,candidate_feature,vehicle_technology,False,False,False,True,False,False,False,False,True,False,True
CRSS,2024,vpictrailerdecode.csv,24,NONLANDUSE,candidate_feature,vehicle_technology,False,False,False,True,False,False,False,False,True,False,True
CRSS,2024,vpictrailerdecode.csv,25,NOTE,candidate_feature,vehicle_technology,False,False,False,True,False,False,False,False,False,False,False
CRSS,2024,vpictrailerdecode.csv,26,BODYCLASSID,candidate_feature,vehicle_technology,False,False,False,True,False,False,False,False,False,False,False
CRSS,2024,vpictrailerdecode.csv,27,BODYCLASS,candidate_feature,vehicle_technology,False,False,False,True,False,False,False,False,False,False,False
CRSS,2024,vpictrailerdecode.csv,28,GROSSVEHICLEWEIGHTRATINGFROMID,candidate_feature,vehicle_technology,False,False,False,True,False,False,False,False,True,False,True
CRSS,2024,vpictrailerdecode.csv,29,GROSSVEHICLEWEIGHTRATINGFROM,candidate_feature,vehicle_technology,False,False,False,True,False,False,False,False,True,False,True
CRSS,2024,vpictrailerdecode.csv,30,GROSSVEHICLEWEIGHTRATINGTOID,candidate_feature,vehicle_technology,False,False,False,True,False,False,False,False,True,False,True
CRSS,2024,vpictrailerdecode.csv,31,GROSSVEHICLEWEIGHTRATINGTO,candidate_feature,vehicle_technology,False,False,False,True,False,False,False,False,True,False,True
CRSS,2024,vpictrailerdecode.csv,32,TRAILERBODYTYPEID,candidate_feature,vehicle_technology,False,False,False,True,False,False,False,False,False,False,False
CRSS,2024,vpictrailerdecode.csv,33,TRAILERBODYTYPE,candidate_feature,vehicle_technology,False,False,False,True,False,False,False,False,False,False,False
CRSS,2024,vpictrailerdecode.csv,34,TRAILERTYPECONNECTIONID,candidate_feature,vehicle_technology,False,False,False,True,False,False,False,False,False,False,False
CRSS,2024,vpictrailerdecode.csv,35,TRAILERTYPECONNECTION,candidate_feature,vehicle_technology,False,False,False,True,False,False,False,False,False,False,False
CRSS,2024,vpictrailerdecode.csv,36,TRAILERLENGTHFT,candidate_feature,vehicle_technology,False,False,False,True,False,False,False,False,False,False,False
CRSS,2024,vpictrailerdecode.csv,37,OTHERTRAILERINFO,candidate_feature,vehicle_technology,False,False,False,True,False,False,False,False,False,False,False
CRSS,2024,vpictrailerdecode.csv,38,AXLESCOUNT,candidate_feature,vehicle_technology,False,False,False,True,False,False,False,False,False,False,False
CRSS,2024,vpictrailerdecode.csv,39,AXLECONFIGURATIONID,candidate_feature,vehicle_technology,False,False,False,True,False,False,False,False,False,False,False
CRSS,2024,vpictrailerdecode.csv,40,AXLECONFIGURATION,candidate_feature,vehicle_technology,False,False,False,True,False,False,False,False,False,False,False
CRSS,2024,vsoe.csv,1,CASENUM,identifier,event_sequence,True,False,False,False,False,True,False,False,False,False,False
CRSS,2024,vsoe.csv,2,VEH_NO,relational_identifier,event_sequence,True,False,False,False,False,True,False,False,True,False,False
CRSS,2024,vsoe.csv,3,PSU,survey_design,event_sequence,False,False,True,False,False,False,False,False,False,False,False
CRSS,2024,vsoe.csv,4,PSU_VAR,survey_design,event_sequence,False,False,True,False,False,False,False,False,False,False,False
CRSS,2024,vsoe.csv,5,PSUSTRAT,survey_design,event_sequence,False,False,True,False,False,False,False,False,False,False,False
CRSS,2024,vsoe.csv,6,REGION,identifier,event_sequence,True,False,False,False,False,True,False,False,False,False,False
CRSS,2024,vsoe.csv,7,REGIONNAME,descriptive_label,event_sequence,False,True,False,False,False,True,False,False,False,False,False
CRSS,2024,vsoe.csv,8,URBANICITY,candidate_feature,event_sequence,False,False,False,True,False,False,False,False,False,False,False
CRSS,2024,vsoe.csv,9,URBANICITYNAME,descriptive_label,event_sequence,False,True,False,False,False,True,False,False,False,False,False
CRSS,2024,vsoe.csv,10,STRATUM,survey_design,event_sequence,False,False,True,False,False,False,False,False,False,False,False
CRSS,2024,vsoe.csv,11,STRATUMNAME,descriptive_label,event_sequence,False,True,False,False,False,True,False,False,False,False,False
CRSS,2024,vsoe.csv,12,PJ,survey_design,event_sequence,False,False,True,False,False,False,False,False,False,False,False
CRSS,2024,vsoe.csv,13,WEIGHT,survey_design,event_sequence,False,False,True,False,False,False,False,False,False,False,False
CRSS,2024,vsoe.csv,14,VEVENTNUM,relational_identifier,event_sequence,True,False,False,False,False,True,True,False,False,True,False
CRSS,2024,vsoe.csv,15,SOE,relational_identifier,event_sequence,True,False,False,False,False,True,True,False,False,True,False
CRSS,2024,vsoe.csv,16,SOENAME,descriptive_label,event_sequence,False,True,False,False,False,True,True,False,False,True,False
CRSS,2024,vsoe.csv,17,AOI,relational_identifier,event_sequence,True,False,False,False,False,True,True,False,False,True,False
CRSS,2024,vsoe.csv,18,AOINAME,descriptive_label,event_sequence,False,True,False,False,False,True,True,False,False,True,False
CRSS,2024,weather.csv,1,CASENUM,identifier,environment,True,False,False,False,False,True,False,False,False,False,False
CRSS,2024,weather.csv,2,PSU,survey_design,environment,False,False,True,False,False,False,False,False,False,False,False
CRSS,2024,weather.csv,3,PSU_VAR,survey_design,environment,False,False,True,False,False,False,False,False,False,False,False
CRSS,2024,weather.csv,4,PSUSTRAT,survey_design,environment,False,False,True,False,False,False,False,False,False,False,False
CRSS,2024,weather.csv,5,REGION,identifier,environment,True,False,False,False,False,True,False,False,False,False,False
CRSS,2024,weather.csv,6,REGIONNAME,descriptive_label,environment,False,True,False,False,False,True,False,False,False,False,False
CRSS,2024,weather.csv,7,URBANICITY,candidate_feature,environment,False,False,False,True,False,False,False,False,False,False,False
CRSS,2024,weather.csv,8,URBANICITYNAME,descriptive_label,environment,False,True,False,False,False,True,False,False,False,False,False
CRSS,2024,weather.csv,9,STRATUM,survey_design,environment,False,False,True,False,False,False,False,False,False,False,False
CRSS,2024,weather.csv,10,STRATUMNAME,descriptive_label,environment,False,True,False,False,False,True,False,False,False,False,False
CRSS,2024,weather.csv,11,PJ,survey_design,environment,False,False,True,False,False,False,False,False,False,False,False
CRSS,2024,weather.csv,12,WEIGHT,survey_design,environment,False,False,True,False,False,False,False,False,False,False,False
CRSS,2024,weather.csv,13,WEATHER,candidate_feature,environment,False,False,False,True,False,False,False,False,False,False,False
CRSS,2024,weather.csv,14,WEATHERNAME,descriptive_label,environment,False,True,False,False,False,True,False,False,False,False,False
