timestamp_s,vehicle_id,scenario,source_row,y3_probability,y6_probability,model_input_feature_count,model_observation_window_steps,model_observation_window_seconds,y3_horizon_seconds,y6_horizon_seconds,evidence_SOC,evidence_SOH,evidence_HVVoltage,evidence_HVCurrent,evidence_BatteryTemperature,evidence_CellVoltageDeviation,evidence_CellTemperatureDeviation,evidence_BMSState,evidence_ContactorState,evidence_PrechargeState,evidence_IsolationStatus,evidence_MotorRPM,evidence_TorqueCommand,evidence_TorqueFeedback,evidence_MotorTemperature,evidence_InverterTemperature,evidence_DriverSeatbelt,evidence_PassengerSeatbelt,evidence_DriverPretensioner,evidence_PassengerPretensioner,evidence_DriverAirbag,evidence_PassengerAirbag,evidence_SideAirbag,evidence_CurtainAirbag,evidence_DriverOccupant,evidence_PassengerOccupant,evidence_CrashEventStatus,evidence_ImpactSeverity,evidence_RolloverStatus,evidence_RestraintIntegrity,evidence_GatewayIntegrity,evidence_IntegrityStatus,laboratory_generated,physical_vehicle,direct_actuation,model_retraining,crss_replacement_claim,live_cortex_xdr
0.55,EV-LAB-001,NORMAL_BASELINE,11,0.9899758696556091,0.9990416169166565,59,12,60,15,30,80.0,98.0,399.1,81.7,31.0,0.016,2.0,2.0,1.0,2.0,1.0,3395.0,115.8,116.8,77.0,65.0,1.0,1.0,0.0,0.0,0.0,0.0,0.0,0.0,1.0,1.0,0.0,0.0,0.0,1.0,1.0,1.0,True,False,False,False,False,False
0.6,EV-LAB-001,NORMAL_BASELINE,12,0.9899647831916809,0.9990422129631042,59,12,60,15,30,80.0,98.0,398.7000000000001,79.30000000000001,31.0,0.013,1.9,2.0,1.0,2.0,1.0,3404.0,114.2,114.6,77.0,65.0,1.0,1.0,0.0,0.0,0.0,0.0,0.0,0.0,1.0,1.0,0.0,0.0,0.0,1.0,1.0,1.0,True,False,False,False,False,False
0.65,EV-LAB-001,NORMAL_BASELINE,13,0.9899536371231079,0.9990426898002625,59,12,60,15,30,80.0,98.0,398.8,82.5,30.0,0.013,2.0,2.0,1.0,2.0,1.0,3412.0,116.4,115.6,78.0,65.0,1.0,1.0,0.0,0.0,0.0,0.0,0.0,0.0,1.0,1.0,0.0,0.0,0.0,1.0,1.0,1.0,True,False,False,False,False,False
0.7,EV-LAB-001,NORMAL_BASELINE,14,0.9899426698684692,0.9990432858467102,59,12,60,15,30,80.0,98.0,398.7000000000001,82.30000000000001,30.0,0.012,2.0,2.0,1.0,2.0,1.0,3421.0,118.2,117.6,77.0,64.0,1.0,1.0,0.0,0.0,0.0,0.0,0.0,0.0,1.0,1.0,0.0,0.0,0.0,1.0,1.0,1.0,True,False,False,False,False,False
0.75,EV-LAB-001,NORMAL_BASELINE,15,0.989931583404541,0.9990437626838684,59,12,60,15,30,80.0,98.0,398.0,82.9,31.0,0.013,2.2,2.0,1.0,2.0,1.0,3429.0,119.2,117.9,77.0,65.0,1.0,1.0,0.0,0.0,0.0,0.0,0.0,0.0,1.0,1.0,0.0,0.0,0.0,1.0,1.0,1.0,True,False,False,False,False,False
0.8,EV-LAB-001,NORMAL_BASELINE,16,0.9899204969406128,0.9990443587303162,59,12,60,15,30,80.0,98.0,398.8,82.7,30.0,0.01,2.0,2.0,1.0,2.0,1.0,3437.0,117.6,120.8,78.0,66.0,1.0,1.0,0.0,0.0,0.0,0.0,0.0,0.0,1.0,1.0,0.0,0.0,0.0,1.0,1.0,1.0,True,False,False,False,False,False
0.85,EV-LAB-001,NORMAL_BASELINE,17,0.9899095296859741,0.9990448355674744,59,12,60,15,30,80.0,98.0,398.8,81.5,31.0,0.014,1.9,2.0,1.0,2.0,1.0,3446.0,114.2,113.7,77.0,65.0,1.0,1.0,0.0,0.0,0.0,0.0,0.0,0.0,1.0,1.0,0.0,0.0,0.0,1.0,1.0,1.0,True,False,False,False,False,False
0.9,EV-LAB-001,NORMAL_BASELINE,18,0.9898985028266907,0.9990454316139221,59,12,60,15,30,80.0,98.0,398.5,84.30000000000001,31.0,0.009,1.9,2.0,1.0,2.0,1.0,3454.0,117.1,117.6,78.0,66.0,1.0,1.0,0.0,0.0,0.0,0.0,0.0,0.0,1.0,1.0,0.0,0.0,0.0,1.0,1.0,1.0,True,False,False,False,False,False
0.95,EV-LAB-001,NORMAL_BASELINE,19,0.989887535572052,0.9990459084510803,59,12,60,15,30,80.0,98.0,398.1,79.9,31.0,0.013,2.1,2.0,1.0,2.0,1.0,3462.0,117.0,115.8,78.0,66.0,1.0,1.0,0.0,0.0,0.0,0.0,0.0,0.0,1.0,1.0,0.0,0.0,0.0,1.0,1.0,1.0,True,False,False,False,False,False
1.0,EV-LAB-001,NORMAL_BASELINE,20,0.9898765683174133,0.9990463852882385,59,12,60,15,30,80.0,98.0,398.7000000000001,79.9,30.0,0.013,2.3000000000000003,2.0,1.0,2.0,1.0,3470.0,114.7,114.9,78.0,66.0,1.0,1.0,0.0,0.0,0.0,0.0,0.0,0.0,1.0,1.0,0.0,0.0,0.0,1.0,1.0,1.0,True,False,False,False,False,False
1.05,EV-LAB-001,NORMAL_BASELINE,21,0.9898657202720642,0.9990469813346863,59,12,60,15,30,80.0,98.0,399.0,82.4,31.0,0.01,2.0,2.0,1.0,2.0,1.0,3478.0,118.7,120.1,78.0,65.0,1.0,1.0,0.0,0.0,0.0,0.0,0.0,0.0,1.0,1.0,0.0,0.0,0.0,1.0,1.0,1.0,True,False,False,False,False,False
1.1,EV-LAB-001,NORMAL_BASELINE,22,0.9898548126220703,0.9990474581718445,59,12,60,15,30,80.0,98.0,398.8,79.9,30.0,0.014,2.2,2.0,1.0,2.0,1.0,3486.0,117.0,117.7,79.0,67.0,1.0,1.0,0.0,0.0,0.0,0.0,0.0,0.0,1.0,1.0,0.0,0.0,0.0,1.0,1.0,1.0,True,False,False,False,False,False
1.15,EV-LAB-001,NORMAL_BASELINE,23,0.9898440837860107,0.9990479350090027,59,12,60,15,30,80.0,98.0,398.9,79.30000000000001,31.0,0.011,2.0,2.0,1.0,2.0,1.0,3494.0,116.0,119.0,78.0,67.0,1.0,1.0,0.0,0.0,0.0,0.0,0.0,0.0,1.0,1.0,0.0,0.0,0.0,1.0,1.0,1.0,True,False,False,False,False,False
1.2,EV-LAB-001,NORMAL_BASELINE,24,0.9898333549499512,0.9990484118461609,59,12,60,15,30,80.0,98.0,398.8,82.30000000000001,30.0,0.016,2.1,2.0,1.0,2.0,1.0,3501.0,117.4,116.4,78.0,66.0,1.0,1.0,0.0,0.0,0.0,0.0,0.0,0.0,1.0,1.0,0.0,0.0,0.0,1.0,1.0,1.0,True,False,False,False,False,False
1.25,EV-LAB-001,NORMAL_BASELINE,25,0.9898226261138916,0.9990490078926086,59,12,60,15,30,80.0,98.0,398.9,82.4,31.0,0.013,2.0,2.0,1.0,2.0,1.0,3509.0,117.9,117.8,78.0,66.0,1.0,1.0,0.0,0.0,0.0,0.0,0.0,0.0,1.0,1.0,0.0,0.0,0.0,1.0,1.0,1.0,True,False,False,False,False,False
1.3,EV-LAB-001,NORMAL_BASELINE,26,0.9898119568824768,0.9990494847297668,59,12,60,15,30,80.0,98.0,397.9,83.4,31.0,0.009,2.0,2.0,1.0,2.0,1.0,3517.0,119.7,119.7,78.0,66.0,1.0,1.0,0.0,0.0,0.0,0.0,0.0,0.0,1.0,1.0,0.0,0.0,0.0,1.0,1.0,1.0,True,False,False,False,False,False
1.35,EV-LAB-001,NORMAL_BASELINE,27,0.9898014664649963,0.999049961566925,59,12,60,15,30,80.0,98.0,398.3,82.5,31.0,0.013,2.2,2.0,1.0,2.0,1.0,3524.0,117.2,118.7,78.0,67.0,1.0,1.0,0.0,0.0,0.0,0.0,0.0,0.0,1.0,1.0,0.0,0.0,0.0,1.0,1.0,1.0,True,False,False,False,False,False
1.4,EV-LAB-001,NORMAL_BASELINE,28,0.9897909760475159,0.9990504384040833,59,12,60,15,30,80.0,98.0,398.3,80.7,30.0,0.012,1.7000000000000002,2.0,1.0,2.0,1.0,3532.0,116.5,117.4,78.0,66.0,1.0,1.0,0.0,0.0,0.0,0.0,0.0,0.0,1.0,1.0,0.0,0.0,0.0,1.0,1.0,1.0,True,False,False,False,False,False
1.45,EV-LAB-001,NORMAL_BASELINE,29,0.9897805452346802,0.9990509152412415,59,12,60,15,30,80.0,98.0,398.4,82.30000000000001,31.0,0.012,2.0,2.0,1.0,2.0,1.0,3539.0,118.5,116.2,79.0,66.0,1.0,1.0,0.0,0.0,0.0,0.0,0.0,0.0,1.0,1.0,0.0,0.0,0.0,1.0,1.0,1.0,True,False,False,False,False,False
1.5,EV-LAB-001,NORMAL_BASELINE,30,0.9897702932357788,0.9990513920783997,59,12,60,15,30,80.0,98.0,398.6,82.0,31.0,0.009,2.1,2.0,1.0,2.0,1.0,3546.0,117.2,117.2,79.0,67.0,1.0,1.0,0.0,0.0,0.0,0.0,0.0,0.0,1.0,1.0,0.0,0.0,0.0,1.0,1.0,1.0,True,False,False,False,False,False
1.55,EV-LAB-001,NORMAL_BASELINE,31,0.9897599816322327,0.9990518689155579,59,12,60,15,30,80.0,98.0,398.0,78.9,30.0,0.009,2.2,2.0,1.0,2.0,1.0,3553.0,116.4,117.1,78.0,66.0,1.0,1.0,0.0,0.0,0.0,0.0,0.0,0.0,1.0,1.0,0.0,0.0,0.0,1.0,1.0,1.0,True,False,False,False,False,False
1.6,EV-LAB-001,NORMAL_BASELINE,32,0.9897498488426208,0.9990523457527161,59,12,60,15,30,80.0,98.0,398.6,83.60000000000001,31.0,0.01,1.9,2.0,1.0,2.0,1.0,3560.0,117.4,117.6,78.0,67.0,1.0,1.0,0.0,0.0,0.0,0.0,0.0,0.0,1.0,1.0,0.0,0.0,0.0,1.0,1.0,1.0,True,False,False,False,False,False
1.65,EV-LAB-001,NORMAL_BASELINE,33,0.9897397756576538,0.9990528225898743,59,12,60,15,30,80.0,98.0,398.5,82.5,31.0,0.013,1.9,2.0,1.0,2.0,1.0,3567.0,118.4,120.7,79.0,65.0,1.0,1.0,0.0,0.0,0.0,0.0,0.0,0.0,1.0,1.0,0.0,0.0,0.0,1.0,1.0,1.0,True,False,False,False,False,False
1.7,EV-LAB-001,NORMAL_BASELINE,34,0.9897297620773315,0.9990531802177429,59,12,60,15,30,80.0,98.0,398.2000000000001,84.10000000000001,31.0,0.008,1.8,2.0,1.0,2.0,1.0,3574.0,118.3,118.4,79.0,66.0,1.0,1.0,0.0,0.0,0.0,0.0,0.0,0.0,1.0,1.0,0.0,0.0,0.0,1.0,1.0,1.0,True,False,False,False,False,False
1.75,EV-LAB-001,NORMAL_BASELINE,35,0.9897199273109436,0.9990536570549011,59,12,60,15,30,80.0,98.0,398.4,82.7,31.0,0.012,2.0,2.0,1.0,2.0,1.0,3581.0,117.7,119.7,79.0,66.0,1.0,1.0,0.0,0.0,0.0,0.0,0.0,0.0,1.0,1.0,0.0,0.0,0.0,1.0,1.0,1.0,True,False,False,False,False,False
1.8,EV-LAB-001,NORMAL_BASELINE,36,0.98971027135849,0.9990541338920593,59,12,60,15,30,80.0,98.0,398.7000000000001,84.5,31.0,0.01,2.0,2.0,1.0,2.0,1.0,3587.0,119.5,119.9,78.0,67.0,1.0,1.0,0.0,0.0,0.0,0.0,0.0,0.0,1.0,1.0,0.0,0.0,0.0,1.0,1.0,1.0,True,False,False,False,False,False
1.85,EV-LAB-001,NORMAL_BASELINE,37,0.9897005558013916,0.9990546107292175,59,12,60,15,30,80.0,98.0,398.2000000000001,81.0,31.0,0.012,2.1,2.0,1.0,2.0,1.0,3594.0,117.7,115.6,79.0,67.0,1.0,1.0,0.0,0.0,0.0,0.0,0.0,0.0,1.0,1.0,0.0,0.0,0.0,1.0,1.0,1.0,True,False,False,False,False,False
1.9,EV-LAB-001,NORMAL_BASELINE,38,0.9896910190582275,0.9990549683570862,59,12,60,15,30,80.0,98.0,398.6,83.10000000000001,31.0,0.007,2.0,2.0,1.0,2.0,1.0,3600.0,119.4,121.2,79.0,66.0,1.0,1.0,0.0,0.0,0.0,0.0,0.0,0.0,1.0,1.0,0.0,0.0,0.0,1.0,1.0,1.0,True,False,False,False,False,False
1.95,EV-LAB-001,NORMAL_BASELINE,39,0.9896816611289978,0.9990554451942444,59,12,60,15,30,80.0,98.0,399.1,83.9,31.0,0.01,2.3000000000000003,2.0,1.0,2.0,1.0,3606.0,118.4,116.4,80.0,67.0,1.0,1.0,0.0,0.0,0.0,0.0,0.0,0.0,1.0,1.0,0.0,0.0,0.0,1.0,1.0,1.0,True,False,False,False,False,False
2.0,EV-LAB-001,NORMAL_BASELINE,40,0.9896724224090576,0.999055802822113,59,12,60,15,30,80.0,98.0,399.4,85.60000000000001,31.0,0.009,2.0,2.0,1.0,2.0,1.0,3613.0,120.0,117.8,78.0,67.0,1.0,1.0,0.0,0.0,0.0,0.0,0.0,0.0,1.0,1.0,0.0,0.0,0.0,1.0,1.0,1.0,True,False,False,False,False,False
2.05,EV-LAB-001,NORMAL_BASELINE,41,0.9896631836891174,0.9990562796592712,59,12,60,15,30,80.0,98.0,398.5,84.30000000000001,31.0,0.011,2.1,2.0,1.0,2.0,1.0,3619.0,117.7,118.6,79.0,66.0,1.0,1.0,0.0,0.0,0.0,0.0,0.0,0.0,1.0,1.0,0.0,0.0,0.0,1.0,1.0,1.0,True,False,False,False,False,False
2.1,EV-LAB-001,NORMAL_BASELINE,42,0.9896542429924011,0.9990566372871399,59,12,60,15,30,80.0,98.0,398.1,85.5,31.0,0.01,2.4000000000000004,2.0,1.0,2.0,1.0,3624.0,119.6,122.2,79.0,67.0,1.0,1.0,0.0,0.0,0.0,0.0,0.0,0.0,1.0,1.0,0.0,0.0,0.0,1.0,1.0,1.0,True,False,False,False,False,False
2.15,EV-LAB-001,NORMAL_BASELINE,43,0.9896453619003296,0.9990569949150085,59,12,60,15,30,80.0,98.0,398.8,82.7,31.0,0.01,1.9,2.0,1.0,2.0,1.0,3630.0,117.6,117.8,79.0,66.0,1.0,1.0,0.0,0.0,0.0,0.0,0.0,0.0,1.0,1.0,0.0,0.0,0.0,1.0,1.0,1.0,True,False,False,False,False,False
2.2,EV-LAB-001,NORMAL_BASELINE,44,0.9896366000175476,0.9990574717521667,59,12,60,15,30,80.0,98.0,398.6,84.10000000000001,31.0,0.011,2.0,2.0,1.0,2.0,1.0,3636.0,119.4,120.2,79.0,66.0,1.0,1.0,0.0,0.0,0.0,0.0,0.0,0.0,1.0,1.0,0.0,0.0,0.0,1.0,1.0,1.0,True,False,False,False,False,False
2.25,EV-LAB-001,NORMAL_BASELINE,45,0.9896279573440552,0.9990578293800354,59,12,60,15,30,80.0,98.0,398.6,84.0,31.0,0.012,2.2,2.0,1.0,2.0,1.0,3641.0,119.8,120.8,79.0,67.0,1.0,1.0,0.0,0.0,0.0,0.0,0.0,0.0,1.0,1.0,0.0,0.0,0.0,1.0,1.0,1.0,True,False,False,False,False,False
2.3,EV-LAB-001,NORMAL_BASELINE,46,0.9896195530891418,0.999058187007904,59,12,60,15,30,80.0,98.0,398.6,83.30000000000001,31.0,0.011,2.1,2.0,1.0,2.0,1.0,3647.0,118.6,118.9,79.0,68.0,1.0,1.0,0.0,0.0,0.0,0.0,0.0,0.0,1.0,1.0,0.0,0.0,0.0,1.0,1.0,1.0,True,False,False,False,False,False
2.35,EV-LAB-001,NORMAL_BASELINE,47,0.9896112680435181,0.9990585446357727,59,12,60,15,30,80.0,98.0,398.6,82.80000000000001,31.0,0.011,1.8,2.0,1.0,2.0,1.0,3652.0,120.2,120.2,79.0,66.0,1.0,1.0,0.0,0.0,0.0,0.0,0.0,0.0,1.0,1.0,0.0,0.0,0.0,1.0,1.0,1.0,True,False,False,False,False,False
2.4,EV-LAB-001,NORMAL_BASELINE,48,0.9896031022071838,0.9990589022636414,59,12,60,15,30,80.0,98.0,398.6,84.4,31.0,0.011,2.0,2.0,1.0,2.0,1.0,3657.0,119.7,116.0,79.0,67.0,1.0,1.0,0.0,0.0,0.0,0.0,0.0,0.0,1.0,1.0,0.0,0.0,0.0,1.0,1.0,1.0,True,False,False,False,False,False
2.45,EV-LAB-001,NORMAL_BASELINE,49,0.9895951151847839,0.99905925989151,59,12,60,15,30,80.0,98.0,398.2000000000001,81.60000000000001,31.0,0.009,1.8,2.0,1.0,2.0,1.0,3662.0,119.6,118.0,78.0,66.0,1.0,1.0,0.0,0.0,0.0,0.0,0.0,0.0,1.0,1.0,0.0,0.0,0.0,1.0,1.0,1.0,True,False,False,False,False,False
2.5,EV-LAB-001,NORMAL_BASELINE,50,0.9895873069763184,0.9990596175193787,59,12,60,15,30,80.0,98.0,398.6,83.0,31.0,0.013,1.9,2.0,1.0,2.0,1.0,3667.0,120.4,121.5,79.0,68.0,1.0,1.0,0.0,0.0,0.0,0.0,0.0,0.0,1.0,1.0,0.0,0.0,0.0,1.0,1.0,1.0,True,False,False,False,False,False
2.55,EV-LAB-001,NORMAL_BASELINE,51,0.9895797371864319,0.9990599751472473,59,12,60,15,30,80.0,98.0,399.4,85.2,31.0,0.01,2.6,2.0,1.0,2.0,1.0,3672.0,119.8,120.8,79.0,67.0,1.0,1.0,0.0,0.0,0.0,0.0,0.0,0.0,1.0,1.0,0.0,0.0,0.0,1.0,1.0,1.0,True,False,False,False,False,False
2.6,EV-LAB-001,NORMAL_BASELINE,52,0.9895721673965454,0.9990602135658264,59,12,60,15,30,80.0,98.0,398.1,83.80000000000001,31.0,0.012,1.9,2.0,1.0,2.0,1.0,3676.0,120.7,120.3,80.0,67.0,1.0,1.0,0.0,0.0,0.0,0.0,0.0,0.0,1.0,1.0,0.0,0.0,0.0,1.0,1.0,1.0,True,False,False,False,False,False
2.65,EV-LAB-001,NORMAL_BASELINE,53,0.9895648956298828,0.9990605711936951,59,12,60,15,30,80.0,98.0,398.2000000000001,84.80000000000001,31.0,0.017,1.9,2.0,1.0,2.0,1.0,3681.0,120.8,119.0,80.0,68.0,1.0,1.0,0.0,0.0,0.0,0.0,0.0,0.0,1.0,1.0,0.0,0.0,0.0,1.0,1.0,1.0,True,False,False,False,False,False
2.7,EV-LAB-001,NORMAL_BASELINE,54,0.9895578026771545,0.9990609288215637,59,12,60,15,30,80.0,98.0,398.6,83.60000000000001,31.0,0.011,1.8,2.0,1.0,2.0,1.0,3685.0,120.5,118.4,80.0,68.0,1.0,1.0,0.0,0.0,0.0,0.0,0.0,0.0,1.0,1.0,0.0,0.0,0.0,1.0,1.0,1.0,True,False,False,False,False,False
2.75,EV-LAB-001,NORMAL_BASELINE,55,0.989550769329071,0.9990611672401428,59,12,60,15,30,80.0,98.0,399.4,84.0,31.0,0.012,2.1,2.0,1.0,2.0,1.0,3689.0,120.1,119.9,79.0,67.0,1.0,1.0,0.0,0.0,0.0,0.0,0.0,0.0,1.0,1.0,0.0,0.0,0.0,1.0,1.0,1.0,True,False,False,False,False,False
2.8,EV-LAB-001,NORMAL_BASELINE,56,0.9895440340042114,0.9990615248680115,59,12,60,15,30,80.0,98.0,399.0,83.2,31.0,0.009,2.0,2.0,1.0,2.0,1.0,3693.0,119.7,119.2,80.0,66.0,1.0,1.0,0.0,0.0,0.0,0.0,0.0,0.0,1.0,1.0,0.0,0.0,0.0,1.0,1.0,1.0,True,False,False,False,False,False
2.85,EV-LAB-001,NORMAL_BASELINE,57,0.9895374774932861,0.9990617632865906,59,12,60,15,30,80.0,98.0,398.4,82.4,31.0,0.012,1.8,2.0,1.0,2.0,1.0,3697.0,117.6,114.8,79.0,67.0,1.0,1.0,0.0,0.0,0.0,0.0,0.0,0.0,1.0,1.0,0.0,0.0,0.0,1.0,1.0,1.0,True,False,False,False,False,False
2.9,EV-LAB-001,NORMAL_BASELINE,58,0.9895310401916504,0.9990621209144592,59,12,60,15,30,80.0,98.0,398.5,83.0,31.0,0.01,1.9,2.0,1.0,2.0,1.0,3701.0,120.8,120.4,79.0,68.0,1.0,1.0,0.0,0.0,0.0,0.0,0.0,0.0,1.0,1.0,0.0,0.0,0.0,1.0,1.0,1.0,True,False,False,False,False,False
2.95,EV-LAB-001,NORMAL_BASELINE,59,0.9895248413085938,0.9990623593330383,59,12,60,15,30,80.0,98.0,398.1,84.9,31.0,0.01,2.0,2.0,1.0,2.0,1.0,3704.0,121.6,120.4,79.0,66.0,1.0,1.0,0.0,0.0,0.0,0.0,0.0,0.0,1.0,1.0,0.0,0.0,0.0,1.0,1.0,1.0,True,False,False,False,False,False
3.0,EV-LAB-001,NORMAL_BASELINE,60,0.9895188212394714,0.9990625977516174,59,12,60,15,30,80.0,98.0,398.3,86.10000000000001,31.0,0.009,2.0,2.0,1.0,2.0,1.0,3708.0,122.1,119.7,80.0,68.0,1.0,1.0,0.0,0.0,0.0,0.0,0.0,0.0,1.0,1.0,0.0,0.0,0.0,1.0,1.0,1.0,True,False,False,False,False,False
3.05,EV-LAB-001,NORMAL_BASELINE,61,0.9895128607749939,0.9990628361701965,59,12,60,15,30,80.0,98.0,398.8,84.7,31.0,0.008,2.3000000000000003,2.0,1.0,2.0,1.0,3711.0,122.1,123.4,80.0,67.0,1.0,1.0,0.0,0.0,0.0,0.0,0.0,0.0,1.0,1.0,0.0,0.0,0.0,1.0,1.0,1.0,True,False,False,False,False,False
3.1,EV-LAB-001,NORMAL_BASELINE,62,0.989507257938385,0.9990630745887756,59,12,60,15,30,80.0,98.0,398.9,83.9,31.0,0.016,2.1,2.0,1.0,2.0,1.0,3714.0,121.3,121.8,80.0,67.0,1.0,1.0,0.0,0.0,0.0,0.0,0.0,0.0,1.0,1.0,0.0,0.0,0.0,1.0,1.0,1.0,True,False,False,False,False,False
3.15,EV-LAB-001,NORMAL_BASELINE,63,0.9895017743110657,0.9990633130073547,59,12,60,15,30,80.0,98.0,398.2000000000001,86.30000000000001,31.0,0.01,2.0,2.0,1.0,2.0,1.0,3717.0,121.8,123.1,81.0,67.0,1.0,1.0,0.0,0.0,0.0,0.0,0.0,0.0,1.0,1.0,0.0,0.0,0.0,1.0,1.0,1.0,True,False,False,False,False,False
3.2,EV-LAB-001,NORMAL_BASELINE,64,0.989496648311615,0.9990635514259338,59,12,60,15,30,80.0,98.0,399.1,85.30000000000001,31.0,0.015,1.9,2.0,1.0,2.0,1.0,3720.0,122.1,122.0,79.0,68.0,1.0,1.0,0.0,0.0,0.0,0.0,0.0,0.0,1.0,1.0,0.0,0.0,0.0,1.0,1.0,1.0,True,False,False,False,False,False
3.25,EV-LAB-001,NORMAL_BASELINE,65,0.9894914627075195,0.9990637898445129,59,12,60,15,30,80.0,98.0,398.2000000000001,83.4,31.0,0.009,1.8,2.0,1.0,2.0,1.0,3723.0,120.7,119.8,79.0,67.0,1.0,1.0,0.0,0.0,0.0,0.0,0.0,0.0,1.0,1.0,0.0,0.0,0.0,1.0,1.0,1.0,True,False,False,False,False,False
3.3,EV-LAB-001,NORMAL_BASELINE,66,0.989486575126648,0.999064028263092,59,12,60,15,30,80.0,98.0,398.4,86.60000000000001,31.0,0.013,1.6,2.0,1.0,2.0,1.0,3726.0,121.4,120.8,79.0,66.0,1.0,1.0,0.0,0.0,0.0,0.0,0.0,0.0,1.0,1.0,0.0,0.0,0.0,1.0,1.0,1.0,True,False,False,False,False,False
3.35,EV-LAB-001,NORMAL_BASELINE,67,0.9894819259643555,0.9990641474723816,59,12,60,15,30,80.0,98.0,398.4,85.9,31.0,0.012,2.3000000000000003,2.0,1.0,2.0,1.0,3728.0,122.1,119.8,80.0,67.0,1.0,1.0,0.0,0.0,0.0,0.0,0.0,0.0,1.0,1.0,0.0,0.0,0.0,1.0,1.0,1.0,True,False,False,False,False,False
3.4,EV-LAB-001,NORMAL_BASELINE,68,0.9894773364067078,0.9990643858909607,59,12,60,15,30,80.0,98.0,398.0,86.4,31.0,0.01,2.2,2.0,1.0,2.0,1.0,3731.0,122.8,123.0,79.0,68.0,1.0,1.0,0.0,0.0,0.0,0.0,0.0,0.0,1.0,1.0,0.0,0.0,0.0,1.0,1.0,1.0,True,False,False,False,False,False
3.45,EV-LAB-001,NORMAL_BASELINE,69,0.9894731640815735,0.9990645051002502,59,12,60,15,30,80.0,98.0,398.9,83.30000000000001,31.0,0.014,2.2,2.0,1.0,2.0,1.0,3733.0,121.8,122.3,81.0,67.0,1.0,1.0,0.0,0.0,0.0,0.0,0.0,0.0,1.0,1.0,0.0,0.0,0.0,1.0,1.0,1.0,True,False,False,False,False,False
3.5,EV-LAB-001,NORMAL_BASELINE,70,0.989469051361084,0.9990647435188293,59,12,60,15,30,80.0,98.0,398.9,84.4,31.0,0.011,1.9,2.0,1.0,2.0,1.0,3735.0,121.0,118.8,80.0,67.0,1.0,1.0,0.0,0.0,0.0,0.0,0.0,0.0,1.0,1.0,0.0,0.0,0.0,1.0,1.0,1.0,True,False,False,False,False,False
3.55,EV-LAB-001,NORMAL_BASELINE,71,0.9894651174545288,0.9990648627281189,59,12,60,15,30,80.0,98.0,399.0,87.4,31.0,0.01,1.9,2.0,1.0,2.0,1.0,3737.0,123.6,122.7,80.0,68.0,1.0,1.0,0.0,0.0,0.0,0.0,0.0,0.0,1.0,1.0,0.0,0.0,0.0,1.0,1.0,1.0,True,False,False,False,False,False
3.6,EV-LAB-001,NORMAL_BASELINE,72,0.9894614815711975,0.999065101146698,59,12,60,15,30,80.0,98.0,398.6,84.5,31.0,0.014,2.2,2.0,1.0,2.0,1.0,3739.0,121.8,121.6,80.0,68.0,1.0,1.0,0.0,0.0,0.0,0.0,0.0,0.0,1.0,1.0,0.0,0.0,0.0,1.0,1.0,1.0,True,False,False,False,False,False
3.65,EV-LAB-001,NORMAL_BASELINE,73,0.9894579648971558,0.9990652203559875,59,12,60,15,30,80.0,98.0,398.6,87.10000000000001,31.0,0.013,2.0,2.0,1.0,2.0,1.0,3740.0,123.9,123.9,80.0,68.0,1.0,1.0,0.0,0.0,0.0,0.0,0.0,0.0,1.0,1.0,0.0,0.0,0.0,1.0,1.0,1.0,True,False,False,False,False,False
3.7,EV-LAB-001,NORMAL_BASELINE,74,0.9894547462463379,0.9990653395652771,59,12,60,15,30,80.0,98.0,398.5,84.30000000000001,31.0,0.01,2.1,2.0,1.0,2.0,1.0,3742.0,122.0,120.2,80.0,68.0,1.0,1.0,0.0,0.0,0.0,0.0,0.0,0.0,1.0,1.0,0.0,0.0,0.0,1.0,1.0,1.0,True,False,False,False,False,False
3.75,EV-LAB-001,NORMAL_BASELINE,75,0.9894515872001648,0.9990654587745667,59,12,60,15,30,80.0,98.0,398.1,85.9,31.0,0.01,2.0,2.0,1.0,2.0,1.0,3743.0,122.5,122.4,80.0,68.0,1.0,1.0,0.0,0.0,0.0,0.0,0.0,0.0,1.0,1.0,0.0,0.0,0.0,1.0,1.0,1.0,True,False,False,False,False,False
3.8,EV-LAB-001,NORMAL_BASELINE,76,0.9894486665725708,0.9990655779838562,59,12,60,15,30,80.0,98.0,398.1,84.30000000000001,31.0,0.011,1.9,2.0,1.0,2.0,1.0,3744.0,120.8,125.1,79.0,67.0,1.0,1.0,0.0,0.0,0.0,0.0,0.0,0.0,1.0,1.0,0.0,0.0,0.0,1.0,1.0,1.0,True,False,False,False,False,False
3.85,EV-LAB-001,NORMAL_BASELINE,77,0.9894459843635559,0.9990656971931458,59,12,60,15,30,80.0,98.0,398.4,85.4,31.0,0.013,1.9,2.0,1.0,2.0,1.0,3746.0,121.7,123.1,80.0,68.0,1.0,1.0,0.0,0.0,0.0,0.0,0.0,0.0,1.0,1.0,0.0,0.0,0.0,1.0,1.0,1.0,True,False,False,False,False,False
3.9,EV-LAB-001,NORMAL_BASELINE,78,0.9894434213638306,0.9990658164024353,59,12,60,15,30,80.0,98.0,398.1,85.30000000000001,31.0,0.013,1.9,2.0,1.0,2.0,1.0,3747.0,122.8,121.0,81.0,67.0,1.0,1.0,0.0,0.0,0.0,0.0,0.0,0.0,1.0,1.0,0.0,0.0,0.0,1.0,1.0,1.0,True,False,False,False,False,False
3.95,EV-LAB-001,NORMAL_BASELINE,79,0.9894411563873291,0.9990659356117249,59,12,60,15,30,80.0,98.0,398.4,84.7,31.0,0.014,1.8,2.0,1.0,2.0,1.0,3748.0,121.8,121.3,81.0,67.0,1.0,1.0,0.0,0.0,0.0,0.0,0.0,0.0,1.0,1.0,0.0,0.0,0.0,1.0,1.0,1.0,True,False,False,False,False,False
4.0,EV-LAB-001,NORMAL_BASELINE,80,0.9894389510154724,0.9990660548210144,59,12,60,15,30,80.0,98.0,399.2000000000001,84.80000000000001,31.0,0.013,2.0,2.0,1.0,2.0,1.0,3748.0,122.3,122.1,80.0,67.0,1.0,1.0,0.0,0.0,0.0,0.0,0.0,0.0,1.0,1.0,0.0,0.0,0.0,1.0,1.0,1.0,True,False,False,False,False,False
4.05,EV-LAB-001,NORMAL_BASELINE,81,0.9894371032714844,0.9990660548210144,59,12,60,15,30,80.0,98.0,398.5,85.0,31.0,0.013,1.8,2.0,1.0,2.0,1.0,3749.0,122.4,122.1,81.0,68.0,1.0,1.0,0.0,0.0,0.0,0.0,0.0,0.0,1.0,1.0,0.0,0.0,0.0,1.0,1.0,1.0,True,False,False,False,False,False
4.1,EV-LAB-001,NORMAL_BASELINE,82,0.9894353747367859,0.999066174030304,59,12,60,15,30,80.0,98.0,398.3,84.60000000000001,31.0,0.013,2.0,2.0,1.0,2.0,1.0,3749.0,122.3,121.2,80.0,67.0,1.0,1.0,0.0,0.0,0.0,0.0,0.0,0.0,1.0,1.0,0.0,0.0,0.0,1.0,1.0,1.0,True,False,False,False,False,False
4.15,EV-LAB-001,NORMAL_BASELINE,83,0.9894338250160217,0.9990662932395935,59,12,60,15,30,80.0,98.0,398.9,85.2,31.0,0.013,2.0,2.0,1.0,2.0,1.0,3750.0,121.6,122.9,80.0,68.0,1.0,1.0,0.0,0.0,0.0,0.0,0.0,0.0,1.0,1.0,0.0,0.0,0.0,1.0,1.0,1.0,True,False,False,False,False,False
4.2,EV-LAB-001,NORMAL_BASELINE,84,0.9894324541091919,0.9990662932395935,59,12,60,15,30,80.0,98.0,399.2000000000001,87.4,31.0,0.012,2.3000000000000003,2.0,1.0,2.0,1.0,3750.0,123.6,121.2,80.0,67.0,1.0,1.0,0.0,0.0,0.0,0.0,0.0,0.0,1.0,1.0,0.0,0.0,0.0,1.0,1.0,1.0,True,False,False,False,False,False
4.25,EV-LAB-001,NORMAL_BASELINE,85,0.9894312620162964,0.9990662932395935,59,12,60,15,30,80.0,98.0,398.0,84.10000000000001,31.0,0.012,2.1,2.0,1.0,2.0,1.0,3750.0,122.0,124.4,80.0,67.0,1.0,1.0,0.0,0.0,0.0,0.0,0.0,0.0,1.0,1.0,0.0,0.0,0.0,1.0,1.0,1.0,True,False,False,False,False,False
4.3,EV-LAB-001,NORMAL_BASELINE,86,0.9894301891326904,0.9990664124488831,59,12,60,15,30,80.0,98.0,398.9,87.2,31.0,0.011,2.0,2.0,1.0,2.0,1.0,3750.0,123.4,125.0,79.0,68.0,1.0,1.0,0.0,0.0,0.0,0.0,0.0,0.0,1.0,1.0,0.0,0.0,0.0,1.0,1.0,1.0,True,False,False,False,False,False
4.35,EV-LAB-001,NORMAL_BASELINE,87,0.9894294142723083,0.9990664124488831,59,12,60,15,30,80.0,98.0,398.6,84.60000000000001,31.0,0.009,1.7000000000000002,2.0,1.0,2.0,1.0,3750.0,122.6,121.8,80.0,67.0,1.0,1.0,0.0,0.0,0.0,0.0,0.0,0.0,1.0,1.0,0.0,0.0,0.0,1.0,1.0,1.0,True,False,False,False,False,False
4.4,EV-LAB-001,NORMAL_BASELINE,88,0.989428699016571,0.9990664124488831,59,12,60,15,30,80.0,98.0,398.4,87.5,31.0,0.013,1.9,2.0,1.0,2.0,1.0,3750.0,123.9,124.6,81.0,68.0,1.0,1.0,0.0,0.0,0.0,0.0,0.0,0.0,1.0,1.0,0.0,0.0,0.0,1.0,1.0,1.0,True,False,False,False,False,False
4.45,EV-LAB-001,NORMAL_BASELINE,89,0.9894282221794128,0.9990665316581726,59,12,60,15,30,80.0,98.0,397.9,84.80000000000001,31.0,0.011,2.1,2.0,1.0,2.0,1.0,3750.0,121.9,121.9,79.0,67.0,1.0,1.0,0.0,0.0,0.0,0.0,0.0,0.0,1.0,1.0,0.0,0.0,0.0,1.0,1.0,1.0,True,False,False,False,False,False
4.5,EV-LAB-001,NORMAL_BASELINE,90,0.9894278645515442,0.9990665316581726,59,12,60,15,30,80.0,98.0,398.3,85.5,31.0,0.014,1.8,2.0,1.0,2.0,1.0,3749.0,122.2,124.2,80.0,68.0,1.0,1.0,0.0,0.0,0.0,0.0,0.0,0.0,1.0,1.0,0.0,0.0,0.0,1.0,1.0,1.0,True,False,False,False,False,False
4.55,EV-LAB-001,NORMAL_BASELINE,91,0.9894277453422546,0.9990665316581726,59,12,60,15,30,80.0,98.0,398.7000000000001,86.60000000000001,31.0,0.011,2.0,2.0,1.0,2.0,1.0,3749.0,123.5,121.4,79.0,68.0,1.0,1.0,0.0,0.0,0.0,0.0,0.0,0.0,1.0,1.0,0.0,0.0,0.0,1.0,1.0,1.0,True,False,False,False,False,False
4.6,EV-LAB-001,NORMAL_BASELINE,92,0.9894277453422546,0.9990665316581726,59,12,60,15,30,80.0,98.0,398.1,88.10000000000001,31.0,0.011,1.8,2.0,1.0,2.0,1.0,3748.0,124.6,124.2,81.0,68.0,1.0,1.0,0.0,0.0,0.0,0.0,0.0,0.0,1.0,1.0,0.0,0.0,0.0,1.0,1.0,1.0,True,False,False,False,False,False
4.65,EV-LAB-001,NORMAL_BASELINE,93,0.9894279837608337,0.9990665316581726,59,12,60,15,30,80.0,98.0,398.2000000000001,89.0,31.0,0.013,2.2,2.0,1.0,2.0,1.0,3747.0,126.2,124.9,80.0,68.0,1.0,1.0,0.0,0.0,0.0,0.0,0.0,0.0,1.0,1.0,0.0,0.0,0.0,1.0,1.0,1.0,True,False,False,False,False,False
4.7,EV-LAB-001,NORMAL_BASELINE,94,0.9894283413887024,0.9990664124488831,59,12,60,15,30,80.0,98.0,398.8,89.7,31.0,0.011,1.9,2.0,1.0,2.0,1.0,3746.0,127.8,125.1,80.0,68.0,1.0,1.0,0.0,0.0,0.0,0.0,0.0,0.0,1.0,1.0,0.0,0.0,0.0,1.0,1.0,1.0,True,False,False,False,False,False
4.75,EV-LAB-001,NORMAL_BASELINE,95,0.9894289374351501,0.9990664124488831,59,12,60,15,30,80.0,98.0,398.2000000000001,88.80000000000001,31.0,0.01,1.9,2.0,1.0,2.0,1.0,3746.0,126.4,125.4,80.0,68.0,1.0,1.0,0.0,0.0,0.0,0.0,0.0,0.0,1.0,1.0,0.0,0.0,0.0,1.0,1.0,1.0,True,False,False,False,False,False
4.8,EV-LAB-001,NORMAL_BASELINE,96,0.9894296526908875,0.9990664124488831,59,12,60,15,30,80.0,98.0,398.1,89.0,32.0,0.011,2.0,2.0,1.0,2.0,1.0,3744.0,126.0,126.3,80.0,67.0,1.0,1.0,0.0,0.0,0.0,0.0,0.0,0.0,1.0,1.0,0.0,0.0,0.0,1.0,1.0,1.0,True,False,False,False,False,False
4.85,EV-LAB-001,NORMAL_BASELINE,97,0.9894304275512695,0.9990664124488831,59,12,60,15,30,80.0,98.0,398.5,88.2,31.0,0.011,1.7000000000000002,2.0,1.0,2.0,1.0,3743.0,127.2,126.2,80.0,68.0,1.0,1.0,0.0,0.0,0.0,0.0,0.0,0.0,1.0,1.0,0.0,0.0,0.0,1.0,1.0,1.0,True,False,False,False,False,False
4.9,EV-LAB-001,NORMAL_BASELINE,98,0.9894315004348755,0.9990662932395935,59,12,60,15,30,80.0,98.0,398.4,89.10000000000001,32.0,0.01,1.8,2.0,1.0,2.0,1.0,3742.0,127.0,131.8,79.0,68.0,1.0,1.0,0.0,0.0,0.0,0.0,0.0,0.0,1.0,1.0,0.0,0.0,0.0,1.0,1.0,1.0,True,False,False,False,False,False
4.95,EV-LAB-001,NORMAL_BASELINE,99,0.9894326329231262,0.9990662932395935,59,12,60,15,30,80.0,98.0,398.8,89.0,31.0,0.01,2.0,2.0,1.0,2.0,1.0,3741.0,126.6,126.7,79.0,68.0,1.0,1.0,0.0,0.0,0.0,0.0,0.0,0.0,1.0,1.0,0.0,0.0,0.0,1.0,1.0,1.0,True,False,False,False,False,False
5.0,EV-LAB-001,NORMAL_BASELINE,100,0.9894339442253113,0.9990662932395935,59,12,60,15,30,80.0,98.0,398.9,87.60000000000001,31.0,0.012,2.0,2.0,1.0,2.0,1.0,3739.0,126.2,126.4,80.0,67.0,1.0,1.0,0.0,0.0,0.0,0.0,0.0,0.0,1.0,1.0,0.0,0.0,0.0,1.0,1.0,1.0,True,False,False,False,False,False
5.05,EV-LAB-001,NORMAL_BASELINE,101,0.9894353747367859,0.999066174030304,59,12,60,15,30,80.0,98.0,398.0,88.7,31.0,0.012,1.9,2.0,1.0,2.0,1.0,3738.0,127.0,126.9,80.0,67.0,1.0,1.0,0.0,0.0,0.0,0.0,0.0,0.0,1.0,1.0,0.0,0.0,0.0,1.0,1.0,1.0,True,False,False,False,False,False
5.1,EV-LAB-001,NORMAL_BASELINE,102,0.9894369840621948,0.9990660548210144,59,12,60,15,30,80.0,98.0,398.6,86.9,31.0,0.013,1.7000000000000002,2.0,1.0,2.0,1.0,3736.0,126.5,124.4,80.0,68.0,1.0,1.0,0.0,0.0,0.0,0.0,0.0,0.0,1.0,1.0,0.0,0.0,0.0,1.0,1.0,1.0,True,False,False,False,False,False
5.15,EV-LAB-001,NORMAL_BASELINE,103,0.9894387125968933,0.9990660548210144,59,12,60,15,30,80.0,98.0,398.1,89.9,31.0,0.012,2.3000000000000003,2.0,1.0,2.0,1.0,3735.0,128.20000000000002,129.20000000000002,80.0,66.0,1.0,1.0,0.0,0.0,0.0,0.0,0.0,0.0,1.0,1.0,0.0,0.0,0.0,1.0,1.0,1.0,True,False,False,False,False,False
5.2,EV-LAB-001,NORMAL_BASELINE,104,0.9894406199455261,0.9990659356117249,59,12,60,15,30,80.0,98.0,398.7000000000001,87.2,31.0,0.013,2.2,2.0,1.0,2.0,1.0,3733.0,125.6,127.6,79.0,68.0,1.0,1.0,0.0,0.0,0.0,0.0,0.0,0.0,1.0,1.0,0.0,0.0,0.0,1.0,1.0,1.0,True,False,False,False,False,False
5.25,EV-LAB-001,NORMAL_BASELINE,105,0.9894425868988037,0.9990658164024353,59,12,60,15,30,80.0,98.0,398.5,87.0,31.0,0.01,1.9,2.0,1.0,2.0,1.0,3731.0,124.9,124.6,80.0,68.0,1.0,1.0,0.0,0.0,0.0,0.0,0.0,0.0,1.0,1.0,0.0,0.0,0.0,1.0,1.0,1.0,True,False,False,False,False,False
5.3,EV-LAB-001,NORMAL_BASELINE,106,0.9894445538520813,0.9990658164024353,59,12,60,15,30,80.0,98.0,398.7000000000001,87.80000000000001,31.0,0.012,2.4000000000000004,2.0,1.0,2.0,1.0,3729.0,126.4,126.8,80.0,68.0,1.0,1.0,0.0,0.0,0.0,0.0,0.0,0.0,1.0,1.0,0.0,0.0,0.0,1.0,1.0,1.0,True,False,False,False,False,False
5.35,EV-LAB-001,NORMAL_BASELINE,107,0.989446759223938,0.9990656971931458,59,12,60,15,30,80.0,98.0,398.5,88.9,32.0,0.013,1.9,2.0,1.0,2.0,1.0,3727.0,127.4,129.0,80.0,67.0,1.0,1.0,0.0,0.0,0.0,0.0,0.0,0.0,1.0,1.0,0.0,0.0,0.0,1.0,1.0,1.0,True,False,False,False,False,False
5.4,EV-LAB-001,NORMAL_BASELINE,108,0.989449143409729,0.9990655779838562,59,12,60,15,30,80.0,98.0,398.0,88.7,31.0,0.013,2.0,2.0,1.0,2.0,1.0,3725.0,125.5,124.7,79.0,67.0,1.0,1.0,0.0,0.0,0.0,0.0,0.0,0.0,1.0,1.0,0.0,0.0,0.0,1.0,1.0,1.0,True,False,False,False,False,False
5.45,EV-LAB-001,NORMAL_BASELINE,109,0.9894515872001648,0.9990654587745667,59,12,60,15,30,80.0,98.0,398.3,88.30000000000001,31.0,0.01,2.1,2.0,1.0,2.0,1.0,3723.0,126.1,129.4,79.0,68.0,1.0,1.0,0.0,0.0,0.0,0.0,0.0,0.0,1.0,1.0,0.0,0.0,0.0,1.0,1.0,1.0,True,False,False,False,False,False
5.5,EV-LAB-001,NORMAL_BASELINE,110,0.9894540309906006,0.9990653395652771,59,12,60,15,30,80.0,98.0,398.9,86.0,31.0,0.011,2.0,2.0,1.0,2.0,1.0,3721.0,124.6,123.8,79.0,68.0,1.0,1.0,0.0,0.0,0.0,0.0,0.0,0.0,1.0,1.0,0.0,0.0,0.0,1.0,1.0,1.0,True,False,False,False,False,False
5.55,EV-LAB-001,NORMAL_BASELINE,111,0.9894567131996155,0.9990652203559875,59,12,60,15,30,80.0,98.0,398.0,87.30000000000001,31.0,0.013,2.2,2.0,1.0,2.0,1.0,3719.0,125.4,127.4,80.0,66.0,1.0,1.0,0.0,0.0,0.0,0.0,0.0,0.0,1.0,1.0,0.0,0.0,0.0,1.0,1.0,1.0,True,False,False,False,False,False
5.6,EV-LAB-001,NORMAL_BASELINE,112,0.9894595146179199,0.999065101146698,59,12,60,15,30,80.0,98.0,398.0,89.30000000000001,31.0,0.009,2.2,2.0,1.0,2.0,1.0,3717.0,125.2,125.9,81.0,66.0,1.0,1.0,0.0,0.0,0.0,0.0,0.0,0.0,1.0,1.0,0.0,0.0,0.0,1.0,1.0,1.0,True,False,False,False,False,False
5.65,EV-LAB-001,NORMAL_BASELINE,113,0.9894623160362244,0.9990649819374084,59,12,60,15,30,80.0,98.0,397.9,90.1,32.0,0.01,2.0,2.0,1.0,2.0,1.0,3715.0,125.9,128.0,80.0,67.0,1.0,1.0,0.0,0.0,0.0,0.0,0.0,0.0,1.0,1.0,0.0,0.0,0.0,1.0,1.0,1.0,True,False,False,False,False,False
5.7,EV-LAB-001,NORMAL_BASELINE,114,0.9894651174545288,0.9990648627281189,59,12,60,15,30,80.0,98.0,398.1,87.60000000000001,31.0,0.01,1.7000000000000002,2.0,1.0,2.0,1.0,3712.0,127.0,126.7,79.0,67.0,1.0,1.0,0.0,0.0,0.0,0.0,0.0,0.0,1.0,1.0,0.0,0.0,0.0,1.0,1.0,1.0,True,False,False,False,False,False
5.75,EV-LAB-001,NORMAL_BASELINE,115,0.9894682765007019,0.9990647435188293,59,12,60,15,30,80.0,98.0,397.9,87.7,31.0,0.017,1.7000000000000002,2.0,1.0,2.0,1.0,3710.0,125.3,126.4,80.0,67.0,1.0,1.0,0.0,0.0,0.0,0.0,0.0,0.0,1.0,1.0,0.0,0.0,0.0,1.0,1.0,1.0,True,False,False,False,False,False
5.8,EV-LAB-001,NORMAL_BASELINE,116,0.9894713163375854,0.9990646243095398,59,12,60,15,30,80.0,98.0,398.2000000000001,90.3,31.0,0.008,2.1,2.0,1.0,2.0,1.0,3707.0,126.9,128.8,80.0,67.0,1.0,1.0,0.0,0.0,0.0,0.0,0.0,0.0,1.0,1.0,0.0,0.0,0.0,1.0,1.0,1.0,True,False,False,False,False,False
5.85,EV-LAB-001,NORMAL_BASELINE,117,0.9894744157791138,0.9990645051002502,59,12,60,15,30,80.0,98.0,398.1,89.9,31.0,0.016,2.1,2.0,1.0,2.0,1.0,3705.0,127.1,127.8,80.0,67.0,1.0,1.0,0.0,0.0,0.0,0.0,0.0,0.0,1.0,1.0,0.0,0.0,0.0,1.0,1.0,1.0,True,False,False,False,False,False
5.9,EV-LAB-001,NORMAL_BASELINE,118,0.9894776940345764,0.9990643858909607,59,12,60,15,30,80.0,98.0,398.9,88.10000000000001,31.0,0.012,2.0,2.0,1.0,2.0,1.0,3702.0,126.4,126.7,80.0,66.0,1.0,1.0,0.0,0.0,0.0,0.0,0.0,0.0,1.0,1.0,0.0,0.0,0.0,1.0,1.0,1.0,True,False,False,False,False,False
5.95,EV-LAB-001,NORMAL_BASELINE,119,0.9894810914993286,0.9990642666816711,59,12,60,15,30,80.0,98.0,398.4,85.60000000000001,31.0,0.014,1.9,2.0,1.0,2.0,1.0,3700.0,124.6,126.0,79.0,67.0,1.0,1.0,0.0,0.0,0.0,0.0,0.0,0.0,1.0,1.0,0.0,0.0,0.0,1.0,1.0,1.0,True,False,False,False,False,False
6.0,EV-LAB-001,NORMAL_BASELINE,120,0.9894844889640808,0.999064028263092,59,12,60,15,30,80.0,98.0,398.9,88.2,31.0,0.01,2.2,2.0,1.0,2.0,1.0,3697.0,126.2,125.6,79.0,67.0,1.0,1.0,0.0,0.0,0.0,0.0,0.0,0.0,1.0,1.0,0.0,0.0,0.0,1.0,1.0,1.0,True,False,False,False,False,False
6.05,EV-LAB-001,NORMAL_BASELINE,121,0.9894880056381226,0.9990639090538025,59,12,60,15,30,80.0,98.0,398.1,87.0,31.0,0.014,2.2,2.0,1.0,2.0,1.0,3695.0,125.4,125.7,81.0,67.0,1.0,1.0,0.0,0.0,0.0,0.0,0.0,0.0,1.0,1.0,0.0,0.0,0.0,1.0,1.0,1.0,True,False,False,False,False,False
6.1,EV-LAB-001,NORMAL_BASELINE,122,0.9894914627075195,0.9990637898445129,59,12,60,15,30,80.0,98.0,398.1,89.2,32.0,0.012,2.1,2.0,1.0,2.0,1.0,3692.0,125.9,128.5,79.0,67.0,1.0,1.0,0.0,0.0,0.0,0.0,0.0,0.0,1.0,1.0,0.0,0.0,0.0,1.0,1.0,1.0,True,False,False,False,False,False
6.15,EV-LAB-001,NORMAL_BASELINE,123,0.9894949793815613,0.9990636706352234,59,12,60,15,30,80.0,98.0,398.3,87.2,31.0,0.01,2.0,2.0,1.0,2.0,1.0,3689.0,125.0,123.9,79.0,67.0,1.0,1.0,0.0,0.0,0.0,0.0,0.0,0.0,1.0,1.0,0.0,0.0,0.0,1.0,1.0,1.0,True,False,False,False,False,False
6.2,EV-LAB-001,NORMAL_BASELINE,124,0.9894987344741821,0.9990634322166443,59,12,60,15,30,80.0,98.0,397.9,90.0,32.0,0.01,2.0,2.0,1.0,2.0,1.0,3687.0,127.2,129.1,79.0,67.0,1.0,1.0,0.0,0.0,0.0,0.0,0.0,0.0,1.0,1.0,0.0,0.0,0.0,1.0,1.0,1.0,True,False,False,False,False,False
6.25,EV-LAB-001,NORMAL_BASELINE,125,0.9895023107528687,0.9990633130073547,59,12,60,15,30,80.0,98.0,398.3,89.9,31.0,0.009,1.9,2.0,1.0,2.0,1.0,3684.0,127.4,130.3,79.0,67.0,1.0,1.0,0.0,0.0,0.0,0.0,0.0,0.0,1.0,1.0,0.0,0.0,0.0,1.0,1.0,1.0,True,False,False,False,False,False
6.3,EV-LAB-001,NORMAL_BASELINE,126,0.9895060658454895,0.9990631937980652,59,12,60,15,30,80.0,98.0,398.7000000000001,89.80000000000001,31.0,0.014,2.2,2.0,1.0,2.0,1.0,3681.0,126.1,127.3,79.0,67.0,1.0,1.0,0.0,0.0,0.0,0.0,0.0,0.0,1.0,1.0,0.0,0.0,0.0,1.0,1.0,1.0,True,False,False,False,False,False
6.35,EV-LAB-001,NORMAL_BASELINE,127,0.9895099401473999,0.9990629553794861,59,12,60,15,30,80.0,98.0,398.4,90.4,31.0,0.01,1.9,2.0,1.0,2.0,1.0,3678.0,128.0,127.3,80.0,67.0,1.0,1.0,0.0,0.0,0.0,0.0,0.0,0.0,1.0,1.0,0.0,0.0,0.0,1.0,1.0,1.0,True,False,False,False,False,False
6.4,EV-LAB-001,NORMAL_BASELINE,128,0.989513635635376,0.9990628361701965,59,12,60,15,30,80.0,98.0,398.5,89.30000000000001,31.0,0.011,2.1,2.0,1.0,2.0,1.0,3676.0,125.4,124.1,80.0,67.0,1.0,1.0,0.0,0.0,0.0,0.0,0.0,0.0,1.0,1.0,0.0,0.0,0.0,1.0,1.0,1.0,True,False,False,False,False,False
6.45,EV-LAB-001,NORMAL_BASELINE,129,0.9895175099372864,0.999062716960907,59,12,60,15,30,80.0,98.0,398.8,86.30000000000001,31.0,0.017,1.9,2.0,1.0,2.0,1.0,3673.0,124.5,126.4,80.0,67.0,1.0,1.0,0.0,0.0,0.0,0.0,0.0,0.0,1.0,1.0,0.0,0.0,0.0,1.0,1.0,1.0,True,False,False,False,False,False
6.5,EV-LAB-001,NORMAL_BASELINE,130,0.9895213842391968,0.9990624785423279,59,12,60,15,30,80.0,98.0,398.7000000000001,88.4,32.0,0.009,1.9,2.0,1.0,2.0,1.0,3670.0,126.8,126.3,80.0,68.0,1.0,1.0,0.0,0.0,0.0,0.0,0.0,0.0,1.0,1.0,0.0,0.0,0.0,1.0,1.0,1.0,True,False,False,False,False,False
6.55,EV-LAB-001,NORMAL_BASELINE,131,0.9895251989364624,0.9990623593330383,59,12,60,15,30,80.0,98.0,398.2000000000001,92.9,31.0,0.011,2.3000000000000003,2.0,1.0,2.0,1.0,3667.0,128.5,131.1,79.0,67.0,1.0,1.0,0.0,0.0,0.0,0.0,0.0,0.0,1.0,1.0,0.0,0.0,0.0,1.0,1.0,1.0,True,False,False,False,False,False
6.6,EV-LAB-001,NORMAL_BASELINE,132,0.9895290732383728,0.9990621209144592,59,12,60,15,30,80.0,98.0,398.6,87.60000000000001,31.0,0.011,2.2,2.0,1.0,2.0,1.0,3664.0,126.9,129.20000000000002,78.0,67.0,1.0,1.0,0.0,0.0,0.0,0.0,0.0,0.0,1.0,1.0,0.0,0.0,0.0,1.0,1.0,1.0,True,False,False,False,False,False
6.65,EV-LAB-001,NORMAL_BASELINE,133,0.9895331263542175,0.9990620017051697,59,12,60,15,30,80.0,98.0,398.5,88.9,31.0,0.007,1.9,2.0,1.0,2.0,1.0,3662.0,126.0,127.0,80.0,68.0,1.0,1.0,0.0,0.0,0.0,0.0,0.0,0.0,1.0,1.0,0.0,0.0,0.0,1.0,1.0,1.0,True,False,False,False,False,False
6.7,EV-LAB-001,NORMAL_BASELINE,134,0.9895371198654175,0.9990617632865906,59,12,60,15,30,80.0,98.0,399.0,86.80000000000001,31.0,0.013,2.1,2.0,1.0,2.0,1.0,3659.0,125.3,126.3,79.0,67.0,1.0,1.0,0.0,0.0,0.0,0.0,0.0,0.0,1.0,1.0,0.0,0.0,0.0,1.0,1.0,1.0,True,False,False,False,False,False
6.75,EV-LAB-001,NORMAL_BASELINE,135,0.9895411133766174,0.999061644077301,59,12,60,15,30,80.0,98.0,398.0,87.9,31.0,0.011,2.0,2.0,1.0,2.0,1.0,3656.0,125.2,126.2,80.0,67.0,1.0,1.0,0.0,0.0,0.0,0.0,0.0,0.0,1.0,1.0,0.0,0.0,0.0,1.0,1.0,1.0,True,False,False,False,False,False
6.8,EV-LAB-001,NORMAL_BASELINE,136,0.9895450472831726,0.9990615248680115,59,12,60,15,30,80.0,98.0,398.0,89.10000000000001,32.0,0.013,1.9,2.0,1.0,2.0,1.0,3653.0,127.4,128.1,79.0,67.0,1.0,1.0,0.0,0.0,0.0,0.0,0.0,0.0,1.0,1.0,0.0,0.0,0.0,1.0,1.0,1.0,True,False,False,False,False,False
6.85,EV-LAB-001,NORMAL_BASELINE,137,0.9895490407943726,0.9990612864494324,59,12,60,15,30,80.0,98.0,398.9,88.0,31.0,0.009,1.8,2.0,1.0,2.0,1.0,3650.0,125.2,125.0,80.0,67.0,1.0,1.0,0.0,0.0,0.0,0.0,0.0,0.0,1.0,1.0,0.0,0.0,0.0,1.0,1.0,1.0,True,False,False,False,False,False
6.9,EV-LAB-001,NORMAL_BASELINE,138,0.9895529747009277,0.9990611672401428,59,12,60,15,30,80.0,98.0,398.6,88.5,31.0,0.014,2.0,2.0,1.0,2.0,1.0,3647.0,126.5,126.3,78.0,67.0,1.0,1.0,0.0,0.0,0.0,0.0,0.0,0.0,1.0,1.0,0.0,0.0,0.0,1.0,1.0,1.0,True,False,False,False,False,False
6.95,EV-LAB-001,NORMAL_BASELINE,139,0.9895569682121277,0.9990609288215637,59,12,60,15,30,80.0,98.0,398.2000000000001,86.60000000000001,31.0,0.01,2.1,2.0,1.0,2.0,1.0,3645.0,125.2,126.8,80.0,66.0,1.0,1.0,0.0,0.0,0.0,0.0,0.0,0.0,1.0,1.0,0.0,0.0,0.0,1.0,1.0,1.0,True,False,False,False,False,False
7.0,EV-LAB-001,NORMAL_BASELINE,140,0.9895609617233276,0.9990608096122742,59,12,60,15,30,80.0,98.0,397.8,87.60000000000001,31.0,0.014,1.9,2.0,1.0,2.0,1.0,3642.0,125.6,124.0,80.0,67.0,1.0,1.0,0.0,0.0,0.0,0.0,0.0,0.0,1.0,1.0,0.0,0.0,0.0,1.0,1.0,1.0,True,False,False,False,False,False
7.05,EV-LAB-001,NORMAL_BASELINE,141,0.9895650148391724,0.9990605711936951,59,12,60,15,30,80.0,98.0,398.6,88.9,31.0,0.01,2.2,2.0,1.0,2.0,1.0,3639.0,126.8,126.9,79.0,67.0,1.0,1.0,0.0,0.0,0.0,0.0,0.0,0.0,1.0,1.0,0.0,0.0,0.0,1.0,1.0,1.0,True,False,False,False,False,False
7.1,EV-LAB-001,NORMAL_BASELINE,142,0.9895690083503723,0.9990604519844055,59,12,60,15,30,80.0,98.0,398.5,87.10000000000001,31.0,0.01,1.9,2.0,1.0,2.0,1.0,3636.0,125.7,128.4,79.0,67.0,1.0,1.0,0.0,0.0,0.0,0.0,0.0,0.0,1.0,1.0,0.0,0.0,0.0,1.0,1.0,1.0,True,False,False,False,False,False
7.15,EV-LAB-001,NORMAL_BASELINE,143,0.9895729422569275,0.9990602135658264,59,12,60,15,30,80.0,98.0,398.2000000000001,88.60000000000001,31.0,0.012,2.2,2.0,1.0,2.0,1.0,3634.0,127.7,125.4,79.0,67.0,1.0,1.0,0.0,0.0,0.0,0.0,0.0,0.0,1.0,1.0,0.0,0.0,0.0,1.0,1.0,1.0,True,False,False,False,False,False
7.2,EV-LAB-001,NORMAL_BASELINE,144,0.989577054977417,0.9990600943565369,59,12,60,15,30,80.0,98.0,398.3,88.5,32.0,0.008,1.6,2.0,1.0,2.0,1.0,3631.0,124.3,124.8,79.0,67.0,1.0,1.0,0.0,0.0,0.0,0.0,0.0,0.0,1.0,1.0,0.0,0.0,0.0,1.0,1.0,1.0,True,False,False,False,False,False
7.25,EV-LAB-001,NORMAL_BASELINE,145,0.9895809888839722,0.9990598559379578,59,12,60,15,30,80.0,98.0,398.4,87.80000000000001,31.0,0.015,1.8,2.0,1.0,2.0,1.0,3628.0,126.3,125.8,78.0,67.0,1.0,1.0,0.0,0.0,0.0,0.0,0.0,0.0,1.0,1.0,0.0,0.0,0.0,1.0,1.0,1.0,True,False,False,False,False,False
7.3,EV-LAB-001,NORMAL_BASELINE,146,0.9895848631858826,0.9990597367286682,59,12,60,15,30,80.0,98.0,399.4,87.60000000000001,31.0,0.012,2.2,2.0,1.0,2.0,1.0,3625.0,124.9,128.1,79.0,67.0,1.0,1.0,0.0,0.0,0.0,0.0,0.0,0.0,1.0,1.0,0.0,0.0,0.0,1.0,1.0,1.0,True,False,False,False,False,False
7.35,EV-LAB-001,NORMAL_BASELINE,147,0.989588737487793,0.9990596175193787,59,12,60,15,30,80.0,98.0,398.3,88.2,31.0,0.012,2.3000000000000003,2.0,1.0,2.0,1.0,3623.0,125.2,126.5,80.0,66.0,1.0,1.0,0.0,0.0,0.0,0.0,0.0,0.0,1.0,1.0,0.0,0.0,0.0,1.0,1.0,1.0,True,False,False,False,False,False
7.4,EV-LAB-001,NORMAL_BASELINE,148,0.9895925521850586,0.9990593791007996,59,12,60,15,30,80.0,98.0,398.4,90.6,31.0,0.011,2.1,2.0,1.0,2.0,1.0,3620.0,126.1,127.0,79.0,66.0,1.0,1.0,0.0,0.0,0.0,0.0,0.0,0.0,1.0,1.0,0.0,0.0,0.0,1.0,1.0,1.0,True,False,False,False,False,False
7.45,EV-LAB-001,NORMAL_BASELINE,149,0.989596426486969,0.99905925989151,59,12,60,15,30,80.0,98.0,398.2000000000001,88.10000000000001,32.0,0.015,2.1,2.0,1.0,2.0,1.0,3617.0,127.1,123.6,80.0,66.0,1.0,1.0,0.0,0.0,0.0,0.0,0.0,0.0,1.0,1.0,0.0,0.0,0.0,1.0,1.0,1.0,True,False,False,False,False,False
7.5,EV-LAB-001,NORMAL_BASELINE,150,0.9896003007888794,0.9990590214729309,59,12,60,15,30,80.0,98.0,398.1,87.60000000000001,31.0,0.014,2.0,2.0,1.0,2.0,1.0,3615.0,127.3,124.4,80.0,67.0,1.0,1.0,0.0,0.0,0.0,0.0,0.0,0.0,1.0,1.0,0.0,0.0,0.0,1.0,1.0,1.0,True,False,False,False,False,False
7.55,EV-LAB-001,NORMAL_BASELINE,151,0.989604115486145,0.9990589022636414,59,12,60,15,30,80.0,98.0,399.0,87.5,32.0,0.012,1.9,2.0,1.0,2.0,1.0,3612.0,124.9,125.1,80.0,68.0,1.0,1.0,0.0,0.0,0.0,0.0,0.0,0.0,1.0,1.0,0.0,0.0,0.0,1.0,1.0,1.0,True,False,False,False,False,False
7.6,EV-LAB-001,NORMAL_BASELINE,152,0.9896078705787659,0.9990586638450623,59,12,60,15,30,80.0,98.0,398.7000000000001,89.60000000000001,32.0,0.011,1.9,2.0,1.0,2.0,1.0,3610.0,126.4,126.9,79.0,66.0,1.0,1.0,0.0,0.0,0.0,0.0,0.0,0.0,1.0,1.0,0.0,0.0,0.0,1.0,1.0,1.0,True,False,False,False,False,False
7.65,EV-LAB-001,NORMAL_BASELINE,153,0.9896116256713867,0.9990585446357727,59,12,60,15,30,80.0,98.0,398.5,87.0,31.0,0.014,2.0,2.0,1.0,2.0,1.0,3607.0,124.9,122.4,79.0,67.0,1.0,1.0,0.0,0.0,0.0,0.0,0.0,0.0,1.0,1.0,0.0,0.0,0.0,1.0,1.0,1.0,True,False,False,False,False,False
7.7,EV-LAB-001,NORMAL_BASELINE,154,0.9896152019500732,0.9990584254264832,59,12,60,15,30,80.0,98.0,398.7000000000001,89.0,32.0,0.009,2.0,2.0,1.0,2.0,1.0,3605.0,126.9,127.9,79.0,68.0,1.0,1.0,0.0,0.0,0.0,0.0,0.0,0.0,1.0,1.0,0.0,0.0,0.0,1.0,1.0,1.0,True,False,False,False,False,False
7.75,EV-LAB-001,NORMAL_BASELINE,155,0.9896189570426941,0.999058187007904,59,12,60,15,30,80.0,98.0,397.9,86.60000000000001,31.0,0.01,2.1,2.0,1.0,2.0,1.0,3602.0,124.9,128.4,79.0,67.0,1.0,1.0,0.0,0.0,0.0,0.0,0.0,0.0,1.0,1.0,0.0,0.0,0.0,1.0,1.0,1.0,True,False,False,False,False,False
7.8,EV-LAB-001,NORMAL_BASELINE,156,0.9896224737167358,0.9990580677986145,59,12,60,15,30,80.0,98.0,398.4,88.2,32.0,0.012,1.7000000000000002,2.0,1.0,2.0,1.0,3600.0,127.7,131.1,79.0,66.0,1.0,1.0,0.0,0.0,0.0,0.0,0.0,0.0,1.0,1.0,0.0,0.0,0.0,1.0,1.0,1.0,True,False,False,False,False,False
7.85,EV-LAB-001,NORMAL_BASELINE,157,0.9896260499954224,0.999057948589325,59,12,60,15,30,80.0,98.0,398.1,87.80000000000001,32.0,0.011,1.9,2.0,1.0,2.0,1.0,3597.0,125.4,130.0,78.0,67.0,1.0,1.0,0.0,0.0,0.0,0.0,0.0,0.0,1.0,1.0,0.0,0.0,0.0,1.0,1.0,1.0,True,False,False,False,False,False
7.9,EV-LAB-001,NORMAL_BASELINE,158,0.9896295666694641,0.9990577101707458,59,12,60,15,30,80.0,98.0,398.5,87.0,31.0,0.012,1.9,2.0,1.0,2.0,1.0,3595.0,125.5,123.4,79.0,67.0,1.0,1.0,0.0,0.0,0.0,0.0,0.0,0.0,1.0,1.0,0.0,0.0,0.0,1.0,1.0,1.0,True,False,False,False,False,False
7.95,EV-LAB-001,NORMAL_BASELINE,159,0.9896332025527954,0.9990575909614563,59,12,60,15,30,80.0,98.0,398.9,89.4,31.0,0.014,2.0,2.0,1.0,2.0,1.0,3592.0,126.7,126.9,79.0,67.0,1.0,1.0,0.0,0.0,0.0,0.0,0.0,0.0,1.0,1.0,0.0,0.0,0.0,1.0,1.0,1.0,True,False,False,False,False,False
8.0,EV-LAB-001,NORMAL_BASELINE,160,0.9896367192268372,0.9990574717521667,59,12,60,15,30,80.0,98.0,398.3,88.9,32.0,0.013,1.8,2.0,1.0,2.0,1.0,3590.0,125.4,125.9,79.0,67.0,1.0,1.0,0.0,0.0,0.0,0.0,0.0,0.0,1.0,1.0,0.0,0.0,0.0,1.0,1.0,1.0,True,False,False,False,False,False
8.05,EV-LAB-001,NORMAL_BASELINE,161,0.9896401166915894,0.9990572333335876,59,12,60,15,30,80.0,98.0,398.8,88.2,31.0,0.01,1.9,2.0,1.0,2.0,1.0,3588.0,126.4,127.2,79.0,67.0,1.0,1.0,0.0,0.0,0.0,0.0,0.0,0.0,1.0,1.0,0.0,0.0,0.0,1.0,1.0,1.0,True,False,False,False,False,False
8.1,EV-LAB-001,NORMAL_BASELINE,162,0.9896434545516968,0.9990571141242981,59,12,60,15,30,80.0,98.0,399.5,87.60000000000001,31.0,0.015,1.8,2.0,1.0,2.0,1.0,3586.0,125.9,127.2,79.0,67.0,1.0,1.0,0.0,0.0,0.0,0.0,0.0,0.0,1.0,1.0,0.0,0.0,0.0,1.0,1.0,1.0,True,False,False,False,False,False
8.15,EV-LAB-001,NORMAL_BASELINE,163,0.989646852016449,0.9990569949150085,59,12,60,15,30,80.0,98.0,398.3,86.10000000000001,32.0,0.011,2.0,2.0,1.0,2.0,1.0,3583.0,124.6,123.6,78.0,66.0,1.0,1.0,0.0,0.0,0.0,0.0,0.0,0.0,1.0,1.0,0.0,0.0,0.0,1.0,1.0,1.0,True,False,False,False,False,False
8.2,EV-LAB-001,NORMAL_BASELINE,164,0.9896501302719116,0.999056875705719,59,12,60,15,30,80.0,98.0,398.2000000000001,86.30000000000001,31.0,0.011,2.2,2.0,1.0,2.0,1.0,3581.0,125.1,124.3,79.0,66.0,1.0,1.0,0.0,0.0,0.0,0.0,0.0,0.0,1.0,1.0,0.0,0.0,0.0,1.0,1.0,1.0,True,False,False,False,False,False
8.25,EV-LAB-001,NORMAL_BASELINE,165,0.9896534085273743,0.9990566372871399,59,12,60,15,30,80.0,98.0,398.0,86.7,32.0,0.014,1.9,2.0,1.0,2.0,1.0,3579.0,124.3,126.7,78.0,66.0,1.0,1.0,0.0,0.0,0.0,0.0,0.0,0.0,1.0,1.0,0.0,0.0,0.0,1.0,1.0,1.0,True,False,False,False,False,False
8.3,EV-LAB-001,NORMAL_BASELINE,166,0.9896565675735474,0.9990565180778503,59,12,60,15,30,80.0,98.0,398.8,88.60000000000001,31.0,0.012,1.8,2.0,1.0,2.0,1.0,3577.0,126.5,126.2,78.0,66.0,1.0,1.0,0.0,0.0,0.0,0.0,0.0,0.0,1.0,1.0,0.0,0.0,0.0,1.0,1.0,1.0,True,False,False,False,False,False
8.35,EV-LAB-001,NORMAL_BASELINE,167,0.9896597266197205,0.9990563988685608,59,12,60,15,30,80.0,98.0,397.6,89.5,32.0,0.015,2.1,2.0,1.0,2.0,1.0,3575.0,126.0,126.1,79.0,66.0,1.0,1.0,0.0,0.0,0.0,0.0,0.0,0.0,1.0,1.0,0.0,0.0,0.0,1.0,1.0,1.0,True,False,False,False,False,False
8.4,EV-LAB-001,NORMAL_BASELINE,168,0.9896628260612488,0.9990562796592712,59,12,60,15,30,80.0,98.0,398.6,87.10000000000001,32.0,0.01,2.0,2.0,1.0,2.0,1.0,3573.0,125.1,126.3,78.0,67.0,1.0,1.0,0.0,0.0,0.0,0.0,0.0,0.0,1.0,1.0,0.0,0.0,0.0,1.0,1.0,1.0,True,False,False,False,False,False
8.45,EV-LAB-001,NORMAL_BASELINE,169,0.9896658658981323,0.9990561604499817,59,12,60,15,30,80.0,98.0,398.7000000000001,89.2,32.0,0.012,1.9,2.0,1.0,2.0,1.0,3571.0,125.5,127.1,78.0,66.0,1.0,1.0,0.0,0.0,0.0,0.0,0.0,0.0,1.0,1.0,0.0,0.0,0.0,1.0,1.0,1.0,True,False,False,False,False,False
8.5,EV-LAB-001,NORMAL_BASELINE,170,0.9896689057350159,0.9990560412406921,59,12,60,15,30,80.0,98.0,398.7000000000001,87.60000000000001,31.0,0.014,2.0,2.0,1.0,2.0,1.0,3569.0,125.8,126.1,80.0,66.0,1.0,1.0,0.0,0.0,0.0,0.0,0.0,0.0,1.0,1.0,0.0,0.0,0.0,1.0,1.0,1.0,True,False,False,False,False,False
8.55,EV-LAB-001,NORMAL_BASELINE,171,0.9896718263626099,0.9990559220314026,59,12,60,15,30,80.0,98.0,398.7000000000001,86.80000000000001,31.0,0.015,2.1,2.0,1.0,2.0,1.0,3567.0,126.1,124.4,79.0,67.0,1.0,1.0,0.0,0.0,0.0,0.0,0.0,0.0,1.0,1.0,0.0,0.0,0.0,1.0,1.0,1.0,True,False,False,False,False,False
8.6,EV-LAB-001,NORMAL_BASELINE,172,0.9896747469902039,0.9990556836128235,59,12,60,15,30,80.0,98.0,398.7000000000001,89.4,31.0,0.009,2.2,2.0,1.0,2.0,1.0,3565.0,125.9,127.0,79.0,66.0,1.0,1.0,0.0,0.0,0.0,0.0,0.0,0.0,1.0,1.0,0.0,0.0,0.0,1.0,1.0,1.0,True,False,False,False,False,False
8.65,EV-LAB-001,NORMAL_BASELINE,173,0.9896775484085083,0.9990555644035339,59,12,60,15,30,80.0,98.0,398.9,85.7,31.0,0.012,1.9,2.0,1.0,2.0,1.0,3563.0,125.8,125.8,78.0,67.0,1.0,1.0,0.0,0.0,0.0,0.0,0.0,0.0,1.0,1.0,0.0,0.0,0.0,1.0,1.0,1.0,True,False,False,False,False,False
8.7,EV-LAB-001,NORMAL_BASELINE,174,0.9896803498268127,0.9990554451942444,59,12,60,15,30,80.0,98.0,398.7000000000001,88.5,32.0,0.009,1.9,2.0,1.0,2.0,1.0,3561.0,125.0,126.8,78.0,67.0,1.0,1.0,0.0,0.0,0.0,0.0,0.0,0.0,1.0,1.0,0.0,0.0,0.0,1.0,1.0,1.0,True,False,False,False,False,False
8.75,EV-LAB-001,NORMAL_BASELINE,175,0.9896831512451172,0.9990553259849548,59,12,60,15,30,80.0,98.0,398.7000000000001,87.4,32.0,0.009,1.8,2.0,1.0,2.0,1.0,3559.0,124.9,123.1,80.0,66.0,1.0,1.0,0.0,0.0,0.0,0.0,0.0,0.0,1.0,1.0,0.0,0.0,0.0,1.0,1.0,1.0,True,False,False,False,False,False
8.8,EV-LAB-001,NORMAL_BASELINE,176,0.9896858334541321,0.9990552067756653,59,12,60,15,30,80.0,98.0,398.2000000000001,87.2,31.0,0.009,2.0,2.0,1.0,2.0,1.0,3557.0,125.2,128.0,79.0,66.0,1.0,1.0,0.0,0.0,0.0,0.0,0.0,0.0,1.0,1.0,0.0,0.0,0.0,1.0,1.0,1.0,True,False,False,False,False,False
8.85,EV-LAB-001,NORMAL_BASELINE,177,0.9896883964538574,0.9990550875663757,59,12,60,15,30,80.0,98.0,398.4,87.80000000000001,32.0,0.007,2.0,2.0,1.0,2.0,1.0,3556.0,124.4,126.5,78.0,67.0,1.0,1.0,0.0,0.0,0.0,0.0,0.0,0.0,1.0,1.0,0.0,0.0,0.0,1.0,1.0,1.0,True,False,False,False,False,False
8.9,EV-LAB-001,NORMAL_BASELINE,178,0.9896910190582275,0.9990549683570862,59,12,60,15,30,80.0,98.0,398.3,86.0,31.0,0.009,1.8,2.0,1.0,2.0,1.0,3554.0,125.5,124.6,78.0,66.0,1.0,1.0,0.0,0.0,0.0,0.0,0.0,0.0,1.0,1.0,0.0,0.0,0.0,1.0,1.0,1.0,True,False,False,False,False,False
8.95,EV-LAB-001,NORMAL_BASELINE,179,0.9896937012672424,0.9990548491477966,59,12,60,15,30,80.0,98.0,398.9,86.5,32.0,0.011,2.3000000000000003,2.0,1.0,2.0,1.0,3552.0,124.2,124.0,78.0,66.0,1.0,1.0,0.0,0.0,0.0,0.0,0.0,0.0,1.0,1.0,0.0,0.0,0.0,1.0,1.0,1.0,True,False,False,False,False,False
9.0,EV-LAB-001,NORMAL_BASELINE,180,0.9896962642669678,0.9990547299385071,59,12,60,15,30,80.0,98.0,398.3,87.2,31.0,0.016,1.9,2.0,1.0,2.0,1.0,3550.0,124.2,124.0,79.0,66.0,1.0,1.0,0.0,0.0,0.0,0.0,0.0,0.0,1.0,1.0,0.0,0.0,0.0,1.0,1.0,1.0,True,False,False,False,False,False
9.05,EV-LAB-001,NORMAL_BASELINE,181,0.9896988272666931,0.9990546107292175,59,12,60,15,30,80.0,98.0,399.1,88.9,32.0,0.012,2.1,2.0,1.0,2.0,1.0,3549.0,125.0,123.4,78.0,66.0,1.0,1.0,0.0,0.0,0.0,0.0,0.0,0.0,1.0,1.0,0.0,0.0,0.0,1.0,1.0,1.0,True,False,False,False,False,False
9.1,EV-LAB-001,NORMAL_BASELINE,182,0.9897012710571289,0.999054491519928,59,12,60,15,30,80.0,98.0,397.9,88.60000000000001,32.0,0.014,1.9,2.0,1.0,2.0,1.0,3547.0,124.3,123.4,79.0,66.0,1.0,1.0,0.0,0.0,0.0,0.0,0.0,0.0,1.0,1.0,0.0,0.0,0.0,1.0,1.0,1.0,True,False,False,False,False,False
9.15,EV-LAB-001,NORMAL_BASELINE,183,0.9897035956382751,0.999054491519928,59,12,60,15,30,80.0,98.0,399.1,87.5,32.0,0.007,1.9,2.0,1.0,2.0,1.0,3546.0,124.9,127.1,78.0,67.0,1.0,1.0,0.0,0.0,0.0,0.0,0.0,0.0,1.0,1.0,0.0,0.0,0.0,1.0,1.0,1.0,True,False,False,False,False,False
9.2,EV-LAB-001,NORMAL_BASELINE,184,0.9897059202194214,0.9990543723106384,59,12,60,15,30,80.0,98.0,398.5,87.4,32.0,0.012,2.0,2.0,1.0,2.0,1.0,3544.0,125.7,127.7,78.0,66.0,1.0,1.0,0.0,0.0,0.0,0.0,0.0,0.0,1.0,1.0,0.0,0.0,0.0,1.0,1.0,1.0,True,False,False,False,False,False
9.25,EV-LAB-001,NORMAL_BASELINE,185,0.9897083044052124,0.9990542531013489,59,12,60,15,30,80.0,98.0,398.7000000000001,86.9,32.0,0.009,1.7000000000000002,2.0,1.0,2.0,1.0,3542.0,123.8,121.1,79.0,66.0,1.0,1.0,0.0,0.0,0.0,0.0,0.0,0.0,1.0,1.0,0.0,0.0,0.0,1.0,1.0,1.0,True,False,False,False,False,False
9.3,EV-LAB-001,NORMAL_BASELINE,186,0.9897106289863586,0.9990541338920593,59,12,60,15,30,80.0,98.0,398.2000000000001,84.4,31.0,0.011,1.8,2.0,1.0,2.0,1.0,3541.0,123.2,121.5,78.0,66.0,1.0,1.0,0.0,0.0,0.0,0.0,0.0,0.0,1.0,1.0,0.0,0.0,0.0,1.0,1.0,1.0,True,False,False,False,False,False
9.35,EV-LAB-001,NORMAL_BASELINE,187,0.9897128343582153,0.9990540146827698,59,12,60,15,30,80.0,98.0,398.1,87.0,32.0,0.011,2.1,2.0,1.0,2.0,1.0,3539.0,125.3,126.4,78.0,67.0,1.0,1.0,0.0,0.0,0.0,0.0,0.0,0.0,1.0,1.0,0.0,0.0,0.0,1.0,1.0,1.0,True,False,False,False,False,False
9.4,EV-LAB-001,NORMAL_BASELINE,188,0.989715039730072,0.9990538954734802,59,12,60,15,30,80.0,98.0,398.8,87.4,32.0,0.012,2.0,2.0,1.0,2.0,1.0,3538.0,124.4,124.1,78.0,66.0,1.0,1.0,0.0,0.0,0.0,0.0,0.0,0.0,1.0,1.0,0.0,0.0,0.0,1.0,1.0,1.0,True,False,False,False,False,False
9.45,EV-LAB-001,NORMAL_BASELINE,189,0.9897172451019287,0.9990537762641907,59,12,60,15,30,80.0,98.0,398.3,87.7,32.0,0.015,1.9,2.0,1.0,2.0,1.0,3536.0,123.7,122.9,78.0,66.0,1.0,1.0,0.0,0.0,0.0,0.0,0.0,0.0,1.0,1.0,0.0,0.0,0.0,1.0,1.0,1.0,True,False,False,False,False,False
9.5,EV-LAB-001,NORMAL_BASELINE,190,0.9897195100784302,0.9990536570549011,59,12,60,15,30,80.0,98.0,398.9,87.60000000000001,31.0,0.013,1.9,2.0,1.0,2.0,1.0,3535.0,124.4,123.9,79.0,66.0,1.0,1.0,0.0,0.0,0.0,0.0,0.0,0.0,1.0,1.0,0.0,0.0,0.0,1.0,1.0,1.0,True,False,False,False,False,False
9.55,EV-LAB-001,NORMAL_BASELINE,191,0.9897215962409973,0.9990536570549011,59,12,60,15,30,80.0,98.0,398.5,85.10000000000001,32.0,0.014,2.0,2.0,1.0,2.0,1.0,3533.0,122.4,122.1,79.0,66.0,1.0,1.0,0.0,0.0,0.0,0.0,0.0,0.0,1.0,1.0,0.0,0.0,0.0,1.0,1.0,1.0,True,False,False,False,False,False
9.6,EV-LAB-001,NORMAL_BASELINE,192,0.9897236824035645,0.9990535378456116,59,12,60,15,30,80.0,98.0,398.2000000000001,86.80000000000001,31.0,0.012,1.9,2.0,1.0,2.0,1.0,3532.0,123.7,123.4,79.0,67.0,1.0,1.0,0.0,0.0,0.0,0.0,0.0,0.0,1.0,1.0,0.0,0.0,0.0,1.0,1.0,1.0,True,False,False,False,False,False
9.65,EV-LAB-001,NORMAL_BASELINE,193,0.989725649356842,0.999053418636322,59,12,60,15,30,80.0,98.0,398.1,87.30000000000001,32.0,0.016,2.1,2.0,1.0,2.0,1.0,3530.0,124.4,123.6,78.0,67.0,1.0,1.0,0.0,0.0,0.0,0.0,0.0,0.0,1.0,1.0,0.0,0.0,0.0,1.0,1.0,1.0,True,False,False,False,False,False
9.7,EV-LAB-001,NORMAL_BASELINE,194,0.989727795124054,0.9990532994270325,59,12,60,15,30,80.0,98.0,398.2000000000001,87.5,32.0,0.011,2.1,2.0,1.0,2.0,1.0,3529.0,123.8,124.4,77.0,66.0,1.0,1.0,0.0,0.0,0.0,0.0,0.0,0.0,1.0,1.0,0.0,0.0,0.0,1.0,1.0,1.0,True,False,False,False,False,False
9.75,EV-LAB-001,NORMAL_BASELINE,195,0.9897297620773315,0.9990532994270325,59,12,60,15,30,80.0,98.0,398.7000000000001,87.80000000000001,32.0,0.015,1.8,2.0,1.0,2.0,1.0,3528.0,123.6,123.6,78.0,65.0,1.0,1.0,0.0,0.0,0.0,0.0,0.0,0.0,1.0,1.0,0.0,0.0,0.0,1.0,1.0,1.0,True,False,False,False,False,False
9.8,EV-LAB-001,NORMAL_BASELINE,196,0.9897318482398987,0.9990531802177429,59,12,60,15,30,80.0,98.0,398.5,88.2,32.0,0.009,2.0,2.0,1.0,2.0,1.0,3526.0,124.7,124.7,78.0,66.0,1.0,1.0,0.0,0.0,0.0,0.0,0.0,0.0,1.0,1.0,0.0,0.0,0.0,1.0,1.0,1.0,True,False,False,False,False,False
9.85,EV-LAB-001,NORMAL_BASELINE,197,0.989733874797821,0.9990530610084534,59,12,60,15,30,80.0,98.0,399.2000000000001,86.2,32.0,0.014,2.1,2.0,1.0,2.0,1.0,3525.0,123.2,123.3,78.0,66.0,1.0,1.0,0.0,0.0,0.0,0.0,0.0,0.0,1.0,1.0,0.0,0.0,0.0,1.0,1.0,1.0,True,False,False,False,False,False
9.9,EV-LAB-001,NORMAL_BASELINE,198,0.9897358417510986,0.9990529417991638,59,12,60,15,30,80.0,98.0,398.1,86.10000000000001,32.0,0.012,2.0,2.0,1.0,2.0,1.0,3523.0,123.7,123.1,79.0,66.0,1.0,1.0,0.0,0.0,0.0,0.0,0.0,0.0,1.0,1.0,0.0,0.0,0.0,1.0,1.0,1.0,True,False,False,False,False,False
9.95,EV-LAB-001,NORMAL_BASELINE,199,0.9897378087043762,0.9990529417991638,59,12,60,15,30,80.0,98.0,398.3,86.4,32.0,0.014,1.8,2.0,1.0,2.0,1.0,3522.0,123.9,126.4,79.0,66.0,1.0,1.0,0.0,0.0,0.0,0.0,0.0,0.0,1.0,1.0,0.0,0.0,0.0,1.0,1.0,1.0,True,False,False,False,False,False
10.0,EV-LAB-001,NORMAL_BASELINE,200,0.989739716053009,0.9990528225898743,59,12,60,15,30,80.0,98.0,398.5,85.5,32.0,0.01,2.1,2.0,1.0,2.0,1.0,3520.0,122.6,120.0,78.0,66.0,1.0,1.0,0.0,0.0,0.0,0.0,0.0,0.0,1.0,1.0,0.0,0.0,0.0,1.0,1.0,1.0,True,False,False,False,False,False
10.05,EV-LAB-001,NORMAL_BASELINE,201,0.9897416830062866,0.9990527033805847,59,12,60,15,30,80.0,98.0,398.5,84.9,31.0,0.013,2.0,2.0,1.0,2.0,1.0,3519.0,122.3,123.3,78.0,67.0,1.0,1.0,0.0,0.0,0.0,0.0,0.0,0.0,1.0,1.0,0.0,0.0,0.0,1.0,1.0,1.0,True,False,False,False,False,False
10.1,EV-LAB-001,NORMAL_BASELINE,202,0.9897436499595642,0.9990525841712952,59,12,60,15,30,80.0,98.0,398.5,87.5,32.0,0.012,2.1,2.0,1.0,2.0,1.0,3518.0,122.3,120.8,78.0,67.0,1.0,1.0,0.0,0.0,0.0,0.0,0.0,0.0,1.0,1.0,0.0,0.0,0.0,1.0,1.0,1.0,True,False,False,False,False,False
10.15,EV-LAB-001,NORMAL_BASELINE,203,0.9897454977035522,0.9990525841712952,59,12,60,15,30,80.0,98.0,398.7000000000001,85.60000000000001,32.0,0.013,2.0,2.0,1.0,2.0,1.0,3516.0,123.6,125.3,78.0,66.0,1.0,1.0,0.0,0.0,0.0,0.0,0.0,0.0,1.0,1.0,0.0,0.0,0.0,1.0,1.0,1.0,True,False,False,False,False,False
10.2,EV-LAB-001,NORMAL_BASELINE,204,0.9897475242614746,0.9990524649620056,59,12,60,15,30,80.0,98.0,398.4,85.7,32.0,0.013,2.1,2.0,1.0,2.0,1.0,3515.0,122.6,124.1,79.0,65.0,1.0,1.0,0.0,0.0,0.0,0.0,0.0,0.0,1.0,1.0,0.0,0.0,0.0,1.0,1.0,1.0,True,False,False,False,False,False
10.25,EV-LAB-001,NORMAL_BASELINE,205,0.9897494912147522,0.9990523457527161,59,12,60,15,30,80.0,98.0,397.7000000000001,85.60000000000001,31.0,0.012,2.1,2.0,1.0,2.0,1.0,3513.0,122.0,123.5,79.0,66.0,1.0,1.0,0.0,0.0,0.0,0.0,0.0,0.0,1.0,1.0,0.0,0.0,0.0,1.0,1.0,1.0,True,False,False,False,False,False
10.3,EV-LAB-001,NORMAL_BASELINE,206,0.9897513389587402,0.9990522265434265,59,12,60,15,30,80.0,98.0,398.7000000000001,86.10000000000001,31.0,0.011,2.1,2.0,1.0,2.0,1.0,3512.0,123.1,117.2,77.0,68.0,1.0,1.0,0.0,0.0,0.0,0.0,0.0,0.0,1.0,1.0,0.0,0.0,0.0,1.0,1.0,1.0,True,False,False,False,False,False
10.35,EV-LAB-001,NORMAL_BASELINE,207,0.9897533655166626,0.9990522265434265,59,12,60,15,30,80.0,98.0,398.8,87.7,32.0,0.009,2.0,2.0,1.0,2.0,1.0,3510.0,123.6,121.1,78.0,66.0,1.0,1.0,0.0,0.0,0.0,0.0,0.0,0.0,1.0,1.0,0.0,0.0,0.0,1.0,1.0,1.0,True,False,False,False,False,False
10.4,EV-LAB-001,NORMAL_BASELINE,208,0.9897553324699402,0.999052107334137,59,12,60,15,30,80.0,98.0,398.4,87.4,32.0,0.013,2.0,2.0,1.0,2.0,1.0,3509.0,123.3,122.1,79.0,67.0,1.0,1.0,0.0,0.0,0.0,0.0,0.0,0.0,1.0,1.0,0.0,0.0,0.0,1.0,1.0,1.0,True,False,False,False,False,False
10.45,EV-LAB-001,NORMAL_BASELINE,209,0.9897572994232178,0.9990519881248474,59,12,60,15,30,80.0,98.0,399.1,86.10000000000001,32.0,0.01,2.2,2.0,1.0,2.0,1.0,3507.0,122.8,121.7,77.0,67.0,1.0,1.0,0.0,0.0,0.0,0.0,0.0,0.0,1.0,1.0,0.0,0.0,0.0,1.0,1.0,1.0,True,False,False,False,False,False
10.5,EV-LAB-001,NORMAL_BASELINE,210,0.9897593259811401,0.9990518689155579,59,12,60,15,30,80.0,98.0,399.2000000000001,85.30000000000001,32.0,0.011,2.2,2.0,1.0,2.0,1.0,3506.0,122.6,123.3,79.0,66.0,1.0,1.0,0.0,0.0,0.0,0.0,0.0,0.0,1.0,1.0,0.0,0.0,0.0,1.0,1.0,1.0,True,False,False,False,False,False
10.55,EV-LAB-001,NORMAL_BASELINE,211,0.9897612929344177,0.9990517497062683,59,12,60,15,30,80.0,98.0,399.0,86.30000000000001,32.0,0.01,1.6,2.0,1.0,2.0,1.0,3504.0,121.6,123.7,79.0,66.0,1.0,1.0,0.0,0.0,0.0,0.0,0.0,0.0,1.0,1.0,0.0,0.0,0.0,1.0,1.0,1.0,True,False,False,False,False,False
10.6,EV-LAB-001,NORMAL_BASELINE,212,0.9897632598876953,0.9990517497062683,59,12,60,15,30,80.0,98.0,399.0,85.2,32.0,0.018,2.2,2.0,1.0,2.0,1.0,3502.0,119.9,118.5,79.0,67.0,1.0,1.0,0.0,0.0,0.0,0.0,0.0,0.0,1.0,1.0,0.0,0.0,0.0,1.0,1.0,1.0,True,False,False,False,False,False
10.65,EV-LAB-001,NORMAL_BASELINE,213,0.9897654056549072,0.9990516304969788,59,12,60,15,30,80.0,98.0,398.5,85.80000000000001,32.0,0.012,2.0,2.0,1.0,2.0,1.0,3501.0,121.9,122.4,77.0,66.0,1.0,1.0,0.0,0.0,0.0,0.0,0.0,0.0,1.0,1.0,0.0,0.0,0.0,1.0,1.0,1.0,True,False,False,False,False,False
10.7,EV-LAB-001,NORMAL_BASELINE,214,0.9897674918174744,0.9990515112876892,59,12,60,15,30,80.0,98.0,398.4,85.30000000000001,32.0,0.014,2.0,2.0,1.0,2.0,1.0,3499.0,122.6,121.0,78.0,66.0,1.0,1.0,0.0,0.0,0.0,0.0,0.0,0.0,1.0,1.0,0.0,0.0,0.0,1.0,1.0,1.0,True,False,False,False,False,False
10.75,EV-LAB-001,NORMAL_BASELINE,215,0.9897695779800415,0.9990513920783997,59,12,60,15,30,80.0,98.0,398.1,84.60000000000001,31.0,0.012,2.1,2.0,1.0,2.0,1.0,3497.0,121.9,121.6,78.0,66.0,1.0,1.0,0.0,0.0,0.0,0.0,0.0,0.0,1.0,1.0,0.0,0.0,0.0,1.0,1.0,1.0,True,False,False,False,False,False
10.8,EV-LAB-001,NORMAL_BASELINE,216,0.9897716641426086,0.9990512728691101,59,12,60,15,30,80.0,98.0,398.5,85.7,32.0,0.013,1.7000000000000002,2.0,1.0,2.0,1.0,3496.0,121.2,118.8,78.0,66.0,1.0,1.0,0.0,0.0,0.0,0.0,0.0,0.0,1.0,1.0,0.0,0.0,0.0,1.0,1.0,1.0,True,False,False,False,False,False
10.85,EV-LAB-001,NORMAL_BASELINE,217,0.9897738099098206,0.9990512728691101,59,12,60,15,30,80.0,98.0,398.7000000000001,85.7,32.0,0.014,1.9,2.0,1.0,2.0,1.0,3494.0,121.4,121.7,78.0,65.0,1.0,1.0,0.0,0.0,0.0,0.0,0.0,0.0,1.0,1.0,0.0,0.0,0.0,1.0,1.0,1.0,True,False,False,False,False,False
10.9,EV-LAB-001,NORMAL_BASELINE,218,0.9897761344909668,0.9990511536598206,59,12,60,15,30,80.0,98.0,398.5,85.5,32.0,0.014,2.2,2.0,1.0,2.0,1.0,3492.0,120.5,121.7,78.0,66.0,1.0,1.0,0.0,0.0,0.0,0.0,0.0,0.0,1.0,1.0,0.0,0.0,0.0,1.0,1.0,1.0,True,False,False,False,False,False
10.95,EV-LAB-001,NORMAL_BASELINE,219,0.9897782206535339,0.999051034450531,59,12,60,15,30,80.0,98.0,398.7000000000001,82.60000000000001,31.0,0.011,1.7000000000000002,2.0,1.0,2.0,1.0,3490.0,119.3,118.4,78.0,66.0,1.0,1.0,0.0,0.0,0.0,0.0,0.0,0.0,1.0,1.0,0.0,0.0,0.0,1.0,1.0,1.0,True,False,False,False,False,False
11.0,EV-LAB-001,NORMAL_BASELINE,220,0.9897805452346802,0.9990509152412415,59,12,60,15,30,80.0,98.0,398.4,84.60000000000001,32.0,0.011,2.4000000000000004,2.0,1.0,2.0,1.0,3488.0,121.4,119.3,78.0,66.0,1.0,1.0,0.0,0.0,0.0,0.0,0.0,0.0,1.0,1.0,0.0,0.0,0.0,1.0,1.0,1.0,True,False,False,False,False,False
11.05,EV-LAB-001,NORMAL_BASELINE,221,0.9897828698158264,0.9990507960319519,59,12,60,15,30,80.0,98.0,398.5,85.9,32.0,0.012,1.9,2.0,1.0,2.0,1.0,3486.0,119.5,117.5,78.0,66.0,1.0,1.0,0.0,0.0,0.0,0.0,0.0,0.0,1.0,1.0,0.0,0.0,0.0,1.0,1.0,1.0,True,False,False,False,False,False
11.1,EV-LAB-001,NORMAL_BASELINE,222,0.9897852540016174,0.9990506768226624,59,12,60,15,30,80.0,98.0,398.4,84.10000000000001,31.0,0.01,2.3000000000000003,2.0,1.0,2.0,1.0,3485.0,119.7,119.5,77.0,66.0,1.0,1.0,0.0,0.0,0.0,0.0,0.0,0.0,1.0,1.0,0.0,0.0,0.0,1.0,1.0,1.0,True,False,False,False,False,False
11.15,EV-LAB-001,NORMAL_BASELINE,223,0.9897876977920532,0.9990505576133728,59,12,60,15,30,80.0,98.0,398.5,83.60000000000001,31.0,0.013,1.8,2.0,1.0,2.0,1.0,3483.0,119.7,120.9,77.0,67.0,1.0,1.0,0.0,0.0,0.0,0.0,0.0,0.0,1.0,1.0,0.0,0.0,0.0,1.0,1.0,1.0,True,False,False,False,False,False
11.2,EV-LAB-001,NORMAL_BASELINE,224,0.989790141582489,0.9990504384040833,59,12,60,15,30,80.0,98.0,398.7000000000001,83.60000000000001,31.0,0.014,2.0,2.0,1.0,2.0,1.0,3480.0,120.5,120.4,78.0,66.0,1.0,1.0,0.0,0.0,0.0,0.0,0.0,0.0,1.0,1.0,0.0,0.0,0.0,1.0,1.0,1.0,True,False,False,False,False,False
11.25,EV-LAB-001,NORMAL_BASELINE,225,0.9897925853729248,0.9990503191947937,59,12,60,15,30,80.0,98.0,398.7000000000001,84.0,32.0,0.009,2.0,2.0,1.0,2.0,1.0,3478.0,119.0,120.1,77.0,66.0,1.0,1.0,0.0,0.0,0.0,0.0,0.0,0.0,1.0,1.0,0.0,0.0,0.0,1.0,1.0,1.0,True,False,False,False,False,False
11.3,EV-LAB-001,NORMAL_BASELINE,226,0.9897952675819397,0.9990501999855042,59,12,60,15,30,80.0,98.0,398.8,85.0,32.0,0.009,2.0,2.0,1.0,2.0,1.0,3476.0,121.3,118.8,78.0,67.0,1.0,1.0,0.0,0.0,0.0,0.0,0.0,0.0,1.0,1.0,0.0,0.0,0.0,1.0,1.0,1.0,True,False,False,False,False,False
11.35,EV-LAB-001,NORMAL_BASELINE,227,0.989797830581665,0.9990500807762146,59,12,60,15,30,80.0,98.0,398.2000000000001,85.0,32.0,0.016,1.9,2.0,1.0,2.0,1.0,3474.0,120.1,120.4,78.0,66.0,1.0,1.0,0.0,0.0,0.0,0.0,0.0,0.0,1.0,1.0,0.0,0.0,0.0,1.0,1.0,1.0,True,False,False,False,False,False
11.4,EV-LAB-001,NORMAL_BASELINE,228,0.9898005127906799,0.999049961566925,59,12,60,15,30,80.0,98.0,399.3,83.9,31.0,0.01,2.0,2.0,1.0,2.0,1.0,3472.0,120.5,122.1,78.0,67.0,1.0,1.0,0.0,0.0,0.0,0.0,0.0,0.0,1.0,1.0,0.0,0.0,0.0,1.0,1.0,1.0,True,False,False,False,False,False
11.45,EV-LAB-001,NORMAL_BASELINE,229,0.9898033142089844,0.9990498423576355,59,12,60,15,30,80.0,98.0,398.6,85.5,31.0,0.017,1.9,2.0,1.0,2.0,1.0,3469.0,119.6,119.4,77.0,65.0,1.0,1.0,0.0,0.0,0.0,0.0,0.0,0.0,1.0,1.0,0.0,0.0,0.0,1.0,1.0,1.0,True,False,False,False,False,False
11.5,EV-LAB-001,NORMAL_BASELINE,230,0.9898061156272888,0.999049723148346,59,12,60,15,30,80.0,98.0,398.0,83.30000000000001,32.0,0.01,1.9,2.0,1.0,2.0,1.0,3467.0,119.1,119.6,77.0,66.0,1.0,1.0,0.0,0.0,0.0,0.0,0.0,0.0,1.0,1.0,0.0,0.0,0.0,1.0,1.0,1.0,True,False,False,False,False,False
11.55,EV-LAB-001,NORMAL_BASELINE,231,0.9898090362548828,0.9990496039390564,59,12,60,15,30,80.0,98.0,398.8,82.9,32.0,0.015,2.2,2.0,1.0,2.0,1.0,3464.0,119.2,121.6,77.0,66.0,1.0,1.0,0.0,0.0,0.0,0.0,0.0,0.0,1.0,1.0,0.0,0.0,0.0,1.0,1.0,1.0,True,False,False,False,False,False
11.6,EV-LAB-001,NORMAL_BASELINE,232,0.9898119568824768,0.9990494847297668,59,12,60,15,30,80.0,98.0,398.2000000000001,84.4,32.0,0.013,1.9,2.0,1.0,2.0,1.0,3462.0,119.9,119.9,78.0,66.0,1.0,1.0,0.0,0.0,0.0,0.0,0.0,0.0,1.0,1.0,0.0,0.0,0.0,1.0,1.0,1.0,True,False,False,False,False,False
11.65,EV-LAB-001,NORMAL_BASELINE,233,0.9898149967193604,0.9990493655204773,59,12,60,15,30,80.0,98.0,399.0,80.30000000000001,31.0,0.013,2.1,2.0,1.0,2.0,1.0,3459.0,117.2,117.1,78.0,66.0,1.0,1.0,0.0,0.0,0.0,0.0,0.0,0.0,1.0,1.0,0.0,0.0,0.0,1.0,1.0,1.0,True,False,False,False,False,False
11.7,EV-LAB-001,NORMAL_BASELINE,234,0.9898180365562439,0.9990491271018982,59,12,60,15,30,80.0,98.0,398.3,84.2,31.0,0.013,1.9,2.0,1.0,2.0,1.0,3457.0,117.9,119.9,79.0,65.0,1.0,1.0,0.0,0.0,0.0,0.0,0.0,0.0,1.0,1.0,0.0,0.0,0.0,1.0,1.0,1.0,True,False,False,False,False,False
11.75,EV-LAB-001,NORMAL_BASELINE,235,0.989821195602417,0.9990490078926086,59,12,60,15,30,80.0,98.0,398.4,82.30000000000001,32.0,0.013,2.1,2.0,1.0,2.0,1.0,3454.0,116.8,116.8,78.0,65.0,1.0,1.0,0.0,0.0,0.0,0.0,0.0,0.0,1.0,1.0,0.0,0.0,0.0,1.0,1.0,1.0,True,False,False,False,False,False
11.8,EV-LAB-001,NORMAL_BASELINE,236,0.9898244738578796,0.9990488886833191,59,12,60,15,30,80.0,98.0,398.4,82.7,31.0,0.012,2.0,2.0,1.0,2.0,1.0,3451.0,118.8,117.1,78.0,66.0,1.0,1.0,0.0,0.0,0.0,0.0,0.0,0.0,1.0,1.0,0.0,0.0,0.0,1.0,1.0,1.0,True,False,False,False,False,False
11.85,EV-LAB-001,NORMAL_BASELINE,237,0.9898278713226318,0.9990487694740295,59,12,60,15,30,80.0,98.0,399.0,82.2,32.0,0.012,2.0,2.0,1.0,2.0,1.0,3448.0,117.8,116.6,78.0,65.0,1.0,1.0,0.0,0.0,0.0,0.0,0.0,0.0,1.0,1.0,0.0,0.0,0.0,1.0,1.0,1.0,True,False,False,False,False,False
11.9,EV-LAB-001,NORMAL_BASELINE,238,0.989831268787384,0.9990485310554504,59,12,60,15,30,80.0,98.0,398.9,83.30000000000001,31.0,0.011,2.1,2.0,1.0,2.0,1.0,3445.0,117.9,116.6,77.0,65.0,1.0,1.0,0.0,0.0,0.0,0.0,0.0,0.0,1.0,1.0,0.0,0.0,0.0,1.0,1.0,1.0,True,False,False,False,False,False
11.95,EV-LAB-001,NORMAL_BASELINE,239,0.989834725856781,0.9990484118461609,59,12,60,15,30,80.0,98.0,398.4,82.4,32.0,0.011,1.9,2.0,1.0,2.0,1.0,3442.0,116.9,119.6,78.0,66.0,1.0,1.0,0.0,0.0,0.0,0.0,0.0,0.0,1.0,1.0,0.0,0.0,0.0,1.0,1.0,1.0,True,False,False,False,False,False
12.0,EV-LAB-001,NORMAL_BASELINE,240,0.9898383617401123,0.9990482926368713,59,12,60,15,30,80.0,98.0,398.8,81.9,31.0,0.012,2.2,2.0,1.0,2.0,1.0,3439.0,117.8,117.4,77.0,66.0,1.0,1.0,0.0,0.0,0.0,0.0,0.0,0.0,1.0,1.0,0.0,0.0,0.0,1.0,1.0,1.0,True,False,False,False,False,False
12.05,EV-LAB-001,NORMAL_BASELINE,241,0.9898419976234436,0.9990480542182922,59,12,60,15,30,80.0,98.0,398.4,80.7,31.0,0.015,1.9,2.0,1.0,2.0,1.0,3436.0,117.2,117.3,77.0,65.0,1.0,1.0,0.0,0.0,0.0,0.0,0.0,0.0,1.0,1.0,0.0,0.0,0.0,1.0,1.0,1.0,True,False,False,False,False,False
12.1,EV-LAB-001,NORMAL_BASELINE,242,0.989845871925354,0.9990479350090027,59,12,60,15,30,80.0,98.0,398.7000000000001,83.2,31.0,0.014,2.1,2.0,1.0,2.0,1.0,3433.0,117.9,118.4,78.0,66.0,1.0,1.0,0.0,0.0,0.0,0.0,0.0,0.0,1.0,1.0,0.0,0.0,0.0,1.0,1.0,1.0,True,False,False,False,False,False
12.15,EV-LAB-001,NORMAL_BASELINE,243,0.9898496866226196,0.9990476965904236,59,12,60,15,30,80.0,98.0,399.2000000000001,82.10000000000001,31.0,0.011,2.2,2.0,1.0,2.0,1.0,3429.0,118.9,118.9,78.0,66.0,1.0,1.0,0.0,0.0,0.0,0.0,0.0,0.0,1.0,1.0,0.0,0.0,0.0,1.0,1.0,1.0,True,False,False,False,False,False
12.2,EV-LAB-001,NORMAL_BASELINE,244,0.9898536801338196,0.999047577381134,59,12,60,15,30,80.0,98.0,398.6,82.0,31.0,0.015,1.9,2.0,1.0,2.0,1.0,3426.0,116.8,117.0,78.0,66.0,1.0,1.0,0.0,0.0,0.0,0.0,0.0,0.0,1.0,1.0,0.0,0.0,0.0,1.0,1.0,1.0,True,False,False,False,False,False
12.25,EV-LAB-001,NORMAL_BASELINE,245,0.9898576736450195,0.9990473389625549,59,12,60,15,30,80.0,98.0,398.0,80.10000000000001,32.0,0.014,2.1,2.0,1.0,2.0,1.0,3422.0,116.4,117.7,78.0,66.0,1.0,1.0,0.0,0.0,0.0,0.0,0.0,0.0,1.0,1.0,0.0,0.0,0.0,1.0,1.0,1.0,True,False,False,False,False,False
12.3,EV-LAB-001,NORMAL_BASELINE,246,0.9898618459701538,0.9990471005439758,59,12,60,15,30,80.0,98.0,398.5,81.60000000000001,32.0,0.012,1.8,2.0,1.0,2.0,1.0,3419.0,117.1,116.4,78.0,66.0,1.0,1.0,0.0,0.0,0.0,0.0,0.0,0.0,1.0,1.0,0.0,0.0,0.0,1.0,1.0,1.0,True,False,False,False,False,False
12.35,EV-LAB-001,NORMAL_BASELINE,247,0.9898660778999329,0.9990469813346863,59,12,60,15,30,80.0,98.0,398.8,81.10000000000001,31.0,0.012,2.0,2.0,1.0,2.0,1.0,3415.0,116.0,113.4,77.0,65.0,1.0,1.0,0.0,0.0,0.0,0.0,0.0,0.0,1.0,1.0,0.0,0.0,0.0,1.0,1.0,1.0,True,False,False,False,False,False
12.4,EV-LAB-001,NORMAL_BASELINE,248,0.9898703694343567,0.9990467429161072,59,12,60,15,30,80.0,98.0,398.5,79.10000000000001,31.0,0.012,2.2,2.0,1.0,2.0,1.0,3412.0,114.2,112.5,78.0,65.0,1.0,1.0,0.0,0.0,0.0,0.0,0.0,0.0,1.0,1.0,0.0,0.0,0.0,1.0,1.0,1.0,True,False,False,False,False,False
12.45,EV-LAB-001,NORMAL_BASELINE,249,0.9898748397827148,0.9990465044975281,59,12,60,15,30,80.0,98.0,398.5,81.30000000000001,32.0,0.009,2.0,2.0,1.0,2.0,1.0,3408.0,116.7,116.7,77.0,65.0,1.0,1.0,0.0,0.0,0.0,0.0,0.0,0.0,1.0,1.0,0.0,0.0,0.0,1.0,1.0,1.0,True,False,False,False,False,False
12.5,EV-LAB-001,NORMAL_BASELINE,250,0.9898793697357178,0.999046266078949,59,12,60,15,30,80.0,98.0,397.9,81.4,31.0,0.013,1.9,2.0,1.0,2.0,1.0,3404.0,115.7,116.3,77.0,65.0,1.0,1.0,0.0,0.0,0.0,0.0,0.0,0.0,1.0,1.0,0.0,0.0,0.0,1.0,1.0,1.0,True,False,False,False,False,False
12.55,EV-LAB-001,NORMAL_BASELINE,251,0.9898840188980103,0.9990461468696594,59,12,60,15,30,80.0,98.0,398.3,81.4,31.0,0.012,1.8,2.0,1.0,2.0,1.0,3400.0,117.2,118.3,76.0,65.0,1.0,1.0,0.0,0.0,0.0,0.0,0.0,0.0,1.0,1.0,0.0,0.0,0.0,1.0,1.0,1.0,True,False,False,False,False,False
12.6,EV-LAB-001,NORMAL_BASELINE,252,0.9898887276649475,0.9990459084510803,59,12,60,15,30,80.0,98.0,398.6,79.7,31.0,0.011,1.8,2.0,1.0,2.0,1.0,3396.0,114.5,114.9,78.0,66.0,1.0,1.0,0.0,0.0,0.0,0.0,0.0,0.0,1.0,1.0,0.0,0.0,0.0,1.0,1.0,1.0,True,False,False,False,False,False
12.65,EV-LAB-001,NORMAL_BASELINE,253,0.9898936152458191,0.9990456700325012,59,12,60,15,30,80.0,98.0,398.6,81.2,31.0,0.011,2.1,2.0,1.0,2.0,1.0,3392.0,116.7,118.5,77.0,65.0,1.0,1.0,0.0,0.0,0.0,0.0,0.0,0.0,1.0,1.0,0.0,0.0,0.0,1.0,1.0,1.0,True,False,False,False,False,False
12.7,EV-LAB-001,NORMAL_BASELINE,254,0.9898985028266907,0.9990454316139221,59,12,60,15,30,80.0,98.0,398.7000000000001,80.30000000000001,31.0,0.008,2.1,2.0,1.0,2.0,1.0,3387.0,116.2,114.5,78.0,65.0,1.0,1.0,0.0,0.0,0.0,0.0,0.0,0.0,1.0,1.0,0.0,0.0,0.0,1.0,1.0,1.0,True,False,False,False,False,False
12.75,EV-LAB-001,NORMAL_BASELINE,255,0.9899035692214966,0.999045193195343,59,12,60,15,30,80.0,98.0,398.0,80.4,32.0,0.013,1.7000000000000002,2.0,1.0,2.0,1.0,3383.0,115.9,115.5,76.0,65.0,1.0,1.0,0.0,0.0,0.0,0.0,0.0,0.0,1.0,1.0,0.0,0.0,0.0,1.0,1.0,1.0,True,False,False,False,False,False
12.8,EV-LAB-001,NORMAL_BASELINE,256,0.9899086952209473,0.9990449547767639,59,12,60,15,30,80.0,98.0,398.4,82.5,31.0,0.014,2.0,2.0,1.0,2.0,1.0,3379.0,117.7,116.8,77.0,65.0,1.0,1.0,0.0,0.0,0.0,0.0,0.0,0.0,1.0,1.0,0.0,0.0,0.0,1.0,1.0,1.0,True,False,False,False,False,False
12.85,EV-LAB-001,NORMAL_BASELINE,257,0.9899139404296875,0.9990447163581848,59,12,60,15,30,80.0,98.0,398.3,81.4,32.0,0.012,2.2,2.0,1.0,2.0,1.0,3374.0,114.5,113.6,77.0,65.0,1.0,1.0,0.0,0.0,0.0,0.0,0.0,0.0,1.0,1.0,0.0,0.0,0.0,1.0,1.0,1.0,True,False,False,False,False,False
12.9,EV-LAB-001,NORMAL_BASELINE,258,0.9899193048477173,0.9990443587303162,59,12,60,15,30,80.0,98.0,398.6,78.10000000000001,31.0,0.016,2.1,2.0,1.0,2.0,1.0,3369.0,114.4,113.0,76.0,65.0,1.0,1.0,0.0,0.0,0.0,0.0,0.0,0.0,1.0,1.0,0.0,0.0,0.0,1.0,1.0,1.0,True,False,False,False,False,False
12.95,EV-LAB-001,NORMAL_BASELINE,259,0.9899247884750366,0.9990441203117371,59,12,60,15,30,80.0,98.0,399.0,78.9,31.0,0.015,2.3000000000000003,2.0,1.0,2.0,1.0,3365.0,114.5,115.7,77.0,66.0,1.0,1.0,0.0,0.0,0.0,0.0,0.0,0.0,1.0,1.0,0.0,0.0,0.0,1.0,1.0,1.0,True,False,False,False,False,False
13.0,EV-LAB-001,NORMAL_BASELINE,260,0.9899303913116455,0.999043881893158,59,12,60,15,30,80.0,98.0,398.7000000000001,79.5,31.0,0.008,1.7000000000000002,2.0,1.0,2.0,1.0,3360.0,114.7,117.3,78.0,66.0,1.0,1.0,0.0,0.0,0.0,0.0,0.0,0.0,1.0,1.0,0.0,0.0,0.0,1.0,1.0,1.0,True,False,False,False,False,False
13.05,EV-LAB-001,NORMAL_BASELINE,261,0.9899360537528992,0.9990436434745789,59,12,60,15,30,80.0,98.0,399.0,78.4,31.0,0.009,2.0,2.0,1.0,2.0,1.0,3355.0,114.7,111.8,76.0,64.0,1.0,1.0,0.0,0.0,0.0,0.0,0.0,0.0,1.0,1.0,0.0,0.0,0.0,1.0,1.0,1.0,True,False,False,False,False,False
13.1,EV-LAB-001,NORMAL_BASELINE,262,0.9899418950080872,0.9990432858467102,59,12,60,15,30,80.0,98.0,398.2000000000001,80.0,31.0,0.013,2.1,2.0,1.0,2.0,1.0,3350.0,114.4,115.3,77.0,65.0,1.0,1.0,0.0,0.0,0.0,0.0,0.0,0.0,1.0,1.0,0.0,0.0,0.0,1.0,1.0,1.0,True,False,False,False,False,False
13.15,EV-LAB-001,NORMAL_BASELINE,263,0.9899477362632751,0.9990430474281311,59,12,60,15,30,80.0,98.0,398.2000000000001,80.30000000000001,31.0,0.012,1.8,2.0,1.0,2.0,1.0,3345.0,116.1,117.2,77.0,65.0,1.0,1.0,0.0,0.0,0.0,0.0,0.0,0.0,1.0,1.0,0.0,0.0,0.0,1.0,1.0,1.0,True,False,False,False,False,False
13.2,EV-LAB-001,NORMAL_BASELINE,264,0.9899536371231079,0.999042809009552,59,12,60,15,30,80.0,98.0,398.7000000000001,80.10000000000001,31.0,0.014,2.0,2.0,1.0,2.0,1.0,3340.0,113.4,113.3,78.0,63.0,1.0,1.0,0.0,0.0,0.0,0.0,0.0,0.0,1.0,1.0,0.0,0.0,0.0,1.0,1.0,1.0,True,False,False,False,False,False
13.25,EV-LAB-001,NORMAL_BASELINE,265,0.989959716796875,0.9990424513816833,59,12,60,15,30,80.0,98.0,398.2000000000001,77.30000000000001,32.0,0.011,1.9,2.0,1.0,2.0,1.0,3335.0,111.7,112.8,78.0,65.0,1.0,1.0,0.0,0.0,0.0,0.0,0.0,0.0,1.0,1.0,0.0,0.0,0.0,1.0,1.0,1.0,True,False,False,False,False,False
13.3,EV-LAB-001,NORMAL_BASELINE,266,0.9899657964706421,0.9990422129631042,59,12,60,15,30,80.0,98.0,398.5,78.7,31.0,0.011,1.6,2.0,1.0,2.0,1.0,3330.0,112.3,114.2,77.0,66.0,1.0,1.0,0.0,0.0,0.0,0.0,0.0,0.0,1.0,1.0,0.0,0.0,0.0,1.0,1.0,1.0,True,False,False,False,False,False
13.35,EV-LAB-001,NORMAL_BASELINE,267,0.9899721145629883,0.9990418553352356,59,12,60,15,30,80.0,98.0,398.5,79.80000000000001,31.0,0.011,2.3000000000000003,2.0,1.0,2.0,1.0,3324.0,113.6,110.7,76.0,64.0,1.0,1.0,0.0,0.0,0.0,0.0,0.0,0.0,1.0,1.0,0.0,0.0,0.0,1.0,1.0,1.0,True,False,False,False,False,False
13.4,EV-LAB-001,NORMAL_BASELINE,268,0.989978551864624,0.9990416169166565,59,12,60,15,30,80.0,98.0,398.8,78.2,31.0,0.011,2.0,2.0,1.0,2.0,1.0,3319.0,113.5,113.7,77.0,65.0,1.0,1.0,0.0,0.0,0.0,0.0,0.0,0.0,1.0,1.0,0.0,0.0,0.0,1.0,1.0,1.0,True,False,False,False,False,False
13.45,EV-LAB-001,NORMAL_BASELINE,269,0.9899851083755493,0.9990412592887878,59,12,60,15,30,80.0,98.0,398.1,77.5,32.0,0.014,2.2,2.0,1.0,2.0,1.0,3313.0,111.8,110.1,77.0,65.0,1.0,1.0,0.0,0.0,0.0,0.0,0.0,0.0,1.0,1.0,0.0,0.0,0.0,1.0,1.0,1.0,True,False,False,False,False,False
13.5,EV-LAB-001,NORMAL_BASELINE,270,0.9899916648864746,0.9990409016609192,59,12,60,15,30,80.0,98.0,398.9,78.9,31.0,0.01,2.1,2.0,1.0,2.0,1.0,3308.0,111.7,112.0,76.0,64.0,1.0,1.0,0.0,0.0,0.0,0.0,0.0,0.0,1.0,1.0,0.0,0.0,0.0,1.0,1.0,1.0,True,False,False,False,False,False
13.55,EV-LAB-001,NORMAL_BASELINE,271,0.9899982810020447,0.9990406632423401,59,12,60,15,30,80.0,98.0,398.7000000000001,78.2,31.0,0.011,2.1,2.0,1.0,2.0,1.0,3302.0,111.5,110.9,76.0,65.0,1.0,1.0,0.0,0.0,0.0,0.0,0.0,0.0,1.0,1.0,0.0,0.0,0.0,1.0,1.0,1.0,True,False,False,False,False,False
13.6,EV-LAB-001,NORMAL_BASELINE,272,0.9900049567222595,0.9990403056144714,59,12,60,15,30,80.0,98.0,398.8,78.5,31.0,0.015,2.2,2.0,1.0,2.0,1.0,3296.0,112.9,113.8,76.0,66.0,1.0,1.0,0.0,0.0,0.0,0.0,0.0,0.0,1.0,1.0,0.0,0.0,0.0,1.0,1.0,1.0,True,False,False,False,False,False
13.65,EV-LAB-001,NORMAL_BASELINE,273,0.9900118708610535,0.9990399479866028,59,12,60,15,30,80.0,98.0,398.3,79.60000000000001,32.0,0.014,2.2,2.0,1.0,2.0,1.0,3291.0,113.6,115.0,77.0,65.0,1.0,1.0,0.0,0.0,0.0,0.0,0.0,0.0,1.0,1.0,0.0,0.0,0.0,1.0,1.0,1.0,True,False,False,False,False,False
13.7,EV-LAB-001,NORMAL_BASELINE,274,0.9900187253952026,0.9990395903587341,59,12,60,15,30,80.0,98.0,398.5,78.9,31.0,0.012,2.0,2.0,1.0,2.0,1.0,3285.0,111.4,110.8,77.0,64.0,1.0,1.0,0.0,0.0,0.0,0.0,0.0,0.0,1.0,1.0,0.0,0.0,0.0,1.0,1.0,1.0,True,False,False,False,False,False
13.75,EV-LAB-001,NORMAL_BASELINE,275,0.9900257587432861,0.9990392923355103,59,12,60,15,30,80.0,98.0,398.4,77.9,31.0,0.01,2.1,2.0,1.0,2.0,1.0,3279.0,111.5,112.5,76.0,64.0,1.0,1.0,0.0,0.0,0.0,0.0,0.0,0.0,1.0,1.0,0.0,0.0,0.0,1.0,1.0,1.0,True,False,False,False,False,False
13.8,EV-LAB-001,NORMAL_BASELINE,276,0.9900327920913696,0.9990389347076416,59,12,60,15,30,80.0,98.0,398.3,77.7,31.0,0.01,1.8,2.0,1.0,2.0,1.0,3273.0,111.7,111.6,76.0,65.0,1.0,1.0,0.0,0.0,0.0,0.0,0.0,0.0,1.0,1.0,0.0,0.0,0.0,1.0,1.0,1.0,True,False,False,False,False,False
13.85,EV-LAB-001,NORMAL_BASELINE,277,0.9900400042533875,0.999038577079773,59,12,60,15,30,80.0,98.0,398.2000000000001,78.4,31.0,0.013,1.8,2.0,1.0,2.0,1.0,3267.0,111.7,110.4,75.0,65.0,1.0,1.0,0.0,0.0,0.0,0.0,0.0,0.0,1.0,1.0,0.0,0.0,0.0,1.0,1.0,1.0,True,False,False,False,False,False
13.9,EV-LAB-001,NORMAL_BASELINE,278,0.99004727602005,0.9990382194519043,59,12,60,15,30,80.0,98.0,399.3,78.7,31.0,0.012,2.0,2.0,1.0,2.0,1.0,3260.0,112.9,112.2,77.0,65.0,1.0,1.0,0.0,0.0,0.0,0.0,0.0,0.0,1.0,1.0,0.0,0.0,0.0,1.0,1.0,1.0,True,False,False,False,False,False
13.95,EV-LAB-001,NORMAL_BASELINE,279,0.9900546073913574,0.9990378618240356,59,12,60,15,30,80.0,98.0,399.8,78.10000000000001,31.0,0.015,1.7000000000000002,2.0,1.0,2.0,1.0,3254.0,110.4,110.7,76.0,65.0,1.0,1.0,0.0,0.0,0.0,0.0,0.0,0.0,1.0,1.0,0.0,0.0,0.0,1.0,1.0,1.0,True,False,False,False,False,False
14.0,EV-LAB-001,NORMAL_BASELINE,280,0.9900619983673096,0.999037504196167,59,12,60,15,30,80.0,98.0,398.3,77.10000000000001,31.0,0.011,1.8,2.0,1.0,2.0,1.0,3248.0,110.2,107.9,77.0,64.0,1.0,1.0,0.0,0.0,0.0,0.0,0.0,0.0,1.0,1.0,0.0,0.0,0.0,1.0,1.0,1.0,True,False,False,False,False,False
14.05,EV-LAB-001,NORMAL_BASELINE,281,0.9900694489479065,0.9990371465682983,59,12,60,15,30,80.0,98.0,398.7000000000001,79.30000000000001,31.0,0.014,2.1,2.0,1.0,2.0,1.0,3241.0,112.4,113.4,76.0,65.0,1.0,1.0,0.0,0.0,0.0,0.0,0.0,0.0,1.0,1.0,0.0,0.0,0.0,1.0,1.0,1.0,True,False,False,False,False,False
14.1,EV-LAB-001,NORMAL_BASELINE,282,0.9900770783424377,0.9990367889404297,59,12,60,15,30,80.0,98.0,399.2000000000001,78.10000000000001,31.0,0.014,2.2,2.0,1.0,2.0,1.0,3235.0,111.1,110.8,76.0,65.0,1.0,1.0,0.0,0.0,0.0,0.0,0.0,0.0,1.0,1.0,0.0,0.0,0.0,1.0,1.0,1.0,True,False,False,False,False,False
14.15,EV-LAB-001,NORMAL_BASELINE,283,0.9900846481323242,0.999036431312561,59,12,60,15,30,80.0,98.0,398.5,78.0,31.0,0.013,2.3000000000000003,2.0,1.0,2.0,1.0,3228.0,112.4,112.6,76.0,65.0,1.0,1.0,0.0,0.0,0.0,0.0,0.0,0.0,1.0,1.0,0.0,0.0,0.0,1.0,1.0,1.0,True,False,False,False,False,False
14.2,EV-LAB-001,NORMAL_BASELINE,284,0.9900923371315002,0.9990360736846924,59,12,60,15,30,80.0,98.0,398.6,76.3,31.0,0.013,2.0,2.0,1.0,2.0,1.0,3222.0,110.3,109.3,76.0,65.0,1.0,1.0,0.0,0.0,0.0,0.0,0.0,0.0,1.0,1.0,0.0,0.0,0.0,1.0,1.0,1.0,True,False,False,False,False,False
14.25,EV-LAB-001,NORMAL_BASELINE,285,0.990100085735321,0.9990355968475342,59,12,60,15,30,80.0,98.0,398.6,77.80000000000001,31.0,0.01,2.1,2.0,1.0,2.0,1.0,3215.0,111.4,112.4,76.0,65.0,1.0,1.0,0.0,0.0,0.0,0.0,0.0,0.0,1.0,1.0,0.0,0.0,0.0,1.0,1.0,1.0,True,False,False,False,False,False
14.3,EV-LAB-001,NORMAL_BASELINE,286,0.9901078939437866,0.9990352392196655,59,12,60,15,30,79.60000000000001,98.0,399.2000000000001,77.0,31.0,0.016,2.0,2.0,1.0,2.0,1.0,3209.0,109.5,109.3,75.0,64.0,1.0,1.0,0.0,0.0,0.0,0.0,0.0,0.0,1.0,1.0,0.0,0.0,0.0,1.0,1.0,1.0,True,False,False,False,False,False
14.35,EV-LAB-001,NORMAL_BASELINE,287,0.9901158213615417,0.9990348815917969,59,12,60,15,30,79.60000000000001,98.0,398.9,76.10000000000001,31.0,0.011,2.1,2.0,1.0,2.0,1.0,3202.0,109.6,109.7,76.0,64.0,1.0,1.0,0.0,0.0,0.0,0.0,0.0,0.0,1.0,1.0,0.0,0.0,0.0,1.0,1.0,1.0,True,False,False,False,False,False
14.4,EV-LAB-001,NORMAL_BASELINE,288,0.9901238083839417,0.9990344047546387,59,12,60,15,30,79.60000000000001,98.0,399.0,78.0,31.0,0.016,1.9,2.0,1.0,2.0,1.0,3195.0,109.8,111.1,76.0,64.0,1.0,1.0,0.0,0.0,0.0,0.0,0.0,0.0,1.0,1.0,0.0,0.0,0.0,1.0,1.0,1.0,True,False,False,False,False,False
14.45,EV-LAB-001,NORMAL_BASELINE,289,0.9901317358016968,0.99903404712677,59,12,60,15,30,79.60000000000001,98.0,398.7000000000001,77.30000000000001,31.0,0.015,2.0,2.0,1.0,2.0,1.0,3188.0,109.2,110.5,75.0,64.0,1.0,1.0,0.0,0.0,0.0,0.0,0.0,0.0,1.0,1.0,0.0,0.0,0.0,1.0,1.0,1.0,True,False,False,False,False,False
14.5,EV-LAB-001,NORMAL_BASELINE,290,0.990139901638031,0.9990336894989014,59,12,60,15,30,79.60000000000001,98.0,398.1,75.9,31.0,0.011,2.0,2.0,1.0,2.0,1.0,3181.0,109.2,110.0,75.0,64.0,1.0,1.0,0.0,0.0,0.0,0.0,0.0,0.0,1.0,1.0,0.0,0.0,0.0,1.0,1.0,1.0,True,False,False,False,False,False
14.55,EV-LAB-001,NORMAL_BASELINE,291,0.9901480078697205,0.9990332126617432,59,12,60,15,30,79.60000000000001,98.0,397.8,78.9,31.0,0.01,2.0,2.0,1.0,2.0,1.0,3174.0,110.0,110.2,75.0,65.0,1.0,1.0,0.0,0.0,0.0,0.0,0.0,0.0,1.0,1.0,0.0,0.0,0.0,1.0,1.0,1.0,True,False,False,False,False,False
14.6,EV-LAB-001,NORMAL_BASELINE,292,0.9901561737060547,0.9990328550338745,59,12,60,15,30,79.60000000000001,98.0,399.2000000000001,77.2,31.0,0.012,2.0,2.0,1.0,2.0,1.0,3167.0,109.9,108.7,75.0,64.0,1.0,1.0,0.0,0.0,0.0,0.0,0.0,0.0,1.0,1.0,0.0,0.0,0.0,1.0,1.0,1.0,True,False,False,False,False,False
14.65,EV-LAB-001,NORMAL_BASELINE,293,0.9901643395423889,0.9990323781967163,59,12,60,15,30,79.60000000000001,98.0,398.0,75.7,31.0,0.012,1.9,2.0,1.0,2.0,1.0,3160.0,108.5,109.7,76.0,64.0,1.0,1.0,0.0,0.0,0.0,0.0,0.0,0.0,1.0,1.0,0.0,0.0,0.0,1.0,1.0,1.0,True,False,False,False,False,False
14.7,EV-LAB-001,NORMAL_BASELINE,294,0.9901726245880127,0.9990320205688477,59,12,60,15,30,79.60000000000001,98.0,398.6,78.4,31.0,0.012,1.9,2.0,1.0,2.0,1.0,3153.0,110.5,109.6,76.0,64.0,1.0,1.0,0.0,0.0,0.0,0.0,0.0,0.0,1.0,1.0,0.0,0.0,0.0,1.0,1.0,1.0,True,False,False,False,False,False
14.75,EV-LAB-001,NORMAL_BASELINE,295,0.9901808500289917,0.9990315437316895,59,12,60,15,30,79.60000000000001,98.0,398.8,75.60000000000001,31.0,0.011,1.8,2.0,1.0,2.0,1.0,3146.0,110.4,110.0,75.0,64.0,1.0,1.0,0.0,0.0,0.0,0.0,0.0,0.0,1.0,1.0,0.0,0.0,0.0,1.0,1.0,1.0,True,False,False,False,False,False
14.8,EV-LAB-001,NORMAL_BASELINE,296,0.990189254283905,0.9990311861038208,59,12,60,15,30,79.60000000000001,98.0,399.2000000000001,76.10000000000001,32.0,0.012,2.0,2.0,1.0,2.0,1.0,3139.0,109.2,110.5,75.0,63.0,1.0,1.0,0.0,0.0,0.0,0.0,0.0,0.0,1.0,1.0,0.0,0.0,0.0,1.0,1.0,1.0,True,False,False,False,False,False
14.85,EV-LAB-001,NORMAL_BASELINE,297,0.9901975393295288,0.9990307092666626,59,12,60,15,30,79.60000000000001,98.0,399.3,76.2,31.0,0.011,2.1,2.0,1.0,2.0,1.0,3132.0,109.6,108.9,76.0,64.0,1.0,1.0,0.0,0.0,0.0,0.0,0.0,0.0,1.0,1.0,0.0,0.0,0.0,1.0,1.0,1.0,True,False,False,False,False,False
14.9,EV-LAB-001,NORMAL_BASELINE,298,0.9902059435844421,0.9990302324295044,59,12,60,15,30,79.60000000000001,98.0,398.4,76.10000000000001,31.0,0.01,2.0,2.0,1.0,2.0,1.0,3125.0,110.6,112.7,75.0,63.0,1.0,1.0,0.0,0.0,0.0,0.0,0.0,0.0,1.0,1.0,0.0,0.0,0.0,1.0,1.0,1.0,True,False,False,False,False,False
14.95,EV-LAB-001,NORMAL_BASELINE,299,0.9902142286300659,0.9990298748016357,59,12,60,15,30,79.60000000000001,98.0,399.0,73.8,31.0,0.015,2.3000000000000003,2.0,1.0,2.0,1.0,3118.0,106.0,106.3,75.0,63.0,1.0,1.0,0.0,0.0,0.0,0.0,0.0,0.0,1.0,1.0,0.0,0.0,0.0,1.0,1.0,1.0,True,False,False,False,False,False
15.0,EV-LAB-001,NORMAL_BASELINE,300,0.990222692489624,0.9990293979644775,59,12,60,15,30,79.60000000000001,98.0,398.1,77.5,31.0,0.012,1.9,2.0,1.0,2.0,1.0,3111.0,110.1,109.8,75.0,63.0,1.0,1.0,0.0,0.0,0.0,0.0,0.0,0.0,1.0,1.0,0.0,0.0,0.0,1.0,1.0,1.0,True,False,False,False,False,False
15.05,EV-LAB-001,NORMAL_BASELINE,301,0.9902310967445374,0.9990289211273193,59,12,60,15,30,79.60000000000001,98.0,398.9,77.0,31.0,0.015,2.0,2.0,1.0,2.0,1.0,3104.0,107.8,109.1,75.0,64.0,1.0,1.0,0.0,0.0,0.0,0.0,0.0,0.0,1.0,1.0,0.0,0.0,0.0,1.0,1.0,1.0,True,False,False,False,False,False
15.1,EV-LAB-001,NORMAL_BASELINE,302,0.9902395009994507,0.9990285634994507,59,12,60,15,30,79.60000000000001,98.0,399.3,77.30000000000001,31.0,0.015,2.1,2.0,1.0,2.0,1.0,3096.0,107.6,108.2,75.0,65.0,1.0,1.0,0.0,0.0,0.0,0.0,0.0,0.0,1.0,1.0,0.0,0.0,0.0,1.0,1.0,1.0,True,False,False,False,False,False
15.15,EV-LAB-001,NORMAL_BASELINE,303,0.9902480244636536,0.9990280866622925,59,12,60,15,30,79.60000000000001,98.0,398.2000000000001,75.9,31.0,0.013,1.8,2.0,1.0,2.0,1.0,3089.0,107.2,106.5,75.0,63.0,1.0,1.0,0.0,0.0,0.0,0.0,0.0,0.0,1.0,1.0,0.0,0.0,0.0,1.0,1.0,1.0,True,False,False,False,False,False
15.2,EV-LAB-001,NORMAL_BASELINE,304,0.9902564287185669,0.9990276098251343,59,12,60,15,30,79.60000000000001,98.0,399.4,74.2,31.0,0.014,1.9,2.0,1.0,2.0,1.0,3082.0,108.7,108.8,74.0,64.0,1.0,1.0,0.0,0.0,0.0,0.0,0.0,0.0,1.0,1.0,0.0,0.0,0.0,1.0,1.0,1.0,True,False,False,False,False,False
15.25,EV-LAB-001,NORMAL_BASELINE,305,0.990264892578125,0.9990272521972656,59,12,60,15,30,79.60000000000001,98.0,398.6,74.9,31.0,0.015,1.9,2.0,1.0,2.0,1.0,3075.0,107.6,108.4,75.0,63.0,1.0,1.0,0.0,0.0,0.0,0.0,0.0,0.0,1.0,1.0,0.0,0.0,0.0,1.0,1.0,1.0,True,False,False,False,False,False
15.3,EV-LAB-001,NORMAL_BASELINE,306,0.9902734160423279,0.9990267753601074,59,12,60,15,30,79.60000000000001,98.0,398.5,74.9,31.0,0.013,1.9,2.0,1.0,2.0,1.0,3067.0,107.9,109.0,75.0,64.0,1.0,1.0,0.0,0.0,0.0,0.0,0.0,0.0,1.0,1.0,0.0,0.0,0.0,1.0,1.0,1.0,True,False,False,False,False,False
15.35,EV-LAB-001,NORMAL_BASELINE,307,0.9902818202972412,0.9990262985229492,59,12,60,15,30,79.60000000000001,98.0,398.9,76.80000000000001,31.0,0.012,2.1,2.0,1.0,2.0,1.0,3060.0,109.4,108.5,74.0,64.0,1.0,1.0,0.0,0.0,0.0,0.0,0.0,0.0,1.0,1.0,0.0,0.0,0.0,1.0,1.0,1.0,True,False,False,False,False,False
15.4,EV-LAB-001,NORMAL_BASELINE,308,0.9902903437614441,0.999025821685791,59,12,60,15,30,79.60000000000001,98.0,398.6,75.4,31.0,0.015,2.2,2.0,1.0,2.0,1.0,3053.0,106.8,104.2,75.0,64.0,1.0,1.0,0.0,0.0,0.0,0.0,0.0,0.0,1.0,1.0,0.0,0.0,0.0,1.0,1.0,1.0,True,False,False,False,False,False
15.45,EV-LAB-001,NORMAL_BASELINE,309,0.9902987480163574,0.9990254640579224,59,12,60,15,30,79.60000000000001,98.0,397.7000000000001,75.8,31.0,0.011,1.8,2.0,1.0,2.0,1.0,3046.0,107.1,106.8,74.0,63.0,1.0,1.0,0.0,0.0,0.0,0.0,0.0,0.0,1.0,1.0,0.0,0.0,0.0,1.0,1.0,1.0,True,False,False,False,False,False
15.5,EV-LAB-001,NORMAL_BASELINE,310,0.9903072118759155,0.9990249872207642,59,12,60,15,30,79.60000000000001,98.0,398.4,74.60000000000001,31.0,0.014,2.3000000000000003,2.0,1.0,2.0,1.0,3039.0,106.0,105.4,74.0,63.0,1.0,1.0,0.0,0.0,0.0,0.0,0.0,0.0,1.0,1.0,0.0,0.0,0.0,1.0,1.0,1.0,True,False,False,False,False,False
15.55,EV-LAB-001,NORMAL_BASELINE,311,0.9903156161308289,0.999024510383606,59,12,60,15,30,79.60000000000001,98.0,398.4,75.60000000000001,31.0,0.012,1.9,2.0,1.0,2.0,1.0,3032.0,107.5,107.5,75.0,63.0,1.0,1.0,0.0,0.0,0.0,0.0,0.0,0.0,1.0,1.0,0.0,0.0,0.0,1.0,1.0,1.0,True,False,False,False,False,False
15.6,EV-LAB-001,NORMAL_BASELINE,312,0.9903239011764526,0.9990241527557373,59,12,60,15,30,79.60000000000001,98.0,398.8,76.9,31.0,0.01,2.0,2.0,1.0,2.0,1.0,3024.0,107.5,109.0,74.0,63.0,1.0,1.0,0.0,0.0,0.0,0.0,0.0,0.0,1.0,1.0,0.0,0.0,0.0,1.0,1.0,1.0,True,False,False,False,False,False
15.65,EV-LAB-001,NORMAL_BASELINE,313,0.990332305431366,0.9990236759185791,59,12,60,15,30,79.60000000000001,98.0,398.6,76.0,31.0,0.012,2.2,2.0,1.0,2.0,1.0,3017.0,106.6,105.0,74.0,63.0,1.0,1.0,0.0,0.0,0.0,0.0,0.0,0.0,1.0,1.0,0.0,0.0,0.0,1.0,1.0,1.0,True,False,False,False,False,False
15.7,EV-LAB-001,NORMAL_BASELINE,314,0.9903406500816345,0.9990231990814209,59,12,60,15,30,79.60000000000001,98.0,398.5,76.4,31.0,0.005,1.7000000000000002,2.0,1.0,2.0,1.0,3010.0,108.1,109.5,74.0,63.0,1.0,1.0,0.0,0.0,0.0,0.0,0.0,0.0,1.0,1.0,0.0,0.0,0.0,1.0,1.0,1.0,True,False,False,False,False,False
15.75,EV-LAB-001,NORMAL_BASELINE,315,0.9903489351272583,0.9990227222442627,59,12,60,15,30,79.60000000000001,98.0,399.1,73.2,31.0,0.011,2.0,2.0,1.0,2.0,1.0,3003.0,106.7,106.9,74.0,63.0,1.0,1.0,0.0,0.0,0.0,0.0,0.0,0.0,1.0,1.0,0.0,0.0,0.0,1.0,1.0,1.0,True,False,False,False,False,False
15.8,EV-LAB-001,NORMAL_BASELINE,316,0.9903572201728821,0.999022364616394,59,12,60,15,30,79.60000000000001,98.0,398.1,73.5,31.0,0.014,2.0,2.0,1.0,2.0,1.0,2996.0,104.6,104.0,74.0,64.0,1.0,1.0,0.0,0.0,0.0,0.0,0.0,0.0,1.0,1.0,0.0,0.0,0.0,1.0,1.0,1.0,True,False,False,False,False,False
15.85,EV-LAB-001,NORMAL_BASELINE,317,0.9903653860092163,0.9990218877792358,59,12,60,15,30,79.60000000000001,98.0,399.1,76.3,31.0,0.013,2.0,2.0,1.0,2.0,1.0,2989.0,107.7,106.9,74.0,63.0,1.0,1.0,0.0,0.0,0.0,0.0,0.0,0.0,1.0,1.0,0.0,0.0,0.0,1.0,1.0,1.0,True,False,False,False,False,False
15.9,EV-LAB-001,NORMAL_BASELINE,318,0.9903734922409058,0.9990214109420776,59,12,60,15,30,79.60000000000001,98.0,398.8,75.2,31.0,0.009,2.2,2.0,1.0,2.0,1.0,2982.0,106.9,107.4,74.0,64.0,1.0,1.0,0.0,0.0,0.0,0.0,0.0,0.0,1.0,1.0,0.0,0.0,0.0,1.0,1.0,1.0,True,False,False,False,False,False
15.95,EV-LAB-001,NORMAL_BASELINE,319,0.99038165807724,0.999021053314209,59,12,60,15,30,79.60000000000001,98.0,398.7000000000001,74.4,31.0,0.012,1.9,2.0,1.0,2.0,1.0,2975.0,108.8,108.5,73.0,64.0,1.0,1.0,0.0,0.0,0.0,0.0,0.0,0.0,1.0,1.0,0.0,0.0,0.0,1.0,1.0,1.0,True,False,False,False,False,False
16.0,EV-LAB-001,NORMAL_BASELINE,320,0.9903897643089294,0.9990205764770508,59,12,60,15,30,79.60000000000001,98.0,398.3,76.4,31.0,0.016,2.2,2.0,1.0,2.0,1.0,2968.0,107.3,108.2,73.0,63.0,1.0,1.0,0.0,0.0,0.0,0.0,0.0,0.0,1.0,1.0,0.0,0.0,0.0,1.0,1.0,1.0,True,False,False,False,False,False
16.05,EV-LAB-001,NORMAL_BASELINE,321,0.9903976917266846,0.9990200996398926,59,12,60,15,30,79.60000000000001,98.0,398.8,74.7,31.0,0.009,2.0,2.0,1.0,2.0,1.0,2962.0,106.4,105.3,74.0,62.0,1.0,1.0,0.0,0.0,0.0,0.0,0.0,0.0,1.0,1.0,0.0,0.0,0.0,1.0,1.0,1.0,True,False,False,False,False,False
16.1,EV-LAB-001,NORMAL_BASELINE,322,0.9904056191444397,0.9990197420120239,59,12,60,15,30,79.60000000000001,98.0,398.6,74.10000000000001,31.0,0.012,2.0,2.0,1.0,2.0,1.0,2955.0,106.3,105.5,73.0,63.0,1.0,1.0,0.0,0.0,0.0,0.0,0.0,0.0,1.0,1.0,0.0,0.0,0.0,1.0,1.0,1.0,True,False,False,False,False,False
16.15,EV-LAB-001,NORMAL_BASELINE,323,0.99041348695755,0.9990192651748657,59,12,60,15,30,79.60000000000001,98.0,398.6,73.7,31.0,0.014,2.3000000000000003,2.0,1.0,2.0,1.0,2948.0,106.3,104.8,74.0,63.0,1.0,1.0,0.0,0.0,0.0,0.0,0.0,0.0,1.0,1.0,0.0,0.0,0.0,1.0,1.0,1.0,True,False,False,False,False,False
16.2,EV-LAB-001,NORMAL_BASELINE,324,0.9904212951660156,0.9990189075469971,59,12,60,15,30,79.60000000000001,98.0,398.4,73.8,31.0,0.008,2.0,2.0,1.0,2.0,1.0,2942.0,104.8,103.5,74.0,63.0,1.0,1.0,0.0,0.0,0.0,0.0,0.0,0.0,1.0,1.0,0.0,0.0,0.0,1.0,1.0,1.0,True,False,False,False,False,False
16.25,EV-LAB-001,NORMAL_BASELINE,325,0.990429162979126,0.9990184307098389,59,12,60,15,30,79.60000000000001,98.0,398.4,74.3,31.0,0.011,2.0,2.0,1.0,2.0,1.0,2935.0,106.3,106.1,73.0,63.0,1.0,1.0,0.0,0.0,0.0,0.0,0.0,0.0,1.0,1.0,0.0,0.0,0.0,1.0,1.0,1.0,True,False,False,False,False,False
16.3,EV-LAB-001,NORMAL_BASELINE,326,0.9904367327690125,0.9990179538726807,59,12,60,15,30,79.60000000000001,98.0,398.4,75.5,31.0,0.018,1.9,2.0,1.0,2.0,1.0,2928.0,107.1,108.0,74.0,62.0,1.0,1.0,0.0,0.0,0.0,0.0,0.0,0.0,1.0,1.0,0.0,0.0,0.0,1.0,1.0,1.0,True,False,False,False,False,False
16.35,EV-LAB-001,NORMAL_BASELINE,327,0.9904443621635437,0.999017596244812,59,12,60,15,30,79.60000000000001,98.0,398.5,74.4,31.0,0.007,2.0,2.0,1.0,2.0,1.0,2922.0,106.6,104.6,75.0,62.0,1.0,1.0,0.0,0.0,0.0,0.0,0.0,0.0,1.0,1.0,0.0,0.0,0.0,1.0,1.0,1.0,True,False,False,False,False,False
16.4,EV-LAB-001,NORMAL_BASELINE,328,0.9904518127441406,0.9990172386169434,59,12,60,15,30,79.60000000000001,98.0,398.6,76.0,31.0,0.012,2.1,2.0,1.0,2.0,1.0,2916.0,107.6,107.5,73.0,62.0,1.0,1.0,0.0,0.0,0.0,0.0,0.0,0.0,1.0,1.0,0.0,0.0,0.0,1.0,1.0,1.0,True,False,False,False,False,False
16.45,EV-LAB-001,NORMAL_BASELINE,329,0.9904593229293823,0.9990167617797852,59,12,60,15,30,79.60000000000001,98.0,398.4,75.5,31.0,0.016,2.1,2.0,1.0,2.0,1.0,2909.0,106.4,107.1,74.0,63.0,1.0,1.0,0.0,0.0,0.0,0.0,0.0,0.0,1.0,1.0,0.0,0.0,0.0,1.0,1.0,1.0,True,False,False,False,False,False
16.5,EV-LAB-001,NORMAL_BASELINE,330,0.9904666543006897,0.9990164041519165,59,12,60,15,30,79.60000000000001,98.0,399.2000000000001,73.60000000000001,31.0,0.015,1.9,2.0,1.0,2.0,1.0,2903.0,106.3,104.4,73.0,63.0,1.0,1.0,0.0,0.0,0.0,0.0,0.0,0.0,1.0,1.0,0.0,0.0,0.0,1.0,1.0,1.0,True,False,False,False,False,False
16.55,EV-LAB-001,NORMAL_BASELINE,331,0.9904739260673523,0.9990159273147583,59,12,60,15,30,79.60000000000001,98.0,398.4,73.9,31.0,0.012,1.9,2.0,1.0,2.0,1.0,2897.0,107.2,106.4,73.0,63.0,1.0,1.0,0.0,0.0,0.0,0.0,0.0,0.0,1.0,1.0,0.0,0.0,0.0,1.0,1.0,1.0,True,False,False,False,False,False
16.6,EV-LAB-001,NORMAL_BASELINE,332,0.9904810786247253,0.9990155696868896,59,12,60,15,30,79.60000000000001,98.0,398.2000000000001,75.10000000000001,31.0,0.012,2.0,2.0,1.0,2.0,1.0,2891.0,106.6,105.1,74.0,62.0,1.0,1.0,0.0,0.0,0.0,0.0,0.0,0.0,1.0,1.0,0.0,0.0,0.0,1.0,1.0,1.0,True,False,False,False,False,False
16.65,EV-LAB-001,NORMAL_BASELINE,333,0.9904881715774536,0.999015212059021,59,12,60,15,30,79.60000000000001,98.0,398.9,73.9,31.0,0.011,1.9,2.0,1.0,2.0,1.0,2885.0,105.0,105.0,73.0,62.0,1.0,1.0,0.0,0.0,0.0,0.0,0.0,0.0,1.0,1.0,0.0,0.0,0.0,1.0,1.0,1.0,True,False,False,False,False,False
16.7,EV-LAB-001,NORMAL_BASELINE,334,0.9904952049255371,0.9990147352218628,59,12,60,15,30,79.60000000000001,98.0,398.5,74.0,31.0,0.013,2.0,2.0,1.0,2.0,1.0,2879.0,107.1,106.8,73.0,62.0,1.0,1.0,0.0,0.0,0.0,0.0,0.0,0.0,1.0,1.0,0.0,0.0,0.0,1.0,1.0,1.0,True,False,False,False,False,False
16.75,EV-LAB-001,NORMAL_BASELINE,335,0.9905019998550415,0.9990143775939941,59,12,60,15,30,79.60000000000001,98.0,398.8,76.80000000000001,31.0,0.008,2.0,2.0,1.0,2.0,1.0,2874.0,108.4,109.2,73.0,63.0,1.0,1.0,0.0,0.0,0.0,0.0,0.0,0.0,1.0,1.0,0.0,0.0,0.0,1.0,1.0,1.0,True,False,False,False,False,False
16.8,EV-LAB-001,NORMAL_BASELINE,336,0.9905087947845459,0.9990140199661255,59,12,60,15,30,79.60000000000001,98.0,399.0,75.3,31.0,0.012,1.9,2.0,1.0,2.0,1.0,2868.0,107.5,108.5,73.0,61.0,1.0,1.0,0.0,0.0,0.0,0.0,0.0,0.0,1.0,1.0,0.0,0.0,0.0,1.0,1.0,1.0,True,False,False,False,False,False
16.85,EV-LAB-001,NORMAL_BASELINE,337,0.9905154705047607,0.9990136623382568,59,12,60,15,30,79.60000000000001,98.0,398.9,75.3,31.0,0.009,2.2,2.0,1.0,2.0,1.0,2862.0,106.5,106.2,73.0,63.0,1.0,1.0,0.0,0.0,0.0,0.0,0.0,0.0,1.0,1.0,0.0,0.0,0.0,1.0,1.0,1.0,True,False,False,False,False,False
16.9,EV-LAB-001,NORMAL_BASELINE,338,0.990522027015686,0.9990133047103882,59,12,60,15,30,79.60000000000001,98.0,398.5,75.4,31.0,0.016,2.1,2.0,1.0,2.0,1.0,2857.0,108.6,109.0,73.0,63.0,1.0,1.0,0.0,0.0,0.0,0.0,0.0,0.0,1.0,1.0,0.0,0.0,0.0,1.0,1.0,1.0,True,False,False,False,False,False
16.95,EV-LAB-001,NORMAL_BASELINE,339,0.990528404712677,0.9990129470825195,59,12,60,15,30,79.60000000000001,98.0,398.4,75.0,31.0,0.013,1.9,2.0,1.0,2.0,1.0,2852.0,107.4,107.6,73.0,62.0,1.0,1.0,0.0,0.0,0.0,0.0,0.0,0.0,1.0,1.0,0.0,0.0,0.0,1.0,1.0,1.0,True,False,False,False,False,False
17.0,EV-LAB-001,NORMAL_BASELINE,340,0.9905347228050232,0.9990125894546509,59,12,60,15,30,79.60000000000001,98.0,398.7000000000001,75.5,31.0,0.011,2.2,2.0,1.0,2.0,1.0,2846.0,108.2,106.0,74.0,62.0,1.0,1.0,0.0,0.0,0.0,0.0,0.0,0.0,1.0,1.0,0.0,0.0,0.0,1.0,1.0,1.0,True,False,False,False,False,False
17.05,EV-LAB-001,NORMAL_BASELINE,341,0.9905410408973694,0.9990122318267822,59,12,60,15,30,79.60000000000001,98.0,399.3,77.0,31.0,0.011,1.9,2.0,1.0,2.0,1.0,2841.0,106.8,107.9,73.0,62.0,1.0,1.0,0.0,0.0,0.0,0.0,0.0,0.0,1.0,1.0,0.0,0.0,0.0,1.0,1.0,1.0,True,False,False,False,False,False
17.1,EV-LAB-001,NORMAL_BASELINE,342,0.9905471205711365,0.9990118741989136,59,12,60,15,30,79.60000000000001,98.0,399.8,74.3,31.0,0.016,2.1,2.0,1.0,2.0,1.0,2836.0,106.2,106.1,72.0,61.0,1.0,1.0,0.0,0.0,0.0,0.0,0.0,0.0,1.0,1.0,0.0,0.0,0.0,1.0,1.0,1.0,True,False,False,False,False,False
17.15,EV-LAB-001,NORMAL_BASELINE,343,0.9905530214309692,0.9990115165710449,59,12,60,15,30,79.60000000000001,98.0,398.4,75.4,31.0,0.014,2.3000000000000003,2.0,1.0,2.0,1.0,2831.0,107.0,103.9,72.0,62.0,1.0,1.0,0.0,0.0,0.0,0.0,0.0,0.0,1.0,1.0,0.0,0.0,0.0,1.0,1.0,1.0,True,False,False,False,False,False
17.2,EV-LAB-001,NORMAL_BASELINE,344,0.9905589818954468,0.9990111589431763,59,12,60,15,30,79.60000000000001,98.0,398.8,75.4,31.0,0.01,1.9,2.0,1.0,2.0,1.0,2827.0,106.7,108.6,72.0,61.0,1.0,1.0,0.0,0.0,0.0,0.0,0.0,0.0,1.0,1.0,0.0,0.0,0.0,1.0,1.0,1.0,True,False,False,False,False,False
17.25,EV-LAB-001,NORMAL_BASELINE,345,0.9905647039413452,0.9990109205245972,59,12,60,15,30,79.60000000000001,98.0,399.4,75.4,31.0,0.012,1.8,2.0,1.0,2.0,1.0,2822.0,107.2,108.0,73.0,63.0,1.0,1.0,0.0,0.0,0.0,0.0,0.0,0.0,1.0,1.0,0.0,0.0,0.0,1.0,1.0,1.0,True,False,False,False,False,False
17.3,EV-LAB-001,NORMAL_BASELINE,346,0.9905701875686646,0.9990105628967285,59,12,60,15,30,79.60000000000001,98.0,398.4,74.4,31.0,0.012,2.0,2.0,1.0,2.0,1.0,2817.0,106.0,106.1,72.0,62.0,1.0,1.0,0.0,0.0,0.0,0.0,0.0,0.0,1.0,1.0,0.0,0.0,0.0,1.0,1.0,1.0,True,False,False,False,False,False
17.35,EV-LAB-001,NORMAL_BASELINE,347,0.9905756711959839,0.9990102052688599,59,12,60,15,30,79.60000000000001,98.0,398.0,75.60000000000001,32.0,0.014,1.9,2.0,1.0,2.0,1.0,2813.0,107.1,105.4,72.0,62.0,1.0,1.0,0.0,0.0,0.0,0.0,0.0,0.0,1.0,1.0,0.0,0.0,0.0,1.0,1.0,1.0,True,False,False,False,False,False
17.4,EV-LAB-001,NORMAL_BASELINE,348,0.9905809760093689,0.9990099668502808,59,12,60,15,30,79.60000000000001,98.0,398.9,73.4,31.0,0.013,2.2,2.0,1.0,2.0,1.0,2809.0,106.2,107.0,73.0,62.0,1.0,1.0,0.0,0.0,0.0,0.0,0.0,0.0,1.0,1.0,0.0,0.0,0.0,1.0,1.0,1.0,True,False,False,False,False,False
17.45,EV-LAB-001,NORMAL_BASELINE,349,0.9905861020088196,0.9990096092224121,59,12,60,15,30,79.60000000000001,98.0,399.0,76.60000000000001,31.0,0.012,1.8,2.0,1.0,2.0,1.0,2805.0,108.3,107.4,72.0,62.0,1.0,1.0,0.0,0.0,0.0,0.0,0.0,0.0,1.0,1.0,0.0,0.0,0.0,1.0,1.0,1.0,True,False,False,False,False,False
17.5,EV-LAB-001,NORMAL_BASELINE,350,0.9905911087989807,0.999009370803833,59,12,60,15,30,79.60000000000001,98.0,399.0,75.5,31.0,0.014,1.8,2.0,1.0,2.0,1.0,2801.0,106.9,106.1,73.0,61.0,1.0,1.0,0.0,0.0,0.0,0.0,0.0,0.0,1.0,1.0,0.0,0.0,0.0,1.0,1.0,1.0,True,False,False,False,False,False
17.55,EV-LAB-001,NORMAL_BASELINE,351,0.9905960559844971,0.9990091323852539,59,12,60,15,30,79.60000000000001,98.0,399.2000000000001,75.60000000000001,31.0,0.015,1.9,2.0,1.0,2.0,1.0,2797.0,105.7,104.9,73.0,62.0,1.0,1.0,0.0,0.0,0.0,0.0,0.0,0.0,1.0,1.0,0.0,0.0,0.0,1.0,1.0,1.0,True,False,False,False,False,False
17.6,EV-LAB-001,NORMAL_BASELINE,352,0.9906007051467896,0.9990087747573853,59,12,60,15,30,79.60000000000001,98.0,398.0,75.10000000000001,31.0,0.012,2.1,2.0,1.0,2.0,1.0,2793.0,106.5,105.7,72.0,61.0,1.0,1.0,0.0,0.0,0.0,0.0,0.0,0.0,1.0,1.0,0.0,0.0,0.0,1.0,1.0,1.0,True,False,False,False,False,False
17.65,EV-LAB-001,NORMAL_BASELINE,353,0.9906054139137268,0.9990085959434509,59,12,60,15,30,79.60000000000001,98.0,398.0,73.4,31.0,0.012,2.0,2.0,1.0,2.0,1.0,2790.0,105.8,105.2,72.0,62.0,1.0,1.0,0.0,0.0,0.0,0.0,0.0,0.0,1.0,1.0,0.0,0.0,0.0,1.0,1.0,1.0,True,False,False,False,False,False
17.7,EV-LAB-001,NORMAL_BASELINE,354,0.9906098246574402,0.9990083575248718,59,12,60,15,30,79.60000000000001,98.0,398.5,73.4,31.0,0.009,2.0,2.0,1.0,2.0,1.0,2786.0,106.6,107.1,72.0,61.0,1.0,1.0,0.0,0.0,0.0,0.0,0.0,0.0,1.0,1.0,0.0,0.0,0.0,1.0,1.0,1.0,True,False,False,False,False,False
17.75,EV-LAB-001,NORMAL_BASELINE,355,0.9906140565872192,0.9990081191062927,59,12,60,15,30,79.60000000000001,98.0,398.3,75.4,31.0,0.013,2.0,2.0,1.0,2.0,1.0,2783.0,107.0,107.3,72.0,61.0,1.0,1.0,0.0,0.0,0.0,0.0,0.0,0.0,1.0,1.0,0.0,0.0,0.0,1.0,1.0,1.0,True,False,False,False,False,False
17.8,EV-LAB-001,NORMAL_BASELINE,356,0.9906182885169983,0.9990078806877136,59,12,60,15,30,79.60000000000001,98.0,398.1,73.9,31.0,0.01,2.0,2.0,1.0,2.0,1.0,2780.0,105.3,102.1,73.0,61.0,1.0,1.0,0.0,0.0,0.0,0.0,0.0,0.0,1.0,1.0,0.0,0.0,0.0,1.0,1.0,1.0,True,False,False,False,False,False
17.85,EV-LAB-001,NORMAL_BASELINE,357,0.9906222224235535,0.9990076422691345,59,12,60,15,30,79.60000000000001,98.0,398.5,74.2,31.0,0.01,2.0,2.0,1.0,2.0,1.0,2777.0,106.0,105.7,72.0,62.0,1.0,1.0,0.0,0.0,0.0,0.0,0.0,0.0,1.0,1.0,0.0,0.0,0.0,1.0,1.0,1.0,True,False,False,False,False,False
17.9,EV-LAB-001,NORMAL_BASELINE,358,0.9906260967254639,0.9990074038505554,59,12,60,15,30,79.60000000000001,98.0,398.2000000000001,74.10000000000001,31.0,0.012,1.9,2.0,1.0,2.0,1.0,2774.0,106.7,107.3,73.0,61.0,1.0,1.0,0.0,0.0,0.0,0.0,0.0,0.0,1.0,1.0,0.0,0.0,0.0,1.0,1.0,1.0,True,False,False,False,False,False
17.95,EV-LAB-001,NORMAL_BASELINE,359,0.9906298518180847,0.9990071654319763,59,12,60,15,30,79.60000000000001,98.0,399.0,75.2,31.0,0.014,1.8,2.0,1.0,2.0,1.0,2771.0,107.2,105.2,71.0,62.0,1.0,1.0,0.0,0.0,0.0,0.0,0.0,0.0,1.0,1.0,0.0,0.0,0.0,1.0,1.0,1.0,True,False,False,False,False,False
18.0,EV-LAB-001,NORMAL_BASELINE,360,0.9906333684921265,0.9990070462226868,59,12,60,15,30,79.60000000000001,98.0,398.2000000000001,75.5,31.0,0.011,2.0,2.0,1.0,2.0,1.0,2769.0,106.7,108.9,72.0,61.0,1.0,1.0,0.0,0.0,0.0,0.0,0.0,0.0,1.0,1.0,0.0,0.0,0.0,1.0,1.0,1.0,True,False,False,False,False,False
18.05,EV-LAB-001,NORMAL_BASELINE,361,0.9906367659568787,0.9990068078041077,59,12,60,15,30,79.60000000000001,98.0,399.8,76.4,31.0,0.009,1.9,2.0,1.0,2.0,1.0,2767.0,108.4,108.1,72.0,61.0,1.0,1.0,0.0,0.0,0.0,0.0,0.0,0.0,1.0,1.0,0.0,0.0,0.0,1.0,1.0,1.0,True,False,False,False,False,False
18.1,EV-LAB-001,NORMAL_BASELINE,362,0.9906399250030518,0.9990065693855286,59,12,60,15,30,79.60000000000001,98.0,398.8,75.8,31.0,0.012,2.0,2.0,1.0,2.0,1.0,2764.0,106.7,107.6,72.0,62.0,1.0,1.0,0.0,0.0,0.0,0.0,0.0,0.0,1.0,1.0,0.0,0.0,0.0,1.0,1.0,1.0,True,False,False,False,False,False
18.15,EV-LAB-001,NORMAL_BASELINE,363,0.9906429648399353,0.999006450176239,59,12,60,15,30,79.60000000000001,98.0,399.3,74.2,31.0,0.011,2.2,2.0,1.0,2.0,1.0,2762.0,107.1,107.1,73.0,62.0,1.0,1.0,0.0,0.0,0.0,0.0,0.0,0.0,1.0,1.0,0.0,0.0,0.0,1.0,1.0,1.0,True,False,False,False,False,False
18.2,EV-LAB-001,NORMAL_BASELINE,364,0.9906458854675293,0.9990062117576599,59,12,60,15,30,79.60000000000001,98.0,399.6,75.3,31.0,0.01,2.1,2.0,1.0,2.0,1.0,2760.0,107.5,105.8,72.0,62.0,1.0,1.0,0.0,0.0,0.0,0.0,0.0,0.0,1.0,1.0,0.0,0.0,0.0,1.0,1.0,1.0,True,False,False,False,False,False
18.25,EV-LAB-001,NORMAL_BASELINE,365,0.9906485676765442,0.9990060925483704,59,12,60,15,30,79.60000000000001,98.0,398.8,76.7,31.0,0.014,2.1,2.0,1.0,2.0,1.0,2759.0,108.5,107.7,72.0,62.0,1.0,1.0,0.0,0.0,0.0,0.0,0.0,0.0,1.0,1.0,0.0,0.0,0.0,1.0,1.0,1.0,True,False,False,False,False,False
18.3,EV-LAB-001,NORMAL_BASELINE,366,0.9906511306762695,0.9990059733390808,59,12,60,15,30,79.60000000000001,98.0,398.6,74.60000000000001,31.0,0.013,1.9,2.0,1.0,2.0,1.0,2757.0,107.7,108.5,72.0,61.0,1.0,1.0,0.0,0.0,0.0,0.0,0.0,0.0,1.0,1.0,0.0,0.0,0.0,1.0,1.0,1.0,True,False,False,False,False,False
18.35,EV-LAB-001,NORMAL_BASELINE,367,0.9906535744667053,0.9990058541297913,59,12,60,15,30,79.60000000000001,98.0,398.3,74.5,31.0,0.009,1.9,2.0,1.0,2.0,1.0,2756.0,107.5,107.9,72.0,62.0,1.0,1.0,0.0,0.0,0.0,0.0,0.0,0.0,1.0,1.0,0.0,0.0,0.0,1.0,1.0,1.0,True,False,False,False,False,False
18.4,EV-LAB-001,NORMAL_BASELINE,368,0.9906558394432068,0.9990057349205017,59,12,60,15,30,79.60000000000001,98.0,399.1,73.3,31.0,0.012,1.9,2.0,1.0,2.0,1.0,2754.0,107.6,107.8,71.0,61.0,1.0,1.0,0.0,0.0,0.0,0.0,0.0,0.0,1.0,1.0,0.0,0.0,0.0,1.0,1.0,1.0,True,False,False,False,False,False
18.45,EV-LAB-001,NORMAL_BASELINE,369,0.9906578063964844,0.9990056157112122,59,12,60,15,30,79.60000000000001,98.0,398.4,73.4,31.0,0.011,2.2,2.0,1.0,2.0,1.0,2753.0,107.0,108.5,72.0,61.0,1.0,1.0,0.0,0.0,0.0,0.0,0.0,0.0,1.0,1.0,0.0,0.0,0.0,1.0,1.0,1.0,True,False,False,False,False,False
18.5,EV-LAB-001,NORMAL_BASELINE,370,0.990659773349762,0.9990054965019226,59,12,60,15,30,79.60000000000001,98.0,398.8,75.9,31.0,0.009,1.9,2.0,1.0,2.0,1.0,2752.0,109.7,111.4,72.0,61.0,1.0,1.0,0.0,0.0,0.0,0.0,0.0,0.0,1.0,1.0,0.0,0.0,0.0,1.0,1.0,1.0,True,False,False,False,False,False
18.55,EV-LAB-001,NORMAL_BASELINE,371,0.9906614422798157,0.9990053772926331,59,12,60,15,30,79.60000000000001,98.0,398.8,75.2,31.0,0.01,2.0,2.0,1.0,2.0,1.0,2752.0,108.9,107.0,73.0,63.0,1.0,1.0,0.0,0.0,0.0,0.0,0.0,0.0,1.0,1.0,0.0,0.0,0.0,1.0,1.0,1.0,True,False,False,False,False,False
18.6,EV-LAB-001,NORMAL_BASELINE,372,0.9906630516052246,0.9990052580833435,59,12,60,15,30,79.60000000000001,98.0,399.2000000000001,74.4,31.0,0.012,2.1,2.0,1.0,2.0,1.0,2751.0,103.1,102.2,71.0,61.0,1.0,1.0,0.0,0.0,0.0,0.0,0.0,0.0,1.0,1.0,0.0,0.0,0.0,1.0,1.0,1.0,True,False,False,False,False,False
18.65,EV-LAB-001,NORMAL_BASELINE,373,0.9906643629074097,0.999005138874054,59,12,60,15,30,79.60000000000001,98.0,399.0,74.2,31.0,0.014,1.8,2.0,1.0,2.0,1.0,2751.0,105.9,104.7,72.0,62.0,1.0,1.0,0.0,0.0,0.0,0.0,0.0,0.0,1.0,1.0,0.0,0.0,0.0,1.0,1.0,1.0,True,False,False,False,False,False
18.7,EV-LAB-001,NORMAL_BASELINE,374,0.9906656742095947,0.999005138874054,59,12,60,15,30,79.60000000000001,98.0,399.1,73.9,31.0,0.012,2.2,2.0,1.0,2.0,1.0,2750.0,105.8,105.2,72.0,62.0,1.0,1.0,0.0,0.0,0.0,0.0,0.0,0.0,1.0,1.0,0.0,0.0,0.0,1.0,1.0,1.0,True,False,False,False,False,False
18.75,EV-LAB-001,NORMAL_BASELINE,375,0.9906665682792664,0.9990050196647644,59,12,60,15,30,79.60000000000001,98.0,399.3,72.10000000000001,31.0,0.015,1.9,2.0,1.0,2.0,1.0,2750.0,105.2,103.9,72.0,61.0,1.0,1.0,0.0,0.0,0.0,0.0,0.0,0.0,1.0,1.0,0.0,0.0,0.0,1.0,1.0,1.0,True,False,False,False,False,False
18.8,EV-LAB-001,NORMAL_BASELINE,376,0.9906675219535828,0.9990050196647644,59,12,60,15,30,79.60000000000001,98.0,398.9,71.7,31.0,0.012,2.0,2.0,1.0,2.0,1.0,2750.0,103.2,105.4,72.0,62.0,1.0,1.0,0.0,0.0,0.0,0.0,0.0,0.0,1.0,1.0,0.0,0.0,0.0,1.0,1.0,1.0,True,False,False,False,False,False
18.85,EV-LAB-001,NORMAL_BASELINE,377,0.9906682372093201,0.9990049004554749,59,12,60,15,30,79.60000000000001,98.0,398.1,73.4,31.0,0.011,2.1,2.0,1.0,2.0,1.0,2750.0,104.2,103.0,73.0,61.0,1.0,1.0,0.0,0.0,0.0,0.0,0.0,0.0,1.0,1.0,0.0,0.0,0.0,1.0,1.0,1.0,True,False,False,False,False,False
18.9,EV-LAB-001,NORMAL_BASELINE,378,0.9906688332557678,0.9990049004554749,59,12,60,15,30,79.60000000000001,98.0,398.3,73.60000000000001,31.0,0.011,2.2,2.0,1.0,2.0,1.0,2751.0,105.2,104.3,72.0,61.0,1.0,1.0,0.0,0.0,0.0,0.0,0.0,0.0,1.0,1.0,0.0,0.0,0.0,1.0,1.0,1.0,True,False,False,False,False,False
18.95,EV-LAB-001,NORMAL_BASELINE,379,0.9906690120697021,0.9990049004554749,59,12,60,15,30,79.60000000000001,98.0,398.8,74.2,31.0,0.014,2.1,2.0,1.0,2.0,1.0,2751.0,107.5,107.1,72.0,61.0,1.0,1.0,0.0,0.0,0.0,0.0,0.0,0.0,1.0,1.0,0.0,0.0,0.0,1.0,1.0,1.0,True,False,False,False,False,False
19.0,EV-LAB-001,NORMAL_BASELINE,380,0.9906692504882812,0.9990049004554749,59,12,60,15,30,79.60000000000001,98.0,398.8,72.8,31.0,0.012,2.0,2.0,1.0,2.0,1.0,2752.0,105.6,106.1,71.0,62.0,1.0,1.0,0.0,0.0,0.0,0.0,0.0,0.0,1.0,1.0,0.0,0.0,0.0,1.0,1.0,1.0,True,False,False,False,False,False
19.05,EV-LAB-001,NORMAL_BASELINE,381,0.9906692504882812,0.9990049004554749,59,12,60,15,30,79.60000000000001,98.0,399.2000000000001,73.7,31.0,0.013,2.3000000000000003,2.0,1.0,2.0,1.0,2753.0,104.6,102.7,72.0,61.0,1.0,1.0,0.0,0.0,0.0,0.0,0.0,0.0,1.0,1.0,0.0,0.0,0.0,1.0,1.0,1.0,True,False,False,False,False,False
19.1,EV-LAB-001,NORMAL_BASELINE,382,0.9906691312789917,0.9990049004554749,59,12,60,15,30,79.60000000000001,98.0,398.8,73.60000000000001,31.0,0.013,1.9,2.0,1.0,2.0,1.0,2754.0,105.3,106.2,72.0,61.0,1.0,1.0,0.0,0.0,0.0,0.0,0.0,0.0,1.0,1.0,0.0,0.0,0.0,1.0,1.0,1.0,True,False,False,False,False,False
19.15,EV-LAB-001,NORMAL_BASELINE,383,0.9906688332557678,0.9990049004554749,59,12,60,15,30,79.60000000000001,98.0,398.9,74.10000000000001,31.0,0.012,1.5,2.0,1.0,2.0,1.0,2755.0,105.4,104.3,72.0,62.0,1.0,1.0,0.0,0.0,0.0,0.0,0.0,0.0,1.0,1.0,0.0,0.0,0.0,1.0,1.0,1.0,True,False,False,False,False,False
19.2,EV-LAB-001,NORMAL_BASELINE,384,0.9906683564186096,0.9990049004554749,59,12,60,15,30,79.60000000000001,98.0,398.8,72.3,31.0,0.014,1.9,2.0,1.0,2.0,1.0,2757.0,104.1,105.8,73.0,62.0,1.0,1.0,0.0,0.0,0.0,0.0,0.0,0.0,1.0,1.0,0.0,0.0,0.0,1.0,1.0,1.0,True,False,False,False,False,False
19.25,EV-LAB-001,NORMAL_BASELINE,385,0.9906676411628723,0.9990050196647644,59,12,60,15,30,79.60000000000001,98.0,399.1,73.0,31.0,0.007,2.0,2.0,1.0,2.0,1.0,2758.0,104.9,104.8,72.0,62.0,1.0,1.0,0.0,0.0,0.0,0.0,0.0,0.0,1.0,1.0,0.0,0.0,0.0,1.0,1.0,1.0,True,False,False,False,False,False
19.3,EV-LAB-001,NORMAL_BASELINE,386,0.9906668066978455,0.9990050196647644,59,12,60,15,30,79.60000000000001,98.0,399.2000000000001,74.0,31.0,0.014,2.0,2.0,1.0,2.0,1.0,2760.0,104.5,105.5,71.0,61.0,1.0,1.0,0.0,0.0,0.0,0.0,0.0,0.0,1.0,1.0,0.0,0.0,0.0,1.0,1.0,1.0,True,False,False,False,False,False
19.35,EV-LAB-001,NORMAL_BASELINE,387,0.9906657934188843,0.999005138874054,59,12,60,15,30,79.60000000000001,98.0,398.9,72.9,31.0,0.013,2.0,2.0,1.0,2.0,1.0,2762.0,104.0,101.5,72.0,62.0,1.0,1.0,0.0,0.0,0.0,0.0,0.0,0.0,1.0,1.0,0.0,0.0,0.0,1.0,1.0,1.0,True,False,False,False,False,False
19.4,EV-LAB-001,NORMAL_BASELINE,388,0.9906644821166992,0.999005138874054,59,12,60,15,30,79.60000000000001,98.0,398.7000000000001,73.8,31.0,0.011,1.8,2.0,1.0,2.0,1.0,2764.0,106.2,105.5,71.0,60.0,1.0,1.0,0.0,0.0,0.0,0.0,0.0,0.0,1.0,1.0,0.0,0.0,0.0,1.0,1.0,1.0,True,False,False,False,False,False
19.45,EV-LAB-001,NORMAL_BASELINE,389,0.9906631708145142,0.9990052580833435,59,12,60,15,30,79.60000000000001,98.0,399.0,73.9,31.0,0.014,2.0,2.0,1.0,2.0,1.0,2766.0,106.2,105.3,72.0,62.0,1.0,1.0,0.0,0.0,0.0,0.0,0.0,0.0,1.0,1.0,0.0,0.0,0.0,1.0,1.0,1.0,True,False,False,False,False,False
19.5,EV-LAB-001,NORMAL_BASELINE,390,0.9906616806983948,0.9990053772926331,59,12,60,15,30,79.60000000000001,98.0,398.3,74.4,31.0,0.011,2.1,2.0,1.0,2.0,1.0,2768.0,105.7,105.3,73.0,62.0,1.0,1.0,0.0,0.0,0.0,0.0,0.0,0.0,1.0,1.0,0.0,0.0,0.0,1.0,1.0,1.0,True,False,False,False,False,False
19.55,EV-LAB-001,NORMAL_BASELINE,391,0.9906598925590515,0.9990053772926331,59,12,60,15,30,79.60000000000001,98.0,398.5,73.3,31.0,0.013,2.1,2.0,1.0,2.0,1.0,2770.0,105.2,105.6,73.0,62.0,1.0,1.0,0.0,0.0,0.0,0.0,0.0,0.0,1.0,1.0,0.0,0.0,0.0,1.0,1.0,1.0,True,False,False,False,False,False
19.6,EV-LAB-001,NORMAL_BASELINE,392,0.9906580448150635,0.9990054965019226,59,12,60,15,30,79.60000000000001,98.0,398.3,72.0,31.0,0.009,2.0,2.0,1.0,2.0,1.0,2773.0,102.7,102.4,72.0,63.0,1.0,1.0,0.0,0.0,0.0,0.0,0.0,0.0,1.0,1.0,0.0,0.0,0.0,1.0,1.0,1.0,True,False,False,False,False,False
19.65,EV-LAB-001,NORMAL_BASELINE,393,0.9906560778617859,0.9990056157112122,59,12,60,15,30,79.60000000000001,98.0,398.3,73.7,31.0,0.012,1.6,2.0,1.0,2.0,1.0,2776.0,104.1,105.8,72.0,62.0,1.0,1.0,0.0,0.0,0.0,0.0,0.0,0.0,1.0,1.0,0.0,0.0,0.0,1.0,1.0,1.0,True,False,False,False,False,False
19.7,EV-LAB-001,NORMAL_BASELINE,394,0.9906538128852844,0.9990057349205017,59,12,60,15,30,79.60000000000001,98.0,398.5,71.2,31.0,0.011,2.2,2.0,1.0,2.0,1.0,2779.0,104.5,105.2,73.0,62.0,1.0,1.0,0.0,0.0,0.0,0.0,0.0,0.0,1.0,1.0,0.0,0.0,0.0,1.0,1.0,1.0,True,False,False,False,False,False
19.75,EV-LAB-001,NORMAL_BASELINE,395,0.9906514883041382,0.9990059733390808,59,12,60,15,30,79.60000000000001,98.0,398.6,75.5,31.0,0.01,2.0,2.0,1.0,2.0,1.0,2782.0,106.1,106.9,72.0,63.0,1.0,1.0,0.0,0.0,0.0,0.0,0.0,0.0,1.0,1.0,0.0,0.0,0.0,1.0,1.0,1.0,True,False,False,False,False,False
19.8,EV-LAB-001,NORMAL_BASELINE,396,0.9906489253044128,0.9990060925483704,59,12,60,15,30,79.60000000000001,98.0,398.9,72.2,30.0,0.01,2.1,2.0,1.0,2.0,1.0,2785.0,103.7,104.3,72.0,61.0,1.0,1.0,0.0,0.0,0.0,0.0,0.0,0.0,1.0,1.0,0.0,0.0,0.0,1.0,1.0,1.0,True,False,False,False,False,False
19.85,EV-LAB-001,NORMAL_BASELINE,397,0.9906463623046875,0.9990062117576599,59,12,60,15,30,79.60000000000001,98.0,398.5,75.3,31.0,0.012,1.8,2.0,1.0,2.0,1.0,2788.0,105.2,105.7,72.0,62.0,1.0,1.0,0.0,0.0,0.0,0.0,0.0,0.0,1.0,1.0,0.0,0.0,0.0,1.0,1.0,1.0,True,False,False,False,False,False
19.9,EV-LAB-001,NORMAL_BASELINE,398,0.9906435608863831,0.999006450176239,59,12,60,15,30,79.60000000000001,98.0,398.6,73.5,31.0,0.012,2.2,2.0,1.0,2.0,1.0,2792.0,106.2,102.2,73.0,62.0,1.0,1.0,0.0,0.0,0.0,0.0,0.0,0.0,1.0,1.0,0.0,0.0,0.0,1.0,1.0,1.0,True,False,False,False,False,False
19.95,EV-LAB-001,NORMAL_BASELINE,399,0.9906405210494995,0.9990065693855286,59,12,60,15,30,79.60000000000001,98.0,398.3,72.4,31.0,0.012,2.2,2.0,1.0,2.0,1.0,2795.0,103.9,105.1,73.0,61.0,1.0,1.0,0.0,0.0,0.0,0.0,0.0,0.0,1.0,1.0,0.0,0.0,0.0,1.0,1.0,1.0,True,False,False,False,False,False
20.0,EV-LAB-001,NORMAL_BASELINE,400,0.9906373620033264,0.9990066885948181,59,12,60,15,30,79.60000000000001,98.0,399.0,73.8,31.0,0.009,2.0,2.0,1.0,2.0,1.0,2799.0,106.4,107.5,72.0,61.0,1.0,1.0,0.0,0.0,0.0,0.0,0.0,0.0,1.0,1.0,0.0,0.0,0.0,1.0,1.0,1.0,True,False,False,False,False,False
20.05,EV-LAB-001,NORMAL_BASELINE,401,0.9906340837478638,0.9990069270133972,59,12,60,15,30,79.60000000000001,98.0,399.3,73.60000000000001,31.0,0.01,2.1,2.0,1.0,2.0,1.0,2803.0,105.7,107.3,72.0,62.0,1.0,1.0,0.0,0.0,0.0,0.0,0.0,0.0,1.0,1.0,0.0,0.0,0.0,1.0,1.0,1.0,True,False,False,False,False,False
20.1,EV-LAB-001,NORMAL_BASELINE,402,0.9906306862831116,0.9990071654319763,59,12,60,15,30,79.60000000000001,98.0,398.6,73.2,31.0,0.015,1.8,2.0,1.0,2.0,1.0,2807.0,105.6,108.1,71.0,62.0,1.0,1.0,0.0,0.0,0.0,0.0,0.0,0.0,1.0,1.0,0.0,0.0,0.0,1.0,1.0,1.0,True,False,False,False,False,False
20.15,EV-LAB-001,NORMAL_BASELINE,403,0.9906270503997803,0.9990072846412659,59,12,60,15,30,79.60000000000001,98.0,399.0,71.60000000000001,31.0,0.013,2.1,2.0,1.0,2.0,1.0,2811.0,104.5,105.0,72.0,62.0,1.0,1.0,0.0,0.0,0.0,0.0,0.0,0.0,1.0,1.0,0.0,0.0,0.0,1.0,1.0,1.0,True,False,False,False,False,False
20.2,EV-LAB-001,NORMAL_BASELINE,404,0.9906232953071594,0.999007523059845,59,12,60,15,30,79.60000000000001,98.0,398.6,72.7,31.0,0.01,2.2,2.0,1.0,2.0,1.0,2815.0,105.0,105.9,73.0,62.0,1.0,1.0,0.0,0.0,0.0,0.0,0.0,0.0,1.0,1.0,0.0,0.0,0.0,1.0,1.0,1.0,True,False,False,False,False,False
20.25,EV-LAB-001,NORMAL_BASELINE,405,0.9906193017959595,0.9990077614784241,59,12,60,15,30,79.60000000000001,98.0,398.3,75.0,31.0,0.014,1.7000000000000002,2.0,1.0,2.0,1.0,2820.0,106.7,109.4,72.0,62.0,1.0,1.0,0.0,0.0,0.0,0.0,0.0,0.0,1.0,1.0,0.0,0.0,0.0,1.0,1.0,1.0,True,False,False,False,False,False
20.3,EV-LAB-001,NORMAL_BASELINE,406,0.9906152486801147,0.9990079998970032,59,12,60,15,30,79.60000000000001,98.0,398.3,75.10000000000001,31.0,0.01,1.9,2.0,1.0,2.0,1.0,2824.0,104.9,105.1,72.0,63.0,1.0,1.0,0.0,0.0,0.0,0.0,0.0,0.0,1.0,1.0,0.0,0.0,0.0,1.0,1.0,1.0,True,False,False,False,False,False
20.35,EV-LAB-001,NORMAL_BASELINE,407,0.9906110167503357,0.9990082383155823,59,12,60,15,30,79.60000000000001,98.0,398.9,74.0,31.0,0.009,2.0,2.0,1.0,2.0,1.0,2829.0,106.8,106.7,73.0,61.0,1.0,1.0,0.0,0.0,0.0,0.0,0.0,0.0,1.0,1.0,0.0,0.0,0.0,1.0,1.0,1.0,True,False,False,False,False,False
20.4,EV-LAB-001,NORMAL_BASELINE,408,0.9906066656112671,0.9990084767341614,59,12,60,15,30,79.60000000000001,98.0,398.1,74.4,31.0,0.013,1.7000000000000002,2.0,1.0,2.0,1.0,2834.0,105.8,105.7,73.0,62.0,1.0,1.0,0.0,0.0,0.0,0.0,0.0,0.0,1.0,1.0,0.0,0.0,0.0,1.0,1.0,1.0,True,False,False,False,False,False
20.45,EV-LAB-001,NORMAL_BASELINE,409,0.9906021356582642,0.9990087747573853,59,12,60,15,30,79.60000000000001,98.0,398.6,75.60000000000001,31.0,0.013,1.9,2.0,1.0,2.0,1.0,2838.0,106.0,105.8,73.0,63.0,1.0,1.0,0.0,0.0,0.0,0.0,0.0,0.0,1.0,1.0,0.0,0.0,0.0,1.0,1.0,1.0,True,False,False,False,False,False
20.5,EV-LAB-001,NORMAL_BASELINE,410,0.9905974268913269,0.9990090131759644,59,12,60,15,30,79.60000000000001,98.0,398.4,73.8,31.0,0.009,2.3000000000000003,2.0,1.0,2.0,1.0,2843.0,104.2,105.7,73.0,62.0,1.0,1.0,0.0,0.0,0.0,0.0,0.0,0.0,1.0,1.0,0.0,0.0,0.0,1.0,1.0,1.0,True,False,False,False,False,False
20.55,EV-LAB-001,NORMAL_BASELINE,411,0.9905926585197449,0.9990092515945435,59,12,60,15,30,79.60000000000001,98.0,399.4,75.3,31.0,0.011,2.2,2.0,1.0,2.0,1.0,2849.0,106.1,103.6,73.0,62.0,1.0,1.0,0.0,0.0,0.0,0.0,0.0,0.0,1.0,1.0,0.0,0.0,0.0,1.0,1.0,1.0,True,False,False,False,False,False
20.6,EV-LAB-001,NORMAL_BASELINE,412,0.9905877113342285,0.9990094900131226,59,12,60,15,30,79.60000000000001,98.0,398.7000000000001,73.10000000000001,31.0,0.012,2.1,2.0,1.0,2.0,1.0,2854.0,105.4,105.2,73.0,63.0,1.0,1.0,0.0,0.0,0.0,0.0,0.0,0.0,1.0,1.0,0.0,0.0,0.0,1.0,1.0,1.0,True,False,False,False,False,False
20.65,EV-LAB-001,NORMAL_BASELINE,413,0.9905827045440674,0.9990098476409912,59,12,60,15,30,79.60000000000001,98.0,398.6,73.0,31.0,0.013,1.8,2.0,1.0,2.0,1.0,2859.0,105.3,106.2,73.0,63.0,1.0,1.0,0.0,0.0,0.0,0.0,0.0,0.0,1.0,1.0,0.0,0.0,0.0,1.0,1.0,1.0,True,False,False,False,False,False
20.7,EV-LAB-001,NORMAL_BASELINE,414,0.9905774593353271,0.9990100860595703,59,12,60,15,30,79.60000000000001,98.0,399.1,72.3,31.0,0.014,1.9,2.0,1.0,2.0,1.0,2864.0,106.5,103.1,73.0,63.0,1.0,1.0,0.0,0.0,0.0,0.0,0.0,0.0,1.0,1.0,0.0,0.0,0.0,1.0,1.0,1.0,True,False,False,False,False,False
20.75,EV-LAB-001,NORMAL_BASELINE,415,0.9905720353126526,0.999010443687439,59,12,60,15,30,79.60000000000001,98.0,398.2000000000001,72.60000000000001,31.0,0.017,1.9,2.0,1.0,2.0,1.0,2870.0,103.9,104.0,73.0,62.0,1.0,1.0,0.0,0.0,0.0,0.0,0.0,0.0,1.0,1.0,0.0,0.0,0.0,1.0,1.0,1.0,True,False,False,False,False,False
20.8,EV-LAB-001,NORMAL_BASELINE,416,0.9905666708946228,0.9990106821060181,59,12,60,15,30,79.60000000000001,98.0,398.5,73.5,31.0,0.014,1.9,2.0,1.0,2.0,1.0,2876.0,106.2,109.8,74.0,62.0,1.0,1.0,0.0,0.0,0.0,0.0,0.0,0.0,1.0,1.0,0.0,0.0,0.0,1.0,1.0,1.0,True,False,False,False,False,False
20.85,EV-LAB-001,NORMAL_BASELINE,417,0.9905610680580139,0.9990110397338867,59,12,60,15,30,79.60000000000001,98.0,397.7000000000001,74.7,31.0,0.011,1.9,2.0,1.0,2.0,1.0,2881.0,106.3,107.4,73.0,63.0,1.0,1.0,0.0,0.0,0.0,0.0,0.0,0.0,1.0,1.0,0.0,0.0,0.0,1.0,1.0,1.0,True,False,False,False,False,False
20.9,EV-LAB-001,NORMAL_BASELINE,418,0.990555465221405,0.9990113973617554,59,12,60,15,30,79.60000000000001,98.0,398.9,74.5,31.0,0.012,2.1,2.0,1.0,2.0,1.0,2887.0,105.5,103.5,73.0,63.0,1.0,1.0,0.0,0.0,0.0,0.0,0.0,0.0,1.0,1.0,0.0,0.0,0.0,1.0,1.0,1.0,True,False,False,False,False,False
20.95,EV-LAB-001,NORMAL_BASELINE,419,0.9905495047569275,0.999011754989624,59,12,60,15,30,79.60000000000001,98.0,398.4,76.0,31.0,0.013,2.1,2.0,1.0,2.0,1.0,2893.0,105.5,105.3,74.0,62.0,1.0,1.0,0.0,0.0,0.0,0.0,0.0,0.0,1.0,1.0,0.0,0.0,0.0,1.0,1.0,1.0,True,False,False,False,False,False
21.0,EV-LAB-001,NORMAL_BASELINE,420,0.9905436635017395,0.9990119934082031,59,12,60,15,30,79.60000000000001,98.0,399.8,72.8,31.0,0.011,1.7000000000000002,2.0,1.0,2.0,1.0,2899.0,105.4,105.6,73.0,62.0,1.0,1.0,0.0,0.0,0.0,0.0,0.0,0.0,1.0,1.0,0.0,0.0,0.0,1.0,1.0,1.0,True,False,False,False,False,False
21.05,EV-LAB-001,NORMAL_BASELINE,421,0.9905375838279724,0.9990123510360718,59,12,60,15,30,79.60000000000001,98.0,399.0,73.2,31.0,0.012,1.9,2.0,1.0,2.0,1.0,2905.0,105.9,107.3,73.0,63.0,1.0,1.0,0.0,0.0,0.0,0.0,0.0,0.0,1.0,1.0,0.0,0.0,0.0,1.0,1.0,1.0,True,False,False,False,False,False
21.1,EV-LAB-001,NORMAL_BASELINE,422,0.9905313849449158,0.9990127086639404,59,12,60,15,30,79.60000000000001,98.0,398.5,74.2,31.0,0.014,2.3000000000000003,2.0,1.0,2.0,1.0,2911.0,106.1,105.5,73.0,62.0,1.0,1.0,0.0,0.0,0.0,0.0,0.0,0.0,1.0,1.0,0.0,0.0,0.0,1.0,1.0,1.0,True,False,False,False,False,False
21.15,EV-LAB-001,NORMAL_BASELINE,423,0.9905251860618591,0.9990130662918091,59,12,60,15,30,79.60000000000001,98.0,398.9,73.0,31.0,0.01,2.3000000000000003,2.0,1.0,2.0,1.0,2917.0,104.8,108.1,73.0,62.0,1.0,1.0,0.0,0.0,0.0,0.0,0.0,0.0,1.0,1.0,0.0,0.0,0.0,1.0,1.0,1.0,True,False,False,False,False,False
21.2,EV-LAB-001,NORMAL_BASELINE,424,0.9905187487602234,0.9990134239196777,59,12,60,15,30,79.60000000000001,98.0,398.8,75.3,31.0,0.008,2.3000000000000003,2.0,1.0,2.0,1.0,2923.0,106.1,105.7,74.0,63.0,1.0,1.0,0.0,0.0,0.0,0.0,0.0,0.0,1.0,1.0,0.0,0.0,0.0,1.0,1.0,1.0,True,False,False,False,False,False
21.25,EV-LAB-001,NORMAL_BASELINE,425,0.9905121922492981,0.9990137815475464,59,12,60,15,30,79.60000000000001,98.0,398.9,74.7,31.0,0.014,2.3000000000000003,2.0,1.0,2.0,1.0,2930.0,106.1,103.6,74.0,63.0,1.0,1.0,0.0,0.0,0.0,0.0,0.0,0.0,1.0,1.0,0.0,0.0,0.0,1.0,1.0,1.0,True,False,False,False,False,False
21.3,EV-LAB-001,NORMAL_BASELINE,426,0.9905056357383728,0.999014139175415,59,12,60,15,30,79.60000000000001,98.0,399.0,73.5,30.0,0.009,1.8,2.0,1.0,2.0,1.0,2936.0,106.4,110.1,74.0,62.0,1.0,1.0,0.0,0.0,0.0,0.0,0.0,0.0,1.0,1.0,0.0,0.0,0.0,1.0,1.0,1.0,True,False,False,False,False,False
21.35,EV-LAB-001,NORMAL_BASELINE,427,0.990498960018158,0.9990144968032837,59,12,60,15,30,79.60000000000001,98.0,398.0,73.8,31.0,0.01,2.0,2.0,1.0,2.0,1.0,2942.0,106.6,104.6,73.0,62.0,1.0,1.0,0.0,0.0,0.0,0.0,0.0,0.0,1.0,1.0,0.0,0.0,0.0,1.0,1.0,1.0,True,False,False,False,False,False
21.4,EV-LAB-001,NORMAL_BASELINE,428,0.9904921650886536,0.9990149736404419,59,12,60,15,30,79.60000000000001,98.0,398.9,75.60000000000001,30.0,0.014,1.9,2.0,1.0,2.0,1.0,2949.0,107.1,106.5,74.0,62.0,1.0,1.0,0.0,0.0,0.0,0.0,0.0,0.0,1.0,1.0,0.0,0.0,0.0,1.0,1.0,1.0,True,False,False,False,False,False
21.45,EV-LAB-001,NORMAL_BASELINE,429,0.9904852509498596,0.9990153312683105,59,12,60,15,30,79.60000000000001,98.0,399.2000000000001,73.4,31.0,0.01,1.9,2.0,1.0,2.0,1.0,2955.0,106.8,104.9,73.0,63.0,1.0,1.0,0.0,0.0,0.0,0.0,0.0,0.0,1.0,1.0,0.0,0.0,0.0,1.0,1.0,1.0,True,False,False,False,False,False
21.5,EV-LAB-001,NORMAL_BASELINE,430,0.9904783964157104,0.9990156888961792,59,12,60,15,30,79.60000000000001,98.0,398.9,73.9,31.0,0.013,2.1,2.0,1.0,2.0,1.0,2962.0,106.0,106.1,75.0,62.0,1.0,1.0,0.0,0.0,0.0,0.0,0.0,0.0,1.0,1.0,0.0,0.0,0.0,1.0,1.0,1.0,True,False,False,False,False,False
21.55,EV-LAB-001,NORMAL_BASELINE,431,0.990471363067627,0.9990160465240479,59,12,60,15,30,79.60000000000001,98.0,399.4,76.3,31.0,0.011,1.9,2.0,1.0,2.0,1.0,2969.0,107.7,108.8,74.0,63.0,1.0,1.0,0.0,0.0,0.0,0.0,0.0,0.0,1.0,1.0,0.0,0.0,0.0,1.0,1.0,1.0,True,False,False,False,False,False
21.6,EV-LAB-001,NORMAL_BASELINE,432,0.9904642105102539,0.999016523361206,59,12,60,15,30,79.60000000000001,98.0,398.8,78.0,31.0,0.013,2.1,2.0,1.0,2.0,1.0,2975.0,108.7,109.2,74.0,64.0,1.0,1.0,0.0,0.0,0.0,0.0,0.0,0.0,1.0,1.0,0.0,0.0,0.0,1.0,1.0,1.0,True,False,False,False,False,False
21.65,EV-LAB-001,NORMAL_BASELINE,433,0.9904569983482361,0.9990168809890747,59,12,60,15,30,79.60000000000001,98.0,398.8,74.10000000000001,31.0,0.012,2.0,2.0,1.0,2.0,1.0,2982.0,107.5,107.7,74.0,62.0,1.0,1.0,0.0,0.0,0.0,0.0,0.0,0.0,1.0,1.0,0.0,0.0,0.0,1.0,1.0,1.0,True,False,False,False,False,False
21.7,EV-LAB-001,NORMAL_BASELINE,434,0.9904497265815735,0.9990172386169434,59,12,60,15,30,79.60000000000001,98.0,399.4,76.3,31.0,0.01,1.9,2.0,1.0,2.0,1.0,2989.0,107.5,108.8,74.0,62.0,1.0,1.0,0.0,0.0,0.0,0.0,0.0,0.0,1.0,1.0,0.0,0.0,0.0,1.0,1.0,1.0,True,False,False,False,False,False
21.75,EV-LAB-001,NORMAL_BASELINE,435,0.9904423356056213,0.9990177154541016,59,12,60,15,30,79.60000000000001,98.0,398.8,76.3,31.0,0.011,2.1,2.0,1.0,2.0,1.0,2996.0,107.9,108.0,74.0,63.0,1.0,1.0,0.0,0.0,0.0,0.0,0.0,0.0,1.0,1.0,0.0,0.0,0.0,1.0,1.0,1.0,True,False,False,False,False,False
21.8,EV-LAB-001,NORMAL_BASELINE,436,0.9904348850250244,0.9990180730819702,59,12,60,15,30,79.60000000000001,98.0,398.5,76.3,31.0,0.013,2.3000000000000003,2.0,1.0,2.0,1.0,3002.0,107.9,107.6,75.0,63.0,1.0,1.0,0.0,0.0,0.0,0.0,0.0,0.0,1.0,1.0,0.0,0.0,0.0,1.0,1.0,1.0,True,False,False,False,False,False
21.85,EV-LAB-001,NORMAL_BASELINE,437,0.9904274940490723,0.9990185499191284,59,12,60,15,30,79.60000000000001,98.0,398.9,76.3,31.0,0.011,2.2,2.0,1.0,2.0,1.0,3009.0,108.2,108.5,74.0,63.0,1.0,1.0,0.0,0.0,0.0,0.0,0.0,0.0,1.0,1.0,0.0,0.0,0.0,1.0,1.0,1.0,True,False,False,False,False,False
21.9,EV-LAB-001,NORMAL_BASELINE,438,0.9904199242591858,0.9990189075469971,59,12,60,15,30,79.60000000000001,98.0,399.4,77.5,31.0,0.012,1.8,2.0,1.0,2.0,1.0,3016.0,106.0,106.4,74.0,63.0,1.0,1.0,0.0,0.0,0.0,0.0,0.0,0.0,1.0,1.0,0.0,0.0,0.0,1.0,1.0,1.0,True,False,False,False,False,False
21.95,EV-LAB-001,NORMAL_BASELINE,439,0.9904122948646545,0.9990192651748657,59,12,60,15,30,79.60000000000001,98.0,399.1,75.4,30.0,0.009,2.2,2.0,1.0,2.0,1.0,3023.0,107.9,107.8,75.0,63.0,1.0,1.0,0.0,0.0,0.0,0.0,0.0,0.0,1.0,1.0,0.0,0.0,0.0,1.0,1.0,1.0,True,False,False,False,False,False
22.0,EV-LAB-001,NORMAL_BASELINE,440,0.9904047250747681,0.9990197420120239,59,12,60,15,30,79.60000000000001,98.0,398.2000000000001,75.10000000000001,30.0,0.013,2.0,2.0,1.0,2.0,1.0,3030.0,107.0,105.8,75.0,63.0,1.0,1.0,0.0,0.0,0.0,0.0,0.0,0.0,1.0,1.0,0.0,0.0,0.0,1.0,1.0,1.0,True,False,False,False,False,False
22.05,EV-LAB-001,NORMAL_BASELINE,441,0.9903969764709473,0.9990200996398926,59,12,60,15,30,79.60000000000001,98.0,398.2000000000001,73.2,30.0,0.014,2.1,2.0,1.0,2.0,1.0,3037.0,108.1,108.2,75.0,63.0,1.0,1.0,0.0,0.0,0.0,0.0,0.0,0.0,1.0,1.0,0.0,0.0,0.0,1.0,1.0,1.0,True,False,False,False,False,False
22.1,EV-LAB-001,NORMAL_BASELINE,442,0.9903891682624817,0.9990205764770508,59,12,60,15,30,79.60000000000001,98.0,398.7000000000001,76.0,31.0,0.01,2.0,2.0,1.0,2.0,1.0,3044.0,107.2,105.7,74.0,62.0,1.0,1.0,0.0,0.0,0.0,0.0,0.0,0.0,1.0,1.0,0.0,0.0,0.0,1.0,1.0,1.0,True,False,False,False,False,False
22.15,EV-LAB-001,NORMAL_BASELINE,443,0.9903813004493713,0.999021053314209,59,12,60,15,30,79.60000000000001,98.0,398.9,75.7,31.0,0.01,2.2,2.0,1.0,2.0,1.0,3051.0,109.1,109.5,75.0,63.0,1.0,1.0,0.0,0.0,0.0,0.0,0.0,0.0,1.0,1.0,0.0,0.0,0.0,1.0,1.0,1.0,True,False,False,False,False,False
22.2,EV-LAB-001,NORMAL_BASELINE,444,0.9903734922409058,0.9990214109420776,59,12,60,15,30,79.60000000000001,98.0,398.3,74.2,30.0,0.012,1.9,2.0,1.0,2.0,1.0,3058.0,106.1,106.6,74.0,64.0,1.0,1.0,0.0,0.0,0.0,0.0,0.0,0.0,1.0,1.0,0.0,0.0,0.0,1.0,1.0,1.0,True,False,False,False,False,False
22.25,EV-LAB-001,NORMAL_BASELINE,445,0.9903655052185059,0.9990218877792358,59,12,60,15,30,79.60000000000001,98.0,399.0,75.10000000000001,31.0,0.013,1.9,2.0,1.0,2.0,1.0,3064.0,108.1,107.7,75.0,63.0,1.0,1.0,0.0,0.0,0.0,0.0,0.0,0.0,1.0,1.0,0.0,0.0,0.0,1.0,1.0,1.0,True,False,False,False,False,False
22.3,EV-LAB-001,NORMAL_BASELINE,446,0.9903575778007507,0.9990222454071045,59,12,60,15,30,79.60000000000001,98.0,399.1,75.60000000000001,30.0,0.013,1.7000000000000002,2.0,1.0,2.0,1.0,3071.0,107.9,109.1,74.0,63.0,1.0,1.0,0.0,0.0,0.0,0.0,0.0,0.0,1.0,1.0,0.0,0.0,0.0,1.0,1.0,1.0,True,False,False,False,False,False
22.35,EV-LAB-001,NORMAL_BASELINE,447,0.9903496503829956,0.9990227222442627,59,12,60,15,30,79.60000000000001,98.0,399.2000000000001,75.60000000000001,31.0,0.014,2.0,2.0,1.0,2.0,1.0,3078.0,106.7,105.5,74.0,63.0,1.0,1.0,0.0,0.0,0.0,0.0,0.0,0.0,1.0,1.0,0.0,0.0,0.0,1.0,1.0,1.0,True,False,False,False,False,False
22.4,EV-LAB-001,NORMAL_BASELINE,448,0.9903416633605957,0.9990230798721313,59,12,60,15,30,79.60000000000001,98.0,398.7000000000001,76.60000000000001,31.0,0.012,2.0,2.0,1.0,2.0,1.0,3085.0,109.0,107.4,75.0,64.0,1.0,1.0,0.0,0.0,0.0,0.0,0.0,0.0,1.0,1.0,0.0,0.0,0.0,1.0,1.0,1.0,True,False,False,False,False,False
22.45,EV-LAB-001,NORMAL_BASELINE,449,0.990333616733551,0.9990235567092896,59,12,60,15,30,79.60000000000001,98.0,398.9,74.10000000000001,30.0,0.015,1.8,2.0,1.0,2.0,1.0,3092.0,107.8,107.9,75.0,64.0,1.0,1.0,0.0,0.0,0.0,0.0,0.0,0.0,1.0,1.0,0.0,0.0,0.0,1.0,1.0,1.0,True,False,False,False,False,False
22.5,EV-LAB-001,NORMAL_BASELINE,450,0.9903255701065063,0.9990240335464478,59,12,60,15,30,79.60000000000001,98.0,399.0,76.0,31.0,0.017,2.0,2.0,1.0,2.0,1.0,3099.0,110.0,110.3,74.0,64.0,1.0,1.0,0.0,0.0,0.0,0.0,0.0,0.0,1.0,1.0,0.0,0.0,0.0,1.0,1.0,1.0,True,False,False,False,False,False
22.55,EV-LAB-001,NORMAL_BASELINE,451,0.9903175830841064,0.9990243911743164,59,12,60,15,30,79.60000000000001,98.0,398.6,75.9,31.0,0.014,2.0,2.0,1.0,2.0,1.0,3106.0,107.8,106.5,75.0,63.0,1.0,1.0,0.0,0.0,0.0,0.0,0.0,0.0,1.0,1.0,0.0,0.0,0.0,1.0,1.0,1.0,True,False,False,False,False,False
22.6,EV-LAB-001,NORMAL_BASELINE,452,0.9903094172477722,0.9990248680114746,59,12,60,15,30,79.60000000000001,98.0,398.4,75.2,31.0,0.013,2.0,2.0,1.0,2.0,1.0,3113.0,108.3,107.4,76.0,63.0,1.0,1.0,0.0,0.0,0.0,0.0,0.0,0.0,1.0,1.0,0.0,0.0,0.0,1.0,1.0,1.0,True,False,False,False,False,False
22.65,EV-LAB-001,NORMAL_BASELINE,453,0.9903013706207275,0.9990252256393433,59,12,60,15,30,79.60000000000001,98.0,398.9,75.10000000000001,31.0,0.015,2.2,2.0,1.0,2.0,1.0,3120.0,109.3,110.2,75.0,65.0,1.0,1.0,0.0,0.0,0.0,0.0,0.0,0.0,1.0,1.0,0.0,0.0,0.0,1.0,1.0,1.0,True,False,False,False,False,False
22.7,EV-LAB-001,NORMAL_BASELINE,454,0.9902932643890381,0.9990257024765015,59,12,60,15,30,79.60000000000001,98.0,398.6,75.3,31.0,0.011,2.0,2.0,1.0,2.0,1.0,3126.0,108.2,108.9,75.0,64.0,1.0,1.0,0.0,0.0,0.0,0.0,0.0,0.0,1.0,1.0,0.0,0.0,0.0,1.0,1.0,1.0,True,False,False,False,False,False
22.75,EV-LAB-001,NORMAL_BASELINE,455,0.9902852177619934,0.9990260601043701,59,12,60,15,30,79.60000000000001,98.0,398.7000000000001,76.80000000000001,31.0,0.01,1.9,2.0,1.0,2.0,1.0,3133.0,109.0,112.1,75.0,64.0,1.0,1.0,0.0,0.0,0.0,0.0,0.0,0.0,1.0,1.0,0.0,0.0,0.0,1.0,1.0,1.0,True,False,False,False,False,False
22.8,EV-LAB-001,NORMAL_BASELINE,456,0.9902771711349487,0.9990265369415283,59,12,60,15,30,79.60000000000001,98.0,398.3,75.3,30.0,0.015,1.9,2.0,1.0,2.0,1.0,3140.0,108.4,108.9,76.0,63.0,1.0,1.0,0.0,0.0,0.0,0.0,0.0,0.0,1.0,1.0,0.0,0.0,0.0,1.0,1.0,1.0,True,False,False,False,False,False
22.85,EV-LAB-001,NORMAL_BASELINE,457,0.9902690649032593,0.9990270137786865,59,12,60,15,30,79.60000000000001,98.0,399.2000000000001,76.2,31.0,0.01,2.2,2.0,1.0,2.0,1.0,3147.0,109.3,109.0,75.0,64.0,1.0,1.0,0.0,0.0,0.0,0.0,0.0,0.0,1.0,1.0,0.0,0.0,0.0,1.0,1.0,1.0,True,False,False,False,False,False
22.9,EV-LAB-001,NORMAL_BASELINE,458,0.9902610182762146,0.9990273714065552,59,12,60,15,30,79.60000000000001,98.0,399.2000000000001,75.2,30.0,0.015,1.7000000000000002,2.0,1.0,2.0,1.0,3153.0,109.5,108.8,76.0,64.0,1.0,1.0,0.0,0.0,0.0,0.0,0.0,0.0,1.0,1.0,0.0,0.0,0.0,1.0,1.0,1.0,True,False,False,False,False,False
22.95,EV-LAB-001,NORMAL_BASELINE,459,0.9902529716491699,0.9990278482437134,59,12,60,15,30,79.60000000000001,98.0,399.2000000000001,76.2,31.0,0.012,2.2,2.0,1.0,2.0,1.0,3160.0,110.6,109.5,75.0,64.0,1.0,1.0,0.0,0.0,0.0,0.0,0.0,0.0,1.0,1.0,0.0,0.0,0.0,1.0,1.0,1.0,True,False,False,False,False,False
23.0,EV-LAB-001,NORMAL_BASELINE,460,0.9902448654174805,0.999028205871582,59,12,60,15,30,79.60000000000001,98.0,398.5,76.10000000000001,30.0,0.014,2.1,2.0,1.0,2.0,1.0,3167.0,110.3,107.8,75.0,64.0,1.0,1.0,0.0,0.0,0.0,0.0,0.0,0.0,1.0,1.0,0.0,0.0,0.0,1.0,1.0,1.0,True,False,False,False,False,False
23.05,EV-LAB-001,NORMAL_BASELINE,461,0.9902369379997253,0.9990286827087402,59,12,60,15,30,79.60000000000001,98.0,398.4,76.60000000000001,31.0,0.013,1.6,2.0,1.0,2.0,1.0,3173.0,110.3,111.4,75.0,64.0,1.0,1.0,0.0,0.0,0.0,0.0,0.0,0.0,1.0,1.0,0.0,0.0,0.0,1.0,1.0,1.0,True,False,False,False,False,False
23.1,EV-LAB-001,NORMAL_BASELINE,462,0.9902288913726807,0.9990290403366089,59,12,60,15,30,79.60000000000001,98.0,398.7000000000001,77.2,31.0,0.009,2.0,2.0,1.0,2.0,1.0,3180.0,108.2,108.5,76.0,65.0,1.0,1.0,0.0,0.0,0.0,0.0,0.0,0.0,1.0,1.0,0.0,0.0,0.0,1.0,1.0,1.0,True,False,False,False,False,False
23.15,EV-LAB-001,NORMAL_BASELINE,463,0.9902209043502808,0.9990295171737671,59,12,60,15,30,79.60000000000001,98.0,398.1,76.2,31.0,0.012,2.0,2.0,1.0,2.0,1.0,3186.0,111.1,110.1,75.0,64.0,1.0,1.0,0.0,0.0,0.0,0.0,0.0,0.0,1.0,1.0,0.0,0.0,0.0,1.0,1.0,1.0,True,False,False,False,False,False
23.2,EV-LAB-001,NORMAL_BASELINE,464,0.9902129769325256,0.9990298748016357,59,12,60,15,30,79.60000000000001,98.0,397.8,78.60000000000001,30.0,0.013,2.2,2.0,1.0,2.0,1.0,3193.0,111.1,112.7,76.0,65.0,1.0,1.0,0.0,0.0,0.0,0.0,0.0,0.0,1.0,1.0,0.0,0.0,0.0,1.0,1.0,1.0,True,False,False,False,False,False
23.25,EV-LAB-001,NORMAL_BASELINE,465,0.9902050495147705,0.9990302324295044,59,12,60,15,30,79.60000000000001,98.0,399.0,77.60000000000001,30.0,0.01,1.9,2.0,1.0,2.0,1.0,3199.0,110.9,109.3,76.0,64.0,1.0,1.0,0.0,0.0,0.0,0.0,0.0,0.0,1.0,1.0,0.0,0.0,0.0,1.0,1.0,1.0,True,False,False,False,False,False
23.3,EV-LAB-001,NORMAL_BASELINE,466,0.9901970624923706,0.9990307092666626,59,12,60,15,30,79.60000000000001,98.0,398.9,77.7,30.0,0.009,1.9,2.0,1.0,2.0,1.0,3205.0,110.0,110.1,75.0,64.0,1.0,1.0,0.0,0.0,0.0,0.0,0.0,0.0,1.0,1.0,0.0,0.0,0.0,1.0,1.0,1.0,True,False,False,False,False,False
23.35,EV-LAB-001,NORMAL_BASELINE,467,0.990189254283905,0.9990310668945312,59,12,60,15,30,79.60000000000001,98.0,399.6,78.10000000000001,30.0,0.01,2.1,2.0,1.0,2.0,1.0,3212.0,113.0,110.2,76.0,64.0,1.0,1.0,0.0,0.0,0.0,0.0,0.0,0.0,1.0,1.0,0.0,0.0,0.0,1.0,1.0,1.0,True,False,False,False,False,False
23.4,EV-LAB-001,NORMAL_BASELINE,468,0.9901815056800842,0.9990315437316895,59,12,60,15,30,79.60000000000001,98.0,397.8,76.7,31.0,0.011,1.9,2.0,1.0,2.0,1.0,3218.0,109.7,109.2,76.0,64.0,1.0,1.0,0.0,0.0,0.0,0.0,0.0,0.0,1.0,1.0,0.0,0.0,0.0,1.0,1.0,1.0,True,False,False,False,False,False
23.45,EV-LAB-001,NORMAL_BASELINE,469,0.9901736974716187,0.9990319013595581,59,12,60,15,30,79.60000000000001,98.0,398.5,79.30000000000001,30.0,0.01,2.0,2.0,1.0,2.0,1.0,3224.0,110.4,107.0,76.0,65.0,1.0,1.0,0.0,0.0,0.0,0.0,0.0,0.0,1.0,1.0,0.0,0.0,0.0,1.0,1.0,1.0,True,False,False,False,False,False
23.5,EV-LAB-001,NORMAL_BASELINE,470,0.9901658892631531,0.9990322589874268,59,12,60,15,30,79.60000000000001,98.0,398.9,76.9,31.0,0.013,2.0,2.0,1.0,2.0,1.0,3230.0,109.6,107.4,77.0,63.0,1.0,1.0,0.0,0.0,0.0,0.0,0.0,0.0,1.0,1.0,0.0,0.0,0.0,1.0,1.0,1.0,True,False,False,False,False,False
23.55,EV-LAB-001,NORMAL_BASELINE,471,0.9901581406593323,0.999032735824585,59,12,60,15,30,79.60000000000001,98.0,399.1,75.10000000000001,30.0,0.013,2.1,2.0,1.0,2.0,1.0,3236.0,109.6,109.7,76.0,65.0,1.0,1.0,0.0,0.0,0.0,0.0,0.0,0.0,1.0,1.0,0.0,0.0,0.0,1.0,1.0,1.0,True,False,False,False,False,False
23.6,EV-LAB-001,NORMAL_BASELINE,472,0.9901505708694458,0.9990330934524536,59,12,60,15,30,79.60000000000001,98.0,398.3,77.9,31.0,0.014,1.9,2.0,1.0,2.0,1.0,3242.0,112.0,111.6,75.0,65.0,1.0,1.0,0.0,0.0,0.0,0.0,0.0,0.0,1.0,1.0,0.0,0.0,0.0,1.0,1.0,1.0,True,False,False,False,False,False
23.65,EV-LAB-001,NORMAL_BASELINE,473,0.9901429414749146,0.9990334510803223,59,12,60,15,30,79.60000000000001,98.0,399.3,78.80000000000001,30.0,0.01,2.2,2.0,1.0,2.0,1.0,3248.0,111.2,110.5,76.0,66.0,1.0,1.0,0.0,0.0,0.0,0.0,0.0,0.0,1.0,1.0,0.0,0.0,0.0,1.0,1.0,1.0,True,False,False,False,False,False
23.7,EV-LAB-001,NORMAL_BASELINE,474,0.9901354908943176,0.9990338087081909,59,12,60,15,30,79.60000000000001,98.0,398.4,77.30000000000001,31.0,0.013,2.0,2.0,1.0,2.0,1.0,3254.0,110.8,107.0,76.0,66.0,1.0,1.0,0.0,0.0,0.0,0.0,0.0,0.0,1.0,1.0,0.0,0.0,0.0,1.0,1.0,1.0,True,False,False,False,False,False
23.75,EV-LAB-001,NORMAL_BASELINE,475,0.9901279807090759,0.9990341663360596,59,12,60,15,30,79.60000000000001,98.0,398.8,77.5,31.0,0.01,2.0,2.0,1.0,2.0,1.0,3259.0,111.4,110.9,75.0,65.0,1.0,1.0,0.0,0.0,0.0,0.0,0.0,0.0,1.0,1.0,0.0,0.0,0.0,1.0,1.0,1.0,True,False,False,False,False,False
23.8,EV-LAB-001,NORMAL_BASELINE,476,0.9901206493377686,0.9990346431732178,59,12,60,15,30,79.60000000000001,98.0,398.9,77.5,30.0,0.012,1.8,2.0,1.0,2.0,1.0,3265.0,112.2,113.9,76.0,64.0,1.0,1.0,0.0,0.0,0.0,0.0,0.0,0.0,1.0,1.0,0.0,0.0,0.0,1.0,1.0,1.0,True,False,False,False,False,False
23.85,EV-LAB-001,NORMAL_BASELINE,477,0.9901132583618164,0.9990350008010864,59,12,60,15,30,79.60000000000001,98.0,398.4,78.7,30.0,0.011,1.8,2.0,1.0,2.0,1.0,3271.0,112.2,112.6,76.0,64.0,1.0,1.0,0.0,0.0,0.0,0.0,0.0,0.0,1.0,1.0,0.0,0.0,0.0,1.0,1.0,1.0,True,False,False,False,False,False
23.9,EV-LAB-001,NORMAL_BASELINE,478,0.990105926990509,0.9990353584289551,59,12,60,15,30,79.60000000000001,98.0,398.9,78.0,30.0,0.013,2.0,2.0,1.0,2.0,1.0,3276.0,112.9,115.3,76.0,65.0,1.0,1.0,0.0,0.0,0.0,0.0,0.0,0.0,1.0,1.0,0.0,0.0,0.0,1.0,1.0,1.0,True,False,False,False,False,False
23.95,EV-LAB-001,NORMAL_BASELINE,479,0.990098774433136,0.9990357160568237,59,12,60,15,30,79.60000000000001,98.0,398.5,78.10000000000001,30.0,0.011,2.1,2.0,1.0,2.0,1.0,3282.0,111.6,112.2,77.0,66.0,1.0,1.0,0.0,0.0,0.0,0.0,0.0,0.0,1.0,1.0,0.0,0.0,0.0,1.0,1.0,1.0,True,False,False,False,False,False
24.0,EV-LAB-001,NORMAL_BASELINE,480,0.9900915622711182,0.9990360736846924,59,12,60,15,30,79.60000000000001,98.0,399.5,77.4,31.0,0.013,2.0,2.0,1.0,2.0,1.0,3287.0,111.2,110.4,76.0,65.0,1.0,1.0,0.0,0.0,0.0,0.0,0.0,0.0,1.0,1.0,0.0,0.0,0.0,1.0,1.0,1.0,True,False,False,False,False,False
24.05,EV-LAB-001,NORMAL_BASELINE,481,0.9900845289230347,0.999036431312561,59,12,60,15,30,79.60000000000001,98.0,399.4,75.4,30.0,0.011,1.7000000000000002,2.0,1.0,2.0,1.0,3292.0,110.4,110.7,75.0,64.0,1.0,1.0,0.0,0.0,0.0,0.0,0.0,0.0,1.0,1.0,0.0,0.0,0.0,1.0,1.0,1.0,True,False,False,False,False,False
24.1,EV-LAB-001,NORMAL_BASELINE,482,0.9900774955749512,0.9990367889404297,59,12,60,15,30,79.60000000000001,98.0,399.7000000000001,79.0,31.0,0.011,1.9,2.0,1.0,2.0,1.0,3298.0,112.4,112.5,76.0,64.0,1.0,1.0,0.0,0.0,0.0,0.0,0.0,0.0,1.0,1.0,0.0,0.0,0.0,1.0,1.0,1.0,True,False,False,False,False,False
24.15,EV-LAB-001,NORMAL_BASELINE,483,0.990070641040802,0.9990370273590088,59,12,60,15,30,79.60000000000001,98.0,398.8,78.80000000000001,30.0,0.007,1.7000000000000002,2.0,1.0,2.0,1.0,3303.0,111.9,111.9,77.0,65.0,1.0,1.0,0.0,0.0,0.0,0.0,0.0,0.0,1.0,1.0,0.0,0.0,0.0,1.0,1.0,1.0,True,False,False,False,False,False
24.2,EV-LAB-001,NORMAL_BASELINE,484,0.9900638461112976,0.9990373849868774,59,12,60,15,30,79.60000000000001,98.0,399.4,77.60000000000001,30.0,0.009,1.9,2.0,1.0,2.0,1.0,3308.0,111.1,109.4,76.0,64.0,1.0,1.0,0.0,0.0,0.0,0.0,0.0,0.0,1.0,1.0,0.0,0.0,0.0,1.0,1.0,1.0,True,False,False,False,False,False
24.25,EV-LAB-001,NORMAL_BASELINE,485,0.9900570511817932,0.9990377426147461,59,12,60,15,30,79.60000000000001,98.0,398.3,77.4,30.0,0.013,2.1,2.0,1.0,2.0,1.0,3313.0,110.8,111.0,76.0,64.0,1.0,1.0,0.0,0.0,0.0,0.0,0.0,0.0,1.0,1.0,0.0,0.0,0.0,1.0,1.0,1.0,True,False,False,False,False,False
24.3,EV-LAB-001,NORMAL_BASELINE,486,0.9900504350662231,0.9990381002426147,59,12,60,15,30,79.60000000000001,98.0,398.5,79.2,31.0,0.016,1.9,2.0,1.0,2.0,1.0,3318.0,112.3,113.2,77.0,65.0,1.0,1.0,0.0,0.0,0.0,0.0,0.0,0.0,1.0,1.0,0.0,0.0,0.0,1.0,1.0,1.0,True,False,False,False,False,False
24.35,EV-LAB-001,NORMAL_BASELINE,487,0.9900438785552979,0.9990384578704834,59,12,60,15,30,79.60000000000001,98.0,398.6,77.5,31.0,0.008,1.9,2.0,1.0,2.0,1.0,3323.0,113.2,111.3,76.0,65.0,1.0,1.0,0.0,0.0,0.0,0.0,0.0,0.0,1.0,1.0,0.0,0.0,0.0,1.0,1.0,1.0,True,False,False,False,False,False
24.4,EV-LAB-001,NORMAL_BASELINE,488,0.9900373220443726,0.9990386962890625,59,12,60,15,30,79.60000000000001,98.0,398.6,77.7,30.0,0.012,2.1,2.0,1.0,2.0,1.0,3327.0,110.0,112.4,76.0,65.0,1.0,1.0,0.0,0.0,0.0,0.0,0.0,0.0,1.0,1.0,0.0,0.0,0.0,1.0,1.0,1.0,True,False,False,False,False,False
24.45,EV-LAB-001,NORMAL_BASELINE,489,0.9900308847427368,0.9990390539169312,59,12,60,15,30,79.60000000000001,98.0,398.7000000000001,79.4,30.0,0.014,2.3000000000000003,2.0,1.0,2.0,1.0,3332.0,112.4,111.9,77.0,65.0,1.0,1.0,0.0,0.0,0.0,0.0,0.0,0.0,1.0,1.0,0.0,0.0,0.0,1.0,1.0,1.0,True,False,False,False,False,False
24.5,EV-LAB-001,NORMAL_BASELINE,490,0.9900245666503906,0.999039351940155,59,12,60,15,30,79.60000000000001,98.0,397.9,80.2,31.0,0.013,1.8,2.0,1.0,2.0,1.0,3337.0,113.8,113.1,76.0,66.0,1.0,1.0,0.0,0.0,0.0,0.0,0.0,0.0,1.0,1.0,0.0,0.0,0.0,1.0,1.0,1.0,True,False,False,False,False,False
24.55,EV-LAB-001,NORMAL_BASELINE,491,0.990018367767334,0.9990395903587341,59,12,60,15,30,79.60000000000001,98.0,398.5,80.5,30.0,0.012,2.2,2.0,1.0,2.0,1.0,3341.0,113.5,113.0,77.0,65.0,1.0,1.0,0.0,0.0,0.0,0.0,0.0,0.0,1.0,1.0,0.0,0.0,0.0,1.0,1.0,1.0,True,False,False,False,False,False
24.6,EV-LAB-001,NORMAL_BASELINE,492,0.9900122284889221,0.9990399479866028,59,12,60,15,30,79.60000000000001,98.0,398.4,80.2,31.0,0.013,2.0,2.0,1.0,2.0,1.0,3346.0,113.2,115.9,76.0,65.0,1.0,1.0,0.0,0.0,0.0,0.0,0.0,0.0,1.0,1.0,0.0,0.0,0.0,1.0,1.0,1.0,True,False,False,False,False,False
24.65,EV-LAB-001,NORMAL_BASELINE,493,0.990006148815155,0.9990401864051819,59,12,60,15,30,79.60000000000001,98.0,397.9,79.2,30.0,0.01,2.1,2.0,1.0,2.0,1.0,3350.0,112.4,113.2,77.0,66.0,1.0,1.0,0.0,0.0,0.0,0.0,0.0,0.0,1.0,1.0,0.0,0.0,0.0,1.0,1.0,1.0,True,False,False,False,False,False
24.7,EV-LAB-001,NORMAL_BASELINE,494,0.9900001883506775,0.9990405440330505,59,12,60,15,30,79.60000000000001,98.0,398.7000000000001,78.0,30.0,0.009,2.2,2.0,1.0,2.0,1.0,3354.0,113.5,114.0,77.0,65.0,1.0,1.0,0.0,0.0,0.0,0.0,0.0,0.0,1.0,1.0,0.0,0.0,0.0,1.0,1.0,1.0,True,False,False,False,False,False
24.75,EV-LAB-001,NORMAL_BASELINE,495,0.9899943470954895,0.9990407824516296,59,12,60,15,30,79.60000000000001,98.0,398.6,76.7,30.0,0.012,1.7000000000000002,2.0,1.0,2.0,1.0,3358.0,112.7,112.3,77.0,65.0,1.0,1.0,0.0,0.0,0.0,0.0,0.0,0.0,1.0,1.0,0.0,0.0,0.0,1.0,1.0,1.0,True,False,False,False,False,False
24.8,EV-LAB-001,NORMAL_BASELINE,496,0.9899885058403015,0.9990410208702087,59,12,60,15,30,79.60000000000001,98.0,398.7000000000001,78.10000000000001,30.0,0.014,2.1,2.0,1.0,2.0,1.0,3362.0,113.0,110.0,77.0,65.0,1.0,1.0,0.0,0.0,0.0,0.0,0.0,0.0,1.0,1.0,0.0,0.0,0.0,1.0,1.0,1.0,True,False,False,False,False,False
24.85,EV-LAB-001,NORMAL_BASELINE,497,0.9899827837944031,0.9990413784980774,59,12,60,15,30,79.60000000000001,98.0,398.7000000000001,78.2,31.0,0.013,1.9,2.0,1.0,2.0,1.0,3366.0,112.6,112.0,77.0,65.0,1.0,1.0,0.0,0.0,0.0,0.0,0.0,0.0,1.0,1.0,0.0,0.0,0.0,1.0,1.0,1.0,True,False,False,False,False,False
24.9,EV-LAB-001,NORMAL_BASELINE,498,0.9899771213531494,0.9990416169166565,59,12,60,15,30,79.60000000000001,98.0,399.2000000000001,79.7,31.0,0.013,2.0,2.0,1.0,2.0,1.0,3370.0,113.2,112.2,76.0,66.0,1.0,1.0,0.0,0.0,0.0,0.0,0.0,0.0,1.0,1.0,0.0,0.0,0.0,1.0,1.0,1.0,True,False,False,False,False,False
24.95,EV-LAB-001,NORMAL_BASELINE,499,0.9899716377258301,0.9990418553352356,59,12,60,15,30,79.60000000000001,98.0,398.5,79.5,30.0,0.009,1.9,2.0,1.0,2.0,1.0,3374.0,112.7,112.3,76.0,65.0,1.0,1.0,0.0,0.0,0.0,0.0,0.0,0.0,1.0,1.0,0.0,0.0,0.0,1.0,1.0,1.0,True,False,False,False,False,False
25.0,EV-LAB-001,NORMAL_BASELINE,500,0.9899662733078003,0.9990420937538147,59,12,60,15,30,79.60000000000001,98.0,398.7000000000001,80.4,31.0,0.014,1.8,2.0,1.0,2.0,1.0,3378.0,115.3,116.7,77.0,65.0,1.0,1.0,0.0,0.0,0.0,0.0,0.0,0.0,1.0,1.0,0.0,0.0,0.0,1.0,1.0,1.0,True,False,False,False,False,False
25.05,EV-LAB-001,NORMAL_BASELINE,501,0.9899610280990601,0.9990424513816833,59,12,60,15,30,79.60000000000001,98.0,397.8,80.10000000000001,30.0,0.012,2.0,2.0,1.0,2.0,1.0,3382.0,113.2,113.2,77.0,66.0,1.0,1.0,0.0,0.0,0.0,0.0,0.0,0.0,1.0,1.0,0.0,0.0,0.0,1.0,1.0,1.0,True,False,False,False,False,False
25.1,EV-LAB-001,NORMAL_BASELINE,502,0.9899557828903198,0.9990426898002625,59,12,60,15,30,79.60000000000001,98.0,398.6,77.80000000000001,30.0,0.016,1.9,2.0,1.0,2.0,1.0,3385.0,114.6,116.2,77.0,66.0,1.0,1.0,0.0,0.0,0.0,0.0,0.0,0.0,1.0,1.0,0.0,0.0,0.0,1.0,1.0,1.0,True,False,False,False,False,False
25.15,EV-LAB-001,NORMAL_BASELINE,503,0.9899506568908691,0.9990429282188416,59,12,60,15,30,79.60000000000001,98.0,398.7000000000001,79.30000000000001,30.0,0.012,2.2,2.0,1.0,2.0,1.0,3389.0,114.1,115.7,76.0,66.0,1.0,1.0,0.0,0.0,0.0,0.0,0.0,0.0,1.0,1.0,0.0,0.0,0.0,1.0,1.0,1.0,True,False,False,False,False,False
25.2,EV-LAB-001,NORMAL_BASELINE,504,0.9899455904960632,0.9990431666374207,59,12,60,15,30,79.60000000000001,98.0,397.9,78.60000000000001,30.0,0.01,2.0,2.0,1.0,2.0,1.0,3392.0,113.5,114.4,76.0,65.0,1.0,1.0,0.0,0.0,0.0,0.0,0.0,0.0,1.0,1.0,0.0,0.0,0.0,1.0,1.0,1.0,True,False,False,False,False,False
25.25,EV-LAB-001,NORMAL_BASELINE,505,0.9899408221244812,0.9990434050559998,59,12,60,15,30,79.60000000000001,98.0,398.4,78.80000000000001,30.0,0.014,1.6,2.0,1.0,2.0,1.0,3396.0,113.9,116.3,77.0,66.0,1.0,1.0,0.0,0.0,0.0,0.0,0.0,0.0,1.0,1.0,0.0,0.0,0.0,1.0,1.0,1.0,True,False,False,False,False,False
25.3,EV-LAB-001,NORMAL_BASELINE,506,0.9899359345436096,0.9990436434745789,59,12,60,15,30,79.60000000000001,98.0,398.4,80.5,30.0,0.012,1.9,2.0,1.0,2.0,1.0,3399.0,115.2,113.0,77.0,66.0,1.0,1.0,0.0,0.0,0.0,0.0,0.0,0.0,1.0,1.0,0.0,0.0,0.0,1.0,1.0,1.0,True,False,False,False,False,False
25.35,EV-LAB-001,NORMAL_BASELINE,507,0.9899312257766724,0.999043881893158,59,12,60,15,30,79.60000000000001,98.0,399.3,81.0,30.0,0.015,2.1,2.0,1.0,2.0,1.0,3403.0,115.5,115.1,77.0,66.0,1.0,1.0,0.0,0.0,0.0,0.0,0.0,0.0,1.0,1.0,0.0,0.0,0.0,1.0,1.0,1.0,True,False,False,False,False,False
25.4,EV-LAB-001,NORMAL_BASELINE,508,0.9899265766143799,0.9990440011024475,59,12,60,15,30,79.60000000000001,98.0,398.9,79.2,30.0,0.013,2.1,2.0,1.0,2.0,1.0,3406.0,114.1,114.7,77.0,66.0,1.0,1.0,0.0,0.0,0.0,0.0,0.0,0.0,1.0,1.0,0.0,0.0,0.0,1.0,1.0,1.0,True,False,False,False,False,False
25.45,EV-LAB-001,NORMAL_BASELINE,509,0.9899219870567322,0.9990442395210266,59,12,60,15,30,79.60000000000001,98.0,398.8,80.2,30.0,0.013,1.9,2.0,1.0,2.0,1.0,3409.0,114.5,113.6,78.0,65.0,1.0,1.0,0.0,0.0,0.0,0.0,0.0,0.0,1.0,1.0,0.0,0.0,0.0,1.0,1.0,1.0,True,False,False,False,False,False
25.5,EV-LAB-001,NORMAL_BASELINE,510,0.9899175763130188,0.9990444779396057,59,12,60,15,30,79.60000000000001,98.0,398.5,79.9,31.0,0.013,1.9,2.0,1.0,2.0,1.0,3412.0,113.7,113.8,78.0,65.0,1.0,1.0,0.0,0.0,0.0,0.0,0.0,0.0,1.0,1.0,0.0,0.0,0.0,1.0,1.0,1.0,True,False,False,False,False,False
25.55,EV-LAB-001,NORMAL_BASELINE,511,0.9899132251739502,0.9990447163581848,59,12,60,15,30,79.60000000000001,98.0,398.7000000000001,80.0,30.0,0.012,1.9,2.0,1.0,2.0,1.0,3415.0,115.4,117.3,77.0,66.0,1.0,1.0,0.0,0.0,0.0,0.0,0.0,0.0,1.0,1.0,0.0,0.0,0.0,1.0,1.0,1.0,True,False,False,False,False,False
25.6,EV-LAB-001,NORMAL_BASELINE,512,0.9899089336395264,0.9990449547767639,59,12,60,15,30,79.60000000000001,98.0,399.1,81.5,30.0,0.011,2.0,2.0,1.0,2.0,1.0,3418.0,116.4,115.5,77.0,66.0,1.0,1.0,0.0,0.0,0.0,0.0,0.0,0.0,1.0,1.0,0.0,0.0,0.0,1.0,1.0,1.0,True,False,False,False,False,False
25.65,EV-LAB-001,NORMAL_BASELINE,513,0.9899047017097473,0.9990450739860535,59,12,60,15,30,79.60000000000001,98.0,398.5,80.30000000000001,30.0,0.009,2.0,2.0,1.0,2.0,1.0,3421.0,114.8,113.3,78.0,66.0,1.0,1.0,0.0,0.0,0.0,0.0,0.0,0.0,1.0,1.0,0.0,0.0,0.0,1.0,1.0,1.0,True,False,False,False,False,False
25.7,EV-LAB-001,NORMAL_BASELINE,514,0.9899006485939026,0.9990453124046326,59,12,60,15,30,79.60000000000001,98.0,398.4,80.80000000000001,30.0,0.015,1.9,2.0,1.0,2.0,1.0,3423.0,116.6,116.2,77.0,66.0,1.0,1.0,0.0,0.0,0.0,0.0,0.0,0.0,1.0,1.0,0.0,0.0,0.0,1.0,1.0,1.0,True,False,False,False,False,False
25.75,EV-LAB-001,NORMAL_BASELINE,515,0.9898966550827026,0.9990454316139221,59,12,60,15,30,79.60000000000001,98.0,397.8,81.4,30.0,0.01,2.2,2.0,1.0,2.0,1.0,3426.0,115.8,115.8,77.0,66.0,1.0,1.0,0.0,0.0,0.0,0.0,0.0,0.0,1.0,1.0,0.0,0.0,0.0,1.0,1.0,1.0,True,False,False,False,False,False
25.8,EV-LAB-001,NORMAL_BASELINE,516,0.9898926615715027,0.9990456700325012,59,12,60,15,30,79.60000000000001,98.0,398.4,80.9,30.0,0.009,1.9,2.0,1.0,2.0,1.0,3429.0,116.7,114.8,78.0,66.0,1.0,1.0,0.0,0.0,0.0,0.0,0.0,0.0,1.0,1.0,0.0,0.0,0.0,1.0,1.0,1.0,True,False,False,False,False,False
25.85,EV-LAB-001,NORMAL_BASELINE,517,0.9898888468742371,0.9990459084510803,59,12,60,15,30,79.60000000000001,98.0,398.4,83.5,30.0,0.013,1.9,2.0,1.0,2.0,1.0,3431.0,116.1,116.4,77.0,66.0,1.0,1.0,0.0,0.0,0.0,0.0,0.0,0.0,1.0,1.0,0.0,0.0,0.0,1.0,1.0,1.0,True,False,False,False,False,False
25.9,EV-LAB-001,NORMAL_BASELINE,518,0.9898849725723267,0.9990460276603699,59,12,60,15,30,79.60000000000001,98.0,398.9,83.0,30.0,0.014,1.8,2.0,1.0,2.0,1.0,3434.0,116.1,115.1,77.0,65.0,1.0,1.0,0.0,0.0,0.0,0.0,0.0,0.0,1.0,1.0,0.0,0.0,0.0,1.0,1.0,1.0,True,False,False,False,False,False
25.95,EV-LAB-001,NORMAL_BASELINE,519,0.9898813366889954,0.999046266078949,59,12,60,15,30,79.60000000000001,98.0,398.6,82.9,30.0,0.014,2.0,2.0,1.0,2.0,1.0,3436.0,116.6,117.0,77.0,65.0,1.0,1.0,0.0,0.0,0.0,0.0,0.0,0.0,1.0,1.0,0.0,0.0,0.0,1.0,1.0,1.0,True,False,False,False,False,False
26.0,EV-LAB-001,NORMAL_BASELINE,520,0.9898776412010193,0.9990463852882385,59,12,60,15,30,79.60000000000001,98.0,398.0,78.2,31.0,0.014,1.6,2.0,1.0,2.0,1.0,3439.0,114.3,115.3,78.0,66.0,1.0,1.0,0.0,0.0,0.0,0.0,0.0,0.0,1.0,1.0,0.0,0.0,0.0,1.0,1.0,1.0,True,False,False,False,False,False
26.05,EV-LAB-001,NORMAL_BASELINE,521,0.9898741245269775,0.9990465044975281,59,12,60,15,30,79.60000000000001,98.0,398.2000000000001,82.2,30.0,0.012,2.2,2.0,1.0,2.0,1.0,3441.0,116.7,117.9,78.0,66.0,1.0,1.0,0.0,0.0,0.0,0.0,0.0,0.0,1.0,1.0,0.0,0.0,0.0,1.0,1.0,1.0,True,False,False,False,False,False
26.1,EV-LAB-001,NORMAL_BASELINE,522,0.9898706078529358,0.9990467429161072,59,12,60,15,30,79.60000000000001,98.0,398.5,81.7,30.0,0.012,1.8,2.0,1.0,2.0,1.0,3444.0,117.1,118.2,77.0,65.0,1.0,1.0,0.0,0.0,0.0,0.0,0.0,0.0,1.0,1.0,0.0,0.0,0.0,1.0,1.0,1.0,True,False,False,False,False,False
26.15,EV-LAB-001,NORMAL_BASELINE,523,0.9898673295974731,0.9990468621253967,59,12,60,15,30,79.60000000000001,98.0,399.3,80.60000000000001,30.0,0.01,1.9,2.0,1.0,2.0,1.0,3446.0,116.0,118.3,77.0,66.0,1.0,1.0,0.0,0.0,0.0,0.0,0.0,0.0,1.0,1.0,0.0,0.0,0.0,1.0,1.0,1.0,True,False,False,False,False,False
26.2,EV-LAB-001,NORMAL_BASELINE,524,0.989863932132721,0.9990469813346863,59,12,60,15,30,79.60000000000001,98.0,398.3,83.2,30.0,0.011,1.9,2.0,1.0,2.0,1.0,3448.0,118.4,120.8,77.0,66.0,1.0,1.0,0.0,0.0,0.0,0.0,0.0,0.0,1.0,1.0,0.0,0.0,0.0,1.0,1.0,1.0,True,False,False,False,False,False
26.25,EV-LAB-001,NORMAL_BASELINE,525,0.9898607730865479,0.9990472197532654,59,12,60,15,30,79.60000000000001,98.0,398.1,83.10000000000001,31.0,0.01,1.8,2.0,1.0,2.0,1.0,3450.0,117.0,116.8,79.0,66.0,1.0,1.0,0.0,0.0,0.0,0.0,0.0,0.0,1.0,1.0,0.0,0.0,0.0,1.0,1.0,1.0,True,False,False,False,False,False
26.3,EV-LAB-001,NORMAL_BASELINE,526,0.98985755443573,0.9990473389625549,59,12,60,15,30,79.60000000000001,98.0,398.8,84.30000000000001,30.0,0.011,1.8,2.0,1.0,2.0,1.0,3452.0,118.7,119.8,78.0,65.0,1.0,1.0,0.0,0.0,0.0,0.0,0.0,0.0,1.0,1.0,0.0,0.0,0.0,1.0,1.0,1.0,True,False,False,False,False,False
26.35,EV-LAB-001,NORMAL_BASELINE,527,0.9898543953895569,0.9990474581718445,59,12,60,15,30,79.60000000000001,98.0,398.3,85.10000000000001,30.0,0.011,2.0,2.0,1.0,2.0,1.0,3455.0,118.8,118.2,78.0,66.0,1.0,1.0,0.0,0.0,0.0,0.0,0.0,0.0,1.0,1.0,0.0,0.0,0.0,1.0,1.0,1.0,True,False,False,False,False,False
26.4,EV-LAB-001,NORMAL_BASELINE,528,0.9898513555526733,0.999047577381134,59,12,60,15,30,79.60000000000001,98.0,398.3,83.2,30.0,0.016,2.0,2.0,1.0,2.0,1.0,3457.0,118.4,115.8,77.0,65.0,1.0,1.0,0.0,0.0,0.0,0.0,0.0,0.0,1.0,1.0,0.0,0.0,0.0,1.0,1.0,1.0,True,False,False,False,False,False
26.45,EV-LAB-001,NORMAL_BASELINE,529,0.9898484349250793,0.9990478157997131,59,12,60,15,30,79.60000000000001,98.0,398.4,83.4,30.0,0.013,2.1,2.0,1.0,2.0,1.0,3459.0,118.8,118.3,78.0,66.0,1.0,1.0,0.0,0.0,0.0,0.0,0.0,0.0,1.0,1.0,0.0,0.0,0.0,1.0,1.0,1.0,True,False,False,False,False,False
26.5,EV-LAB-001,NORMAL_BASELINE,530,0.9898455142974854,0.9990479350090027,59,12,60,15,30,79.60000000000001,98.0,398.6,82.2,30.0,0.018,2.0,2.0,1.0,2.0,1.0,3461.0,118.4,118.0,78.0,66.0,1.0,1.0,0.0,0.0,0.0,0.0,0.0,0.0,1.0,1.0,0.0,0.0,0.0,1.0,1.0,1.0,True,False,False,False,False,False
26.55,EV-LAB-001,NORMAL_BASELINE,531,0.9898425936698914,0.9990480542182922,59,12,60,15,30,79.60000000000001,98.0,398.7000000000001,83.2,30.0,0.01,1.9,2.0,1.0,2.0,1.0,3463.0,118.0,118.1,78.0,66.0,1.0,1.0,0.0,0.0,0.0,0.0,0.0,0.0,1.0,1.0,0.0,0.0,0.0,1.0,1.0,1.0,True,False,False,False,False,False
26.6,EV-LAB-001,NORMAL_BASELINE,532,0.9898397922515869,0.9990481734275818,59,12,60,15,30,79.60000000000001,98.0,399.3,83.10000000000001,30.0,0.013,2.1,2.0,1.0,2.0,1.0,3464.0,116.6,118.4,77.0,67.0,1.0,1.0,0.0,0.0,0.0,0.0,0.0,0.0,1.0,1.0,0.0,0.0,0.0,1.0,1.0,1.0,True,False,False,False,False,False
26.65,EV-LAB-001,NORMAL_BASELINE,533,0.9898369908332825,0.9990482926368713,59,12,60,15,30,79.60000000000001,98.0,398.6,82.9,30.0,0.013,1.7000000000000002,2.0,1.0,2.0,1.0,3466.0,119.3,122.0,77.0,66.0,1.0,1.0,0.0,0.0,0.0,0.0,0.0,0.0,1.0,1.0,0.0,0.0,0.0,1.0,1.0,1.0,True,False,False,False,False,False
26.7,EV-LAB-001,NORMAL_BASELINE,534,0.9898343086242676,0.9990484118461609,59,12,60,15,30,79.60000000000001,98.0,398.8,80.60000000000001,30.0,0.008,2.1,2.0,1.0,2.0,1.0,3468.0,117.9,118.4,78.0,66.0,1.0,1.0,0.0,0.0,0.0,0.0,0.0,0.0,1.0,1.0,0.0,0.0,0.0,1.0,1.0,1.0,True,False,False,False,False,False
26.75,EV-LAB-001,NORMAL_BASELINE,535,0.9898316264152527,0.9990485310554504,59,12,60,15,30,79.60000000000001,98.0,398.1,82.2,30.0,0.014,1.9,2.0,1.0,2.0,1.0,3470.0,117.5,116.1,77.0,65.0,1.0,1.0,0.0,0.0,0.0,0.0,0.0,0.0,1.0,1.0,0.0,0.0,0.0,1.0,1.0,1.0,True,False,False,False,False,False
26.8,EV-LAB-001,NORMAL_BASELINE,536,0.989828884601593,0.99904865026474,59,12,60,15,30,79.60000000000001,98.0,398.8,82.10000000000001,30.0,0.016,1.7000000000000002,2.0,1.0,2.0,1.0,3472.0,118.4,119.4,77.0,65.0,1.0,1.0,0.0,0.0,0.0,0.0,0.0,0.0,1.0,1.0,0.0,0.0,0.0,1.0,1.0,1.0,True,False,False,False,False,False
26.85,EV-LAB-001,NORMAL_BASELINE,537,0.9898263216018677,0.9990487694740295,59,12,60,15,30,79.60000000000001,98.0,398.3,81.5,30.0,0.012,2.0,2.0,1.0,2.0,1.0,3474.0,117.5,116.6,77.0,66.0,1.0,1.0,0.0,0.0,0.0,0.0,0.0,0.0,1.0,1.0,0.0,0.0,0.0,1.0,1.0,1.0,True,False,False,False,False,False
26.9,EV-LAB-001,NORMAL_BASELINE,538,0.9898237586021423,0.9990488886833191,59,12,60,15,30,79.60000000000001,98.0,398.1,82.0,30.0,0.012,2.0,2.0,1.0,2.0,1.0,3475.0,119.1,117.6,78.0,66.0,1.0,1.0,0.0,0.0,0.0,0.0,0.0,0.0,1.0,1.0,0.0,0.0,0.0,1.0,1.0,1.0,True,False,False,False,False,False
26.95,EV-LAB-001,NORMAL_BASELINE,539,0.9898213148117065,0.9990490078926086,59,12,60,15,30,79.60000000000001,98.0,400.0,82.80000000000001,30.0,0.009,2.0,2.0,1.0,2.0,1.0,3477.0,118.4,120.7,78.0,66.0,1.0,1.0,0.0,0.0,0.0,0.0,0.0,0.0,1.0,1.0,0.0,0.0,0.0,1.0,1.0,1.0,True,False,False,False,False,False
27.0,EV-LAB-001,NORMAL_BASELINE,540,0.9898188710212708,0.9990491271018982,59,12,60,15,30,79.60000000000001,98.0,397.9,82.5,30.0,0.014,2.0,2.0,1.0,2.0,1.0,3479.0,118.1,116.7,79.0,65.0,1.0,1.0,0.0,0.0,0.0,0.0,0.0,0.0,1.0,1.0,0.0,0.0,0.0,1.0,1.0,1.0,True,False,False,False,False,False
27.05,EV-LAB-001,NORMAL_BASELINE,541,0.989816427230835,0.9990492463111877,59,12,60,15,30,79.60000000000001,98.0,398.8,84.9,30.0,0.011,1.8,2.0,1.0,2.0,1.0,3481.0,119.0,117.8,78.0,65.0,1.0,1.0,0.0,0.0,0.0,0.0,0.0,0.0,1.0,1.0,0.0,0.0,0.0,1.0,1.0,1.0,True,False,False,False,False,False
27.1,EV-LAB-001,NORMAL_BASELINE,542,0.9898139834403992,0.9990493655204773,59,12,60,15,30,79.60000000000001,98.0,398.0,84.30000000000001,30.0,0.014,1.9,2.0,1.0,2.0,1.0,3482.0,119.4,118.2,78.0,67.0,1.0,1.0,0.0,0.0,0.0,0.0,0.0,0.0,1.0,1.0,0.0,0.0,0.0,1.0,1.0,1.0,True,False,False,False,False,False
27.15,EV-LAB-001,NORMAL_BASELINE,543,0.9898115992546082,0.9990494847297668,59,12,60,15,30,79.60000000000001,98.0,398.0,81.4,30.0,0.012,1.9,2.0,1.0,2.0,1.0,3484.0,118.1,116.7,78.0,66.0,1.0,1.0,0.0,0.0,0.0,0.0,0.0,0.0,1.0,1.0,0.0,0.0,0.0,1.0,1.0,1.0,True,False,False,False,False,False
27.2,EV-LAB-001,NORMAL_BASELINE,544,0.9898092746734619,0.9990496039390564,59,12,60,15,30,79.60000000000001,98.0,399.2000000000001,84.4,30.0,0.012,2.3000000000000003,2.0,1.0,2.0,1.0,3486.0,120.1,121.3,78.0,66.0,1.0,1.0,0.0,0.0,0.0,0.0,0.0,0.0,1.0,1.0,0.0,0.0,0.0,1.0,1.0,1.0,True,False,False,False,False,False
27.25,EV-LAB-001,NORMAL_BASELINE,545,0.9898069500923157,0.999049723148346,59,12,60,15,30,79.60000000000001,98.0,398.4,84.4,30.0,0.014,1.9,2.0,1.0,2.0,1.0,3487.0,120.1,122.8,78.0,67.0,1.0,1.0,0.0,0.0,0.0,0.0,0.0,0.0,1.0,1.0,0.0,0.0,0.0,1.0,1.0,1.0,True,False,False,False,False,False
27.3,EV-LAB-001,NORMAL_BASELINE,546,0.9898046255111694,0.9990498423576355,59,12,60,15,30,79.60000000000001,98.0,399.1,82.10000000000001,30.0,0.012,2.0,2.0,1.0,2.0,1.0,3489.0,118.1,118.4,78.0,66.0,1.0,1.0,0.0,0.0,0.0,0.0,0.0,0.0,1.0,1.0,0.0,0.0,0.0,1.0,1.0,1.0,True,False,False,False,False,False
27.35,EV-LAB-001,NORMAL_BASELINE,547,0.9898023009300232,0.999049961566925,59,12,60,15,30,79.60000000000001,98.0,398.0,83.4,30.0,0.016,1.8,2.0,1.0,2.0,1.0,3491.0,120.2,119.1,78.0,66.0,1.0,1.0,0.0,0.0,0.0,0.0,0.0,0.0,1.0,1.0,0.0,0.0,0.0,1.0,1.0,1.0,True,False,False,False,False,False
27.4,EV-LAB-001,NORMAL_BASELINE,548,0.9898000359535217,0.999049961566925,59,12,60,15,30,79.60000000000001,98.0,397.7000000000001,85.10000000000001,30.0,0.014,1.7000000000000002,2.0,1.0,2.0,1.0,3492.0,120.8,119.4,79.0,66.0,1.0,1.0,0.0,0.0,0.0,0.0,0.0,0.0,1.0,1.0,0.0,0.0,0.0,1.0,1.0,1.0,True,False,False,False,False,False
27.45,EV-LAB-001,NORMAL_BASELINE,549,0.9897977113723755,0.9990500807762146,59,12,60,15,30,79.60000000000001,98.0,398.7000000000001,84.60000000000001,30.0,0.012,2.1,2.0,1.0,2.0,1.0,3494.0,119.2,116.9,78.0,67.0,1.0,1.0,0.0,0.0,0.0,0.0,0.0,0.0,1.0,1.0,0.0,0.0,0.0,1.0,1.0,1.0,True,False,False,False,False,False
27.5,EV-LAB-001,NORMAL_BASELINE,550,0.9897955060005188,0.9990501999855042,59,12,60,15,30,79.60000000000001,98.0,398.3,82.0,30.0,0.014,2.1,2.0,1.0,2.0,1.0,3496.0,119.4,119.5,78.0,66.0,1.0,1.0,0.0,0.0,0.0,0.0,0.0,0.0,1.0,1.0,0.0,0.0,0.0,1.0,1.0,1.0,True,False,False,False,False,False
27.55,EV-LAB-001,NORMAL_BASELINE,551,0.9897931814193726,0.9990503191947937,59,12,60,15,30,79.60000000000001,98.0,398.6,87.10000000000001,30.0,0.015,2.0,2.0,1.0,2.0,1.0,3497.0,121.0,121.7,78.0,66.0,1.0,1.0,0.0,0.0,0.0,0.0,0.0,0.0,1.0,1.0,0.0,0.0,0.0,1.0,1.0,1.0,True,False,False,False,False,False
27.6,EV-LAB-001,NORMAL_BASELINE,552,0.9897909760475159,0.9990504384040833,59,12,60,15,30,79.60000000000001,98.0,398.8,84.80000000000001,30.0,0.013,2.0,2.0,1.0,2.0,1.0,3499.0,120.1,117.8,78.0,66.0,1.0,1.0,0.0,0.0,0.0,0.0,0.0,0.0,1.0,1.0,0.0,0.0,0.0,1.0,1.0,1.0,True,False,False,False,False,False
27.65,EV-LAB-001,NORMAL_BASELINE,553,0.9897887110710144,0.9990505576133728,59,12,60,15,30,79.60000000000001,98.0,398.6,83.60000000000001,30.0,0.009,2.1,2.0,1.0,2.0,1.0,3501.0,119.4,120.2,78.0,66.0,1.0,1.0,0.0,0.0,0.0,0.0,0.0,0.0,1.0,1.0,0.0,0.0,0.0,1.0,1.0,1.0,True,False,False,False,False,False
27.7,EV-LAB-001,NORMAL_BASELINE,554,0.9897865056991577,0.9990506768226624,59,12,60,15,30,79.60000000000001,98.0,399.1,82.7,30.0,0.011,2.1,2.0,1.0,2.0,1.0,3503.0,119.8,118.9,78.0,66.0,1.0,1.0,0.0,0.0,0.0,0.0,0.0,0.0,1.0,1.0,0.0,0.0,0.0,1.0,1.0,1.0,True,False,False,False,False,False
27.75,EV-LAB-001,NORMAL_BASELINE,555,0.989784300327301,0.9990507960319519,59,12,60,15,30,79.60000000000001,98.0,398.6,85.4,30.0,0.014,1.9,2.0,1.0,2.0,1.0,3504.0,120.7,120.4,78.0,66.0,1.0,1.0,0.0,0.0,0.0,0.0,0.0,0.0,1.0,1.0,0.0,0.0,0.0,1.0,1.0,1.0,True,False,False,False,False,False
27.8,EV-LAB-001,NORMAL_BASELINE,556,0.9897819757461548,0.9990507960319519,59,12,60,15,30,79.60000000000001,98.0,397.6,82.7,30.0,0.013,2.3000000000000003,2.0,1.0,2.0,1.0,3506.0,120.5,121.7,78.0,67.0,1.0,1.0,0.0,0.0,0.0,0.0,0.0,0.0,1.0,1.0,0.0,0.0,0.0,1.0,1.0,1.0,True,False,False,False,False,False
27.85,EV-LAB-001,NORMAL_BASELINE,557,0.9897797703742981,0.9990509152412415,59,12,60,15,30,79.60000000000001,98.0,398.3,86.60000000000001,30.0,0.011,2.1,2.0,1.0,2.0,1.0,3508.0,121.9,121.5,78.0,66.0,1.0,1.0,0.0,0.0,0.0,0.0,0.0,0.0,1.0,1.0,0.0,0.0,0.0,1.0,1.0,1.0,True,False,False,False,False,False
27.9,EV-LAB-001,NORMAL_BASELINE,558,0.9897773861885071,0.999051034450531,59,12,60,15,30,79.60000000000001,98.0,398.6,84.0,30.0,0.011,2.0,2.0,1.0,2.0,1.0,3510.0,118.1,115.7,77.0,66.0,1.0,1.0,0.0,0.0,0.0,0.0,0.0,0.0,1.0,1.0,0.0,0.0,0.0,1.0,1.0,1.0,True,False,False,False,False,False
27.95,EV-LAB-001,NORMAL_BASELINE,559,0.9897751808166504,0.9990511536598206,59,12,60,15,30,79.60000000000001,98.0,397.7000000000001,84.5,30.0,0.01,2.0,2.0,1.0,2.0,1.0,3511.0,122.7,123.5,79.0,66.0,1.0,1.0,0.0,0.0,0.0,0.0,0.0,0.0,1.0,1.0,0.0,0.0,0.0,1.0,1.0,1.0,True,False,False,False,False,False
28.0,EV-LAB-001,NORMAL_BASELINE,560,0.9897728562355042,0.9990512728691101,59,12,60,15,30,79.60000000000001,98.0,398.6,86.10000000000001,30.0,0.01,2.0,2.0,1.0,2.0,1.0,3513.0,121.2,120.1,79.0,66.0,1.0,1.0,0.0,0.0,0.0,0.0,0.0,0.0,1.0,1.0,0.0,0.0,0.0,1.0,1.0,1.0,True,False,False,False,False,False
28.05,EV-LAB-001,NORMAL_BASELINE,561,0.9897705316543579,0.9990513920783997,59,12,60,15,30,79.60000000000001,98.0,398.7000000000001,86.10000000000001,30.0,0.013,2.2,2.0,1.0,2.0,1.0,3515.0,121.0,120.6,78.0,67.0,1.0,1.0,0.0,0.0,0.0,0.0,0.0,0.0,1.0,1.0,0.0,0.0,0.0,1.0,1.0,1.0,True,False,False,False,False,False
28.1,EV-LAB-001,NORMAL_BASELINE,562,0.9897682070732117,0.9990515112876892,59,12,60,15,30,79.60000000000001,98.0,398.7000000000001,85.2,30.0,0.014,1.9,2.0,1.0,2.0,1.0,3517.0,120.8,119.7,78.0,66.0,1.0,1.0,0.0,0.0,0.0,0.0,0.0,0.0,1.0,1.0,0.0,0.0,0.0,1.0,1.0,1.0,True,False,False,False,False,False
28.15,EV-LAB-001,NORMAL_BASELINE,563,0.9897658228874207,0.9990516304969788,59,12,60,15,30,79.60000000000001,98.0,398.6,81.7,30.0,0.012,1.8,2.0,1.0,2.0,1.0,3519.0,119.4,119.3,79.0,66.0,1.0,1.0,0.0,0.0,0.0,0.0,0.0,0.0,1.0,1.0,0.0,0.0,0.0,1.0,1.0,1.0,True,False,False,False,False,False
28.2,EV-LAB-001,NORMAL_BASELINE,564,0.9897633790969849,0.9990517497062683,59,12,60,15,30,79.60000000000001,98.0,398.2000000000001,85.0,30.0,0.012,1.9,2.0,1.0,2.0,1.0,3520.0,120.0,120.4,78.0,66.0,1.0,1.0,0.0,0.0,0.0,0.0,0.0,0.0,1.0,1.0,0.0,0.0,0.0,1.0,1.0,1.0,True,False,False,False,False,False
28.25,EV-LAB-001,NORMAL_BASELINE,565,0.9897609353065491,0.9990518689155579,59,12,60,15,30,79.60000000000001,98.0,398.2000000000001,87.30000000000001,30.0,0.01,2.0,2.0,1.0,2.0,1.0,3522.0,123.5,122.1,78.0,67.0,1.0,1.0,0.0,0.0,0.0,0.0,0.0,0.0,1.0,1.0,0.0,0.0,0.0,1.0,1.0,1.0,True,False,False,False,False,False
28.3,EV-LAB-001,NORMAL_BASELINE,566,0.9897584915161133,0.9990518689155579,59,12,60,15,30,79.60000000000001,98.0,398.1,85.7,30.0,0.009,1.8,2.0,1.0,2.0,1.0,3524.0,122.5,121.3,77.0,66.0,1.0,1.0,0.0,0.0,0.0,0.0,0.0,0.0,1.0,1.0,0.0,0.0,0.0,1.0,1.0,1.0,True,False,False,False,False,False
28.35,EV-LAB-001,NORMAL_BASELINE,567,0.9897560477256775,0.9990519881248474,59,12,60,15,30,79.60000000000001,98.0,398.5,85.7,30.0,0.011,1.7000000000000002,2.0,1.0,2.0,1.0,3526.0,120.9,118.8,77.0,66.0,1.0,1.0,0.0,0.0,0.0,0.0,0.0,0.0,1.0,1.0,0.0,0.0,0.0,1.0,1.0,1.0,True,False,False,False,False,False
28.4,EV-LAB-001,NORMAL_BASELINE,568,0.9897536039352417,0.999052107334137,59,12,60,15,30,79.60000000000001,98.0,398.3,83.7,30.0,0.014,2.0,2.0,1.0,2.0,1.0,3528.0,119.6,118.0,79.0,67.0,1.0,1.0,0.0,0.0,0.0,0.0,0.0,0.0,1.0,1.0,0.0,0.0,0.0,1.0,1.0,1.0,True,False,False,False,False,False
28.45,EV-LAB-001,NORMAL_BASELINE,569,0.9897510409355164,0.9990522265434265,59,12,60,15,30,79.60000000000001,98.0,398.1,83.7,30.0,0.013,2.0,2.0,1.0,2.0,1.0,3530.0,121.4,120.8,77.0,66.0,1.0,1.0,0.0,0.0,0.0,0.0,0.0,0.0,1.0,1.0,0.0,0.0,0.0,1.0,1.0,1.0,True,False,False,False,False,False
28.5,EV-LAB-001,NORMAL_BASELINE,570,0.9897484183311462,0.9990523457527161,59,12,60,15,30,79.60000000000001,98.0,398.2000000000001,83.5,30.0,0.014,2.0,2.0,1.0,2.0,1.0,3532.0,121.2,119.4,78.0,67.0,1.0,1.0,0.0,0.0,0.0,0.0,0.0,0.0,1.0,1.0,0.0,0.0,0.0,1.0,1.0,1.0,True,False,False,False,False,False
28.55,EV-LAB-001,NORMAL_BASELINE,571,0.9897457361221313,0.9990524649620056,59,12,60,15,30,79.60000000000001,98.0,398.5,87.80000000000001,30.0,0.014,1.8,2.0,1.0,2.0,1.0,3534.0,122.3,124.6,78.0,66.0,1.0,1.0,0.0,0.0,0.0,0.0,0.0,0.0,1.0,1.0,0.0,0.0,0.0,1.0,1.0,1.0,True,False,False,False,False,False
28.6,EV-LAB-001,NORMAL_BASELINE,572,0.9897430539131165,0.9990525841712952,59,12,60,15,30,79.60000000000001,98.0,398.7000000000001,84.4,30.0,0.012,1.6,2.0,1.0,2.0,1.0,3537.0,120.3,120.6,78.0,67.0,1.0,1.0,0.0,0.0,0.0,0.0,0.0,0.0,1.0,1.0,0.0,0.0,0.0,1.0,1.0,1.0,True,False,False,False,False,False
28.65,EV-LAB-001,NORMAL_BASELINE,573,0.9897403717041016,0.9990527033805847,59,12,60,15,30,79.60000000000001,98.0,398.3,86.9,30.0,0.015,2.3000000000000003,2.0,1.0,2.0,1.0,3539.0,122.8,122.1,78.0,67.0,1.0,1.0,0.0,0.0,0.0,0.0,0.0,0.0,1.0,1.0,0.0,0.0,0.0,1.0,1.0,1.0,True,False,False,False,False,False
28.7,EV-LAB-001,NORMAL_BASELINE,574,0.9897376894950867,0.9990528225898743,59,12,60,15,30,79.60000000000001,98.0,398.3,84.4,30.0,0.011,1.8,2.0,1.0,2.0,1.0,3541.0,122.7,123.7,78.0,66.0,1.0,1.0,0.0,0.0,0.0,0.0,0.0,0.0,1.0,1.0,0.0,0.0,0.0,1.0,1.0,1.0,True,False,False,False,False,False
28.75,EV-LAB-001,NORMAL_BASELINE,575,0.9897348880767822,0.9990530610084534,59,12,60,15,30,79.60000000000001,98.0,399.0,87.4,30.0,0.011,2.1,2.0,1.0,2.0,1.0,3543.0,121.0,121.2,78.0,67.0,1.0,1.0,0.0,0.0,0.0,0.0,0.0,0.0,1.0,1.0,0.0,0.0,0.0,1.0,1.0,1.0,True,False,False,False,False,False
28.8,EV-LAB-001,NORMAL_BASELINE,576,0.9897320866584778,0.9990531802177429,59,12,60,15,30,79.60000000000001,98.0,397.7000000000001,86.2,31.0,0.01,2.2,2.0,1.0,2.0,1.0,3545.0,121.7,121.3,78.0,66.0,1.0,1.0,0.0,0.0,0.0,0.0,0.0,0.0,1.0,1.0,0.0,0.0,0.0,1.0,1.0,1.0,True,False,False,False,False,False
28.85,EV-LAB-001,NORMAL_BASELINE,577,0.9897291660308838,0.9990532994270325,59,12,60,15,30,79.60000000000001,98.0,399.0,87.2,30.0,0.015,1.7000000000000002,2.0,1.0,2.0,1.0,3548.0,122.8,121.4,78.0,67.0,1.0,1.0,0.0,0.0,0.0,0.0,0.0,0.0,1.0,1.0,0.0,0.0,0.0,1.0,1.0,1.0,True,False,False,False,False,False
28.9,EV-LAB-001,NORMAL_BASELINE,578,0.9897262454032898,0.999053418636322,59,12,60,15,30,79.60000000000001,98.0,398.9,86.10000000000001,30.0,0.011,2.3000000000000003,2.0,1.0,2.0,1.0,3550.0,122.2,120.0,78.0,66.0,1.0,1.0,0.0,0.0,0.0,0.0,0.0,0.0,1.0,1.0,0.0,0.0,0.0,1.0,1.0,1.0,True,False,False,False,False,False
28.95,EV-LAB-001,NORMAL_BASELINE,579,0.9897233247756958,0.9990535378456116,59,12,60,15,30,79.60000000000001,98.0,398.5,85.7,30.0,0.008,2.2,2.0,1.0,2.0,1.0,3552.0,123.0,124.4,78.0,66.0,1.0,1.0,0.0,0.0,0.0,0.0,0.0,0.0,1.0,1.0,0.0,0.0,0.0,1.0,1.0,1.0,True,False,False,False,False,False
29.0,EV-LAB-001,NORMAL_BASELINE,580,0.9897202849388123,0.9990536570549011,59,12,60,15,30,79.60000000000001,98.0,399.0,83.60000000000001,30.0,0.013,2.1,2.0,1.0,2.0,1.0,3555.0,121.5,120.0,79.0,66.0,1.0,1.0,0.0,0.0,0.0,0.0,0.0,0.0,1.0,1.0,0.0,0.0,0.0,1.0,1.0,1.0,True,False,False,False,False,False
29.05,EV-LAB-001,NORMAL_BASELINE,581,0.9897171258926392,0.9990537762641907,59,12,60,15,30,79.60000000000001,98.0,398.7000000000001,86.5,30.0,0.011,2.1,2.0,1.0,2.0,1.0,3557.0,123.6,123.0,78.0,66.0,1.0,1.0,0.0,0.0,0.0,0.0,0.0,0.0,1.0,1.0,0.0,0.0,0.0,1.0,1.0,1.0,True,False,False,False,False,False
29.1,EV-LAB-001,NORMAL_BASELINE,582,0.9897140860557556,0.9990538954734802,59,12,60,15,30,79.60000000000001,98.0,398.3,85.2,30.0,0.011,1.8,2.0,1.0,2.0,1.0,3560.0,121.5,122.6,78.0,66.0,1.0,1.0,0.0,0.0,0.0,0.0,0.0,0.0,1.0,1.0,0.0,0.0,0.0,1.0,1.0,1.0,True,False,False,False,False,False
29.15,EV-LAB-001,NORMAL_BASELINE,583,0.9897109866142273,0.9990541338920593,59,12,60,15,30,79.60000000000001,98.0,399.5,87.4,30.0,0.01,2.1,2.0,1.0,2.0,1.0,3562.0,121.4,125.7,78.0,66.0,1.0,1.0,0.0,0.0,0.0,0.0,0.0,0.0,1.0,1.0,0.0,0.0,0.0,1.0,1.0,1.0,True,False,False,False,False,False
29.2,EV-LAB-001,NORMAL_BASELINE,584,0.9897077083587646,0.9990542531013489,59,12,60,15,30,79.60000000000001,98.0,398.5,85.30000000000001,30.0,0.011,1.9,2.0,1.0,2.0,1.0,3565.0,122.4,119.7,79.0,67.0,1.0,1.0,0.0,0.0,0.0,0.0,0.0,0.0,1.0,1.0,0.0,0.0,0.0,1.0,1.0,1.0,True,False,False,False,False,False
29.25,EV-LAB-001,NORMAL_BASELINE,585,0.989704430103302,0.9990543723106384,59,12,60,15,30,79.60000000000001,98.0,398.6,83.9,30.0,0.012,2.0,2.0,1.0,2.0,1.0,3567.0,121.3,117.2,78.0,67.0,1.0,1.0,0.0,0.0,0.0,0.0,0.0,0.0,1.0,1.0,0.0,0.0,0.0,1.0,1.0,1.0,True,False,False,False,False,False
29.3,EV-LAB-001,NORMAL_BASELINE,586,0.9897011518478394,0.999054491519928,59,12,60,15,30,79.60000000000001,98.0,398.3,86.7,30.0,0.014,2.0,2.0,1.0,2.0,1.0,3570.0,123.6,121.7,79.0,67.0,1.0,1.0,0.0,0.0,0.0,0.0,0.0,0.0,1.0,1.0,0.0,0.0,0.0,1.0,1.0,1.0,True,False,False,False,False,False
29.35,EV-LAB-001,NORMAL_BASELINE,587,0.9896977543830872,0.9990547299385071,59,12,60,15,30,79.60000000000001,98.0,399.1,87.0,30.0,0.014,2.1,2.0,1.0,2.0,1.0,3573.0,121.5,117.5,78.0,67.0,1.0,1.0,0.0,0.0,0.0,0.0,0.0,0.0,1.0,1.0,0.0,0.0,0.0,1.0,1.0,1.0,True,False,False,False,False,False
29.4,EV-LAB-001,NORMAL_BASELINE,588,0.9896942377090454,0.9990548491477966,59,12,60,15,30,79.60000000000001,98.0,398.4,87.0,30.0,0.014,1.9,2.0,1.0,2.0,1.0,3575.0,124.1,123.7,77.0,66.0,1.0,1.0,0.0,0.0,0.0,0.0,0.0,0.0,1.0,1.0,0.0,0.0,0.0,1.0,1.0,1.0,True,False,False,False,False,False
29.45,EV-LAB-001,NORMAL_BASELINE,589,0.9896907806396484,0.9990549683570862,59,12,60,15,30,79.60000000000001,98.0,398.4,88.10000000000001,30.0,0.013,2.2,2.0,1.0,2.0,1.0,3578.0,123.8,122.2,79.0,66.0,1.0,1.0,0.0,0.0,0.0,0.0,0.0,0.0,1.0,1.0,0.0,0.0,0.0,1.0,1.0,1.0,True,False,False,False,False,False
29.5,EV-LAB-001,NORMAL_BASELINE,590,0.9896872639656067,0.9990552067756653,59,12,60,15,30,79.60000000000001,98.0,398.7000000000001,87.10000000000001,30.0,0.01,1.9,2.0,1.0,2.0,1.0,3581.0,122.9,120.2,79.0,67.0,1.0,1.0,0.0,0.0,0.0,0.0,0.0,0.0,1.0,1.0,0.0,0.0,0.0,1.0,1.0,1.0,True,False,False,False,False,False
29.55,EV-LAB-001,NORMAL_BASELINE,591,0.9896836280822754,0.9990553259849548,59,12,60,15,30,79.60000000000001,98.0,398.7000000000001,84.2,30.0,0.012,1.9,2.0,1.0,2.0,1.0,3584.0,121.9,121.2,78.0,67.0,1.0,1.0,0.0,0.0,0.0,0.0,0.0,0.0,1.0,1.0,0.0,0.0,0.0,1.0,1.0,1.0,True,False,False,False,False,False
29.6,EV-LAB-001,NORMAL_BASELINE,592,0.9896798729896545,0.9990554451942444,59,12,60,15,30,79.60000000000001,98.0,398.6,86.0,30.0,0.013,2.1,2.0,1.0,2.0,1.0,3586.0,123.5,125.3,79.0,67.0,1.0,1.0,0.0,0.0,0.0,0.0,0.0,0.0,1.0,1.0,0.0,0.0,0.0,1.0,1.0,1.0,True,False,False,False,False,False
29.65,EV-LAB-001,NORMAL_BASELINE,593,0.989676296710968,0.9990556836128235,59,12,60,15,30,79.60000000000001,98.0,398.9,84.7,30.0,0.011,2.0,2.0,1.0,2.0,1.0,3589.0,121.0,122.7,78.0,66.0,1.0,1.0,0.0,0.0,0.0,0.0,0.0,0.0,1.0,1.0,0.0,0.0,0.0,1.0,1.0,1.0,True,False,False,False,False,False
29.7,EV-LAB-001,NORMAL_BASELINE,594,0.9896725416183472,0.999055802822113,59,12,60,15,30,79.60000000000001,98.0,399.1,86.80000000000001,30.0,0.013,1.9,2.0,1.0,2.0,1.0,3592.0,122.5,122.2,80.0,67.0,1.0,1.0,0.0,0.0,0.0,0.0,0.0,0.0,1.0,1.0,0.0,0.0,0.0,1.0,1.0,1.0,True,False,False,False,False,False
29.75,EV-LAB-001,NORMAL_BASELINE,595,0.9896687865257263,0.9990560412406921,59,12,60,15,30,79.60000000000001,98.0,397.9,88.10000000000001,30.0,0.012,2.0,2.0,1.0,2.0,1.0,3595.0,123.8,124.4,79.0,66.0,1.0,1.0,0.0,0.0,0.0,0.0,0.0,0.0,1.0,1.0,0.0,0.0,0.0,1.0,1.0,1.0,True,False,False,False,False,False
29.8,EV-LAB-001,NORMAL_BASELINE,596,0.9896649718284607,0.9990561604499817,59,12,60,15,30,79.60000000000001,98.0,398.1,84.9,30.0,0.011,2.3000000000000003,2.0,1.0,2.0,1.0,3598.0,123.6,124.9,80.0,66.0,1.0,1.0,0.0,0.0,0.0,0.0,0.0,0.0,1.0,1.0,0.0,0.0,0.0,1.0,1.0,1.0,True,False,False,False,False,False
29.85,EV-LAB-001,NORMAL_BASELINE,597,0.9896610975265503,0.9990562796592712,59,12,60,15,30,79.60000000000001,98.0,398.3,85.30000000000001,30.0,0.013,2.1,2.0,1.0,2.0,1.0,3601.0,122.9,122.8,79.0,67.0,1.0,1.0,0.0,0.0,0.0,0.0,0.0,0.0,1.0,1.0,0.0,0.0,0.0,1.0,1.0,1.0,True,False,False,False,False,False
29.9,EV-LAB-001,NORMAL_BASELINE,598,0.9896571040153503,0.9990565180778503,59,12,60,15,30,79.60000000000001,98.0,398.3,88.60000000000001,30.0,0.012,1.9,2.0,1.0,2.0,1.0,3604.0,124.0,126.2,78.0,66.0,1.0,1.0,0.0,0.0,0.0,0.0,0.0,0.0,1.0,1.0,0.0,0.0,0.0,1.0,1.0,1.0,True,False,False,False,False,False
29.95,EV-LAB-001,NORMAL_BASELINE,599,0.9896532893180847,0.9990566372871399,59,12,60,15,30,79.60000000000001,98.0,399.0,85.5,30.0,0.01,1.9,2.0,1.0,2.0,1.0,3607.0,122.5,124.5,79.0,67.0,1.0,1.0,0.0,0.0,0.0,0.0,0.0,0.0,1.0,1.0,0.0,0.0,0.0,1.0,1.0,1.0,True,False,False,False,False,False
