experiment_id,row_index,step,timestamp_s,vehicle_id,scenario,ground_truth_class,ground_truth_reason,ground_truth_label_source,real_world_cyberattack_label,synthetic_cyber_label,laboratory_generated,physical_vehicle,direct_vehicle_actuation,live_cortex_xdr_api,model_retraining,requirement_evaluation_count,requirement_pass_count,requirement_fail_count,requirement_not_evaluable_count,requirement_unknown_count,all_requirements_pass,prediction_available,prediction_source_row,y3_probability,y6_probability,source_feature_sha256,source_requirement_sha256,source_prediction_sha256,feature__timestamp_s,feature__step,feature__VehicleSpeed,feature__WheelSpeedFL,feature__WheelSpeedFR,feature__SteeringAngle,feature__LongitudinalAcceleration,feature__LateralAcceleration,feature__YawRate,feature__speed_wheel_speed_error,feature__steering_yaw_joint_magnitude,feature__Accelerator,feature__BrakePressure,feature__BrakeStatus,feature__RegenCommand,feature__VCUState,feature__MotorRPM,feature__TorqueCommand,feature__RegenAvailable,feature__TorqueFeedback,feature__MotorTemperature,feature__InverterTemperature,feature__InverterState,feature__SOC,feature__SOH,feature__HVVoltage,feature__HVCurrent,feature__BatteryTemperature,feature__CellVoltageDeviation,feature__CellTemperatureDeviation,feature__BMSState,feature__IsolationStatus,feature__ContactorState,feature__PrechargeState,feature__ChargingState,feature__ConnectorState,feature__ChargeCurrent,feature__VCUHeartbeat,feature__BMSHeartbeat,feature__InverterHeartbeat,feature__GatewayHeartbeat,feature__SequenceCounter,feature__RCMHeartbeat,feature__OccupantSensorHeartbeat,feature__RestraintGatewayHeartbeat,feature__RestraintSequenceCounter,feature__can_frame_interval_s,feature__DiagnosticState,feature__IntegrityStatus,feature__GatewayIntegrity,feature__DriverSeatbelt,feature__PassengerSeatbelt,feature__DriverPretensioner,feature__PassengerPretensioner,feature__RolloverStatus,feature__RestraintDiagnostic,feature__RestraintIntegrity,feature__RestraintSequence,feature__DriverAirbag,feature__PassengerAirbag,feature__SideAirbag,feature__CurtainAirbag,feature__ImpactSeverity,feature__DriverOccupant,feature__PassengerOccupant,feature__DriverPosition,feature__PassengerPosition,feature__CrashEventStatus,feature__AuxBatteryVoltage,feature__AuxBatteryStatus,feature__cp_speed_consistency_error,feature__cp_brake_consistency_error,feature__cp_torque_tracking_error,feature__cp_steering_yaw_consistency,feature__cp_hv_power_kw,feature__cp_battery_temperature_abs,feature__accelerator_torque_joint,feature__laboratory_generated,feature__physical_vehicle,feature__direct_actuation,previous_record_hash,record_hash
P5_8_0000,0,0,0.0,EV-LAB-001,NORMAL_BASELINE,NORMAL_LABORATORY_STATE,all_lab_rules_within_thresholds,DETERMINISTIC_LABORATORY_RULES,False,False,True,False,False,False,False,40,40,0,0,0,True,False,,nan,nan,4042ad1036ad8c06577ccdadc7323ef31cbcb321ec481f9518351a66d8ce373d,0a58960f6142fad4876a7eacf986c1d59f503dc47c53559a858505232b3c6bcf,f8b5283c3e85f1bc8b4e6e3bde6cc88ee2c61eb45dc03299a6432a593d0fcd03,0.0,0.0,60.0,60.24,59.79,0.0,2.0,0.0,0.0,0.015000000000000568,0.0,32.0,0.0,0.0,4.800000000000001,2.0,3300.0,114.30000000000001,1.0,112.0,77.0,65.0,2.0,80.0,98.0,398.8,79.7,30.0,0.012,2.0,2.0,1.0,1.0,2.0,0.0,0.0,0.0,1.0,1.0,1.0,1.0,0.0,1.0,1.0,1.0,0.0,0.05,0.0,1.0,1.0,1.0,1.0,0.0,0.0,0.0,0.0,1.0,0.0,0.0,0.0,0.0,0.0,0.0,1.0,1.0,50.0,50.0,0.0,12.6,1.0,0.015000000000000568,0.0,2.3000000000000114,0.0,31.78436,30.0,3657.6000000000004,True,False,False,GROUND_TRUTH_GENESIS,0c9f29f79a5880ef837134e6907601df60b9b9894384a8ade3440dae1ac31347
P5_8_0001,1,1,0.05,EV-LAB-001,NORMAL_BASELINE,NORMAL_LABORATORY_STATE,all_lab_rules_within_thresholds,DETERMINISTIC_LABORATORY_RULES,False,False,True,False,False,False,False,40,40,0,0,0,True,False,,nan,nan,b179e24dc57f80403b2e58960b2115306cf4e6b94fed5bbc3c034c5a9f6ef185,0a58960f6142fad4876a7eacf986c1d59f503dc47c53559a858505232b3c6bcf,f8b5283c3e85f1bc8b4e6e3bde6cc88ee2c61eb45dc03299a6432a593d0fcd03,0.05,1.0,60.160000000000004,60.35,59.88,0.1,0.32,0.0,0.1,0.045000000000001705,0.2,32.0,0.0,0.0,4.800000000000001,2.0,3309.0,114.60000000000001,1.0,114.4,76.0,65.0,2.0,80.0,98.0,398.8,78.7,30.0,0.013000000000000001,2.1,2.0,1.0,1.0,2.0,0.0,0.0,0.0,1.0,1.0,1.0,1.0,1.0,1.0,1.0,1.0,1.0,0.05,0.0,1.0,1.0,1.0,1.0,0.0,0.0,0.0,0.0,1.0,1.0,0.0,0.0,0.0,0.0,0.0,1.0,1.0,50.0,50.0,0.0,12.61,1.0,0.045000000000001705,0.0,0.20000000000000284,0.2,31.38556,30.0,3667.2000000000003,True,False,False,0c9f29f79a5880ef837134e6907601df60b9b9894384a8ade3440dae1ac31347,0916f83c1a41b229893688541c9abc4374c454a8ae2c09ea5bc09330540bf89b
P5_8_0002,2,2,0.1,EV-LAB-001,NORMAL_BASELINE,NORMAL_LABORATORY_STATE,all_lab_rules_within_thresholds,DETERMINISTIC_LABORATORY_RULES,False,False,True,False,False,False,False,40,40,0,0,0,True,False,,nan,nan,aa4bd796d41da8ca93f8e4365c2735ad91ef74a008ef7409defde057d8739464,0a58960f6142fad4876a7eacf986c1d59f503dc47c53559a858505232b3c6bcf,f8b5283c3e85f1bc8b4e6e3bde6cc88ee2c61eb45dc03299a6432a593d0fcd03,0.1,2.0,60.32,60.63,60.03,0.2,0.32,0.0,0.1,0.00999999999999801,0.30000000000000004,30.0,0.0,0.0,4.800000000000001,2.0,3317.0,112.10000000000001,1.0,111.2,76.0,65.0,2.0,80.0,98.0,398.3,79.4,30.0,0.01,2.1,2.0,1.0,1.0,2.0,0.0,0.0,0.0,1.0,1.0,1.0,1.0,2.0,1.0,1.0,1.0,2.0,0.05,0.0,1.0,1.0,1.0,1.0,0.0,0.0,0.0,0.0,1.0,2.0,0.0,0.0,0.0,0.0,0.0,1.0,1.0,50.0,50.0,0.0,12.59,1.0,0.00999999999999801,0.0,0.9000000000000057,0.30000000000000004,31.625020000000003,30.0,3363.0000000000005,True,False,False,0916f83c1a41b229893688541c9abc4374c454a8ae2c09ea5bc09330540bf89b,da8983ac0ff76a7c2c30570361c1a58f22271bec744259e224ddc2610038e965
P5_8_0003,3,3,0.15,EV-LAB-001,NORMAL_BASELINE,NORMAL_LABORATORY_STATE,all_lab_rules_within_thresholds,DETERMINISTIC_LABORATORY_RULES,False,False,True,False,False,False,False,40,40,0,0,0,True,False,,nan,nan,beffb7863f1bd16b7632d196d7df1a7ac5ce6eab766a80ed77d295e44509f24b,0a58960f6142fad4876a7eacf986c1d59f503dc47c53559a858505232b3c6bcf,f8b5283c3e85f1bc8b4e6e3bde6cc88ee2c61eb45dc03299a6432a593d0fcd03,0.15,3.0,60.480000000000004,60.74,60.34,0.30000000000000004,0.32,0.0,0.30000000000000004,0.060000000000002274,0.6000000000000001,32.800000000000004,0.0,0.0,4.800000000000001,2.0,3326.0,115.4,1.0,116.10000000000001,78.0,65.0,2.0,80.0,98.0,398.40000000000003,80.10000000000001,30.0,0.013000000000000001,2.0,2.0,1.0,1.0,2.0,0.0,0.0,0.0,1.0,1.0,1.0,1.0,3.0,1.0,1.0,1.0,3.0,0.05,0.0,1.0,1.0,1.0,1.0,0.0,0.0,0.0,0.0,1.0,3.0,0.0,0.0,0.0,0.0,0.0,1.0,1.0,50.0,50.0,0.0,12.56,1.0,0.060000000000002274,0.0,0.7000000000000028,0.6000000000000001,31.91184000000001,30.0,3785.120000000001,True,False,False,da8983ac0ff76a7c2c30570361c1a58f22271bec744259e224ddc2610038e965,a9a4817a3bcfa2cf7907cc142462599f85be6827715e91bb81d72c29f8f858eb
P5_8_0004,4,4,0.2,EV-LAB-001,NORMAL_BASELINE,NORMAL_LABORATORY_STATE,all_lab_rules_within_thresholds,DETERMINISTIC_LABORATORY_RULES,False,False,True,False,False,False,False,40,40,0,0,0,True,False,,nan,nan,86952d3b705e5a3bea22977133eb7fed4a81776b35c44321dc205699eed5c790,0a58960f6142fad4876a7eacf986c1d59f503dc47c53559a858505232b3c6bcf,f8b5283c3e85f1bc8b4e6e3bde6cc88ee2c61eb45dc03299a6432a593d0fcd03,0.2,4.0,60.63,60.95,60.550000000000004,0.4,0.32,0.0,0.4,0.11999999999999744,0.8,33.6,0.0,0.0,4.800000000000001,2.0,3335.0,116.2,1.0,116.10000000000001,77.0,65.0,2.0,80.0,98.0,398.0,80.80000000000001,31.0,0.009000000000000001,2.0,2.0,1.0,1.0,2.0,0.0,0.0,0.0,1.0,1.0,1.0,1.0,4.0,1.0,1.0,1.0,4.0,0.05,0.0,1.0,1.0,1.0,1.0,0.0,0.0,0.0,0.0,1.0,4.0,0.0,0.0,0.0,0.0,0.0,1.0,1.0,50.0,50.0,0.0,12.63,1.0,0.11999999999999744,0.0,0.09999999999999432,0.8,32.15840000000001,31.0,3904.32,True,False,False,a9a4817a3bcfa2cf7907cc142462599f85be6827715e91bb81d72c29f8f858eb,c91e69d4a89d6349d2546de0b936a2310098a8f250cb71f83940b47a95e0a7b9
P5_8_0005,5,5,0.25,EV-LAB-001,NORMAL_BASELINE,NORMAL_LABORATORY_STATE,all_lab_rules_within_thresholds,DETERMINISTIC_LABORATORY_RULES,False,False,True,False,False,False,False,40,40,0,0,0,True,False,,nan,nan,54f9de98a1ea2a288396a4baaa189ccfc7374f737c913552c5ea824a8c72dbd8,0a58960f6142fad4876a7eacf986c1d59f503dc47c53559a858505232b3c6bcf,f8b5283c3e85f1bc8b4e6e3bde6cc88ee2c61eb45dc03299a6432a593d0fcd03,0.25,5.0,60.79,61.09,60.78,0.5,0.32,0.0,0.4,0.14500000000000313,0.9,32.0,0.0,0.0,4.800000000000001,2.0,3344.0,114.5,1.0,113.2,77.0,64.0,2.0,80.0,98.0,399.0,79.60000000000001,30.0,0.013000000000000001,1.9000000000000001,2.0,1.0,1.0,2.0,0.0,0.0,0.0,1.0,1.0,1.0,1.0,5.0,1.0,1.0,1.0,5.0,0.05,0.0,1.0,1.0,1.0,1.0,0.0,0.0,0.0,0.0,1.0,5.0,0.0,0.0,0.0,0.0,0.0,1.0,1.0,50.0,50.0,0.0,12.56,1.0,0.14500000000000313,0.0,1.2999999999999972,0.9,31.760400000000004,30.0,3664.0,True,False,False,c91e69d4a89d6349d2546de0b936a2310098a8f250cb71f83940b47a95e0a7b9,fb293918658a79c0c4add2bb9c62494d0f0ad9a04689123031be0b7bdd693db8
P5_8_0006,6,6,0.3,EV-LAB-001,NORMAL_BASELINE,NORMAL_LABORATORY_STATE,all_lab_rules_within_thresholds,DETERMINISTIC_LABORATORY_RULES,False,False,True,False,False,False,False,40,40,0,0,0,True,False,,nan,nan,54efbc48aae0f2aefc4f9242aaff8109edf2cd667f38d99e80bf47e283cbbbc8,0a58960f6142fad4876a7eacf986c1d59f503dc47c53559a858505232b3c6bcf,f8b5283c3e85f1bc8b4e6e3bde6cc88ee2c61eb45dc03299a6432a593d0fcd03,0.3,6.0,60.95,61.160000000000004,60.78,0.6000000000000001,0.32,0.0,0.5,0.01999999999999602,1.1,32.800000000000004,0.0,0.0,4.800000000000001,2.0,3352.0,115.4,1.0,115.60000000000001,77.0,66.0,2.0,80.0,98.0,399.0,81.7,31.0,0.01,2.1,2.0,1.0,1.0,2.0,0.0,0.0,0.0,1.0,1.0,1.0,1.0,6.0,1.0,1.0,1.0,6.0,0.05,0.0,1.0,1.0,1.0,1.0,0.0,0.0,0.0,0.0,1.0,6.0,0.0,0.0,0.0,0.0,0.0,1.0,1.0,50.0,50.0,0.0,12.6,1.0,0.01999999999999602,0.0,0.20000000000000284,1.1,32.5983,31.0,3785.120000000001,True,False,False,fb293918658a79c0c4add2bb9c62494d0f0ad9a04689123031be0b7bdd693db8,2f7c1c17d61154ae17861adee636d829aefea1fc19179e2a17087d421d2043b2
P5_8_0007,7,7,0.35,EV-LAB-001,NORMAL_BASELINE,NORMAL_LABORATORY_STATE,all_lab_rules_within_thresholds,DETERMINISTIC_LABORATORY_RULES,False,False,True,False,False,False,False,40,40,0,0,0,True,False,,nan,nan,70d7c48b349ec4598610ee4a04b7f2976afdfcedc8f163062fa32da947b857cb,0a58960f6142fad4876a7eacf986c1d59f503dc47c53559a858505232b3c6bcf,f8b5283c3e85f1bc8b4e6e3bde6cc88ee2c61eb45dc03299a6432a593d0fcd03,0.35,7.0,61.11,61.51,60.88,0.7000000000000001,0.32,0.01,0.6000000000000001,0.08500000000000085,1.3000000000000003,32.4,0.0,0.0,4.800000000000001,2.0,3361.0,114.7,1.0,113.10000000000001,77.0,65.0,2.0,80.0,98.0,398.6,81.7,31.0,0.013000000000000001,1.6,2.0,1.0,1.0,2.0,0.0,0.0,0.0,1.0,1.0,1.0,1.0,7.0,1.0,1.0,1.0,7.0,0.05,0.0,1.0,1.0,1.0,1.0,0.0,0.0,0.0,0.0,1.0,7.0,0.0,0.0,0.0,0.0,0.0,1.0,1.0,50.0,50.0,0.0,12.58,1.0,0.08500000000000085,0.0,1.5999999999999943,1.3000000000000003,32.56562,31.0,3716.2799999999997,True,False,False,2f7c1c17d61154ae17861adee636d829aefea1fc19179e2a17087d421d2043b2,01670804bd69a8bc719d67bb8e48f6849a030fc4d67cad23eebad073e2a2f8e3
P5_8_0008,8,8,0.4,EV-LAB-001,NORMAL_BASELINE,NORMAL_LABORATORY_STATE,all_lab_rules_within_thresholds,DETERMINISTIC_LABORATORY_RULES,False,False,True,False,False,False,False,40,40,0,0,0,True,False,,nan,nan,96f310f6d14913c3b2319413d88202b028c8af2b842e57ecdf996955b6a89e03,0a58960f6142fad4876a7eacf986c1d59f503dc47c53559a858505232b3c6bcf,f8b5283c3e85f1bc8b4e6e3bde6cc88ee2c61eb45dc03299a6432a593d0fcd03,0.4,8.0,61.26,61.46,61.06,0.8,0.32,0.01,0.6000000000000001,7.105427357601002e-15,1.4000000000000001,32.4,0.0,0.0,4.800000000000001,2.0,3370.0,114.9,1.0,117.0,76.0,66.0,2.0,80.0,98.0,398.40000000000003,80.10000000000001,30.0,0.01,2.0,2.0,1.0,1.0,2.0,0.0,0.0,0.0,1.0,1.0,1.0,1.0,8.0,1.0,1.0,1.0,8.0,0.05,0.0,1.0,1.0,1.0,1.0,0.0,0.0,0.0,0.0,1.0,8.0,0.0,0.0,0.0,0.0,0.0,1.0,1.0,50.0,50.0,0.0,12.6,1.0,7.105427357601002e-15,0.0,2.0999999999999943,1.4000000000000001,31.91184000000001,30.0,3722.76,True,False,False,01670804bd69a8bc719d67bb8e48f6849a030fc4d67cad23eebad073e2a2f8e3,f6edd44e113065a42dcd53b067254b60c4c28c428b55dc9312e4192d8bff5f65
P5_8_0009,9,9,0.45,EV-LAB-001,NORMAL_BASELINE,NORMAL_LABORATORY_STATE,all_lab_rules_within_thresholds,DETERMINISTIC_LABORATORY_RULES,False,False,True,False,False,False,False,40,40,0,0,0,True,False,,nan,nan,d85421ba44c49457c8d4bdaf956f636eb7a38c54488bc13a9535d3b83f500014,0a58960f6142fad4876a7eacf986c1d59f503dc47c53559a858505232b3c6bcf,f8b5283c3e85f1bc8b4e6e3bde6cc88ee2c61eb45dc03299a6432a593d0fcd03,0.45,9.0,61.42,61.85,61.24,0.9,0.32,0.01,0.7000000000000001,0.125,1.6,32.800000000000004,0.0,0.0,4.800000000000001,2.0,3378.0,115.4,1.0,115.80000000000001,77.0,65.0,2.0,80.0,98.0,399.3,79.10000000000001,31.0,0.013000000000000001,2.2,2.0,1.0,1.0,2.0,0.0,0.0,0.0,1.0,1.0,1.0,1.0,9.0,1.0,1.0,1.0,9.0,0.05,0.0,1.0,1.0,1.0,1.0,0.0,0.0,0.0,0.0,1.0,9.0,0.0,0.0,0.0,0.0,0.0,1.0,1.0,50.0,50.0,0.0,12.58,1.0,0.125,0.0,0.4000000000000057,1.6,31.584630000000004,31.0,3785.120000000001,True,False,False,f6edd44e113065a42dcd53b067254b60c4c28c428b55dc9312e4192d8bff5f65,e643345ac8d6881cfb81ad99f327a2bdb1d890de4c45654dd949344566a2d4ec
P5_8_0010,10,10,0.5,EV-LAB-001,NORMAL_BASELINE,NORMAL_LABORATORY_STATE,all_lab_rules_within_thresholds,DETERMINISTIC_LABORATORY_RULES,False,False,True,False,False,False,False,40,40,0,0,0,True,False,,nan,nan,0d33db44b6ee188f82f65ee0249bac4fbfb31f5c132112278f605bd3040c69e4,0a58960f6142fad4876a7eacf986c1d59f503dc47c53559a858505232b3c6bcf,f8b5283c3e85f1bc8b4e6e3bde6cc88ee2c61eb45dc03299a6432a593d0fcd03,0.5,10.0,61.58,61.730000000000004,61.39,1.0,0.32,0.0,0.9,0.01999999999999602,1.9,32.4,0.0,0.0,4.800000000000001,2.0,3387.0,115.0,1.0,115.5,77.0,65.0,2.0,80.0,98.0,398.0,80.10000000000001,31.0,0.014,2.2,2.0,1.0,1.0,2.0,0.0,0.0,0.0,1.0,1.0,1.0,1.0,10.0,1.0,1.0,1.0,10.0,0.05,0.0,1.0,1.0,1.0,1.0,0.0,0.0,0.0,0.0,1.0,10.0,0.0,0.0,0.0,0.0,0.0,1.0,1.0,50.0,50.0,0.0,12.620000000000001,1.0,0.01999999999999602,0.0,0.5,1.9,31.879800000000003,31.0,3726.0,True,False,False,e643345ac8d6881cfb81ad99f327a2bdb1d890de4c45654dd949344566a2d4ec,068e176305c5f8a11c4813b0fe81b860dea85cbd6fa5d287becbca3db15ac183
P5_8_0011,11,11,0.55,EV-LAB-001,NORMAL_BASELINE,NORMAL_LABORATORY_STATE,all_lab_rules_within_thresholds,DETERMINISTIC_LABORATORY_RULES,False,False,True,False,False,False,False,40,40,0,0,0,True,True,11,0.9899758696556091,0.9990416169166565,cfb1ebf52f0d8343a4caba4cc710630d31092dbd79ace206a7256a60450f3ac7,0a58960f6142fad4876a7eacf986c1d59f503dc47c53559a858505232b3c6bcf,f8b5283c3e85f1bc8b4e6e3bde6cc88ee2c61eb45dc03299a6432a593d0fcd03,0.55,11.0,61.730000000000004,62.02,61.57,1.1,0.32,0.0,0.9,0.06499999999999773,2.0,33.2,0.0,0.0,4.800000000000001,2.0,3395.0,115.80000000000001,1.0,116.80000000000001,77.0,65.0,2.0,80.0,98.0,399.1,81.7,31.0,0.016,2.0,2.0,1.0,1.0,2.0,0.0,0.0,0.0,1.0,1.0,1.0,1.0,11.0,1.0,1.0,1.0,11.0,0.05,0.0,1.0,1.0,1.0,1.0,0.0,0.0,0.0,0.0,1.0,11.0,0.0,0.0,0.0,0.0,0.0,1.0,1.0,50.0,50.0,0.0,12.66,1.0,0.06499999999999773,0.0,1.0,2.0,32.60647,31.0,3844.560000000001,True,False,False,068e176305c5f8a11c4813b0fe81b860dea85cbd6fa5d287becbca3db15ac183,b44f4269b23567e44aec880f6cce68a18fb6f52541d6dc9eeb5d8e1166e14dea
P5_8_0012,12,12,0.6,EV-LAB-001,NORMAL_BASELINE,NORMAL_LABORATORY_STATE,all_lab_rules_within_thresholds,DETERMINISTIC_LABORATORY_RULES,False,False,True,False,False,False,False,40,40,0,0,0,True,True,12,0.9899647831916809,0.9990422129631042,f01bc62d350a5b5ae0ed56e74fcea48937619dde300fe69f56908bccaa5e6a2b,0a58960f6142fad4876a7eacf986c1d59f503dc47c53559a858505232b3c6bcf,f8b5283c3e85f1bc8b4e6e3bde6cc88ee2c61eb45dc03299a6432a593d0fcd03,0.6,12.0,61.89,62.15,61.730000000000004,1.2000000000000002,0.32,0.01,0.9,0.04999999999999716,2.1,32.0,0.0,0.0,4.800000000000001,2.0,3404.0,114.2,1.0,114.60000000000001,77.0,65.0,2.0,80.0,98.0,398.70000000000005,79.30000000000001,31.0,0.013000000000000001,1.9000000000000001,2.0,1.0,1.0,2.0,0.0,0.0,0.0,1.0,1.0,1.0,1.0,12.0,1.0,1.0,1.0,12.0,0.05,0.0,1.0,1.0,1.0,1.0,0.0,0.0,0.0,0.0,1.0,12.0,0.0,0.0,0.0,0.0,0.0,1.0,1.0,50.0,50.0,0.0,12.540000000000001,1.0,0.04999999999999716,0.0,0.4000000000000057,2.1,31.616910000000008,31.0,3654.4,True,False,False,b44f4269b23567e44aec880f6cce68a18fb6f52541d6dc9eeb5d8e1166e14dea,31207c8c3ede8133e3f1ec33395cef654aab82b4a855e97cbf09c59e31c278ac
P5_8_0013,13,13,0.65,EV-LAB-001,NORMAL_BASELINE,NORMAL_LABORATORY_STATE,all_lab_rules_within_thresholds,DETERMINISTIC_LABORATORY_RULES,False,False,True,False,False,False,False,40,40,0,0,0,True,True,13,0.9899536371231079,0.9990426898002625,32a3cb9334fa6596cd04f0ca170b2c9f1297b38ea1c56bcf0e167ea9e4f33aab,0a58960f6142fad4876a7eacf986c1d59f503dc47c53559a858505232b3c6bcf,f8b5283c3e85f1bc8b4e6e3bde6cc88ee2c61eb45dc03299a6432a593d0fcd03,0.65,13.0,62.04,62.33,61.84,1.3,0.31,0.0,1.1,0.045000000000001705,2.4000000000000004,33.6,0.0,0.0,4.800000000000001,2.0,3412.0,116.4,1.0,115.60000000000001,78.0,65.0,2.0,80.0,98.0,398.8,82.5,30.0,0.013000000000000001,2.0,2.0,1.0,1.0,2.0,0.0,0.0,0.0,1.0,1.0,1.0,1.0,13.0,1.0,1.0,1.0,13.0,0.05,0.0,1.0,1.0,1.0,1.0,0.0,0.0,0.0,0.0,1.0,13.0,0.0,0.0,0.0,0.0,0.0,1.0,1.0,50.0,50.0,0.0,12.63,1.0,0.045000000000001705,0.0,0.7999999999999972,2.4000000000000004,32.901,30.0,3911.0400000000004,True,False,False,31207c8c3ede8133e3f1ec33395cef654aab82b4a855e97cbf09c59e31c278ac,7414665a6a52e24c43ec52f7df2a51b76718e6230bcb1790bc865712ba8a77a8
P5_8_0014,14,14,0.7,EV-LAB-001,NORMAL_BASELINE,NORMAL_LABORATORY_STATE,all_lab_rules_within_thresholds,DETERMINISTIC_LABORATORY_RULES,False,False,True,False,False,False,False,40,40,0,0,0,True,True,14,0.9899426698684692,0.9990432858467102,767cbf7430ebb6b4ea3d29ac0a57c11150fb2d040f7cb0bfd40c978c23f1cdf1,0a58960f6142fad4876a7eacf986c1d59f503dc47c53559a858505232b3c6bcf,f8b5283c3e85f1bc8b4e6e3bde6cc88ee2c61eb45dc03299a6432a593d0fcd03,0.7,14.0,62.190000000000005,62.42,61.99,1.4000000000000001,0.31,0.01,1.1,0.014999999999993463,2.5,35.2,0.0,0.0,4.800000000000001,2.0,3421.0,118.2,1.0,117.60000000000001,77.0,64.0,2.0,80.0,98.0,398.70000000000005,82.30000000000001,30.0,0.012,2.0,2.0,1.0,1.0,2.0,0.0,0.0,0.0,1.0,1.0,1.0,1.0,14.0,1.0,1.0,1.0,14.0,0.05,0.0,1.0,1.0,1.0,1.0,0.0,0.0,0.0,0.0,1.0,14.0,0.0,0.0,0.0,0.0,0.0,1.0,1.0,50.0,50.0,0.0,12.68,1.0,0.014999999999993463,0.0,0.5999999999999943,2.5,32.81301000000001,30.0,4160.64,True,False,False,7414665a6a52e24c43ec52f7df2a51b76718e6230bcb1790bc865712ba8a77a8,885f7378956663bb17c2328d00f691b22892e2c4378b74f4f00e5e2d9675f2f6
P5_8_0015,15,15,0.75,EV-LAB-001,NORMAL_BASELINE,NORMAL_LABORATORY_STATE,all_lab_rules_within_thresholds,DETERMINISTIC_LABORATORY_RULES,False,False,True,False,False,False,False,40,40,0,0,0,True,True,15,0.989931583404541,0.9990437626838684,c4310048d4f17e8b11e25dbe1abdc73b1e2fe3baa9260521e95eef036ed77988,0a58960f6142fad4876a7eacf986c1d59f503dc47c53559a858505232b3c6bcf,f8b5283c3e85f1bc8b4e6e3bde6cc88ee2c61eb45dc03299a6432a593d0fcd03,0.75,15.0,62.35,62.58,62.28,1.5,0.31,0.0,1.2000000000000002,0.0799999999999983,2.7,36.0,0.0,0.0,4.800000000000001,2.0,3429.0,119.2,1.0,117.9,77.0,65.0,2.0,80.0,98.0,398.0,82.9,31.0,0.013000000000000001,2.2,2.0,1.0,1.0,2.0,0.0,0.0,0.0,1.0,1.0,1.0,1.0,15.0,1.0,1.0,1.0,15.0,0.05,0.0,1.0,1.0,1.0,1.0,0.0,0.0,0.0,0.0,1.0,15.0,0.0,0.0,0.0,0.0,0.0,1.0,1.0,50.0,50.0,0.0,12.58,1.0,0.0799999999999983,0.0,1.2999999999999972,2.7,32.994200000000006,31.0,4291.2,True,False,False,885f7378956663bb17c2328d00f691b22892e2c4378b74f4f00e5e2d9675f2f6,57ffa6a6bafb8e157cc5d87a3ffb92014331b2fcbc7f0f9dfc1d9df2a19c7ad6
P5_8_0016,16,16,0.8,EV-LAB-001,NORMAL_BASELINE,NORMAL_LABORATORY_STATE,all_lab_rules_within_thresholds,DETERMINISTIC_LABORATORY_RULES,False,False,True,False,False,False,False,40,40,0,0,0,True,True,16,0.9899204969406128,0.9990443587303162,95c646ce5f4a5ae088bd2774438cf20989a139a3a274310e4d44fea832ad2c8f,0a58960f6142fad4876a7eacf986c1d59f503dc47c53559a858505232b3c6bcf,f8b5283c3e85f1bc8b4e6e3bde6cc88ee2c61eb45dc03299a6432a593d0fcd03,0.8,16.0,62.5,62.85,62.33,1.6,0.31,0.0,1.3,0.09000000000000341,2.9000000000000004,34.800000000000004,0.0,0.0,4.800000000000001,2.0,3437.0,117.60000000000001,1.0,120.80000000000001,78.0,66.0,2.0,80.0,98.0,398.8,82.7,30.0,0.01,2.0,2.0,1.0,1.0,2.0,0.0,0.0,0.0,1.0,1.0,1.0,1.0,16.0,1.0,1.0,1.0,16.0,0.05,0.0,1.0,1.0,1.0,1.0,0.0,0.0,0.0,0.0,1.0,16.0,0.0,0.0,0.0,0.0,0.0,1.0,1.0,50.0,50.0,0.0,12.58,1.0,0.09000000000000341,0.0,3.200000000000003,2.9000000000000004,32.980760000000004,30.0,4092.480000000001,True,False,False,57ffa6a6bafb8e157cc5d87a3ffb92014331b2fcbc7f0f9dfc1d9df2a19c7ad6,0ed9e1457536f67555fecbadb28ca8ef6442c1f297219586410819b4a7e77d2b
P5_8_0017,17,17,0.85,EV-LAB-001,NORMAL_BASELINE,NORMAL_LABORATORY_STATE,all_lab_rules_within_thresholds,DETERMINISTIC_LABORATORY_RULES,False,False,True,False,False,False,False,40,40,0,0,0,True,True,17,0.9899095296859741,0.9990448355674744,a94b95a472638d77e4f74e66cd39e599edd8c3a1e095eba3a0b9221c9c1a984c,0a58960f6142fad4876a7eacf986c1d59f503dc47c53559a858505232b3c6bcf,f8b5283c3e85f1bc8b4e6e3bde6cc88ee2c61eb45dc03299a6432a593d0fcd03,0.85,17.0,62.65,62.800000000000004,62.38,1.7000000000000002,0.31,0.0,1.4000000000000001,0.05999999999999517,3.1000000000000005,32.0,0.0,0.0,4.800000000000001,2.0,3446.0,114.2,1.0,113.7,77.0,65.0,2.0,80.0,98.0,398.8,81.5,31.0,0.014,1.9000000000000001,2.0,1.0,1.0,2.0,0.0,0.0,0.0,1.0,1.0,1.0,1.0,17.0,1.0,1.0,1.0,17.0,0.05,0.0,1.0,1.0,1.0,1.0,0.0,0.0,0.0,0.0,1.0,17.0,0.0,0.0,0.0,0.0,0.0,1.0,1.0,50.0,50.0,0.0,12.66,1.0,0.05999999999999517,0.0,0.5,3.1000000000000005,32.5022,31.0,3654.4,True,False,False,0ed9e1457536f67555fecbadb28ca8ef6442c1f297219586410819b4a7e77d2b,d2e989fcff8dd171fb94c9ec3b1680eeecaf87a56375f8e719ad5c44b02572a2
P5_8_0018,18,18,0.9,EV-LAB-001,NORMAL_BASELINE,NORMAL_LABORATORY_STATE,all_lab_rules_within_thresholds,DETERMINISTIC_LABORATORY_RULES,False,False,True,False,False,False,False,40,40,0,0,0,True,True,18,0.9898985028266907,0.9990454316139221,0c9d3af73f4ee506bed91b6814468ecdb7623d5c672ea52ff45107c088de4af7,0a58960f6142fad4876a7eacf986c1d59f503dc47c53559a858505232b3c6bcf,f8b5283c3e85f1bc8b4e6e3bde6cc88ee2c61eb45dc03299a6432a593d0fcd03,0.9,18.0,62.79,63.120000000000005,62.63,1.8,0.3,0.01,1.4000000000000001,0.08500000000000085,3.2,34.4,0.0,0.0,4.800000000000001,2.0,3454.0,117.10000000000001,1.0,117.60000000000001,78.0,66.0,2.0,80.0,98.0,398.5,84.30000000000001,31.0,0.009000000000000001,1.9000000000000001,2.0,1.0,1.0,2.0,0.0,0.0,0.0,1.0,1.0,1.0,1.0,18.0,1.0,1.0,1.0,18.0,0.05,0.0,1.0,1.0,1.0,1.0,0.0,0.0,0.0,0.0,1.0,18.0,0.0,0.0,0.0,0.0,0.0,1.0,1.0,50.0,50.0,0.0,12.55,1.0,0.08500000000000085,0.0,0.5,3.2,33.59355,31.0,4028.2400000000002,True,False,False,d2e989fcff8dd171fb94c9ec3b1680eeecaf87a56375f8e719ad5c44b02572a2,5a2c22b780b6f5eeda656b559bb77f1fe45e591d867175c75837661c7fe43994
P5_8_0019,19,19,0.95,EV-LAB-001,NORMAL_BASELINE,NORMAL_LABORATORY_STATE,all_lab_rules_within_thresholds,DETERMINISTIC_LABORATORY_RULES,False,False,True,False,False,False,False,40,40,0,0,0,True,True,19,0.989887535572052,0.9990459084510803,c5fc4e2856e3f54222ef1fab3e78a622957e757b5a8f0075d5076f0a97ae9bd4,0a58960f6142fad4876a7eacf986c1d59f503dc47c53559a858505232b3c6bcf,f8b5283c3e85f1bc8b4e6e3bde6cc88ee2c61eb45dc03299a6432a593d0fcd03,0.95,19.0,62.940000000000005,63.01,62.59,1.9000000000000001,0.3,0.01,1.5,0.14000000000000767,3.4000000000000004,34.0,0.0,0.0,4.800000000000001,2.0,3462.0,117.0,1.0,115.80000000000001,78.0,66.0,2.0,80.0,98.0,398.1,79.9,31.0,0.013000000000000001,2.1,2.0,1.0,1.0,2.0,0.0,0.0,0.0,1.0,1.0,1.0,1.0,19.0,1.0,1.0,1.0,19.0,0.05,0.0,1.0,1.0,1.0,1.0,0.0,0.0,0.0,0.0,1.0,19.0,0.0,0.0,0.0,0.0,0.0,1.0,1.0,50.0,50.0,0.0,12.65,1.0,0.14000000000000767,0.0,1.1999999999999886,3.4000000000000004,31.808190000000003,31.0,3978.0,True,False,False,5a2c22b780b6f5eeda656b559bb77f1fe45e591d867175c75837661c7fe43994,9a54a3564285564ef70a7ddb41aff4963bc65284368ca993bb8388d5667bed35
P5_8_0020,20,20,1.0,EV-LAB-001,NORMAL_BASELINE,NORMAL_LABORATORY_STATE,all_lab_rules_within_thresholds,DETERMINISTIC_LABORATORY_RULES,False,False,True,False,False,False,False,40,40,0,0,0,True,True,20,0.9898765683174133,0.9990463852882385,790d8e5d5db999db1f131b1010ee7270fec27c4e78384272f47fafebc197ae2d,0a58960f6142fad4876a7eacf986c1d59f503dc47c53559a858505232b3c6bcf,f8b5283c3e85f1bc8b4e6e3bde6cc88ee2c61eb45dc03299a6432a593d0fcd03,1.0,20.0,63.09,63.33,62.84,2.0,0.3,0.01,1.5,0.005000000000002558,3.5,32.4,0.0,0.0,4.800000000000001,2.0,3470.0,114.7,1.0,114.9,78.0,66.0,2.0,80.0,98.0,398.70000000000005,79.9,30.0,0.013000000000000001,2.3000000000000003,2.0,1.0,1.0,2.0,0.0,0.0,0.0,1.0,1.0,1.0,1.0,20.0,1.0,1.0,1.0,20.0,0.05,0.0,1.0,1.0,1.0,1.0,0.0,0.0,0.0,0.0,1.0,20.0,0.0,0.0,0.0,0.0,0.0,1.0,1.0,50.0,50.0,0.0,12.58,1.0,0.005000000000002558,0.0,0.20000000000000284,3.5,31.856130000000004,30.0,3716.2799999999997,True,False,False,9a54a3564285564ef70a7ddb41aff4963bc65284368ca993bb8388d5667bed35,860a68f1ce5598f48e6c071e87658e2ffe037f6fd095f1d3cd31b2204dfe944e
P5_8_0021,21,21,1.05,EV-LAB-001,NORMAL_BASELINE,NORMAL_LABORATORY_STATE,all_lab_rules_within_thresholds,DETERMINISTIC_LABORATORY_RULES,False,False,True,False,False,False,False,40,40,0,0,0,True,True,21,0.9898657202720642,0.9990469813346863,ea31172dfc296af6f47df19a4a4229dedbdc0eaf851ef6859c3dfedf9685a28c,0a58960f6142fad4876a7eacf986c1d59f503dc47c53559a858505232b3c6bcf,f8b5283c3e85f1bc8b4e6e3bde6cc88ee2c61eb45dc03299a6432a593d0fcd03,1.05,21.0,63.230000000000004,63.480000000000004,62.93,2.1,0.3,0.01,1.6,0.025000000000005684,3.7,35.6,0.0,0.0,4.800000000000001,2.0,3478.0,118.7,1.0,120.10000000000001,78.0,65.0,2.0,80.0,98.0,399.0,82.4,31.0,0.01,2.0,2.0,1.0,1.0,2.0,0.0,0.0,0.0,1.0,1.0,1.0,1.0,21.0,1.0,1.0,1.0,21.0,0.05,0.0,1.0,1.0,1.0,1.0,0.0,0.0,0.0,0.0,1.0,21.0,0.0,0.0,0.0,0.0,0.0,1.0,1.0,50.0,50.0,0.0,12.68,1.0,0.025000000000005684,0.0,1.4000000000000057,3.7,32.87760000000001,31.0,4225.72,True,False,False,860a68f1ce5598f48e6c071e87658e2ffe037f6fd095f1d3cd31b2204dfe944e,98f64482c18338da3d30700e9d0ac56347ecd5f032807fec375a515b55c6b1c1
P5_8_0022,22,22,1.1,EV-LAB-001,NORMAL_BASELINE,NORMAL_LABORATORY_STATE,all_lab_rules_within_thresholds,DETERMINISTIC_LABORATORY_RULES,False,False,True,False,False,False,False,40,40,0,0,0,True,True,22,0.9898548126220703,0.9990474581718445,50a51eb599fc1685eb180bd2a1b5867897a16d12c96d44b63ad5e746047dd29f,0a58960f6142fad4876a7eacf986c1d59f503dc47c53559a858505232b3c6bcf,f8b5283c3e85f1bc8b4e6e3bde6cc88ee2c61eb45dc03299a6432a593d0fcd03,1.1,22.0,63.38,63.67,63.03,2.1,0.29,0.01,1.7000000000000002,0.030000000000001137,3.8000000000000003,34.0,0.0,0.0,4.800000000000001,2.0,3486.0,117.0,1.0,117.7,79.0,67.0,2.0,80.0,98.0,398.8,79.9,30.0,0.014,2.2,2.0,1.0,1.0,2.0,0.0,0.0,0.0,1.0,1.0,1.0,1.0,22.0,1.0,1.0,1.0,22.0,0.05,0.0,1.0,1.0,1.0,1.0,0.0,0.0,0.0,0.0,1.0,22.0,0.0,0.0,0.0,0.0,0.0,1.0,1.0,50.0,50.0,0.0,12.52,1.0,0.030000000000001137,0.0,0.7000000000000028,3.8000000000000003,31.864120000000003,30.0,3978.0,True,False,False,98f64482c18338da3d30700e9d0ac56347ecd5f032807fec375a515b55c6b1c1,bfeb32ae668d668c46c3882e96c10099d0692a29cd4944e17682160f45d5abda
P5_8_0023,23,23,1.15,EV-LAB-001,NORMAL_BASELINE,NORMAL_LABORATORY_STATE,all_lab_rules_within_thresholds,DETERMINISTIC_LABORATORY_RULES,False,False,True,False,False,False,False,40,40,0,0,0,True,True,23,0.9898440837860107,0.9990479350090027,b0df44898818c8bdaf87f19e74431134ce4ceda66b32c0cfa50b778416117440,0a58960f6142fad4876a7eacf986c1d59f503dc47c53559a858505232b3c6bcf,f8b5283c3e85f1bc8b4e6e3bde6cc88ee2c61eb45dc03299a6432a593d0fcd03,1.15,23.0,63.52,63.83,63.17,2.2,0.29,0.01,1.8,0.020000000000003126,4.0,33.2,0.0,0.0,4.800000000000001,2.0,3494.0,116.0,1.0,119.0,78.0,67.0,2.0,80.0,98.0,398.90000000000003,79.30000000000001,31.0,0.011,2.0,2.0,1.0,1.0,2.0,0.0,0.0,0.0,1.0,1.0,1.0,1.0,23.0,1.0,1.0,1.0,23.0,0.05,0.0,1.0,1.0,1.0,1.0,0.0,0.0,0.0,0.0,1.0,23.0,0.0,0.0,0.0,0.0,0.0,1.0,1.0,50.0,50.0,0.0,12.540000000000001,1.0,0.020000000000003126,0.0,3.0,4.0,31.632770000000008,31.0,3851.2000000000003,True,False,False,bfeb32ae668d668c46c3882e96c10099d0692a29cd4944e17682160f45d5abda,b86ef6ec1129a0c0b5fe65286f165ef8fbe11e7cd5a7fda3b16e7eee8f9f3c3d
P5_8_0024,24,24,1.2,EV-LAB-001,NORMAL_BASELINE,NORMAL_LABORATORY_STATE,all_lab_rules_within_thresholds,DETERMINISTIC_LABORATORY_RULES,False,False,True,False,False,False,False,40,40,0,0,0,True,True,24,0.9898333549499512,0.9990484118461609,43d8361fc33c0f311ed52182e41b3ff72fd192ebfab4099ad4333b9ad6d7fbd4,0a58960f6142fad4876a7eacf986c1d59f503dc47c53559a858505232b3c6bcf,f8b5283c3e85f1bc8b4e6e3bde6cc88ee2c61eb45dc03299a6432a593d0fcd03,1.2,24.0,63.660000000000004,63.940000000000005,63.61,2.3000000000000003,0.29,0.01,1.9000000000000001,0.11500000000000199,4.2,34.4,0.0,0.0,4.800000000000001,2.0,3501.0,117.4,1.0,116.4,78.0,66.0,2.0,80.0,98.0,398.8,82.30000000000001,30.0,0.016,2.1,2.0,1.0,1.0,2.0,0.0,0.0,0.0,1.0,1.0,1.0,1.0,24.0,1.0,1.0,1.0,24.0,0.05,0.0,1.0,1.0,1.0,1.0,0.0,0.0,0.0,0.0,1.0,24.0,0.0,0.0,0.0,0.0,0.0,1.0,1.0,50.0,50.0,0.0,12.57,1.0,0.11500000000000199,0.0,1.0,4.2,32.82124,30.0,4038.56,True,False,False,b86ef6ec1129a0c0b5fe65286f165ef8fbe11e7cd5a7fda3b16e7eee8f9f3c3d,f2cb9494ac29f8a1d1b65b0cdedf7a50bb8c9058acc0986bd21c88c94a073825
P5_8_0025,25,25,1.25,EV-LAB-001,NORMAL_BASELINE,NORMAL_LABORATORY_STATE,all_lab_rules_within_thresholds,DETERMINISTIC_LABORATORY_RULES,False,False,True,False,False,False,False,40,40,0,0,0,True,True,25,0.9898226261138916,0.9990490078926086,2cb1e165271ad43c65b0a883c9d516ad3434d04849ed0ec159f96ba2e2cc1ec4,0a58960f6142fad4876a7eacf986c1d59f503dc47c53559a858505232b3c6bcf,f8b5283c3e85f1bc8b4e6e3bde6cc88ee2c61eb45dc03299a6432a593d0fcd03,1.25,25.0,63.800000000000004,64.15,63.59,2.4000000000000004,0.28,0.01,1.9000000000000001,0.07000000000000028,4.300000000000001,34.800000000000004,0.0,0.0,4.800000000000001,2.0,3509.0,117.9,1.0,117.80000000000001,78.0,66.0,2.0,80.0,98.0,398.90000000000003,82.4,31.0,0.013000000000000001,2.0,2.0,1.0,1.0,2.0,0.0,0.0,0.0,1.0,1.0,1.0,1.0,25.0,1.0,1.0,1.0,25.0,0.05,0.0,1.0,1.0,1.0,1.0,0.0,0.0,0.0,0.0,1.0,25.0,0.0,0.0,0.0,0.0,0.0,1.0,1.0,50.0,50.0,0.0,12.57,1.0,0.07000000000000028,0.0,0.09999999999999432,4.300000000000001,32.86936000000001,31.0,4102.920000000001,True,False,False,f2cb9494ac29f8a1d1b65b0cdedf7a50bb8c9058acc0986bd21c88c94a073825,59d165c76f3391d759f2ce4ea435b7cded4000568ff9f0418294e2a8ed4e61f1
P5_8_0026,26,26,1.3,EV-LAB-001,NORMAL_BASELINE,NORMAL_LABORATORY_STATE,all_lab_rules_within_thresholds,DETERMINISTIC_LABORATORY_RULES,False,False,True,False,False,False,False,40,40,0,0,0,True,True,26,0.9898119568824768,0.9990494847297668,15d1c8b4a4276ccfbb61d2243e55a7cb3e3a3a71c036a5386b0e03c2735853a0,0a58960f6142fad4876a7eacf986c1d59f503dc47c53559a858505232b3c6bcf,f8b5283c3e85f1bc8b4e6e3bde6cc88ee2c61eb45dc03299a6432a593d0fcd03,1.3,26.0,63.940000000000005,64.11,63.81,2.5,0.28,0.01,2.1,0.01999999999999602,4.6,36.4,0.0,0.0,4.800000000000001,2.0,3517.0,119.7,1.0,119.7,78.0,66.0,2.0,80.0,98.0,397.90000000000003,83.4,31.0,0.009000000000000001,2.0,2.0,1.0,1.0,2.0,0.0,0.0,0.0,1.0,1.0,1.0,1.0,26.0,1.0,1.0,1.0,26.0,0.05,0.0,1.0,1.0,1.0,1.0,0.0,0.0,0.0,0.0,1.0,26.0,0.0,0.0,0.0,0.0,0.0,1.0,1.0,50.0,50.0,0.0,12.57,1.0,0.01999999999999602,0.0,0.0,4.6,33.18486000000001,31.0,4357.08,True,False,False,59d165c76f3391d759f2ce4ea435b7cded4000568ff9f0418294e2a8ed4e61f1,df5e13c788aea3c701459effcbcd8339fba5178b7866fae2eb12a34d98de1672
P5_8_0027,27,27,1.35,EV-LAB-001,NORMAL_BASELINE,NORMAL_LABORATORY_STATE,all_lab_rules_within_thresholds,DETERMINISTIC_LABORATORY_RULES,False,False,True,False,False,False,False,40,40,0,0,0,True,True,27,0.9898014664649963,0.999049961566925,6253c2f27925cd1ccc1e33e7add67d8bfba684a76ded98f93167fdc5dc77e68a,0a58960f6142fad4876a7eacf986c1d59f503dc47c53559a858505232b3c6bcf,f8b5283c3e85f1bc8b4e6e3bde6cc88ee2c61eb45dc03299a6432a593d0fcd03,1.35,27.0,64.08,64.26,64.02,2.6,0.28,0.01,2.0,0.060000000000002274,4.6,34.4,0.0,0.0,4.800000000000001,2.0,3524.0,117.2,1.0,118.7,78.0,67.0,2.0,80.0,98.0,398.3,82.5,31.0,0.013000000000000001,2.2,2.0,1.0,1.0,2.0,0.0,0.0,0.0,1.0,1.0,1.0,1.0,27.0,1.0,1.0,1.0,27.0,0.05,0.0,1.0,1.0,1.0,1.0,0.0,0.0,0.0,0.0,1.0,27.0,0.0,0.0,0.0,0.0,0.0,1.0,1.0,50.0,50.0,0.0,12.57,1.0,0.060000000000002274,0.0,1.5,4.6,32.85975,31.0,4031.68,True,False,False,df5e13c788aea3c701459effcbcd8339fba5178b7866fae2eb12a34d98de1672,1da6344f17a834188caccbad80dbb4333eb8a32bd4b80cd07bba009b904ae058
P5_8_0028,28,28,1.4,EV-LAB-001,NORMAL_BASELINE,NORMAL_LABORATORY_STATE,all_lab_rules_within_thresholds,DETERMINISTIC_LABORATORY_RULES,False,False,True,False,False,False,False,40,40,0,0,0,True,True,28,0.9897909760475159,0.9990504384040833,76c1ad076145299d63c9a814b195bf2c2bbac4dd982d081e01864e8c794136c5,0a58960f6142fad4876a7eacf986c1d59f503dc47c53559a858505232b3c6bcf,f8b5283c3e85f1bc8b4e6e3bde6cc88ee2c61eb45dc03299a6432a593d0fcd03,1.4,28.0,64.21000000000001,64.43,64.11,2.6,0.27,0.01,2.1,0.060000000000002274,4.7,33.6,0.0,0.0,4.800000000000001,2.0,3532.0,116.5,1.0,117.4,78.0,66.0,2.0,80.0,98.0,398.3,80.7,30.0,0.012,1.7000000000000002,2.0,1.0,1.0,2.0,0.0,0.0,0.0,1.0,1.0,1.0,1.0,28.0,1.0,1.0,1.0,28.0,0.05,0.0,1.0,1.0,1.0,1.0,0.0,0.0,0.0,0.0,1.0,28.0,0.0,0.0,0.0,0.0,0.0,1.0,1.0,50.0,50.0,0.0,12.58,1.0,0.060000000000002274,0.0,0.9000000000000057,4.7,32.142810000000004,30.0,3914.4,True,False,False,1da6344f17a834188caccbad80dbb4333eb8a32bd4b80cd07bba009b904ae058,027ae45313feea8ebbbe4378fce5070c6d5c8f8f4dbcaca90d9d5220689d2815
P5_8_0029,29,29,1.45,EV-LAB-001,NORMAL_BASELINE,NORMAL_LABORATORY_STATE,all_lab_rules_within_thresholds,DETERMINISTIC_LABORATORY_RULES,False,False,True,False,False,False,False,40,40,0,0,0,True,True,29,0.9897805452346802,0.9990509152412415,d0f0a2b6c82ac8731213a62534db6a957cae6ba07a0c6524cbdfae4d15f163ad,0a58960f6142fad4876a7eacf986c1d59f503dc47c53559a858505232b3c6bcf,f8b5283c3e85f1bc8b4e6e3bde6cc88ee2c61eb45dc03299a6432a593d0fcd03,1.45,29.0,64.34,64.68,64.19,2.7,0.27,0.01,2.1,0.09499999999999886,4.800000000000001,35.2,0.0,0.0,4.800000000000001,2.0,3539.0,118.5,1.0,116.2,79.0,66.0,2.0,80.0,98.0,398.40000000000003,82.30000000000001,31.0,0.012,2.0,2.0,1.0,1.0,2.0,0.0,0.0,0.0,1.0,1.0,1.0,1.0,29.0,1.0,1.0,1.0,29.0,0.05,0.0,1.0,1.0,1.0,1.0,0.0,0.0,0.0,0.0,1.0,29.0,0.0,0.0,0.0,0.0,0.0,1.0,1.0,50.0,50.0,0.0,12.59,1.0,0.09499999999999886,0.0,2.299999999999997,4.800000000000001,32.788320000000006,31.0,4171.200000000001,True,False,False,027ae45313feea8ebbbe4378fce5070c6d5c8f8f4dbcaca90d9d5220689d2815,93ffe8dd8b593c4e47bad443abfe1d552dbe89841d674a594184109426c960c0
P5_8_0030,30,30,1.5,EV-LAB-001,NORMAL_BASELINE,NORMAL_LABORATORY_STATE,all_lab_rules_within_thresholds,DETERMINISTIC_LABORATORY_RULES,False,False,True,False,False,False,False,40,40,0,0,0,True,True,30,0.9897702932357788,0.9990513920783997,962a4335a561fa3e441ed024c05b07324a55a41f50824067431fb3b15fd0f567,0a58960f6142fad4876a7eacf986c1d59f503dc47c53559a858505232b3c6bcf,f8b5283c3e85f1bc8b4e6e3bde6cc88ee2c61eb45dc03299a6432a593d0fcd03,1.5,30.0,64.47,64.63,64.33,2.8000000000000003,0.27,0.01,2.3000000000000003,0.009999999999990905,5.1000000000000005,34.4,0.0,0.0,4.800000000000001,2.0,3546.0,117.2,1.0,117.2,79.0,67.0,2.0,80.0,98.0,398.6,82.0,31.0,0.009000000000000001,2.1,2.0,1.0,1.0,2.0,0.0,0.0,0.0,1.0,1.0,1.0,1.0,30.0,1.0,1.0,1.0,30.0,0.05,0.0,1.0,1.0,1.0,1.0,0.0,0.0,0.0,0.0,1.0,30.0,0.0,0.0,0.0,0.0,0.0,1.0,1.0,50.0,50.0,0.0,12.69,1.0,0.009999999999990905,0.0,0.0,5.1000000000000005,32.6852,31.0,4031.68,True,False,False,93ffe8dd8b593c4e47bad443abfe1d552dbe89841d674a594184109426c960c0,cf398794e464046b297372333b61cf1a77c54553663f48b9b33eaa58e7965d14
P5_8_0031,31,31,1.55,EV-LAB-001,NORMAL_BASELINE,NORMAL_LABORATORY_STATE,all_lab_rules_within_thresholds,DETERMINISTIC_LABORATORY_RULES,False,False,True,False,False,False,False,40,40,0,0,0,True,True,31,0.9897599816322327,0.9990518689155579,e8bececef8ae998246035c51260930d6d1b1c8b2f872feee54b2cc2ba1ccd725,0a58960f6142fad4876a7eacf986c1d59f503dc47c53559a858505232b3c6bcf,f8b5283c3e85f1bc8b4e6e3bde6cc88ee2c61eb45dc03299a6432a593d0fcd03,1.55,31.0,64.6,64.83,64.4,2.9000000000000004,0.26,0.01,2.4000000000000004,0.01500000000001478,5.300000000000001,33.6,0.0,0.0,4.800000000000001,2.0,3553.0,116.4,1.0,117.10000000000001,78.0,66.0,2.0,80.0,98.0,398.0,78.9,30.0,0.009000000000000001,2.2,2.0,1.0,1.0,2.0,0.0,0.0,0.0,1.0,1.0,1.0,1.0,31.0,1.0,1.0,1.0,31.0,0.05,0.0,1.0,1.0,1.0,1.0,0.0,0.0,0.0,0.0,1.0,31.0,0.0,0.0,0.0,0.0,0.0,1.0,1.0,50.0,50.0,0.0,12.55,1.0,0.01500000000001478,0.0,0.7000000000000028,5.300000000000001,31.4022,30.0,3911.0400000000004,True,False,False,cf398794e464046b297372333b61cf1a77c54553663f48b9b33eaa58e7965d14,cdef775d2c099649f54da853fcfb5a70f0b704575187d6baa2d28afe53a93841
P5_8_0032,32,32,1.6,EV-LAB-001,NORMAL_BASELINE,NORMAL_LABORATORY_STATE,all_lab_rules_within_thresholds,DETERMINISTIC_LABORATORY_RULES,False,False,True,False,False,False,False,40,40,0,0,0,True,True,32,0.9897498488426208,0.9990523457527161,5419950dbd54b2b1e8e84f04159c6a28f4d473fe72b74a082269a081946dc2c1,0a58960f6142fad4876a7eacf986c1d59f503dc47c53559a858505232b3c6bcf,f8b5283c3e85f1bc8b4e6e3bde6cc88ee2c61eb45dc03299a6432a593d0fcd03,1.6,32.0,64.73,65.03,64.44,2.9000000000000004,0.26,0.01,2.3000000000000003,0.0049999999999954525,5.200000000000001,34.4,0.0,0.0,4.800000000000001,2.0,3560.0,117.4,1.0,117.60000000000001,78.0,67.0,2.0,80.0,98.0,398.6,83.60000000000001,31.0,0.01,1.9000000000000001,2.0,1.0,1.0,2.0,0.0,0.0,0.0,1.0,1.0,1.0,1.0,32.0,1.0,1.0,1.0,32.0,0.05,0.0,1.0,1.0,1.0,1.0,0.0,0.0,0.0,0.0,1.0,32.0,0.0,0.0,0.0,0.0,0.0,1.0,1.0,50.0,50.0,0.0,12.620000000000001,1.0,0.0049999999999954525,0.0,0.20000000000000284,5.200000000000001,33.32296000000001,31.0,4038.56,True,False,False,cdef775d2c099649f54da853fcfb5a70f0b704575187d6baa2d28afe53a93841,1216309d1a492d73768d8ce86726bf5e3dd97f8a7782075e1ea7b3a95c193119
P5_8_0033,33,33,1.65,EV-LAB-001,NORMAL_BASELINE,NORMAL_LABORATORY_STATE,all_lab_rules_within_thresholds,DETERMINISTIC_LABORATORY_RULES,False,False,True,False,False,False,False,40,40,0,0,0,True,True,33,0.9897397756576538,0.9990528225898743,b3fcc415b423b142c484b3c50bba8e52073c41da576dee868b418f2aca6340da,0a58960f6142fad4876a7eacf986c1d59f503dc47c53559a858505232b3c6bcf,f8b5283c3e85f1bc8b4e6e3bde6cc88ee2c61eb45dc03299a6432a593d0fcd03,1.65,33.0,64.86,65.1,64.73,3.0,0.26,0.01,2.4000000000000004,0.05499999999999261,5.4,35.2,0.0,0.0,4.800000000000001,2.0,3567.0,118.4,1.0,120.7,79.0,65.0,2.0,80.0,98.0,398.5,82.5,31.0,0.013000000000000001,1.9000000000000001,2.0,1.0,1.0,2.0,0.0,0.0,0.0,1.0,1.0,1.0,1.0,33.0,1.0,1.0,1.0,33.0,0.05,0.0,1.0,1.0,1.0,1.0,0.0,0.0,0.0,0.0,1.0,33.0,0.0,0.0,0.0,0.0,0.0,1.0,1.0,50.0,50.0,0.0,12.64,1.0,0.05499999999999261,0.0,2.299999999999997,5.4,32.87625,31.0,4167.68,True,False,False,1216309d1a492d73768d8ce86726bf5e3dd97f8a7782075e1ea7b3a95c193119,086b8f2ad49b156738e3cf30275f992d6dcb387a48969f359d52f81ce9ba2ed9
P5_8_0034,34,34,1.7,EV-LAB-001,NORMAL_BASELINE,NORMAL_LABORATORY_STATE,all_lab_rules_within_thresholds,DETERMINISTIC_LABORATORY_RULES,False,False,True,False,False,False,False,40,40,0,0,0,True,True,34,0.9897297620773315,0.9990531802177429,3c1ec2e6233deadf5178676328660e66dc41b0c0fe7353b97c22615bb4810e71,0a58960f6142fad4876a7eacf986c1d59f503dc47c53559a858505232b3c6bcf,f8b5283c3e85f1bc8b4e6e3bde6cc88ee2c61eb45dc03299a6432a593d0fcd03,1.7,34.0,64.98,65.12,64.72,3.1,0.25,0.01,2.4000000000000004,0.060000000000002274,5.5,35.2,0.0,0.0,4.800000000000001,2.0,3574.0,118.30000000000001,1.0,118.4,79.0,66.0,2.0,80.0,98.0,398.20000000000005,84.10000000000001,31.0,0.008,1.8,2.0,1.0,1.0,2.0,0.0,0.0,0.0,1.0,1.0,1.0,1.0,34.0,1.0,1.0,1.0,34.0,0.05,0.0,1.0,1.0,1.0,1.0,0.0,0.0,0.0,0.0,1.0,34.0,0.0,0.0,0.0,0.0,0.0,1.0,1.0,50.0,50.0,0.0,12.58,1.0,0.060000000000002274,0.0,0.09999999999999432,5.5,33.48862000000001,31.0,4164.160000000001,True,False,False,086b8f2ad49b156738e3cf30275f992d6dcb387a48969f359d52f81ce9ba2ed9,78e6f040f423d64dc4fc19300214fb6bda3386855fae6315f95ed39d1ff6bacc
P5_8_0035,35,35,1.75,EV-LAB-001,NORMAL_BASELINE,NORMAL_LABORATORY_STATE,all_lab_rules_within_thresholds,DETERMINISTIC_LABORATORY_RULES,False,False,True,False,False,False,False,40,40,0,0,0,True,True,35,0.9897199273109436,0.9990536570549011,20ea65281d308c645f6f13f7bcaff49fdb5820d28f7892787c8cde31a7079374,0a58960f6142fad4876a7eacf986c1d59f503dc47c53559a858505232b3c6bcf,f8b5283c3e85f1bc8b4e6e3bde6cc88ee2c61eb45dc03299a6432a593d0fcd03,1.75,35.0,65.1,65.36,64.96000000000001,3.2,0.25,0.01,2.5,0.060000000000002274,5.7,34.800000000000004,0.0,0.0,4.800000000000001,2.0,3581.0,117.7,1.0,119.7,79.0,66.0,2.0,80.0,98.0,398.40000000000003,82.7,31.0,0.012,2.0,2.0,1.0,1.0,2.0,0.0,0.0,0.0,1.0,1.0,1.0,1.0,35.0,1.0,1.0,1.0,35.0,0.05,0.0,1.0,1.0,1.0,1.0,0.0,0.0,0.0,0.0,1.0,35.0,0.0,0.0,0.0,0.0,0.0,1.0,1.0,50.0,50.0,0.0,12.63,1.0,0.060000000000002274,0.0,2.0,5.7,32.947680000000005,31.0,4095.9600000000005,True,False,False,78e6f040f423d64dc4fc19300214fb6bda3386855fae6315f95ed39d1ff6bacc,17f8cef29a4089bb3df961e9cfa3c879b9e9ef92ce9d42019f9c85c9beb13705
P5_8_0036,36,36,1.8,EV-LAB-001,NORMAL_BASELINE,NORMAL_LABORATORY_STATE,all_lab_rules_within_thresholds,DETERMINISTIC_LABORATORY_RULES,False,False,True,False,False,False,False,40,40,0,0,0,True,True,36,0.98971027135849,0.9990541338920593,bc70ccf27f9fa6349332aa31791aa49f53253c1a0426859b2b0af135322d48e4,0a58960f6142fad4876a7eacf986c1d59f503dc47c53559a858505232b3c6bcf,f8b5283c3e85f1bc8b4e6e3bde6cc88ee2c61eb45dc03299a6432a593d0fcd03,1.8,36.0,65.22,65.59,65.04,3.2,0.24,0.01,2.6,0.09499999999999886,5.800000000000001,36.4,0.0,0.0,4.800000000000001,2.0,3587.0,119.5,1.0,119.9,78.0,67.0,2.0,80.0,98.0,398.70000000000005,84.5,31.0,0.01,2.0,2.0,1.0,1.0,2.0,0.0,0.0,0.0,1.0,1.0,1.0,1.0,36.0,1.0,1.0,1.0,36.0,0.05,0.0,1.0,1.0,1.0,1.0,0.0,0.0,0.0,0.0,1.0,36.0,0.0,0.0,0.0,0.0,0.0,1.0,1.0,50.0,50.0,0.0,12.620000000000001,1.0,0.09499999999999886,0.0,0.4000000000000057,5.800000000000001,33.69015,31.0,4349.8,True,False,False,17f8cef29a4089bb3df961e9cfa3c879b9e9ef92ce9d42019f9c85c9beb13705,69eb73c2fc99f6dc09d0ed8794c9a417f838a29a2027f1e5e8526361de29ed95
P5_8_0037,37,37,1.85,EV-LAB-001,NORMAL_BASELINE,NORMAL_LABORATORY_STATE,all_lab_rules_within_thresholds,DETERMINISTIC_LABORATORY_RULES,False,False,True,False,False,False,False,40,40,0,0,0,True,True,37,0.9897005558013916,0.9990546107292175,fa8c4d350721733f1e770a43707a4eed86fe14a10fe164f506c22acd7069e586,0a58960f6142fad4876a7eacf986c1d59f503dc47c53559a858505232b3c6bcf,f8b5283c3e85f1bc8b4e6e3bde6cc88ee2c61eb45dc03299a6432a593d0fcd03,1.85,37.0,65.34,65.69,65.15,3.3000000000000003,0.24,0.01,2.6,0.0799999999999983,5.9,34.800000000000004,0.0,0.0,4.800000000000001,2.0,3594.0,117.7,1.0,115.60000000000001,79.0,67.0,2.0,80.0,98.0,398.20000000000005,81.0,31.0,0.012,2.1,2.0,1.0,1.0,2.0,0.0,0.0,0.0,1.0,1.0,1.0,1.0,37.0,1.0,1.0,1.0,37.0,0.05,0.0,1.0,1.0,1.0,1.0,0.0,0.0,0.0,0.0,1.0,37.0,0.0,0.0,0.0,0.0,0.0,1.0,1.0,50.0,50.0,0.0,12.64,1.0,0.0799999999999983,0.0,2.0999999999999943,5.9,32.254200000000004,31.0,4095.9600000000005,True,False,False,69eb73c2fc99f6dc09d0ed8794c9a417f838a29a2027f1e5e8526361de29ed95,6bf273866cad2ea7ccf7713105d67642efca8c24aea1922774727269fd0a5c55
P5_8_0038,38,38,1.9,EV-LAB-001,NORMAL_BASELINE,NORMAL_LABORATORY_STATE,all_lab_rules_within_thresholds,DETERMINISTIC_LABORATORY_RULES,False,False,True,False,False,False,False,40,40,0,0,0,True,True,38,0.9896910190582275,0.9990549683570862,dfe3bde0e219fe7ba3ddfad5c0734d44d3ac24abd927eea6f7e26929cb421142,0a58960f6142fad4876a7eacf986c1d59f503dc47c53559a858505232b3c6bcf,f8b5283c3e85f1bc8b4e6e3bde6cc88ee2c61eb45dc03299a6432a593d0fcd03,1.9,38.0,65.46000000000001,65.66,65.23,3.3000000000000003,0.24,0.01,2.6,0.01500000000001478,5.9,36.0,0.0,0.0,4.800000000000001,2.0,3600.0,119.4,1.0,121.2,79.0,66.0,2.0,80.0,98.0,398.6,83.10000000000001,31.0,0.007,2.0,2.0,1.0,1.0,2.0,0.0,0.0,0.0,1.0,1.0,1.0,1.0,38.0,1.0,1.0,1.0,38.0,0.05,0.0,1.0,1.0,1.0,1.0,0.0,0.0,0.0,0.0,1.0,38.0,0.0,0.0,0.0,0.0,0.0,1.0,1.0,50.0,50.0,0.0,12.66,1.0,0.01500000000001478,0.0,1.7999999999999972,5.9,33.12366,31.0,4298.400000000001,True,False,False,6bf273866cad2ea7ccf7713105d67642efca8c24aea1922774727269fd0a5c55,8213e39f6b382a45a93bf0aef23a39ecc30a776f9b0a6e4294f421bbc4421231
P5_8_0039,39,39,1.95,EV-LAB-001,NORMAL_BASELINE,NORMAL_LABORATORY_STATE,all_lab_rules_within_thresholds,DETERMINISTIC_LABORATORY_RULES,False,False,True,False,False,False,False,40,40,0,0,0,True,True,39,0.9896816611289978,0.9990554451942444,7934eb323c834cc7b9af7fbfea212567343f2e8aecc7a31cefecc75d00439504,0a58960f6142fad4876a7eacf986c1d59f503dc47c53559a858505232b3c6bcf,f8b5283c3e85f1bc8b4e6e3bde6cc88ee2c61eb45dc03299a6432a593d0fcd03,1.95,39.0,65.57000000000001,65.9,65.35,3.4000000000000004,0.23,0.01,2.7,0.05499999999999261,6.1000000000000005,35.2,0.0,0.0,4.800000000000001,2.0,3606.0,118.4,1.0,116.4,80.0,67.0,2.0,80.0,98.0,399.1,83.9,31.0,0.01,2.3000000000000003,2.0,1.0,1.0,2.0,0.0,0.0,0.0,1.0,1.0,1.0,1.0,39.0,1.0,1.0,1.0,39.0,0.05,0.0,1.0,1.0,1.0,1.0,0.0,0.0,0.0,0.0,1.0,39.0,0.0,0.0,0.0,0.0,0.0,1.0,1.0,50.0,50.0,0.0,12.56,1.0,0.05499999999999261,0.0,2.0,6.1000000000000005,33.48449000000001,31.0,4167.68,True,False,False,8213e39f6b382a45a93bf0aef23a39ecc30a776f9b0a6e4294f421bbc4421231,3eab8642db7a6aaa4dd6479f2c51655b80c935e3f3aae2fc6251c4408fad470f
P5_8_0040,40,40,2.0,EV-LAB-001,NORMAL_BASELINE,NORMAL_LABORATORY_STATE,all_lab_rules_within_thresholds,DETERMINISTIC_LABORATORY_RULES,False,False,True,False,False,False,False,40,40,0,0,0,True,True,40,0.9896724224090576,0.999055802822113,ff17c730c3db1ebb137473b3264f2c8e4dfd269d6e90a459c5aa988775515992,0a58960f6142fad4876a7eacf986c1d59f503dc47c53559a858505232b3c6bcf,f8b5283c3e85f1bc8b4e6e3bde6cc88ee2c61eb45dc03299a6432a593d0fcd03,2.0,40.0,65.68,65.86,65.52,3.5,0.23,0.01,2.8000000000000003,0.009999999999990905,6.300000000000001,36.800000000000004,0.0,0.0,4.800000000000001,2.0,3613.0,120.0,1.0,117.80000000000001,78.0,67.0,2.0,80.0,98.0,399.40000000000003,85.60000000000001,31.0,0.009000000000000001,2.0,2.0,1.0,1.0,2.0,0.0,0.0,0.0,1.0,1.0,1.0,1.0,40.0,1.0,1.0,1.0,40.0,0.05,0.0,1.0,1.0,1.0,1.0,0.0,0.0,0.0,0.0,1.0,40.0,0.0,0.0,0.0,0.0,0.0,1.0,1.0,50.0,50.0,0.0,12.5,1.0,0.009999999999990905,0.0,2.1999999999999886,6.300000000000001,34.18864000000001,31.0,4416.000000000001,True,False,False,3eab8642db7a6aaa4dd6479f2c51655b80c935e3f3aae2fc6251c4408fad470f,34720f901c6bb8eb22540391a18369a7c8030a41729994987bd3e8541797edd7
P5_8_0041,41,41,2.05,EV-LAB-001,NORMAL_BASELINE,NORMAL_LABORATORY_STATE,all_lab_rules_within_thresholds,DETERMINISTIC_LABORATORY_RULES,False,False,True,False,False,False,False,40,40,0,0,0,True,True,41,0.9896631836891174,0.9990562796592712,67396dd552a32c352c6080253740b904b53708c11aef1d2cd27f2adfa35c69b1,0a58960f6142fad4876a7eacf986c1d59f503dc47c53559a858505232b3c6bcf,f8b5283c3e85f1bc8b4e6e3bde6cc88ee2c61eb45dc03299a6432a593d0fcd03,2.05,41.0,65.79,66.02,65.74,3.5,0.22,0.01,2.8000000000000003,0.0899999999999892,6.300000000000001,34.800000000000004,0.0,0.0,4.800000000000001,2.0,3619.0,117.7,1.0,118.60000000000001,79.0,66.0,2.0,80.0,98.0,398.5,84.30000000000001,31.0,0.011,2.1,2.0,1.0,1.0,2.0,0.0,0.0,0.0,1.0,1.0,1.0,1.0,41.0,1.0,1.0,1.0,41.0,0.05,0.0,1.0,1.0,1.0,1.0,0.0,0.0,0.0,0.0,1.0,41.0,0.0,0.0,0.0,0.0,0.0,1.0,1.0,50.0,50.0,0.0,12.61,1.0,0.0899999999999892,0.0,0.9000000000000057,6.300000000000001,33.59355,31.0,4095.9600000000005,True,False,False,34720f901c6bb8eb22540391a18369a7c8030a41729994987bd3e8541797edd7,481fdce3ff9004c0465116956ff9ccda1dfb513b0a071c9c44f7c6cb57707fef
P5_8_0042,42,42,2.1,EV-LAB-001,NORMAL_BASELINE,NORMAL_LABORATORY_STATE,all_lab_rules_within_thresholds,DETERMINISTIC_LABORATORY_RULES,False,False,True,False,False,False,False,40,40,0,0,0,True,True,42,0.9896542429924011,0.9990566372871399,66ce3bd905f2368d51b1f70899a4d603e39246c4f91f8b16f07a04a415ff5ae3,0a58960f6142fad4876a7eacf986c1d59f503dc47c53559a858505232b3c6bcf,f8b5283c3e85f1bc8b4e6e3bde6cc88ee2c61eb45dc03299a6432a593d0fcd03,2.1,42.0,65.9,66.13,65.71000000000001,3.6,0.22,0.01,2.8000000000000003,0.01999999999999602,6.4,36.4,0.0,0.0,4.800000000000001,2.0,3624.0,119.60000000000001,1.0,122.2,79.0,67.0,2.0,80.0,98.0,398.1,85.5,31.0,0.01,2.4000000000000004,2.0,1.0,1.0,2.0,0.0,0.0,0.0,1.0,1.0,1.0,1.0,42.0,1.0,1.0,1.0,42.0,0.05,0.0,1.0,1.0,1.0,1.0,0.0,0.0,0.0,0.0,1.0,42.0,0.0,0.0,0.0,0.0,0.0,1.0,1.0,50.0,50.0,0.0,12.63,1.0,0.01999999999999602,0.0,2.5999999999999943,6.4,34.03755,31.0,4353.4400000000005,True,False,False,481fdce3ff9004c0465116956ff9ccda1dfb513b0a071c9c44f7c6cb57707fef,0a669e13b35d62abd4a41b94e2aea0fcc92748519546f0e761e6b91ac406b2fd
P5_8_0043,43,43,2.15,EV-LAB-001,NORMAL_BASELINE,NORMAL_LABORATORY_STATE,all_lab_rules_within_thresholds,DETERMINISTIC_LABORATORY_RULES,False,False,True,False,False,False,False,40,40,0,0,0,True,True,43,0.9896453619003296,0.9990569949150085,fda928b51d112a743f0ab8fc54243b4f4fbfe609e2fa6e6b7069046598e7580e,0a58960f6142fad4876a7eacf986c1d59f503dc47c53559a858505232b3c6bcf,f8b5283c3e85f1bc8b4e6e3bde6cc88ee2c61eb45dc03299a6432a593d0fcd03,2.15,43.0,66.0,66.12,65.81,3.6,0.21,0.01,2.8000000000000003,0.03499999999999659,6.4,34.800000000000004,0.0,0.0,4.800000000000001,2.0,3630.0,117.60000000000001,1.0,117.80000000000001,79.0,66.0,2.0,80.0,98.0,398.8,82.7,31.0,0.01,1.9000000000000001,2.0,1.0,1.0,2.0,0.0,0.0,0.0,1.0,1.0,1.0,1.0,43.0,1.0,1.0,1.0,43.0,0.05,0.0,1.0,1.0,1.0,1.0,0.0,0.0,0.0,0.0,1.0,43.0,0.0,0.0,0.0,0.0,0.0,1.0,1.0,50.0,50.0,0.0,12.59,1.0,0.03499999999999659,0.0,0.20000000000000284,6.4,32.980760000000004,31.0,4092.480000000001,True,False,False,0a669e13b35d62abd4a41b94e2aea0fcc92748519546f0e761e6b91ac406b2fd,b495f8e8074baf67235066a85bedd41c6c5704cebfd78f007ff7d323b5334a5f
P5_8_0044,44,44,2.2,EV-LAB-001,NORMAL_BASELINE,NORMAL_LABORATORY_STATE,all_lab_rules_within_thresholds,DETERMINISTIC_LABORATORY_RULES,False,False,True,False,False,False,False,40,40,0,0,0,True,True,44,0.9896366000175476,0.9990574717521667,f3039bcf28d41859dbdd84d842b37def91d8429ec1950468f7189a3c992c612c,0a58960f6142fad4876a7eacf986c1d59f503dc47c53559a858505232b3c6bcf,f8b5283c3e85f1bc8b4e6e3bde6cc88ee2c61eb45dc03299a6432a593d0fcd03,2.2,44.0,66.11,66.35,65.83,3.7,0.21,0.01,2.9000000000000004,0.01999999999999602,6.6000000000000005,36.0,0.0,0.0,4.800000000000001,2.0,3636.0,119.4,1.0,120.2,79.0,66.0,2.0,80.0,98.0,398.6,84.10000000000001,31.0,0.011,2.0,2.0,1.0,1.0,2.0,0.0,0.0,0.0,1.0,1.0,1.0,1.0,44.0,1.0,1.0,1.0,44.0,0.05,0.0,1.0,1.0,1.0,1.0,0.0,0.0,0.0,0.0,1.0,44.0,0.0,0.0,0.0,0.0,0.0,1.0,1.0,50.0,50.0,0.0,12.61,1.0,0.01999999999999602,0.0,0.7999999999999972,6.6000000000000005,33.52226,31.0,4298.400000000001,True,False,False,b495f8e8074baf67235066a85bedd41c6c5704cebfd78f007ff7d323b5334a5f,cc49999191aa4d39ce6aac33e8e69f7babfe8135718fdf68f9739aeef78134f5
P5_8_0045,45,45,2.25,EV-LAB-001,NORMAL_BASELINE,NORMAL_LABORATORY_STATE,all_lab_rules_within_thresholds,DETERMINISTIC_LABORATORY_RULES,False,False,True,False,False,False,False,40,40,0,0,0,True,True,45,0.9896279573440552,0.9990578293800354,e88db8b431787c338b641f99851b377485d85dc5f2dae56e00d7683f22b8a7f2,0a58960f6142fad4876a7eacf986c1d59f503dc47c53559a858505232b3c6bcf,f8b5283c3e85f1bc8b4e6e3bde6cc88ee2c61eb45dc03299a6432a593d0fcd03,2.25,45.0,66.21000000000001,66.55,65.99,3.7,0.2,0.01,3.0,0.05999999999998806,6.7,36.4,0.0,0.0,4.800000000000001,2.0,3641.0,119.80000000000001,1.0,120.80000000000001,79.0,67.0,2.0,80.0,98.0,398.6,84.0,31.0,0.012,2.2,2.0,1.0,1.0,2.0,0.0,0.0,0.0,1.0,1.0,1.0,1.0,45.0,1.0,1.0,1.0,45.0,0.05,0.0,1.0,1.0,1.0,1.0,0.0,0.0,0.0,0.0,1.0,45.0,0.0,0.0,0.0,0.0,0.0,1.0,1.0,50.0,50.0,0.0,12.58,1.0,0.05999999999998806,0.0,1.0,6.7,33.4824,31.0,4360.72,True,False,False,cc49999191aa4d39ce6aac33e8e69f7babfe8135718fdf68f9739aeef78134f5,6aae2cf4e40515d510976f9ffd5ca5ce7ecbe243ab8c146ab48677ed087b1df4
P5_8_0046,46,46,2.3,EV-LAB-001,NORMAL_BASELINE,NORMAL_LABORATORY_STATE,all_lab_rules_within_thresholds,DETERMINISTIC_LABORATORY_RULES,False,False,True,False,False,False,False,40,40,0,0,0,True,True,46,0.9896195530891418,0.999058187007904,2e7a8e3be0fa22c80b1a1be1b42857a5b0f7c85f3c6710ddc8ef746325843b6b,0a58960f6142fad4876a7eacf986c1d59f503dc47c53559a858505232b3c6bcf,f8b5283c3e85f1bc8b4e6e3bde6cc88ee2c61eb45dc03299a6432a593d0fcd03,2.3,46.0,66.3,66.62,66.04,3.8000000000000003,0.2,0.02,3.0,0.030000000000015348,6.800000000000001,35.6,0.0,0.0,4.800000000000001,2.0,3647.0,118.60000000000001,1.0,118.9,79.0,68.0,2.0,80.0,98.0,398.6,83.30000000000001,31.0,0.011,2.1,2.0,1.0,1.0,2.0,0.0,0.0,0.0,1.0,1.0,1.0,1.0,46.0,1.0,1.0,1.0,46.0,0.05,0.0,1.0,1.0,1.0,1.0,0.0,0.0,0.0,0.0,1.0,46.0,0.0,0.0,0.0,0.0,0.0,1.0,1.0,50.0,50.0,0.0,12.63,1.0,0.030000000000015348,0.0,0.29999999999999716,6.800000000000001,33.20338,31.0,4222.160000000001,True,False,False,6aae2cf4e40515d510976f9ffd5ca5ce7ecbe243ab8c146ab48677ed087b1df4,0b394d5924010ffc77db16c1fac392a27a8da20d312a27108d87c1d8d6960aa9
P5_8_0047,47,47,2.35,EV-LAB-001,NORMAL_BASELINE,NORMAL_LABORATORY_STATE,all_lab_rules_within_thresholds,DETERMINISTIC_LABORATORY_RULES,False,False,True,False,False,False,False,40,40,0,0,0,True,True,47,0.9896112680435181,0.9990585446357727,95100d7f8c3f7ee235feb17d85ee552e9b55511bebd2c98b358e36acea2f3934,0a58960f6142fad4876a7eacf986c1d59f503dc47c53559a858505232b3c6bcf,f8b5283c3e85f1bc8b4e6e3bde6cc88ee2c61eb45dc03299a6432a593d0fcd03,2.35,47.0,66.4,66.69,66.21000000000001,3.8000000000000003,0.19,0.01,3.0,0.04999999999999716,6.800000000000001,36.800000000000004,0.0,0.0,4.800000000000001,2.0,3652.0,120.2,1.0,120.2,79.0,66.0,2.0,80.0,98.0,398.6,82.80000000000001,31.0,0.011,1.8,2.0,1.0,1.0,2.0,0.0,0.0,0.0,1.0,1.0,1.0,1.0,47.0,1.0,1.0,1.0,47.0,0.05,0.0,1.0,1.0,1.0,1.0,0.0,0.0,0.0,0.0,1.0,47.0,0.0,0.0,0.0,0.0,0.0,1.0,1.0,50.0,50.0,0.0,12.63,1.0,0.04999999999999716,0.0,0.0,6.800000000000001,33.00408000000001,31.0,4423.360000000001,True,False,False,0b394d5924010ffc77db16c1fac392a27a8da20d312a27108d87c1d8d6960aa9,f7e2401160c23d0380bc4a77123843a71cc2c45722515aaafafac6c0627c6ef9
P5_8_0048,48,48,2.4,EV-LAB-001,NORMAL_BASELINE,NORMAL_LABORATORY_STATE,all_lab_rules_within_thresholds,DETERMINISTIC_LABORATORY_RULES,False,False,True,False,False,False,False,40,40,0,0,0,True,True,48,0.9896031022071838,0.9990589022636414,c7ed10d5adc0f38776872951c54b1351b3b880d388ce4d830d16042be32016e9,0a58960f6142fad4876a7eacf986c1d59f503dc47c53559a858505232b3c6bcf,f8b5283c3e85f1bc8b4e6e3bde6cc88ee2c61eb45dc03299a6432a593d0fcd03,2.4,48.0,66.49,66.81,66.29,3.9000000000000004,0.19,0.01,3.0,0.060000000000016485,6.9,36.4,0.0,0.0,4.800000000000001,2.0,3657.0,119.7,1.0,116.0,79.0,67.0,2.0,80.0,98.0,398.6,84.4,31.0,0.011,2.0,2.0,1.0,1.0,2.0,0.0,0.0,0.0,1.0,1.0,1.0,1.0,48.0,1.0,1.0,1.0,48.0,0.05,0.0,1.0,1.0,1.0,1.0,0.0,0.0,0.0,0.0,1.0,48.0,0.0,0.0,0.0,0.0,0.0,1.0,1.0,50.0,50.0,0.0,12.6,1.0,0.060000000000016485,0.0,3.700000000000003,6.9,33.64184,31.0,4357.08,True,False,False,f7e2401160c23d0380bc4a77123843a71cc2c45722515aaafafac6c0627c6ef9,db7d3fa7ebad798ae42a3337a008ad7cbad66a4cdfa4521b45ba4992a5720378
P5_8_0049,49,49,2.45,EV-LAB-001,NORMAL_BASELINE,NORMAL_LABORATORY_STATE,all_lab_rules_within_thresholds,DETERMINISTIC_LABORATORY_RULES,False,False,True,False,False,False,False,40,40,0,0,0,True,True,49,0.9895951151847839,0.99905925989151,3ad6ea9a91a2e3048ad4b185874d4ab763dde46abd7d335d8842d51daeefa12c,0a58960f6142fad4876a7eacf986c1d59f503dc47c53559a858505232b3c6bcf,f8b5283c3e85f1bc8b4e6e3bde6cc88ee2c61eb45dc03299a6432a593d0fcd03,2.45,49.0,66.58,66.78,66.35,3.9000000000000004,0.18,0.01,3.2,0.015000000000000568,7.1000000000000005,36.4,0.0,0.0,4.800000000000001,2.0,3662.0,119.60000000000001,1.0,118.0,78.0,66.0,2.0,80.0,98.0,398.20000000000005,81.60000000000001,31.0,0.009000000000000001,1.8,2.0,1.0,1.0,2.0,0.0,0.0,0.0,1.0,1.0,1.0,1.0,49.0,1.0,1.0,1.0,49.0,0.05,0.0,1.0,1.0,1.0,1.0,0.0,0.0,0.0,0.0,1.0,49.0,0.0,0.0,0.0,0.0,0.0,1.0,1.0,50.0,50.0,0.0,12.620000000000001,1.0,0.015000000000000568,0.0,1.6000000000000085,7.1000000000000005,32.493120000000005,31.0,4353.4400000000005,True,False,False,db7d3fa7ebad798ae42a3337a008ad7cbad66a4cdfa4521b45ba4992a5720378,a2466622b5f34494104d25163f6f2999f8126aa30ce810fa4db3ddd430e13c00
P5_8_0050,50,50,2.5,EV-LAB-001,NORMAL_BASELINE,NORMAL_LABORATORY_STATE,all_lab_rules_within_thresholds,DETERMINISTIC_LABORATORY_RULES,False,False,True,False,False,False,False,40,40,0,0,0,True,True,50,0.9895873069763184,0.9990596175193787,f8412af5023dc79b1704b82acbdc7d31dc096ac75129e3958061e8abac18f8c8,0a58960f6142fad4876a7eacf986c1d59f503dc47c53559a858505232b3c6bcf,f8b5283c3e85f1bc8b4e6e3bde6cc88ee2c61eb45dc03299a6432a593d0fcd03,2.5,50.0,66.67,66.82000000000001,66.33,3.9000000000000004,0.18,0.01,3.1,0.09499999999999886,7.0,37.2,0.0,0.0,4.800000000000001,2.0,3667.0,120.4,1.0,121.5,79.0,68.0,2.0,80.0,98.0,398.6,83.0,31.0,0.013000000000000001,1.9000000000000001,2.0,1.0,1.0,2.0,0.0,0.0,0.0,1.0,1.0,1.0,1.0,50.0,1.0,1.0,1.0,50.0,0.05,0.0,1.0,1.0,1.0,1.0,0.0,0.0,0.0,0.0,1.0,50.0,0.0,0.0,0.0,0.0,0.0,1.0,1.0,50.0,50.0,0.0,12.58,1.0,0.09499999999999886,0.0,1.0999999999999943,7.0,33.083800000000004,31.0,4478.88,True,False,False,a2466622b5f34494104d25163f6f2999f8126aa30ce810fa4db3ddd430e13c00,7fb39d23a5aefcd1d04cfabd605fe509ab6a3b180ee3661423e2b2c9cf10a8d8
P5_8_0051,51,51,2.55,EV-LAB-001,NORMAL_BASELINE,NORMAL_LABORATORY_STATE,all_lab_rules_within_thresholds,DETERMINISTIC_LABORATORY_RULES,False,False,True,False,False,False,False,40,40,0,0,0,True,True,51,0.9895797371864319,0.9990599751472473,f4f7c1705c901d37d778e3ded915bfd443d0d81b90e27867af7a75f13c3888e1,0a58960f6142fad4876a7eacf986c1d59f503dc47c53559a858505232b3c6bcf,f8b5283c3e85f1bc8b4e6e3bde6cc88ee2c61eb45dc03299a6432a593d0fcd03,2.55,51.0,66.76,66.97,66.56,4.0,0.17,0.02,3.2,0.0049999999999954525,7.2,36.4,0.0,0.0,4.800000000000001,2.0,3672.0,119.80000000000001,1.0,120.80000000000001,79.0,67.0,2.0,80.0,98.0,399.40000000000003,85.2,31.0,0.01,2.6,2.0,1.0,1.0,2.0,0.0,0.0,0.0,1.0,1.0,1.0,1.0,51.0,1.0,1.0,1.0,51.0,0.05,0.0,1.0,1.0,1.0,1.0,0.0,0.0,0.0,0.0,1.0,51.0,0.0,0.0,0.0,0.0,0.0,1.0,1.0,50.0,50.0,0.0,12.57,1.0,0.0049999999999954525,0.0,1.0,7.2,34.02888000000001,31.0,4360.72,True,False,False,7fb39d23a5aefcd1d04cfabd605fe509ab6a3b180ee3661423e2b2c9cf10a8d8,3be036a64dd45c68cf036e57101238ddb922eb1867c6f76cd18ad17d6a044a4a
P5_8_0052,52,52,2.6,EV-LAB-001,NORMAL_BASELINE,NORMAL_LABORATORY_STATE,all_lab_rules_within_thresholds,DETERMINISTIC_LABORATORY_RULES,False,False,True,False,False,False,False,40,40,0,0,0,True,True,52,0.9895721673965454,0.9990602135658264,5822c25ede8031983fa4bc1f4ed67402805905ce6f5b20e2f9bc01cc62a53c84,0a58960f6142fad4876a7eacf986c1d59f503dc47c53559a858505232b3c6bcf,f8b5283c3e85f1bc8b4e6e3bde6cc88ee2c61eb45dc03299a6432a593d0fcd03,2.6,52.0,66.84,67.22,66.67,4.0,0.17,0.01,3.2,0.10499999999998977,7.2,37.2,0.0,0.0,4.800000000000001,2.0,3676.0,120.7,1.0,120.30000000000001,80.0,67.0,2.0,80.0,98.0,398.1,83.80000000000001,31.0,0.012,1.9000000000000001,2.0,1.0,1.0,2.0,0.0,0.0,0.0,1.0,1.0,1.0,1.0,52.0,1.0,1.0,1.0,52.0,0.05,0.0,1.0,1.0,1.0,1.0,0.0,0.0,0.0,0.0,1.0,52.0,0.0,0.0,0.0,0.0,0.0,1.0,1.0,50.0,50.0,0.0,12.530000000000001,1.0,0.10499999999998977,0.0,0.3999999999999915,7.2,33.360780000000005,31.0,4490.040000000001,True,False,False,3be036a64dd45c68cf036e57101238ddb922eb1867c6f76cd18ad17d6a044a4a,fe1c4fa8c2757fb4154b7e25df021907b3f9136ba709ea80308f72da11191b1f
P5_8_0053,53,53,2.65,EV-LAB-001,NORMAL_BASELINE,NORMAL_LABORATORY_STATE,all_lab_rules_within_thresholds,DETERMINISTIC_LABORATORY_RULES,False,False,True,False,False,False,False,40,40,0,0,0,True,True,53,0.9895648956298828,0.9990605711936951,91e506f32e509f0bc2967968c99fa1d9a7a893dd765e1e942f0529b2afd9e0b0,0a58960f6142fad4876a7eacf986c1d59f503dc47c53559a858505232b3c6bcf,f8b5283c3e85f1bc8b4e6e3bde6cc88ee2c61eb45dc03299a6432a593d0fcd03,2.65,53.0,66.92,67.11,66.83,4.0,0.16,0.01,3.3000000000000003,0.04999999999999716,7.300000000000001,37.2,0.0,0.0,4.800000000000001,2.0,3681.0,120.80000000000001,1.0,119.0,80.0,68.0,2.0,80.0,98.0,398.20000000000005,84.80000000000001,31.0,0.017,1.9000000000000001,2.0,1.0,1.0,2.0,0.0,0.0,0.0,1.0,1.0,1.0,1.0,53.0,1.0,1.0,1.0,53.0,0.05,0.0,1.0,1.0,1.0,1.0,0.0,0.0,0.0,0.0,1.0,53.0,0.0,0.0,0.0,0.0,0.0,1.0,1.0,50.0,50.0,0.0,12.6,1.0,0.04999999999999716,0.0,1.8000000000000114,7.300000000000001,33.76736000000001,31.0,4493.760000000001,True,False,False,fe1c4fa8c2757fb4154b7e25df021907b3f9136ba709ea80308f72da11191b1f,e4eaae59589b8d48ac8c034ef979ce00444b5a197cf52e624bc3a572c4ad866e
P5_8_0054,54,54,2.7,EV-LAB-001,NORMAL_BASELINE,NORMAL_LABORATORY_STATE,all_lab_rules_within_thresholds,DETERMINISTIC_LABORATORY_RULES,False,False,True,False,False,False,False,40,40,0,0,0,True,True,54,0.9895578026771545,0.9990609288215637,8f963d63688b1d422d9ac9444bfe92b144e80261e2cac86db85bbf458411b163,0a58960f6142fad4876a7eacf986c1d59f503dc47c53559a858505232b3c6bcf,f8b5283c3e85f1bc8b4e6e3bde6cc88ee2c61eb45dc03299a6432a593d0fcd03,2.7,54.0,67.0,67.17,66.78,4.1000000000000005,0.16,0.02,3.3000000000000003,0.025000000000005684,7.4,37.2,0.0,0.0,4.800000000000001,2.0,3685.0,120.5,1.0,118.4,80.0,68.0,2.0,80.0,98.0,398.6,83.60000000000001,31.0,0.011,1.8,2.0,1.0,1.0,2.0,0.0,0.0,0.0,1.0,1.0,1.0,1.0,54.0,1.0,1.0,1.0,54.0,0.05,0.0,1.0,1.0,1.0,1.0,0.0,0.0,0.0,0.0,1.0,54.0,0.0,0.0,0.0,0.0,0.0,1.0,1.0,50.0,50.0,0.0,12.67,1.0,0.025000000000005684,0.0,2.0999999999999943,7.4,33.32296000000001,31.0,4482.6,True,False,False,e4eaae59589b8d48ac8c034ef979ce00444b5a197cf52e624bc3a572c4ad866e,12000686738b43045d582e43a9afdd2f8989a4b6d8eb170b4abaa0a5db338c27
P5_8_0055,55,55,2.75,EV-LAB-001,NORMAL_BASELINE,NORMAL_LABORATORY_STATE,all_lab_rules_within_thresholds,DETERMINISTIC_LABORATORY_RULES,False,False,True,False,False,False,False,40,40,0,0,0,True,True,55,0.989550769329071,0.9990611672401428,c186a00afce1b0141f171d1492c6bc8fc48be5f14d862922880dc4b5af149933,0a58960f6142fad4876a7eacf986c1d59f503dc47c53559a858505232b3c6bcf,f8b5283c3e85f1bc8b4e6e3bde6cc88ee2c61eb45dc03299a6432a593d0fcd03,2.75,55.0,67.07000000000001,67.28,66.84,4.1000000000000005,0.15,0.02,3.3000000000000003,0.010000000000005116,7.4,36.800000000000004,0.0,0.0,4.800000000000001,2.0,3689.0,120.10000000000001,1.0,119.9,79.0,67.0,2.0,80.0,98.0,399.40000000000003,84.0,31.0,0.012,2.1,2.0,1.0,1.0,2.0,0.0,0.0,0.0,1.0,1.0,1.0,1.0,55.0,1.0,1.0,1.0,55.0,0.05,0.0,1.0,1.0,1.0,1.0,0.0,0.0,0.0,0.0,1.0,55.0,0.0,0.0,0.0,0.0,0.0,1.0,1.0,50.0,50.0,0.0,12.55,1.0,0.010000000000005116,0.0,0.20000000000000284,7.4,33.549600000000005,31.0,4419.680000000001,True,False,False,12000686738b43045d582e43a9afdd2f8989a4b6d8eb170b4abaa0a5db338c27,05b3847c9a6819359b70d40afce42c78dca4c9e26d0ab6e1808dd05feb342a7c
P5_8_0056,56,56,2.8,EV-LAB-001,NORMAL_BASELINE,NORMAL_LABORATORY_STATE,all_lab_rules_within_thresholds,DETERMINISTIC_LABORATORY_RULES,False,False,True,False,False,False,False,40,40,0,0,0,True,True,56,0.9895440340042114,0.9990615248680115,cced708bf5cd6c5c8f2c0378e00e1fef52bb09caaa9dda1a03a62c12ed13654a,0a58960f6142fad4876a7eacf986c1d59f503dc47c53559a858505232b3c6bcf,f8b5283c3e85f1bc8b4e6e3bde6cc88ee2c61eb45dc03299a6432a593d0fcd03,2.8,56.0,67.15,67.38,67.1,4.1000000000000005,0.15,0.02,3.3000000000000003,0.0899999999999892,7.4,36.4,0.0,0.0,4.800000000000001,2.0,3693.0,119.7,1.0,119.2,80.0,66.0,2.0,80.0,98.0,399.0,83.2,31.0,0.009000000000000001,2.0,2.0,1.0,1.0,2.0,0.0,0.0,0.0,1.0,1.0,1.0,1.0,56.0,1.0,1.0,1.0,56.0,0.05,0.0,1.0,1.0,1.0,1.0,0.0,0.0,0.0,0.0,1.0,56.0,0.0,0.0,0.0,0.0,0.0,1.0,1.0,50.0,50.0,0.0,12.65,1.0,0.0899999999999892,0.0,0.5,7.4,33.1968,31.0,4357.08,True,False,False,05b3847c9a6819359b70d40afce42c78dca4c9e26d0ab6e1808dd05feb342a7c,17cfb64db3fba75cee4283f927ec08a9c72f075b3031a92451f32c63f2ffca89
P5_8_0057,57,57,2.85,EV-LAB-001,NORMAL_BASELINE,NORMAL_LABORATORY_STATE,all_lab_rules_within_thresholds,DETERMINISTIC_LABORATORY_RULES,False,False,True,False,False,False,False,40,40,0,0,0,True,True,57,0.9895374774932861,0.9990617632865906,1ed55cf8da22bec356ca34d5a091d093fc6de8d351c06bf501536460ca46de97,0a58960f6142fad4876a7eacf986c1d59f503dc47c53559a858505232b3c6bcf,f8b5283c3e85f1bc8b4e6e3bde6cc88ee2c61eb45dc03299a6432a593d0fcd03,2.85,57.0,67.22,67.32000000000001,67.01,4.1000000000000005,0.14,0.01,3.4000000000000004,0.05499999999999261,7.500000000000001,34.800000000000004,0.0,0.0,4.800000000000001,2.0,3697.0,117.60000000000001,1.0,114.80000000000001,79.0,67.0,2.0,80.0,98.0,398.40000000000003,82.4,31.0,0.012,1.8,2.0,1.0,1.0,2.0,0.0,0.0,0.0,1.0,1.0,1.0,1.0,57.0,1.0,1.0,1.0,57.0,0.05,0.0,1.0,1.0,1.0,1.0,0.0,0.0,0.0,0.0,1.0,57.0,0.0,0.0,0.0,0.0,0.0,1.0,1.0,50.0,50.0,0.0,12.61,1.0,0.05499999999999261,0.0,2.799999999999997,7.500000000000001,32.828160000000004,31.0,4092.480000000001,True,False,False,17cfb64db3fba75cee4283f927ec08a9c72f075b3031a92451f32c63f2ffca89,d2e34f6c6efa6dd04c7ab9c045cfc46cf1ba1b0c375a0086e0508130a9c51be2
P5_8_0058,58,58,2.9,EV-LAB-001,NORMAL_BASELINE,NORMAL_LABORATORY_STATE,all_lab_rules_within_thresholds,DETERMINISTIC_LABORATORY_RULES,False,False,True,False,False,False,False,40,40,0,0,0,True,True,58,0.9895310401916504,0.9990621209144592,7479257d90d0baf821d624e6ec97d1591aed86a1f42a8d829645f5ac7c9808c1,0a58960f6142fad4876a7eacf986c1d59f503dc47c53559a858505232b3c6bcf,f8b5283c3e85f1bc8b4e6e3bde6cc88ee2c61eb45dc03299a6432a593d0fcd03,2.9,58.0,67.29,67.58,67.2,4.2,0.14,0.01,3.3000000000000003,0.09999999999999432,7.5,37.2,0.0,0.0,4.800000000000001,2.0,3701.0,120.80000000000001,1.0,120.4,79.0,68.0,2.0,80.0,98.0,398.5,83.0,31.0,0.01,1.9000000000000001,2.0,1.0,1.0,2.0,0.0,0.0,0.0,1.0,1.0,1.0,1.0,58.0,1.0,1.0,1.0,58.0,0.05,0.0,1.0,1.0,1.0,1.0,0.0,0.0,0.0,0.0,1.0,58.0,0.0,0.0,0.0,0.0,0.0,1.0,1.0,50.0,50.0,0.0,12.59,1.0,0.09999999999999432,0.0,0.4000000000000057,7.5,33.0755,31.0,4493.760000000001,True,False,False,d2e34f6c6efa6dd04c7ab9c045cfc46cf1ba1b0c375a0086e0508130a9c51be2,ab6fc8f2393310ec2038b7d8da40f1abb1dbe0745d61e740dbff21e509a29810
P5_8_0059,59,59,2.95,EV-LAB-001,NORMAL_BASELINE,NORMAL_LABORATORY_STATE,all_lab_rules_within_thresholds,DETERMINISTIC_LABORATORY_RULES,False,False,True,False,False,False,False,40,40,0,0,0,True,True,59,0.9895248413085938,0.9990623593330383,633c6c95835acb393a53f73dd8942eb8e1f4a3290251bbe5589f14abc0336675,0a58960f6142fad4876a7eacf986c1d59f503dc47c53559a858505232b3c6bcf,f8b5283c3e85f1bc8b4e6e3bde6cc88ee2c61eb45dc03299a6432a593d0fcd03,2.95,59.0,67.35,67.69,67.17,4.2,0.13,0.01,3.3000000000000003,0.0800000000000125,7.5,38.0,0.0,0.0,4.800000000000001,2.0,3704.0,121.60000000000001,1.0,120.4,79.0,66.0,2.0,80.0,98.0,398.1,84.9,31.0,0.01,2.0,2.0,1.0,1.0,2.0,0.0,0.0,0.0,1.0,1.0,1.0,1.0,59.0,1.0,1.0,1.0,59.0,0.05,0.0,1.0,1.0,1.0,1.0,0.0,0.0,0.0,0.0,1.0,59.0,0.0,0.0,0.0,0.0,0.0,1.0,1.0,50.0,50.0,0.0,12.620000000000001,1.0,0.0800000000000125,0.0,1.2000000000000028,7.5,33.79869,31.0,4620.8,True,False,False,ab6fc8f2393310ec2038b7d8da40f1abb1dbe0745d61e740dbff21e509a29810,ffecd6e5eb86adc41b7c72dc623aea41d181e4f8450647fabb14ac1d7a1f2ee2
P5_8_0060,60,60,3.0,EV-LAB-001,NORMAL_BASELINE,NORMAL_LABORATORY_STATE,all_lab_rules_within_thresholds,DETERMINISTIC_LABORATORY_RULES,False,False,True,False,False,False,False,40,40,0,0,0,True,True,60,0.9895188212394714,0.9990625977516174,60d1ddb83376c48c661a0bf2c3bfe289baaa1c35871674c96d57b21a3c257bc9,0a58960f6142fad4876a7eacf986c1d59f503dc47c53559a858505232b3c6bcf,f8b5283c3e85f1bc8b4e6e3bde6cc88ee2c61eb45dc03299a6432a593d0fcd03,3.0,60.0,67.42,67.6,67.32000000000001,4.2,0.13,0.01,3.3000000000000003,0.04000000000000625,7.5,38.400000000000006,0.0,0.0,4.800000000000001,2.0,3708.0,122.10000000000001,1.0,119.7,80.0,68.0,2.0,80.0,98.0,398.3,86.10000000000001,31.0,0.009000000000000001,2.0,2.0,1.0,1.0,2.0,0.0,0.0,0.0,1.0,1.0,1.0,1.0,60.0,1.0,1.0,1.0,60.0,0.05,0.0,1.0,1.0,1.0,1.0,0.0,0.0,0.0,0.0,1.0,60.0,0.0,0.0,0.0,0.0,0.0,1.0,1.0,50.0,50.0,0.0,12.620000000000001,1.0,0.04000000000000625,0.0,2.4000000000000057,7.5,34.29363000000001,31.0,4688.640000000001,True,False,False,ffecd6e5eb86adc41b7c72dc623aea41d181e4f8450647fabb14ac1d7a1f2ee2,f332a24862fac8765c993cebbb96ccd7f32bda5896737aa6f363e3bc639e5326
P5_8_0061,61,61,3.05,EV-LAB-001,NORMAL_BASELINE,NORMAL_LABORATORY_STATE,all_lab_rules_within_thresholds,DETERMINISTIC_LABORATORY_RULES,False,False,True,False,False,False,False,40,40,0,0,0,True,True,61,0.9895128607749939,0.9990628361701965,9244cb602fb81f4fe93e0ff050375545be652650980d418ad5e719625f337026,0a58960f6142fad4876a7eacf986c1d59f503dc47c53559a858505232b3c6bcf,f8b5283c3e85f1bc8b4e6e3bde6cc88ee2c61eb45dc03299a6432a593d0fcd03,3.05,61.0,67.48,67.97,67.14,4.2,0.12,0.01,3.3000000000000003,0.07500000000000284,7.5,38.400000000000006,0.0,0.0,4.800000000000001,2.0,3711.0,122.10000000000001,1.0,123.4,80.0,67.0,2.0,80.0,98.0,398.8,84.7,31.0,0.008,2.3000000000000003,2.0,1.0,1.0,2.0,0.0,0.0,0.0,1.0,1.0,1.0,1.0,61.0,1.0,1.0,1.0,61.0,0.05,0.0,1.0,1.0,1.0,1.0,0.0,0.0,0.0,0.0,1.0,61.0,0.0,0.0,0.0,0.0,0.0,1.0,1.0,50.0,50.0,0.0,12.64,1.0,0.07500000000000284,0.0,1.2999999999999972,7.5,33.77836,31.0,4688.640000000001,True,False,False,f332a24862fac8765c993cebbb96ccd7f32bda5896737aa6f363e3bc639e5326,54a9b3e170ea48adb1400b52ec86ccfba6e18d39545cc4a3de52563b8f76e5d4
P5_8_0062,62,62,3.1,EV-LAB-001,NORMAL_BASELINE,NORMAL_LABORATORY_STATE,all_lab_rules_within_thresholds,DETERMINISTIC_LABORATORY_RULES,False,False,True,False,False,False,False,40,40,0,0,0,True,True,62,0.989507257938385,0.9990630745887756,0ef7262fba85e09335171e75a6bfc84fb423a4ee9c24301cdebd2765211b31df,0a58960f6142fad4876a7eacf986c1d59f503dc47c53559a858505232b3c6bcf,f8b5283c3e85f1bc8b4e6e3bde6cc88ee2c61eb45dc03299a6432a593d0fcd03,3.1,62.0,67.53,67.84,67.41,4.2,0.12,0.01,3.4000000000000004,0.09499999999999886,7.6000000000000005,37.6,0.0,0.0,4.800000000000001,2.0,3714.0,121.30000000000001,1.0,121.80000000000001,80.0,67.0,2.0,80.0,98.0,398.90000000000003,83.9,31.0,0.016,2.1,2.0,1.0,1.0,2.0,0.0,0.0,0.0,1.0,1.0,1.0,1.0,62.0,1.0,1.0,1.0,62.0,0.05,0.0,1.0,1.0,1.0,1.0,0.0,0.0,0.0,0.0,1.0,62.0,0.0,0.0,0.0,0.0,0.0,1.0,1.0,50.0,50.0,0.0,12.63,1.0,0.09499999999999886,0.0,0.5,7.6000000000000005,33.467710000000004,31.0,4560.880000000001,True,False,False,54a9b3e170ea48adb1400b52ec86ccfba6e18d39545cc4a3de52563b8f76e5d4,18cf5c0f8612e5bef8c3d480f085622bd90983cb54e9c089a005097404aa7eba
P5_8_0063,63,63,3.15,EV-LAB-001,NORMAL_BASELINE,NORMAL_LABORATORY_STATE,all_lab_rules_within_thresholds,DETERMINISTIC_LABORATORY_RULES,False,False,True,False,False,False,False,40,40,0,0,0,True,True,63,0.9895017743110657,0.9990633130073547,ae287a1d7919ebdfeb09ece2458c637d1af95921ae04e4fdcd8226a67732a302,0a58960f6142fad4876a7eacf986c1d59f503dc47c53559a858505232b3c6bcf,f8b5283c3e85f1bc8b4e6e3bde6cc88ee2c61eb45dc03299a6432a593d0fcd03,3.15,63.0,67.59,67.98,67.4,4.2,0.11,0.02,3.4000000000000004,0.09999999999999432,7.6000000000000005,38.0,0.0,0.0,4.800000000000001,2.0,3717.0,121.80000000000001,1.0,123.10000000000001,81.0,67.0,2.0,80.0,98.0,398.20000000000005,86.30000000000001,31.0,0.01,2.0,2.0,1.0,1.0,2.0,0.0,0.0,0.0,1.0,1.0,1.0,1.0,63.0,1.0,1.0,1.0,63.0,0.05,0.0,1.0,1.0,1.0,1.0,0.0,0.0,0.0,0.0,1.0,63.0,0.0,0.0,0.0,0.0,0.0,1.0,1.0,50.0,50.0,0.0,12.64,1.0,0.09999999999999432,0.0,1.2999999999999972,7.6000000000000005,34.36466000000001,31.0,4628.400000000001,True,False,False,18cf5c0f8612e5bef8c3d480f085622bd90983cb54e9c089a005097404aa7eba,addcac09f221dc21add5973f3d142f2d633e87f99c8ec867679cc70bbd8f7616
P5_8_0064,64,64,3.2,EV-LAB-001,NORMAL_BASELINE,NORMAL_LABORATORY_STATE,all_lab_rules_within_thresholds,DETERMINISTIC_LABORATORY_RULES,False,False,True,False,False,False,False,40,40,0,0,0,True,True,64,0.989496648311615,0.9990635514259338,2f608db24d317861b55e474ca2eb90ee6901e77a0fa5807650681b8a71629325,0a58960f6142fad4876a7eacf986c1d59f503dc47c53559a858505232b3c6bcf,f8b5283c3e85f1bc8b4e6e3bde6cc88ee2c61eb45dc03299a6432a593d0fcd03,3.2,64.0,67.64,67.83,67.45,4.3,0.11,0.01,3.4000000000000004,0.0,7.7,38.400000000000006,0.0,0.0,4.800000000000001,2.0,3720.0,122.10000000000001,1.0,122.0,79.0,68.0,2.0,80.0,98.0,399.1,85.30000000000001,31.0,0.015,1.9000000000000001,2.0,1.0,1.0,2.0,0.0,0.0,0.0,1.0,1.0,1.0,1.0,64.0,1.0,1.0,1.0,64.0,0.05,0.0,1.0,1.0,1.0,1.0,0.0,0.0,0.0,0.0,1.0,64.0,0.0,0.0,0.0,0.0,0.0,1.0,1.0,50.0,50.0,0.0,12.620000000000001,1.0,0.0,0.0,0.10000000000000853,7.7,34.04323,31.0,4688.640000000001,True,False,False,addcac09f221dc21add5973f3d142f2d633e87f99c8ec867679cc70bbd8f7616,a82a540243798dfaebe6aefeb228ccb590c9b090209cf84dea9ad2bc5838e257
P5_8_0065,65,65,3.25,EV-LAB-001,NORMAL_BASELINE,NORMAL_LABORATORY_STATE,all_lab_rules_within_thresholds,DETERMINISTIC_LABORATORY_RULES,False,False,True,False,False,False,False,40,40,0,0,0,True,True,65,0.9894914627075195,0.9990637898445129,4deece1f04de520a94b94ccd2a95e7a15d68140da1209ef478a8329365811658,0a58960f6142fad4876a7eacf986c1d59f503dc47c53559a858505232b3c6bcf,f8b5283c3e85f1bc8b4e6e3bde6cc88ee2c61eb45dc03299a6432a593d0fcd03,3.25,65.0,67.69,67.77,67.5,4.3,0.1,0.01,3.5,0.05500000000000682,7.8,37.2,0.0,0.0,4.800000000000001,2.0,3723.0,120.7,1.0,119.80000000000001,79.0,67.0,2.0,80.0,98.0,398.20000000000005,83.4,31.0,0.009000000000000001,1.8,2.0,1.0,1.0,2.0,0.0,0.0,0.0,1.0,1.0,1.0,1.0,65.0,1.0,1.0,1.0,65.0,0.05,0.0,1.0,1.0,1.0,1.0,0.0,0.0,0.0,0.0,1.0,65.0,0.0,0.0,0.0,0.0,0.0,1.0,1.0,50.0,50.0,0.0,12.540000000000001,1.0,0.05500000000000682,0.0,0.8999999999999915,7.8,33.209880000000005,31.0,4490.040000000001,True,False,False,a82a540243798dfaebe6aefeb228ccb590c9b090209cf84dea9ad2bc5838e257,bd3ea9badd00f5a691989b68b7108b12513af53c749f5b8367be8fd857c0eff2
P5_8_0066,66,66,3.3,EV-LAB-001,NORMAL_BASELINE,NORMAL_LABORATORY_STATE,all_lab_rules_within_thresholds,DETERMINISTIC_LABORATORY_RULES,False,False,True,False,False,False,False,40,40,0,0,0,True,True,66,0.989486575126648,0.999064028263092,7e5ba7178ab3d3b22fb93d5f40f6550778c4533f2a5d8fa2474ef2968b9ab7ad,0a58960f6142fad4876a7eacf986c1d59f503dc47c53559a858505232b3c6bcf,f8b5283c3e85f1bc8b4e6e3bde6cc88ee2c61eb45dc03299a6432a593d0fcd03,3.3,66.0,67.74,67.95,67.49,4.3,0.1,0.01,3.4000000000000004,0.01999999999999602,7.7,38.0,0.0,0.0,4.800000000000001,2.0,3726.0,121.4,1.0,120.80000000000001,79.0,66.0,2.0,80.0,98.0,398.40000000000003,86.60000000000001,31.0,0.013000000000000001,1.6,2.0,1.0,1.0,2.0,0.0,0.0,0.0,1.0,1.0,1.0,1.0,66.0,1.0,1.0,1.0,66.0,0.05,0.0,1.0,1.0,1.0,1.0,0.0,0.0,0.0,0.0,1.0,66.0,0.0,0.0,0.0,0.0,0.0,1.0,1.0,50.0,50.0,0.0,12.58,1.0,0.01999999999999602,0.0,0.5999999999999943,7.7,34.50144000000001,31.0,4613.2,True,False,False,bd3ea9badd00f5a691989b68b7108b12513af53c749f5b8367be8fd857c0eff2,2cac17f4c6761fa47ba40f47c2846bbddfcd6bb8d878dc69a0fb91b0f69591fd
P5_8_0067,67,67,3.35,EV-LAB-001,NORMAL_BASELINE,NORMAL_LABORATORY_STATE,all_lab_rules_within_thresholds,DETERMINISTIC_LABORATORY_RULES,False,False,True,False,False,False,False,40,40,0,0,0,True,True,67,0.9894819259643555,0.9990641474723816,4eee1dd836a4c5b952b55d7b27f4b861376a046e7598e46ffa670313c8ea006c,0a58960f6142fad4876a7eacf986c1d59f503dc47c53559a858505232b3c6bcf,f8b5283c3e85f1bc8b4e6e3bde6cc88ee2c61eb45dc03299a6432a593d0fcd03,3.35,67.0,67.79,68.07000000000001,67.53,4.3,0.09,0.02,3.4000000000000004,0.010000000000005116,7.7,38.400000000000006,0.0,0.0,4.800000000000001,2.0,3728.0,122.10000000000001,1.0,119.80000000000001,80.0,67.0,2.0,80.0,98.0,398.40000000000003,85.9,31.0,0.012,2.3000000000000003,2.0,1.0,1.0,2.0,0.0,0.0,0.0,1.0,1.0,1.0,1.0,67.0,1.0,1.0,1.0,67.0,0.05,0.0,1.0,1.0,1.0,1.0,0.0,0.0,0.0,0.0,1.0,67.0,0.0,0.0,0.0,0.0,0.0,1.0,1.0,50.0,50.0,0.0,12.49,1.0,0.010000000000005116,0.0,2.299999999999997,7.7,34.22256,31.0,4688.640000000001,True,False,False,2cac17f4c6761fa47ba40f47c2846bbddfcd6bb8d878dc69a0fb91b0f69591fd,552ca67685bd67d9fad68e0d7badcdbbd6ec8758c5c5da732c572f56f9d9ad6d
P5_8_0068,68,68,3.4,EV-LAB-001,NORMAL_BASELINE,NORMAL_LABORATORY_STATE,all_lab_rules_within_thresholds,DETERMINISTIC_LABORATORY_RULES,False,False,True,False,False,False,False,40,40,0,0,0,True,True,68,0.9894773364067078,0.9990643858909607,0115803a7a663cab2fd1e892e4e880320fc44358715469863eba4e1c9d5786b8,0a58960f6142fad4876a7eacf986c1d59f503dc47c53559a858505232b3c6bcf,f8b5283c3e85f1bc8b4e6e3bde6cc88ee2c61eb45dc03299a6432a593d0fcd03,3.4,68.0,67.83,68.22,67.6,4.3,0.09,0.01,3.5,0.0799999999999983,7.8,38.800000000000004,0.0,0.0,4.800000000000001,2.0,3731.0,122.80000000000001,1.0,123.0,79.0,68.0,2.0,80.0,98.0,398.0,86.4,31.0,0.01,2.2,2.0,1.0,1.0,2.0,0.0,0.0,0.0,1.0,1.0,1.0,1.0,68.0,1.0,1.0,1.0,68.0,0.05,0.0,1.0,1.0,1.0,1.0,0.0,0.0,0.0,0.0,1.0,68.0,0.0,0.0,0.0,0.0,0.0,1.0,1.0,50.0,50.0,0.0,12.620000000000001,1.0,0.0799999999999983,0.0,0.19999999999998863,7.8,34.38720000000001,31.0,4764.640000000001,True,False,False,552ca67685bd67d9fad68e0d7badcdbbd6ec8758c5c5da732c572f56f9d9ad6d,1d47f072bb62b47ae516dc839537803cced825ea5a8877734fd996c0f0ae4b73
P5_8_0069,69,69,3.45,EV-LAB-001,NORMAL_BASELINE,NORMAL_LABORATORY_STATE,all_lab_rules_within_thresholds,DETERMINISTIC_LABORATORY_RULES,False,False,True,False,False,False,False,40,40,0,0,0,True,True,69,0.9894731640815735,0.9990645051002502,88200ef6ab6816f582411b89cacc5173e15edc2cef851f012408cde69d60c974,0a58960f6142fad4876a7eacf986c1d59f503dc47c53559a858505232b3c6bcf,f8b5283c3e85f1bc8b4e6e3bde6cc88ee2c61eb45dc03299a6432a593d0fcd03,3.45,69.0,67.87,68.28,67.7,4.3,0.08,0.01,3.4000000000000004,0.12000000000000455,7.7,38.0,0.0,0.0,4.800000000000001,2.0,3733.0,121.80000000000001,1.0,122.30000000000001,81.0,67.0,2.0,80.0,98.0,398.90000000000003,83.30000000000001,31.0,0.014,2.2,2.0,1.0,1.0,2.0,0.0,0.0,0.0,1.0,1.0,1.0,1.0,69.0,1.0,1.0,1.0,69.0,0.05,0.0,1.0,1.0,1.0,1.0,0.0,0.0,0.0,0.0,1.0,69.0,0.0,0.0,0.0,0.0,0.0,1.0,1.0,50.0,50.0,0.0,12.64,1.0,0.12000000000000455,0.0,0.5,7.7,33.22837000000001,31.0,4628.400000000001,True,False,False,1d47f072bb62b47ae516dc839537803cced825ea5a8877734fd996c0f0ae4b73,ec2c9c76c1e66fa6db19b3b0887ef7394fa82dd13432c3d3192552e986415598
P5_8_0070,70,70,3.5,EV-LAB-001,NORMAL_BASELINE,NORMAL_LABORATORY_STATE,all_lab_rules_within_thresholds,DETERMINISTIC_LABORATORY_RULES,False,False,True,False,False,False,False,40,40,0,0,0,True,True,70,0.989469051361084,0.9990647435188293,39fe70e4221d026299021e4988b3e40dd05577307353c247e0582576be4923de,0a58960f6142fad4876a7eacf986c1d59f503dc47c53559a858505232b3c6bcf,f8b5283c3e85f1bc8b4e6e3bde6cc88ee2c61eb45dc03299a6432a593d0fcd03,3.5,70.0,67.91,68.29,67.8,4.3,0.08,0.02,3.5,0.13500000000000512,7.8,37.6,0.0,0.0,4.800000000000001,2.0,3735.0,121.0,1.0,118.80000000000001,80.0,67.0,2.0,80.0,98.0,398.90000000000003,84.4,31.0,0.011,1.9000000000000001,2.0,1.0,1.0,2.0,0.0,0.0,0.0,1.0,1.0,1.0,1.0,70.0,1.0,1.0,1.0,70.0,0.05,0.0,1.0,1.0,1.0,1.0,0.0,0.0,0.0,0.0,1.0,70.0,0.0,0.0,0.0,0.0,0.0,1.0,1.0,50.0,50.0,0.0,12.6,1.0,0.13500000000000512,0.0,2.1999999999999886,7.8,33.66716,31.0,4549.6,True,False,False,ec2c9c76c1e66fa6db19b3b0887ef7394fa82dd13432c3d3192552e986415598,455b76bd5f7f53887be530901bb531ac35755961e485a8d6f50ed17b5f6d6251
P5_8_0071,71,71,3.55,EV-LAB-001,NORMAL_BASELINE,NORMAL_LABORATORY_STATE,all_lab_rules_within_thresholds,DETERMINISTIC_LABORATORY_RULES,False,False,True,False,False,False,False,40,40,0,0,0,True,True,71,0.9894651174545288,0.9990648627281189,e7d2002de043d35e6f09a2d21e13debeca7c53a1945018f73fc95c6130b1c099,0a58960f6142fad4876a7eacf986c1d59f503dc47c53559a858505232b3c6bcf,f8b5283c3e85f1bc8b4e6e3bde6cc88ee2c61eb45dc03299a6432a593d0fcd03,3.55,71.0,67.94,68.21000000000001,67.74,4.3,0.07,0.01,3.5,0.03499999999999659,7.8,39.6,0.0,0.0,4.800000000000001,2.0,3737.0,123.60000000000001,1.0,122.7,80.0,68.0,2.0,80.0,98.0,399.0,87.4,31.0,0.01,1.9000000000000001,2.0,1.0,1.0,2.0,0.0,0.0,0.0,1.0,1.0,1.0,1.0,71.0,1.0,1.0,1.0,71.0,0.05,0.0,1.0,1.0,1.0,1.0,0.0,0.0,0.0,0.0,1.0,71.0,0.0,0.0,0.0,0.0,0.0,1.0,1.0,50.0,50.0,0.0,12.620000000000001,1.0,0.03499999999999659,0.0,0.9000000000000057,7.8,34.872600000000006,31.0,4894.56,True,False,False,455b76bd5f7f53887be530901bb531ac35755961e485a8d6f50ed17b5f6d6251,5560f315d1d7d9983545ee3530625f077c0dae4ea57a4a51c380a41dbc277f5c
P5_8_0072,72,72,3.6,EV-LAB-001,NORMAL_BASELINE,NORMAL_LABORATORY_STATE,all_lab_rules_within_thresholds,DETERMINISTIC_LABORATORY_RULES,False,False,True,False,False,False,False,40,40,0,0,0,True,True,72,0.9894614815711975,0.999065101146698,5253c8b4474263067f76891244d8f8eb55654610d907e986489756d4ad4f9f0f,0a58960f6142fad4876a7eacf986c1d59f503dc47c53559a858505232b3c6bcf,f8b5283c3e85f1bc8b4e6e3bde6cc88ee2c61eb45dc03299a6432a593d0fcd03,3.6,72.0,67.97,68.28,67.7,4.3,0.07,0.01,3.4000000000000004,0.020000000000010232,7.7,38.0,0.0,0.0,4.800000000000001,2.0,3739.0,121.80000000000001,1.0,121.60000000000001,80.0,68.0,2.0,80.0,98.0,398.6,84.5,31.0,0.014,2.2,2.0,1.0,1.0,2.0,0.0,0.0,0.0,1.0,1.0,1.0,1.0,72.0,1.0,1.0,1.0,72.0,0.05,0.0,1.0,1.0,1.0,1.0,0.0,0.0,0.0,0.0,1.0,72.0,0.0,0.0,0.0,0.0,0.0,1.0,1.0,50.0,50.0,0.0,12.63,1.0,0.020000000000010232,0.0,0.20000000000000284,7.7,33.681700000000006,31.0,4628.400000000001,True,False,False,5560f315d1d7d9983545ee3530625f077c0dae4ea57a4a51c380a41dbc277f5c,4dca2b44ad6ea918b1154da116a865c43e63cfa07a3c6b2016b664c4489b6d7b
P5_8_0073,73,73,3.65,EV-LAB-001,NORMAL_BASELINE,NORMAL_LABORATORY_STATE,all_lab_rules_within_thresholds,DETERMINISTIC_LABORATORY_RULES,False,False,True,False,False,False,False,40,40,0,0,0,True,True,73,0.9894579648971558,0.9990652203559875,771c0cc3100d93034613bc7b5044c489991429ca5753c322dbd4da764f33e0ec,0a58960f6142fad4876a7eacf986c1d59f503dc47c53559a858505232b3c6bcf,f8b5283c3e85f1bc8b4e6e3bde6cc88ee2c61eb45dc03299a6432a593d0fcd03,3.65,73.0,68.01,68.3,67.75,4.3,0.06,0.02,3.5,0.015000000000000568,7.8,40.0,0.0,0.0,4.800000000000001,2.0,3740.0,123.9,1.0,123.9,80.0,68.0,2.0,80.0,98.0,398.6,87.10000000000001,31.0,0.013000000000000001,2.0,2.0,1.0,1.0,2.0,0.0,0.0,0.0,1.0,1.0,1.0,1.0,73.0,1.0,1.0,1.0,73.0,0.05,0.0,1.0,1.0,1.0,1.0,0.0,0.0,0.0,0.0,1.0,73.0,0.0,0.0,0.0,0.0,0.0,1.0,1.0,50.0,50.0,0.0,12.61,1.0,0.015000000000000568,0.0,0.0,7.8,34.71806000000001,31.0,4956.0,True,False,False,4dca2b44ad6ea918b1154da116a865c43e63cfa07a3c6b2016b664c4489b6d7b,b125800c58818afc8712400497884767db110539d8e5866d1c2920a236d5bd70
P5_8_0074,74,74,3.7,EV-LAB-001,NORMAL_BASELINE,NORMAL_LABORATORY_STATE,all_lab_rules_within_thresholds,DETERMINISTIC_LABORATORY_RULES,False,False,True,False,False,False,False,40,40,0,0,0,True,True,74,0.9894547462463379,0.9990653395652771,5a7620a81ea532b52e513587ec7b7f9192f5698790377da3a190974dfab44ec0,0a58960f6142fad4876a7eacf986c1d59f503dc47c53559a858505232b3c6bcf,f8b5283c3e85f1bc8b4e6e3bde6cc88ee2c61eb45dc03299a6432a593d0fcd03,3.7,74.0,68.03,68.29,67.9,4.3,0.06,0.01,3.4000000000000004,0.06499999999999773,7.7,38.400000000000006,0.0,0.0,4.800000000000001,2.0,3742.0,122.0,1.0,120.2,80.0,68.0,2.0,80.0,98.0,398.5,84.30000000000001,31.0,0.01,2.1,2.0,1.0,1.0,2.0,0.0,0.0,0.0,1.0,1.0,1.0,1.0,74.0,1.0,1.0,1.0,74.0,0.05,0.0,1.0,1.0,1.0,1.0,0.0,0.0,0.0,0.0,1.0,74.0,0.0,0.0,0.0,0.0,0.0,1.0,1.0,50.0,50.0,0.0,12.6,1.0,0.06499999999999773,0.0,1.7999999999999972,7.7,33.59355,31.0,4684.800000000001,True,False,False,b125800c58818afc8712400497884767db110539d8e5866d1c2920a236d5bd70,6ccf51f851abe3630cfe54696fbe31d9938e8f3c4e3c38a8775994a0d971a9c0
P5_8_0075,75,75,3.75,EV-LAB-001,NORMAL_BASELINE,NORMAL_LABORATORY_STATE,all_lab_rules_within_thresholds,DETERMINISTIC_LABORATORY_RULES,False,False,True,False,False,False,False,40,40,0,0,0,True,True,75,0.9894515872001648,0.9990654587745667,18c0262a26bd12dc320c62220bf8029bfb9e5426ea6106d6a095fe0f79318ba5,0a58960f6142fad4876a7eacf986c1d59f503dc47c53559a858505232b3c6bcf,f8b5283c3e85f1bc8b4e6e3bde6cc88ee2c61eb45dc03299a6432a593d0fcd03,3.75,75.0,68.06,68.34,67.7,4.2,0.05,0.01,3.4000000000000004,0.03999999999999204,7.6000000000000005,38.800000000000004,0.0,0.0,4.800000000000001,2.0,3743.0,122.5,1.0,122.4,80.0,68.0,2.0,80.0,98.0,398.1,85.9,31.0,0.01,2.0,2.0,1.0,1.0,2.0,0.0,0.0,0.0,1.0,1.0,1.0,1.0,75.0,1.0,1.0,1.0,75.0,0.05,0.0,1.0,1.0,1.0,1.0,0.0,0.0,0.0,0.0,1.0,75.0,0.0,0.0,0.0,0.0,0.0,1.0,1.0,50.0,50.0,0.0,12.63,1.0,0.03999999999999204,0.0,0.09999999999999432,7.6000000000000005,34.19679,31.0,4753.000000000001,True,False,False,6ccf51f851abe3630cfe54696fbe31d9938e8f3c4e3c38a8775994a0d971a9c0,e1ef54b041ed657cb4512613758fc2b7ea65bc3cb76611fe41b75b9fd053706d
P5_8_0076,76,76,3.8,EV-LAB-001,NORMAL_BASELINE,NORMAL_LABORATORY_STATE,all_lab_rules_within_thresholds,DETERMINISTIC_LABORATORY_RULES,False,False,True,False,False,False,False,40,40,0,0,0,True,True,76,0.9894486665725708,0.9990655779838562,61ddc4556ae503d0c4116ac704c871d5c30b672f26d3034c249a51dd39d95857,0a58960f6142fad4876a7eacf986c1d59f503dc47c53559a858505232b3c6bcf,f8b5283c3e85f1bc8b4e6e3bde6cc88ee2c61eb45dc03299a6432a593d0fcd03,3.8,76.0,68.08,68.39,67.91,4.2,0.05,0.01,3.3000000000000003,0.07000000000000739,7.5,37.2,0.0,0.0,4.800000000000001,2.0,3744.0,120.80000000000001,1.0,125.10000000000001,79.0,67.0,2.0,80.0,98.0,398.1,84.30000000000001,31.0,0.011,1.9000000000000001,2.0,1.0,1.0,2.0,0.0,0.0,0.0,1.0,1.0,1.0,1.0,76.0,1.0,1.0,1.0,76.0,0.05,0.0,1.0,1.0,1.0,1.0,0.0,0.0,0.0,0.0,1.0,76.0,0.0,0.0,0.0,0.0,0.0,1.0,1.0,50.0,50.0,0.0,12.540000000000001,1.0,0.07000000000000739,0.0,4.299999999999997,7.5,33.55983000000001,31.0,4493.760000000001,True,False,False,e1ef54b041ed657cb4512613758fc2b7ea65bc3cb76611fe41b75b9fd053706d,f48be7d224283ee2e0c4d9f0c868a1219542e7f0e0549367e9f5a063d59d75ba
P5_8_0077,77,77,3.85,EV-LAB-001,NORMAL_BASELINE,NORMAL_LABORATORY_STATE,all_lab_rules_within_thresholds,DETERMINISTIC_LABORATORY_RULES,False,False,True,False,False,False,False,40,40,0,0,0,True,True,77,0.9894459843635559,0.9990656971931458,cf0380a5a8967935c14d2a3acba7a162954076dd95f995d2a33466a01bda436d,0a58960f6142fad4876a7eacf986c1d59f503dc47c53559a858505232b3c6bcf,f8b5283c3e85f1bc8b4e6e3bde6cc88ee2c61eb45dc03299a6432a593d0fcd03,3.85,77.0,68.1,68.34,67.85,4.2,0.04,0.01,3.4000000000000004,0.0049999999999954525,7.6000000000000005,38.0,0.0,0.0,4.800000000000001,2.0,3746.0,121.7,1.0,123.10000000000001,80.0,68.0,2.0,80.0,98.0,398.40000000000003,85.4,31.0,0.013000000000000001,1.9000000000000001,2.0,1.0,1.0,2.0,0.0,0.0,0.0,1.0,1.0,1.0,1.0,77.0,1.0,1.0,1.0,77.0,0.05,0.0,1.0,1.0,1.0,1.0,0.0,0.0,0.0,0.0,1.0,77.0,0.0,0.0,0.0,0.0,0.0,1.0,1.0,50.0,50.0,0.0,12.59,1.0,0.0049999999999954525,0.0,1.4000000000000057,7.6000000000000005,34.02336000000001,31.0,4624.6,True,False,False,f48be7d224283ee2e0c4d9f0c868a1219542e7f0e0549367e9f5a063d59d75ba,5ece930fb8d0b83312c25ef57dcc26866655d97fc91fffca9085e733a9756763
P5_8_0078,78,78,3.9,EV-LAB-001,NORMAL_BASELINE,NORMAL_LABORATORY_STATE,all_lab_rules_within_thresholds,DETERMINISTIC_LABORATORY_RULES,False,False,True,False,False,False,False,40,40,0,0,0,True,True,78,0.9894434213638306,0.9990658164024353,a8d649f0a7824e90fd346626428d4d171731bd78b265935ce91c18909f175284,0a58960f6142fad4876a7eacf986c1d59f503dc47c53559a858505232b3c6bcf,f8b5283c3e85f1bc8b4e6e3bde6cc88ee2c61eb45dc03299a6432a593d0fcd03,3.9,78.0,68.12,68.39,67.89,4.2,0.04,0.02,3.4000000000000004,0.01999999999999602,7.6000000000000005,39.2,0.0,0.0,4.800000000000001,2.0,3747.0,122.80000000000001,1.0,121.0,81.0,67.0,2.0,80.0,98.0,398.1,85.30000000000001,31.0,0.013000000000000001,1.9000000000000001,2.0,1.0,1.0,2.0,0.0,0.0,0.0,1.0,1.0,1.0,1.0,78.0,1.0,1.0,1.0,78.0,0.05,0.0,1.0,1.0,1.0,1.0,0.0,0.0,0.0,0.0,1.0,78.0,0.0,0.0,0.0,0.0,0.0,1.0,1.0,50.0,50.0,0.0,12.52,1.0,0.01999999999999602,0.0,1.8000000000000114,7.6000000000000005,33.957930000000005,31.0,4813.760000000001,True,False,False,5ece930fb8d0b83312c25ef57dcc26866655d97fc91fffca9085e733a9756763,35b3e7d2b3712639f0a3eddc837ca88d56db7e3da254d01c9ee61c0e8a8e4994
P5_8_0079,79,79,3.95,EV-LAB-001,NORMAL_BASELINE,NORMAL_LABORATORY_STATE,all_lab_rules_within_thresholds,DETERMINISTIC_LABORATORY_RULES,False,False,True,False,False,False,False,40,40,0,0,0,True,True,79,0.9894411563873291,0.9990659356117249,dbf3f1a18e50ed41259ac4203d1db0917656b97af183158b98c59771386c2197,0a58960f6142fad4876a7eacf986c1d59f503dc47c53559a858505232b3c6bcf,f8b5283c3e85f1bc8b4e6e3bde6cc88ee2c61eb45dc03299a6432a593d0fcd03,3.95,79.0,68.14,68.35000000000001,67.73,4.2,0.03,0.01,3.3000000000000003,0.09999999999999432,7.5,38.0,0.0,0.0,4.800000000000001,2.0,3748.0,121.80000000000001,1.0,121.30000000000001,81.0,67.0,2.0,80.0,98.0,398.40000000000003,84.7,31.0,0.014,1.8,2.0,1.0,1.0,2.0,0.0,0.0,0.0,1.0,1.0,1.0,1.0,79.0,1.0,1.0,1.0,79.0,0.05,0.0,1.0,1.0,1.0,1.0,0.0,0.0,0.0,0.0,1.0,79.0,0.0,0.0,0.0,0.0,0.0,1.0,1.0,50.0,50.0,0.0,12.57,1.0,0.09999999999999432,0.0,0.5,7.5,33.74448,31.0,4628.400000000001,True,False,False,35b3e7d2b3712639f0a3eddc837ca88d56db7e3da254d01c9ee61c0e8a8e4994,669f8bdfddfc5fe61d742af21792cdb951dedbb8c3c01fa1c7de7ffd28f8167d
P5_8_0080,80,80,4.0,EV-LAB-001,NORMAL_BASELINE,NORMAL_LABORATORY_STATE,all_lab_rules_within_thresholds,DETERMINISTIC_LABORATORY_RULES,False,False,True,False,False,False,False,40,40,0,0,0,True,True,80,0.9894389510154724,0.9990660548210144,14112062a299646935a223a40d2d26af960970af41c79eea1b85e8cce02b6fb3,0a58960f6142fad4876a7eacf986c1d59f503dc47c53559a858505232b3c6bcf,f8b5283c3e85f1bc8b4e6e3bde6cc88ee2c61eb45dc03299a6432a593d0fcd03,4.0,80.0,68.15,68.52,67.77,4.2,0.03,0.01,3.3000000000000003,0.005000000000009663,7.5,38.800000000000004,0.0,0.0,4.800000000000001,2.0,3748.0,122.30000000000001,1.0,122.10000000000001,80.0,67.0,2.0,80.0,98.0,399.20000000000005,84.80000000000001,31.0,0.013000000000000001,2.0,2.0,1.0,1.0,2.0,0.0,0.0,0.0,1.0,1.0,1.0,1.0,80.0,1.0,1.0,1.0,80.0,0.05,0.0,1.0,1.0,1.0,1.0,0.0,0.0,0.0,0.0,1.0,80.0,0.0,0.0,0.0,0.0,0.0,1.0,1.0,50.0,50.0,0.0,12.6,1.0,0.005000000000009663,0.0,0.20000000000000284,7.5,33.85216000000001,31.0,4745.240000000001,True,False,False,669f8bdfddfc5fe61d742af21792cdb951dedbb8c3c01fa1c7de7ffd28f8167d,b03de5adb59c06861f2f0e3f6a4f5e57efc5cbb89b30a05c6f4db50856a3a75b
P5_8_0081,81,81,4.05,EV-LAB-001,NORMAL_BASELINE,NORMAL_LABORATORY_STATE,all_lab_rules_within_thresholds,DETERMINISTIC_LABORATORY_RULES,False,False,True,False,False,False,False,40,40,0,0,0,True,True,81,0.9894371032714844,0.9990660548210144,03103a696bca491d00b49f98a9ce3ec0062549d00440da860dbd752bd46c2c0b,0a58960f6142fad4876a7eacf986c1d59f503dc47c53559a858505232b3c6bcf,f8b5283c3e85f1bc8b4e6e3bde6cc88ee2c61eb45dc03299a6432a593d0fcd03,4.05,81.0,68.16,68.48,67.89,4.1000000000000005,0.02,0.01,3.3000000000000003,0.025000000000005684,7.4,38.800000000000004,0.0,0.0,4.800000000000001,2.0,3749.0,122.4,1.0,122.10000000000001,81.0,68.0,2.0,80.0,98.0,398.5,85.0,31.0,0.013000000000000001,1.8,2.0,1.0,1.0,2.0,0.0,0.0,0.0,1.0,1.0,1.0,1.0,81.0,1.0,1.0,1.0,81.0,0.05,0.0,1.0,1.0,1.0,1.0,0.0,0.0,0.0,0.0,1.0,81.0,0.0,0.0,0.0,0.0,0.0,1.0,1.0,50.0,50.0,0.0,12.55,1.0,0.025000000000005684,0.0,0.29999999999999716,7.4,33.8725,31.0,4749.120000000001,True,False,False,b03de5adb59c06861f2f0e3f6a4f5e57efc5cbb89b30a05c6f4db50856a3a75b,c3d12023e8b0a751e5b4247c1048f15a2dd2230a35f4dedb09a3becc6966cf68
P5_8_0082,82,82,4.1,EV-LAB-001,NORMAL_BASELINE,NORMAL_LABORATORY_STATE,all_lab_rules_within_thresholds,DETERMINISTIC_LABORATORY_RULES,False,False,True,False,False,False,False,40,40,0,0,0,True,True,82,0.9894353747367859,0.999066174030304,58f1f2df67252d8cabbecbe5b94e417e57ed192df81c74a1bef0364d3c0fa002,0a58960f6142fad4876a7eacf986c1d59f503dc47c53559a858505232b3c6bcf,f8b5283c3e85f1bc8b4e6e3bde6cc88ee2c61eb45dc03299a6432a593d0fcd03,4.1,82.0,68.17,68.44,67.98,4.1000000000000005,0.02,0.01,3.4000000000000004,0.04000000000000625,7.500000000000001,38.400000000000006,0.0,0.0,4.800000000000001,2.0,3749.0,122.30000000000001,1.0,121.2,80.0,67.0,2.0,80.0,98.0,398.3,84.60000000000001,31.0,0.013000000000000001,2.0,2.0,1.0,1.0,2.0,0.0,0.0,0.0,1.0,1.0,1.0,1.0,82.0,1.0,1.0,1.0,82.0,0.05,0.0,1.0,1.0,1.0,1.0,0.0,0.0,0.0,0.0,1.0,82.0,0.0,0.0,0.0,0.0,0.0,1.0,1.0,50.0,50.0,0.0,12.61,1.0,0.04000000000000625,0.0,1.1000000000000085,7.500000000000001,33.696180000000005,31.0,4696.3200000000015,True,False,False,c3d12023e8b0a751e5b4247c1048f15a2dd2230a35f4dedb09a3becc6966cf68,1fd8f47dea77c6d9bec23771839b71c1c5458b20c3ad605171e2654eda75e1a2
P5_8_0083,83,83,4.15,EV-LAB-001,NORMAL_BASELINE,NORMAL_LABORATORY_STATE,all_lab_rules_within_thresholds,DETERMINISTIC_LABORATORY_RULES,False,False,True,False,False,False,False,40,40,0,0,0,True,True,83,0.9894338250160217,0.9990662932395935,1e754fe0c997ef966bf87de3da611828640bd87c5a65f25978c0f453ef451c10,0a58960f6142fad4876a7eacf986c1d59f503dc47c53559a858505232b3c6bcf,f8b5283c3e85f1bc8b4e6e3bde6cc88ee2c61eb45dc03299a6432a593d0fcd03,4.15,83.0,68.18,68.39,67.89,4.1000000000000005,0.01,0.01,3.3000000000000003,0.04000000000000625,7.4,38.0,0.0,0.0,4.800000000000001,2.0,3750.0,121.60000000000001,1.0,122.9,80.0,68.0,2.0,80.0,98.0,398.90000000000003,85.2,31.0,0.013000000000000001,2.0,2.0,1.0,1.0,2.0,0.0,0.0,0.0,1.0,1.0,1.0,1.0,83.0,1.0,1.0,1.0,83.0,0.05,0.0,1.0,1.0,1.0,1.0,0.0,0.0,0.0,0.0,1.0,83.0,0.0,0.0,0.0,0.0,0.0,1.0,1.0,50.0,50.0,0.0,12.6,1.0,0.04000000000000625,0.0,1.2999999999999972,7.4,33.98628000000001,31.0,4620.8,True,False,False,1fd8f47dea77c6d9bec23771839b71c1c5458b20c3ad605171e2654eda75e1a2,2629e8db6489c1054eaad1739bdb25fd21c996bf099f27b9ff8dd659215bfcf3
P5_8_0084,84,84,4.2,EV-LAB-001,NORMAL_BASELINE,NORMAL_LABORATORY_STATE,all_lab_rules_within_thresholds,DETERMINISTIC_LABORATORY_RULES,False,False,True,False,False,False,False,40,40,0,0,0,True,True,84,0.9894324541091919,0.9990662932395935,24506f28b882bab8cdb01cc4289bb0222abf92c10ac56136ac738ced26af6431,0a58960f6142fad4876a7eacf986c1d59f503dc47c53559a858505232b3c6bcf,f8b5283c3e85f1bc8b4e6e3bde6cc88ee2c61eb45dc03299a6432a593d0fcd03,4.2,84.0,68.18,68.47,68.05,4.1000000000000005,0.01,0.01,3.2,0.07999999999998408,7.300000000000001,39.6,0.0,0.0,4.800000000000001,2.0,3750.0,123.60000000000001,1.0,121.2,80.0,67.0,2.0,80.0,98.0,399.20000000000005,87.4,31.0,0.012,2.3000000000000003,2.0,1.0,1.0,2.0,0.0,0.0,0.0,1.0,1.0,1.0,1.0,84.0,1.0,1.0,1.0,84.0,0.05,0.0,1.0,1.0,1.0,1.0,0.0,0.0,0.0,0.0,1.0,84.0,0.0,0.0,0.0,0.0,0.0,1.0,1.0,50.0,50.0,0.0,12.58,1.0,0.07999999999998408,0.0,2.4000000000000057,7.300000000000001,34.89008000000001,31.0,4894.56,True,False,False,2629e8db6489c1054eaad1739bdb25fd21c996bf099f27b9ff8dd659215bfcf3,79eee0943153260c873d6d6f4ed353ead743e5199b7f7330afd863afb890b90b
P5_8_0085,85,85,4.25,EV-LAB-001,NORMAL_BASELINE,NORMAL_LABORATORY_STATE,all_lab_rules_within_thresholds,DETERMINISTIC_LABORATORY_RULES,False,False,True,False,False,False,False,40,40,0,0,0,True,True,85,0.9894312620162964,0.9990662932395935,956da9de7663ac3622f69735e258bf853116da260b2a1b4b8d03ffa8de57e181,0a58960f6142fad4876a7eacf986c1d59f503dc47c53559a858505232b3c6bcf,f8b5283c3e85f1bc8b4e6e3bde6cc88ee2c61eb45dc03299a6432a593d0fcd03,4.25,85.0,68.19,68.41,67.91,4.1000000000000005,0.01,0.01,3.3000000000000003,0.030000000000001137,7.4,38.400000000000006,0.0,0.0,4.800000000000001,2.0,3750.0,122.0,1.0,124.4,80.0,67.0,2.0,80.0,98.0,398.0,84.10000000000001,31.0,0.012,2.1,2.0,1.0,1.0,2.0,0.0,0.0,0.0,1.0,1.0,1.0,1.0,85.0,1.0,1.0,1.0,85.0,0.05,0.0,1.0,1.0,1.0,1.0,0.0,0.0,0.0,0.0,1.0,85.0,0.0,0.0,0.0,0.0,0.0,1.0,1.0,50.0,50.0,0.0,12.57,1.0,0.030000000000001137,0.0,2.4000000000000057,7.4,33.4718,31.0,4684.800000000001,True,False,False,79eee0943153260c873d6d6f4ed353ead743e5199b7f7330afd863afb890b90b,b3bcc655333f6ed5cec9b7c5afe5c836b432c627fba6b886782d2a60f08ab3fa
P5_8_0086,86,86,4.3,EV-LAB-001,NORMAL_BASELINE,NORMAL_LABORATORY_STATE,all_lab_rules_within_thresholds,DETERMINISTIC_LABORATORY_RULES,False,False,True,False,False,False,False,40,40,0,0,0,True,True,86,0.9894301891326904,0.9990664124488831,59aa6a0df509238a71e65fb66665e365547af031e0868b63d79e6efe091b58bd,0a58960f6142fad4876a7eacf986c1d59f503dc47c53559a858505232b3c6bcf,f8b5283c3e85f1bc8b4e6e3bde6cc88ee2c61eb45dc03299a6432a593d0fcd03,4.3,86.0,68.19,68.38,68.03,4.0,0.0,0.01,3.3000000000000003,0.015000000000000568,7.300000000000001,39.6,0.0,0.0,4.800000000000001,2.0,3750.0,123.4,1.0,125.0,79.0,68.0,2.0,80.0,98.0,398.90000000000003,87.2,31.0,0.011,2.0,2.0,1.0,1.0,2.0,0.0,0.0,0.0,1.0,1.0,1.0,1.0,86.0,1.0,1.0,1.0,86.0,0.05,0.0,1.0,1.0,1.0,1.0,0.0,0.0,0.0,0.0,1.0,86.0,0.0,0.0,0.0,0.0,0.0,1.0,1.0,50.0,50.0,0.0,12.57,1.0,0.015000000000000568,0.0,1.5999999999999943,7.300000000000001,34.78408,31.0,4886.64,True,False,False,b3bcc655333f6ed5cec9b7c5afe5c836b432c627fba6b886782d2a60f08ab3fa,5583fd705166229cbd76454f7a71c6171c848e5ff1f3ac342e1646185c1bff3a
P5_8_0087,87,87,4.35,EV-LAB-001,NORMAL_BASELINE,NORMAL_LABORATORY_STATE,all_lab_rules_within_thresholds,DETERMINISTIC_LABORATORY_RULES,False,False,True,False,False,False,False,40,40,0,0,0,True,True,87,0.9894294142723083,0.9990664124488831,82779fb41c62dabd9164c5394ee6df2a192b3f73b0488a42e71a99073da0d914,0a58960f6142fad4876a7eacf986c1d59f503dc47c53559a858505232b3c6bcf,f8b5283c3e85f1bc8b4e6e3bde6cc88ee2c61eb45dc03299a6432a593d0fcd03,4.35,87.0,68.18,68.47,68.03,4.0,0.0,0.01,3.2,0.06999999999999318,7.2,38.800000000000004,0.0,0.0,4.800000000000001,2.0,3750.0,122.60000000000001,1.0,121.80000000000001,80.0,67.0,2.0,80.0,98.0,398.6,84.60000000000001,31.0,0.009000000000000001,1.7000000000000002,2.0,1.0,1.0,2.0,0.0,0.0,0.0,1.0,1.0,1.0,1.0,87.0,1.0,1.0,1.0,87.0,0.05,0.0,1.0,1.0,1.0,1.0,0.0,0.0,0.0,0.0,1.0,87.0,0.0,0.0,0.0,0.0,0.0,1.0,1.0,50.0,50.0,0.0,12.58,1.0,0.06999999999999318,0.0,0.7999999999999972,7.2,33.721560000000004,31.0,4756.880000000001,True,False,False,5583fd705166229cbd76454f7a71c6171c848e5ff1f3ac342e1646185c1bff3a,ec784bcd9d50cc03ba66fa09abcb19a3b861913a810f7b19fda949673fe2719c
P5_8_0088,88,88,4.4,EV-LAB-001,NORMAL_BASELINE,NORMAL_LABORATORY_STATE,all_lab_rules_within_thresholds,DETERMINISTIC_LABORATORY_RULES,False,False,True,False,False,False,False,40,40,0,0,0,True,True,88,0.989428699016571,0.9990664124488831,98eda9ddb5498eea02f35355c39ccefe00b7efa5c4125ffc7799f9a0d9295b46,0a58960f6142fad4876a7eacf986c1d59f503dc47c53559a858505232b3c6bcf,f8b5283c3e85f1bc8b4e6e3bde6cc88ee2c61eb45dc03299a6432a593d0fcd03,4.4,88.0,68.18,68.32000000000001,67.87,4.0,-0.01,0.01,3.2,0.08500000000000796,7.2,40.0,0.0,0.0,4.800000000000001,2.0,3750.0,123.9,1.0,124.60000000000001,81.0,68.0,2.0,80.0,98.0,398.40000000000003,87.5,31.0,0.013000000000000001,1.9000000000000001,2.0,1.0,1.0,2.0,0.0,0.0,0.0,1.0,1.0,1.0,1.0,88.0,1.0,1.0,1.0,88.0,0.05,0.0,1.0,1.0,1.0,1.0,0.0,0.0,0.0,0.0,1.0,88.0,0.0,0.0,0.0,0.0,0.0,1.0,1.0,50.0,50.0,0.0,12.63,1.0,0.08500000000000796,0.0,0.7000000000000028,7.2,34.86,31.0,4956.0,True,False,False,ec784bcd9d50cc03ba66fa09abcb19a3b861913a810f7b19fda949673fe2719c,8e30143437e406fe4fd7b057bb874d0dfdf589d8f521ce33435a245008e6f130
P5_8_0089,89,89,4.45,EV-LAB-001,NORMAL_BASELINE,NORMAL_LABORATORY_STATE,all_lab_rules_within_thresholds,DETERMINISTIC_LABORATORY_RULES,False,False,True,False,False,False,False,40,40,0,0,0,True,True,89,0.9894282221794128,0.9990665316581726,64e37a9037a78046c84083e96c415b4fae07b4184df188b27e8a519b2bf5494c,0a58960f6142fad4876a7eacf986c1d59f503dc47c53559a858505232b3c6bcf,f8b5283c3e85f1bc8b4e6e3bde6cc88ee2c61eb45dc03299a6432a593d0fcd03,4.45,89.0,68.18,68.57000000000001,68.05,3.9000000000000004,-0.01,0.01,3.1,0.12999999999999545,7.0,38.400000000000006,0.0,0.0,4.800000000000001,2.0,3750.0,121.9,1.0,121.9,79.0,67.0,2.0,80.0,98.0,397.90000000000003,84.80000000000001,31.0,0.011,2.1,2.0,1.0,1.0,2.0,0.0,0.0,0.0,1.0,1.0,1.0,1.0,89.0,1.0,1.0,1.0,89.0,0.05,0.0,1.0,1.0,1.0,1.0,0.0,0.0,0.0,0.0,1.0,89.0,0.0,0.0,0.0,0.0,0.0,1.0,1.0,50.0,50.0,0.0,12.64,1.0,0.12999999999999545,0.0,0.0,7.0,33.74192000000001,31.0,4680.960000000001,True,False,False,8e30143437e406fe4fd7b057bb874d0dfdf589d8f521ce33435a245008e6f130,ea0e78717a81f6ff81af052632c545de55b11bc0afbb367d48e2f7767be4440d
P5_8_0090,90,90,4.5,EV-LAB-001,NORMAL_BASELINE,NORMAL_LABORATORY_STATE,all_lab_rules_within_thresholds,DETERMINISTIC_LABORATORY_RULES,False,False,True,False,False,False,False,40,40,0,0,0,True,True,90,0.9894278645515442,0.9990665316581726,5a105ed474c50ecc24a443396630d09340d5303c7b21265079c1c694e20bf80d,0a58960f6142fad4876a7eacf986c1d59f503dc47c53559a858505232b3c6bcf,f8b5283c3e85f1bc8b4e6e3bde6cc88ee2c61eb45dc03299a6432a593d0fcd03,4.5,90.0,68.17,68.43,67.99,3.9000000000000004,-0.02,0.02,3.2,0.04000000000000625,7.1000000000000005,38.400000000000006,0.0,0.0,4.800000000000001,2.0,3749.0,122.2,1.0,124.2,80.0,68.0,2.0,80.0,98.0,398.3,85.5,31.0,0.014,1.8,2.0,1.0,1.0,2.0,0.0,0.0,0.0,1.0,1.0,1.0,1.0,90.0,1.0,1.0,1.0,90.0,0.05,0.0,1.0,1.0,1.0,1.0,0.0,0.0,0.0,0.0,1.0,90.0,0.0,0.0,0.0,0.0,0.0,1.0,1.0,50.0,50.0,0.0,12.63,1.0,0.04000000000000625,0.0,2.0,7.1000000000000005,34.05465,31.0,4692.4800000000005,True,False,False,ea0e78717a81f6ff81af052632c545de55b11bc0afbb367d48e2f7767be4440d,3031f670e74788b046f845486e348724ee42ed4a0a8f964811c71499dc3ca721
P5_8_0091,91,91,4.55,EV-LAB-001,NORMAL_BASELINE,NORMAL_LABORATORY_STATE,all_lab_rules_within_thresholds,DETERMINISTIC_LABORATORY_RULES,False,False,True,False,False,False,False,40,40,0,0,0,True,True,91,0.9894277453422546,0.9990665316581726,361c32e89ac802135d4a79fe624a1cebf3a865bcdd4f476d0d48171739c44655,0a58960f6142fad4876a7eacf986c1d59f503dc47c53559a858505232b3c6bcf,f8b5283c3e85f1bc8b4e6e3bde6cc88ee2c61eb45dc03299a6432a593d0fcd03,4.55,91.0,68.16,68.39,68.04,3.9000000000000004,-0.02,0.01,3.2,0.05500000000000682,7.1000000000000005,39.6,0.0,0.0,4.800000000000001,2.0,3749.0,123.5,1.0,121.4,79.0,68.0,2.0,80.0,98.0,398.70000000000005,86.60000000000001,31.0,0.011,2.0,2.0,1.0,1.0,2.0,0.0,0.0,0.0,1.0,1.0,1.0,1.0,91.0,1.0,1.0,1.0,91.0,0.05,0.0,1.0,1.0,1.0,1.0,0.0,0.0,0.0,0.0,1.0,91.0,0.0,0.0,0.0,0.0,0.0,1.0,1.0,50.0,50.0,0.0,12.55,1.0,0.05500000000000682,0.0,2.0999999999999943,7.1000000000000005,34.527420000000006,31.0,4890.6,True,False,False,3031f670e74788b046f845486e348724ee42ed4a0a8f964811c71499dc3ca721,3407262f7756b5eab08f311c0e240218289b491a4b799a16d326e14130804483
P5_8_0092,92,92,4.6,EV-LAB-001,NORMAL_BASELINE,NORMAL_LABORATORY_STATE,all_lab_rules_within_thresholds,DETERMINISTIC_LABORATORY_RULES,False,False,True,False,False,False,False,40,40,0,0,0,True,True,92,0.9894277453422546,0.9990665316581726,3ad00d31661b2b605ce151cb1de86dd84dc823df01034952eb81c30a78b20437,0a58960f6142fad4876a7eacf986c1d59f503dc47c53559a858505232b3c6bcf,f8b5283c3e85f1bc8b4e6e3bde6cc88ee2c61eb45dc03299a6432a593d0fcd03,4.6,92.0,68.15,68.34,68.04,3.9000000000000004,-0.02,0.01,3.1,0.03999999999999204,7.0,40.400000000000006,0.0,0.0,4.800000000000001,2.0,3748.0,124.60000000000001,1.0,124.2,81.0,68.0,2.0,80.0,98.0,398.1,88.10000000000001,31.0,0.011,1.8,2.0,1.0,1.0,2.0,0.0,0.0,0.0,1.0,1.0,1.0,1.0,92.0,1.0,1.0,1.0,92.0,0.05,0.0,1.0,1.0,1.0,1.0,0.0,0.0,0.0,0.0,1.0,92.0,0.0,0.0,0.0,0.0,0.0,1.0,1.0,50.0,50.0,0.0,12.55,1.0,0.03999999999999204,0.0,0.4000000000000057,7.0,35.072610000000005,31.0,5033.840000000001,True,False,False,3407262f7756b5eab08f311c0e240218289b491a4b799a16d326e14130804483,c40ef0fb911a92e8a59712eea038bc523713b4f01b559965ecad439b2f23c2e5
P5_8_0093,93,93,4.65,EV-LAB-001,NORMAL_BASELINE,NORMAL_LABORATORY_STATE,all_lab_rules_within_thresholds,DETERMINISTIC_LABORATORY_RULES,False,False,True,False,False,False,False,40,40,0,0,0,True,True,93,0.9894279837608337,0.9990665316581726,d3ae5f62c613df1a816023761b8a4a9afbc615a173a3dd5a0370a61e40eb43b6,0a58960f6142fad4876a7eacf986c1d59f503dc47c53559a858505232b3c6bcf,f8b5283c3e85f1bc8b4e6e3bde6cc88ee2c61eb45dc03299a6432a593d0fcd03,4.65,93.0,68.13,68.45,67.82000000000001,3.8000000000000003,-0.03,0.01,3.0,0.005000000000009663,6.800000000000001,38.800000000000004,0.7000000000000001,1.0,0.4,2.0,3747.0,126.2,1.0,124.9,80.0,68.0,2.0,80.0,98.0,398.20000000000005,89.0,31.0,0.013000000000000001,2.2,2.0,1.0,1.0,2.0,0.0,0.0,0.0,1.0,1.0,1.0,1.0,93.0,1.0,1.0,1.0,93.0,0.05,0.0,1.0,1.0,1.0,1.0,0.0,0.0,0.0,0.0,1.0,93.0,0.0,0.0,0.0,0.0,0.0,1.0,1.0,50.0,50.0,0.0,12.620000000000001,1.0,0.005000000000009663,0.0,1.2999999999999972,6.800000000000001,35.439800000000005,31.0,4896.56,True,False,False,c40ef0fb911a92e8a59712eea038bc523713b4f01b559965ecad439b2f23c2e5,daf95a4946b1aadd138aacfa19ca127f1d4f9ec4d709fd0b7bde73be7b5653f3
P5_8_0094,94,94,4.7,EV-LAB-001,NORMAL_BASELINE,NORMAL_LABORATORY_STATE,all_lab_rules_within_thresholds,DETERMINISTIC_LABORATORY_RULES,False,False,True,False,False,False,False,40,40,0,0,0,True,True,94,0.9894283413887024,0.9990664124488831,f3ae09770937dd443aa099eceaa16cb7aa162f4425bcd9a97b26e4f1bfbb80c1,0a58960f6142fad4876a7eacf986c1d59f503dc47c53559a858505232b3c6bcf,f8b5283c3e85f1bc8b4e6e3bde6cc88ee2c61eb45dc03299a6432a593d0fcd03,4.7,94.0,68.12,68.5,67.99,3.8000000000000003,-0.03,0.01,3.1,0.125,6.9,40.400000000000006,0.8,1.0,0.8,2.0,3746.0,127.80000000000001,1.0,125.10000000000001,80.0,68.0,2.0,80.0,98.0,398.8,89.7,31.0,0.011,1.9000000000000001,2.0,1.0,1.0,2.0,0.0,0.0,0.0,1.0,1.0,1.0,1.0,94.0,1.0,1.0,1.0,94.0,0.05,0.0,1.0,1.0,1.0,1.0,0.0,0.0,0.0,0.0,1.0,94.0,0.0,0.0,0.0,0.0,0.0,1.0,1.0,50.0,50.0,0.0,12.540000000000001,1.0,0.125,0.0,2.700000000000003,6.9,35.77236,31.0,5163.120000000001,True,False,False,daf95a4946b1aadd138aacfa19ca127f1d4f9ec4d709fd0b7bde73be7b5653f3,10c91ef6d6162a02ac98ccd8ed9ebf4cfca6da95f14a271dc463a0f0ab624a2c
P5_8_0095,95,95,4.75,EV-LAB-001,NORMAL_BASELINE,NORMAL_LABORATORY_STATE,all_lab_rules_within_thresholds,DETERMINISTIC_LABORATORY_RULES,False,False,True,False,False,False,False,40,40,0,0,0,True,True,95,0.9894289374351501,0.9990664124488831,dc7cc10e866be1be83a5c4a1d3f61d79015afb3a4dec3fcafd1f887ee2b5bb90,0a58960f6142fad4876a7eacf986c1d59f503dc47c53559a858505232b3c6bcf,f8b5283c3e85f1bc8b4e6e3bde6cc88ee2c61eb45dc03299a6432a593d0fcd03,4.75,95.0,68.1,68.37,67.86,3.8000000000000003,-0.03,0.01,3.0,0.01500000000001478,6.800000000000001,39.2,0.9,1.0,0.8,2.0,3746.0,126.4,1.0,125.4,80.0,68.0,2.0,80.0,98.0,398.20000000000005,88.80000000000001,31.0,0.01,1.9000000000000001,2.0,1.0,1.0,2.0,0.0,0.0,0.0,1.0,1.0,1.0,1.0,95.0,1.0,1.0,1.0,95.0,0.05,0.0,1.0,1.0,1.0,1.0,0.0,0.0,0.0,0.0,1.0,95.0,0.0,0.0,0.0,0.0,0.0,1.0,1.0,50.0,50.0,0.0,12.56,1.0,0.01500000000001478,0.0,1.0,6.800000000000001,35.36016000000001,31.0,4954.880000000001,True,False,False,10c91ef6d6162a02ac98ccd8ed9ebf4cfca6da95f14a271dc463a0f0ab624a2c,3f1b97887d6ae94b302e0bd9b613027ff95a54a93c59957de4fd3ec9058e0c5b
P5_8_0096,96,96,4.8,EV-LAB-001,NORMAL_BASELINE,NORMAL_LABORATORY_STATE,all_lab_rules_within_thresholds,DETERMINISTIC_LABORATORY_RULES,False,False,True,False,False,False,False,40,40,0,0,0,True,True,96,0.9894296526908875,0.9990664124488831,a3a42748ebd896be264052dfd030d209997e597b54a650205c604249b812fc99,0a58960f6142fad4876a7eacf986c1d59f503dc47c53559a858505232b3c6bcf,f8b5283c3e85f1bc8b4e6e3bde6cc88ee2c61eb45dc03299a6432a593d0fcd03,4.8,96.0,68.08,68.37,67.82000000000001,3.7,-0.04,0.02,2.9000000000000004,0.015000000000000568,6.6000000000000005,38.800000000000004,1.0,1.0,0.8,2.0,3744.0,126.0,1.0,126.30000000000001,80.0,67.0,2.0,80.0,98.0,398.1,89.0,32.0,0.011,2.0,2.0,1.0,1.0,2.0,0.0,0.0,0.0,1.0,1.0,1.0,1.0,96.0,1.0,1.0,1.0,96.0,0.05,0.0,1.0,1.0,1.0,1.0,0.0,0.0,0.0,0.0,1.0,96.0,0.0,0.0,0.0,0.0,0.0,1.0,1.0,50.0,50.0,0.0,12.66,1.0,0.015000000000000568,0.0,0.30000000000001137,6.6000000000000005,35.4309,32.0,4888.8,True,False,False,3f1b97887d6ae94b302e0bd9b613027ff95a54a93c59957de4fd3ec9058e0c5b,7a84a2d4a899c4b111dbba6782cff99ddd0f7ed3bd0b0d875cabd3fc542ec527
P5_8_0097,97,97,4.85,EV-LAB-001,NORMAL_BASELINE,NORMAL_LABORATORY_STATE,all_lab_rules_within_thresholds,DETERMINISTIC_LABORATORY_RULES,False,False,True,False,False,False,False,40,40,0,0,0,True,True,97,0.9894304275512695,0.9990664124488831,1d50b7a30f7167b6026197998937f3f83b238c745536dfd44343220b5d6d39df,0a58960f6142fad4876a7eacf986c1d59f503dc47c53559a858505232b3c6bcf,f8b5283c3e85f1bc8b4e6e3bde6cc88ee2c61eb45dc03299a6432a593d0fcd03,4.85,97.0,68.06,68.38,67.79,3.7,-0.04,0.01,3.0,0.025000000000005684,6.7,40.0,1.0,1.0,0.8,2.0,3743.0,127.2,1.0,126.2,80.0,68.0,2.0,80.0,98.0,398.5,88.2,31.0,0.011,1.7000000000000002,2.0,1.0,1.0,2.0,0.0,0.0,0.0,1.0,1.0,1.0,1.0,97.0,1.0,1.0,1.0,97.0,0.05,0.0,1.0,1.0,1.0,1.0,0.0,0.0,0.0,0.0,1.0,97.0,0.0,0.0,0.0,0.0,0.0,1.0,1.0,50.0,50.0,0.0,12.64,1.0,0.025000000000005684,0.0,1.0,6.7,35.14770000000001,31.0,5088.0,True,False,False,7a84a2d4a899c4b111dbba6782cff99ddd0f7ed3bd0b0d875cabd3fc542ec527,1673802d506fa647027899cc1e2b143745c8ec0ff0f8b160e9f5e6cd439a785e
P5_8_0098,98,98,4.9,EV-LAB-001,NORMAL_BASELINE,NORMAL_LABORATORY_STATE,all_lab_rules_within_thresholds,DETERMINISTIC_LABORATORY_RULES,False,False,True,False,False,False,False,40,40,0,0,0,True,True,98,0.9894315004348755,0.9990662932395935,b3bbcfc187f7b356983a6bdb616a18a464cbc0eefd2d25b0b84694d4620c47fe,0a58960f6142fad4876a7eacf986c1d59f503dc47c53559a858505232b3c6bcf,f8b5283c3e85f1bc8b4e6e3bde6cc88ee2c61eb45dc03299a6432a593d0fcd03,4.9,98.0,68.04,68.28,67.85,3.6,-0.05,0.01,2.9000000000000004,0.024999999999991473,6.5,39.6,1.1,1.0,0.8,2.0,3742.0,127.0,1.0,131.8,79.0,68.0,2.0,80.0,98.0,398.40000000000003,89.10000000000001,32.0,0.01,1.8,2.0,1.0,1.0,2.0,0.0,0.0,0.0,1.0,1.0,1.0,1.0,98.0,1.0,1.0,1.0,98.0,0.05,0.0,1.0,1.0,1.0,1.0,0.0,0.0,0.0,0.0,1.0,98.0,0.0,0.0,0.0,0.0,0.0,1.0,1.0,50.0,50.0,0.0,12.63,1.0,0.024999999999991473,0.0,4.800000000000011,6.5,35.49744000000001,32.0,5029.2,True,False,False,1673802d506fa647027899cc1e2b143745c8ec0ff0f8b160e9f5e6cd439a785e,0114e989a36ede9ea729519f2d93311a7ad841735f5c8d5e929a3674bf74102b
P5_8_0099,99,99,4.95,EV-LAB-001,NORMAL_BASELINE,NORMAL_LABORATORY_STATE,all_lab_rules_within_thresholds,DETERMINISTIC_LABORATORY_RULES,False,False,True,False,False,False,False,40,40,0,0,0,True,True,99,0.9894326329231262,0.9990662932395935,621d3eafedb407d02e915c6078e945bdfec18e31145e3c5880c2f886de696a19,0a58960f6142fad4876a7eacf986c1d59f503dc47c53559a858505232b3c6bcf,f8b5283c3e85f1bc8b4e6e3bde6cc88ee2c61eb45dc03299a6432a593d0fcd03,4.95,99.0,68.02,68.32000000000001,67.71000000000001,3.6,-0.05,0.01,2.9000000000000004,0.004999999999981242,6.5,39.6,1.2000000000000002,1.0,0.8,2.0,3741.0,126.60000000000001,1.0,126.7,79.0,68.0,2.0,80.0,98.0,398.8,89.0,31.0,0.01,2.0,2.0,1.0,1.0,2.0,0.0,0.0,0.0,1.0,1.0,1.0,1.0,99.0,1.0,1.0,1.0,99.0,0.05,0.0,1.0,1.0,1.0,1.0,0.0,0.0,0.0,0.0,1.0,99.0,0.0,0.0,0.0,0.0,0.0,1.0,1.0,50.0,50.0,0.0,12.620000000000001,1.0,0.004999999999981242,0.0,0.09999999999999432,6.5,35.4932,31.0,5013.360000000001,True,False,False,0114e989a36ede9ea729519f2d93311a7ad841735f5c8d5e929a3674bf74102b,52c9c398883c603d4bc3bf66df7ba36ab8a78c3acdc0517bb982f1ed771fb8bf
P5_8_0100,100,100,5.0,EV-LAB-001,NORMAL_BASELINE,NORMAL_LABORATORY_STATE,all_lab_rules_within_thresholds,DETERMINISTIC_LABORATORY_RULES,False,False,True,False,False,False,False,40,40,0,0,0,True,True,100,0.9894339442253113,0.9990662932395935,99d1a2b323d9e9ece2accad1d7655f33abae3e07c005da738f3716b43de8285e,0a58960f6142fad4876a7eacf986c1d59f503dc47c53559a858505232b3c6bcf,f8b5283c3e85f1bc8b4e6e3bde6cc88ee2c61eb45dc03299a6432a593d0fcd03,5.0,100.0,67.99,68.23,67.81,3.6,-0.05,0.01,2.9000000000000004,0.030000000000015348,6.5,39.2,1.3,1.0,1.2000000000000002,2.0,3739.0,126.2,1.0,126.4,80.0,67.0,2.0,80.0,98.0,398.90000000000003,87.60000000000001,31.0,0.012,2.0,2.0,1.0,1.0,2.0,0.0,0.0,0.0,1.0,1.0,1.0,1.0,100.0,1.0,1.0,1.0,100.0,0.05,0.0,1.0,1.0,1.0,1.0,0.0,0.0,0.0,0.0,1.0,100.0,0.0,0.0,0.0,0.0,0.0,1.0,1.0,50.0,50.0,0.0,12.620000000000001,1.0,0.030000000000015348,0.0,0.20000000000000284,6.5,34.94364000000001,31.0,4947.040000000001,True,False,False,52c9c398883c603d4bc3bf66df7ba36ab8a78c3acdc0517bb982f1ed771fb8bf,e6fed331e9ffd688f6f1e8377aa0bb9bbe37ff33d528a647124eca040bc9b281
P5_8_0101,101,101,5.05,EV-LAB-001,NORMAL_BASELINE,NORMAL_LABORATORY_STATE,all_lab_rules_within_thresholds,DETERMINISTIC_LABORATORY_RULES,False,False,True,False,False,False,False,40,40,0,0,0,True,True,101,0.9894353747367859,0.999066174030304,711352afbc1c3ef8c642c34ab258fde0c5fb7377949b2b9ba4ae14146632a4fd,0a58960f6142fad4876a7eacf986c1d59f503dc47c53559a858505232b3c6bcf,f8b5283c3e85f1bc8b4e6e3bde6cc88ee2c61eb45dc03299a6432a593d0fcd03,5.05,101.0,67.96000000000001,68.22,67.85,3.5,-0.05,0.01,2.8000000000000003,0.07499999999998863,6.300000000000001,40.0,1.4000000000000001,1.0,1.2000000000000002,2.0,3738.0,127.0,1.0,126.9,80.0,67.0,2.0,80.0,98.0,398.0,88.7,31.0,0.012,1.9000000000000001,2.0,1.0,1.0,2.0,0.0,0.0,0.0,1.0,1.0,1.0,1.0,101.0,1.0,1.0,1.0,101.0,0.05,0.0,1.0,1.0,1.0,1.0,0.0,0.0,0.0,0.0,1.0,101.0,0.0,0.0,0.0,0.0,0.0,1.0,1.0,50.0,50.0,0.0,12.52,1.0,0.07499999999998863,0.0,0.09999999999999432,6.300000000000001,35.3026,31.0,5080.0,True,False,False,e6fed331e9ffd688f6f1e8377aa0bb9bbe37ff33d528a647124eca040bc9b281,4774fcde2bb8d15c9ba293dd744059ca0eba76a43de831a04e67cb4de8e014ea
P5_8_0102,102,102,5.1,EV-LAB-001,NORMAL_BASELINE,NORMAL_LABORATORY_STATE,all_lab_rules_within_thresholds,DETERMINISTIC_LABORATORY_RULES,False,False,True,False,False,False,False,40,40,0,0,0,True,True,102,0.9894369840621948,0.9990660548210144,a75b08104fcd8558c46c2c7872added3a09a0308b276d8aaed862f5be01cc7b6,0a58960f6142fad4876a7eacf986c1d59f503dc47c53559a858505232b3c6bcf,f8b5283c3e85f1bc8b4e6e3bde6cc88ee2c61eb45dc03299a6432a593d0fcd03,5.1,102.0,67.93,68.18,67.75,3.5,-0.06,0.01,2.7,0.03499999999999659,6.2,39.6,1.4000000000000001,1.0,1.2000000000000002,2.0,3736.0,126.5,1.0,124.4,80.0,68.0,2.0,80.0,98.0,398.6,86.9,31.0,0.013000000000000001,1.7000000000000002,2.0,1.0,1.0,2.0,0.0,0.0,0.0,1.0,1.0,1.0,1.0,102.0,1.0,1.0,1.0,102.0,0.05,0.0,1.0,1.0,1.0,1.0,0.0,0.0,0.0,0.0,1.0,102.0,0.0,0.0,0.0,0.0,0.0,1.0,1.0,50.0,50.0,0.0,12.66,1.0,0.03499999999999659,0.0,2.0999999999999943,6.2,34.63834000000001,31.0,5009.400000000001,True,False,False,4774fcde2bb8d15c9ba293dd744059ca0eba76a43de831a04e67cb4de8e014ea,fd8c53511ddbb584b246e2a14d56ad27ce97290c3772d1e52f43d2b616f9d4f2
P5_8_0103,103,103,5.15,EV-LAB-001,NORMAL_BASELINE,NORMAL_LABORATORY_STATE,all_lab_rules_within_thresholds,DETERMINISTIC_LABORATORY_RULES,False,False,True,False,False,False,False,40,40,0,0,0,True,True,103,0.9894387125968933,0.9990660548210144,1fb65b40c1971dbba139e2b42e910fa6e8365ddadbd745e3af88e20cc33a185c,0a58960f6142fad4876a7eacf986c1d59f503dc47c53559a858505232b3c6bcf,f8b5283c3e85f1bc8b4e6e3bde6cc88ee2c61eb45dc03299a6432a593d0fcd03,5.15,103.0,67.91,68.03,67.73,3.4000000000000004,-0.06,0.01,2.7,0.030000000000001137,6.1000000000000005,40.800000000000004,1.5,1.0,1.2000000000000002,2.0,3735.0,128.20000000000002,1.0,129.20000000000002,80.0,66.0,2.0,80.0,98.0,398.1,89.9,31.0,0.012,2.3000000000000003,2.0,1.0,1.0,2.0,0.0,0.0,0.0,1.0,1.0,1.0,1.0,103.0,1.0,1.0,1.0,103.0,0.05,0.0,1.0,1.0,1.0,1.0,0.0,0.0,0.0,0.0,1.0,103.0,0.0,0.0,0.0,0.0,0.0,1.0,1.0,50.0,50.0,0.0,12.59,1.0,0.030000000000001137,0.0,1.0,6.1000000000000005,35.789190000000005,31.0,5230.560000000001,True,False,False,fd8c53511ddbb584b246e2a14d56ad27ce97290c3772d1e52f43d2b616f9d4f2,e17de63f4eaee3fe48fea8103a355650f41950c1b301f92c28de172e18f75851
P5_8_0104,104,104,5.2,EV-LAB-001,NORMAL_BASELINE,NORMAL_LABORATORY_STATE,all_lab_rules_within_thresholds,DETERMINISTIC_LABORATORY_RULES,False,False,True,False,False,False,False,40,40,0,0,0,True,True,104,0.9894406199455261,0.9990659356117249,d454c3a253eec50332e11fad72b4bf7d55a1a4c00eab69c3ec60fa0f001ad895,0a58960f6142fad4876a7eacf986c1d59f503dc47c53559a858505232b3c6bcf,f8b5283c3e85f1bc8b4e6e3bde6cc88ee2c61eb45dc03299a6432a593d0fcd03,5.2,104.0,67.87,68.06,67.66,3.4000000000000004,-0.06,0.01,2.7,0.010000000000005116,6.1000000000000005,38.800000000000004,1.6,1.0,1.2000000000000002,2.0,3733.0,125.60000000000001,1.0,127.60000000000001,79.0,68.0,2.0,80.0,98.0,398.70000000000005,87.2,31.0,0.013000000000000001,2.2,2.0,1.0,1.0,2.0,0.0,0.0,0.0,1.0,1.0,1.0,1.0,104.0,1.0,1.0,1.0,104.0,0.05,0.0,1.0,1.0,1.0,1.0,0.0,0.0,0.0,0.0,1.0,104.0,0.0,0.0,0.0,0.0,0.0,1.0,1.0,50.0,50.0,0.0,12.58,1.0,0.010000000000005116,0.0,2.0,6.1000000000000005,34.76664000000001,31.0,4873.280000000001,True,False,False,e17de63f4eaee3fe48fea8103a355650f41950c1b301f92c28de172e18f75851,6e1aeb1dd717e5e187a3f07e756632c9191262999dd3ac18eeec0542e2e5242e
P5_8_0105,105,105,5.25,EV-LAB-001,NORMAL_BASELINE,NORMAL_LABORATORY_STATE,all_lab_rules_within_thresholds,DETERMINISTIC_LABORATORY_RULES,False,False,True,False,False,False,False,40,40,0,0,0,True,True,105,0.9894425868988037,0.9990658164024353,238b66ec79635240468744d198430bdb0cf1cc8b1a3b236aad51a7d61c11d6c7,0a58960f6142fad4876a7eacf986c1d59f503dc47c53559a858505232b3c6bcf,f8b5283c3e85f1bc8b4e6e3bde6cc88ee2c61eb45dc03299a6432a593d0fcd03,5.25,105.0,67.84,68.18,67.63,3.4000000000000004,-0.07,0.0,2.7,0.06499999999999773,6.1000000000000005,38.400000000000006,1.7000000000000002,1.0,1.2000000000000002,2.0,3731.0,124.9,1.0,124.60000000000001,80.0,68.0,2.0,80.0,98.0,398.5,87.0,31.0,0.01,1.9000000000000001,2.0,1.0,1.0,2.0,0.0,0.0,0.0,1.0,1.0,1.0,1.0,105.0,1.0,1.0,1.0,105.0,0.05,0.0,1.0,1.0,1.0,1.0,0.0,0.0,0.0,0.0,1.0,105.0,0.0,0.0,0.0,0.0,0.0,1.0,1.0,50.0,50.0,0.0,12.63,1.0,0.06499999999999773,0.0,0.29999999999999716,6.1000000000000005,34.6695,31.0,4796.160000000001,True,False,False,6e1aeb1dd717e5e187a3f07e756632c9191262999dd3ac18eeec0542e2e5242e,bc6dae456517056e1c312d67f6e24bbb61db0ffac37fdf8f7cfe2d47e791f978
P5_8_0106,106,106,5.3,EV-LAB-001,NORMAL_BASELINE,NORMAL_LABORATORY_STATE,all_lab_rules_within_thresholds,DETERMINISTIC_LABORATORY_RULES,False,False,True,False,False,False,False,40,40,0,0,0,True,True,106,0.9894445538520813,0.9990658164024353,6f2ecf2ba31c525bcd2770b0d9a00fd6cf28d150a5993b0c2bbb6aa74c2e08fd,0a58960f6142fad4876a7eacf986c1d59f503dc47c53559a858505232b3c6bcf,f8b5283c3e85f1bc8b4e6e3bde6cc88ee2c61eb45dc03299a6432a593d0fcd03,5.3,106.0,67.81,68.02,67.71000000000001,3.3000000000000003,-0.07,0.0,2.7,0.05500000000000682,6.0,39.6,1.7000000000000002,1.0,1.2000000000000002,2.0,3729.0,126.4,1.0,126.80000000000001,80.0,68.0,2.0,80.0,98.0,398.70000000000005,87.80000000000001,31.0,0.012,2.4000000000000004,2.0,1.0,1.0,2.0,0.0,0.0,0.0,1.0,1.0,1.0,1.0,106.0,1.0,1.0,1.0,106.0,0.05,0.0,1.0,1.0,1.0,1.0,0.0,0.0,0.0,0.0,1.0,106.0,0.0,0.0,0.0,0.0,0.0,1.0,1.0,50.0,50.0,0.0,12.63,1.0,0.05500000000000682,0.0,0.4000000000000057,6.0,35.005860000000006,31.0,5005.4400000000005,True,False,False,bc6dae456517056e1c312d67f6e24bbb61db0ffac37fdf8f7cfe2d47e791f978,ceca7db599ee5631c2e684151c036553b764aeece41de2805d083beb046389b3
P5_8_0107,107,107,5.35,EV-LAB-001,NORMAL_BASELINE,NORMAL_LABORATORY_STATE,all_lab_rules_within_thresholds,DETERMINISTIC_LABORATORY_RULES,False,False,True,False,False,False,False,40,40,0,0,0,True,True,107,0.989446759223938,0.9990656971931458,b375544a48e5fabe42174de98ee6020c4a0504cf12a7da83cdd952bfe2fbab7c,0a58960f6142fad4876a7eacf986c1d59f503dc47c53559a858505232b3c6bcf,f8b5283c3e85f1bc8b4e6e3bde6cc88ee2c61eb45dc03299a6432a593d0fcd03,5.35,107.0,67.77,67.93,67.68,3.3000000000000003,-0.07,0.0,2.5,0.0350000000000108,5.800000000000001,40.400000000000006,1.8,1.0,1.6,2.0,3727.0,127.4,1.0,129.0,80.0,67.0,2.0,80.0,98.0,398.5,88.9,32.0,0.013000000000000001,1.9000000000000001,2.0,1.0,1.0,2.0,0.0,0.0,0.0,1.0,1.0,1.0,1.0,107.0,1.0,1.0,1.0,107.0,0.05,0.0,1.0,1.0,1.0,1.0,0.0,0.0,0.0,0.0,1.0,107.0,0.0,0.0,0.0,0.0,0.0,1.0,1.0,50.0,50.0,0.0,12.58,1.0,0.0350000000000108,0.0,1.5999999999999943,5.800000000000001,35.42665,32.0,5146.960000000001,True,False,False,ceca7db599ee5631c2e684151c036553b764aeece41de2805d083beb046389b3,dd729fd2b3e422fcb7bb695f40b626faf6d42dd17aeaefa193284d57a58b551d
P5_8_0108,108,108,5.4,EV-LAB-001,NORMAL_BASELINE,NORMAL_LABORATORY_STATE,all_lab_rules_within_thresholds,DETERMINISTIC_LABORATORY_RULES,False,False,True,False,False,False,False,40,40,0,0,0,True,True,108,0.989449143409729,0.9990655779838562,5c79bf83861b6d2e3d89f3a620a7d7b2ee382ec4eafe204c99038387c48eb956,0a58960f6142fad4876a7eacf986c1d59f503dc47c53559a858505232b3c6bcf,f8b5283c3e85f1bc8b4e6e3bde6cc88ee2c61eb45dc03299a6432a593d0fcd03,5.4,108.0,67.74,67.9,67.36,3.2,-0.07,0.0,2.7,0.10999999999999943,5.9,38.800000000000004,1.9000000000000001,1.0,1.6,2.0,3725.0,125.5,1.0,124.7,79.0,67.0,2.0,80.0,98.0,398.0,88.7,31.0,0.013000000000000001,2.0,2.0,1.0,1.0,2.0,0.0,0.0,0.0,1.0,1.0,1.0,1.0,108.0,1.0,1.0,1.0,108.0,0.05,0.0,1.0,1.0,1.0,1.0,0.0,0.0,0.0,0.0,1.0,108.0,0.0,0.0,0.0,0.0,0.0,1.0,1.0,50.0,50.0,0.0,12.63,1.0,0.10999999999999943,0.0,0.7999999999999972,5.9,35.3026,31.0,4869.400000000001,True,False,False,dd729fd2b3e422fcb7bb695f40b626faf6d42dd17aeaefa193284d57a58b551d,562ae2c05a766550077aa38682c2d41aa780c61118937a411aba416283a74c9f
P5_8_0109,109,109,5.45,EV-LAB-001,NORMAL_BASELINE,NORMAL_LABORATORY_STATE,all_lab_rules_within_thresholds,DETERMINISTIC_LABORATORY_RULES,False,False,True,False,False,False,False,40,40,0,0,0,True,True,109,0.9894515872001648,0.9990654587745667,a8990897d43f9cc5c452cdf9bb9f4506588a86bb2a5304b4bfe044de69adcc93,0a58960f6142fad4876a7eacf986c1d59f503dc47c53559a858505232b3c6bcf,f8b5283c3e85f1bc8b4e6e3bde6cc88ee2c61eb45dc03299a6432a593d0fcd03,5.45,109.0,67.7,67.94,67.56,3.2,-0.08,0.0,2.6,0.04999999999999716,5.800000000000001,39.6,1.9000000000000001,1.0,1.6,2.0,3723.0,126.10000000000001,1.0,129.4,79.0,68.0,2.0,80.0,98.0,398.3,88.30000000000001,31.0,0.01,2.1,2.0,1.0,1.0,2.0,0.0,0.0,0.0,1.0,1.0,1.0,1.0,109.0,1.0,1.0,1.0,109.0,0.05,0.0,1.0,1.0,1.0,1.0,0.0,0.0,0.0,0.0,1.0,109.0,0.0,0.0,0.0,0.0,0.0,1.0,1.0,50.0,50.0,0.0,12.63,1.0,0.04999999999999716,0.0,3.299999999999997,5.800000000000001,35.16989000000001,31.0,4993.56,True,False,False,562ae2c05a766550077aa38682c2d41aa780c61118937a411aba416283a74c9f,514c4dd51aeb03d2d98f0ec9a20dc730af085207e908ed52e569be1a8dc7d473
P5_8_0110,110,110,5.5,EV-LAB-001,NORMAL_BASELINE,NORMAL_LABORATORY_STATE,all_lab_rules_within_thresholds,DETERMINISTIC_LABORATORY_RULES,False,False,True,False,False,False,False,40,40,0,0,0,True,True,110,0.9894540309906006,0.9990653395652771,d856f58d48a13e0fcbb214baa0fcae413e8ffff20e0032967d461441b91183d9,0a58960f6142fad4876a7eacf986c1d59f503dc47c53559a858505232b3c6bcf,f8b5283c3e85f1bc8b4e6e3bde6cc88ee2c61eb45dc03299a6432a593d0fcd03,5.5,110.0,67.66,67.95,67.4,3.2,-0.08,0.01,2.5,0.01500000000001478,5.7,38.400000000000006,2.0,1.0,1.6,2.0,3721.0,124.60000000000001,1.0,123.80000000000001,79.0,68.0,2.0,80.0,98.0,398.90000000000003,86.0,31.0,0.011,2.0,2.0,1.0,1.0,2.0,0.0,0.0,0.0,1.0,1.0,1.0,1.0,110.0,1.0,1.0,1.0,110.0,0.05,0.0,1.0,1.0,1.0,1.0,0.0,0.0,0.0,0.0,1.0,110.0,0.0,0.0,0.0,0.0,0.0,1.0,1.0,50.0,50.0,0.0,12.620000000000001,1.0,0.01500000000001478,0.0,0.7999999999999972,5.7,34.3054,31.0,4784.640000000001,True,False,False,514c4dd51aeb03d2d98f0ec9a20dc730af085207e908ed52e569be1a8dc7d473,2852144c9ded46668e0a8a8074b885a724d61c48ada550e4a932ab20e18a2f49
P5_8_0111,111,111,5.55,EV-LAB-001,NORMAL_BASELINE,NORMAL_LABORATORY_STATE,all_lab_rules_within_thresholds,DETERMINISTIC_LABORATORY_RULES,False,False,True,False,False,False,False,40,40,0,0,0,True,True,111,0.9894567131996155,0.9990652203559875,c6f28a0883eae2a0f3e8f043512795c93a071c241cd5cdca3323cb88cbae5b25,0a58960f6142fad4876a7eacf986c1d59f503dc47c53559a858505232b3c6bcf,f8b5283c3e85f1bc8b4e6e3bde6cc88ee2c61eb45dc03299a6432a593d0fcd03,5.55,111.0,67.62,67.96000000000001,67.53,3.1,-0.08,0.01,2.5,0.125,5.6,38.800000000000004,2.0,1.0,1.6,2.0,3719.0,125.4,1.0,127.4,80.0,66.0,2.0,80.0,98.0,398.0,87.30000000000001,31.0,0.013000000000000001,2.2,2.0,1.0,1.0,2.0,0.0,0.0,0.0,1.0,1.0,1.0,1.0,111.0,1.0,1.0,1.0,111.0,0.05,0.0,1.0,1.0,1.0,1.0,0.0,0.0,0.0,0.0,1.0,111.0,0.0,0.0,0.0,0.0,0.0,1.0,1.0,50.0,50.0,0.0,12.59,1.0,0.125,0.0,2.0,5.6,34.745400000000004,31.0,4865.52,True,False,False,2852144c9ded46668e0a8a8074b885a724d61c48ada550e4a932ab20e18a2f49,620383d9b7de84103f81636ef3de800839e36a09c88d28507ac3a0a7dade72fe
P5_8_0112,112,112,5.6,EV-LAB-001,NORMAL_BASELINE,NORMAL_LABORATORY_STATE,all_lab_rules_within_thresholds,DETERMINISTIC_LABORATORY_RULES,False,False,True,False,False,False,False,40,40,0,0,0,True,True,112,0.9894595146179199,0.999065101146698,101cc0922a9f8066f59833a2b1bfcb842d66ed0d6937f3f7ed2bb6c517741b69,0a58960f6142fad4876a7eacf986c1d59f503dc47c53559a858505232b3c6bcf,f8b5283c3e85f1bc8b4e6e3bde6cc88ee2c61eb45dc03299a6432a593d0fcd03,5.6,112.0,67.58,67.84,67.35,3.1,-0.08,0.01,2.4000000000000004,0.015000000000000568,5.5,38.800000000000004,2.1,1.0,1.6,2.0,3717.0,125.2,1.0,125.9,81.0,66.0,2.0,80.0,98.0,398.0,89.30000000000001,31.0,0.009000000000000001,2.2,2.0,1.0,1.0,2.0,0.0,0.0,0.0,1.0,1.0,1.0,1.0,112.0,1.0,1.0,1.0,112.0,0.05,0.0,1.0,1.0,1.0,1.0,0.0,0.0,0.0,0.0,1.0,112.0,0.0,0.0,0.0,0.0,0.0,1.0,1.0,50.0,50.0,0.0,12.64,1.0,0.015000000000000568,0.0,0.7000000000000028,5.5,35.5414,31.0,4857.76,True,False,False,620383d9b7de84103f81636ef3de800839e36a09c88d28507ac3a0a7dade72fe,269c7f654e8c121cfac52ad96947cad40d5eb026779f3c4f1da236981f03c408
P5_8_0113,113,113,5.65,EV-LAB-001,NORMAL_BASELINE,NORMAL_LABORATORY_STATE,all_lab_rules_within_thresholds,DETERMINISTIC_LABORATORY_RULES,False,False,True,False,False,False,False,40,40,0,0,0,True,True,113,0.9894623160362244,0.9990649819374084,4324ef4c28676a7c346b02ccbf1097b276be96c2de19df1bb7d5315a1c8353e8,0a58960f6142fad4876a7eacf986c1d59f503dc47c53559a858505232b3c6bcf,f8b5283c3e85f1bc8b4e6e3bde6cc88ee2c61eb45dc03299a6432a593d0fcd03,5.65,113.0,67.54,67.83,67.35,3.0,-0.08,0.01,2.4000000000000004,0.04999999999999716,5.4,39.2,2.1,1.0,1.6,2.0,3715.0,125.9,1.0,128.0,80.0,67.0,2.0,80.0,98.0,397.90000000000003,90.10000000000001,32.0,0.01,2.0,2.0,1.0,1.0,2.0,0.0,0.0,0.0,1.0,1.0,1.0,1.0,113.0,1.0,1.0,1.0,113.0,0.05,0.0,1.0,1.0,1.0,1.0,0.0,0.0,0.0,0.0,1.0,113.0,0.0,0.0,0.0,0.0,0.0,1.0,1.0,50.0,50.0,0.0,12.59,1.0,0.04999999999999716,0.0,2.0999999999999943,5.4,35.85079000000001,32.0,4935.280000000001,True,False,False,269c7f654e8c121cfac52ad96947cad40d5eb026779f3c4f1da236981f03c408,9f91a7cb995f9b1467a91ef7dfbdcd8ed8365a82acd89522a07fbed17be95b2a
P5_8_0114,114,114,5.7,EV-LAB-001,NORMAL_BASELINE,NORMAL_LABORATORY_STATE,all_lab_rules_within_thresholds,DETERMINISTIC_LABORATORY_RULES,False,False,True,False,False,False,False,40,40,0,0,0,True,True,114,0.9894651174545288,0.9990648627281189,4170e4465ded55adb142243903e7c25094448b679acc3098f28b5ea5a0b7b361,0a58960f6142fad4876a7eacf986c1d59f503dc47c53559a858505232b3c6bcf,f8b5283c3e85f1bc8b4e6e3bde6cc88ee2c61eb45dc03299a6432a593d0fcd03,5.7,114.0,67.5,67.71000000000001,67.39,3.0,-0.09,0.0,2.4000000000000004,0.05000000000001137,5.4,40.400000000000006,2.2,1.0,1.6,2.0,3712.0,127.0,1.0,126.7,79.0,67.0,2.0,80.0,98.0,398.1,87.60000000000001,31.0,0.01,1.7000000000000002,2.0,1.0,1.0,2.0,0.0,0.0,0.0,1.0,1.0,1.0,1.0,114.0,1.0,1.0,1.0,114.0,0.05,0.0,1.0,1.0,1.0,1.0,0.0,0.0,0.0,0.0,1.0,114.0,0.0,0.0,0.0,0.0,0.0,1.0,1.0,50.0,50.0,0.0,12.6,1.0,0.05000000000001137,0.0,0.29999999999999716,5.4,34.873560000000005,31.0,5130.800000000001,True,False,False,9f91a7cb995f9b1467a91ef7dfbdcd8ed8365a82acd89522a07fbed17be95b2a,9471e2024a35e8475583931907809bb3ad163fdcdad27b8bef37f3a8f55ee22a
P5_8_0115,115,115,5.75,EV-LAB-001,NORMAL_BASELINE,NORMAL_LABORATORY_STATE,all_lab_rules_within_thresholds,DETERMINISTIC_LABORATORY_RULES,False,False,True,False,False,False,False,40,40,0,0,0,True,True,115,0.9894682765007019,0.9990647435188293,adeab8f246cede192e599e67f1c3798e0d36c75c857dedc2ef6e88385d80af7b,0a58960f6142fad4876a7eacf986c1d59f503dc47c53559a858505232b3c6bcf,f8b5283c3e85f1bc8b4e6e3bde6cc88ee2c61eb45dc03299a6432a593d0fcd03,5.75,115.0,67.45,67.64,67.17,2.9000000000000004,-0.09,0.0,2.3000000000000003,0.045000000000001705,5.200000000000001,38.800000000000004,2.2,1.0,1.6,2.0,3710.0,125.30000000000001,1.0,126.4,80.0,67.0,2.0,80.0,98.0,397.90000000000003,87.7,31.0,0.017,1.7000000000000002,2.0,1.0,1.0,2.0,0.0,0.0,0.0,1.0,1.0,1.0,1.0,115.0,1.0,1.0,1.0,115.0,0.05,0.0,1.0,1.0,1.0,1.0,0.0,0.0,0.0,0.0,1.0,115.0,0.0,0.0,0.0,0.0,0.0,1.0,1.0,50.0,50.0,0.0,12.57,1.0,0.045000000000001705,0.0,1.0999999999999943,5.200000000000001,34.895830000000004,31.0,4861.640000000001,True,False,False,9471e2024a35e8475583931907809bb3ad163fdcdad27b8bef37f3a8f55ee22a,5401ea82c00cecee6bd0cf5def5cd798ddb7b34b078bedcadcb583f3492a004b
P5_8_0116,116,116,5.8,EV-LAB-001,NORMAL_BASELINE,NORMAL_LABORATORY_STATE,all_lab_rules_within_thresholds,DETERMINISTIC_LABORATORY_RULES,False,False,True,False,False,False,False,40,40,0,0,0,True,True,116,0.9894713163375854,0.9990646243095398,a02d81133226307dd3bb20274c9d68c9064f1456488be1d3159186bab9d51728,0a58960f6142fad4876a7eacf986c1d59f503dc47c53559a858505232b3c6bcf,f8b5283c3e85f1bc8b4e6e3bde6cc88ee2c61eb45dc03299a6432a593d0fcd03,5.8,116.0,67.41,67.68,67.22,2.9000000000000004,-0.09,0.0,2.3000000000000003,0.04000000000000625,5.200000000000001,40.400000000000006,2.3000000000000003,1.0,2.0,2.0,3707.0,126.9,1.0,128.8,80.0,67.0,2.0,80.0,98.0,398.20000000000005,90.30000000000001,31.0,0.008,2.1,2.0,1.0,1.0,2.0,0.0,0.0,0.0,1.0,1.0,1.0,1.0,116.0,1.0,1.0,1.0,116.0,0.05,0.0,1.0,1.0,1.0,1.0,0.0,0.0,0.0,0.0,1.0,116.0,0.0,0.0,0.0,0.0,0.0,1.0,1.0,50.0,50.0,0.0,12.64,1.0,0.04000000000000625,0.0,1.9000000000000057,5.200000000000001,35.957460000000005,31.0,5126.760000000001,True,False,False,5401ea82c00cecee6bd0cf5def5cd798ddb7b34b078bedcadcb583f3492a004b,0baf1dc4e7868e2221b4a9062f6c416d4bc5e367fa4a60ab09ab17ba58262b7c
P5_8_0117,117,117,5.85,EV-LAB-001,NORMAL_BASELINE,NORMAL_LABORATORY_STATE,all_lab_rules_within_thresholds,DETERMINISTIC_LABORATORY_RULES,False,False,True,False,False,False,False,40,40,0,0,0,True,True,117,0.9894744157791138,0.9990645051002502,f6ccb6c1a173c854512c6880957e4e13c495f31b0ccde4f945ec0c955aab6feb,0a58960f6142fad4876a7eacf986c1d59f503dc47c53559a858505232b3c6bcf,f8b5283c3e85f1bc8b4e6e3bde6cc88ee2c61eb45dc03299a6432a593d0fcd03,5.85,117.0,67.36,67.58,67.24,2.9000000000000004,-0.09,0.0,2.3000000000000003,0.04999999999999716,5.200000000000001,40.400000000000006,2.3000000000000003,1.0,2.0,2.0,3705.0,127.10000000000001,1.0,127.80000000000001,80.0,67.0,2.0,80.0,98.0,398.1,89.9,31.0,0.016,2.1,2.0,1.0,1.0,2.0,0.0,0.0,0.0,1.0,1.0,1.0,1.0,117.0,1.0,1.0,1.0,117.0,0.05,0.0,1.0,1.0,1.0,1.0,0.0,0.0,0.0,0.0,1.0,117.0,0.0,0.0,0.0,0.0,0.0,1.0,1.0,50.0,50.0,0.0,12.58,1.0,0.04999999999999716,0.0,0.7000000000000028,5.200000000000001,35.789190000000005,31.0,5134.840000000001,True,False,False,0baf1dc4e7868e2221b4a9062f6c416d4bc5e367fa4a60ab09ab17ba58262b7c,4f901b8e062bfcafeef0a3f6b55a8def5938fd7229858d2b286190c702930787
P5_8_0118,118,118,5.9,EV-LAB-001,NORMAL_BASELINE,NORMAL_LABORATORY_STATE,all_lab_rules_within_thresholds,DETERMINISTIC_LABORATORY_RULES,False,False,True,False,False,False,False,40,40,0,0,0,True,True,118,0.9894776940345764,0.9990643858909607,7e4faed0985c2ebace636e2b16627e66357c63317d34c3b339ce9f2accf9629b,0a58960f6142fad4876a7eacf986c1d59f503dc47c53559a858505232b3c6bcf,f8b5283c3e85f1bc8b4e6e3bde6cc88ee2c61eb45dc03299a6432a593d0fcd03,5.9,118.0,67.32000000000001,67.57000000000001,67.02,2.8000000000000003,-0.09,0.0,2.2,0.025000000000005684,5.0,40.0,2.3000000000000003,1.0,2.0,2.0,3702.0,126.4,1.0,126.7,80.0,66.0,2.0,80.0,98.0,398.90000000000003,88.10000000000001,31.0,0.012,2.0,2.0,1.0,1.0,2.0,0.0,0.0,0.0,1.0,1.0,1.0,1.0,118.0,1.0,1.0,1.0,118.0,0.05,0.0,1.0,1.0,1.0,1.0,0.0,0.0,0.0,0.0,1.0,118.0,0.0,0.0,0.0,0.0,0.0,1.0,1.0,50.0,50.0,0.0,12.6,1.0,0.025000000000005684,0.0,0.29999999999999716,5.0,35.14309,31.0,5056.0,True,False,False,4f901b8e062bfcafeef0a3f6b55a8def5938fd7229858d2b286190c702930787,7bf40ade62d9ba4a5787fe68ee8ebd21054ee45335a58aa5e593b535499aba7f
P5_8_0119,119,119,5.95,EV-LAB-001,NORMAL_BASELINE,NORMAL_LABORATORY_STATE,all_lab_rules_within_thresholds,DETERMINISTIC_LABORATORY_RULES,False,False,True,False,False,False,False,40,40,0,0,0,True,True,119,0.9894810914993286,0.9990642666816711,bd4affdbb1982156906210f31e0fcbd07a0308c1403cc45c7d713b96fdf8ab79,0a58960f6142fad4876a7eacf986c1d59f503dc47c53559a858505232b3c6bcf,f8b5283c3e85f1bc8b4e6e3bde6cc88ee2c61eb45dc03299a6432a593d0fcd03,5.95,119.0,67.27,67.47,67.0,2.8000000000000003,-0.09,0.0,2.2,0.03499999999999659,5.0,38.400000000000006,2.4000000000000004,1.0,2.0,2.0,3700.0,124.60000000000001,1.0,126.0,79.0,67.0,2.0,80.0,98.0,398.40000000000003,85.60000000000001,31.0,0.014,1.9000000000000001,2.0,1.0,1.0,2.0,0.0,0.0,0.0,1.0,1.0,1.0,1.0,119.0,1.0,1.0,1.0,119.0,0.05,0.0,1.0,1.0,1.0,1.0,0.0,0.0,0.0,0.0,1.0,119.0,0.0,0.0,0.0,0.0,0.0,1.0,1.0,50.0,50.0,0.0,12.59,1.0,0.03499999999999659,0.0,1.3999999999999915,5.0,34.10304000000001,31.0,4784.640000000001,True,False,False,7bf40ade62d9ba4a5787fe68ee8ebd21054ee45335a58aa5e593b535499aba7f,5aca26ceb8080529c92ceb5741605200ab670e643732668bdcc2ffcd3c870476
P5_8_0120,120,120,6.0,EV-LAB-001,NORMAL_BASELINE,NORMAL_LABORATORY_STATE,all_lab_rules_within_thresholds,DETERMINISTIC_LABORATORY_RULES,False,False,True,False,False,False,False,40,40,0,0,0,True,True,120,0.9894844889640808,0.999064028263092,c7dc03b5b4cb1685ca6f85f38c8ccde0d96c6fad5b886732f06a2543fece004c,0a58960f6142fad4876a7eacf986c1d59f503dc47c53559a858505232b3c6bcf,f8b5283c3e85f1bc8b4e6e3bde6cc88ee2c61eb45dc03299a6432a593d0fcd03,6.0,120.0,67.22,67.34,67.02,2.7,-0.1,0.0,2.3000000000000003,0.03999999999999204,5.0,40.0,2.4000000000000004,1.0,2.0,2.0,3697.0,126.2,1.0,125.60000000000001,79.0,67.0,2.0,80.0,98.0,398.90000000000003,88.2,31.0,0.01,2.2,2.0,1.0,1.0,2.0,0.0,0.0,0.0,1.0,1.0,1.0,1.0,120.0,1.0,1.0,1.0,120.0,0.05,0.0,1.0,1.0,1.0,1.0,0.0,0.0,0.0,0.0,1.0,120.0,0.0,0.0,0.0,0.0,0.0,1.0,1.0,50.0,50.0,0.0,12.65,1.0,0.03999999999999204,0.0,0.5999999999999943,5.0,35.18298,31.0,5048.0,True,False,False,5aca26ceb8080529c92ceb5741605200ab670e643732668bdcc2ffcd3c870476,c488e4dd54942f13c837348810c63146f3a634835e307dc9b1c8e0422ecce76f
P5_8_0121,121,121,6.05,EV-LAB-001,NORMAL_BASELINE,NORMAL_LABORATORY_STATE,all_lab_rules_within_thresholds,DETERMINISTIC_LABORATORY_RULES,False,False,True,False,False,False,False,40,40,0,0,0,True,True,121,0.9894880056381226,0.9990639090538025,5fa917b9338437b66c428c9cef155f1bf3f888ea1685de00e5521030910f583b,0a58960f6142fad4876a7eacf986c1d59f503dc47c53559a858505232b3c6bcf,f8b5283c3e85f1bc8b4e6e3bde6cc88ee2c61eb45dc03299a6432a593d0fcd03,6.05,121.0,67.18,67.4,66.98,2.7,-0.1,0.0,2.2,0.009999999999990905,4.9,39.2,2.4000000000000004,1.0,2.0,2.0,3695.0,125.4,1.0,125.7,81.0,67.0,2.0,80.0,98.0,398.1,87.0,31.0,0.014,2.2,2.0,1.0,1.0,2.0,0.0,0.0,0.0,1.0,1.0,1.0,1.0,121.0,1.0,1.0,1.0,121.0,0.05,0.0,1.0,1.0,1.0,1.0,0.0,0.0,0.0,0.0,1.0,121.0,0.0,0.0,0.0,0.0,0.0,1.0,1.0,50.0,50.0,0.0,12.57,1.0,0.009999999999990905,0.0,0.29999999999999716,4.9,34.6347,31.0,4915.68,True,False,False,c488e4dd54942f13c837348810c63146f3a634835e307dc9b1c8e0422ecce76f,79552c99d1a3ff0a60876d7d5dbc02c1cf71cb0712e708b66a70fe3f242414d2
P5_8_0122,122,122,6.1,EV-LAB-001,NORMAL_BASELINE,NORMAL_LABORATORY_STATE,all_lab_rules_within_thresholds,DETERMINISTIC_LABORATORY_RULES,False,False,True,False,False,False,False,40,40,0,0,0,True,True,122,0.9894914627075195,0.9990637898445129,47c7651d75a3830adde9bad781a594d4e161050a4220d8ef144708cce5a6186d,0a58960f6142fad4876a7eacf986c1d59f503dc47c53559a858505232b3c6bcf,f8b5283c3e85f1bc8b4e6e3bde6cc88ee2c61eb45dc03299a6432a593d0fcd03,6.1,122.0,67.13,67.3,67.06,2.6,-0.1,0.0,2.1,0.05000000000001137,4.7,39.6,2.5,1.0,2.0,2.0,3692.0,125.9,1.0,128.5,79.0,67.0,2.0,80.0,98.0,398.1,89.2,32.0,0.012,2.1,2.0,1.0,1.0,2.0,0.0,0.0,0.0,1.0,1.0,1.0,1.0,122.0,1.0,1.0,1.0,122.0,0.05,0.0,1.0,1.0,1.0,1.0,0.0,0.0,0.0,0.0,1.0,122.0,0.0,0.0,0.0,0.0,0.0,1.0,1.0,50.0,50.0,0.0,12.59,1.0,0.05000000000001137,0.0,2.5999999999999943,4.7,35.51052000000001,32.0,4985.64,True,False,False,79552c99d1a3ff0a60876d7d5dbc02c1cf71cb0712e708b66a70fe3f242414d2,e3e1077f3019fe2c422876d7e656ef4ecf58ce4c2e005687c5d3967339de6e5f
P5_8_0123,123,123,6.15,EV-LAB-001,NORMAL_BASELINE,NORMAL_LABORATORY_STATE,all_lab_rules_within_thresholds,DETERMINISTIC_LABORATORY_RULES,False,False,True,False,False,False,False,40,40,0,0,0,True,True,123,0.9894949793815613,0.9990636706352234,acc55035406de8fd219cfca7d6f6815672c281867efa74257c03d5999954af94,0a58960f6142fad4876a7eacf986c1d59f503dc47c53559a858505232b3c6bcf,f8b5283c3e85f1bc8b4e6e3bde6cc88ee2c61eb45dc03299a6432a593d0fcd03,6.15,123.0,67.08,67.12,66.91,2.6,-0.1,0.0,2.0,0.06499999999999773,4.6,38.800000000000004,2.5,1.0,2.0,2.0,3689.0,125.0,1.0,123.9,79.0,67.0,2.0,80.0,98.0,398.3,87.2,31.0,0.01,2.0,2.0,1.0,1.0,2.0,0.0,0.0,0.0,1.0,1.0,1.0,1.0,123.0,1.0,1.0,1.0,123.0,0.05,0.0,1.0,1.0,1.0,1.0,0.0,0.0,0.0,0.0,1.0,123.0,0.0,0.0,0.0,0.0,0.0,1.0,1.0,50.0,50.0,0.0,12.59,1.0,0.06499999999999773,0.0,1.0999999999999943,4.6,34.73176,31.0,4850.000000000001,True,False,False,e3e1077f3019fe2c422876d7e656ef4ecf58ce4c2e005687c5d3967339de6e5f,8e4b8b8d995a5dd31cfbd84f650cd7787ae1ba43edb53706e7588b4a85f1247a
P5_8_0124,124,124,6.2,EV-LAB-001,NORMAL_BASELINE,NORMAL_LABORATORY_STATE,all_lab_rules_within_thresholds,DETERMINISTIC_LABORATORY_RULES,False,False,True,False,False,False,False,40,40,0,0,0,True,True,124,0.9894987344741821,0.9990634322166443,bb00f6e364711c1e0d06db86e216310c02a0ce0be4fb45ed3b0e6197a0162927,0a58960f6142fad4876a7eacf986c1d59f503dc47c53559a858505232b3c6bcf,f8b5283c3e85f1bc8b4e6e3bde6cc88ee2c61eb45dc03299a6432a593d0fcd03,6.2,124.0,67.03,67.32000000000001,66.82000000000001,2.6,-0.1,0.0,2.1,0.04000000000000625,4.7,40.800000000000004,2.5,1.0,2.0,2.0,3687.0,127.2,1.0,129.1,79.0,67.0,2.0,80.0,98.0,397.90000000000003,90.0,32.0,0.01,2.0,2.0,1.0,1.0,2.0,0.0,0.0,0.0,1.0,1.0,1.0,1.0,124.0,1.0,1.0,1.0,124.0,0.05,0.0,1.0,1.0,1.0,1.0,0.0,0.0,0.0,0.0,1.0,124.0,0.0,0.0,0.0,0.0,0.0,1.0,1.0,50.0,50.0,0.0,12.620000000000001,1.0,0.04000000000000625,0.0,1.8999999999999915,4.7,35.811,32.0,5189.76,True,False,False,8e4b8b8d995a5dd31cfbd84f650cd7787ae1ba43edb53706e7588b4a85f1247a,84426f037a4bbfcacfcbb91241ca4a4fed271d87200c1ba2268b2fbe936c389d
P5_8_0125,125,125,6.25,EV-LAB-001,NORMAL_BASELINE,NORMAL_LABORATORY_STATE,all_lab_rules_within_thresholds,DETERMINISTIC_LABORATORY_RULES,False,False,True,False,False,False,False,40,40,0,0,0,True,True,125,0.9895023107528687,0.9990633130073547,77d232fe3c7ad77af55254fbf4f5cb49c4d7225dfd57194f3b3d9a95cf0b609e,0a58960f6142fad4876a7eacf986c1d59f503dc47c53559a858505232b3c6bcf,f8b5283c3e85f1bc8b4e6e3bde6cc88ee2c61eb45dc03299a6432a593d0fcd03,6.25,125.0,66.98,67.18,66.89,2.5,-0.1,0.0,2.0,0.05499999999999261,4.5,40.800000000000004,2.5,1.0,2.0,2.0,3684.0,127.4,1.0,130.3,79.0,67.0,2.0,80.0,98.0,398.3,89.9,31.0,0.009000000000000001,1.9000000000000001,2.0,1.0,1.0,2.0,0.0,0.0,0.0,1.0,1.0,1.0,1.0,125.0,1.0,1.0,1.0,125.0,0.05,0.0,1.0,1.0,1.0,1.0,0.0,0.0,0.0,0.0,1.0,125.0,0.0,0.0,0.0,0.0,0.0,1.0,1.0,50.0,50.0,0.0,12.58,1.0,0.05499999999999261,0.0,2.9000000000000057,4.5,35.807170000000006,31.0,5197.920000000001,True,False,False,84426f037a4bbfcacfcbb91241ca4a4fed271d87200c1ba2268b2fbe936c389d,66b8be0a48586c64574d7619e41a9d1c3873a2fd6ae816d98d1c0bc004e7b5cc
P5_8_0126,126,126,6.3,EV-LAB-001,NORMAL_BASELINE,NORMAL_LABORATORY_STATE,all_lab_rules_within_thresholds,DETERMINISTIC_LABORATORY_RULES,False,False,True,False,False,False,False,40,40,0,0,0,True,True,126,0.9895060658454895,0.9990631937980652,21592b81f427dea5a3eb1d70673b2ac59a1a03a8e01eb1b74da4a95d3872b3a4,0a58960f6142fad4876a7eacf986c1d59f503dc47c53559a858505232b3c6bcf,f8b5283c3e85f1bc8b4e6e3bde6cc88ee2c61eb45dc03299a6432a593d0fcd03,6.3,126.0,66.93,67.18,66.83,2.5,-0.1,0.0,2.1,0.07499999999998863,4.6,40.0,2.5,1.0,2.0,2.0,3681.0,126.10000000000001,1.0,127.30000000000001,79.0,67.0,2.0,80.0,98.0,398.70000000000005,89.80000000000001,31.0,0.014,2.2,2.0,1.0,1.0,2.0,0.0,0.0,0.0,1.0,1.0,1.0,1.0,126.0,1.0,1.0,1.0,126.0,0.05,0.0,1.0,1.0,1.0,1.0,0.0,0.0,0.0,0.0,1.0,126.0,0.0,0.0,0.0,0.0,0.0,1.0,1.0,50.0,50.0,0.0,12.620000000000001,1.0,0.07499999999998863,0.0,1.2000000000000028,4.6,35.80326000000001,31.0,5044.0,True,False,False,66b8be0a48586c64574d7619e41a9d1c3873a2fd6ae816d98d1c0bc004e7b5cc,9055280b52d2685fa32d840edfc84c6c1e0748e5aaa330c5f217287fb8af26f6
P5_8_0127,127,127,6.35,EV-LAB-001,NORMAL_BASELINE,NORMAL_LABORATORY_STATE,all_lab_rules_within_thresholds,DETERMINISTIC_LABORATORY_RULES,False,False,True,False,False,False,False,40,40,0,0,0,True,True,127,0.9895099401473999,0.9990629553794861,f035b133fca7bb0cd71da032a7bf9d201397295b65e4bd245fe41b51163579cf,0a58960f6142fad4876a7eacf986c1d59f503dc47c53559a858505232b3c6bcf,f8b5283c3e85f1bc8b4e6e3bde6cc88ee2c61eb45dc03299a6432a593d0fcd03,6.35,127.0,66.88,67.1,66.61,2.4000000000000004,-0.1,0.0,1.9000000000000001,0.025000000000005684,4.300000000000001,41.2,2.6,1.0,2.0,2.0,3678.0,128.0,1.0,127.30000000000001,80.0,67.0,2.0,80.0,98.0,398.40000000000003,90.4,31.0,0.01,1.9000000000000001,2.0,1.0,1.0,2.0,0.0,0.0,0.0,1.0,1.0,1.0,1.0,127.0,1.0,1.0,1.0,127.0,0.05,0.0,1.0,1.0,1.0,1.0,0.0,0.0,0.0,0.0,1.0,127.0,0.0,0.0,0.0,0.0,0.0,1.0,1.0,50.0,50.0,0.0,12.6,1.0,0.025000000000005684,0.0,0.6999999999999886,4.300000000000001,36.01536000000001,31.0,5273.6,True,False,False,9055280b52d2685fa32d840edfc84c6c1e0748e5aaa330c5f217287fb8af26f6,6c042d886b918e879c2f8c8a2df5a38ae85e4b92a0d98143bc6cb20b4bafaa81
P5_8_0128,128,128,6.4,EV-LAB-001,NORMAL_BASELINE,NORMAL_LABORATORY_STATE,all_lab_rules_within_thresholds,DETERMINISTIC_LABORATORY_RULES,False,False,True,False,False,False,False,40,40,0,0,0,True,True,128,0.989513635635376,0.9990628361701965,5982fa9d1b35cd4e674b5026d8b0e259d17b52e09b2a062dc377e0c829a6d88f,0a58960f6142fad4876a7eacf986c1d59f503dc47c53559a858505232b3c6bcf,f8b5283c3e85f1bc8b4e6e3bde6cc88ee2c61eb45dc03299a6432a593d0fcd03,6.4,128.0,66.83,66.9,66.58,2.4000000000000004,-0.1,0.0,1.9000000000000001,0.0899999999999892,4.300000000000001,39.2,2.6,1.0,2.0,2.0,3676.0,125.4,1.0,124.10000000000001,80.0,67.0,2.0,80.0,98.0,398.5,89.30000000000001,31.0,0.011,2.1,2.0,1.0,1.0,2.0,0.0,0.0,0.0,1.0,1.0,1.0,1.0,128.0,1.0,1.0,1.0,128.0,0.05,0.0,1.0,1.0,1.0,1.0,0.0,0.0,0.0,0.0,1.0,128.0,0.0,0.0,0.0,0.0,0.0,1.0,1.0,50.0,50.0,0.0,12.58,1.0,0.0899999999999892,0.0,1.2999999999999972,4.300000000000001,35.58605,31.0,4915.68,True,False,False,6c042d886b918e879c2f8c8a2df5a38ae85e4b92a0d98143bc6cb20b4bafaa81,979ac6f1be4f266ad63929d029585436a8d5f8fb10501f48b64979dbc1646f77
P5_8_0129,129,129,6.45,EV-LAB-001,NORMAL_BASELINE,NORMAL_LABORATORY_STATE,all_lab_rules_within_thresholds,DETERMINISTIC_LABORATORY_RULES,False,False,True,False,False,False,False,40,40,0,0,0,True,True,129,0.9895175099372864,0.999062716960907,ae252889990f6b35609f7b2614ccd2a29fc0c85211f5181f2bec263dc2a7b92e,0a58960f6142fad4876a7eacf986c1d59f503dc47c53559a858505232b3c6bcf,f8b5283c3e85f1bc8b4e6e3bde6cc88ee2c61eb45dc03299a6432a593d0fcd03,6.45,129.0,66.78,67.03,66.57000000000001,2.4000000000000004,-0.1,-0.01,1.8,0.020000000000010232,4.2,38.400000000000006,2.6,1.0,2.0,2.0,3673.0,124.5,1.0,126.4,80.0,67.0,2.0,80.0,98.0,398.8,86.30000000000001,31.0,0.017,1.9000000000000001,2.0,1.0,1.0,2.0,0.0,0.0,0.0,1.0,1.0,1.0,1.0,129.0,1.0,1.0,1.0,129.0,0.05,0.0,1.0,1.0,1.0,1.0,0.0,0.0,0.0,0.0,1.0,129.0,0.0,0.0,0.0,0.0,0.0,1.0,1.0,50.0,50.0,0.0,12.59,1.0,0.020000000000010232,0.0,1.9000000000000057,4.2,34.41644,31.0,4780.800000000001,True,False,False,979ac6f1be4f266ad63929d029585436a8d5f8fb10501f48b64979dbc1646f77,98f6bcbb99fb3016c44c81db2659c2b4d3b6a9afbb66ede489493716c65c87bc
P5_8_0130,130,130,6.5,EV-LAB-001,NORMAL_BASELINE,NORMAL_LABORATORY_STATE,all_lab_rules_within_thresholds,DETERMINISTIC_LABORATORY_RULES,False,False,True,False,False,False,False,40,40,0,0,0,True,True,130,0.9895213842391968,0.9990624785423279,6c88693bdaa624f771f21dddae6080bc909dd070e10e0988d7bc2f28120f0527,0a58960f6142fad4876a7eacf986c1d59f503dc47c53559a858505232b3c6bcf,f8b5283c3e85f1bc8b4e6e3bde6cc88ee2c61eb45dc03299a6432a593d0fcd03,6.5,130.0,66.73,66.89,66.48,2.3000000000000003,-0.1,0.0,1.7000000000000002,0.045000000000001705,4.0,40.400000000000006,2.6,1.0,2.0,2.0,3670.0,126.80000000000001,1.0,126.30000000000001,80.0,68.0,2.0,80.0,98.0,398.70000000000005,88.4,32.0,0.009000000000000001,1.9000000000000001,2.0,1.0,1.0,2.0,0.0,0.0,0.0,1.0,1.0,1.0,1.0,130.0,1.0,1.0,1.0,130.0,0.05,0.0,1.0,1.0,1.0,1.0,0.0,0.0,0.0,0.0,1.0,130.0,0.0,0.0,0.0,0.0,0.0,1.0,1.0,50.0,50.0,0.0,12.56,1.0,0.045000000000001705,0.0,0.5,4.0,35.24508000000001,32.0,5122.720000000001,True,False,False,98f6bcbb99fb3016c44c81db2659c2b4d3b6a9afbb66ede489493716c65c87bc,699d3a4f5e911c535740b1c0d130ea33534308d120772283d8e7c0c7559b04a2
P5_8_0131,131,131,6.55,EV-LAB-001,NORMAL_BASELINE,NORMAL_LABORATORY_STATE,all_lab_rules_within_thresholds,DETERMINISTIC_LABORATORY_RULES,False,False,True,False,False,False,False,40,40,0,0,0,True,True,131,0.9895251989364624,0.9990623593330383,6236d4b5caedb88e313d6206e2dcd92b2d5b26c439ed0b012d058f8fc2a66367,0a58960f6142fad4876a7eacf986c1d59f503dc47c53559a858505232b3c6bcf,f8b5283c3e85f1bc8b4e6e3bde6cc88ee2c61eb45dc03299a6432a593d0fcd03,6.55,131.0,66.68,67.07000000000001,66.4,2.3000000000000003,-0.1,0.0,1.8,0.05500000000000682,4.1000000000000005,41.6,2.6,1.0,2.0,2.0,3667.0,128.5,1.0,131.1,79.0,67.0,2.0,80.0,98.0,398.20000000000005,92.9,31.0,0.011,2.3000000000000003,2.0,1.0,1.0,2.0,0.0,0.0,0.0,1.0,1.0,1.0,1.0,131.0,1.0,1.0,1.0,131.0,0.05,0.0,1.0,1.0,1.0,1.0,0.0,0.0,0.0,0.0,1.0,131.0,0.0,0.0,0.0,0.0,0.0,1.0,1.0,50.0,50.0,0.0,12.61,1.0,0.05500000000000682,0.0,2.5999999999999943,4.1000000000000005,36.99278,31.0,5345.6,True,False,False,699d3a4f5e911c535740b1c0d130ea33534308d120772283d8e7c0c7559b04a2,ba8bf9e10e3d8145f338c1ef48fe7daff6dd37ec821b191059bb47eca0eec5e5
P5_8_0132,132,132,6.6,EV-LAB-001,NORMAL_BASELINE,NORMAL_LABORATORY_STATE,all_lab_rules_within_thresholds,DETERMINISTIC_LABORATORY_RULES,False,False,True,False,False,False,False,40,40,0,0,0,True,True,132,0.9895290732383728,0.9990621209144592,63eccf0d070195c028801ce5bf07b4eae1f30e047532abd0e1e6a3494d929e2d,0a58960f6142fad4876a7eacf986c1d59f503dc47c53559a858505232b3c6bcf,f8b5283c3e85f1bc8b4e6e3bde6cc88ee2c61eb45dc03299a6432a593d0fcd03,6.6,132.0,66.63,66.91,66.46000000000001,2.2,-0.1,0.0,1.8,0.05500000000000682,4.0,40.400000000000006,2.6,1.0,2.0,2.0,3664.0,126.9,1.0,129.20000000000002,78.0,67.0,2.0,80.0,98.0,398.6,87.60000000000001,31.0,0.011,2.2,2.0,1.0,1.0,2.0,0.0,0.0,0.0,1.0,1.0,1.0,1.0,132.0,1.0,1.0,1.0,132.0,0.05,0.0,1.0,1.0,1.0,1.0,0.0,0.0,0.0,0.0,1.0,132.0,0.0,0.0,0.0,0.0,0.0,1.0,1.0,50.0,50.0,0.0,12.56,1.0,0.05500000000000682,0.0,2.3000000000000114,4.0,34.91736000000001,31.0,5126.760000000001,True,False,False,ba8bf9e10e3d8145f338c1ef48fe7daff6dd37ec821b191059bb47eca0eec5e5,748fc01692367c707b7dfbe44aeef915ec82ae50f2786275c0e7417086cba383
P5_8_0133,133,133,6.65,EV-LAB-001,NORMAL_BASELINE,NORMAL_LABORATORY_STATE,all_lab_rules_within_thresholds,DETERMINISTIC_LABORATORY_RULES,False,False,True,False,False,False,False,40,40,0,0,0,True,True,133,0.9895331263542175,0.9990620017051697,ae3fa590064f5b10cab81e51a16991c30a58ea58088534d06a6f895823863d2e,0a58960f6142fad4876a7eacf986c1d59f503dc47c53559a858505232b3c6bcf,f8b5283c3e85f1bc8b4e6e3bde6cc88ee2c61eb45dc03299a6432a593d0fcd03,6.65,133.0,66.57000000000001,66.93,66.44,2.2,-0.1,0.0,1.8,0.11499999999999488,4.0,39.6,2.6,1.0,2.0,2.0,3662.0,126.0,1.0,127.0,80.0,68.0,2.0,80.0,98.0,398.5,88.9,31.0,0.007,1.9000000000000001,2.0,1.0,1.0,2.0,0.0,0.0,0.0,1.0,1.0,1.0,1.0,133.0,1.0,1.0,1.0,133.0,0.05,0.0,1.0,1.0,1.0,1.0,0.0,0.0,0.0,0.0,1.0,133.0,0.0,0.0,0.0,0.0,0.0,1.0,1.0,50.0,50.0,0.0,12.6,1.0,0.11499999999999488,0.0,1.0,4.0,35.42665,31.0,4989.6,True,False,False,748fc01692367c707b7dfbe44aeef915ec82ae50f2786275c0e7417086cba383,b814bd6bf7c060251af58b473f35c7b8c8dba1d29b8f3901473a4c4686ad96f3
P5_8_0134,134,134,6.7,EV-LAB-001,NORMAL_BASELINE,NORMAL_LABORATORY_STATE,all_lab_rules_within_thresholds,DETERMINISTIC_LABORATORY_RULES,False,False,True,False,False,False,False,40,40,0,0,0,True,True,134,0.9895371198654175,0.9990617632865906,f9085b6cf69c8538881e05445e371a0a2a62f6dd202f1453aabf86f6cc8d4936,0a58960f6142fad4876a7eacf986c1d59f503dc47c53559a858505232b3c6bcf,f8b5283c3e85f1bc8b4e6e3bde6cc88ee2c61eb45dc03299a6432a593d0fcd03,6.7,134.0,66.52,66.76,66.3,2.2,-0.1,0.0,1.8,0.010000000000005116,4.0,39.2,2.6,1.0,2.0,2.0,3659.0,125.30000000000001,1.0,126.30000000000001,79.0,67.0,2.0,80.0,98.0,399.0,86.80000000000001,31.0,0.013000000000000001,2.1,2.0,1.0,1.0,2.0,0.0,0.0,0.0,1.0,1.0,1.0,1.0,134.0,1.0,1.0,1.0,134.0,0.05,0.0,1.0,1.0,1.0,1.0,0.0,0.0,0.0,0.0,1.0,134.0,0.0,0.0,0.0,0.0,0.0,1.0,1.0,50.0,50.0,0.0,12.58,1.0,0.010000000000005116,0.0,1.0,4.0,34.6332,31.0,4911.760000000001,True,False,False,b814bd6bf7c060251af58b473f35c7b8c8dba1d29b8f3901473a4c4686ad96f3,3b232cd34f5fe93d36df980e0d35a881b175513f9c10ad88df5f3ed67989376d
P5_8_0135,135,135,6.75,EV-LAB-001,NORMAL_BASELINE,NORMAL_LABORATORY_STATE,all_lab_rules_within_thresholds,DETERMINISTIC_LABORATORY_RULES,False,False,True,False,False,False,False,40,40,0,0,0,True,True,135,0.9895411133766174,0.999061644077301,3105989c12e3722b6e7ad2bdf5b93e54e36aa0d36fcd14e8203c2f8bd06ba312,0a58960f6142fad4876a7eacf986c1d59f503dc47c53559a858505232b3c6bcf,f8b5283c3e85f1bc8b4e6e3bde6cc88ee2c61eb45dc03299a6432a593d0fcd03,6.75,135.0,66.47,66.75,66.31,2.1,-0.1,0.0,1.6,0.060000000000002274,3.7,39.2,2.6,1.0,2.0,2.0,3656.0,125.2,1.0,126.2,80.0,67.0,2.0,80.0,98.0,398.0,87.9,31.0,0.011,2.0,2.0,1.0,1.0,2.0,0.0,0.0,0.0,1.0,1.0,1.0,1.0,135.0,1.0,1.0,1.0,135.0,0.05,0.0,1.0,1.0,1.0,1.0,0.0,0.0,0.0,0.0,1.0,135.0,0.0,0.0,0.0,0.0,0.0,1.0,1.0,50.0,50.0,0.0,12.59,1.0,0.060000000000002274,0.0,1.0,3.7,34.9842,31.0,4907.84,True,False,False,3b232cd34f5fe93d36df980e0d35a881b175513f9c10ad88df5f3ed67989376d,e14ab813ee7b1239125b191f370e9aa09c231e23ed456ffe6540d2643b3cc210
P5_8_0136,136,136,6.8,EV-LAB-001,NORMAL_BASELINE,NORMAL_LABORATORY_STATE,all_lab_rules_within_thresholds,DETERMINISTIC_LABORATORY_RULES,False,False,True,False,False,False,False,40,40,0,0,0,True,True,136,0.9895450472831726,0.9990615248680115,b5baf2b9cb9d376cc8e7d67aff7b3ffc53b1d39ed3442407bc3c838d9704fe3a,0a58960f6142fad4876a7eacf986c1d59f503dc47c53559a858505232b3c6bcf,f8b5283c3e85f1bc8b4e6e3bde6cc88ee2c61eb45dc03299a6432a593d0fcd03,6.8,136.0,66.42,66.55,66.26,2.1,-0.1,0.0,1.7000000000000002,0.015000000000000568,3.8000000000000003,40.800000000000004,2.6,1.0,2.0,2.0,3653.0,127.4,1.0,128.1,79.0,67.0,2.0,80.0,98.0,398.0,89.10000000000001,32.0,0.013000000000000001,1.9000000000000001,2.0,1.0,1.0,2.0,0.0,0.0,0.0,1.0,1.0,1.0,1.0,136.0,1.0,1.0,1.0,136.0,0.05,0.0,1.0,1.0,1.0,1.0,0.0,0.0,0.0,0.0,1.0,136.0,0.0,0.0,0.0,0.0,0.0,1.0,1.0,50.0,50.0,0.0,12.65,1.0,0.015000000000000568,0.0,0.6999999999999886,3.8000000000000003,35.461800000000004,32.0,5197.920000000001,True,False,False,e14ab813ee7b1239125b191f370e9aa09c231e23ed456ffe6540d2643b3cc210,4bfffac7ee493cd15c8c1d2262083d3384da00f84d34cab64be95ce7206004c6
P5_8_0137,137,137,6.85,EV-LAB-001,NORMAL_BASELINE,NORMAL_LABORATORY_STATE,all_lab_rules_within_thresholds,DETERMINISTIC_LABORATORY_RULES,False,False,True,False,False,False,False,40,40,0,0,0,True,True,137,0.9895490407943726,0.9990612864494324,804d60f64a404019a739944e2a220a4439e9044513c9d8ccf1a87ddff003f15d,0a58960f6142fad4876a7eacf986c1d59f503dc47c53559a858505232b3c6bcf,f8b5283c3e85f1bc8b4e6e3bde6cc88ee2c61eb45dc03299a6432a593d0fcd03,6.85,137.0,66.37,66.7,66.22,2.0,-0.1,0.0,1.6,0.09000000000000341,3.6,39.2,2.6,1.0,2.0,2.0,3650.0,125.2,1.0,125.0,80.0,67.0,2.0,80.0,98.0,398.90000000000003,88.0,31.0,0.009000000000000001,1.8,2.0,1.0,1.0,2.0,0.0,0.0,0.0,1.0,1.0,1.0,1.0,137.0,1.0,1.0,1.0,137.0,0.05,0.0,1.0,1.0,1.0,1.0,0.0,0.0,0.0,0.0,1.0,137.0,0.0,0.0,0.0,0.0,0.0,1.0,1.0,50.0,50.0,0.0,12.55,1.0,0.09000000000000341,0.0,0.20000000000000284,3.6,35.1032,31.0,4907.84,True,False,False,4bfffac7ee493cd15c8c1d2262083d3384da00f84d34cab64be95ce7206004c6,4ce2e2132a9fb06dd8d27cfd35060bcdf3042fa4e35b4bdd048feac120c4b69e
P5_8_0138,138,138,6.9,EV-LAB-001,NORMAL_BASELINE,NORMAL_LABORATORY_STATE,all_lab_rules_within_thresholds,DETERMINISTIC_LABORATORY_RULES,False,False,True,False,False,False,False,40,40,0,0,0,True,True,138,0.9895529747009277,0.9990611672401428,47388030523ac69503bdaa37bb52d06c3e198c190d9b55bb7799ff4d01e06b53,0a58960f6142fad4876a7eacf986c1d59f503dc47c53559a858505232b3c6bcf,f8b5283c3e85f1bc8b4e6e3bde6cc88ee2c61eb45dc03299a6432a593d0fcd03,6.9,138.0,66.32000000000001,66.64,66.14,2.0,-0.1,0.0,1.7000000000000002,0.06999999999999318,3.7,40.0,2.6,1.0,2.0,2.0,3647.0,126.5,1.0,126.30000000000001,78.0,67.0,2.0,80.0,98.0,398.6,88.5,31.0,0.014,2.0,2.0,1.0,1.0,2.0,0.0,0.0,0.0,1.0,1.0,1.0,1.0,138.0,1.0,1.0,1.0,138.0,0.05,0.0,1.0,1.0,1.0,1.0,0.0,0.0,0.0,0.0,1.0,138.0,0.0,0.0,0.0,0.0,0.0,1.0,1.0,50.0,50.0,0.0,12.57,1.0,0.06999999999999318,0.0,0.19999999999998863,3.7,35.2761,31.0,5060.0,True,False,False,4ce2e2132a9fb06dd8d27cfd35060bcdf3042fa4e35b4bdd048feac120c4b69e,2d6a31b9d516b82eabcc458b6505164767f794d2c5e480e1c005895259954b41
P5_8_0139,139,139,6.95,EV-LAB-001,NORMAL_BASELINE,NORMAL_LABORATORY_STATE,all_lab_rules_within_thresholds,DETERMINISTIC_LABORATORY_RULES,False,False,True,False,False,False,False,40,40,0,0,0,True,True,139,0.9895569682121277,0.9990609288215637,5dfcd9367309d82ddd1149091c7998b445cb86bf3896e61db937e146dd388115,0a58960f6142fad4876a7eacf986c1d59f503dc47c53559a858505232b3c6bcf,f8b5283c3e85f1bc8b4e6e3bde6cc88ee2c61eb45dc03299a6432a593d0fcd03,6.95,139.0,66.27,66.59,66.06,2.0,-0.1,0.0,1.5,0.05500000000000682,3.5,39.2,2.6,1.0,2.0,2.0,3645.0,125.2,1.0,126.80000000000001,80.0,66.0,2.0,80.0,98.0,398.20000000000005,86.60000000000001,31.0,0.01,2.1,2.0,1.0,1.0,2.0,0.0,0.0,0.0,1.0,1.0,1.0,1.0,139.0,1.0,1.0,1.0,139.0,0.05,0.0,1.0,1.0,1.0,1.0,0.0,0.0,0.0,0.0,1.0,139.0,0.0,0.0,0.0,0.0,0.0,1.0,1.0,50.0,50.0,0.0,12.59,1.0,0.05500000000000682,0.0,1.6000000000000085,3.5,34.48412000000001,31.0,4907.84,True,False,False,2d6a31b9d516b82eabcc458b6505164767f794d2c5e480e1c005895259954b41,7aafbdd481eef0f1a3816c2c1f36368575cb95efe70c915756da2ccf8d1db3e5
P5_8_0140,140,140,7.0,EV-LAB-001,NORMAL_BASELINE,NORMAL_LABORATORY_STATE,all_lab_rules_within_thresholds,DETERMINISTIC_LABORATORY_RULES,False,False,True,False,False,False,False,40,40,0,0,0,True,True,140,0.9895609617233276,0.9990608096122742,726ffd29f6a99f6884c6cd80821a73a5915452b387abc7e3cfe1e4b75cf8f509,0a58960f6142fad4876a7eacf986c1d59f503dc47c53559a858505232b3c6bcf,f8b5283c3e85f1bc8b4e6e3bde6cc88ee2c61eb45dc03299a6432a593d0fcd03,7.0,140.0,66.22,66.47,66.02,1.9000000000000001,-0.1,0.0,1.6,0.025000000000005684,3.5,39.6,2.6,1.0,2.0,2.0,3642.0,125.60000000000001,1.0,124.0,80.0,67.0,2.0,80.0,98.0,397.8,87.60000000000001,31.0,0.014,1.9000000000000001,2.0,1.0,1.0,2.0,0.0,0.0,0.0,1.0,1.0,1.0,1.0,140.0,1.0,1.0,1.0,140.0,0.05,0.0,1.0,1.0,1.0,1.0,0.0,0.0,0.0,0.0,1.0,140.0,0.0,0.0,0.0,0.0,0.0,1.0,1.0,50.0,50.0,0.0,12.58,1.0,0.025000000000005684,0.0,1.6000000000000085,3.5,34.847280000000005,31.0,4973.76,True,False,False,7aafbdd481eef0f1a3816c2c1f36368575cb95efe70c915756da2ccf8d1db3e5,9d76371e2d5691b75108c34a6073e7dbffceb5508fa0ad78bac2dcb660b5f05a
P5_8_0141,141,141,7.05,EV-LAB-001,NORMAL_BASELINE,NORMAL_LABORATORY_STATE,all_lab_rules_within_thresholds,DETERMINISTIC_LABORATORY_RULES,False,False,True,False,False,False,False,40,40,0,0,0,True,True,141,0.9895650148391724,0.9990605711936951,20437fa67a0363a6e8541a7ceeefa907c4d22df33db8863c5d64d718fbfb1e8e,0a58960f6142fad4876a7eacf986c1d59f503dc47c53559a858505232b3c6bcf,f8b5283c3e85f1bc8b4e6e3bde6cc88ee2c61eb45dc03299a6432a593d0fcd03,7.05,141.0,66.16,66.45,65.89,1.9000000000000001,-0.1,-0.01,1.4000000000000001,0.010000000000005116,3.3000000000000003,40.400000000000006,2.6,1.0,2.0,2.0,3639.0,126.80000000000001,1.0,126.9,79.0,67.0,2.0,80.0,98.0,398.6,88.9,31.0,0.01,2.2,2.0,1.0,1.0,2.0,0.0,0.0,0.0,1.0,1.0,1.0,1.0,141.0,1.0,1.0,1.0,141.0,0.05,0.0,1.0,1.0,1.0,1.0,0.0,0.0,0.0,0.0,1.0,141.0,0.0,0.0,0.0,0.0,0.0,1.0,1.0,50.0,50.0,0.0,12.620000000000001,1.0,0.010000000000005116,0.0,0.09999999999999432,3.3000000000000003,35.43554,31.0,5122.720000000001,True,False,False,9d76371e2d5691b75108c34a6073e7dbffceb5508fa0ad78bac2dcb660b5f05a,465b8ab035f5b212cc5666d9a8b09a90a82a5aa6276f3b3d8ef18ec134cba32c
P5_8_0142,142,142,7.1,EV-LAB-001,NORMAL_BASELINE,NORMAL_LABORATORY_STATE,all_lab_rules_within_thresholds,DETERMINISTIC_LABORATORY_RULES,False,False,True,False,False,False,False,40,40,0,0,0,True,True,142,0.9895690083503723,0.9990604519844055,3849dcf5eb986da9427684edf11ca74d1beb88a66ce48c9a952420d134e207df,0a58960f6142fad4876a7eacf986c1d59f503dc47c53559a858505232b3c6bcf,f8b5283c3e85f1bc8b4e6e3bde6cc88ee2c61eb45dc03299a6432a593d0fcd03,7.1,142.0,66.11,66.4,66.07000000000001,1.9000000000000001,-0.1,0.0,1.5,0.1250000000000142,3.4000000000000004,39.6,2.6,1.0,2.0,2.0,3636.0,125.7,1.0,128.4,79.0,67.0,2.0,80.0,98.0,398.5,87.10000000000001,31.0,0.01,1.9000000000000001,2.0,1.0,1.0,2.0,0.0,0.0,0.0,1.0,1.0,1.0,1.0,142.0,1.0,1.0,1.0,142.0,0.05,0.0,1.0,1.0,1.0,1.0,0.0,0.0,0.0,0.0,1.0,142.0,0.0,0.0,0.0,0.0,0.0,1.0,1.0,50.0,50.0,0.0,12.65,1.0,0.1250000000000142,0.0,2.700000000000003,3.4000000000000004,34.70935000000001,31.0,4977.72,True,False,False,465b8ab035f5b212cc5666d9a8b09a90a82a5aa6276f3b3d8ef18ec134cba32c,c96edda42553c1a638fd45fb91f20635c97cbbb132898afb38e2886854e745f1
P5_8_0143,143,143,7.15,EV-LAB-001,NORMAL_BASELINE,NORMAL_LABORATORY_STATE,all_lab_rules_within_thresholds,DETERMINISTIC_LABORATORY_RULES,False,False,True,False,False,False,False,40,40,0,0,0,True,True,143,0.9895729422569275,0.9990602135658264,d0c94906b36e47abb9d66d76215942a7692e08538f28f6847066a44192edeee8,0a58960f6142fad4876a7eacf986c1d59f503dc47c53559a858505232b3c6bcf,f8b5283c3e85f1bc8b4e6e3bde6cc88ee2c61eb45dc03299a6432a593d0fcd03,7.15,143.0,66.06,66.33,65.93,1.8,-0.1,0.0,1.5,0.06999999999999318,3.3,41.2,2.6,1.0,2.0,2.0,3634.0,127.7,1.0,125.4,79.0,67.0,2.0,80.0,98.0,398.20000000000005,88.60000000000001,31.0,0.012,2.2,2.0,1.0,1.0,2.0,0.0,0.0,0.0,1.0,1.0,1.0,1.0,143.0,1.0,1.0,1.0,143.0,0.05,0.0,1.0,1.0,1.0,1.0,0.0,0.0,0.0,0.0,1.0,143.0,0.0,0.0,0.0,0.0,0.0,1.0,1.0,50.0,50.0,0.0,12.57,1.0,0.06999999999999318,0.0,2.299999999999997,3.3,35.28052,31.0,5261.240000000001,True,False,False,c96edda42553c1a638fd45fb91f20635c97cbbb132898afb38e2886854e745f1,91d5c50dae7115e27e6a397a0984585e83380f46b466c50ee54727ec5a48be5e
P5_8_0144,144,144,7.2,EV-LAB-001,NORMAL_BASELINE,NORMAL_LABORATORY_STATE,all_lab_rules_within_thresholds,DETERMINISTIC_LABORATORY_RULES,False,False,True,False,False,False,False,40,40,0,0,0,True,True,144,0.989577054977417,0.9990600943565369,685c264499e7ccde0df849ef9a7d90552257c5cb679ea323e14ddf39ebd6fc2e,0a58960f6142fad4876a7eacf986c1d59f503dc47c53559a858505232b3c6bcf,f8b5283c3e85f1bc8b4e6e3bde6cc88ee2c61eb45dc03299a6432a593d0fcd03,7.2,144.0,66.01,66.22,65.84,1.8,-0.1,-0.01,1.5,0.01999999999999602,3.3,38.400000000000006,2.5,1.0,2.0,2.0,3631.0,124.30000000000001,1.0,124.80000000000001,79.0,67.0,2.0,80.0,98.0,398.3,88.5,32.0,0.008,1.6,2.0,1.0,1.0,2.0,0.0,0.0,0.0,1.0,1.0,1.0,1.0,144.0,1.0,1.0,1.0,144.0,0.05,0.0,1.0,1.0,1.0,1.0,0.0,0.0,0.0,0.0,1.0,144.0,0.0,0.0,0.0,0.0,0.0,1.0,1.0,50.0,50.0,0.0,12.59,1.0,0.01999999999999602,0.0,0.5,3.3,35.249550000000006,32.0,4773.120000000001,True,False,False,91d5c50dae7115e27e6a397a0984585e83380f46b466c50ee54727ec5a48be5e,d035a85eb98dec84bc3103936c77d49d0402c64d5c7e6e010e0cad3c3de8a354
P5_8_0145,145,145,7.25,EV-LAB-001,NORMAL_BASELINE,NORMAL_LABORATORY_STATE,all_lab_rules_within_thresholds,DETERMINISTIC_LABORATORY_RULES,False,False,True,False,False,False,False,40,40,0,0,0,True,True,145,0.9895809888839722,0.9990598559379578,6b8844e9f784fbe902ce01ebb063340879a264cb2248e235aa44e34fe8725e6e,0a58960f6142fad4876a7eacf986c1d59f503dc47c53559a858505232b3c6bcf,f8b5283c3e85f1bc8b4e6e3bde6cc88ee2c61eb45dc03299a6432a593d0fcd03,7.25,145.0,65.96000000000001,66.22,65.82000000000001,1.8,-0.1,-0.01,1.3,0.060000000000002274,3.1,40.0,2.5,1.0,2.0,2.0,3628.0,126.30000000000001,1.0,125.80000000000001,78.0,67.0,2.0,80.0,98.0,398.40000000000003,87.80000000000001,31.0,0.015,1.8,2.0,1.0,1.0,2.0,0.0,0.0,0.0,1.0,1.0,1.0,1.0,145.0,1.0,1.0,1.0,145.0,0.05,0.0,1.0,1.0,1.0,1.0,0.0,0.0,0.0,0.0,1.0,145.0,0.0,0.0,0.0,0.0,0.0,1.0,1.0,50.0,50.0,0.0,12.66,1.0,0.060000000000002274,0.0,0.5,3.1,34.97952,31.0,5052.0,True,False,False,d035a85eb98dec84bc3103936c77d49d0402c64d5c7e6e010e0cad3c3de8a354,1cfd9673250d23531ecd97b7a9925a4c8ca58eaaeced764daff44cb486f6492e
P5_8_0146,146,146,7.3,EV-LAB-001,NORMAL_BASELINE,NORMAL_LABORATORY_STATE,all_lab_rules_within_thresholds,DETERMINISTIC_LABORATORY_RULES,False,False,True,False,False,False,False,40,40,0,0,0,True,True,146,0.9895848631858826,0.9990597367286682,45a64319245a93c002bb777f28eec84bea9eb9c360434d0db134bee20ceee782,0a58960f6142fad4876a7eacf986c1d59f503dc47c53559a858505232b3c6bcf,f8b5283c3e85f1bc8b4e6e3bde6cc88ee2c61eb45dc03299a6432a593d0fcd03,7.3,146.0,65.92,66.15,65.61,1.7000000000000002,-0.1,-0.01,1.4000000000000001,0.04000000000000625,3.1000000000000005,38.800000000000004,2.5,1.0,2.0,2.0,3625.0,124.9,1.0,128.1,79.0,67.0,2.0,80.0,98.0,399.40000000000003,87.60000000000001,31.0,0.012,2.2,2.0,1.0,1.0,2.0,0.0,0.0,0.0,1.0,1.0,1.0,1.0,146.0,1.0,1.0,1.0,146.0,0.05,0.0,1.0,1.0,1.0,1.0,0.0,0.0,0.0,0.0,1.0,146.0,0.0,0.0,0.0,0.0,0.0,1.0,1.0,50.0,50.0,0.0,12.65,1.0,0.04000000000000625,0.0,3.1999999999999886,3.1000000000000005,34.98744000000001,31.0,4846.120000000001,True,False,False,1cfd9673250d23531ecd97b7a9925a4c8ca58eaaeced764daff44cb486f6492e,a8c445445736ba7676d18f3f25ffb4389f47912007112a94e42cdae77dfe7d20
P5_8_0147,147,147,7.35,EV-LAB-001,NORMAL_BASELINE,NORMAL_LABORATORY_STATE,all_lab_rules_within_thresholds,DETERMINISTIC_LABORATORY_RULES,False,False,True,False,False,False,False,40,40,0,0,0,True,True,147,0.989588737487793,0.9990596175193787,c6e95c193d39995c3fa4af5dc5cb830e934b1319061944c26e43e87427923195,0a58960f6142fad4876a7eacf986c1d59f503dc47c53559a858505232b3c6bcf,f8b5283c3e85f1bc8b4e6e3bde6cc88ee2c61eb45dc03299a6432a593d0fcd03,7.35,147.0,65.87,66.17,65.84,1.7000000000000002,-0.1,-0.01,1.3,0.1349999999999909,3.0,38.800000000000004,2.5,1.0,2.0,2.0,3623.0,125.2,1.0,126.5,80.0,66.0,2.0,80.0,98.0,398.3,88.2,31.0,0.012,2.3000000000000003,2.0,1.0,1.0,2.0,0.0,0.0,0.0,1.0,1.0,1.0,1.0,147.0,1.0,1.0,1.0,147.0,0.05,0.0,1.0,1.0,1.0,1.0,0.0,0.0,0.0,0.0,1.0,147.0,0.0,0.0,0.0,0.0,0.0,1.0,1.0,50.0,50.0,0.0,12.61,1.0,0.1349999999999909,0.0,1.2999999999999972,3.0,35.13006000000001,31.0,4857.76,True,False,False,a8c445445736ba7676d18f3f25ffb4389f47912007112a94e42cdae77dfe7d20,cde134bbf06e950e2222657c00978d83709e011ef72fa479c2e39893fd6d284b
P5_8_0148,148,148,7.4,EV-LAB-001,NORMAL_BASELINE,NORMAL_LABORATORY_STATE,all_lab_rules_within_thresholds,DETERMINISTIC_LABORATORY_RULES,False,False,True,False,False,False,False,40,40,0,0,0,True,True,148,0.9895925521850586,0.9990593791007996,24d8b3cb0d537fe98381d3f2692368dda81395fcb99b55b5105845f915bacd1d,0a58960f6142fad4876a7eacf986c1d59f503dc47c53559a858505232b3c6bcf,f8b5283c3e85f1bc8b4e6e3bde6cc88ee2c61eb45dc03299a6432a593d0fcd03,7.4,148.0,65.82000000000001,66.13,65.58,1.7000000000000002,-0.1,-0.01,1.4000000000000001,0.03499999999998238,3.1000000000000005,39.6,2.5,1.0,2.0,2.0,3620.0,126.10000000000001,1.0,127.0,79.0,66.0,2.0,80.0,98.0,398.40000000000003,90.60000000000001,31.0,0.011,2.1,2.0,1.0,1.0,2.0,0.0,0.0,0.0,1.0,1.0,1.0,1.0,148.0,1.0,1.0,1.0,148.0,0.05,0.0,1.0,1.0,1.0,1.0,0.0,0.0,0.0,0.0,1.0,148.0,0.0,0.0,0.0,0.0,0.0,1.0,1.0,50.0,50.0,0.0,12.65,1.0,0.03499999999998238,0.0,0.8999999999999915,3.1000000000000005,36.09504000000001,31.0,4993.56,True,False,False,cde134bbf06e950e2222657c00978d83709e011ef72fa479c2e39893fd6d284b,583825f0ccdd78c9e204a5d6e5f8a083491a84e0891ba29cbd3aeb0b64866b36
P5_8_0149,149,149,7.45,EV-LAB-001,NORMAL_BASELINE,NORMAL_LABORATORY_STATE,all_lab_rules_within_thresholds,DETERMINISTIC_LABORATORY_RULES,False,False,True,False,False,False,False,40,40,0,0,0,True,True,149,0.989596426486969,0.99905925989151,4c18869edcd52904656aeb83cea10ee8fe50f372319b9b7070e58a984545876f,0a58960f6142fad4876a7eacf986c1d59f503dc47c53559a858505232b3c6bcf,f8b5283c3e85f1bc8b4e6e3bde6cc88ee2c61eb45dc03299a6432a593d0fcd03,7.45,149.0,65.77,65.9,65.57000000000001,1.6,-0.1,-0.01,1.3,0.03499999999998238,2.9000000000000004,40.400000000000006,2.4000000000000004,1.0,2.0,2.0,3617.0,127.10000000000001,1.0,123.60000000000001,80.0,66.0,2.0,80.0,98.0,398.20000000000005,88.10000000000001,32.0,0.015,2.1,2.0,1.0,1.0,2.0,0.0,0.0,0.0,1.0,1.0,1.0,1.0,149.0,1.0,1.0,1.0,149.0,0.05,0.0,1.0,1.0,1.0,1.0,0.0,0.0,0.0,0.0,1.0,149.0,0.0,0.0,0.0,0.0,0.0,1.0,1.0,50.0,50.0,0.0,12.61,1.0,0.03499999999998238,0.0,3.5,2.9000000000000004,35.08142000000001,32.0,5134.840000000001,True,False,False,583825f0ccdd78c9e204a5d6e5f8a083491a84e0891ba29cbd3aeb0b64866b36,f1f94a7eddd526a6b43c7d2e4db1f095346beae43064d45948ec6e4c13beed27
P5_8_0150,150,150,7.5,EV-LAB-001,NORMAL_BASELINE,NORMAL_LABORATORY_STATE,all_lab_rules_within_thresholds,DETERMINISTIC_LABORATORY_RULES,False,False,True,False,False,False,False,40,40,0,0,0,True,True,150,0.9896003007888794,0.9990590214729309,8f7acec3308fb01822497486d1d5f2f0951478daa7eb9b1f7e8a4d4816140a9b,0a58960f6142fad4876a7eacf986c1d59f503dc47c53559a858505232b3c6bcf,f8b5283c3e85f1bc8b4e6e3bde6cc88ee2c61eb45dc03299a6432a593d0fcd03,7.5,150.0,65.72,65.86,65.49,1.6,-0.1,-0.01,1.3,0.045000000000001705,2.9000000000000004,40.800000000000004,2.4000000000000004,1.0,2.0,2.0,3615.0,127.30000000000001,1.0,124.4,80.0,67.0,2.0,80.0,98.0,398.1,87.60000000000001,31.0,0.014,2.0,2.0,1.0,1.0,2.0,0.0,0.0,0.0,1.0,1.0,1.0,1.0,150.0,1.0,1.0,1.0,150.0,0.05,0.0,1.0,1.0,1.0,1.0,0.0,0.0,0.0,0.0,1.0,150.0,0.0,0.0,0.0,0.0,0.0,1.0,1.0,50.0,50.0,0.0,12.6,1.0,0.045000000000001705,0.0,2.9000000000000057,2.9000000000000004,34.873560000000005,31.0,5193.840000000001,True,False,False,f1f94a7eddd526a6b43c7d2e4db1f095346beae43064d45948ec6e4c13beed27,6ab19545b9fa72f0f67a4a99540331b08edec5a2d6ad1821d425b79256e0c6ae
P5_8_0151,151,151,7.55,EV-LAB-001,NORMAL_BASELINE,NORMAL_LABORATORY_STATE,all_lab_rules_within_thresholds,DETERMINISTIC_LABORATORY_RULES,False,False,True,False,False,False,False,40,40,0,0,0,True,True,151,0.989604115486145,0.9990589022636414,2291eaeb453806e1c659db5f9808b137d369ebcc647c18b7969ead7eead029ee,0a58960f6142fad4876a7eacf986c1d59f503dc47c53559a858505232b3c6bcf,f8b5283c3e85f1bc8b4e6e3bde6cc88ee2c61eb45dc03299a6432a593d0fcd03,7.55,151.0,65.68,65.85,65.55,1.6,-0.1,-0.01,1.2000000000000002,0.01999999999998181,2.8000000000000003,38.800000000000004,2.4000000000000004,1.0,2.0,2.0,3612.0,124.9,1.0,125.10000000000001,80.0,68.0,2.0,80.0,98.0,399.0,87.5,32.0,0.012,1.9000000000000001,2.0,1.0,1.0,2.0,0.0,0.0,0.0,1.0,1.0,1.0,1.0,151.0,1.0,1.0,1.0,151.0,0.05,0.0,1.0,1.0,1.0,1.0,0.0,0.0,0.0,0.0,1.0,151.0,0.0,0.0,0.0,0.0,0.0,1.0,1.0,50.0,50.0,0.0,12.61,1.0,0.01999999999998181,0.0,0.20000000000000284,2.8000000000000003,34.9125,32.0,4846.120000000001,True,False,False,6ab19545b9fa72f0f67a4a99540331b08edec5a2d6ad1821d425b79256e0c6ae,e487430b0172f946740fb9f3db1b029a54f15fcea55e63c18a886d20b520704d
P5_8_0152,152,152,7.6,EV-LAB-001,NORMAL_BASELINE,NORMAL_LABORATORY_STATE,all_lab_rules_within_thresholds,DETERMINISTIC_LABORATORY_RULES,False,False,True,False,False,False,False,40,40,0,0,0,True,True,152,0.9896078705787659,0.9990586638450623,5a126bca418f729a294c73127554c1cca6d9bd59f09329c811a671b1a4502c0c,0a58960f6142fad4876a7eacf986c1d59f503dc47c53559a858505232b3c6bcf,f8b5283c3e85f1bc8b4e6e3bde6cc88ee2c61eb45dc03299a6432a593d0fcd03,7.6,152.0,65.63,65.81,65.3,1.5,-0.1,-0.01,1.2000000000000002,0.07499999999998863,2.7,40.0,2.4000000000000004,1.0,2.0,2.0,3610.0,126.4,1.0,126.9,79.0,66.0,2.0,80.0,98.0,398.70000000000005,89.60000000000001,32.0,0.011,1.9000000000000001,2.0,1.0,1.0,2.0,0.0,0.0,0.0,1.0,1.0,1.0,1.0,152.0,1.0,1.0,1.0,152.0,0.05,0.0,1.0,1.0,1.0,1.0,0.0,0.0,0.0,0.0,1.0,152.0,0.0,0.0,0.0,0.0,0.0,1.0,1.0,50.0,50.0,0.0,12.63,1.0,0.07499999999998863,0.0,0.5,2.7,35.72352,32.0,5056.0,True,False,False,e487430b0172f946740fb9f3db1b029a54f15fcea55e63c18a886d20b520704d,0d4b9d2366906436eaf5ee4b8160bc4d5cacf52395613c4e4c2c96aa0d1d9fe0
P5_8_0153,153,153,7.65,EV-LAB-001,NORMAL_BASELINE,NORMAL_LABORATORY_STATE,all_lab_rules_within_thresholds,DETERMINISTIC_LABORATORY_RULES,False,False,True,False,False,False,False,40,40,0,0,0,True,True,153,0.9896116256713867,0.9990585446357727,acf9c1e8b946ec79f8060803385182efd7ef8b607564f9b92b39c118e521d240,0a58960f6142fad4876a7eacf986c1d59f503dc47c53559a858505232b3c6bcf,f8b5283c3e85f1bc8b4e6e3bde6cc88ee2c61eb45dc03299a6432a593d0fcd03,7.65,153.0,65.58,65.89,65.38,1.5,-0.09,-0.01,1.1,0.05499999999999261,2.6,38.800000000000004,2.4000000000000004,1.0,2.0,2.0,3607.0,124.9,1.0,122.4,79.0,67.0,2.0,80.0,98.0,398.5,87.0,31.0,0.014,2.0,2.0,1.0,1.0,2.0,0.0,0.0,0.0,1.0,1.0,1.0,1.0,153.0,1.0,1.0,1.0,153.0,0.05,0.0,1.0,1.0,1.0,1.0,0.0,0.0,0.0,0.0,1.0,153.0,0.0,0.0,0.0,0.0,0.0,1.0,1.0,50.0,50.0,0.0,12.64,1.0,0.05499999999999261,0.0,2.5,2.6,34.6695,31.0,4846.120000000001,True,False,False,0d4b9d2366906436eaf5ee4b8160bc4d5cacf52395613c4e4c2c96aa0d1d9fe0,eb5ae1252b7b853cba223e2129174a3b304f4dc16d4bd4ce84dfab50ae6d3fa0
P5_8_0154,154,154,7.7,EV-LAB-001,NORMAL_BASELINE,NORMAL_LABORATORY_STATE,all_lab_rules_within_thresholds,DETERMINISTIC_LABORATORY_RULES,False,False,True,False,False,False,False,40,40,0,0,0,True,True,154,0.9896152019500732,0.9990584254264832,4321393425e04a71dfec1657241b9317f27f44aa125d737bc703ee7888111f07,0a58960f6142fad4876a7eacf986c1d59f503dc47c53559a858505232b3c6bcf,f8b5283c3e85f1bc8b4e6e3bde6cc88ee2c61eb45dc03299a6432a593d0fcd03,7.7,154.0,65.54,65.66,65.39,1.5,-0.09,-0.01,1.1,0.015000000000000568,2.6,40.400000000000006,2.3000000000000003,1.0,2.0,2.0,3605.0,126.9,1.0,127.9,79.0,68.0,2.0,80.0,98.0,398.70000000000005,89.0,32.0,0.009000000000000001,2.0,2.0,1.0,1.0,2.0,0.0,0.0,0.0,1.0,1.0,1.0,1.0,154.0,1.0,1.0,1.0,154.0,0.05,0.0,1.0,1.0,1.0,1.0,0.0,0.0,0.0,0.0,1.0,154.0,0.0,0.0,0.0,0.0,0.0,1.0,1.0,50.0,50.0,0.0,12.64,1.0,0.015000000000000568,0.0,1.0,2.6,35.484300000000005,32.0,5126.760000000001,True,False,False,eb5ae1252b7b853cba223e2129174a3b304f4dc16d4bd4ce84dfab50ae6d3fa0,e8a327d73f99265bfef9274cf7d4d84196f684226985fbe3ed2f8add9988b874
P5_8_0155,155,155,7.75,EV-LAB-001,NORMAL_BASELINE,NORMAL_LABORATORY_STATE,all_lab_rules_within_thresholds,DETERMINISTIC_LABORATORY_RULES,False,False,True,False,False,False,False,40,40,0,0,0,True,True,155,0.9896189570426941,0.999058187007904,8213d3d2507f5be9fb53aece4463902f7231a04b11a04fb602ffe0e51fe0b902,0a58960f6142fad4876a7eacf986c1d59f503dc47c53559a858505232b3c6bcf,f8b5283c3e85f1bc8b4e6e3bde6cc88ee2c61eb45dc03299a6432a593d0fcd03,7.75,155.0,65.49,65.82000000000001,65.23,1.4000000000000001,-0.09,-0.01,1.2000000000000002,0.0350000000000108,2.6000000000000005,38.800000000000004,2.3000000000000003,1.0,2.0,2.0,3602.0,124.9,1.0,128.4,79.0,67.0,2.0,80.0,98.0,397.90000000000003,86.60000000000001,31.0,0.01,2.1,2.0,1.0,1.0,2.0,0.0,0.0,0.0,1.0,1.0,1.0,1.0,155.0,1.0,1.0,1.0,155.0,0.05,0.0,1.0,1.0,1.0,1.0,0.0,0.0,0.0,0.0,1.0,155.0,0.0,0.0,0.0,0.0,0.0,1.0,1.0,50.0,50.0,0.0,12.68,1.0,0.0350000000000108,0.0,3.5,2.6000000000000005,34.45814000000001,31.0,4846.120000000001,True,False,False,e8a327d73f99265bfef9274cf7d4d84196f684226985fbe3ed2f8add9988b874,b592cdb5b3a33c630dcb6ae8ae3d6cfed8dacfe76f1e89f1216819176f454bcd
P5_8_0156,156,156,7.8,EV-LAB-001,NORMAL_BASELINE,NORMAL_LABORATORY_STATE,all_lab_rules_within_thresholds,DETERMINISTIC_LABORATORY_RULES,False,False,True,False,False,False,False,40,40,0,0,0,True,True,156,0.9896224737167358,0.9990580677986145,623e0980f29f87c1e0b149e3b5f8080f17a2fa608bc476d614e0d22e9178ca76,0a58960f6142fad4876a7eacf986c1d59f503dc47c53559a858505232b3c6bcf,f8b5283c3e85f1bc8b4e6e3bde6cc88ee2c61eb45dc03299a6432a593d0fcd03,7.8,156.0,65.45,65.57000000000001,65.36,1.4000000000000001,-0.09,-0.01,1.2000000000000002,0.015000000000000568,2.6000000000000005,40.800000000000004,2.3000000000000003,1.0,2.0,2.0,3600.0,127.7,1.0,131.1,79.0,66.0,2.0,80.0,98.0,398.40000000000003,88.2,32.0,0.012,1.7000000000000002,2.0,1.0,1.0,2.0,0.0,0.0,0.0,1.0,1.0,1.0,1.0,156.0,1.0,1.0,1.0,156.0,0.05,0.0,1.0,1.0,1.0,1.0,0.0,0.0,0.0,0.0,1.0,156.0,0.0,0.0,0.0,0.0,0.0,1.0,1.0,50.0,50.0,0.0,12.66,1.0,0.015000000000000568,0.0,3.3999999999999915,2.6000000000000005,35.13888000000001,32.0,5210.160000000001,True,False,False,b592cdb5b3a33c630dcb6ae8ae3d6cfed8dacfe76f1e89f1216819176f454bcd,35483097a675b9e40d3805510857c9ec87ded769394258c918d6f10715013b21
P5_8_0157,157,157,7.85,EV-LAB-001,NORMAL_BASELINE,NORMAL_LABORATORY_STATE,all_lab_rules_within_thresholds,DETERMINISTIC_LABORATORY_RULES,False,False,True,False,False,False,False,40,40,0,0,0,True,True,157,0.9896260499954224,0.999057948589325,f33a600d1eb09a8e5af26e97006c952b3335cbfe280cc37699e57c25bee6cb19,0a58960f6142fad4876a7eacf986c1d59f503dc47c53559a858505232b3c6bcf,f8b5283c3e85f1bc8b4e6e3bde6cc88ee2c61eb45dc03299a6432a593d0fcd03,7.85,157.0,65.4,65.73,65.18,1.4000000000000001,-0.09,-0.01,1.1,0.05500000000000682,2.5,39.2,2.2,1.0,1.6,2.0,3597.0,125.4,1.0,130.0,78.0,67.0,2.0,80.0,98.0,398.1,87.80000000000001,32.0,0.011,1.9000000000000001,2.0,1.0,1.0,2.0,0.0,0.0,0.0,1.0,1.0,1.0,1.0,157.0,1.0,1.0,1.0,157.0,0.05,0.0,1.0,1.0,1.0,1.0,0.0,0.0,0.0,0.0,1.0,157.0,0.0,0.0,0.0,0.0,0.0,1.0,1.0,50.0,50.0,0.0,12.63,1.0,0.05500000000000682,0.0,4.599999999999994,2.5,34.95318000000001,32.0,4915.68,True,False,False,35483097a675b9e40d3805510857c9ec87ded769394258c918d6f10715013b21,afbf514ddf49b856cac6cbc32f279b31c4258eccdf38f47e7fd9429b277debec
P5_8_0158,158,158,7.9,EV-LAB-001,NORMAL_BASELINE,NORMAL_LABORATORY_STATE,all_lab_rules_within_thresholds,DETERMINISTIC_LABORATORY_RULES,False,False,True,False,False,False,False,40,40,0,0,0,True,True,158,0.9896295666694641,0.9990577101707458,7f7355179d2ec5d8f61a98c94c67c66b96f5db64303bce23c1aba285dcf5a5f9,0a58960f6142fad4876a7eacf986c1d59f503dc47c53559a858505232b3c6bcf,f8b5283c3e85f1bc8b4e6e3bde6cc88ee2c61eb45dc03299a6432a593d0fcd03,7.9,158.0,65.36,65.65,65.04,1.3,-0.09,-0.01,1.1,0.015000000000000568,2.4000000000000004,39.2,2.2,1.0,1.6,2.0,3595.0,125.5,1.0,123.4,79.0,67.0,2.0,80.0,98.0,398.5,87.0,31.0,0.012,1.9000000000000001,2.0,1.0,1.0,2.0,0.0,0.0,0.0,1.0,1.0,1.0,1.0,158.0,1.0,1.0,1.0,158.0,0.05,0.0,1.0,1.0,1.0,1.0,0.0,0.0,0.0,0.0,1.0,158.0,0.0,0.0,0.0,0.0,0.0,1.0,1.0,50.0,50.0,0.0,12.620000000000001,1.0,0.015000000000000568,0.0,2.0999999999999943,2.4000000000000004,34.6695,31.0,4919.6,True,False,False,afbf514ddf49b856cac6cbc32f279b31c4258eccdf38f47e7fd9429b277debec,cf1fcfdb1532da6d0a0142277ed4422a02d81380307c3c03dafd041aff583ca7
P5_8_0159,159,159,7.95,EV-LAB-001,NORMAL_BASELINE,NORMAL_LABORATORY_STATE,all_lab_rules_within_thresholds,DETERMINISTIC_LABORATORY_RULES,False,False,True,False,False,False,False,40,40,0,0,0,True,True,159,0.9896332025527954,0.9990575909614563,f2f30ab2fac3f5050699a32ec11dac16a813a0618cbb2e5b946ff4a8e70498b7,0a58960f6142fad4876a7eacf986c1d59f503dc47c53559a858505232b3c6bcf,f8b5283c3e85f1bc8b4e6e3bde6cc88ee2c61eb45dc03299a6432a593d0fcd03,7.95,159.0,65.32000000000001,65.6,65.2,1.3,-0.09,-0.01,1.0,0.0799999999999983,2.3,40.0,2.2,1.0,1.6,2.0,3592.0,126.7,1.0,126.9,79.0,67.0,2.0,80.0,98.0,398.90000000000003,89.4,31.0,0.014,2.0,2.0,1.0,1.0,2.0,0.0,0.0,0.0,1.0,1.0,1.0,1.0,159.0,1.0,1.0,1.0,159.0,0.05,0.0,1.0,1.0,1.0,1.0,0.0,0.0,0.0,0.0,1.0,159.0,0.0,0.0,0.0,0.0,0.0,1.0,1.0,50.0,50.0,0.0,12.64,1.0,0.0799999999999983,0.0,0.20000000000000284,2.3,35.661660000000005,31.0,5068.0,True,False,False,cf1fcfdb1532da6d0a0142277ed4422a02d81380307c3c03dafd041aff583ca7,c9f576ae9937421b03d5e26ce8f977a0bf127240b469c89e69b3aacb6587ae12
P5_8_0160,160,160,8.0,EV-LAB-001,NORMAL_BASELINE,NORMAL_LABORATORY_STATE,all_lab_rules_within_thresholds,DETERMINISTIC_LABORATORY_RULES,False,False,True,False,False,False,False,40,40,0,0,0,True,True,160,0.9896367192268372,0.9990574717521667,a840fc036a0ba22601d3aa89881ce4fb82a66483ba897331dff92030e04be60a,0a58960f6142fad4876a7eacf986c1d59f503dc47c53559a858505232b3c6bcf,f8b5283c3e85f1bc8b4e6e3bde6cc88ee2c61eb45dc03299a6432a593d0fcd03,8.0,160.0,65.27,65.71000000000001,64.95,1.3,-0.09,-0.01,1.0,0.060000000000016485,2.3,38.800000000000004,2.2,1.0,1.6,2.0,3590.0,125.4,1.0,125.9,79.0,67.0,2.0,80.0,98.0,398.3,88.9,32.0,0.013000000000000001,1.8,2.0,1.0,1.0,2.0,0.0,0.0,0.0,1.0,1.0,1.0,1.0,160.0,1.0,1.0,1.0,160.0,0.05,0.0,1.0,1.0,1.0,1.0,0.0,0.0,0.0,0.0,1.0,160.0,0.0,0.0,0.0,0.0,0.0,1.0,1.0,50.0,50.0,0.0,12.61,1.0,0.060000000000016485,0.0,0.5,2.3,35.40887,32.0,4865.52,True,False,False,c9f576ae9937421b03d5e26ce8f977a0bf127240b469c89e69b3aacb6587ae12,bf07d7de8fd937cb6680a19225b5b45185063e5eb9d7d45a73165e3a5cac53f0
P5_8_0161,161,161,8.05,EV-LAB-001,NORMAL_BASELINE,NORMAL_LABORATORY_STATE,all_lab_rules_within_thresholds,DETERMINISTIC_LABORATORY_RULES,False,False,True,False,False,False,False,40,40,0,0,0,True,True,161,0.9896401166915894,0.9990572333335876,30f190ec38c7b91be87db0e53186b9e57d5fef5b56ccb8e71bfd0683f762c68b,0a58960f6142fad4876a7eacf986c1d59f503dc47c53559a858505232b3c6bcf,f8b5283c3e85f1bc8b4e6e3bde6cc88ee2c61eb45dc03299a6432a593d0fcd03,8.05,161.0,65.23,65.49,65.14,1.3,-0.09,-0.01,1.0,0.08499999999999375,2.3,39.6,2.1,1.0,1.6,2.0,3588.0,126.4,1.0,127.2,79.0,67.0,2.0,80.0,98.0,398.8,88.2,31.0,0.01,1.9000000000000001,2.0,1.0,1.0,2.0,0.0,0.0,0.0,1.0,1.0,1.0,1.0,161.0,1.0,1.0,1.0,161.0,0.05,0.0,1.0,1.0,1.0,1.0,0.0,0.0,0.0,0.0,1.0,161.0,0.0,0.0,0.0,0.0,0.0,1.0,1.0,50.0,50.0,0.0,12.530000000000001,1.0,0.08499999999999375,0.0,0.7999999999999972,2.3,35.17416,31.0,5005.4400000000005,True,False,False,bf07d7de8fd937cb6680a19225b5b45185063e5eb9d7d45a73165e3a5cac53f0,66b20ad8ab97c530447f4ae1198d1dff3fa583b414bb848a151bb61a07086f90
P5_8_0162,162,162,8.1,EV-LAB-001,NORMAL_BASELINE,NORMAL_LABORATORY_STATE,all_lab_rules_within_thresholds,DETERMINISTIC_LABORATORY_RULES,False,False,True,False,False,False,False,40,40,0,0,0,True,True,162,0.9896434545516968,0.9990571141242981,4346067539f9eda2f52983e1e945110e5c47bf103401d1c1148950d498174fb5,0a58960f6142fad4876a7eacf986c1d59f503dc47c53559a858505232b3c6bcf,f8b5283c3e85f1bc8b4e6e3bde6cc88ee2c61eb45dc03299a6432a593d0fcd03,8.1,162.0,65.19,65.48,64.98,1.2000000000000002,-0.08,-0.01,1.1,0.04000000000000625,2.3000000000000003,39.6,2.1,1.0,1.6,2.0,3586.0,125.9,1.0,127.2,79.0,67.0,2.0,80.0,98.0,399.5,87.60000000000001,31.0,0.015,1.8,2.0,1.0,1.0,2.0,0.0,0.0,0.0,1.0,1.0,1.0,1.0,162.0,1.0,1.0,1.0,162.0,0.05,0.0,1.0,1.0,1.0,1.0,0.0,0.0,0.0,0.0,1.0,162.0,0.0,0.0,0.0,0.0,0.0,1.0,1.0,50.0,50.0,0.0,12.64,1.0,0.04000000000000625,0.0,1.2999999999999972,2.3000000000000003,34.9962,31.0,4985.64,True,False,False,66b20ad8ab97c530447f4ae1198d1dff3fa583b414bb848a151bb61a07086f90,d26e7d71bc0088684210a3ebc869dd528465bd54ec28c022a0f4257c68bf16fd
P5_8_0163,163,163,8.15,EV-LAB-001,NORMAL_BASELINE,NORMAL_LABORATORY_STATE,all_lab_rules_within_thresholds,DETERMINISTIC_LABORATORY_RULES,False,False,True,False,False,False,False,40,40,0,0,0,True,True,163,0.989646852016449,0.9990569949150085,8feb42ca839d6ab0d826d2e9c387660b6b22ead0a8a6049bd9b5481a4e89d22e,0a58960f6142fad4876a7eacf986c1d59f503dc47c53559a858505232b3c6bcf,f8b5283c3e85f1bc8b4e6e3bde6cc88ee2c61eb45dc03299a6432a593d0fcd03,8.15,163.0,65.15,65.43,64.88,1.2000000000000002,-0.08,-0.01,1.0,0.0049999999999954525,2.2,38.400000000000006,2.1,1.0,1.6,2.0,3583.0,124.60000000000001,1.0,123.60000000000001,78.0,66.0,2.0,80.0,98.0,398.3,86.10000000000001,32.0,0.011,2.0,2.0,1.0,1.0,2.0,0.0,0.0,0.0,1.0,1.0,1.0,1.0,163.0,1.0,1.0,1.0,163.0,0.05,0.0,1.0,1.0,1.0,1.0,0.0,0.0,0.0,0.0,1.0,163.0,0.0,0.0,0.0,0.0,0.0,1.0,1.0,50.0,50.0,0.0,12.66,1.0,0.0049999999999954525,0.0,1.0,2.2,34.29363000000001,32.0,4784.640000000001,True,False,False,d26e7d71bc0088684210a3ebc869dd528465bd54ec28c022a0f4257c68bf16fd,bc5508321f4b4d51629365356541b0989d4417301d702c0c391eb003a75dbfaf
P5_8_0164,164,164,8.2,EV-LAB-001,NORMAL_BASELINE,NORMAL_LABORATORY_STATE,all_lab_rules_within_thresholds,DETERMINISTIC_LABORATORY_RULES,False,False,True,False,False,False,False,40,40,0,0,0,True,True,164,0.9896501302719116,0.999056875705719,b368440d1f5e498e689701f285159460d61ee03d1eed0d00fc17732c8ce72fa6,0a58960f6142fad4876a7eacf986c1d59f503dc47c53559a858505232b3c6bcf,f8b5283c3e85f1bc8b4e6e3bde6cc88ee2c61eb45dc03299a6432a593d0fcd03,8.2,164.0,65.11,65.42,64.78,1.2000000000000002,-0.08,-0.01,1.0,0.010000000000005116,2.2,38.800000000000004,2.0,1.0,1.6,2.0,3581.0,125.10000000000001,1.0,124.30000000000001,79.0,66.0,2.0,80.0,98.0,398.20000000000005,86.30000000000001,31.0,0.011,2.2,2.0,1.0,1.0,2.0,0.0,0.0,0.0,1.0,1.0,1.0,1.0,164.0,1.0,1.0,1.0,164.0,0.05,0.0,1.0,1.0,1.0,1.0,0.0,0.0,0.0,0.0,1.0,164.0,0.0,0.0,0.0,0.0,0.0,1.0,1.0,50.0,50.0,0.0,12.63,1.0,0.010000000000005116,0.0,0.7999999999999972,2.2,34.36466000000001,31.0,4853.880000000001,True,False,False,bc5508321f4b4d51629365356541b0989d4417301d702c0c391eb003a75dbfaf,2329ca08b13d82260ea248f583f06aff9a93ef06f3692a1ec785472051a7b531
P5_8_0165,165,165,8.25,EV-LAB-001,NORMAL_BASELINE,NORMAL_LABORATORY_STATE,all_lab_rules_within_thresholds,DETERMINISTIC_LABORATORY_RULES,False,False,True,False,False,False,False,40,40,0,0,0,True,True,165,0.9896534085273743,0.9990566372871399,7cfb2422e6a4343b0569ac0c6af4328769e66604fa0802fca2d6dad287a59ea9,0a58960f6142fad4876a7eacf986c1d59f503dc47c53559a858505232b3c6bcf,f8b5283c3e85f1bc8b4e6e3bde6cc88ee2c61eb45dc03299a6432a593d0fcd03,8.25,165.0,65.07000000000001,65.43,64.81,1.1,-0.08,-0.02,0.9,0.04999999999999716,2.0,38.0,2.0,1.0,1.6,2.0,3579.0,124.30000000000001,1.0,126.7,78.0,66.0,2.0,80.0,98.0,398.0,86.7,32.0,0.014,1.9000000000000001,2.0,1.0,1.0,2.0,0.0,0.0,0.0,1.0,1.0,1.0,1.0,165.0,1.0,1.0,1.0,165.0,0.05,0.0,1.0,1.0,1.0,1.0,0.0,0.0,0.0,0.0,1.0,165.0,0.0,0.0,0.0,0.0,0.0,1.0,1.0,50.0,50.0,0.0,12.59,1.0,0.04999999999999716,0.0,2.3999999999999915,2.0,34.5066,32.0,4723.400000000001,True,False,False,2329ca08b13d82260ea248f583f06aff9a93ef06f3692a1ec785472051a7b531,ba16e2604cf2a8c17bef96b60f66ce2211ef64fd2e9476ab86b4524b7cdc7e5d
P5_8_0166,166,166,8.3,EV-LAB-001,NORMAL_BASELINE,NORMAL_LABORATORY_STATE,all_lab_rules_within_thresholds,DETERMINISTIC_LABORATORY_RULES,False,False,True,False,False,False,False,40,40,0,0,0,True,True,166,0.9896565675735474,0.9990565180778503,b4545a4c9799ed7fe8955a96e573f0d2a8b7ff5640dcbece94577622c7a4f2f1,0a58960f6142fad4876a7eacf986c1d59f503dc47c53559a858505232b3c6bcf,f8b5283c3e85f1bc8b4e6e3bde6cc88ee2c61eb45dc03299a6432a593d0fcd03,8.3,166.0,65.03,65.4,64.82000000000001,1.1,-0.08,-0.02,0.9,0.0800000000000125,2.0,40.0,2.0,1.0,1.6,2.0,3577.0,126.5,1.0,126.2,78.0,66.0,2.0,80.0,98.0,398.8,88.60000000000001,31.0,0.012,1.8,2.0,1.0,1.0,2.0,0.0,0.0,0.0,1.0,1.0,1.0,1.0,166.0,1.0,1.0,1.0,166.0,0.05,0.0,1.0,1.0,1.0,1.0,0.0,0.0,0.0,0.0,1.0,166.0,0.0,0.0,0.0,0.0,0.0,1.0,1.0,50.0,50.0,0.0,12.61,1.0,0.0800000000000125,0.0,0.29999999999999716,2.0,35.33368000000001,31.0,5060.0,True,False,False,ba16e2604cf2a8c17bef96b60f66ce2211ef64fd2e9476ab86b4524b7cdc7e5d,c64baf53ed29db7c1ca5456bb932d502dc8552429960297e8172f6ad28a232c9
P5_8_0167,167,167,8.35,EV-LAB-001,NORMAL_BASELINE,NORMAL_LABORATORY_STATE,all_lab_rules_within_thresholds,DETERMINISTIC_LABORATORY_RULES,False,False,True,False,False,False,False,40,40,0,0,0,True,True,167,0.9896597266197205,0.9990563988685608,a41973187db985a06386e0fd3eb25ea858d7324cbf7b25236d3d52599d711864,0a58960f6142fad4876a7eacf986c1d59f503dc47c53559a858505232b3c6bcf,f8b5283c3e85f1bc8b4e6e3bde6cc88ee2c61eb45dc03299a6432a593d0fcd03,8.35,167.0,65.0,65.26,64.69,1.1,-0.08,-0.01,0.9,0.025000000000005684,2.0,39.2,1.9000000000000001,1.0,1.6,2.0,3575.0,126.0,1.0,126.10000000000001,79.0,66.0,2.0,80.0,98.0,397.6,89.5,32.0,0.015,2.1,2.0,1.0,1.0,2.0,0.0,0.0,0.0,1.0,1.0,1.0,1.0,167.0,1.0,1.0,1.0,167.0,0.05,0.0,1.0,1.0,1.0,1.0,0.0,0.0,0.0,0.0,1.0,167.0,0.0,0.0,0.0,0.0,0.0,1.0,1.0,50.0,50.0,0.0,12.61,1.0,0.025000000000005684,0.0,0.10000000000000853,2.0,35.58520000000001,32.0,4939.200000000001,True,False,False,c64baf53ed29db7c1ca5456bb932d502dc8552429960297e8172f6ad28a232c9,6d24decdec5eded2c7b89972244d9bac10badf55f9e5b560be47cc737b46969c
P5_8_0168,168,168,8.4,EV-LAB-001,NORMAL_BASELINE,NORMAL_LABORATORY_STATE,all_lab_rules_within_thresholds,DETERMINISTIC_LABORATORY_RULES,False,False,True,False,False,False,False,40,40,0,0,0,True,True,168,0.9896628260612488,0.9990562796592712,a1277ac13bcc0390710a65d9cdbd6c61ea50c4e8b3291d8c5d5d0c6a52799240,0a58960f6142fad4876a7eacf986c1d59f503dc47c53559a858505232b3c6bcf,f8b5283c3e85f1bc8b4e6e3bde6cc88ee2c61eb45dc03299a6432a593d0fcd03,8.4,168.0,64.96000000000001,65.12,64.77,1.1,-0.08,-0.02,0.9,0.01500000000001478,2.0,38.800000000000004,1.9000000000000001,1.0,1.6,2.0,3573.0,125.10000000000001,1.0,126.30000000000001,78.0,67.0,2.0,80.0,98.0,398.6,87.10000000000001,32.0,0.01,2.0,2.0,1.0,1.0,2.0,0.0,0.0,0.0,1.0,1.0,1.0,1.0,168.0,1.0,1.0,1.0,168.0,0.05,0.0,1.0,1.0,1.0,1.0,0.0,0.0,0.0,0.0,1.0,168.0,0.0,0.0,0.0,0.0,0.0,1.0,1.0,50.0,50.0,0.0,12.6,1.0,0.01500000000001478,0.0,1.2000000000000028,2.0,34.71806000000001,32.0,4853.880000000001,True,False,False,6d24decdec5eded2c7b89972244d9bac10badf55f9e5b560be47cc737b46969c,af5bd3bba6841b91c94cbabe902b0f1447b16e6fe42e60a4e19f954b9c36a6ba
P5_8_0169,169,169,8.45,EV-LAB-001,NORMAL_BASELINE,NORMAL_LABORATORY_STATE,all_lab_rules_within_thresholds,DETERMINISTIC_LABORATORY_RULES,False,False,True,False,False,False,False,40,40,0,0,0,True,True,169,0.9896658658981323,0.9990561604499817,feaf5931cdcbed3cd2bcf1765f39e8e2e32537ca2a29ca4dd918db77ed112e06,0a58960f6142fad4876a7eacf986c1d59f503dc47c53559a858505232b3c6bcf,f8b5283c3e85f1bc8b4e6e3bde6cc88ee2c61eb45dc03299a6432a593d0fcd03,8.45,169.0,64.92,65.19,64.76,1.0,-0.08,-0.02,0.8,0.05499999999999261,1.8,38.800000000000004,1.9000000000000001,1.0,1.6,2.0,3571.0,125.5,1.0,127.10000000000001,78.0,66.0,2.0,80.0,98.0,398.70000000000005,89.2,32.0,0.012,1.9000000000000001,2.0,1.0,1.0,2.0,0.0,0.0,0.0,1.0,1.0,1.0,1.0,169.0,1.0,1.0,1.0,169.0,0.05,0.0,1.0,1.0,1.0,1.0,0.0,0.0,0.0,0.0,1.0,169.0,0.0,0.0,0.0,0.0,0.0,1.0,1.0,50.0,50.0,0.0,12.58,1.0,0.05499999999999261,0.0,1.6000000000000085,1.8,35.564040000000006,32.0,4869.400000000001,True,False,False,af5bd3bba6841b91c94cbabe902b0f1447b16e6fe42e60a4e19f954b9c36a6ba,87480a78fb3a2d4b6e708e7b1fd39fb4c722da8c9c5e0b05e86e44ff9493e412
P5_8_0170,170,170,8.5,EV-LAB-001,NORMAL_BASELINE,NORMAL_LABORATORY_STATE,all_lab_rules_within_thresholds,DETERMINISTIC_LABORATORY_RULES,False,False,True,False,False,False,False,40,40,0,0,0,True,True,170,0.9896689057350159,0.9990560412406921,5be122f06eba70b777d07539fb77b559e455735dbe81d8185fd932421fd42d81,0a58960f6142fad4876a7eacf986c1d59f503dc47c53559a858505232b3c6bcf,f8b5283c3e85f1bc8b4e6e3bde6cc88ee2c61eb45dc03299a6432a593d0fcd03,8.5,170.0,64.88,65.12,64.63,1.0,-0.07,-0.01,0.7000000000000001,0.0049999999999954525,1.7000000000000002,39.2,1.8,1.0,1.6,2.0,3569.0,125.80000000000001,1.0,126.10000000000001,80.0,66.0,2.0,80.0,98.0,398.70000000000005,87.60000000000001,31.0,0.014,2.0,2.0,1.0,1.0,2.0,0.0,0.0,0.0,1.0,1.0,1.0,1.0,170.0,1.0,1.0,1.0,170.0,0.05,0.0,1.0,1.0,1.0,1.0,0.0,0.0,0.0,0.0,1.0,170.0,0.0,0.0,0.0,0.0,0.0,1.0,1.0,50.0,50.0,0.0,12.59,1.0,0.0049999999999954525,0.0,0.29999999999999716,1.7000000000000002,34.92612000000001,31.0,4931.360000000001,True,False,False,87480a78fb3a2d4b6e708e7b1fd39fb4c722da8c9c5e0b05e86e44ff9493e412,92ac5ffb00409605cb40320cce0626d67fe36c8b58913724297912da14948753
P5_8_0171,171,171,8.55,EV-LAB-001,NORMAL_BASELINE,NORMAL_LABORATORY_STATE,all_lab_rules_within_thresholds,DETERMINISTIC_LABORATORY_RULES,False,False,True,False,False,False,False,40,40,0,0,0,True,True,171,0.9896718263626099,0.9990559220314026,f8caadfafa31871e17264332c52cb844bbbd91f1563e595dd65a76613a76d3ae,0a58960f6142fad4876a7eacf986c1d59f503dc47c53559a858505232b3c6bcf,f8b5283c3e85f1bc8b4e6e3bde6cc88ee2c61eb45dc03299a6432a593d0fcd03,8.55,171.0,64.85,65.01,64.59,1.0,-0.07,-0.02,0.8,0.04999999999998295,1.8,39.2,1.8,1.0,1.6,2.0,3567.0,126.10000000000001,1.0,124.4,79.0,67.0,2.0,80.0,98.0,398.70000000000005,86.80000000000001,31.0,0.015,2.1,2.0,1.0,1.0,2.0,0.0,0.0,0.0,1.0,1.0,1.0,1.0,171.0,1.0,1.0,1.0,171.0,0.05,0.0,1.0,1.0,1.0,1.0,0.0,0.0,0.0,0.0,1.0,171.0,0.0,0.0,0.0,0.0,0.0,1.0,1.0,50.0,50.0,0.0,12.620000000000001,1.0,0.04999999999998295,0.0,1.7000000000000028,1.8,34.60716000000001,31.0,4943.120000000001,True,False,False,92ac5ffb00409605cb40320cce0626d67fe36c8b58913724297912da14948753,c3c7ee474421eb796595f29230a1db44a646046a1f15d1035168a026341ff927
P5_8_0172,172,172,8.6,EV-LAB-001,NORMAL_BASELINE,NORMAL_LABORATORY_STATE,all_lab_rules_within_thresholds,DETERMINISTIC_LABORATORY_RULES,False,False,True,False,False,False,False,40,40,0,0,0,True,True,172,0.9896747469902039,0.9990556836128235,1771d5c3bd1173ace1dd916ca8761fa9956103af8478ae0c2e7e16fb5d111479,0a58960f6142fad4876a7eacf986c1d59f503dc47c53559a858505232b3c6bcf,f8b5283c3e85f1bc8b4e6e3bde6cc88ee2c61eb45dc03299a6432a593d0fcd03,8.6,172.0,64.81,65.11,64.73,0.9,-0.07,-0.02,0.8,0.10999999999999943,1.7000000000000002,39.2,1.8,1.0,1.6,2.0,3565.0,125.9,1.0,127.0,79.0,66.0,2.0,80.0,98.0,398.70000000000005,89.4,31.0,0.009000000000000001,2.2,2.0,1.0,1.0,2.0,0.0,0.0,0.0,1.0,1.0,1.0,1.0,172.0,1.0,1.0,1.0,172.0,0.05,0.0,1.0,1.0,1.0,1.0,0.0,0.0,0.0,0.0,1.0,172.0,0.0,0.0,0.0,0.0,0.0,1.0,1.0,50.0,50.0,0.0,12.6,1.0,0.10999999999999943,0.0,1.0999999999999943,1.7000000000000002,35.64378000000001,31.0,4935.280000000001,True,False,False,c3c7ee474421eb796595f29230a1db44a646046a1f15d1035168a026341ff927,353891194968f58a236c45ac99c19b0cc3d8de25e29b07d563b170b31a0e6ce3
P5_8_0173,173,173,8.65,EV-LAB-001,NORMAL_BASELINE,NORMAL_LABORATORY_STATE,all_lab_rules_within_thresholds,DETERMINISTIC_LABORATORY_RULES,False,False,True,False,False,False,False,40,40,0,0,0,True,True,173,0.9896775484085083,0.9990555644035339,244af866bd2b60066773c1f6dfa6262d7be236516bb2a39e5b8c69f86076b0ac,0a58960f6142fad4876a7eacf986c1d59f503dc47c53559a858505232b3c6bcf,f8b5283c3e85f1bc8b4e6e3bde6cc88ee2c61eb45dc03299a6432a593d0fcd03,8.65,173.0,64.78,64.99,64.66,0.9,-0.07,-0.01,0.7000000000000001,0.044999999999987494,1.6,39.2,1.8,1.0,1.6,2.0,3563.0,125.80000000000001,1.0,125.80000000000001,78.0,67.0,2.0,80.0,98.0,398.90000000000003,85.7,31.0,0.012,1.9000000000000001,2.0,1.0,1.0,2.0,0.0,0.0,0.0,1.0,1.0,1.0,1.0,173.0,1.0,1.0,1.0,173.0,0.05,0.0,1.0,1.0,1.0,1.0,0.0,0.0,0.0,0.0,1.0,173.0,0.0,0.0,0.0,0.0,0.0,1.0,1.0,50.0,50.0,0.0,12.56,1.0,0.044999999999987494,0.0,0.0,1.6,34.18573000000001,31.0,4931.360000000001,True,False,False,353891194968f58a236c45ac99c19b0cc3d8de25e29b07d563b170b31a0e6ce3,f276c0948ca7b727130ab25da6aff935c5a9b3af29e440bbf660c86af7af86fc
P5_8_0174,174,174,8.7,EV-LAB-001,NORMAL_BASELINE,NORMAL_LABORATORY_STATE,all_lab_rules_within_thresholds,DETERMINISTIC_LABORATORY_RULES,False,False,True,False,False,False,False,40,40,0,0,0,True,True,174,0.9896803498268127,0.9990554451942444,2cf2388839bfaf09de81bd17228dca0cef9abc1c802056c6cc976b0ff83d0781,0a58960f6142fad4876a7eacf986c1d59f503dc47c53559a858505232b3c6bcf,f8b5283c3e85f1bc8b4e6e3bde6cc88ee2c61eb45dc03299a6432a593d0fcd03,8.7,174.0,64.75,65.01,64.56,0.9,-0.07,-0.01,0.7000000000000001,0.03499999999999659,1.6,38.400000000000006,1.7000000000000002,1.0,1.2000000000000002,2.0,3561.0,125.0,1.0,126.80000000000001,78.0,67.0,2.0,80.0,98.0,398.70000000000005,88.5,32.0,0.009000000000000001,1.9000000000000001,2.0,1.0,1.0,2.0,0.0,0.0,0.0,1.0,1.0,1.0,1.0,174.0,1.0,1.0,1.0,174.0,0.05,0.0,1.0,1.0,1.0,1.0,0.0,0.0,0.0,0.0,1.0,174.0,0.0,0.0,0.0,0.0,0.0,1.0,1.0,50.0,50.0,0.0,12.65,1.0,0.03499999999999659,0.0,1.8000000000000114,1.6,35.28495,32.0,4800.000000000001,True,False,False,f276c0948ca7b727130ab25da6aff935c5a9b3af29e440bbf660c86af7af86fc,950d7681ce0c0e5109ee863db5db58d1f6fc2cbadb0792ec2b1516d97b84f228
P5_8_0175,175,175,8.75,EV-LAB-001,NORMAL_BASELINE,NORMAL_LABORATORY_STATE,all_lab_rules_within_thresholds,DETERMINISTIC_LABORATORY_RULES,False,False,True,False,False,False,False,40,40,0,0,0,True,True,175,0.9896831512451172,0.9990553259849548,48ada552d757005c941d71924eaff02dc0ded9fa788dbfdd63af3798006981bb,0a58960f6142fad4876a7eacf986c1d59f503dc47c53559a858505232b3c6bcf,f8b5283c3e85f1bc8b4e6e3bde6cc88ee2c61eb45dc03299a6432a593d0fcd03,8.75,175.0,64.71000000000001,65.0,64.44,0.9,-0.07,-0.01,0.7000000000000001,0.009999999999990905,1.6,38.400000000000006,1.7000000000000002,1.0,1.2000000000000002,2.0,3559.0,124.9,1.0,123.10000000000001,80.0,66.0,2.0,80.0,98.0,398.70000000000005,87.4,32.0,0.009000000000000001,1.8,2.0,1.0,1.0,2.0,0.0,0.0,0.0,1.0,1.0,1.0,1.0,175.0,1.0,1.0,1.0,175.0,0.05,0.0,1.0,1.0,1.0,1.0,0.0,0.0,0.0,0.0,1.0,175.0,0.0,0.0,0.0,0.0,0.0,1.0,1.0,50.0,50.0,0.0,12.61,1.0,0.009999999999990905,0.0,1.7999999999999972,1.6,34.84638,32.0,4796.160000000001,True,False,False,950d7681ce0c0e5109ee863db5db58d1f6fc2cbadb0792ec2b1516d97b84f228,fce7909e578df58efc027cfd0dcdf390f6a2a5093e79a6655e25bda8b38e4d01
P5_8_0176,176,176,8.8,EV-LAB-001,NORMAL_BASELINE,NORMAL_LABORATORY_STATE,all_lab_rules_within_thresholds,DETERMINISTIC_LABORATORY_RULES,False,False,True,False,False,False,False,40,40,0,0,0,True,True,176,0.9896858334541321,0.9990552067756653,3da4e478d12ede6bc741b653be330232962422dc063d8efb504bcde23041091f,0a58960f6142fad4876a7eacf986c1d59f503dc47c53559a858505232b3c6bcf,f8b5283c3e85f1bc8b4e6e3bde6cc88ee2c61eb45dc03299a6432a593d0fcd03,8.8,176.0,64.68,64.96000000000001,64.4,0.8,-0.07,-0.01,0.7000000000000001,0.0,1.5,38.400000000000006,1.7000000000000002,1.0,1.2000000000000002,2.0,3557.0,125.2,1.0,128.0,79.0,66.0,2.0,80.0,98.0,398.20000000000005,87.2,31.0,0.009000000000000001,2.0,2.0,1.0,1.0,2.0,0.0,0.0,0.0,1.0,1.0,1.0,1.0,176.0,1.0,1.0,1.0,176.0,0.05,0.0,1.0,1.0,1.0,1.0,0.0,0.0,0.0,0.0,1.0,176.0,0.0,0.0,0.0,0.0,0.0,1.0,1.0,50.0,50.0,0.0,12.63,1.0,0.0,0.0,2.799999999999997,1.5,34.72304000000001,31.0,4807.680000000001,True,False,False,fce7909e578df58efc027cfd0dcdf390f6a2a5093e79a6655e25bda8b38e4d01,70e548fb8a7ba9b89d39d61a5b4549fcf7a69b3f3a03c579e8ad96fa963d28e4
P5_8_0177,177,177,8.85,EV-LAB-001,NORMAL_BASELINE,NORMAL_LABORATORY_STATE,all_lab_rules_within_thresholds,DETERMINISTIC_LABORATORY_RULES,False,False,True,False,False,False,False,40,40,0,0,0,True,True,177,0.9896883964538574,0.9990550875663757,f0b49856e452a50ae73ef31aeb35873e0289fc9771822699c6e0d0233e9e3a10,0a58960f6142fad4876a7eacf986c1d59f503dc47c53559a858505232b3c6bcf,f8b5283c3e85f1bc8b4e6e3bde6cc88ee2c61eb45dc03299a6432a593d0fcd03,8.85,177.0,64.65,64.97,64.47,0.8,-0.07,-0.01,0.7000000000000001,0.06999999999999318,1.5,38.0,1.6,1.0,1.2000000000000002,2.0,3556.0,124.4,1.0,126.5,78.0,67.0,2.0,80.0,98.0,398.40000000000003,87.80000000000001,32.0,0.007,2.0,2.0,1.0,1.0,2.0,0.0,0.0,0.0,1.0,1.0,1.0,1.0,177.0,1.0,1.0,1.0,177.0,0.05,0.0,1.0,1.0,1.0,1.0,0.0,0.0,0.0,0.0,1.0,177.0,0.0,0.0,0.0,0.0,0.0,1.0,1.0,50.0,50.0,0.0,12.58,1.0,0.06999999999999318,0.0,2.0999999999999943,1.5,34.97952,32.0,4727.2,True,False,False,70e548fb8a7ba9b89d39d61a5b4549fcf7a69b3f3a03c579e8ad96fa963d28e4,0d56165e5c8762d1e33b65a30277a572eec31407da5752511c167fc22d86e9af
P5_8_0178,178,178,8.9,EV-LAB-001,NORMAL_BASELINE,NORMAL_LABORATORY_STATE,all_lab_rules_within_thresholds,DETERMINISTIC_LABORATORY_RULES,False,False,True,False,False,False,False,40,40,0,0,0,True,True,178,0.9896910190582275,0.9990549683570862,cbb800beee83c524d466a0abc95145d942e0ca2e38ee3b45fde727e7036cab73,0a58960f6142fad4876a7eacf986c1d59f503dc47c53559a858505232b3c6bcf,f8b5283c3e85f1bc8b4e6e3bde6cc88ee2c61eb45dc03299a6432a593d0fcd03,8.9,178.0,64.62,65.08,64.29,0.8,-0.06,-0.01,0.6000000000000001,0.06499999999999773,1.4000000000000001,38.800000000000004,1.6,1.0,1.2000000000000002,2.0,3554.0,125.5,1.0,124.60000000000001,78.0,66.0,2.0,80.0,98.0,398.3,86.0,31.0,0.009000000000000001,1.8,2.0,1.0,1.0,2.0,0.0,0.0,0.0,1.0,1.0,1.0,1.0,178.0,1.0,1.0,1.0,178.0,0.05,0.0,1.0,1.0,1.0,1.0,0.0,0.0,0.0,0.0,1.0,178.0,0.0,0.0,0.0,0.0,0.0,1.0,1.0,50.0,50.0,0.0,12.64,1.0,0.06499999999999773,0.0,0.8999999999999915,1.4000000000000001,34.253800000000005,31.0,4869.400000000001,True,False,False,0d56165e5c8762d1e33b65a30277a572eec31407da5752511c167fc22d86e9af,28ae4045db98b8dbdbf89bdc7b59445a79eebaf2eac6856fbee38c7c29adbcfd
P5_8_0179,179,179,8.95,EV-LAB-001,NORMAL_BASELINE,NORMAL_LABORATORY_STATE,all_lab_rules_within_thresholds,DETERMINISTIC_LABORATORY_RULES,False,False,True,False,False,False,False,40,40,0,0,0,True,True,179,0.9896937012672424,0.9990548491477966,ffbf54d8ec0736328425893705b3a54de2e62f1eacdea1932f99b3f464462550,0a58960f6142fad4876a7eacf986c1d59f503dc47c53559a858505232b3c6bcf,f8b5283c3e85f1bc8b4e6e3bde6cc88ee2c61eb45dc03299a6432a593d0fcd03,8.95,179.0,64.58,64.73,64.42,0.7000000000000001,-0.06,-0.01,0.6000000000000001,0.0049999999999954525,1.3000000000000003,37.6,1.6,1.0,1.2000000000000002,2.0,3552.0,124.2,1.0,124.0,78.0,66.0,2.0,80.0,98.0,398.90000000000003,86.5,32.0,0.011,2.3000000000000003,2.0,1.0,1.0,2.0,0.0,0.0,0.0,1.0,1.0,1.0,1.0,179.0,1.0,1.0,1.0,179.0,0.05,0.0,1.0,1.0,1.0,1.0,0.0,0.0,0.0,0.0,1.0,179.0,0.0,0.0,0.0,0.0,0.0,1.0,1.0,50.0,50.0,0.0,12.540000000000001,1.0,0.0049999999999954525,0.0,0.20000000000000284,1.3000000000000003,34.504850000000005,32.0,4669.92,True,False,False,28ae4045db98b8dbdbf89bdc7b59445a79eebaf2eac6856fbee38c7c29adbcfd,1261695c8fa3a2c05d015360b6156b105957113cfbe2bc4aa90aec6056637c89
P5_8_0180,180,180,9.0,EV-LAB-001,NORMAL_BASELINE,NORMAL_LABORATORY_STATE,all_lab_rules_within_thresholds,DETERMINISTIC_LABORATORY_RULES,False,False,True,False,False,False,False,40,40,0,0,0,True,True,180,0.9896962642669678,0.9990547299385071,28a43c1bf5fc18143cbb67b08ac0d1cf7cf51a67672deb63db11acbb196139ae,0a58960f6142fad4876a7eacf986c1d59f503dc47c53559a858505232b3c6bcf,f8b5283c3e85f1bc8b4e6e3bde6cc88ee2c61eb45dc03299a6432a593d0fcd03,9.0,180.0,64.55,64.69,64.38,0.7000000000000001,-0.06,-0.02,0.6000000000000001,0.015000000000000568,1.3000000000000003,37.6,1.6,1.0,1.2000000000000002,2.0,3550.0,124.2,1.0,124.0,79.0,66.0,2.0,80.0,98.0,398.3,87.2,31.0,0.016,1.9000000000000001,2.0,1.0,1.0,2.0,0.0,0.0,0.0,1.0,1.0,1.0,1.0,180.0,1.0,1.0,1.0,180.0,0.05,0.0,1.0,1.0,1.0,1.0,0.0,0.0,0.0,0.0,1.0,180.0,0.0,0.0,0.0,0.0,0.0,1.0,1.0,50.0,50.0,0.0,12.58,1.0,0.015000000000000568,0.0,0.20000000000000284,1.3000000000000003,34.73176,31.0,4669.92,True,False,False,1261695c8fa3a2c05d015360b6156b105957113cfbe2bc4aa90aec6056637c89,78541a9ab3de4ca4aa542a212ff9caed8b0a432c6b4671cabbc89ca31f84739a
P5_8_0181,181,181,9.05,EV-LAB-001,NORMAL_BASELINE,NORMAL_LABORATORY_STATE,all_lab_rules_within_thresholds,DETERMINISTIC_LABORATORY_RULES,False,False,True,False,False,False,False,40,40,0,0,0,True,True,181,0.9896988272666931,0.9990546107292175,5b571f26d5e683023ba5af0efe2c3644d5d6ee8f295444be38f02491d5757bba,0a58960f6142fad4876a7eacf986c1d59f503dc47c53559a858505232b3c6bcf,f8b5283c3e85f1bc8b4e6e3bde6cc88ee2c61eb45dc03299a6432a593d0fcd03,9.05,181.0,64.52,64.71000000000001,64.42,0.7000000000000001,-0.06,-0.01,0.5,0.045000000000001705,1.2000000000000002,38.400000000000006,1.5,1.0,1.2000000000000002,2.0,3549.0,125.0,1.0,123.4,78.0,66.0,2.0,80.0,98.0,399.1,88.9,32.0,0.012,2.1,2.0,1.0,1.0,2.0,0.0,0.0,0.0,1.0,1.0,1.0,1.0,181.0,1.0,1.0,1.0,181.0,0.05,0.0,1.0,1.0,1.0,1.0,0.0,0.0,0.0,0.0,1.0,181.0,0.0,0.0,0.0,0.0,0.0,1.0,1.0,50.0,50.0,0.0,12.58,1.0,0.045000000000001705,0.0,1.5999999999999943,1.2000000000000002,35.47999000000001,32.0,4800.000000000001,True,False,False,78541a9ab3de4ca4aa542a212ff9caed8b0a432c6b4671cabbc89ca31f84739a,af09e2a5ff09b58c78515dca3e1febcb79b007c9fdf181802c63fdb0e1f477cd
P5_8_0182,182,182,9.1,EV-LAB-001,NORMAL_BASELINE,NORMAL_LABORATORY_STATE,all_lab_rules_within_thresholds,DETERMINISTIC_LABORATORY_RULES,False,False,True,False,False,False,False,40,40,0,0,0,True,True,182,0.9897012710571289,0.999054491519928,ad1ff23d4d0dd95f83efb90ea3854084406b39ba824757fa9c4306cad1d6a773,0a58960f6142fad4876a7eacf986c1d59f503dc47c53559a858505232b3c6bcf,f8b5283c3e85f1bc8b4e6e3bde6cc88ee2c61eb45dc03299a6432a593d0fcd03,9.1,182.0,64.49,64.72,64.26,0.6000000000000001,-0.06,-0.01,0.5,1.4210854715202004e-14,1.1,37.6,1.5,1.0,1.2000000000000002,2.0,3547.0,124.30000000000001,1.0,123.4,79.0,66.0,2.0,80.0,98.0,397.90000000000003,88.60000000000001,32.0,0.014,1.9000000000000001,2.0,1.0,1.0,2.0,0.0,0.0,0.0,1.0,1.0,1.0,1.0,182.0,1.0,1.0,1.0,182.0,0.05,0.0,1.0,1.0,1.0,1.0,0.0,0.0,0.0,0.0,1.0,182.0,0.0,0.0,0.0,0.0,0.0,1.0,1.0,50.0,50.0,0.0,12.66,1.0,1.4210854715202004e-14,0.0,0.9000000000000057,1.1,35.25394000000001,32.0,4673.68,True,False,False,af09e2a5ff09b58c78515dca3e1febcb79b007c9fdf181802c63fdb0e1f477cd,8f415484cd28c8955e5fa06dc21e7952747d639352f5d3327ebc1d93d45a56f6
P5_8_0183,183,183,9.15,EV-LAB-001,NORMAL_BASELINE,NORMAL_LABORATORY_STATE,all_lab_rules_within_thresholds,DETERMINISTIC_LABORATORY_RULES,False,False,True,False,False,False,False,40,40,0,0,0,True,True,183,0.9897035956382751,0.999054491519928,6f51cd3437ad2999a53a5ee67961a0d12a36cd17cc31f8663dba058d13c89ae8,0a58960f6142fad4876a7eacf986c1d59f503dc47c53559a858505232b3c6bcf,f8b5283c3e85f1bc8b4e6e3bde6cc88ee2c61eb45dc03299a6432a593d0fcd03,9.15,183.0,64.46000000000001,64.71000000000001,64.26,0.6000000000000001,-0.06,-0.02,0.5,0.025000000000005684,1.1,38.400000000000006,1.5,1.0,1.2000000000000002,2.0,3546.0,124.9,1.0,127.10000000000001,78.0,67.0,2.0,80.0,98.0,399.1,87.5,32.0,0.007,1.9000000000000001,2.0,1.0,1.0,2.0,0.0,0.0,0.0,1.0,1.0,1.0,1.0,183.0,1.0,1.0,1.0,183.0,0.05,0.0,1.0,1.0,1.0,1.0,0.0,0.0,0.0,0.0,1.0,183.0,0.0,0.0,0.0,0.0,0.0,1.0,1.0,50.0,50.0,0.0,12.620000000000001,1.0,0.025000000000005684,0.0,2.200000000000003,1.1,34.92125,32.0,4796.160000000001,True,False,False,8f415484cd28c8955e5fa06dc21e7952747d639352f5d3327ebc1d93d45a56f6,ba975ce562527171acb9f1c8c086fe126f602b47c81fad200d5e54b9f93b4993
P5_8_0184,184,184,9.2,EV-LAB-001,NORMAL_BASELINE,NORMAL_LABORATORY_STATE,all_lab_rules_within_thresholds,DETERMINISTIC_LABORATORY_RULES,False,False,True,False,False,False,False,40,40,0,0,0,True,True,184,0.9897059202194214,0.9990543723106384,d7e5ece00d844c60d703ba5659f1153f736aee3e4a8c997b04a23e22bfeb7f69,0a58960f6142fad4876a7eacf986c1d59f503dc47c53559a858505232b3c6bcf,f8b5283c3e85f1bc8b4e6e3bde6cc88ee2c61eb45dc03299a6432a593d0fcd03,9.2,184.0,64.44,64.68,64.2,0.6000000000000001,-0.06,-0.02,0.6000000000000001,0.0,1.2000000000000002,38.800000000000004,1.5,1.0,1.2000000000000002,2.0,3544.0,125.7,1.0,127.7,78.0,66.0,2.0,80.0,98.0,398.5,87.4,32.0,0.012,2.0,2.0,1.0,1.0,2.0,0.0,0.0,0.0,1.0,1.0,1.0,1.0,184.0,1.0,1.0,1.0,184.0,0.05,0.0,1.0,1.0,1.0,1.0,0.0,0.0,0.0,0.0,1.0,184.0,0.0,0.0,0.0,0.0,0.0,1.0,1.0,50.0,50.0,0.0,12.57,1.0,0.0,0.0,2.0,1.2000000000000002,34.828900000000004,32.0,4877.160000000001,True,False,False,ba975ce562527171acb9f1c8c086fe126f602b47c81fad200d5e54b9f93b4993,f5978c9c69fa790260099fbb37a3c2b97efd2717be0eec0149f53b0a17c05263
P5_8_0185,185,185,9.25,EV-LAB-001,NORMAL_BASELINE,NORMAL_LABORATORY_STATE,all_lab_rules_within_thresholds,DETERMINISTIC_LABORATORY_RULES,False,False,True,False,False,False,False,40,40,0,0,0,True,True,185,0.9897083044052124,0.9990542531013489,20950fc8fa52d368390b42eb2ae7489cfbe5ebc71b70176f1819dbdecf0aada0,0a58960f6142fad4876a7eacf986c1d59f503dc47c53559a858505232b3c6bcf,f8b5283c3e85f1bc8b4e6e3bde6cc88ee2c61eb45dc03299a6432a593d0fcd03,9.25,185.0,64.41,64.64,64.1,0.6000000000000001,-0.06,-0.01,0.5,0.03999999999999204,1.1,37.2,1.5,1.0,1.2000000000000002,2.0,3542.0,123.80000000000001,1.0,121.10000000000001,79.0,66.0,2.0,80.0,98.0,398.70000000000005,86.9,32.0,0.009000000000000001,1.7000000000000002,2.0,1.0,1.0,2.0,0.0,0.0,0.0,1.0,1.0,1.0,1.0,185.0,1.0,1.0,1.0,185.0,0.05,0.0,1.0,1.0,1.0,1.0,0.0,0.0,0.0,0.0,1.0,185.0,0.0,0.0,0.0,0.0,0.0,1.0,1.0,50.0,50.0,0.0,12.620000000000001,1.0,0.03999999999999204,0.0,2.700000000000003,1.1,34.64703000000001,32.0,4605.360000000001,True,False,False,f5978c9c69fa790260099fbb37a3c2b97efd2717be0eec0149f53b0a17c05263,86bb1ad72066ab3d8da03b1f495bbfceb5e3cc3c53dcbdf7f62f84450bb4a2a1
P5_8_0186,186,186,9.3,EV-LAB-001,NORMAL_BASELINE,NORMAL_LABORATORY_STATE,all_lab_rules_within_thresholds,DETERMINISTIC_LABORATORY_RULES,False,False,True,False,False,False,False,40,40,0,0,0,True,True,186,0.9897106289863586,0.9990541338920593,b35bc0cca991db4ae5079ac278b0948e1b70bf4cc1701fb3d23ae0411a684617,0a58960f6142fad4876a7eacf986c1d59f503dc47c53559a858505232b3c6bcf,f8b5283c3e85f1bc8b4e6e3bde6cc88ee2c61eb45dc03299a6432a593d0fcd03,9.3,186.0,64.38,64.62,64.21000000000001,0.5,-0.06,-0.02,0.4,0.0350000000000108,0.9,36.800000000000004,1.4000000000000001,1.0,1.2000000000000002,2.0,3541.0,123.2,1.0,121.5,78.0,66.0,2.0,80.0,98.0,398.20000000000005,84.4,31.0,0.011,1.8,2.0,1.0,1.0,2.0,0.0,0.0,0.0,1.0,1.0,1.0,1.0,186.0,1.0,1.0,1.0,186.0,0.05,0.0,1.0,1.0,1.0,1.0,0.0,0.0,0.0,0.0,1.0,186.0,0.0,0.0,0.0,0.0,0.0,1.0,1.0,50.0,50.0,0.0,12.57,1.0,0.0350000000000108,0.0,1.7000000000000028,0.9,33.60808000000001,31.0,4533.76,True,False,False,86bb1ad72066ab3d8da03b1f495bbfceb5e3cc3c53dcbdf7f62f84450bb4a2a1,a366e1aec2493877007b01a52aa9d729250a4b24d66adaa9c8d391c215ee7ade
P5_8_0187,187,187,9.35,EV-LAB-001,NORMAL_BASELINE,NORMAL_LABORATORY_STATE,all_lab_rules_within_thresholds,DETERMINISTIC_LABORATORY_RULES,False,False,True,False,False,False,False,40,40,0,0,0,True,True,187,0.9897128343582153,0.9990540146827698,2b723af9502256066b3fb42332773907846c7915f7860d27f840d48e9dfbe341,0a58960f6142fad4876a7eacf986c1d59f503dc47c53559a858505232b3c6bcf,f8b5283c3e85f1bc8b4e6e3bde6cc88ee2c61eb45dc03299a6432a593d0fcd03,9.35,187.0,64.35,64.76,64.21000000000001,0.5,-0.06,-0.01,0.4,0.13500000000001933,0.9,38.400000000000006,1.4000000000000001,1.0,1.2000000000000002,2.0,3539.0,125.30000000000001,1.0,126.4,78.0,67.0,2.0,80.0,98.0,398.1,87.0,32.0,0.011,2.1,2.0,1.0,1.0,2.0,0.0,0.0,0.0,1.0,1.0,1.0,1.0,187.0,1.0,1.0,1.0,187.0,0.05,0.0,1.0,1.0,1.0,1.0,0.0,0.0,0.0,0.0,1.0,187.0,0.0,0.0,0.0,0.0,0.0,1.0,1.0,50.0,50.0,0.0,12.56,1.0,0.13500000000001933,0.0,1.0999999999999943,0.9,34.6347,32.0,4811.520000000001,True,False,False,a366e1aec2493877007b01a52aa9d729250a4b24d66adaa9c8d391c215ee7ade,3c7ca21cb88fdb0b3d13e3a8c4a2292a7953a71860c68b3b28b448929aef85c7
P5_8_0188,188,188,9.4,EV-LAB-001,NORMAL_BASELINE,NORMAL_LABORATORY_STATE,all_lab_rules_within_thresholds,DETERMINISTIC_LABORATORY_RULES,False,False,True,False,False,False,False,40,40,0,0,0,True,True,188,0.989715039730072,0.9990538954734802,9c7cefafcd752b1f70538ae1415e30b4cd0e9fcbe62a3a9f33e896df2cea7733,0a58960f6142fad4876a7eacf986c1d59f503dc47c53559a858505232b3c6bcf,f8b5283c3e85f1bc8b4e6e3bde6cc88ee2c61eb45dc03299a6432a593d0fcd03,9.4,188.0,64.32000000000001,64.49,64.21000000000001,0.5,-0.06,-0.01,0.2,0.029999999999986926,0.7,37.6,1.4000000000000001,1.0,1.2000000000000002,2.0,3538.0,124.4,1.0,124.10000000000001,78.0,66.0,2.0,80.0,98.0,398.8,87.4,32.0,0.012,2.0,2.0,1.0,1.0,2.0,0.0,0.0,0.0,1.0,1.0,1.0,1.0,188.0,1.0,1.0,1.0,188.0,0.05,0.0,1.0,1.0,1.0,1.0,0.0,0.0,0.0,0.0,1.0,188.0,0.0,0.0,0.0,0.0,0.0,1.0,1.0,50.0,50.0,0.0,12.57,1.0,0.029999999999986926,0.0,0.29999999999999716,0.7,34.85512,32.0,4677.4400000000005,True,False,False,3c7ca21cb88fdb0b3d13e3a8c4a2292a7953a71860c68b3b28b448929aef85c7,b10b70af2ffbf1395079bb3096b80572218b9bcedffeb4eaeb1e5254e42774a0
P5_8_0189,189,189,9.45,EV-LAB-001,NORMAL_BASELINE,NORMAL_LABORATORY_STATE,all_lab_rules_within_thresholds,DETERMINISTIC_LABORATORY_RULES,False,False,True,False,False,False,False,40,40,0,0,0,True,True,189,0.9897172451019287,0.9990537762641907,7b41885d2dd722e942f30f2423c1d996a093374e9f30ede00148def47743d7d0,0a58960f6142fad4876a7eacf986c1d59f503dc47c53559a858505232b3c6bcf,f8b5283c3e85f1bc8b4e6e3bde6cc88ee2c61eb45dc03299a6432a593d0fcd03,9.45,189.0,64.3,64.44,64.16,0.4,-0.06,-0.01,0.4,0.0,0.8,37.2,1.4000000000000001,1.0,1.2000000000000002,2.0,3536.0,123.7,1.0,122.9,78.0,66.0,2.0,80.0,98.0,398.3,87.7,32.0,0.015,1.9000000000000001,2.0,1.0,1.0,2.0,0.0,0.0,0.0,1.0,1.0,1.0,1.0,189.0,1.0,1.0,1.0,189.0,0.05,0.0,1.0,1.0,1.0,1.0,0.0,0.0,0.0,0.0,1.0,189.0,0.0,0.0,0.0,0.0,0.0,1.0,1.0,50.0,50.0,0.0,12.540000000000001,1.0,0.0,0.0,0.7999999999999972,0.8,34.930910000000004,32.0,4601.64,True,False,False,b10b70af2ffbf1395079bb3096b80572218b9bcedffeb4eaeb1e5254e42774a0,e7ab29404e2be9aed3a0d1cec1cf4f85b42fbae35ff9a9d7fb6ce04b8a8b9df8
P5_8_0190,190,190,9.5,EV-LAB-001,NORMAL_BASELINE,NORMAL_LABORATORY_STATE,all_lab_rules_within_thresholds,DETERMINISTIC_LABORATORY_RULES,False,False,True,False,False,False,False,40,40,0,0,0,True,True,190,0.9897195100784302,0.9990536570549011,07f8fc554198d2bbb3250e925e703481017e3141ec6bd69acb40d1e9bf790bab,0a58960f6142fad4876a7eacf986c1d59f503dc47c53559a858505232b3c6bcf,f8b5283c3e85f1bc8b4e6e3bde6cc88ee2c61eb45dc03299a6432a593d0fcd03,9.5,190.0,64.27,64.51,64.04,0.4,-0.06,-0.02,0.2,0.005000000000009663,0.6000000000000001,37.6,1.4000000000000001,1.0,1.2000000000000002,2.0,3535.0,124.4,1.0,123.9,79.0,66.0,2.0,80.0,98.0,398.90000000000003,87.60000000000001,31.0,0.013000000000000001,1.9000000000000001,2.0,1.0,1.0,2.0,0.0,0.0,0.0,1.0,1.0,1.0,1.0,190.0,1.0,1.0,1.0,190.0,0.05,0.0,1.0,1.0,1.0,1.0,0.0,0.0,0.0,0.0,1.0,190.0,0.0,0.0,0.0,0.0,0.0,1.0,1.0,50.0,50.0,0.0,12.58,1.0,0.005000000000009663,0.0,0.5,0.6000000000000001,34.94364000000001,31.0,4677.4400000000005,True,False,False,e7ab29404e2be9aed3a0d1cec1cf4f85b42fbae35ff9a9d7fb6ce04b8a8b9df8,2720c38c81d84bb157743a472fd95b96bb7561dfe650e18b157548edcd148f0a
P5_8_0191,191,191,9.55,EV-LAB-001,NORMAL_BASELINE,NORMAL_LABORATORY_STATE,all_lab_rules_within_thresholds,DETERMINISTIC_LABORATORY_RULES,False,False,True,False,False,False,False,40,40,0,0,0,True,True,191,0.9897215962409973,0.9990536570549011,fa5d83e8beff11d458742428f4bd98f9ff610778e2f077e21b1fe4e0553e931d,0a58960f6142fad4876a7eacf986c1d59f503dc47c53559a858505232b3c6bcf,f8b5283c3e85f1bc8b4e6e3bde6cc88ee2c61eb45dc03299a6432a593d0fcd03,9.55,191.0,64.24,64.46000000000001,63.92,0.30000000000000004,-0.05,-0.01,0.4,0.04999999999999716,0.7000000000000001,36.0,1.4000000000000001,1.0,1.2000000000000002,2.0,3533.0,122.4,1.0,122.10000000000001,79.0,66.0,2.0,80.0,98.0,398.5,85.10000000000001,32.0,0.014,2.0,2.0,1.0,1.0,2.0,0.0,0.0,0.0,1.0,1.0,1.0,1.0,191.0,1.0,1.0,1.0,191.0,0.05,0.0,1.0,1.0,1.0,1.0,0.0,0.0,0.0,0.0,1.0,191.0,0.0,0.0,0.0,0.0,0.0,1.0,1.0,50.0,50.0,0.0,12.59,1.0,0.04999999999999716,0.0,0.29999999999999716,0.7000000000000001,33.91235,32.0,4406.400000000001,True,False,False,2720c38c81d84bb157743a472fd95b96bb7561dfe650e18b157548edcd148f0a,27981c785e41780009ffbe524967364a46e87c3209e8f891b52f892f6c7ef866
P5_8_0192,192,192,9.6,EV-LAB-001,NORMAL_BASELINE,NORMAL_LABORATORY_STATE,all_lab_rules_within_thresholds,DETERMINISTIC_LABORATORY_RULES,False,False,True,False,False,False,False,40,40,0,0,0,True,True,192,0.9897236824035645,0.9990535378456116,3e385e465ae690ebc6e4fc5ba3a3909de392ad6c2aaa037ae8d6cffd4b05e31f,0a58960f6142fad4876a7eacf986c1d59f503dc47c53559a858505232b3c6bcf,f8b5283c3e85f1bc8b4e6e3bde6cc88ee2c61eb45dc03299a6432a593d0fcd03,9.6,192.0,64.22,64.49,63.96,0.30000000000000004,-0.05,-0.01,0.30000000000000004,0.0049999999999954525,0.6000000000000001,37.2,1.4000000000000001,1.0,1.2000000000000002,2.0,3532.0,123.7,1.0,123.4,79.0,67.0,2.0,80.0,98.0,398.20000000000005,86.80000000000001,31.0,0.012,1.9000000000000001,2.0,1.0,1.0,2.0,0.0,0.0,0.0,1.0,1.0,1.0,1.0,192.0,1.0,1.0,1.0,192.0,0.05,0.0,1.0,1.0,1.0,1.0,0.0,0.0,0.0,0.0,1.0,192.0,0.0,0.0,0.0,0.0,0.0,1.0,1.0,50.0,50.0,0.0,12.63,1.0,0.0049999999999954525,0.0,0.29999999999999716,0.6000000000000001,34.56376000000001,31.0,4601.64,True,False,False,27981c785e41780009ffbe524967364a46e87c3209e8f891b52f892f6c7ef866,14c4b20916b1ebb8810dd5903b82ddb246b20a2501b28dfbf700b7ca6dbb25b5
P5_8_0193,193,193,9.65,EV-LAB-001,NORMAL_BASELINE,NORMAL_LABORATORY_STATE,all_lab_rules_within_thresholds,DETERMINISTIC_LABORATORY_RULES,False,False,True,False,False,False,False,40,40,0,0,0,True,True,193,0.989725649356842,0.999053418636322,00850379dc3b28ce158b1cbbff7047766c83fa2e2cd25692d2360b84e515987c,0a58960f6142fad4876a7eacf986c1d59f503dc47c53559a858505232b3c6bcf,f8b5283c3e85f1bc8b4e6e3bde6cc88ee2c61eb45dc03299a6432a593d0fcd03,9.65,193.0,64.19,64.43,63.93,0.30000000000000004,-0.05,-0.02,0.2,0.009999999999990905,0.5,37.6,1.3,1.0,1.2000000000000002,2.0,3530.0,124.4,1.0,123.60000000000001,78.0,67.0,2.0,80.0,98.0,398.1,87.30000000000001,32.0,0.016,2.1,2.0,1.0,1.0,2.0,0.0,0.0,0.0,1.0,1.0,1.0,1.0,193.0,1.0,1.0,1.0,193.0,0.05,0.0,1.0,1.0,1.0,1.0,0.0,0.0,0.0,0.0,1.0,193.0,0.0,0.0,0.0,0.0,0.0,1.0,1.0,50.0,50.0,0.0,12.57,1.0,0.009999999999990905,0.0,0.7999999999999972,0.5,34.75413,32.0,4677.4400000000005,True,False,False,14c4b20916b1ebb8810dd5903b82ddb246b20a2501b28dfbf700b7ca6dbb25b5,603bcbbf8019e568176952d088a6e233b5787baf498cb8101a41ca9954200649
P5_8_0194,194,194,9.7,EV-LAB-001,NORMAL_BASELINE,NORMAL_LABORATORY_STATE,all_lab_rules_within_thresholds,DETERMINISTIC_LABORATORY_RULES,False,False,True,False,False,False,False,40,40,0,0,0,True,True,194,0.989727795124054,0.9990532994270325,9312bc829b61fdc1abdb5c6c7d3a1458698296e028f531c3bfdd60a58f90917c,0a58960f6142fad4876a7eacf986c1d59f503dc47c53559a858505232b3c6bcf,f8b5283c3e85f1bc8b4e6e3bde6cc88ee2c61eb45dc03299a6432a593d0fcd03,9.7,194.0,64.16,64.35,64.0,0.2,-0.05,-0.02,0.2,0.015000000000000568,0.4,37.2,1.3,1.0,1.2000000000000002,2.0,3529.0,123.80000000000001,1.0,124.4,77.0,66.0,2.0,80.0,98.0,398.20000000000005,87.5,32.0,0.011,2.1,2.0,1.0,1.0,2.0,0.0,0.0,0.0,1.0,1.0,1.0,1.0,194.0,1.0,1.0,1.0,194.0,0.05,0.0,1.0,1.0,1.0,1.0,0.0,0.0,0.0,0.0,1.0,194.0,0.0,0.0,0.0,0.0,0.0,1.0,1.0,50.0,50.0,0.0,12.6,1.0,0.015000000000000568,0.0,0.5999999999999943,0.4,34.84250000000001,32.0,4605.360000000001,True,False,False,603bcbbf8019e568176952d088a6e233b5787baf498cb8101a41ca9954200649,22865bb93d1fcde58e0e7021f59599c0a5a1b80de4ff6d254c63aaba713c0a7f
P5_8_0195,195,195,9.75,EV-LAB-001,NORMAL_BASELINE,NORMAL_LABORATORY_STATE,all_lab_rules_within_thresholds,DETERMINISTIC_LABORATORY_RULES,False,False,True,False,False,False,False,40,40,0,0,0,True,True,195,0.9897297620773315,0.9990532994270325,0861c7a918bf6c6c839de7205074d6513da49028b0a7d33e9e2a891acd399eb0,0a58960f6142fad4876a7eacf986c1d59f503dc47c53559a858505232b3c6bcf,f8b5283c3e85f1bc8b4e6e3bde6cc88ee2c61eb45dc03299a6432a593d0fcd03,9.75,195.0,64.14,64.32000000000001,63.95,0.2,-0.05,-0.01,0.1,0.0049999999999954525,0.30000000000000004,37.2,1.3,1.0,1.2000000000000002,2.0,3528.0,123.60000000000001,1.0,123.60000000000001,78.0,65.0,2.0,80.0,98.0,398.70000000000005,87.80000000000001,32.0,0.015,1.8,2.0,1.0,1.0,2.0,0.0,0.0,0.0,1.0,1.0,1.0,1.0,195.0,1.0,1.0,1.0,195.0,0.05,0.0,1.0,1.0,1.0,1.0,0.0,0.0,0.0,0.0,1.0,195.0,0.0,0.0,0.0,0.0,0.0,1.0,1.0,50.0,50.0,0.0,12.6,1.0,0.0049999999999954525,0.0,0.0,0.30000000000000004,35.005860000000006,32.0,4597.920000000001,True,False,False,22865bb93d1fcde58e0e7021f59599c0a5a1b80de4ff6d254c63aaba713c0a7f,9d9d1b894a3964ecd73d2776151a8aba4e1ee70605b5ae73a9814a8d909dbe49
P5_8_0196,196,196,9.8,EV-LAB-001,NORMAL_BASELINE,NORMAL_LABORATORY_STATE,all_lab_rules_within_thresholds,DETERMINISTIC_LABORATORY_RULES,False,False,True,False,False,False,False,40,40,0,0,0,True,True,196,0.9897318482398987,0.9990531802177429,b35650d3748c3bae842b7f539f6b6198d5bde5186f4c4f7f83fd8e907626a3a3,0a58960f6142fad4876a7eacf986c1d59f503dc47c53559a858505232b3c6bcf,f8b5283c3e85f1bc8b4e6e3bde6cc88ee2c61eb45dc03299a6432a593d0fcd03,9.8,196.0,64.11,64.42,64.07000000000001,0.2,-0.05,-0.01,0.1,0.13500000000000512,0.30000000000000004,38.0,1.3,1.0,1.2000000000000002,2.0,3526.0,124.7,1.0,124.7,78.0,66.0,2.0,80.0,98.0,398.5,88.2,32.0,0.009000000000000001,2.0,2.0,1.0,1.0,2.0,0.0,0.0,0.0,1.0,1.0,1.0,1.0,196.0,1.0,1.0,1.0,196.0,0.05,0.0,1.0,1.0,1.0,1.0,0.0,0.0,0.0,0.0,1.0,196.0,0.0,0.0,0.0,0.0,0.0,1.0,1.0,50.0,50.0,0.0,12.540000000000001,1.0,0.13500000000000512,0.0,0.0,0.30000000000000004,35.14770000000001,32.0,4738.6,True,False,False,9d9d1b894a3964ecd73d2776151a8aba4e1ee70605b5ae73a9814a8d909dbe49,34ae54b1deb2c0e7d465410833cdf5eec1bebd6a49a0813440bcaf030d46e178
P5_8_0197,197,197,9.85,EV-LAB-001,NORMAL_BASELINE,NORMAL_LABORATORY_STATE,all_lab_rules_within_thresholds,DETERMINISTIC_LABORATORY_RULES,False,False,True,False,False,False,False,40,40,0,0,0,True,True,197,0.989733874797821,0.9990530610084534,a95b11d2cf58b87874674990254e76e117864ebb6e584318885c40afd34c7957,0a58960f6142fad4876a7eacf986c1d59f503dc47c53559a858505232b3c6bcf,f8b5283c3e85f1bc8b4e6e3bde6cc88ee2c61eb45dc03299a6432a593d0fcd03,9.85,197.0,64.09,64.33,63.85,0.1,-0.05,-0.02,0.1,0.0,0.2,36.800000000000004,1.3,1.0,1.2000000000000002,2.0,3525.0,123.2,1.0,123.30000000000001,78.0,66.0,2.0,80.0,98.0,399.20000000000005,86.2,32.0,0.014,2.1,2.0,1.0,1.0,2.0,0.0,0.0,0.0,1.0,1.0,1.0,1.0,197.0,1.0,1.0,1.0,197.0,0.05,0.0,1.0,1.0,1.0,1.0,0.0,0.0,0.0,0.0,1.0,197.0,0.0,0.0,0.0,0.0,0.0,1.0,1.0,50.0,50.0,0.0,12.56,1.0,0.0,0.0,0.10000000000000853,0.2,34.41104000000001,32.0,4533.76,True,False,False,34ae54b1deb2c0e7d465410833cdf5eec1bebd6a49a0813440bcaf030d46e178,a876d27e5d59b4814f89eed93b9b0f2f44e4496b05fd94fe4388c110aa7a05c9
P5_8_0198,198,198,9.9,EV-LAB-001,NORMAL_BASELINE,NORMAL_LABORATORY_STATE,all_lab_rules_within_thresholds,DETERMINISTIC_LABORATORY_RULES,False,False,True,False,False,False,False,40,40,0,0,0,True,True,198,0.9897358417510986,0.9990529417991638,0df95abf735d8c82111cfdd20547dd82a0d14482c8eb992268fe2848a4314f81,0a58960f6142fad4876a7eacf986c1d59f503dc47c53559a858505232b3c6bcf,f8b5283c3e85f1bc8b4e6e3bde6cc88ee2c61eb45dc03299a6432a593d0fcd03,9.9,198.0,64.06,64.34,63.85,0.1,-0.05,-0.01,0.1,0.03499999999999659,0.2,37.2,1.3,1.0,1.2000000000000002,2.0,3523.0,123.7,1.0,123.10000000000001,79.0,66.0,2.0,80.0,98.0,398.1,86.10000000000001,32.0,0.012,2.0,2.0,1.0,1.0,2.0,0.0,0.0,0.0,1.0,1.0,1.0,1.0,198.0,1.0,1.0,1.0,198.0,0.05,0.0,1.0,1.0,1.0,1.0,0.0,0.0,0.0,0.0,1.0,198.0,0.0,0.0,0.0,0.0,0.0,1.0,1.0,50.0,50.0,0.0,12.540000000000001,1.0,0.03499999999999659,0.0,0.5999999999999943,0.2,34.276410000000006,32.0,4601.64,True,False,False,a876d27e5d59b4814f89eed93b9b0f2f44e4496b05fd94fe4388c110aa7a05c9,7416393c558548ceabd46ff9381369062cf6a6576802ee7c956409c1b3355eeb
P5_8_0199,199,199,9.95,EV-LAB-001,NORMAL_BASELINE,NORMAL_LABORATORY_STATE,all_lab_rules_within_thresholds,DETERMINISTIC_LABORATORY_RULES,False,False,True,False,False,False,False,40,40,0,0,0,True,True,199,0.9897378087043762,0.9990529417991638,5edbed4ec286dbd16179e08fe8433bc52c0d7b8280ebb068ceaaa394ab5cd674,0a58960f6142fad4876a7eacf986c1d59f503dc47c53559a858505232b3c6bcf,f8b5283c3e85f1bc8b4e6e3bde6cc88ee2c61eb45dc03299a6432a593d0fcd03,9.95,199.0,64.03,64.28,63.76,0.0,-0.05,-0.01,0.0,0.010000000000005116,0.0,37.2,1.3,1.0,1.2000000000000002,2.0,3522.0,123.9,1.0,126.4,79.0,66.0,2.0,80.0,98.0,398.3,86.4,32.0,0.014,1.8,2.0,1.0,1.0,2.0,0.0,0.0,0.0,1.0,1.0,1.0,1.0,199.0,1.0,1.0,1.0,199.0,0.05,0.0,1.0,1.0,1.0,1.0,0.0,0.0,0.0,0.0,1.0,199.0,0.0,0.0,0.0,0.0,0.0,1.0,1.0,50.0,50.0,0.0,12.59,1.0,0.010000000000005116,0.0,2.5,0.0,34.41312,32.0,4609.080000000001,True,False,False,7416393c558548ceabd46ff9381369062cf6a6576802ee7c956409c1b3355eeb,0452dc3b7abaceca3bc65fc650a398acd2d55c3af7285dcda5b033e4f329c9f3
P5_8_0200,200,200,10.0,EV-LAB-001,NORMAL_BASELINE,NORMAL_LABORATORY_STATE,all_lab_rules_within_thresholds,DETERMINISTIC_LABORATORY_RULES,False,False,True,False,False,False,False,40,40,0,0,0,True,True,200,0.989739716053009,0.9990528225898743,62433f047798d87efe7eb4bab784f2758bca3976fed1bdf8ba6c0d83a1db6184,0a58960f6142fad4876a7eacf986c1d59f503dc47c53559a858505232b3c6bcf,f8b5283c3e85f1bc8b4e6e3bde6cc88ee2c61eb45dc03299a6432a593d0fcd03,10.0,200.0,64.01,64.23,63.870000000000005,0.0,-0.05,-0.01,0.0,0.04000000000000625,0.0,36.4,1.3,1.0,1.2000000000000002,2.0,3520.0,122.60000000000001,1.0,120.0,78.0,66.0,2.0,80.0,98.0,398.5,85.5,32.0,0.01,2.1,2.0,1.0,1.0,2.0,0.0,0.0,0.0,1.0,1.0,1.0,1.0,200.0,1.0,1.0,1.0,200.0,0.05,0.0,1.0,1.0,1.0,1.0,0.0,0.0,0.0,0.0,1.0,200.0,0.0,0.0,0.0,0.0,0.0,1.0,1.0,50.0,50.0,0.0,12.64,1.0,0.04000000000000625,0.0,2.6000000000000085,0.0,34.07175,32.0,4462.64,True,False,False,0452dc3b7abaceca3bc65fc650a398acd2d55c3af7285dcda5b033e4f329c9f3,070e82b96bed52c5732723a5b651c87235ac0400112a47f63ccdd2f8aa922559
P5_8_0201,201,201,10.05,EV-LAB-001,NORMAL_BASELINE,NORMAL_LABORATORY_STATE,all_lab_rules_within_thresholds,DETERMINISTIC_LABORATORY_RULES,False,False,True,False,False,False,False,40,40,0,0,0,True,True,201,0.9897416830062866,0.9990527033805847,63913d432b7029110b97ae22cf6e05763f78383c8dd7524548bafcca9bbe706e,0a58960f6142fad4876a7eacf986c1d59f503dc47c53559a858505232b3c6bcf,f8b5283c3e85f1bc8b4e6e3bde6cc88ee2c61eb45dc03299a6432a593d0fcd03,10.05,201.0,63.980000000000004,64.2,63.730000000000004,0.0,-0.05,-0.01,0.0,0.015000000000000568,0.0,36.0,1.3,1.0,1.2000000000000002,2.0,3519.0,122.30000000000001,1.0,123.30000000000001,78.0,67.0,2.0,80.0,98.0,398.5,84.9,31.0,0.013000000000000001,2.0,2.0,1.0,1.0,2.0,0.0,0.0,0.0,1.0,1.0,1.0,1.0,201.0,1.0,1.0,1.0,201.0,0.05,0.0,1.0,1.0,1.0,1.0,0.0,0.0,0.0,0.0,1.0,201.0,0.0,0.0,0.0,0.0,0.0,1.0,1.0,50.0,50.0,0.0,12.5,1.0,0.015000000000000568,0.0,1.0,0.0,33.83265,31.0,4402.8,True,False,False,070e82b96bed52c5732723a5b651c87235ac0400112a47f63ccdd2f8aa922559,d16af3e0c98be4f4de5b65ba7629851f4167008bcd8751c8e10bd1c2cee554e9
P5_8_0202,202,202,10.1,EV-LAB-001,NORMAL_BASELINE,NORMAL_LABORATORY_STATE,all_lab_rules_within_thresholds,DETERMINISTIC_LABORATORY_RULES,False,False,True,False,False,False,False,40,40,0,0,0,True,True,202,0.9897436499595642,0.9990525841712952,ddd2aceefa02306b740a0fff9d2d010256280f9c4e8d3f1dc182e1a906f8625b,0a58960f6142fad4876a7eacf986c1d59f503dc47c53559a858505232b3c6bcf,f8b5283c3e85f1bc8b4e6e3bde6cc88ee2c61eb45dc03299a6432a593d0fcd03,10.1,202.0,63.96,64.31,63.86,-0.1,-0.05,-0.02,0.0,0.1250000000000071,0.1,36.0,1.3,1.0,1.2000000000000002,2.0,3518.0,122.30000000000001,1.0,120.80000000000001,78.0,67.0,2.0,80.0,98.0,398.5,87.5,32.0,0.012,2.1,2.0,1.0,1.0,2.0,0.0,0.0,0.0,1.0,1.0,1.0,1.0,202.0,1.0,1.0,1.0,202.0,0.05,0.0,1.0,1.0,1.0,1.0,0.0,0.0,0.0,0.0,1.0,202.0,0.0,0.0,0.0,0.0,0.0,1.0,1.0,50.0,50.0,0.0,12.66,1.0,0.1250000000000071,0.0,1.5,0.1,34.86875,32.0,4402.8,True,False,False,d16af3e0c98be4f4de5b65ba7629851f4167008bcd8751c8e10bd1c2cee554e9,ceefd78e33414a5c9a4c8b1b2e826c6e3573f80cf0b67a36b687426a14bf3af2
P5_8_0203,203,203,10.15,EV-LAB-001,NORMAL_BASELINE,NORMAL_LABORATORY_STATE,all_lab_rules_within_thresholds,DETERMINISTIC_LABORATORY_RULES,False,False,True,False,False,False,False,40,40,0,0,0,True,True,203,0.9897454977035522,0.9990525841712952,3e810cb1b9d0ff5b7a7834ea9a7994d0b039aa9b42a9c47ea17826b42fb3a267,0a58960f6142fad4876a7eacf986c1d59f503dc47c53559a858505232b3c6bcf,f8b5283c3e85f1bc8b4e6e3bde6cc88ee2c61eb45dc03299a6432a593d0fcd03,10.15,203.0,63.93,64.21000000000001,63.67,-0.1,-0.05,-0.01,-0.1,0.010000000000005116,0.2,37.2,1.3,1.0,1.2000000000000002,2.0,3516.0,123.60000000000001,1.0,125.30000000000001,78.0,66.0,2.0,80.0,98.0,398.70000000000005,85.60000000000001,32.0,0.013000000000000001,2.0,2.0,1.0,1.0,2.0,0.0,0.0,0.0,1.0,1.0,1.0,1.0,203.0,1.0,1.0,1.0,203.0,0.05,0.0,1.0,1.0,1.0,1.0,0.0,0.0,0.0,0.0,1.0,203.0,0.0,0.0,0.0,0.0,0.0,1.0,1.0,50.0,50.0,0.0,12.63,1.0,0.010000000000005116,0.0,1.7000000000000028,0.2,34.12872000000001,32.0,4597.920000000001,True,False,False,ceefd78e33414a5c9a4c8b1b2e826c6e3573f80cf0b67a36b687426a14bf3af2,63e4e9c04a982ab127164bc7d3132ab79b98e321b7f5544a53e2b22cc450d349
P5_8_0204,204,204,10.2,EV-LAB-001,NORMAL_BASELINE,NORMAL_LABORATORY_STATE,all_lab_rules_within_thresholds,DETERMINISTIC_LABORATORY_RULES,False,False,True,False,False,False,False,40,40,0,0,0,True,True,204,0.9897475242614746,0.9990524649620056,4efb36dafec6c6d89a2ec66cee827881ee6271f6617dbd7d6cd5ba3c4937629e,0a58960f6142fad4876a7eacf986c1d59f503dc47c53559a858505232b3c6bcf,f8b5283c3e85f1bc8b4e6e3bde6cc88ee2c61eb45dc03299a6432a593d0fcd03,10.2,204.0,63.9,64.17,63.690000000000005,-0.2,-0.05,-0.01,-0.2,0.030000000000008242,0.4,36.4,1.3,1.0,1.2000000000000002,2.0,3515.0,122.60000000000001,1.0,124.10000000000001,79.0,65.0,2.0,80.0,98.0,398.40000000000003,85.7,32.0,0.013000000000000001,2.1,2.0,1.0,1.0,2.0,0.0,0.0,0.0,1.0,1.0,1.0,1.0,204.0,1.0,1.0,1.0,204.0,0.05,0.0,1.0,1.0,1.0,1.0,0.0,0.0,0.0,0.0,1.0,204.0,0.0,0.0,0.0,0.0,0.0,1.0,1.0,50.0,50.0,0.0,12.59,1.0,0.030000000000008242,0.0,1.5,0.4,34.142880000000005,32.0,4462.64,True,False,False,63e4e9c04a982ab127164bc7d3132ab79b98e321b7f5544a53e2b22cc450d349,0941e1c04ce9a0897c1e9dcb4ae33f8a280fc7c5d0c165449637bcf96b61b63c
P5_8_0205,205,205,10.25,EV-LAB-001,NORMAL_BASELINE,NORMAL_LABORATORY_STATE,all_lab_rules_within_thresholds,DETERMINISTIC_LABORATORY_RULES,False,False,True,False,False,False,False,40,40,0,0,0,True,True,205,0.9897494912147522,0.9990523457527161,ab17e83ed8e0ee081ba8180a7a403cc146629b2550c3cfee666b015882a9d652,0a58960f6142fad4876a7eacf986c1d59f503dc47c53559a858505232b3c6bcf,f8b5283c3e85f1bc8b4e6e3bde6cc88ee2c61eb45dc03299a6432a593d0fcd03,10.25,205.0,63.88,64.17,63.54,-0.2,-0.05,-0.01,-0.2,0.02499999999999858,0.4,35.6,1.4000000000000001,1.0,1.2000000000000002,2.0,3513.0,122.0,1.0,123.5,79.0,66.0,2.0,80.0,98.0,397.70000000000005,85.60000000000001,31.0,0.012,2.1,2.0,1.0,1.0,2.0,0.0,0.0,0.0,1.0,1.0,1.0,1.0,205.0,1.0,1.0,1.0,205.0,0.05,0.0,1.0,1.0,1.0,1.0,0.0,0.0,0.0,0.0,1.0,205.0,0.0,0.0,0.0,0.0,0.0,1.0,1.0,50.0,50.0,0.0,12.68,1.0,0.02499999999999858,0.0,1.5,0.4,34.04312000000001,31.0,4343.2,True,False,False,0941e1c04ce9a0897c1e9dcb4ae33f8a280fc7c5d0c165449637bcf96b61b63c,a6acc5614eefae8c54360e8350f1030593ccd2facc94cbc854efca1c693e691a
P5_8_0206,206,206,10.3,EV-LAB-001,NORMAL_BASELINE,NORMAL_LABORATORY_STATE,all_lab_rules_within_thresholds,DETERMINISTIC_LABORATORY_RULES,False,False,True,False,False,False,False,40,40,0,0,0,True,True,206,0.9897513389587402,0.9990522265434265,96cabaacecae9ceaad3df9cfc0b3dd252c8e5f5dc798a45e054e0ecde923c6ac,0a58960f6142fad4876a7eacf986c1d59f503dc47c53559a858505232b3c6bcf,f8b5283c3e85f1bc8b4e6e3bde6cc88ee2c61eb45dc03299a6432a593d0fcd03,10.3,206.0,63.85,64.1,63.620000000000005,-0.30000000000000004,-0.05,-0.01,-0.2,0.00999999999999801,0.5,36.800000000000004,1.4000000000000001,1.0,1.2000000000000002,2.0,3512.0,123.10000000000001,1.0,117.2,77.0,68.0,2.0,80.0,98.0,398.70000000000005,86.10000000000001,31.0,0.011,2.1,2.0,1.0,1.0,2.0,0.0,0.0,0.0,1.0,1.0,1.0,1.0,206.0,1.0,1.0,1.0,206.0,0.05,0.0,1.0,1.0,1.0,1.0,0.0,0.0,0.0,0.0,1.0,206.0,0.0,0.0,0.0,0.0,0.0,1.0,1.0,50.0,50.0,0.0,12.65,1.0,0.00999999999999801,0.0,5.900000000000006,0.5,34.328070000000004,31.0,4530.080000000001,True,False,False,a6acc5614eefae8c54360e8350f1030593ccd2facc94cbc854efca1c693e691a,74c64202b6e89752f51ba7d7957c5740675eeb045a377b8461dc083346bbaf1d
P5_8_0207,207,207,10.35,EV-LAB-001,NORMAL_BASELINE,NORMAL_LABORATORY_STATE,all_lab_rules_within_thresholds,DETERMINISTIC_LABORATORY_RULES,False,False,True,False,False,False,False,40,40,0,0,0,True,True,207,0.9897533655166626,0.9990522265434265,189e5eff4091355b4f10b6fd43319d257f1552f31625130d93f8f692799b6c4c,0a58960f6142fad4876a7eacf986c1d59f503dc47c53559a858505232b3c6bcf,f8b5283c3e85f1bc8b4e6e3bde6cc88ee2c61eb45dc03299a6432a593d0fcd03,10.35,207.0,63.82,64.1,63.77,-0.30000000000000004,-0.06,-0.01,-0.30000000000000004,0.11500000000000199,0.6000000000000001,37.2,1.4000000000000001,1.0,1.2000000000000002,2.0,3510.0,123.60000000000001,1.0,121.10000000000001,78.0,66.0,2.0,80.0,98.0,398.8,87.7,32.0,0.009000000000000001,2.0,2.0,1.0,1.0,2.0,0.0,0.0,0.0,1.0,1.0,1.0,1.0,207.0,1.0,1.0,1.0,207.0,0.05,0.0,1.0,1.0,1.0,1.0,0.0,0.0,0.0,0.0,1.0,207.0,0.0,0.0,0.0,0.0,0.0,1.0,1.0,50.0,50.0,0.0,12.51,1.0,0.11500000000000199,0.0,2.5,0.6000000000000001,34.97476,32.0,4597.920000000001,True,False,False,74c64202b6e89752f51ba7d7957c5740675eeb045a377b8461dc083346bbaf1d,23530c50867dd4f74d733f9453910ab0824bf3751a484031e61b388f27c02c5c
P5_8_0208,208,208,10.4,EV-LAB-001,NORMAL_BASELINE,NORMAL_LABORATORY_STATE,all_lab_rules_within_thresholds,DETERMINISTIC_LABORATORY_RULES,False,False,True,False,False,False,False,40,40,0,0,0,True,True,208,0.9897553324699402,0.999052107334137,2b452206de41b15bf0c1b558ab9022ee22d961788d6c07b133c331a25f61abb5,0a58960f6142fad4876a7eacf986c1d59f503dc47c53559a858505232b3c6bcf,f8b5283c3e85f1bc8b4e6e3bde6cc88ee2c61eb45dc03299a6432a593d0fcd03,10.4,208.0,63.79,63.95,63.550000000000004,-0.4,-0.06,-0.01,-0.2,0.03999999999999915,0.6000000000000001,36.800000000000004,1.4000000000000001,1.0,1.2000000000000002,2.0,3509.0,123.30000000000001,1.0,122.10000000000001,79.0,67.0,2.0,80.0,98.0,398.40000000000003,87.4,32.0,0.013000000000000001,2.0,2.0,1.0,1.0,2.0,0.0,0.0,0.0,1.0,1.0,1.0,1.0,208.0,1.0,1.0,1.0,208.0,0.05,0.0,1.0,1.0,1.0,1.0,0.0,0.0,0.0,0.0,1.0,208.0,0.0,0.0,0.0,0.0,0.0,1.0,1.0,50.0,50.0,0.0,12.6,1.0,0.03999999999999915,0.0,1.2000000000000028,0.6000000000000001,34.82016,32.0,4537.4400000000005,True,False,False,23530c50867dd4f74d733f9453910ab0824bf3751a484031e61b388f27c02c5c,7d90c38ac6706a52ae86d3c5e884ec679af107f931e7a13e456cc4a2c12e6ef5
P5_8_0209,209,209,10.45,EV-LAB-001,NORMAL_BASELINE,NORMAL_LABORATORY_STATE,all_lab_rules_within_thresholds,DETERMINISTIC_LABORATORY_RULES,False,False,True,False,False,False,False,40,40,0,0,0,True,True,209,0.9897572994232178,0.9990519881248474,a5dbb4a9d6e541dc3e4e0b6163196b9bcc59095fd162c6ce1d1b1f954d2cc403,0a58960f6142fad4876a7eacf986c1d59f503dc47c53559a858505232b3c6bcf,f8b5283c3e85f1bc8b4e6e3bde6cc88ee2c61eb45dc03299a6432a593d0fcd03,10.45,209.0,63.77,64.03,63.61,-0.4,-0.06,-0.01,-0.4,0.04999999999999716,0.8,36.4,1.4000000000000001,1.0,1.2000000000000002,2.0,3507.0,122.80000000000001,1.0,121.7,77.0,67.0,2.0,80.0,98.0,399.1,86.10000000000001,32.0,0.01,2.2,2.0,1.0,1.0,2.0,0.0,0.0,0.0,1.0,1.0,1.0,1.0,209.0,1.0,1.0,1.0,209.0,0.05,0.0,1.0,1.0,1.0,1.0,0.0,0.0,0.0,0.0,1.0,209.0,0.0,0.0,0.0,0.0,0.0,1.0,1.0,50.0,50.0,0.0,12.59,1.0,0.04999999999999716,0.0,1.1000000000000085,0.8,34.36251,32.0,4469.92,True,False,False,7d90c38ac6706a52ae86d3c5e884ec679af107f931e7a13e456cc4a2c12e6ef5,63a47d8e306571dc966490f31889fce53a40353ffbbd872fec645cc0b291ecb5
P5_8_0210,210,210,10.5,EV-LAB-001,NORMAL_BASELINE,NORMAL_LABORATORY_STATE,all_lab_rules_within_thresholds,DETERMINISTIC_LABORATORY_RULES,False,False,True,False,False,False,False,40,40,0,0,0,True,True,210,0.9897593259811401,0.9990518689155579,2a5c95d826bf98b3f93375f71488416f0b396248bdbb33e5f6f41ccda2aa0020,0a58960f6142fad4876a7eacf986c1d59f503dc47c53559a858505232b3c6bcf,f8b5283c3e85f1bc8b4e6e3bde6cc88ee2c61eb45dc03299a6432a593d0fcd03,10.5,210.0,63.74,64.06,63.51,-0.5,-0.06,-0.01,-0.30000000000000004,0.0449999999999946,0.8,36.4,1.4000000000000001,1.0,1.2000000000000002,2.0,3506.0,122.60000000000001,1.0,123.30000000000001,79.0,66.0,2.0,80.0,98.0,399.20000000000005,85.30000000000001,32.0,0.011,2.2,2.0,1.0,1.0,2.0,0.0,0.0,0.0,1.0,1.0,1.0,1.0,210.0,1.0,1.0,1.0,210.0,0.05,0.0,1.0,1.0,1.0,1.0,0.0,0.0,0.0,0.0,1.0,210.0,0.0,0.0,0.0,0.0,0.0,1.0,1.0,50.0,50.0,0.0,12.51,1.0,0.0449999999999946,0.0,0.7000000000000028,0.8,34.05176000000001,32.0,4462.64,True,False,False,63a47d8e306571dc966490f31889fce53a40353ffbbd872fec645cc0b291ecb5,b935378e066ef3f56aeb3debc07362dd1faa2128dbc0549312ddfc533db1d3fb
P5_8_0211,211,211,10.55,EV-LAB-001,NORMAL_BASELINE,NORMAL_LABORATORY_STATE,all_lab_rules_within_thresholds,DETERMINISTIC_LABORATORY_RULES,False,False,True,False,False,False,False,40,40,0,0,0,True,True,211,0.9897612929344177,0.9990517497062683,97da2953065d090eac37e4b4283379e11d60f8c570e1ef041753abb402942fe7,0a58960f6142fad4876a7eacf986c1d59f503dc47c53559a858505232b3c6bcf,f8b5283c3e85f1bc8b4e6e3bde6cc88ee2c61eb45dc03299a6432a593d0fcd03,10.55,211.0,63.71,63.97,63.45,-0.5,-0.06,-0.01,-0.4,0.0,0.9,35.6,1.5,1.0,1.2000000000000002,2.0,3504.0,121.60000000000001,1.0,123.7,79.0,66.0,2.0,80.0,98.0,399.0,86.30000000000001,32.0,0.01,1.6,2.0,1.0,1.0,2.0,0.0,0.0,0.0,1.0,1.0,1.0,1.0,211.0,1.0,1.0,1.0,211.0,0.05,0.0,1.0,1.0,1.0,1.0,0.0,0.0,0.0,0.0,1.0,211.0,0.0,0.0,0.0,0.0,0.0,1.0,1.0,50.0,50.0,0.0,12.6,1.0,0.0,0.0,2.0999999999999943,0.9,34.4337,32.0,4328.96,True,False,False,b935378e066ef3f56aeb3debc07362dd1faa2128dbc0549312ddfc533db1d3fb,c8e8897594eb0d06a89aeffe1e370a2ac137f16f5cb3721c4404c858f3efea7a
P5_8_0212,212,212,10.6,EV-LAB-001,NORMAL_BASELINE,NORMAL_LABORATORY_STATE,all_lab_rules_within_thresholds,DETERMINISTIC_LABORATORY_RULES,False,False,True,False,False,False,False,40,40,0,0,0,True,True,212,0.9897632598876953,0.9990517497062683,e2a26b330f6f3f3b29d2bb34693256c683133ff84c8aba5ba1fca697675cd390,0a58960f6142fad4876a7eacf986c1d59f503dc47c53559a858505232b3c6bcf,f8b5283c3e85f1bc8b4e6e3bde6cc88ee2c61eb45dc03299a6432a593d0fcd03,10.6,212.0,63.68,63.79,63.370000000000005,-0.6000000000000001,-0.06,-0.01,-0.5,0.10000000000000142,1.1,34.0,1.5,1.0,1.2000000000000002,2.0,3502.0,119.9,1.0,118.5,79.0,67.0,2.0,80.0,98.0,399.0,85.2,32.0,0.018000000000000002,2.2,2.0,1.0,1.0,2.0,0.0,0.0,0.0,1.0,1.0,1.0,1.0,212.0,1.0,1.0,1.0,212.0,0.05,0.0,1.0,1.0,1.0,1.0,0.0,0.0,0.0,0.0,1.0,212.0,0.0,0.0,0.0,0.0,0.0,1.0,1.0,50.0,50.0,0.0,12.63,1.0,0.10000000000000142,0.0,1.4000000000000057,1.1,33.994800000000005,32.0,4076.6000000000004,True,False,False,c8e8897594eb0d06a89aeffe1e370a2ac137f16f5cb3721c4404c858f3efea7a,d1f1a047d6a99bb2249b14bebf0848c892b478dfb906a69872a8046313fab763
P5_8_0213,213,213,10.65,EV-LAB-001,NORMAL_BASELINE,NORMAL_LABORATORY_STATE,all_lab_rules_within_thresholds,DETERMINISTIC_LABORATORY_RULES,False,False,True,False,False,False,False,40,40,0,0,0,True,True,213,0.9897654056549072,0.9990516304969788,b11c47e96ee0832abf7ddca1ded18574a19823f67427b812e056ab7343a97e1c,0a58960f6142fad4876a7eacf986c1d59f503dc47c53559a858505232b3c6bcf,f8b5283c3e85f1bc8b4e6e3bde6cc88ee2c61eb45dc03299a6432a593d0fcd03,10.65,213.0,63.65,63.79,63.32,-0.6000000000000001,-0.06,-0.01,-0.5,0.09499999999999886,1.1,35.6,1.5,1.0,1.2000000000000002,2.0,3501.0,121.9,1.0,122.4,77.0,66.0,2.0,80.0,98.0,398.5,85.80000000000001,32.0,0.012,2.0,2.0,1.0,1.0,2.0,0.0,0.0,0.0,1.0,1.0,1.0,1.0,213.0,1.0,1.0,1.0,213.0,0.05,0.0,1.0,1.0,1.0,1.0,0.0,0.0,0.0,0.0,1.0,213.0,0.0,0.0,0.0,0.0,0.0,1.0,1.0,50.0,50.0,0.0,12.57,1.0,0.09499999999999886,0.0,0.5,1.1,34.191300000000005,32.0,4339.64,True,False,False,d1f1a047d6a99bb2249b14bebf0848c892b478dfb906a69872a8046313fab763,e53928986d93e0b4167024ded0e8a4d6384dea0a4132c24b9ad04cc3e69929a9
P5_8_0214,214,214,10.7,EV-LAB-001,NORMAL_BASELINE,NORMAL_LABORATORY_STATE,all_lab_rules_within_thresholds,DETERMINISTIC_LABORATORY_RULES,False,False,True,False,False,False,False,40,40,0,0,0,True,True,214,0.9897674918174744,0.9990515112876892,3fce6b5f0d19aa8df8064395c5e9874094d7b461ae85603203692bed76025068,0a58960f6142fad4876a7eacf986c1d59f503dc47c53559a858505232b3c6bcf,f8b5283c3e85f1bc8b4e6e3bde6cc88ee2c61eb45dc03299a6432a593d0fcd03,10.7,214.0,63.620000000000005,63.800000000000004,63.49,-0.7000000000000001,-0.06,-0.01,-0.5,0.02499999999999858,1.2000000000000002,36.4,1.5,1.0,1.2000000000000002,2.0,3499.0,122.60000000000001,1.0,121.0,78.0,66.0,2.0,80.0,98.0,398.40000000000003,85.30000000000001,32.0,0.014,2.0,2.0,1.0,1.0,2.0,0.0,0.0,0.0,1.0,1.0,1.0,1.0,214.0,1.0,1.0,1.0,214.0,0.05,0.0,1.0,1.0,1.0,1.0,0.0,0.0,0.0,0.0,1.0,214.0,0.0,0.0,0.0,0.0,0.0,1.0,1.0,50.0,50.0,0.0,12.6,1.0,0.02499999999999858,0.0,1.6000000000000085,1.2000000000000002,33.983520000000006,32.0,4462.64,True,False,False,e53928986d93e0b4167024ded0e8a4d6384dea0a4132c24b9ad04cc3e69929a9,bcfbec4b5c6d5cfd32b1d93204b1414bd56f59983201067400269a6bb5697eb8
P5_8_0215,215,215,10.75,EV-LAB-001,NORMAL_BASELINE,NORMAL_LABORATORY_STATE,all_lab_rules_within_thresholds,DETERMINISTIC_LABORATORY_RULES,False,False,True,False,False,False,False,40,40,0,0,0,True,True,215,0.9897695779800415,0.9990513920783997,d69dcde0d7220e1730157df60a50acb0bad5a4608a99eaa0a42172614972cd6c,0a58960f6142fad4876a7eacf986c1d59f503dc47c53559a858505232b3c6bcf,f8b5283c3e85f1bc8b4e6e3bde6cc88ee2c61eb45dc03299a6432a593d0fcd03,10.75,215.0,63.59,63.88,63.46,-0.7000000000000001,-0.06,-0.01,-0.6000000000000001,0.0799999999999983,1.3000000000000003,35.6,1.6,1.0,1.2000000000000002,2.0,3497.0,121.9,1.0,121.60000000000001,78.0,66.0,2.0,80.0,98.0,398.1,84.60000000000001,31.0,0.012,2.1,2.0,1.0,1.0,2.0,0.0,0.0,0.0,1.0,1.0,1.0,1.0,215.0,1.0,1.0,1.0,215.0,0.05,0.0,1.0,1.0,1.0,1.0,0.0,0.0,0.0,0.0,1.0,215.0,0.0,0.0,0.0,0.0,0.0,1.0,1.0,50.0,50.0,0.0,12.59,1.0,0.0799999999999983,0.0,0.29999999999999716,1.3000000000000003,33.67926,31.0,4339.64,True,False,False,bcfbec4b5c6d5cfd32b1d93204b1414bd56f59983201067400269a6bb5697eb8,4eab303a5aeb4936c2edc0deafa5e648f6a2a957f0365925220f86b0bccb21d7
P5_8_0216,216,216,10.8,EV-LAB-001,NORMAL_BASELINE,NORMAL_LABORATORY_STATE,all_lab_rules_within_thresholds,DETERMINISTIC_LABORATORY_RULES,False,False,True,False,False,False,False,40,40,0,0,0,True,True,216,0.9897716641426086,0.9990512728691101,98b51107a9303b3dcc5f705d26dfa74246871a27ab34ef7339a32cfd8c3787e9,0a58960f6142fad4876a7eacf986c1d59f503dc47c53559a858505232b3c6bcf,f8b5283c3e85f1bc8b4e6e3bde6cc88ee2c61eb45dc03299a6432a593d0fcd03,10.8,216.0,63.56,63.85,63.39,-0.8,-0.06,-0.01,-0.6000000000000001,0.060000000000002274,1.4000000000000001,35.2,1.6,1.0,1.2000000000000002,2.0,3496.0,121.2,1.0,118.80000000000001,78.0,66.0,2.0,80.0,98.0,398.5,85.7,32.0,0.013000000000000001,1.7000000000000002,2.0,1.0,1.0,2.0,0.0,0.0,0.0,1.0,1.0,1.0,1.0,216.0,1.0,1.0,1.0,216.0,0.05,0.0,1.0,1.0,1.0,1.0,0.0,0.0,0.0,0.0,1.0,216.0,0.0,0.0,0.0,0.0,0.0,1.0,1.0,50.0,50.0,0.0,12.63,1.0,0.060000000000002274,0.0,2.3999999999999915,1.4000000000000001,34.151450000000004,32.0,4266.240000000001,True,False,False,4eab303a5aeb4936c2edc0deafa5e648f6a2a957f0365925220f86b0bccb21d7,a7f1be318b2811a6ba46f394a7c0f8aad34b052eabbba5c6f1f7c5ab71cd582c
P5_8_0217,217,217,10.85,EV-LAB-001,NORMAL_BASELINE,NORMAL_LABORATORY_STATE,all_lab_rules_within_thresholds,DETERMINISTIC_LABORATORY_RULES,False,False,True,False,False,False,False,40,40,0,0,0,True,True,217,0.9897738099098206,0.9990512728691101,0426cda3dea99db1e0f9c5c6a54bb8a65e8ca00172d105efe42f537cc5c9b93e,0a58960f6142fad4876a7eacf986c1d59f503dc47c53559a858505232b3c6bcf,f8b5283c3e85f1bc8b4e6e3bde6cc88ee2c61eb45dc03299a6432a593d0fcd03,10.85,217.0,63.53,63.72,63.36,-0.8,-0.07,-0.01,-0.7000000000000001,0.00999999999999801,1.5,35.2,1.6,1.0,1.2000000000000002,2.0,3494.0,121.4,1.0,121.7,78.0,65.0,2.0,80.0,98.0,398.70000000000005,85.7,32.0,0.014,1.9000000000000001,2.0,1.0,1.0,2.0,0.0,0.0,0.0,1.0,1.0,1.0,1.0,217.0,1.0,1.0,1.0,217.0,0.05,0.0,1.0,1.0,1.0,1.0,0.0,0.0,0.0,0.0,1.0,217.0,0.0,0.0,0.0,0.0,0.0,1.0,1.0,50.0,50.0,0.0,12.6,1.0,0.00999999999999801,0.0,0.29999999999999716,1.5,34.16859,32.0,4273.280000000001,True,False,False,a7f1be318b2811a6ba46f394a7c0f8aad34b052eabbba5c6f1f7c5ab71cd582c,f8dee3d3e5266713771254fbcfce6d9fab4c12b1bf17ac9d37dc1a34ba460508
P5_8_0218,218,218,10.9,EV-LAB-001,NORMAL_BASELINE,NORMAL_LABORATORY_STATE,all_lab_rules_within_thresholds,DETERMINISTIC_LABORATORY_RULES,False,False,True,False,False,False,False,40,40,0,0,0,True,True,218,0.9897761344909668,0.9990511536598206,acfd52cacc7cca14411e28a4ca42f9391513ac7921057969143cf30e5703b5e4,0a58960f6142fad4876a7eacf986c1d59f503dc47c53559a858505232b3c6bcf,f8b5283c3e85f1bc8b4e6e3bde6cc88ee2c61eb45dc03299a6432a593d0fcd03,10.9,218.0,63.49,63.83,63.35,-0.9,-0.07,-0.01,-0.6000000000000001,0.10000000000000142,1.5,34.800000000000004,1.7000000000000002,1.0,1.2000000000000002,2.0,3492.0,120.5,1.0,121.7,78.0,66.0,2.0,80.0,98.0,398.5,85.5,32.0,0.014,2.2,2.0,1.0,1.0,2.0,0.0,0.0,0.0,1.0,1.0,1.0,1.0,218.0,1.0,1.0,1.0,218.0,0.05,0.0,1.0,1.0,1.0,1.0,0.0,0.0,0.0,0.0,1.0,218.0,0.0,0.0,0.0,0.0,0.0,1.0,1.0,50.0,50.0,0.0,12.59,1.0,0.10000000000000142,0.0,1.2000000000000028,1.5,34.07175,32.0,4193.400000000001,True,False,False,f8dee3d3e5266713771254fbcfce6d9fab4c12b1bf17ac9d37dc1a34ba460508,3ed891d86102053f059832e94a31682ea1b1e39cf5710ebf5dde217dd94fc3e9
P5_8_0219,219,219,10.95,EV-LAB-001,NORMAL_BASELINE,NORMAL_LABORATORY_STATE,all_lab_rules_within_thresholds,DETERMINISTIC_LABORATORY_RULES,False,False,True,False,False,False,False,40,40,0,0,0,True,True,219,0.9897782206535339,0.999051034450531,2c3e5e9a221b2cf705ee400aedd8fdafe43002fc9906c76dfd06c138c665a50f,0a58960f6142fad4876a7eacf986c1d59f503dc47c53559a858505232b3c6bcf,f8b5283c3e85f1bc8b4e6e3bde6cc88ee2c61eb45dc03299a6432a593d0fcd03,10.95,219.0,63.46,63.65,63.34,-0.9,-0.07,-0.01,-0.8,0.035000000000003695,1.7000000000000002,33.6,1.7000000000000002,1.0,1.2000000000000002,2.0,3490.0,119.30000000000001,1.0,118.4,78.0,66.0,2.0,80.0,98.0,398.70000000000005,82.60000000000001,31.0,0.011,1.7000000000000002,2.0,1.0,1.0,2.0,0.0,0.0,0.0,1.0,1.0,1.0,1.0,219.0,1.0,1.0,1.0,219.0,0.05,0.0,1.0,1.0,1.0,1.0,0.0,0.0,0.0,0.0,1.0,219.0,0.0,0.0,0.0,0.0,0.0,1.0,1.0,50.0,50.0,0.0,12.6,1.0,0.035000000000003695,0.0,0.9000000000000057,1.7000000000000002,32.93262000000001,31.0,4008.4800000000005,True,False,False,3ed891d86102053f059832e94a31682ea1b1e39cf5710ebf5dde217dd94fc3e9,43a772b86129f78bf62ab7cbb93fb14a4551e6ab0bb52acd99153142f9e50bad
P5_8_0220,220,220,11.0,EV-LAB-001,NORMAL_BASELINE,NORMAL_LABORATORY_STATE,all_lab_rules_within_thresholds,DETERMINISTIC_LABORATORY_RULES,False,False,True,False,False,False,False,40,40,0,0,0,True,True,220,0.9897805452346802,0.9990509152412415,3398b3febaa12354a1be6f4f1b8cff0ef817cf8e474359255d343edb091356b5,0a58960f6142fad4876a7eacf986c1d59f503dc47c53559a858505232b3c6bcf,f8b5283c3e85f1bc8b4e6e3bde6cc88ee2c61eb45dc03299a6432a593d0fcd03,11.0,220.0,63.43,63.78,63.15,-1.0,-0.07,-0.01,-0.8,0.035000000000003695,1.8,35.6,1.7000000000000002,1.0,1.2000000000000002,2.0,3488.0,121.4,1.0,119.30000000000001,78.0,66.0,2.0,80.0,98.0,398.40000000000003,84.60000000000001,32.0,0.011,2.4000000000000004,2.0,1.0,1.0,2.0,0.0,0.0,0.0,1.0,1.0,1.0,1.0,220.0,1.0,1.0,1.0,220.0,0.05,0.0,1.0,1.0,1.0,1.0,0.0,0.0,0.0,0.0,1.0,220.0,0.0,0.0,0.0,0.0,0.0,1.0,1.0,50.0,50.0,0.0,12.58,1.0,0.035000000000003695,0.0,2.0999999999999943,1.8,33.704640000000005,32.0,4321.84,True,False,False,43a772b86129f78bf62ab7cbb93fb14a4551e6ab0bb52acd99153142f9e50bad,43285befb35db3be3be304e5801a00c61f5500945f9b872c37d68abf957e8c89
P5_8_0221,221,221,11.05,EV-LAB-001,NORMAL_BASELINE,NORMAL_LABORATORY_STATE,all_lab_rules_within_thresholds,DETERMINISTIC_LABORATORY_RULES,False,False,True,False,False,False,False,40,40,0,0,0,True,True,221,0.9897828698158264,0.9990507960319519,6cd18c8ed53ec293ee08e58fae7545391eb611a92e20652d6d16489c8be5f667,0a58960f6142fad4876a7eacf986c1d59f503dc47c53559a858505232b3c6bcf,f8b5283c3e85f1bc8b4e6e3bde6cc88ee2c61eb45dc03299a6432a593d0fcd03,11.05,221.0,63.39,63.43,63.300000000000004,-1.1,-0.07,-0.02,-0.8,0.02499999999999858,1.9000000000000001,34.0,1.8,1.0,1.6,2.0,3486.0,119.5,1.0,117.5,78.0,66.0,2.0,80.0,98.0,398.5,85.9,32.0,0.012,1.9000000000000001,2.0,1.0,1.0,2.0,0.0,0.0,0.0,1.0,1.0,1.0,1.0,221.0,1.0,1.0,1.0,221.0,0.05,0.0,1.0,1.0,1.0,1.0,0.0,0.0,0.0,0.0,1.0,221.0,0.0,0.0,0.0,0.0,0.0,1.0,1.0,50.0,50.0,0.0,12.63,1.0,0.02499999999999858,0.0,2.0,1.9000000000000001,34.23115,32.0,4063.0,True,False,False,43285befb35db3be3be304e5801a00c61f5500945f9b872c37d68abf957e8c89,9405cf0aefa30c3a4889c4971c0c66156c8778f8e033382eba7325721648fbf9
P5_8_0222,222,222,11.1,EV-LAB-001,NORMAL_BASELINE,NORMAL_LABORATORY_STATE,all_lab_rules_within_thresholds,DETERMINISTIC_LABORATORY_RULES,False,False,True,False,False,False,False,40,40,0,0,0,True,True,222,0.9897852540016174,0.9990506768226624,b85609c77e0070de677013329b8dd9552e367888b85113357e72390007cf7a61,0a58960f6142fad4876a7eacf986c1d59f503dc47c53559a858505232b3c6bcf,f8b5283c3e85f1bc8b4e6e3bde6cc88ee2c61eb45dc03299a6432a593d0fcd03,11.1,222.0,63.35,63.45,63.2,-1.1,-0.07,-0.01,-1.0,0.02499999999999858,2.1,34.0,1.8,1.0,1.6,2.0,3485.0,119.7,1.0,119.5,77.0,66.0,2.0,80.0,98.0,398.40000000000003,84.10000000000001,31.0,0.01,2.3000000000000003,2.0,1.0,1.0,2.0,0.0,0.0,0.0,1.0,1.0,1.0,1.0,222.0,1.0,1.0,1.0,222.0,0.05,0.0,1.0,1.0,1.0,1.0,0.0,0.0,0.0,0.0,1.0,222.0,0.0,0.0,0.0,0.0,0.0,1.0,1.0,50.0,50.0,0.0,12.59,1.0,0.02499999999999858,0.0,0.20000000000000284,2.1,33.50544000000001,31.0,4069.8,True,False,False,9405cf0aefa30c3a4889c4971c0c66156c8778f8e033382eba7325721648fbf9,3f9d39e2fe3b6f78bab247139034f575147e6445b8d059d337afb6c798632e8a
P5_8_0223,223,223,11.15,EV-LAB-001,NORMAL_BASELINE,NORMAL_LABORATORY_STATE,all_lab_rules_within_thresholds,DETERMINISTIC_LABORATORY_RULES,False,False,True,False,False,False,False,40,40,0,0,0,True,True,223,0.9897876977920532,0.9990505576133728,19ff421276a936040319bc61723aac7bab3dc887da8b1ef75c02bf84c75384a5,0a58960f6142fad4876a7eacf986c1d59f503dc47c53559a858505232b3c6bcf,f8b5283c3e85f1bc8b4e6e3bde6cc88ee2c61eb45dc03299a6432a593d0fcd03,11.15,223.0,63.32,63.550000000000004,63.21,-1.2000000000000002,-0.07,-0.01,-0.9,0.060000000000002274,2.1,34.0,1.9000000000000001,1.0,1.6,2.0,3483.0,119.7,1.0,120.9,77.0,67.0,2.0,80.0,98.0,398.5,83.60000000000001,31.0,0.013000000000000001,1.8,2.0,1.0,1.0,2.0,0.0,0.0,0.0,1.0,1.0,1.0,1.0,223.0,1.0,1.0,1.0,223.0,0.05,0.0,1.0,1.0,1.0,1.0,0.0,0.0,0.0,0.0,1.0,223.0,0.0,0.0,0.0,0.0,0.0,1.0,1.0,50.0,50.0,0.0,12.620000000000001,1.0,0.060000000000002274,0.0,1.2000000000000028,2.1,33.314600000000006,31.0,4069.8,True,False,False,3f9d39e2fe3b6f78bab247139034f575147e6445b8d059d337afb6c798632e8a,9bed599357b4825bd34c2aa1e2f726a871645017aeabce823aacdd3dcb37212d
P5_8_0224,224,224,11.2,EV-LAB-001,NORMAL_BASELINE,NORMAL_LABORATORY_STATE,all_lab_rules_within_thresholds,DETERMINISTIC_LABORATORY_RULES,False,False,True,False,False,False,False,40,40,0,0,0,True,True,224,0.989790141582489,0.9990504384040833,ff18653f31d0f44526293ab0bcf56b32d205b3a15d4baa9cd9953642d927b3ff,0a58960f6142fad4876a7eacf986c1d59f503dc47c53559a858505232b3c6bcf,f8b5283c3e85f1bc8b4e6e3bde6cc88ee2c61eb45dc03299a6432a593d0fcd03,11.2,224.0,63.28,63.5,63.13,-1.2000000000000002,-0.08,-0.01,-1.1,0.03499999999999659,2.3000000000000003,34.800000000000004,1.9000000000000001,1.0,1.6,2.0,3480.0,120.5,1.0,120.4,78.0,66.0,2.0,80.0,98.0,398.70000000000005,83.60000000000001,31.0,0.014,2.0,2.0,1.0,1.0,2.0,0.0,0.0,0.0,1.0,1.0,1.0,1.0,224.0,1.0,1.0,1.0,224.0,0.05,0.0,1.0,1.0,1.0,1.0,0.0,0.0,0.0,0.0,1.0,224.0,0.0,0.0,0.0,0.0,0.0,1.0,1.0,50.0,50.0,0.0,12.58,1.0,0.03499999999999659,0.0,0.09999999999999432,2.3000000000000003,33.331320000000005,31.0,4193.400000000001,True,False,False,9bed599357b4825bd34c2aa1e2f726a871645017aeabce823aacdd3dcb37212d,36884f50a31f45b36d0da72968bc396f0a116403ec66fb2e0a0d7b8639ef949b
P5_8_0225,225,225,11.25,EV-LAB-001,NORMAL_BASELINE,NORMAL_LABORATORY_STATE,all_lab_rules_within_thresholds,DETERMINISTIC_LABORATORY_RULES,False,False,True,False,False,False,False,40,40,0,0,0,True,True,225,0.9897925853729248,0.9990503191947937,f5efab52f3db0852d85bdfe2076924af21828befa61024db06ee2b836ff69ae1,0a58960f6142fad4876a7eacf986c1d59f503dc47c53559a858505232b3c6bcf,f8b5283c3e85f1bc8b4e6e3bde6cc88ee2c61eb45dc03299a6432a593d0fcd03,11.25,225.0,63.24,63.58,63.03,-1.3,-0.08,-0.01,-1.1,0.06499999999999773,2.4000000000000004,33.6,2.0,1.0,1.6,2.0,3478.0,119.0,1.0,120.10000000000001,77.0,66.0,2.0,80.0,98.0,398.70000000000005,84.0,32.0,0.009000000000000001,2.0,2.0,1.0,1.0,2.0,0.0,0.0,0.0,1.0,1.0,1.0,1.0,225.0,1.0,1.0,1.0,225.0,0.05,0.0,1.0,1.0,1.0,1.0,0.0,0.0,0.0,0.0,1.0,225.0,0.0,0.0,0.0,0.0,0.0,1.0,1.0,50.0,50.0,0.0,12.56,1.0,0.06499999999999773,0.0,1.1000000000000085,2.4000000000000004,33.4908,32.0,3998.4,True,False,False,36884f50a31f45b36d0da72968bc396f0a116403ec66fb2e0a0d7b8639ef949b,9831910129b4b30d1a6a4fccfdcbc3207ce76c8434c81f5a7d4aecb794fd190b
P5_8_0226,226,226,11.3,EV-LAB-001,NORMAL_BASELINE,NORMAL_LABORATORY_STATE,all_lab_rules_within_thresholds,DETERMINISTIC_LABORATORY_RULES,False,False,True,False,False,False,False,40,40,0,0,0,True,True,226,0.9897952675819397,0.9990501999855042,1e36a34f8c84e494853cef60a3a2ffd9259b9c76f3250b02c5e9710f0243513c,0a58960f6142fad4876a7eacf986c1d59f503dc47c53559a858505232b3c6bcf,f8b5283c3e85f1bc8b4e6e3bde6cc88ee2c61eb45dc03299a6432a593d0fcd03,11.3,226.0,63.2,63.49,63.06,-1.4000000000000001,-0.08,-0.01,-1.1,0.07500000000000284,2.5,35.6,2.0,1.0,1.6,2.0,3476.0,121.30000000000001,1.0,118.80000000000001,78.0,67.0,2.0,80.0,98.0,398.8,85.0,32.0,0.009000000000000001,2.0,2.0,1.0,1.0,2.0,0.0,0.0,0.0,1.0,1.0,1.0,1.0,226.0,1.0,1.0,1.0,226.0,0.05,0.0,1.0,1.0,1.0,1.0,0.0,0.0,0.0,0.0,1.0,226.0,0.0,0.0,0.0,0.0,0.0,1.0,1.0,50.0,50.0,0.0,12.57,1.0,0.07500000000000284,0.0,2.5,2.5,33.898,32.0,4318.280000000001,True,False,False,9831910129b4b30d1a6a4fccfdcbc3207ce76c8434c81f5a7d4aecb794fd190b,1796e9a60a06535c0b6788c1983c3303d0a2b04ea27ab2d6f323ce348fa2ec85
P5_8_0227,227,227,11.35,EV-LAB-001,NORMAL_BASELINE,NORMAL_LABORATORY_STATE,all_lab_rules_within_thresholds,DETERMINISTIC_LABORATORY_RULES,False,False,True,False,False,False,False,40,40,0,0,0,True,True,227,0.989797830581665,0.9990500807762146,d65368070b291e7a666825228b665b2deada6ecfcf6ba5bbc52962c6cccdd919,0a58960f6142fad4876a7eacf986c1d59f503dc47c53559a858505232b3c6bcf,f8b5283c3e85f1bc8b4e6e3bde6cc88ee2c61eb45dc03299a6432a593d0fcd03,11.35,227.0,63.160000000000004,63.39,63.11,-1.4000000000000001,-0.08,-0.01,-1.1,0.0899999999999963,2.5,34.4,2.1,1.0,1.6,2.0,3474.0,120.10000000000001,1.0,120.4,78.0,66.0,2.0,80.0,98.0,398.20000000000005,85.0,32.0,0.016,1.9000000000000001,2.0,1.0,1.0,2.0,0.0,0.0,0.0,1.0,1.0,1.0,1.0,227.0,1.0,1.0,1.0,227.0,0.05,0.0,1.0,1.0,1.0,1.0,0.0,0.0,0.0,0.0,1.0,227.0,0.0,0.0,0.0,0.0,0.0,1.0,1.0,50.0,50.0,0.0,12.67,1.0,0.0899999999999963,0.0,0.29999999999999716,2.5,33.84700000000001,32.0,4131.4400000000005,True,False,False,1796e9a60a06535c0b6788c1983c3303d0a2b04ea27ab2d6f323ce348fa2ec85,2bf49161c1bb708d9ac3ad2b60ab994d16cb6868d62d592c5674cf09b120f8bb
P5_8_0228,228,228,11.4,EV-LAB-001,NORMAL_BASELINE,NORMAL_LABORATORY_STATE,all_lab_rules_within_thresholds,DETERMINISTIC_LABORATORY_RULES,False,False,True,False,False,False,False,40,40,0,0,0,True,True,228,0.9898005127906799,0.999049961566925,0ce1b8ad0be6efbe662b5ea686bc3268f658c87e31e3cfb15332ef17c236a6d3,0a58960f6142fad4876a7eacf986c1d59f503dc47c53559a858505232b3c6bcf,f8b5283c3e85f1bc8b4e6e3bde6cc88ee2c61eb45dc03299a6432a593d0fcd03,11.4,228.0,63.120000000000005,63.370000000000005,62.800000000000004,-1.5,-0.08,-0.01,-1.1,0.03499999999999659,2.6,34.800000000000004,2.1,1.0,1.6,2.0,3472.0,120.5,1.0,122.10000000000001,78.0,67.0,2.0,80.0,98.0,399.3,83.9,31.0,0.01,2.0,2.0,1.0,1.0,2.0,0.0,0.0,0.0,1.0,1.0,1.0,1.0,228.0,1.0,1.0,1.0,228.0,0.05,0.0,1.0,1.0,1.0,1.0,0.0,0.0,0.0,0.0,1.0,228.0,0.0,0.0,0.0,0.0,0.0,1.0,1.0,50.0,50.0,0.0,12.61,1.0,0.03499999999999659,0.0,1.6000000000000085,2.6,33.501270000000005,31.0,4193.400000000001,True,False,False,2bf49161c1bb708d9ac3ad2b60ab994d16cb6868d62d592c5674cf09b120f8bb,8b492900f85a0748655d53ae3833da7a2c728b23188477054fd10b7cef578887
P5_8_0229,229,229,11.45,EV-LAB-001,NORMAL_BASELINE,NORMAL_LABORATORY_STATE,all_lab_rules_within_thresholds,DETERMINISTIC_LABORATORY_RULES,False,False,True,False,False,False,False,40,40,0,0,0,True,True,229,0.9898033142089844,0.9990498423576355,a8981cca00f48cfa11521054fc582101f85a7da816a2c3285170798c6d25b128,0a58960f6142fad4876a7eacf986c1d59f503dc47c53559a858505232b3c6bcf,f8b5283c3e85f1bc8b4e6e3bde6cc88ee2c61eb45dc03299a6432a593d0fcd03,11.45,229.0,63.08,63.33,62.870000000000005,-1.6,-0.09,-0.01,-1.3,0.020000000000003126,2.9000000000000004,34.0,2.2,1.0,1.6,2.0,3469.0,119.60000000000001,1.0,119.4,77.0,65.0,2.0,80.0,98.0,398.6,85.5,31.0,0.017,1.9000000000000001,2.0,1.0,1.0,2.0,0.0,0.0,0.0,1.0,1.0,1.0,1.0,229.0,1.0,1.0,1.0,229.0,0.05,0.0,1.0,1.0,1.0,1.0,0.0,0.0,0.0,0.0,1.0,229.0,0.0,0.0,0.0,0.0,0.0,1.0,1.0,50.0,50.0,0.0,12.63,1.0,0.020000000000003126,0.0,0.20000000000000284,2.9000000000000004,34.0803,31.0,4066.4,True,False,False,8b492900f85a0748655d53ae3833da7a2c728b23188477054fd10b7cef578887,707712c281b637d0ea5f4399b9a9f60598319c5cf70461ae092118f3c16b72ab
P5_8_0230,230,230,11.5,EV-LAB-001,NORMAL_BASELINE,NORMAL_LABORATORY_STATE,all_lab_rules_within_thresholds,DETERMINISTIC_LABORATORY_RULES,False,False,True,False,False,False,False,40,40,0,0,0,True,True,230,0.9898061156272888,0.999049723148346,0f748466f98c3a56b5fb47a1f0ffb4542ef37005f3db03a031256814baebca0c,0a58960f6142fad4876a7eacf986c1d59f503dc47c53559a858505232b3c6bcf,f8b5283c3e85f1bc8b4e6e3bde6cc88ee2c61eb45dc03299a6432a593d0fcd03,11.5,230.0,63.03,63.28,62.92,-1.6,-0.09,-0.01,-1.4000000000000001,0.07000000000000028,3.0,34.0,2.2,1.0,1.6,2.0,3467.0,119.10000000000001,1.0,119.60000000000001,77.0,66.0,2.0,80.0,98.0,398.0,83.30000000000001,32.0,0.01,1.9000000000000001,2.0,1.0,1.0,2.0,0.0,0.0,0.0,1.0,1.0,1.0,1.0,230.0,1.0,1.0,1.0,230.0,0.05,0.0,1.0,1.0,1.0,1.0,0.0,0.0,0.0,0.0,1.0,230.0,0.0,0.0,0.0,0.0,0.0,1.0,1.0,50.0,50.0,0.0,12.620000000000001,1.0,0.07000000000000028,0.0,0.5,3.0,33.153400000000005,32.0,4049.4,True,False,False,707712c281b637d0ea5f4399b9a9f60598319c5cf70461ae092118f3c16b72ab,2ea86beb02c5eaafcfcc71e8de4e04fec5542defaa02a72be80b0f11e5ccfcea
P5_8_0231,231,231,11.55,EV-LAB-001,NORMAL_BASELINE,NORMAL_LABORATORY_STATE,all_lab_rules_within_thresholds,DETERMINISTIC_LABORATORY_RULES,False,False,True,False,False,False,False,40,40,0,0,0,True,True,231,0.9898090362548828,0.9990496039390564,6f9fd9109848ee06cb68d0086ad01ada244c9ea7ae47be7586c7312873464705,0a58960f6142fad4876a7eacf986c1d59f503dc47c53559a858505232b3c6bcf,f8b5283c3e85f1bc8b4e6e3bde6cc88ee2c61eb45dc03299a6432a593d0fcd03,11.55,231.0,62.99,63.46,62.88,-1.7000000000000002,-0.09,-0.01,-1.4000000000000001,0.17999999999999972,3.1000000000000005,34.0,2.3000000000000003,1.0,2.0,2.0,3464.0,119.2,1.0,121.60000000000001,77.0,66.0,2.0,80.0,98.0,398.8,82.9,32.0,0.015,2.2,2.0,1.0,1.0,2.0,0.0,0.0,0.0,1.0,1.0,1.0,1.0,231.0,1.0,1.0,1.0,231.0,0.05,0.0,1.0,1.0,1.0,1.0,0.0,0.0,0.0,0.0,1.0,231.0,0.0,0.0,0.0,0.0,0.0,1.0,1.0,50.0,50.0,0.0,12.55,1.0,0.17999999999999972,0.0,2.4000000000000057,3.1000000000000005,33.060520000000004,32.0,4052.8,True,False,False,2ea86beb02c5eaafcfcc71e8de4e04fec5542defaa02a72be80b0f11e5ccfcea,c2cbf5093a416342bdf8ff58722dc037a245e84c9fdcb5ad7ddf2538060d0620
P5_8_0232,232,232,11.6,EV-LAB-001,NORMAL_BASELINE,NORMAL_LABORATORY_STATE,all_lab_rules_within_thresholds,DETERMINISTIC_LABORATORY_RULES,False,False,True,False,False,False,False,40,40,0,0,0,True,True,232,0.9898119568824768,0.9990494847297668,e76409825af6129a2663098b7cb118be16ab790e360c44f5beab191bb56a0828,0a58960f6142fad4876a7eacf986c1d59f503dc47c53559a858505232b3c6bcf,f8b5283c3e85f1bc8b4e6e3bde6cc88ee2c61eb45dc03299a6432a593d0fcd03,11.6,232.0,62.940000000000005,63.13,62.64,-1.7000000000000002,-0.09,-0.01,-1.5,0.054999999999999716,3.2,34.4,2.3000000000000003,1.0,2.0,2.0,3462.0,119.9,1.0,119.9,78.0,66.0,2.0,80.0,98.0,398.20000000000005,84.4,32.0,0.013000000000000001,1.9000000000000001,2.0,1.0,1.0,2.0,0.0,0.0,0.0,1.0,1.0,1.0,1.0,232.0,1.0,1.0,1.0,232.0,0.05,0.0,1.0,1.0,1.0,1.0,0.0,0.0,0.0,0.0,1.0,232.0,0.0,0.0,0.0,0.0,0.0,1.0,1.0,50.0,50.0,0.0,12.57,1.0,0.054999999999999716,0.0,0.0,3.2,33.60808000000001,32.0,4124.56,True,False,False,c2cbf5093a416342bdf8ff58722dc037a245e84c9fdcb5ad7ddf2538060d0620,96826fa65ec0185f1e6d6e6af0c82944533c756689b57e00f1fbbbf0ba227390
P5_8_0233,233,233,11.65,EV-LAB-001,NORMAL_BASELINE,NORMAL_LABORATORY_STATE,all_lab_rules_within_thresholds,DETERMINISTIC_LABORATORY_RULES,False,False,True,False,False,False,False,40,40,0,0,0,True,True,233,0.9898149967193604,0.9990493655204773,570463aab91e0bdaff88e4aa46f47c79a0fefed3d41f9be1d33a8067927040be,0a58960f6142fad4876a7eacf986c1d59f503dc47c53559a858505232b3c6bcf,f8b5283c3e85f1bc8b4e6e3bde6cc88ee2c61eb45dc03299a6432a593d0fcd03,11.65,233.0,62.9,63.01,62.67,-1.8,-0.1,0.0,-1.5,0.05999999999999517,3.3,32.4,2.4000000000000004,1.0,2.0,2.0,3459.0,117.2,1.0,117.10000000000001,78.0,66.0,2.0,80.0,98.0,399.0,80.30000000000001,31.0,0.013000000000000001,2.1,2.0,1.0,1.0,2.0,0.0,0.0,0.0,1.0,1.0,1.0,1.0,233.0,1.0,1.0,1.0,233.0,0.05,0.0,1.0,1.0,1.0,1.0,0.0,0.0,0.0,0.0,1.0,233.0,0.0,0.0,0.0,0.0,0.0,1.0,1.0,50.0,50.0,0.0,12.540000000000001,1.0,0.05999999999999517,0.0,0.09999999999999432,3.3,32.0397,31.0,3797.2799999999997,True,False,False,96826fa65ec0185f1e6d6e6af0c82944533c756689b57e00f1fbbbf0ba227390,dcbc842683b637b69586628b0196f4cb5a98182aaafb137597e49635141916be
P5_8_0234,234,234,11.7,EV-LAB-001,NORMAL_BASELINE,NORMAL_LABORATORY_STATE,all_lab_rules_within_thresholds,DETERMINISTIC_LABORATORY_RULES,False,False,True,False,False,False,False,40,40,0,0,0,True,True,234,0.9898180365562439,0.9990491271018982,72f447de7acb9a983e9a0a5f64e772f61bb54d40d7a0215cae773e409ca44126,0a58960f6142fad4876a7eacf986c1d59f503dc47c53559a858505232b3c6bcf,f8b5283c3e85f1bc8b4e6e3bde6cc88ee2c61eb45dc03299a6432a593d0fcd03,11.7,234.0,62.85,63.15,62.76,-1.9000000000000001,-0.1,-0.01,-1.5,0.10499999999999687,3.4000000000000004,32.800000000000004,2.5,1.0,2.0,2.0,3457.0,117.9,1.0,119.9,79.0,65.0,2.0,80.0,98.0,398.3,84.2,31.0,0.013000000000000001,1.9000000000000001,2.0,1.0,1.0,2.0,0.0,0.0,0.0,1.0,1.0,1.0,1.0,234.0,1.0,1.0,1.0,234.0,0.05,0.0,1.0,1.0,1.0,1.0,0.0,0.0,0.0,0.0,1.0,234.0,0.0,0.0,0.0,0.0,0.0,1.0,1.0,50.0,50.0,0.0,12.61,1.0,0.10499999999999687,0.0,2.0,3.4000000000000004,33.53686,31.0,3867.120000000001,True,False,False,dcbc842683b637b69586628b0196f4cb5a98182aaafb137597e49635141916be,f43ae9056452c96bfedd7e1b33c37a0af8aa8702f8e98deafcf332bdc8a87e29
P5_8_0235,235,235,11.75,EV-LAB-001,NORMAL_BASELINE,NORMAL_LABORATORY_STATE,all_lab_rules_within_thresholds,DETERMINISTIC_LABORATORY_RULES,False,False,True,False,False,False,False,40,40,0,0,0,True,True,235,0.989821195602417,0.9990490078926086,8aff1698873cb2f005f4059ae767379764e843e3697bfe6e6dfc6ac4a58cf7e7,0a58960f6142fad4876a7eacf986c1d59f503dc47c53559a858505232b3c6bcf,f8b5283c3e85f1bc8b4e6e3bde6cc88ee2c61eb45dc03299a6432a593d0fcd03,11.75,235.0,62.800000000000004,62.88,62.5,-1.9000000000000001,-0.1,0.0,-1.5,0.11000000000000654,3.4000000000000004,32.0,2.5,1.0,2.0,2.0,3454.0,116.80000000000001,1.0,116.80000000000001,78.0,65.0,2.0,80.0,98.0,398.40000000000003,82.30000000000001,32.0,0.013000000000000001,2.1,2.0,1.0,1.0,2.0,0.0,0.0,0.0,1.0,1.0,1.0,1.0,235.0,1.0,1.0,1.0,235.0,0.05,0.0,1.0,1.0,1.0,1.0,0.0,0.0,0.0,0.0,1.0,235.0,0.0,0.0,0.0,0.0,0.0,1.0,1.0,50.0,50.0,0.0,12.63,1.0,0.11000000000000654,0.0,0.0,3.4000000000000004,32.788320000000006,32.0,3737.6000000000004,True,False,False,f43ae9056452c96bfedd7e1b33c37a0af8aa8702f8e98deafcf332bdc8a87e29,897a15fc7e5d614b7914fc4297fb1b0bf31b5cd47f4cea14c2be045cd7b4a043
P5_8_0236,236,236,11.8,EV-LAB-001,NORMAL_BASELINE,NORMAL_LABORATORY_STATE,all_lab_rules_within_thresholds,DETERMINISTIC_LABORATORY_RULES,False,False,True,False,False,False,False,40,40,0,0,0,True,True,236,0.9898244738578796,0.9990488886833191,512d257f4c17f7d0332f1af78c24fe8387718ab008af4cf86fcbce7cac128f68,0a58960f6142fad4876a7eacf986c1d59f503dc47c53559a858505232b3c6bcf,f8b5283c3e85f1bc8b4e6e3bde6cc88ee2c61eb45dc03299a6432a593d0fcd03,11.8,236.0,62.75,63.07,62.5,-2.0,-0.1,-0.01,-1.5,0.03499999999999659,3.5,33.6,2.6,1.0,2.0,2.0,3451.0,118.80000000000001,1.0,117.10000000000001,78.0,66.0,2.0,80.0,98.0,398.40000000000003,82.7,31.0,0.012,2.0,2.0,1.0,1.0,2.0,0.0,0.0,0.0,1.0,1.0,1.0,1.0,236.0,1.0,1.0,1.0,236.0,0.05,0.0,1.0,1.0,1.0,1.0,0.0,0.0,0.0,0.0,1.0,236.0,0.0,0.0,0.0,0.0,0.0,1.0,1.0,50.0,50.0,0.0,12.66,1.0,0.03499999999999659,0.0,1.7000000000000028,3.5,32.947680000000005,31.0,3991.6800000000007,True,False,False,897a15fc7e5d614b7914fc4297fb1b0bf31b5cd47f4cea14c2be045cd7b4a043,513256f46c0d13ef60af16206d7cfeda46cff53de50b863987a66afe4ab53b4b
P5_8_0237,237,237,11.85,EV-LAB-001,NORMAL_BASELINE,NORMAL_LABORATORY_STATE,all_lab_rules_within_thresholds,DETERMINISTIC_LABORATORY_RULES,False,False,True,False,False,False,False,40,40,0,0,0,True,True,237,0.9898278713226318,0.9990487694740295,2fcf685a94cf33308bc534529cf547d5f5042008f909cc8ac6d969a917310476,0a58960f6142fad4876a7eacf986c1d59f503dc47c53559a858505232b3c6bcf,f8b5283c3e85f1bc8b4e6e3bde6cc88ee2c61eb45dc03299a6432a593d0fcd03,11.85,237.0,62.690000000000005,62.81,62.5,-2.1,-0.11,0.0,-1.6,0.035000000000003695,3.7,32.800000000000004,2.7,1.0,2.0,2.0,3448.0,117.80000000000001,1.0,116.60000000000001,78.0,65.0,2.0,80.0,98.0,399.0,82.2,32.0,0.012,2.0,2.0,1.0,1.0,2.0,0.0,0.0,0.0,1.0,1.0,1.0,1.0,237.0,1.0,1.0,1.0,237.0,0.05,0.0,1.0,1.0,1.0,1.0,0.0,0.0,0.0,0.0,1.0,237.0,0.0,0.0,0.0,0.0,0.0,1.0,1.0,50.0,50.0,0.0,12.67,1.0,0.035000000000003695,0.0,1.2000000000000028,3.7,32.7978,32.0,3863.840000000001,True,False,False,513256f46c0d13ef60af16206d7cfeda46cff53de50b863987a66afe4ab53b4b,f423d194beb630bf328becb82d7db679333a86fd6dc3efcd64afe18843eed2e7
P5_8_0238,238,238,11.9,EV-LAB-001,NORMAL_BASELINE,NORMAL_LABORATORY_STATE,all_lab_rules_within_thresholds,DETERMINISTIC_LABORATORY_RULES,False,False,True,False,False,False,False,40,40,0,0,0,True,True,238,0.989831268787384,0.9990485310554504,92eb40a0e935f51b2ed0b34e785c48201dd958c2b3304a1301d11b55fa730d6a,0a58960f6142fad4876a7eacf986c1d59f503dc47c53559a858505232b3c6bcf,f8b5283c3e85f1bc8b4e6e3bde6cc88ee2c61eb45dc03299a6432a593d0fcd03,11.9,238.0,62.64,62.93,62.550000000000004,-2.1,-0.11,-0.01,-1.7000000000000002,0.10000000000000142,3.8000000000000003,33.2,2.7,1.0,2.0,2.0,3445.0,117.9,1.0,116.60000000000001,77.0,65.0,2.0,80.0,98.0,398.90000000000003,83.30000000000001,31.0,0.011,2.1,2.0,1.0,1.0,2.0,0.0,0.0,0.0,1.0,1.0,1.0,1.0,238.0,1.0,1.0,1.0,238.0,0.05,0.0,1.0,1.0,1.0,1.0,0.0,0.0,0.0,0.0,1.0,238.0,0.0,0.0,0.0,0.0,0.0,1.0,1.0,50.0,50.0,0.0,12.66,1.0,0.10000000000000142,0.0,1.2999999999999972,3.8000000000000003,33.22837000000001,31.0,3914.2800000000007,True,False,False,f423d194beb630bf328becb82d7db679333a86fd6dc3efcd64afe18843eed2e7,c3984430eb62b6b6bdcad2c60548b8a33a9c0d9e3e7ddf40fd0f4baf05f1beb6
P5_8_0239,239,239,11.95,EV-LAB-001,NORMAL_BASELINE,NORMAL_LABORATORY_STATE,all_lab_rules_within_thresholds,DETERMINISTIC_LABORATORY_RULES,False,False,True,False,False,False,False,40,40,0,0,0,True,True,239,0.989834725856781,0.9990484118461609,cad4b7c9ffc065b8e984dc82870b7981a6080ae8ba776debdd4a3074dc082c04,0a58960f6142fad4876a7eacf986c1d59f503dc47c53559a858505232b3c6bcf,f8b5283c3e85f1bc8b4e6e3bde6cc88ee2c61eb45dc03299a6432a593d0fcd03,11.95,239.0,62.59,62.78,62.34,-2.2,-0.11,0.0,-1.9000000000000001,0.030000000000001137,4.1000000000000005,32.4,2.8000000000000003,1.0,2.4000000000000004,2.0,3442.0,116.9,1.0,119.60000000000001,78.0,66.0,2.0,80.0,98.0,398.40000000000003,82.4,32.0,0.011,1.9000000000000001,2.0,1.0,1.0,2.0,0.0,0.0,0.0,1.0,1.0,1.0,1.0,239.0,1.0,1.0,1.0,239.0,0.05,0.0,1.0,1.0,1.0,1.0,0.0,0.0,0.0,0.0,1.0,239.0,0.0,0.0,0.0,0.0,0.0,1.0,1.0,50.0,50.0,0.0,12.58,1.0,0.030000000000001137,0.0,2.700000000000003,4.1000000000000005,32.828160000000004,32.0,3787.56,True,False,False,c3984430eb62b6b6bdcad2c60548b8a33a9c0d9e3e7ddf40fd0f4baf05f1beb6,88bd63dbdfa53284de6162eb387687abe136ea5169ccaedfb29ed37b3ace6342
P5_8_0240,240,240,12.0,EV-LAB-001,NORMAL_BASELINE,NORMAL_LABORATORY_STATE,all_lab_rules_within_thresholds,DETERMINISTIC_LABORATORY_RULES,False,False,True,False,False,False,False,40,40,0,0,0,True,True,240,0.9898383617401123,0.9990482926368713,164ba61452a1be5b46b7e4609b1ea8f2634437d75f0eba3a65ffa1cdd9734d8a,0a58960f6142fad4876a7eacf986c1d59f503dc47c53559a858505232b3c6bcf,f8b5283c3e85f1bc8b4e6e3bde6cc88ee2c61eb45dc03299a6432a593d0fcd03,12.0,240.0,62.53,62.77,62.22,-2.3000000000000003,-0.11,0.0,-1.8,0.03499999999999659,4.1000000000000005,32.800000000000004,2.9000000000000004,1.0,2.4000000000000004,2.0,3439.0,117.80000000000001,1.0,117.4,77.0,66.0,2.0,80.0,98.0,398.8,81.9,31.0,0.012,2.2,2.0,1.0,1.0,2.0,0.0,0.0,0.0,1.0,1.0,1.0,1.0,240.0,1.0,1.0,1.0,240.0,0.05,0.0,1.0,1.0,1.0,1.0,0.0,0.0,0.0,0.0,1.0,240.0,0.0,0.0,0.0,0.0,0.0,1.0,1.0,50.0,50.0,0.0,12.59,1.0,0.03499999999999659,0.0,0.4000000000000057,4.1000000000000005,32.66172,31.0,3863.840000000001,True,False,False,88bd63dbdfa53284de6162eb387687abe136ea5169ccaedfb29ed37b3ace6342,576401c7157424f7fb5af7d41ad421aaf50718e455fd455e7e52e46cc55724d5
P5_8_0241,241,241,12.05,EV-LAB-001,NORMAL_BASELINE,NORMAL_LABORATORY_STATE,all_lab_rules_within_thresholds,DETERMINISTIC_LABORATORY_RULES,False,False,True,False,False,False,False,40,40,0,0,0,True,True,241,0.9898419976234436,0.9990480542182922,f7168e91bd04c47d41033f1cd2ce44cd7ece64a6cf84164cd4f5de77441b36ff,0a58960f6142fad4876a7eacf986c1d59f503dc47c53559a858505232b3c6bcf,f8b5283c3e85f1bc8b4e6e3bde6cc88ee2c61eb45dc03299a6432a593d0fcd03,12.05,241.0,62.47,62.690000000000005,62.190000000000005,-2.3000000000000003,-0.12,-0.01,-1.8,0.02999999999999403,4.1000000000000005,32.4,2.9000000000000004,1.0,2.4000000000000004,2.0,3436.0,117.2,1.0,117.30000000000001,77.0,65.0,2.0,80.0,98.0,398.40000000000003,80.7,31.0,0.015,1.9000000000000001,2.0,1.0,1.0,2.0,0.0,0.0,0.0,1.0,1.0,1.0,1.0,241.0,1.0,1.0,1.0,241.0,0.05,0.0,1.0,1.0,1.0,1.0,0.0,0.0,0.0,0.0,1.0,241.0,0.0,0.0,0.0,0.0,0.0,1.0,1.0,50.0,50.0,0.0,12.59,1.0,0.02999999999999403,0.0,0.10000000000000853,4.1000000000000005,32.15088000000001,31.0,3797.2799999999997,True,False,False,576401c7157424f7fb5af7d41ad421aaf50718e455fd455e7e52e46cc55724d5,e6d5dd25ee19acfc255375e6109d0b62c0f7d26ef386c0c1340789fce305fa78
P5_8_0242,242,242,12.1,EV-LAB-001,NORMAL_BASELINE,NORMAL_LABORATORY_STATE,all_lab_rules_within_thresholds,DETERMINISTIC_LABORATORY_RULES,False,False,True,False,False,False,False,40,40,0,0,0,True,True,242,0.989845871925354,0.9990479350090027,d70c736ef229018e00a8939e752210a3c888e60de9fecf4e502c108fd7ce877a,0a58960f6142fad4876a7eacf986c1d59f503dc47c53559a858505232b3c6bcf,f8b5283c3e85f1bc8b4e6e3bde6cc88ee2c61eb45dc03299a6432a593d0fcd03,12.1,242.0,62.410000000000004,62.68,62.18,-2.4000000000000004,-0.12,0.0,-2.0,0.01999999999999602,4.4,33.2,3.0,1.0,2.4000000000000004,2.0,3433.0,117.9,1.0,118.4,78.0,66.0,2.0,80.0,98.0,398.70000000000005,83.2,31.0,0.014,2.1,2.0,1.0,1.0,2.0,0.0,0.0,0.0,1.0,1.0,1.0,1.0,242.0,1.0,1.0,1.0,242.0,0.05,0.0,1.0,1.0,1.0,1.0,0.0,0.0,0.0,0.0,1.0,242.0,0.0,0.0,0.0,0.0,0.0,1.0,1.0,50.0,50.0,0.0,12.61,1.0,0.01999999999999602,0.0,0.5,4.4,33.17184,31.0,3914.2800000000007,True,False,False,e6d5dd25ee19acfc255375e6109d0b62c0f7d26ef386c0c1340789fce305fa78,90b1f97b32f460753a078da44198dd1af7da00dbb6480012fd52b60fa0efd5bf
P5_8_0243,243,243,12.15,EV-LAB-001,NORMAL_BASELINE,NORMAL_LABORATORY_STATE,all_lab_rules_within_thresholds,DETERMINISTIC_LABORATORY_RULES,False,False,True,False,False,False,False,40,40,0,0,0,True,True,243,0.9898496866226196,0.9990476965904236,021592168977bd019bdacf73e82265eb4c0c67fe6c6a20d4f6d556c69c7802b3,0a58960f6142fad4876a7eacf986c1d59f503dc47c53559a858505232b3c6bcf,f8b5283c3e85f1bc8b4e6e3bde6cc88ee2c61eb45dc03299a6432a593d0fcd03,12.15,243.0,62.35,62.550000000000004,62.15,-2.5,-0.12,0.0,-2.0,0.0,4.5,34.0,3.1,1.0,2.4000000000000004,2.0,3429.0,118.9,1.0,118.9,78.0,66.0,2.0,80.0,98.0,399.20000000000005,82.10000000000001,31.0,0.011,2.2,2.0,1.0,1.0,2.0,0.0,0.0,0.0,1.0,1.0,1.0,1.0,243.0,1.0,1.0,1.0,243.0,0.05,0.0,1.0,1.0,1.0,1.0,0.0,0.0,0.0,0.0,1.0,243.0,0.0,0.0,0.0,0.0,0.0,1.0,1.0,50.0,50.0,0.0,12.58,1.0,0.0,0.0,0.0,4.5,32.77432000000001,31.0,4042.6000000000004,True,False,False,90b1f97b32f460753a078da44198dd1af7da00dbb6480012fd52b60fa0efd5bf,4a551ac4fd94da9c32f455e6b8cfd612dcbcf2e22f52cfc7b841c09ac384ae35
P5_8_0244,244,244,12.2,EV-LAB-001,NORMAL_BASELINE,NORMAL_LABORATORY_STATE,all_lab_rules_within_thresholds,DETERMINISTIC_LABORATORY_RULES,False,False,True,False,False,False,False,40,40,0,0,0,True,True,244,0.9898536801338196,0.999047577381134,60430413e6d41ead9641c3f8d38fb32085ef341a159f42dce98a7b013636e4f7,0a58960f6142fad4876a7eacf986c1d59f503dc47c53559a858505232b3c6bcf,f8b5283c3e85f1bc8b4e6e3bde6cc88ee2c61eb45dc03299a6432a593d0fcd03,12.2,244.0,62.29,62.54,62.15,-2.5,-0.13,0.0,-2.0,0.054999999999999716,4.5,32.4,3.2,1.0,2.4000000000000004,2.0,3426.0,116.80000000000001,1.0,117.0,78.0,66.0,2.0,80.0,98.0,398.6,82.0,31.0,0.015,1.9000000000000001,2.0,1.0,1.0,2.0,0.0,0.0,0.0,1.0,1.0,1.0,1.0,244.0,1.0,1.0,1.0,244.0,0.05,0.0,1.0,1.0,1.0,1.0,0.0,0.0,0.0,0.0,1.0,244.0,0.0,0.0,0.0,0.0,0.0,1.0,1.0,50.0,50.0,0.0,12.64,1.0,0.054999999999999716,0.0,0.19999999999998863,4.5,32.6852,31.0,3784.32,True,False,False,4a551ac4fd94da9c32f455e6b8cfd612dcbcf2e22f52cfc7b841c09ac384ae35,295b53e78264e7997f52e00c72d2f905e19684761882e7a37d60e5ad545cbec9
P5_8_0245,245,245,12.25,EV-LAB-001,NORMAL_BASELINE,NORMAL_LABORATORY_STATE,all_lab_rules_within_thresholds,DETERMINISTIC_LABORATORY_RULES,False,False,True,False,False,False,False,40,40,0,0,0,True,True,245,0.9898576736450195,0.9990473389625549,42f4c31088ecac99daf03286fe2ba5aa3266c7d4b578c2c06992549515d97f2a,0a58960f6142fad4876a7eacf986c1d59f503dc47c53559a858505232b3c6bcf,f8b5283c3e85f1bc8b4e6e3bde6cc88ee2c61eb45dc03299a6432a593d0fcd03,12.25,245.0,62.230000000000004,62.63,62.07,-2.6,-0.13,0.0,-2.1,0.11999999999999744,4.7,32.0,3.2,1.0,2.4000000000000004,2.0,3422.0,116.4,1.0,117.7,78.0,66.0,2.0,80.0,98.0,398.0,80.10000000000001,32.0,0.014,2.1,2.0,1.0,1.0,2.0,0.0,0.0,0.0,1.0,1.0,1.0,1.0,245.0,1.0,1.0,1.0,245.0,0.05,0.0,1.0,1.0,1.0,1.0,0.0,0.0,0.0,0.0,1.0,245.0,0.0,0.0,0.0,0.0,0.0,1.0,1.0,50.0,50.0,0.0,12.59,1.0,0.11999999999999744,0.0,1.2999999999999972,4.7,31.879800000000003,32.0,3724.8,True,False,False,295b53e78264e7997f52e00c72d2f905e19684761882e7a37d60e5ad545cbec9,60d844b929a1909eedceaf59d66813790e6ceb72352ebf51a6695d312d43e830
P5_8_0246,246,246,12.3,EV-LAB-001,NORMAL_BASELINE,NORMAL_LABORATORY_STATE,all_lab_rules_within_thresholds,DETERMINISTIC_LABORATORY_RULES,False,False,True,False,False,False,False,40,40,0,0,0,True,True,246,0.9898618459701538,0.9990471005439758,a5e7464422b12de01a323a0e14be7e917601481deefc5d58894b88a73d8595c3,0a58960f6142fad4876a7eacf986c1d59f503dc47c53559a858505232b3c6bcf,f8b5283c3e85f1bc8b4e6e3bde6cc88ee2c61eb45dc03299a6432a593d0fcd03,12.3,246.0,62.160000000000004,62.29,62.06,-2.7,-0.13,0.0,-2.2,0.014999999999993463,4.9,32.800000000000004,3.3000000000000003,1.0,2.8000000000000003,2.0,3419.0,117.10000000000001,1.0,116.4,78.0,66.0,2.0,80.0,98.0,398.5,81.60000000000001,32.0,0.012,1.8,2.0,1.0,1.0,2.0,0.0,0.0,0.0,1.0,1.0,1.0,1.0,246.0,1.0,1.0,1.0,246.0,0.05,0.0,1.0,1.0,1.0,1.0,0.0,0.0,0.0,0.0,1.0,246.0,0.0,0.0,0.0,0.0,0.0,1.0,1.0,50.0,50.0,0.0,12.540000000000001,1.0,0.014999999999993463,0.0,0.7000000000000028,4.9,32.5176,32.0,3840.8800000000006,True,False,False,60d844b929a1909eedceaf59d66813790e6ceb72352ebf51a6695d312d43e830,d1daa7f23603b187cc493d9594251592626617fa6b0b0d10247a861960143f83
P5_8_0247,247,247,12.35,EV-LAB-001,NORMAL_BASELINE,NORMAL_LABORATORY_STATE,all_lab_rules_within_thresholds,DETERMINISTIC_LABORATORY_RULES,False,False,True,False,False,False,False,40,40,0,0,0,True,True,247,0.9898660778999329,0.9990469813346863,9780d38772e91dc2558f68f811f28376315dd8f352e877878477cfd9e60ba7c7,0a58960f6142fad4876a7eacf986c1d59f503dc47c53559a858505232b3c6bcf,f8b5283c3e85f1bc8b4e6e3bde6cc88ee2c61eb45dc03299a6432a593d0fcd03,12.35,247.0,62.1,62.38,61.97,-2.7,-0.14,0.0,-2.2,0.07499999999999574,4.9,32.0,3.4000000000000004,1.0,2.8000000000000003,2.0,3415.0,116.0,1.0,113.4,77.0,65.0,2.0,80.0,98.0,398.8,81.10000000000001,31.0,0.012,2.0,2.0,1.0,1.0,2.0,0.0,0.0,0.0,1.0,1.0,1.0,1.0,247.0,1.0,1.0,1.0,247.0,0.05,0.0,1.0,1.0,1.0,1.0,0.0,0.0,0.0,0.0,1.0,247.0,0.0,0.0,0.0,0.0,0.0,1.0,1.0,50.0,50.0,0.0,12.63,1.0,0.07499999999999574,0.0,2.5999999999999943,4.9,32.34268,31.0,3712.0,True,False,False,d1daa7f23603b187cc493d9594251592626617fa6b0b0d10247a861960143f83,f5fbebf5ad14a433a59031db3272ad77adc7d41e10ff9d9f42211aefabff182b
P5_8_0248,248,248,12.4,EV-LAB-001,NORMAL_BASELINE,NORMAL_LABORATORY_STATE,all_lab_rules_within_thresholds,DETERMINISTIC_LABORATORY_RULES,False,False,True,False,False,False,False,40,40,0,0,0,True,True,248,0.9898703694343567,0.9990467429161072,95d77822e2537dcf8ae7d9ee4f01c012f4413839a738152174b25c03cc5abecd,0a58960f6142fad4876a7eacf986c1d59f503dc47c53559a858505232b3c6bcf,f8b5283c3e85f1bc8b4e6e3bde6cc88ee2c61eb45dc03299a6432a593d0fcd03,12.4,248.0,62.03,62.24,61.71,-2.8000000000000003,-0.14,0.0,-2.3000000000000003,0.054999999999999716,5.1000000000000005,30.400000000000002,3.5,1.0,2.8000000000000003,2.0,3412.0,114.2,1.0,112.5,78.0,65.0,2.0,80.0,98.0,398.5,79.10000000000001,31.0,0.012,2.2,2.0,1.0,1.0,2.0,0.0,0.0,0.0,1.0,1.0,1.0,1.0,248.0,1.0,1.0,1.0,248.0,0.05,0.0,1.0,1.0,1.0,1.0,0.0,0.0,0.0,0.0,1.0,248.0,0.0,0.0,0.0,0.0,0.0,1.0,1.0,50.0,50.0,0.0,12.64,1.0,0.054999999999999716,0.0,1.7000000000000028,5.1000000000000005,31.52135,31.0,3471.6800000000003,True,False,False,f5fbebf5ad14a433a59031db3272ad77adc7d41e10ff9d9f42211aefabff182b,dafc5da958174f60b66f1e3c56a96b21904b86b7753a4b0174e8477cbb7adad1
P5_8_0249,249,249,12.45,EV-LAB-001,NORMAL_BASELINE,NORMAL_LABORATORY_STATE,all_lab_rules_within_thresholds,DETERMINISTIC_LABORATORY_RULES,False,False,True,False,False,False,False,40,40,0,0,0,True,True,249,0.9898748397827148,0.9990465044975281,640edb807b37cab6ee24d9f29596194e5a52e9badd4b89c736fba215c70fc891,0a58960f6142fad4876a7eacf986c1d59f503dc47c53559a858505232b3c6bcf,f8b5283c3e85f1bc8b4e6e3bde6cc88ee2c61eb45dc03299a6432a593d0fcd03,12.45,249.0,61.96,62.17,61.690000000000005,-2.9000000000000004,-0.14,0.0,-2.4000000000000004,0.02999999999999403,5.300000000000001,32.4,3.5,1.0,2.8000000000000003,2.0,3408.0,116.7,1.0,116.7,77.0,65.0,2.0,80.0,98.0,398.5,81.30000000000001,32.0,0.009000000000000001,2.0,2.0,1.0,1.0,2.0,0.0,0.0,0.0,1.0,1.0,1.0,1.0,249.0,1.0,1.0,1.0,249.0,0.05,0.0,1.0,1.0,1.0,1.0,0.0,0.0,0.0,0.0,1.0,249.0,0.0,0.0,0.0,0.0,0.0,1.0,1.0,50.0,50.0,0.0,12.6,1.0,0.02999999999999403,0.0,0.0,5.300000000000001,32.398050000000005,32.0,3781.08,True,False,False,dafc5da958174f60b66f1e3c56a96b21904b86b7753a4b0174e8477cbb7adad1,d4b8a886d7b2a683b131be4192d9fb8bf03a3bc5a18fee27c4008f8bce330459
P5_8_0250,250,250,12.5,EV-LAB-001,NORMAL_BASELINE,NORMAL_LABORATORY_STATE,all_lab_rules_within_thresholds,DETERMINISTIC_LABORATORY_RULES,False,False,True,False,False,False,False,40,40,0,0,0,True,True,250,0.9898793697357178,0.999046266078949,ba1e8a571e4ace51f48e079e034a540070f990e3a6ad128f4b3858d3a53d5848,0a58960f6142fad4876a7eacf986c1d59f503dc47c53559a858505232b3c6bcf,f8b5283c3e85f1bc8b4e6e3bde6cc88ee2c61eb45dc03299a6432a593d0fcd03,12.5,250.0,61.89,62.160000000000004,61.68,-2.9000000000000004,-0.14,0.0,-2.3000000000000003,0.030000000000001137,5.200000000000001,31.6,3.6,1.0,2.8000000000000003,2.0,3404.0,115.7,1.0,116.30000000000001,77.0,65.0,2.0,80.0,98.0,397.90000000000003,81.4,31.0,0.013000000000000001,1.9000000000000001,2.0,1.0,1.0,2.0,0.0,0.0,0.0,1.0,1.0,1.0,1.0,250.0,1.0,1.0,1.0,250.0,0.05,0.0,1.0,1.0,1.0,1.0,0.0,0.0,0.0,0.0,1.0,250.0,0.0,0.0,0.0,0.0,0.0,1.0,1.0,50.0,50.0,0.0,12.6,1.0,0.030000000000001137,0.0,0.6000000000000085,5.200000000000001,32.38906000000001,31.0,3656.1200000000003,True,False,False,d4b8a886d7b2a683b131be4192d9fb8bf03a3bc5a18fee27c4008f8bce330459,3fabbddd6f53d465866155001fb42397da2a71ee2f9f658757d9e40aa77a20ca
P5_8_0251,251,251,12.55,EV-LAB-001,NORMAL_BASELINE,NORMAL_LABORATORY_STATE,all_lab_rules_within_thresholds,DETERMINISTIC_LABORATORY_RULES,False,False,True,False,False,False,False,40,40,0,0,0,True,True,251,0.9898840188980103,0.9990461468696594,435a877bf3831c72ae56b626493f8c311e19236a9f347b117868df676f1e4a4c,0a58960f6142fad4876a7eacf986c1d59f503dc47c53559a858505232b3c6bcf,f8b5283c3e85f1bc8b4e6e3bde6cc88ee2c61eb45dc03299a6432a593d0fcd03,12.55,251.0,61.81,62.13,61.660000000000004,-3.0,-0.15,0.0,-2.4000000000000004,0.08500000000000085,5.4,32.800000000000004,3.7,1.0,2.8000000000000003,2.0,3400.0,117.2,1.0,118.30000000000001,76.0,65.0,2.0,80.0,98.0,398.3,81.4,31.0,0.012,1.8,2.0,1.0,1.0,2.0,0.0,0.0,0.0,1.0,1.0,1.0,1.0,251.0,1.0,1.0,1.0,251.0,0.05,0.0,1.0,1.0,1.0,1.0,0.0,0.0,0.0,0.0,1.0,251.0,0.0,0.0,0.0,0.0,0.0,1.0,1.0,50.0,50.0,0.0,12.61,1.0,0.08500000000000085,0.0,1.1000000000000085,5.4,32.421620000000004,31.0,3844.1600000000008,True,False,False,3fabbddd6f53d465866155001fb42397da2a71ee2f9f658757d9e40aa77a20ca,e1bba7e508c2cd953ff1ed26aa4908728a72526a78524d01a5ff45387aed62da
P5_8_0252,252,252,12.6,EV-LAB-001,NORMAL_BASELINE,NORMAL_LABORATORY_STATE,all_lab_rules_within_thresholds,DETERMINISTIC_LABORATORY_RULES,False,False,True,False,False,False,False,40,40,0,0,0,True,True,252,0.9898887276649475,0.9990459084510803,767b154b8bba37bec870ef4024b80669cf4563e5b464502cdd8f81a35143bf52,0a58960f6142fad4876a7eacf986c1d59f503dc47c53559a858505232b3c6bcf,f8b5283c3e85f1bc8b4e6e3bde6cc88ee2c61eb45dc03299a6432a593d0fcd03,12.6,252.0,61.74,62.01,61.63,-3.1,-0.15,0.0,-2.5,0.0799999999999983,5.6,30.8,3.8000000000000003,1.0,3.2,2.0,3396.0,114.5,1.0,114.9,78.0,66.0,2.0,80.0,98.0,398.6,79.7,31.0,0.011,1.8,2.0,1.0,1.0,2.0,0.0,0.0,0.0,1.0,1.0,1.0,1.0,252.0,1.0,1.0,1.0,252.0,0.05,0.0,1.0,1.0,1.0,1.0,0.0,0.0,0.0,0.0,1.0,252.0,0.0,0.0,0.0,0.0,0.0,1.0,1.0,50.0,50.0,0.0,12.59,1.0,0.0799999999999983,0.0,0.4000000000000057,5.6,31.768420000000003,31.0,3526.6,True,False,False,e1bba7e508c2cd953ff1ed26aa4908728a72526a78524d01a5ff45387aed62da,e546fc72897c04a58ab0bf995fe00f64935b49b3206986709c6ea2faa225103a
P5_8_0253,253,253,12.65,EV-LAB-001,NORMAL_BASELINE,NORMAL_LABORATORY_STATE,all_lab_rules_within_thresholds,DETERMINISTIC_LABORATORY_RULES,False,False,True,False,False,False,False,40,40,0,0,0,True,True,253,0.9898936152458191,0.9990456700325012,013d73a382db24498a9017e37664a9d3dcde1f003f17c7349715e8235dab73a0,0a58960f6142fad4876a7eacf986c1d59f503dc47c53559a858505232b3c6bcf,f8b5283c3e85f1bc8b4e6e3bde6cc88ee2c61eb45dc03299a6432a593d0fcd03,12.65,253.0,61.660000000000004,61.79,61.45,-3.1,-0.15,0.0,-2.5,0.03999999999999915,5.6,32.800000000000004,3.9000000000000004,1.0,3.2,2.0,3392.0,116.7,1.0,118.5,77.0,65.0,2.0,80.0,98.0,398.6,81.2,31.0,0.011,2.1,2.0,1.0,1.0,2.0,0.0,0.0,0.0,1.0,1.0,1.0,1.0,253.0,1.0,1.0,1.0,253.0,0.05,0.0,1.0,1.0,1.0,1.0,0.0,0.0,0.0,0.0,1.0,253.0,0.0,0.0,0.0,0.0,0.0,1.0,1.0,50.0,50.0,0.0,12.620000000000001,1.0,0.03999999999999915,0.0,1.7999999999999972,5.6,32.36632,31.0,3827.7600000000007,True,False,False,e546fc72897c04a58ab0bf995fe00f64935b49b3206986709c6ea2faa225103a,0ab14e722007daf31b832b35651d49038e28dda841f7816ffc3cf9c076e8885d
P5_8_0254,254,254,12.7,EV-LAB-001,NORMAL_BASELINE,NORMAL_LABORATORY_STATE,all_lab_rules_within_thresholds,DETERMINISTIC_LABORATORY_RULES,False,False,True,False,False,False,False,40,40,0,0,0,True,True,254,0.9898985028266907,0.9990454316139221,ce249a787bc8b76f0959fd2f58a82d5b37ad48844b7f7671628777cbee218686,0a58960f6142fad4876a7eacf986c1d59f503dc47c53559a858505232b3c6bcf,f8b5283c3e85f1bc8b4e6e3bde6cc88ee2c61eb45dc03299a6432a593d0fcd03,12.7,254.0,61.59,61.83,61.35,-3.2,-0.16,0.0,-2.5,0.0,5.7,32.4,3.9000000000000004,1.0,3.2,2.0,3387.0,116.2,1.0,114.5,78.0,65.0,2.0,80.0,98.0,398.70000000000005,80.30000000000001,31.0,0.008,2.1,2.0,1.0,1.0,2.0,0.0,0.0,0.0,1.0,1.0,1.0,1.0,254.0,1.0,1.0,1.0,254.0,0.05,0.0,1.0,1.0,1.0,1.0,0.0,0.0,0.0,0.0,1.0,254.0,0.0,0.0,0.0,0.0,0.0,1.0,1.0,50.0,50.0,0.0,12.6,1.0,0.0,0.0,1.7000000000000028,5.7,32.01561000000001,31.0,3764.88,True,False,False,0ab14e722007daf31b832b35651d49038e28dda841f7816ffc3cf9c076e8885d,1b8c1773e15f52132eaa518b5eda471e0245215331f6b923eab92d5b35fb9828
P5_8_0255,255,255,12.75,EV-LAB-001,NORMAL_BASELINE,NORMAL_LABORATORY_STATE,all_lab_rules_within_thresholds,DETERMINISTIC_LABORATORY_RULES,False,False,True,False,False,False,False,40,40,0,0,0,True,True,255,0.9899035692214966,0.999045193195343,45bc77923ba5d500e0e160f158990f72990c9454baa6510c4921c0ddba58e03f,0a58960f6142fad4876a7eacf986c1d59f503dc47c53559a858505232b3c6bcf,f8b5283c3e85f1bc8b4e6e3bde6cc88ee2c61eb45dc03299a6432a593d0fcd03,12.75,255.0,61.51,61.9,61.25,-3.3000000000000003,-0.16,0.0,-2.6,0.06500000000000483,5.9,32.0,4.0,1.0,3.2,2.0,3383.0,115.9,1.0,115.5,76.0,65.0,2.0,80.0,98.0,398.0,80.4,32.0,0.013000000000000001,1.7000000000000002,2.0,1.0,1.0,2.0,0.0,0.0,0.0,1.0,1.0,1.0,1.0,255.0,1.0,1.0,1.0,255.0,0.05,0.0,1.0,1.0,1.0,1.0,0.0,0.0,0.0,0.0,1.0,255.0,0.0,0.0,0.0,0.0,0.0,1.0,1.0,50.0,50.0,0.0,12.6,1.0,0.06500000000000483,0.0,0.4000000000000057,5.9,31.999200000000002,32.0,3708.8,True,False,False,1b8c1773e15f52132eaa518b5eda471e0245215331f6b923eab92d5b35fb9828,6aa90ea34e79774a06e51652ca1e41864a6899d62533ba120493149c078de1ef
P5_8_0256,256,256,12.8,EV-LAB-001,NORMAL_BASELINE,NORMAL_LABORATORY_STATE,all_lab_rules_within_thresholds,DETERMINISTIC_LABORATORY_RULES,False,False,True,False,False,False,False,40,40,0,0,0,True,True,256,0.9899086952209473,0.9990449547767639,0263dc7c86a43912cd34a09b55574b1b0cdbd7c536c0a1340fea7a31eb7b5ef6,0a58960f6142fad4876a7eacf986c1d59f503dc47c53559a858505232b3c6bcf,f8b5283c3e85f1bc8b4e6e3bde6cc88ee2c61eb45dc03299a6432a593d0fcd03,12.8,256.0,61.43,61.86,61.21,-3.3000000000000003,-0.16,0.0,-2.7,0.10499999999999687,6.0,33.6,4.1000000000000005,1.0,3.2,2.0,3379.0,117.7,1.0,116.80000000000001,77.0,65.0,2.0,80.0,98.0,398.40000000000003,82.5,31.0,0.014,2.0,2.0,1.0,1.0,2.0,0.0,0.0,0.0,1.0,1.0,1.0,1.0,0.0,1.0,1.0,1.0,0.0,0.05,0.0,1.0,1.0,1.0,1.0,0.0,0.0,0.0,0.0,1.0,0.0,0.0,0.0,0.0,0.0,0.0,1.0,1.0,50.0,50.0,0.0,12.52,1.0,0.10499999999999687,0.0,0.8999999999999915,6.0,32.868,31.0,3954.7200000000003,True,False,False,6aa90ea34e79774a06e51652ca1e41864a6899d62533ba120493149c078de1ef,edd7b6e3ff23ef87b6215ae3d8b9d96b944ea8fd23fef16d669ee48cbc83b62f
P5_8_0257,257,257,12.85,EV-LAB-001,NORMAL_BASELINE,NORMAL_LABORATORY_STATE,all_lab_rules_within_thresholds,DETERMINISTIC_LABORATORY_RULES,False,False,True,False,False,False,False,40,40,0,0,0,True,True,257,0.9899139404296875,0.9990447163581848,6c96db715212c048752af193c1df63f5ce5e4faa6d1ba47349696557b85934b9,0a58960f6142fad4876a7eacf986c1d59f503dc47c53559a858505232b3c6bcf,f8b5283c3e85f1bc8b4e6e3bde6cc88ee2c61eb45dc03299a6432a593d0fcd03,12.85,257.0,61.35,61.550000000000004,60.96,-3.4000000000000004,-0.17,0.0,-2.7,0.09499999999999886,6.1000000000000005,30.8,4.2,1.0,3.2,2.0,3374.0,114.5,1.0,113.60000000000001,77.0,65.0,2.0,80.0,98.0,398.3,81.4,32.0,0.012,2.2,2.0,1.0,1.0,2.0,0.0,0.0,0.0,1.0,1.0,1.0,1.0,1.0,1.0,1.0,1.0,1.0,0.05,0.0,1.0,1.0,1.0,1.0,0.0,0.0,0.0,0.0,1.0,1.0,0.0,0.0,0.0,0.0,0.0,1.0,1.0,50.0,50.0,0.0,12.57,1.0,0.09499999999999886,0.0,0.8999999999999915,6.1000000000000005,32.421620000000004,32.0,3526.6,True,False,False,edd7b6e3ff23ef87b6215ae3d8b9d96b944ea8fd23fef16d669ee48cbc83b62f,1685ddaeba9ae158f19867e29fe4d82aae6176293fa69a0fda46597b5f79884a
P5_8_0258,258,258,12.9,EV-LAB-001,NORMAL_BASELINE,NORMAL_LABORATORY_STATE,all_lab_rules_within_thresholds,DETERMINISTIC_LABORATORY_RULES,False,False,True,False,False,False,False,40,40,0,0,0,True,True,258,0.9899193048477173,0.9990443587303162,9dfb5850ad2d879062fb972168285aa04e8cb69b839ff40c91c6e1a602fc24ea,0a58960f6142fad4876a7eacf986c1d59f503dc47c53559a858505232b3c6bcf,f8b5283c3e85f1bc8b4e6e3bde6cc88ee2c61eb45dc03299a6432a593d0fcd03,12.9,258.0,61.26,61.57,61.11,-3.5,-0.17,0.0,-2.8000000000000003,0.0800000000000054,6.300000000000001,30.8,4.3,1.0,3.6,2.0,3369.0,114.4,1.0,113.0,76.0,65.0,2.0,80.0,98.0,398.6,78.10000000000001,31.0,0.016,2.1,2.0,1.0,1.0,2.0,0.0,0.0,0.0,1.0,1.0,1.0,1.0,2.0,1.0,1.0,1.0,2.0,0.05,0.0,1.0,1.0,1.0,1.0,0.0,0.0,0.0,0.0,1.0,2.0,0.0,0.0,0.0,0.0,0.0,1.0,1.0,50.0,50.0,0.0,12.6,1.0,0.0800000000000054,0.0,1.4000000000000057,6.300000000000001,31.130660000000002,31.0,3523.5200000000004,True,False,False,1685ddaeba9ae158f19867e29fe4d82aae6176293fa69a0fda46597b5f79884a,91fab9a7bb4ba0bf434b64191911f16e9a362cf29c50eb785c5f4ecb709e53f8
P5_8_0259,259,259,12.95,EV-LAB-001,NORMAL_BASELINE,NORMAL_LABORATORY_STATE,all_lab_rules_within_thresholds,DETERMINISTIC_LABORATORY_RULES,False,False,True,False,False,False,False,40,40,0,0,0,True,True,259,0.9899247884750366,0.9990441203117371,a4b4eff0db083c40057a3cd63f5bfa43e15e72e0344f0c6cd7f135becc41fd00,0a58960f6142fad4876a7eacf986c1d59f503dc47c53559a858505232b3c6bcf,f8b5283c3e85f1bc8b4e6e3bde6cc88ee2c61eb45dc03299a6432a593d0fcd03,12.95,259.0,61.18,61.4,60.93,-3.5,-0.17,0.0,-2.8000000000000003,0.015000000000000568,6.300000000000001,31.200000000000003,4.3,1.0,3.6,2.0,3365.0,114.5,1.0,115.7,77.0,66.0,2.0,80.0,98.0,399.0,78.9,31.0,0.015,2.3000000000000003,2.0,1.0,1.0,2.0,0.0,0.0,0.0,1.0,1.0,1.0,1.0,3.0,1.0,1.0,1.0,3.0,0.05,0.0,1.0,1.0,1.0,1.0,0.0,0.0,0.0,0.0,1.0,3.0,0.0,0.0,0.0,0.0,0.0,1.0,1.0,50.0,50.0,0.0,12.65,1.0,0.015000000000000568,0.0,1.2000000000000028,6.300000000000001,31.4811,31.0,3572.4000000000005,True,False,False,91fab9a7bb4ba0bf434b64191911f16e9a362cf29c50eb785c5f4ecb709e53f8,29a3a12bfdca141b1635bea304136b853a9ef80422f63c2ca7463a18775c4616
P5_8_0260,260,260,13.0,EV-LAB-001,NORMAL_BASELINE,NORMAL_LABORATORY_STATE,all_lab_rules_within_thresholds,DETERMINISTIC_LABORATORY_RULES,False,False,True,False,False,False,False,40,40,0,0,0,True,True,260,0.9899303913116455,0.999043881893158,c0bac409f573ed2cc60fc534859b56b4d37f453fee8d7416a0cc71790f02e8bf,0a58960f6142fad4876a7eacf986c1d59f503dc47c53559a858505232b3c6bcf,f8b5283c3e85f1bc8b4e6e3bde6cc88ee2c61eb45dc03299a6432a593d0fcd03,13.0,260.0,61.09,61.33,60.730000000000004,-3.6,-0.18,0.0,-2.9000000000000004,0.060000000000002274,6.5,31.200000000000003,4.4,1.0,3.6,2.0,3360.0,114.7,1.0,117.30000000000001,78.0,66.0,2.0,80.0,98.0,398.70000000000005,79.5,31.0,0.008,1.7000000000000002,2.0,1.0,1.0,2.0,0.0,0.0,0.0,1.0,1.0,1.0,1.0,4.0,1.0,1.0,1.0,4.0,0.05,0.0,1.0,1.0,1.0,1.0,0.0,0.0,0.0,0.0,1.0,4.0,0.0,0.0,0.0,0.0,0.0,1.0,1.0,50.0,50.0,0.0,12.59,1.0,0.060000000000002274,0.0,2.6000000000000085,6.5,31.696650000000005,31.0,3578.6400000000003,True,False,False,29a3a12bfdca141b1635bea304136b853a9ef80422f63c2ca7463a18775c4616,ab35a40a4142b01cf8be48aa9d2ce6051bbd3099c0ada36361ab9f96bc921801
P5_8_0261,261,261,13.05,EV-LAB-001,NORMAL_BASELINE,NORMAL_LABORATORY_STATE,all_lab_rules_within_thresholds,DETERMINISTIC_LABORATORY_RULES,False,False,True,False,False,False,False,40,40,0,0,0,True,True,261,0.9899360537528992,0.9990436434745789,f9064f3f788b274dfa60eaa3c1fa602727cc24826556c477f8f95c9bf7325f72,0a58960f6142fad4876a7eacf986c1d59f503dc47c53559a858505232b3c6bcf,f8b5283c3e85f1bc8b4e6e3bde6cc88ee2c61eb45dc03299a6432a593d0fcd03,13.05,261.0,61.0,61.24,60.800000000000004,-3.6,-0.18,0.0,-2.8000000000000003,0.020000000000003126,6.4,31.200000000000003,4.5,1.0,3.6,2.0,3355.0,114.7,1.0,111.80000000000001,76.0,64.0,2.0,80.0,98.0,399.0,78.4,31.0,0.009000000000000001,2.0,2.0,1.0,1.0,2.0,0.0,0.0,0.0,1.0,1.0,1.0,1.0,5.0,1.0,1.0,1.0,5.0,0.05,0.0,1.0,1.0,1.0,1.0,0.0,0.0,0.0,0.0,1.0,5.0,0.0,0.0,0.0,0.0,0.0,1.0,1.0,50.0,50.0,0.0,12.56,1.0,0.020000000000003126,0.0,2.8999999999999915,6.4,31.2816,31.0,3578.6400000000003,True,False,False,ab35a40a4142b01cf8be48aa9d2ce6051bbd3099c0ada36361ab9f96bc921801,8a2534b9688585570cf7bcb67faf261e0a4baac295ae95b27e2a31c86d3b4597
P5_8_0262,262,262,13.1,EV-LAB-001,NORMAL_BASELINE,NORMAL_LABORATORY_STATE,all_lab_rules_within_thresholds,DETERMINISTIC_LABORATORY_RULES,False,False,True,False,False,False,False,40,40,0,0,0,True,True,262,0.9899418950080872,0.9990432858467102,06dfca1568d3cd3ebff83862403d0ad0a6a25c648fafec700d9fe7befd6eeae9,0a58960f6142fad4876a7eacf986c1d59f503dc47c53559a858505232b3c6bcf,f8b5283c3e85f1bc8b4e6e3bde6cc88ee2c61eb45dc03299a6432a593d0fcd03,13.1,262.0,60.910000000000004,61.230000000000004,60.7,-3.7,-0.18,0.01,-2.9000000000000004,0.054999999999999716,6.6000000000000005,31.200000000000003,4.6000000000000005,1.0,3.6,2.0,3350.0,114.4,1.0,115.30000000000001,77.0,65.0,2.0,80.0,98.0,398.20000000000005,80.0,31.0,0.013000000000000001,2.1,2.0,1.0,1.0,2.0,0.0,0.0,0.0,1.0,1.0,1.0,1.0,6.0,1.0,1.0,1.0,6.0,0.05,0.0,1.0,1.0,1.0,1.0,0.0,0.0,0.0,0.0,1.0,6.0,0.0,0.0,0.0,0.0,0.0,1.0,1.0,50.0,50.0,0.0,12.64,1.0,0.054999999999999716,0.0,0.9000000000000057,6.6000000000000005,31.856000000000005,31.0,3569.2800000000007,True,False,False,8a2534b9688585570cf7bcb67faf261e0a4baac295ae95b27e2a31c86d3b4597,82ba546b47a81cbb5ffb793b9db9631857a0d90fc85a9ca7e1b5e0fd01d46a2a
P5_8_0263,263,263,13.15,EV-LAB-001,NORMAL_BASELINE,NORMAL_LABORATORY_STATE,all_lab_rules_within_thresholds,DETERMINISTIC_LABORATORY_RULES,False,False,True,False,False,False,False,40,40,0,0,0,True,True,263,0.9899477362632751,0.9990430474281311,1bbf7b1a6faf512965f58866afdb2c7928260fde6e3e0f4153e4c8d726d610fa,0a58960f6142fad4876a7eacf986c1d59f503dc47c53559a858505232b3c6bcf,f8b5283c3e85f1bc8b4e6e3bde6cc88ee2c61eb45dc03299a6432a593d0fcd03,13.15,263.0,60.82,61.06,60.58,-3.8000000000000003,-0.19,0.01,-3.0,0.0,6.800000000000001,32.4,4.7,1.0,3.6,2.0,3345.0,116.10000000000001,1.0,117.2,77.0,65.0,2.0,80.0,98.0,398.20000000000005,80.30000000000001,31.0,0.012,1.8,2.0,1.0,1.0,2.0,0.0,0.0,0.0,1.0,1.0,1.0,1.0,7.0,1.0,1.0,1.0,7.0,0.05,0.0,1.0,1.0,1.0,1.0,0.0,0.0,0.0,0.0,1.0,7.0,0.0,0.0,0.0,0.0,0.0,1.0,1.0,50.0,50.0,0.0,12.63,1.0,0.0,0.0,1.0999999999999943,6.800000000000001,31.975460000000005,31.0,3761.6400000000003,True,False,False,82ba546b47a81cbb5ffb793b9db9631857a0d90fc85a9ca7e1b5e0fd01d46a2a,041613ac351635d31830592e3dcb83db9791c6f6f27456d0c8f8190cdd27e254
P5_8_0264,264,264,13.2,EV-LAB-001,NORMAL_BASELINE,NORMAL_LABORATORY_STATE,all_lab_rules_within_thresholds,DETERMINISTIC_LABORATORY_RULES,False,False,True,False,False,False,False,40,40,0,0,0,True,True,264,0.9899536371231079,0.999042809009552,ab774f802220aedbf57446323c28346905bc8b3f1e7d0f0876f065ecac587a31,0a58960f6142fad4876a7eacf986c1d59f503dc47c53559a858505232b3c6bcf,f8b5283c3e85f1bc8b4e6e3bde6cc88ee2c61eb45dc03299a6432a593d0fcd03,13.2,264.0,60.730000000000004,60.99,60.56,-3.8000000000000003,-0.19,0.0,-3.0,0.045000000000001705,6.800000000000001,30.400000000000002,4.7,1.0,3.6,2.0,3340.0,113.4,1.0,113.30000000000001,78.0,63.0,2.0,80.0,98.0,398.70000000000005,80.10000000000001,31.0,0.014,2.0,2.0,1.0,1.0,2.0,0.0,0.0,0.0,1.0,1.0,1.0,1.0,8.0,1.0,1.0,1.0,8.0,0.05,0.0,1.0,1.0,1.0,1.0,0.0,0.0,0.0,0.0,1.0,8.0,0.0,0.0,0.0,0.0,0.0,1.0,1.0,50.0,50.0,0.0,12.57,1.0,0.045000000000001705,0.0,0.09999999999999432,6.800000000000001,31.935870000000005,31.0,3447.3600000000006,True,False,False,041613ac351635d31830592e3dcb83db9791c6f6f27456d0c8f8190cdd27e254,5b5a13573ecd4226e11d523f9c7f73cc1bb5919b28b662911ebee8c204d8505c
P5_8_0265,265,265,13.25,EV-LAB-001,NORMAL_BASELINE,NORMAL_LABORATORY_STATE,all_lab_rules_within_thresholds,DETERMINISTIC_LABORATORY_RULES,False,False,True,False,False,False,False,40,40,0,0,0,True,True,265,0.989959716796875,0.9990424513816833,bd55f5ac91d6710577470555b31ef4387d2f4342dbc64dd345c30359fcb4615c,0a58960f6142fad4876a7eacf986c1d59f503dc47c53559a858505232b3c6bcf,f8b5283c3e85f1bc8b4e6e3bde6cc88ee2c61eb45dc03299a6432a593d0fcd03,13.25,265.0,60.64,60.99,60.230000000000004,-3.9000000000000004,-0.19,0.01,-3.1,0.030000000000001137,7.0,29.200000000000003,4.800000000000001,1.0,4.0,2.0,3335.0,111.7,1.0,112.80000000000001,78.0,65.0,2.0,80.0,98.0,398.20000000000005,77.30000000000001,32.0,0.011,1.9000000000000001,2.0,1.0,1.0,2.0,0.0,0.0,0.0,1.0,1.0,1.0,1.0,9.0,1.0,1.0,1.0,9.0,0.05,0.0,1.0,1.0,1.0,1.0,0.0,0.0,0.0,0.0,1.0,9.0,0.0,0.0,0.0,0.0,0.0,1.0,1.0,50.0,50.0,0.0,12.59,1.0,0.030000000000001137,0.0,1.1000000000000085,7.0,30.780860000000008,32.0,3261.6400000000003,True,False,False,5b5a13573ecd4226e11d523f9c7f73cc1bb5919b28b662911ebee8c204d8505c,d4b010305cac975c5ba3c41fa31532604f37b326156f24f62eaec33e8f8373d7
P5_8_0266,266,266,13.3,EV-LAB-001,NORMAL_BASELINE,NORMAL_LABORATORY_STATE,all_lab_rules_within_thresholds,DETERMINISTIC_LABORATORY_RULES,False,False,True,False,False,False,False,40,40,0,0,0,True,True,266,0.9899657964706421,0.9990422129631042,f635dd72104785d108a8ec0651ce7268381db7fc6a7b540f8c066681269b8d07,0a58960f6142fad4876a7eacf986c1d59f503dc47c53559a858505232b3c6bcf,f8b5283c3e85f1bc8b4e6e3bde6cc88ee2c61eb45dc03299a6432a593d0fcd03,13.3,266.0,60.54,60.730000000000004,60.32,-3.9000000000000004,-0.2,0.01,-3.2,0.014999999999993463,7.1000000000000005,29.6,4.9,1.0,4.0,2.0,3330.0,112.30000000000001,1.0,114.2,77.0,66.0,2.0,80.0,98.0,398.5,78.7,31.0,0.011,1.6,2.0,1.0,1.0,2.0,0.0,0.0,0.0,1.0,1.0,1.0,1.0,10.0,1.0,1.0,1.0,10.0,0.05,0.0,1.0,1.0,1.0,1.0,0.0,0.0,0.0,0.0,1.0,10.0,0.0,0.0,0.0,0.0,0.0,1.0,1.0,50.0,50.0,0.0,12.69,1.0,0.014999999999993463,0.0,1.8999999999999915,7.1000000000000005,31.36195,31.0,3324.0800000000004,True,False,False,d4b010305cac975c5ba3c41fa31532604f37b326156f24f62eaec33e8f8373d7,d0ed48a197365cfa37a42579b38f7026a917850ad37810d34ad9a22f1d4be135
P5_8_0267,267,267,13.35,EV-LAB-001,NORMAL_BASELINE,NORMAL_LABORATORY_STATE,all_lab_rules_within_thresholds,DETERMINISTIC_LABORATORY_RULES,False,False,True,False,False,False,False,40,40,0,0,0,True,True,267,0.9899721145629883,0.9990418553352356,378eaff964747f31dde8536febbf1c556373e1f8437fcb3fb66e07e21b1d927f,0a58960f6142fad4876a7eacf986c1d59f503dc47c53559a858505232b3c6bcf,f8b5283c3e85f1bc8b4e6e3bde6cc88ee2c61eb45dc03299a6432a593d0fcd03,13.35,267.0,60.44,60.68,60.24,-4.0,-0.2,0.01,-3.1,0.020000000000003126,7.1,30.8,5.0,1.0,4.0,2.0,3324.0,113.60000000000001,1.0,110.7,76.0,64.0,2.0,80.0,98.0,398.5,79.80000000000001,31.0,0.011,2.3000000000000003,2.0,1.0,1.0,2.0,0.0,0.0,0.0,1.0,1.0,1.0,1.0,11.0,1.0,1.0,1.0,11.0,0.05,0.0,1.0,1.0,1.0,1.0,0.0,0.0,0.0,0.0,1.0,11.0,0.0,0.0,0.0,0.0,0.0,1.0,1.0,50.0,50.0,0.0,12.52,1.0,0.020000000000003126,0.0,2.9000000000000057,7.1,31.800300000000004,31.0,3498.8800000000006,True,False,False,d0ed48a197365cfa37a42579b38f7026a917850ad37810d34ad9a22f1d4be135,d9bd934e4e6ff9b39f5a005d6a0a7eeb1fe9b1e890ee3274ae0bb7d7c9cb9069
P5_8_0268,268,268,13.4,EV-LAB-001,NORMAL_BASELINE,NORMAL_LABORATORY_STATE,all_lab_rules_within_thresholds,DETERMINISTIC_LABORATORY_RULES,False,False,True,False,False,False,False,40,40,0,0,0,True,True,268,0.989978551864624,0.9990416169166565,9ac514e7e70f244998e97358c1f54b111981f1b99f82478c632bfc8641b419ad,0a58960f6142fad4876a7eacf986c1d59f503dc47c53559a858505232b3c6bcf,f8b5283c3e85f1bc8b4e6e3bde6cc88ee2c61eb45dc03299a6432a593d0fcd03,13.4,268.0,60.34,60.59,60.1,-4.0,-0.2,0.0,-3.2,0.0049999999999954525,7.2,30.400000000000002,5.0,1.0,4.0,2.0,3319.0,113.5,1.0,113.7,77.0,65.0,2.0,80.0,98.0,398.8,78.2,31.0,0.011,2.0,2.0,1.0,1.0,2.0,0.0,0.0,0.0,1.0,1.0,1.0,1.0,12.0,1.0,1.0,1.0,12.0,0.05,0.0,1.0,1.0,1.0,1.0,0.0,0.0,0.0,0.0,1.0,12.0,0.0,0.0,0.0,0.0,0.0,1.0,1.0,50.0,50.0,0.0,12.57,1.0,0.0049999999999954525,0.0,0.20000000000000284,7.2,31.186160000000005,31.0,3450.4,True,False,False,d9bd934e4e6ff9b39f5a005d6a0a7eeb1fe9b1e890ee3274ae0bb7d7c9cb9069,c26c8c80b1577a99295576a829093be5b653250b9288170e8f9f687b6ea95bd8
P5_8_0269,269,269,13.45,EV-LAB-001,NORMAL_BASELINE,NORMAL_LABORATORY_STATE,all_lab_rules_within_thresholds,DETERMINISTIC_LABORATORY_RULES,False,False,True,False,False,False,False,40,40,0,0,0,True,True,269,0.9899851083755493,0.9990412592887878,2d15db614ca25a9e5d55015565d7fbaacaeb31668d765aa3dc076ea1045d5808,0a58960f6142fad4876a7eacf986c1d59f503dc47c53559a858505232b3c6bcf,f8b5283c3e85f1bc8b4e6e3bde6cc88ee2c61eb45dc03299a6432a593d0fcd03,13.45,269.0,60.24,60.61,60.06,-4.1000000000000005,-0.2,0.0,-3.3000000000000003,0.09499999999999886,7.4,29.200000000000003,5.1000000000000005,1.0,4.0,2.0,3313.0,111.80000000000001,1.0,110.10000000000001,77.0,65.0,2.0,80.0,98.0,398.1,77.5,32.0,0.014,2.2,2.0,1.0,1.0,2.0,0.0,0.0,0.0,1.0,1.0,1.0,1.0,13.0,1.0,1.0,1.0,13.0,0.05,0.0,1.0,1.0,1.0,1.0,0.0,0.0,0.0,0.0,1.0,13.0,0.0,0.0,0.0,0.0,0.0,1.0,1.0,50.0,50.0,0.0,12.620000000000001,1.0,0.09499999999999886,0.0,1.7000000000000028,7.4,30.85275,32.0,3264.560000000001,True,False,False,c26c8c80b1577a99295576a829093be5b653250b9288170e8f9f687b6ea95bd8,5d67a598316bf171286d293f87a35f1922796902a0dc07169010e28c6ad64199
P5_8_0270,270,270,13.5,EV-LAB-001,NORMAL_BASELINE,NORMAL_LABORATORY_STATE,all_lab_rules_within_thresholds,DETERMINISTIC_LABORATORY_RULES,False,False,True,False,False,False,False,40,40,0,0,0,True,True,270,0.9899916648864746,0.9990409016609192,c41715331656d3c42ed7bcb28237ef4f03533e803712898c68337cc2a199f56a,0a58960f6142fad4876a7eacf986c1d59f503dc47c53559a858505232b3c6bcf,f8b5283c3e85f1bc8b4e6e3bde6cc88ee2c61eb45dc03299a6432a593d0fcd03,13.5,270.0,60.14,60.4,59.86,-4.1000000000000005,-0.21,0.0,-3.3000000000000003,0.010000000000005116,7.4,29.200000000000003,5.2,1.0,4.0,2.0,3308.0,111.7,1.0,112.0,76.0,64.0,2.0,80.0,98.0,398.90000000000003,78.9,31.0,0.01,2.1,2.0,1.0,1.0,2.0,0.0,0.0,0.0,1.0,1.0,1.0,1.0,14.0,1.0,1.0,1.0,14.0,0.05,0.0,1.0,1.0,1.0,1.0,0.0,0.0,0.0,0.0,1.0,14.0,0.0,0.0,0.0,0.0,0.0,1.0,1.0,50.0,50.0,0.0,12.52,1.0,0.010000000000005116,0.0,0.29999999999999716,7.4,31.473210000000005,31.0,3261.6400000000003,True,False,False,5d67a598316bf171286d293f87a35f1922796902a0dc07169010e28c6ad64199,4ebfb1dc8c1525f560b396a5942ae9f447306ebd38cb12a7f9f423222d764441
P5_8_0271,271,271,13.55,EV-LAB-001,NORMAL_BASELINE,NORMAL_LABORATORY_STATE,all_lab_rules_within_thresholds,DETERMINISTIC_LABORATORY_RULES,False,False,True,False,False,False,False,40,40,0,0,0,True,True,271,0.9899982810020447,0.9990406632423401,b76efe54e4d0b691f7cbeee46f006fa1bf1e72a9e74c98fb077426df7c519f4c,0a58960f6142fad4876a7eacf986c1d59f503dc47c53559a858505232b3c6bcf,f8b5283c3e85f1bc8b4e6e3bde6cc88ee2c61eb45dc03299a6432a593d0fcd03,13.55,271.0,60.04,60.33,59.71,-4.2,-0.21,0.0,-3.3000000000000003,0.020000000000003126,7.5,29.200000000000003,5.300000000000001,1.0,4.4,2.0,3302.0,111.5,1.0,110.9,76.0,65.0,2.0,80.0,98.0,398.70000000000005,78.2,31.0,0.011,2.1,2.0,1.0,1.0,2.0,0.0,0.0,0.0,1.0,1.0,1.0,1.0,15.0,1.0,1.0,1.0,15.0,0.05,0.0,1.0,1.0,1.0,1.0,0.0,0.0,0.0,0.0,1.0,15.0,0.0,0.0,0.0,0.0,0.0,1.0,1.0,50.0,50.0,0.0,12.51,1.0,0.020000000000003126,0.0,0.5999999999999943,7.5,31.178340000000002,31.0,3255.8,True,False,False,4ebfb1dc8c1525f560b396a5942ae9f447306ebd38cb12a7f9f423222d764441,aafd941fa478e7ee7a8d833183593db41f2925ba8851ca9495a81194f5b93d9f
P5_8_0272,272,272,13.6,EV-LAB-001,NORMAL_BASELINE,NORMAL_LABORATORY_STATE,all_lab_rules_within_thresholds,DETERMINISTIC_LABORATORY_RULES,False,False,True,False,False,False,False,40,40,0,0,0,True,True,272,0.9900049567222595,0.9990403056144714,ee9ad0960cb94f225d7883943560a847fdc979b6fef7eaeb56ce7ca7395d18b0,0a58960f6142fad4876a7eacf986c1d59f503dc47c53559a858505232b3c6bcf,f8b5283c3e85f1bc8b4e6e3bde6cc88ee2c61eb45dc03299a6432a593d0fcd03,13.6,272.0,59.93,60.14,59.800000000000004,-4.2,-0.21,0.01,-3.4000000000000004,0.03999999999999915,7.6000000000000005,30.400000000000002,5.300000000000001,1.0,4.4,2.0,3296.0,112.9,1.0,113.80000000000001,76.0,66.0,2.0,80.0,98.0,398.8,78.5,31.0,0.015,2.2,2.0,1.0,1.0,2.0,0.0,0.0,0.0,1.0,1.0,1.0,1.0,16.0,1.0,1.0,1.0,16.0,0.05,0.0,1.0,1.0,1.0,1.0,0.0,0.0,0.0,0.0,1.0,16.0,0.0,0.0,0.0,0.0,0.0,1.0,1.0,50.0,50.0,0.0,12.55,1.0,0.03999999999999915,0.0,0.9000000000000057,7.6000000000000005,31.305799999999998,31.0,3432.1600000000003,True,False,False,aafd941fa478e7ee7a8d833183593db41f2925ba8851ca9495a81194f5b93d9f,2e805d566d09cdd3d94e5d8d1171a22503ccc36d817c4f4b1b1e03b79ce12826
P5_8_0273,273,273,13.65,EV-LAB-001,NORMAL_BASELINE,NORMAL_LABORATORY_STATE,all_lab_rules_within_thresholds,DETERMINISTIC_LABORATORY_RULES,False,False,True,False,False,False,False,40,40,0,0,0,True,True,273,0.9900118708610535,0.9990399479866028,87c6f2cf2566a3c42ca80ec373221a5e70c0f7d6c1176695876ca5fc28decc5f,0a58960f6142fad4876a7eacf986c1d59f503dc47c53559a858505232b3c6bcf,f8b5283c3e85f1bc8b4e6e3bde6cc88ee2c61eb45dc03299a6432a593d0fcd03,13.65,273.0,59.83,59.980000000000004,59.65,-4.3,-0.22,0.01,-3.4000000000000004,0.015000000000000568,7.7,30.8,5.4,1.0,4.4,2.0,3291.0,113.60000000000001,1.0,115.0,77.0,65.0,2.0,80.0,98.0,398.3,79.60000000000001,32.0,0.014,2.2,2.0,1.0,1.0,2.0,0.0,0.0,0.0,1.0,1.0,1.0,1.0,17.0,1.0,1.0,1.0,17.0,0.05,0.0,1.0,1.0,1.0,1.0,0.0,0.0,0.0,0.0,1.0,17.0,0.0,0.0,0.0,0.0,0.0,1.0,1.0,50.0,50.0,0.0,12.58,1.0,0.015000000000000568,0.0,1.3999999999999915,7.7,31.704680000000003,32.0,3498.8800000000006,True,False,False,2e805d566d09cdd3d94e5d8d1171a22503ccc36d817c4f4b1b1e03b79ce12826,badc6d9f0ed1e107e97a6f7f920272f7e86880adfcc9442dd7f765cc1efaf47b
P5_8_0274,274,274,13.7,EV-LAB-001,NORMAL_BASELINE,NORMAL_LABORATORY_STATE,all_lab_rules_within_thresholds,DETERMINISTIC_LABORATORY_RULES,False,False,True,False,False,False,False,40,40,0,0,0,True,True,274,0.9900187253952026,0.9990395903587341,77dc6601d305cc2c35364b3b78f3fc76141bb397a5f988dcd2079e4725d919bc,0a58960f6142fad4876a7eacf986c1d59f503dc47c53559a858505232b3c6bcf,f8b5283c3e85f1bc8b4e6e3bde6cc88ee2c61eb45dc03299a6432a593d0fcd03,13.7,274.0,59.72,59.870000000000005,59.550000000000004,-4.3,-0.22,0.01,-3.4000000000000004,0.009999999999990905,7.7,29.200000000000003,5.5,1.0,4.4,2.0,3285.0,111.4,1.0,110.80000000000001,77.0,64.0,2.0,80.0,98.0,398.5,78.9,31.0,0.012,2.0,2.0,1.0,1.0,2.0,0.0,0.0,0.0,1.0,1.0,1.0,1.0,18.0,1.0,1.0,1.0,18.0,0.05,0.0,1.0,1.0,1.0,1.0,0.0,0.0,0.0,0.0,1.0,18.0,0.0,0.0,0.0,0.0,0.0,1.0,1.0,50.0,50.0,0.0,12.63,1.0,0.009999999999990905,0.0,0.5999999999999943,7.7,31.441650000000003,31.0,3252.8800000000006,True,False,False,badc6d9f0ed1e107e97a6f7f920272f7e86880adfcc9442dd7f765cc1efaf47b,e5620fd7c9c821f96e4bb4ee133da9cf2ffd2d76fb3f9fe1ab096fac4e8c70bf
P5_8_0275,275,275,13.75,EV-LAB-001,NORMAL_BASELINE,NORMAL_LABORATORY_STATE,all_lab_rules_within_thresholds,DETERMINISTIC_LABORATORY_RULES,False,False,True,False,False,False,False,40,40,0,0,0,True,True,275,0.9900257587432861,0.9990392923355103,a39e0c07ac7ac5d1e8e074f10790097de2a5e0401307d19c0ae2fff4e0d419ef,0a58960f6142fad4876a7eacf986c1d59f503dc47c53559a858505232b3c6bcf,f8b5283c3e85f1bc8b4e6e3bde6cc88ee2c61eb45dc03299a6432a593d0fcd03,13.75,275.0,59.61,59.95,59.51,-4.4,-0.22,0.01,-3.5,0.12000000000000455,7.9,29.200000000000003,5.5,1.0,4.4,2.0,3279.0,111.5,1.0,112.5,76.0,64.0,2.0,80.0,98.0,398.40000000000003,77.9,31.0,0.01,2.1,2.0,1.0,1.0,2.0,0.0,0.0,0.0,1.0,1.0,1.0,1.0,19.0,1.0,1.0,1.0,19.0,0.05,0.0,1.0,1.0,1.0,1.0,0.0,0.0,0.0,0.0,1.0,19.0,0.0,0.0,0.0,0.0,0.0,1.0,1.0,50.0,50.0,0.0,12.59,1.0,0.12000000000000455,0.0,1.0,7.9,31.035360000000004,31.0,3255.8,True,False,False,e5620fd7c9c821f96e4bb4ee133da9cf2ffd2d76fb3f9fe1ab096fac4e8c70bf,a1ad36aad3315b28d14f99e1eb9b5be706f5083018e9f2d261fd75f53f929f77
P5_8_0276,276,276,13.8,EV-LAB-001,NORMAL_BASELINE,NORMAL_LABORATORY_STATE,all_lab_rules_within_thresholds,DETERMINISTIC_LABORATORY_RULES,False,False,True,False,False,False,False,40,40,0,0,0,True,True,276,0.9900327920913696,0.9990389347076416,414e5b9d4ad5340fe80de0d2d9a31e6476dee0d3755fd4959163961715fabd7f,0a58960f6142fad4876a7eacf986c1d59f503dc47c53559a858505232b3c6bcf,f8b5283c3e85f1bc8b4e6e3bde6cc88ee2c61eb45dc03299a6432a593d0fcd03,13.8,276.0,59.5,59.78,59.28,-4.4,-0.22,0.01,-3.5,0.030000000000001137,7.9,29.200000000000003,5.6000000000000005,1.0,4.4,2.0,3273.0,111.7,1.0,111.60000000000001,76.0,65.0,2.0,80.0,98.0,398.3,77.7,31.0,0.01,1.8,2.0,1.0,1.0,2.0,0.0,0.0,0.0,1.0,1.0,1.0,1.0,20.0,1.0,1.0,1.0,20.0,0.05,0.0,1.0,1.0,1.0,1.0,0.0,0.0,0.0,0.0,1.0,20.0,0.0,0.0,0.0,0.0,0.0,1.0,1.0,50.0,50.0,0.0,12.6,1.0,0.030000000000001137,0.0,0.09999999999999432,7.9,30.947910000000004,31.0,3261.6400000000003,True,False,False,a1ad36aad3315b28d14f99e1eb9b5be706f5083018e9f2d261fd75f53f929f77,28559371f3b18d9116b323807cf3f395b5045bdf7e23006e8fa091cb5a48eb09
P5_8_0277,277,277,13.85,EV-LAB-001,NORMAL_BASELINE,NORMAL_LABORATORY_STATE,all_lab_rules_within_thresholds,DETERMINISTIC_LABORATORY_RULES,False,False,True,False,False,False,False,40,40,0,0,0,True,True,277,0.9900400042533875,0.999038577079773,9de9973165311f1d38c205a3fe169c03811c8b3f88d0608a6e2ff60198279572,0a58960f6142fad4876a7eacf986c1d59f503dc47c53559a858505232b3c6bcf,f8b5283c3e85f1bc8b4e6e3bde6cc88ee2c61eb45dc03299a6432a593d0fcd03,13.85,277.0,59.39,59.65,59.120000000000005,-4.4,-0.23,0.01,-3.5,0.0049999999999954525,7.9,29.6,5.7,1.0,4.4,2.0,3267.0,111.7,1.0,110.4,75.0,65.0,2.0,80.0,98.0,398.20000000000005,78.4,31.0,0.013000000000000001,1.8,2.0,1.0,1.0,2.0,0.0,0.0,0.0,1.0,1.0,1.0,1.0,21.0,1.0,1.0,1.0,21.0,0.05,0.0,1.0,1.0,1.0,1.0,0.0,0.0,0.0,0.0,1.0,21.0,0.0,0.0,0.0,0.0,0.0,1.0,1.0,50.0,50.0,0.0,12.55,1.0,0.0049999999999954525,0.0,1.2999999999999972,7.9,31.218880000000006,31.0,3306.32,True,False,False,28559371f3b18d9116b323807cf3f395b5045bdf7e23006e8fa091cb5a48eb09,cf757f2f2d942e197c86bbbf0e200be44ee647cb52118ffa5c637ff709c64af3
P5_8_0278,278,278,13.9,EV-LAB-001,NORMAL_BASELINE,NORMAL_LABORATORY_STATE,all_lab_rules_within_thresholds,DETERMINISTIC_LABORATORY_RULES,False,False,True,False,False,False,False,40,40,0,0,0,True,True,278,0.99004727602005,0.9990382194519043,cb06abff8307cbf148ecefcb4d98a9133de18efcf113daf47890e0a6f727fdfd,0a58960f6142fad4876a7eacf986c1d59f503dc47c53559a858505232b3c6bcf,f8b5283c3e85f1bc8b4e6e3bde6cc88ee2c61eb45dc03299a6432a593d0fcd03,13.9,278.0,59.28,59.58,59.160000000000004,-4.5,-0.23,0.01,-3.6,0.09000000000000341,8.1,30.400000000000002,5.7,1.0,4.4,2.0,3260.0,112.9,1.0,112.2,77.0,65.0,2.0,80.0,98.0,399.3,78.7,31.0,0.012,2.0,2.0,1.0,1.0,2.0,0.0,0.0,0.0,1.0,1.0,1.0,1.0,22.0,1.0,1.0,1.0,22.0,0.05,0.0,1.0,1.0,1.0,1.0,0.0,0.0,0.0,0.0,1.0,22.0,0.0,0.0,0.0,0.0,0.0,1.0,1.0,50.0,50.0,0.0,12.61,1.0,0.09000000000000341,0.0,0.7000000000000028,8.1,31.424910000000004,31.0,3432.1600000000003,True,False,False,cf757f2f2d942e197c86bbbf0e200be44ee647cb52118ffa5c637ff709c64af3,8f7cfbad8a6c9d1287b2cc4b85484050c8e1e59de5324c40e663c5d9f19c5de7
P5_8_0279,279,279,13.95,EV-LAB-001,NORMAL_BASELINE,NORMAL_LABORATORY_STATE,all_lab_rules_within_thresholds,DETERMINISTIC_LABORATORY_RULES,False,False,True,False,False,False,False,40,40,0,0,0,True,True,279,0.9900546073913574,0.9990378618240356,bf7ec73676efcd71063f8919c95fd0dadee71ba9128b52a07036c19ef95ce91e,0a58960f6142fad4876a7eacf986c1d59f503dc47c53559a858505232b3c6bcf,f8b5283c3e85f1bc8b4e6e3bde6cc88ee2c61eb45dc03299a6432a593d0fcd03,13.95,279.0,59.17,59.47,58.980000000000004,-4.5,-0.23,0.01,-3.6,0.054999999999999716,8.1,28.400000000000002,5.800000000000001,1.0,4.800000000000001,2.0,3254.0,110.4,1.0,110.7,76.0,65.0,2.0,80.0,98.0,399.8,78.10000000000001,31.0,0.015,1.7000000000000002,2.0,1.0,1.0,2.0,0.0,0.0,0.0,1.0,1.0,1.0,1.0,23.0,1.0,1.0,1.0,23.0,0.05,0.0,1.0,1.0,1.0,1.0,0.0,0.0,0.0,0.0,1.0,23.0,0.0,0.0,0.0,0.0,0.0,1.0,1.0,50.0,50.0,0.0,12.57,1.0,0.054999999999999716,0.0,0.29999999999999716,8.1,31.224380000000004,31.0,3135.3600000000006,True,False,False,8f7cfbad8a6c9d1287b2cc4b85484050c8e1e59de5324c40e663c5d9f19c5de7,27fd755cf67da1fc531e304a37b8cdc70f53efd1f2c708dae9e7f10da6085b63
P5_8_0280,280,280,14.0,EV-LAB-001,NORMAL_BASELINE,NORMAL_LABORATORY_STATE,all_lab_rules_within_thresholds,DETERMINISTIC_LABORATORY_RULES,False,False,True,False,False,False,False,40,40,0,0,0,True,True,280,0.9900619983673096,0.999037504196167,3b0592d7d38bee66ab8832d92b1a8a86e3a01223becdf5671702cd74daf2305f,0a58960f6142fad4876a7eacf986c1d59f503dc47c53559a858505232b3c6bcf,f8b5283c3e85f1bc8b4e6e3bde6cc88ee2c61eb45dc03299a6432a593d0fcd03,14.0,280.0,59.050000000000004,59.25,58.84,-4.5,-0.23,0.01,-3.7,0.005000000000002558,8.2,28.400000000000002,5.9,1.0,4.800000000000001,2.0,3248.0,110.2,1.0,107.9,77.0,64.0,2.0,80.0,98.0,398.3,77.10000000000001,31.0,0.011,1.8,2.0,1.0,1.0,2.0,0.0,0.0,0.0,1.0,1.0,1.0,1.0,24.0,1.0,1.0,1.0,24.0,0.05,0.0,1.0,1.0,1.0,1.0,0.0,0.0,0.0,0.0,1.0,24.0,0.0,0.0,0.0,0.0,0.0,1.0,1.0,50.0,50.0,0.0,12.6,1.0,0.005000000000002558,0.0,2.299999999999997,8.2,30.708930000000002,31.0,3129.6800000000003,True,False,False,27fd755cf67da1fc531e304a37b8cdc70f53efd1f2c708dae9e7f10da6085b63,1c150696bae73cebb3aa1586aea0256b33456aada9742f92f5c19c4f1dad364d
P5_8_0281,281,281,14.05,EV-LAB-001,NORMAL_BASELINE,NORMAL_LABORATORY_STATE,all_lab_rules_within_thresholds,DETERMINISTIC_LABORATORY_RULES,False,False,True,False,False,False,False,40,40,0,0,0,True,True,281,0.9900694489479065,0.9990371465682983,f9933d1bfa5b9a6d6e05ccc4725bbb55962fb24001f7b1420db3263b2a1a6996,0a58960f6142fad4876a7eacf986c1d59f503dc47c53559a858505232b3c6bcf,f8b5283c3e85f1bc8b4e6e3bde6cc88ee2c61eb45dc03299a6432a593d0fcd03,14.05,281.0,58.93,59.11,58.68,-4.6000000000000005,-0.24,0.01,-3.6,0.035000000000003695,8.200000000000001,30.0,5.9,1.0,4.800000000000001,2.0,3241.0,112.4,1.0,113.4,76.0,65.0,2.0,80.0,98.0,398.70000000000005,79.30000000000001,31.0,0.014,2.1,2.0,1.0,1.0,2.0,0.0,0.0,0.0,1.0,1.0,1.0,1.0,25.0,1.0,1.0,1.0,25.0,0.05,0.0,1.0,1.0,1.0,1.0,0.0,0.0,0.0,0.0,1.0,25.0,0.0,0.0,0.0,0.0,0.0,1.0,1.0,50.0,50.0,0.0,12.540000000000001,1.0,0.035000000000003695,0.0,1.0,8.200000000000001,31.616910000000008,31.0,3372.0,True,False,False,1c150696bae73cebb3aa1586aea0256b33456aada9742f92f5c19c4f1dad364d,800c915707661eff1c01944592e7f836f9d477e3cd8b13cbd2b2b8992f506609
P5_8_0282,282,282,14.1,EV-LAB-001,NORMAL_BASELINE,NORMAL_LABORATORY_STATE,all_lab_rules_within_thresholds,DETERMINISTIC_LABORATORY_RULES,False,False,True,False,False,False,False,40,40,0,0,0,True,True,282,0.9900770783424377,0.9990367889404297,042fcc0a761ade0d686e2fad3822cb587b0294f3650bab379f3710aece2555a1,0a58960f6142fad4876a7eacf986c1d59f503dc47c53559a858505232b3c6bcf,f8b5283c3e85f1bc8b4e6e3bde6cc88ee2c61eb45dc03299a6432a593d0fcd03,14.1,282.0,58.82,58.980000000000004,58.63,-4.6000000000000005,-0.24,0.01,-3.7,0.014999999999993463,8.3,29.200000000000003,6.0,1.0,4.800000000000001,2.0,3235.0,111.10000000000001,1.0,110.80000000000001,76.0,65.0,2.0,80.0,98.0,399.20000000000005,78.10000000000001,31.0,0.014,2.2,2.0,1.0,1.0,2.0,0.0,0.0,0.0,1.0,1.0,1.0,1.0,26.0,1.0,1.0,1.0,26.0,0.05,0.0,1.0,1.0,1.0,1.0,0.0,0.0,0.0,0.0,1.0,26.0,0.0,0.0,0.0,0.0,0.0,1.0,1.0,50.0,50.0,0.0,12.61,1.0,0.014999999999993463,0.0,0.29999999999999716,8.3,31.17752000000001,31.0,3244.1200000000003,True,False,False,800c915707661eff1c01944592e7f836f9d477e3cd8b13cbd2b2b8992f506609,9daa2a292931184050333db16d401861c02e5aadd3840a33729a146c3001fb4e
P5_8_0283,283,283,14.15,EV-LAB-001,NORMAL_BASELINE,NORMAL_LABORATORY_STATE,all_lab_rules_within_thresholds,DETERMINISTIC_LABORATORY_RULES,False,False,True,False,False,False,False,40,40,0,0,0,True,True,283,0.9900846481323242,0.999036431312561,4cab0782b5fc3ebb2c6f2457efb73a1214d78be51b696dc005863a8b757520c3,0a58960f6142fad4876a7eacf986c1d59f503dc47c53559a858505232b3c6bcf,f8b5283c3e85f1bc8b4e6e3bde6cc88ee2c61eb45dc03299a6432a593d0fcd03,14.15,283.0,58.7,59.03,58.68,-4.6000000000000005,-0.24,0.01,-3.7,0.15500000000000114,8.3,30.0,6.0,1.0,4.800000000000001,2.0,3228.0,112.4,1.0,112.60000000000001,76.0,65.0,2.0,80.0,98.0,398.5,78.0,31.0,0.013000000000000001,2.3000000000000003,2.0,1.0,1.0,2.0,0.0,0.0,0.0,1.0,1.0,1.0,1.0,27.0,1.0,1.0,1.0,27.0,0.05,0.0,1.0,1.0,1.0,1.0,0.0,0.0,0.0,0.0,1.0,27.0,0.0,0.0,0.0,0.0,0.0,1.0,1.0,50.0,50.0,0.0,12.67,1.0,0.15500000000000114,0.0,0.20000000000000284,8.3,31.083,31.0,3372.0,True,False,False,9daa2a292931184050333db16d401861c02e5aadd3840a33729a146c3001fb4e,4a27e4a092bed8fd8016eaf7f904a1eba8a394c9e48bc1504195fbda231c95ee
P5_8_0284,284,284,14.2,EV-LAB-001,NORMAL_BASELINE,NORMAL_LABORATORY_STATE,all_lab_rules_within_thresholds,DETERMINISTIC_LABORATORY_RULES,False,False,True,False,False,False,False,40,40,0,0,0,True,True,284,0.9900923371315002,0.9990360736846924,df6e822f9a8fbe70e65cefcacf32ba56e79b18a44d86daa7e581f78405591fbc,0a58960f6142fad4876a7eacf986c1d59f503dc47c53559a858505232b3c6bcf,f8b5283c3e85f1bc8b4e6e3bde6cc88ee2c61eb45dc03299a6432a593d0fcd03,14.2,284.0,58.58,58.71,58.29,-4.7,-0.24,0.01,-3.8000000000000003,0.0799999999999983,8.5,28.400000000000002,6.1000000000000005,1.0,4.800000000000001,2.0,3222.0,110.30000000000001,1.0,109.30000000000001,76.0,65.0,2.0,80.0,98.0,398.6,76.3,31.0,0.013000000000000001,2.0,2.0,1.0,1.0,2.0,0.0,0.0,0.0,1.0,1.0,1.0,1.0,28.0,1.0,1.0,1.0,28.0,0.05,0.0,1.0,1.0,1.0,1.0,0.0,0.0,0.0,0.0,1.0,28.0,0.0,0.0,0.0,0.0,0.0,1.0,1.0,50.0,50.0,0.0,12.620000000000001,1.0,0.0799999999999983,0.0,1.0,8.5,30.41318,31.0,3132.5200000000004,True,False,False,4a27e4a092bed8fd8016eaf7f904a1eba8a394c9e48bc1504195fbda231c95ee,7c44ffeaff74afe99d9a2b7a27933fe516a724f4639f115b37000f0013e44b18
P5_8_0285,285,285,14.25,EV-LAB-001,NORMAL_BASELINE,NORMAL_LABORATORY_STATE,all_lab_rules_within_thresholds,DETERMINISTIC_LABORATORY_RULES,False,False,True,False,False,False,False,40,40,0,0,0,True,True,285,0.990100085735321,0.9990355968475342,d3bccb564cb67069381100efa34a36c7cebfd0d4d5b24ced2c8b4aea195f1f10,0a58960f6142fad4876a7eacf986c1d59f503dc47c53559a858505232b3c6bcf,f8b5283c3e85f1bc8b4e6e3bde6cc88ee2c61eb45dc03299a6432a593d0fcd03,14.25,285.0,58.46,58.77,58.19,-4.7,-0.25,0.01,-3.7,0.020000000000003126,8.4,29.6,6.1000000000000005,1.0,4.800000000000001,2.0,3215.0,111.4,1.0,112.4,76.0,65.0,2.0,80.0,98.0,398.6,77.80000000000001,31.0,0.01,2.1,2.0,1.0,1.0,2.0,0.0,0.0,0.0,1.0,1.0,1.0,1.0,29.0,1.0,1.0,1.0,29.0,0.05,0.0,1.0,1.0,1.0,1.0,0.0,0.0,0.0,0.0,1.0,29.0,0.0,0.0,0.0,0.0,0.0,1.0,1.0,50.0,50.0,0.0,12.64,1.0,0.020000000000003126,0.0,1.0,8.4,31.011080000000007,31.0,3297.4400000000005,True,False,False,7c44ffeaff74afe99d9a2b7a27933fe516a724f4639f115b37000f0013e44b18,abb70f390f289d9f87899e52dc36832aa73e64bf1cec73d15f4ad41cd00f51c4
P5_8_0286,286,286,14.3,EV-LAB-001,NORMAL_BASELINE,NORMAL_LABORATORY_STATE,all_lab_rules_within_thresholds,DETERMINISTIC_LABORATORY_RULES,False,False,True,False,False,False,False,40,40,0,0,0,True,True,286,0.9901078939437866,0.9990352392196655,53fc84bb4531c24457b10f6e983b15b33f843afb688decdd012468f9005062eb,0a58960f6142fad4876a7eacf986c1d59f503dc47c53559a858505232b3c6bcf,f8b5283c3e85f1bc8b4e6e3bde6cc88ee2c61eb45dc03299a6432a593d0fcd03,14.3,286.0,58.34,58.67,57.99,-4.7,-0.25,0.01,-3.8000000000000003,0.010000000000005116,8.5,28.0,6.2,1.0,4.800000000000001,2.0,3209.0,109.5,1.0,109.30000000000001,75.0,64.0,2.0,79.60000000000001,98.0,399.20000000000005,77.0,31.0,0.016,2.0,2.0,1.0,1.0,2.0,0.0,0.0,0.0,1.0,1.0,1.0,1.0,30.0,1.0,1.0,1.0,30.0,0.05,0.0,1.0,1.0,1.0,1.0,0.0,0.0,0.0,0.0,1.0,30.0,0.0,0.0,0.0,0.0,0.0,1.0,1.0,50.0,50.0,0.0,12.57,1.0,0.010000000000005116,0.0,0.19999999999998863,8.5,30.738400000000006,31.0,3066.0,True,False,False,abb70f390f289d9f87899e52dc36832aa73e64bf1cec73d15f4ad41cd00f51c4,2a422dcb89b7ac7162114066bdbea1ddaf5d29e13e74c0580edbe2e1cb319954
P5_8_0287,287,287,14.35,EV-LAB-001,NORMAL_BASELINE,NORMAL_LABORATORY_STATE,all_lab_rules_within_thresholds,DETERMINISTIC_LABORATORY_RULES,False,False,True,False,False,False,False,40,40,0,0,0,True,True,287,0.9901158213615417,0.9990348815917969,adff944c0ad8b0e680c86cf63df890b182c276d6f299836b2db1ea262c99b514,0a58960f6142fad4876a7eacf986c1d59f503dc47c53559a858505232b3c6bcf,f8b5283c3e85f1bc8b4e6e3bde6cc88ee2c61eb45dc03299a6432a593d0fcd03,14.35,287.0,58.21,58.47,57.89,-4.7,-0.25,0.01,-3.8000000000000003,0.030000000000001137,8.5,28.0,6.2,1.0,4.800000000000001,2.0,3202.0,109.60000000000001,1.0,109.7,76.0,64.0,2.0,79.60000000000001,98.0,398.90000000000003,76.10000000000001,31.0,0.011,2.1,2.0,1.0,1.0,2.0,0.0,0.0,0.0,1.0,1.0,1.0,1.0,31.0,1.0,1.0,1.0,31.0,0.05,0.0,1.0,1.0,1.0,1.0,0.0,0.0,0.0,0.0,1.0,31.0,0.0,0.0,0.0,0.0,0.0,1.0,1.0,50.0,50.0,0.0,12.55,1.0,0.030000000000001137,0.0,0.09999999999999432,8.5,30.356290000000005,31.0,3068.8,True,False,False,2a422dcb89b7ac7162114066bdbea1ddaf5d29e13e74c0580edbe2e1cb319954,4171333725b5f7266856e7ba7ace1c7b72f39db2a780657162432a3d54f38e0b
P5_8_0288,288,288,14.4,EV-LAB-001,NORMAL_BASELINE,NORMAL_LABORATORY_STATE,all_lab_rules_within_thresholds,DETERMINISTIC_LABORATORY_RULES,False,False,True,False,False,False,False,40,40,0,0,0,True,True,288,0.9901238083839417,0.9990344047546387,c3383083cf6e0d797fb0a3216b753924ea54c79b4bcc44293789818462128d3a,0a58960f6142fad4876a7eacf986c1d59f503dc47c53559a858505232b3c6bcf,f8b5283c3e85f1bc8b4e6e3bde6cc88ee2c61eb45dc03299a6432a593d0fcd03,14.4,288.0,58.09,58.35,57.9,-4.7,-0.25,0.01,-3.9000000000000004,0.03499999999999659,8.600000000000001,28.0,6.300000000000001,1.0,5.2,2.0,3195.0,109.80000000000001,1.0,111.10000000000001,76.0,64.0,2.0,79.60000000000001,98.0,399.0,78.0,31.0,0.016,1.9000000000000001,2.0,1.0,1.0,2.0,0.0,0.0,0.0,1.0,1.0,1.0,1.0,32.0,1.0,1.0,1.0,32.0,0.05,0.0,1.0,1.0,1.0,1.0,0.0,0.0,0.0,0.0,1.0,32.0,0.0,0.0,0.0,0.0,0.0,1.0,1.0,50.0,50.0,0.0,12.66,1.0,0.03499999999999659,0.0,1.2999999999999972,8.600000000000001,31.122,31.0,3074.4000000000005,True,False,False,4171333725b5f7266856e7ba7ace1c7b72f39db2a780657162432a3d54f38e0b,1bbffe9f9c18e12fca1102b4359b53f028545455afe99c47381a6a8f13d67ad9
P5_8_0289,289,289,14.45,EV-LAB-001,NORMAL_BASELINE,NORMAL_LABORATORY_STATE,all_lab_rules_within_thresholds,DETERMINISTIC_LABORATORY_RULES,False,False,True,False,False,False,False,40,40,0,0,0,True,True,289,0.9901317358016968,0.99903404712677,45131a08e7765345d151a165d408ace108e18c0a9c620cfdb554471f8bfb5f89,0a58960f6142fad4876a7eacf986c1d59f503dc47c53559a858505232b3c6bcf,f8b5283c3e85f1bc8b4e6e3bde6cc88ee2c61eb45dc03299a6432a593d0fcd03,14.45,289.0,57.97,58.22,57.68,-4.800000000000001,-0.25,0.01,-3.9000000000000004,0.01999999999999602,8.700000000000001,27.6,6.300000000000001,1.0,5.2,2.0,3188.0,109.2,1.0,110.5,75.0,64.0,2.0,79.60000000000001,98.0,398.70000000000005,77.30000000000001,31.0,0.015,2.0,2.0,1.0,1.0,2.0,0.0,0.0,0.0,1.0,1.0,1.0,1.0,33.0,1.0,1.0,1.0,33.0,0.05,0.0,1.0,1.0,1.0,1.0,0.0,0.0,0.0,0.0,1.0,33.0,0.0,0.0,0.0,0.0,0.0,1.0,1.0,50.0,50.0,0.0,12.540000000000001,1.0,0.01999999999999602,0.0,1.2999999999999972,8.700000000000001,30.819510000000008,31.0,3013.92,True,False,False,1bbffe9f9c18e12fca1102b4359b53f028545455afe99c47381a6a8f13d67ad9,e332459a12926e172b059f1d2f44316a813a7a7584a4a8e6822da96a4d575901
P5_8_0290,290,290,14.5,EV-LAB-001,NORMAL_BASELINE,NORMAL_LABORATORY_STATE,all_lab_rules_within_thresholds,DETERMINISTIC_LABORATORY_RULES,False,False,True,False,False,False,False,40,40,0,0,0,True,True,290,0.990139901638031,0.9990336894989014,28788d02b203c673310a355436fa3beddcc0a0f508748a4ba91d17a8b8ca5d59,0a58960f6142fad4876a7eacf986c1d59f503dc47c53559a858505232b3c6bcf,f8b5283c3e85f1bc8b4e6e3bde6cc88ee2c61eb45dc03299a6432a593d0fcd03,14.5,290.0,57.84,57.980000000000004,57.68,-4.800000000000001,-0.25,0.01,-3.8000000000000003,0.010000000000005116,8.600000000000001,27.6,6.4,1.0,5.2,2.0,3181.0,109.2,1.0,110.0,75.0,64.0,2.0,79.60000000000001,98.0,398.1,75.9,31.0,0.011,2.0,2.0,1.0,1.0,2.0,0.0,0.0,0.0,1.0,1.0,1.0,1.0,34.0,1.0,1.0,1.0,34.0,0.05,0.0,1.0,1.0,1.0,1.0,0.0,0.0,0.0,0.0,1.0,34.0,0.0,0.0,0.0,0.0,0.0,1.0,1.0,50.0,50.0,0.0,12.61,1.0,0.010000000000005116,0.0,0.7999999999999972,8.600000000000001,30.215790000000005,31.0,3013.92,True,False,False,e332459a12926e172b059f1d2f44316a813a7a7584a4a8e6822da96a4d575901,e114936e0621dff7c7bc159c46bd5facfdc70ab906a82c5c9f33341b52670f2e
P5_8_0291,291,291,14.55,EV-LAB-001,NORMAL_BASELINE,NORMAL_LABORATORY_STATE,all_lab_rules_within_thresholds,DETERMINISTIC_LABORATORY_RULES,False,False,True,False,False,False,False,40,40,0,0,0,True,True,291,0.9901480078697205,0.9990332126617432,32fc986cda8eff5d022f68f6b19ef26489e77d2060e49dd49a16ed9d31cd3a83,0a58960f6142fad4876a7eacf986c1d59f503dc47c53559a858505232b3c6bcf,f8b5283c3e85f1bc8b4e6e3bde6cc88ee2c61eb45dc03299a6432a593d0fcd03,14.55,291.0,57.72,58.04,57.480000000000004,-4.800000000000001,-0.26,0.01,-3.8000000000000003,0.04000000000000625,8.600000000000001,28.400000000000002,6.4,1.0,5.2,2.0,3174.0,110.0,1.0,110.2,75.0,65.0,2.0,79.60000000000001,98.0,397.8,78.9,31.0,0.01,2.0,2.0,1.0,1.0,2.0,0.0,0.0,0.0,1.0,1.0,1.0,1.0,35.0,1.0,1.0,1.0,35.0,0.05,0.0,1.0,1.0,1.0,1.0,0.0,0.0,0.0,0.0,1.0,35.0,0.0,0.0,0.0,0.0,0.0,1.0,1.0,50.0,50.0,0.0,12.58,1.0,0.04000000000000625,0.0,0.20000000000000284,8.600000000000001,31.38642,31.0,3124.0000000000005,True,False,False,e114936e0621dff7c7bc159c46bd5facfdc70ab906a82c5c9f33341b52670f2e,7b21e1c7dd1cfbce1b9a2e68d7ce3d45c5c780c8936f99f9e89bfe4e590f6986
P5_8_0292,292,292,14.6,EV-LAB-001,NORMAL_BASELINE,NORMAL_LABORATORY_STATE,all_lab_rules_within_thresholds,DETERMINISTIC_LABORATORY_RULES,False,False,True,False,False,False,False,40,40,0,0,0,True,True,292,0.9901561737060547,0.9990328550338745,79b84ffa4930ef8992a64aaac2098d87aadad8a9914b8739f86ada313296ee32,0a58960f6142fad4876a7eacf986c1d59f503dc47c53559a858505232b3c6bcf,f8b5283c3e85f1bc8b4e6e3bde6cc88ee2c61eb45dc03299a6432a593d0fcd03,14.6,292.0,57.59,57.79,57.32,-4.800000000000001,-0.26,0.01,-3.8000000000000003,0.035000000000003695,8.600000000000001,28.400000000000002,6.4,1.0,5.2,2.0,3167.0,109.9,1.0,108.7,75.0,64.0,2.0,79.60000000000001,98.0,399.20000000000005,77.2,31.0,0.012,2.0,2.0,1.0,1.0,2.0,0.0,0.0,0.0,1.0,1.0,1.0,1.0,36.0,1.0,1.0,1.0,36.0,0.05,0.0,1.0,1.0,1.0,1.0,0.0,0.0,0.0,0.0,1.0,36.0,0.0,0.0,0.0,0.0,0.0,1.0,1.0,50.0,50.0,0.0,12.6,1.0,0.035000000000003695,0.0,1.2000000000000028,8.600000000000001,30.818240000000007,31.0,3121.1600000000003,True,False,False,7b21e1c7dd1cfbce1b9a2e68d7ce3d45c5c780c8936f99f9e89bfe4e590f6986,ebadaa33932c12c99cc881bc43dc2110899bd73dc43d5ebe212728ec9a31ea15
P5_8_0293,293,293,14.65,EV-LAB-001,NORMAL_BASELINE,NORMAL_LABORATORY_STATE,all_lab_rules_within_thresholds,DETERMINISTIC_LABORATORY_RULES,False,False,True,False,False,False,False,40,40,0,0,0,True,True,293,0.9901643395423889,0.9990323781967163,a4a18d9597d4a4354ce676a9b436d7fac5984aa3ac73731e215bd3cbcc702363,0a58960f6142fad4876a7eacf986c1d59f503dc47c53559a858505232b3c6bcf,f8b5283c3e85f1bc8b4e6e3bde6cc88ee2c61eb45dc03299a6432a593d0fcd03,14.65,293.0,57.46,57.86,57.49,-4.800000000000001,-0.26,0.01,-3.9000000000000004,0.2149999999999963,8.700000000000001,27.200000000000003,6.5,1.0,5.2,2.0,3160.0,108.5,1.0,109.7,76.0,64.0,2.0,79.60000000000001,98.0,398.0,75.7,31.0,0.012,1.9000000000000001,2.0,1.0,1.0,2.0,0.0,0.0,0.0,1.0,1.0,1.0,1.0,37.0,1.0,1.0,1.0,37.0,0.05,0.0,1.0,1.0,1.0,1.0,0.0,0.0,0.0,0.0,1.0,37.0,0.0,0.0,0.0,0.0,0.0,1.0,1.0,50.0,50.0,0.0,12.58,1.0,0.2149999999999963,0.0,1.2000000000000028,8.700000000000001,30.128600000000002,31.0,2951.2000000000003,True,False,False,ebadaa33932c12c99cc881bc43dc2110899bd73dc43d5ebe212728ec9a31ea15,c09abefeeebb590e9d9ea95b240fa124a669a80dbe3e7a028387bb726298b992
P5_8_0294,294,294,14.7,EV-LAB-001,NORMAL_BASELINE,NORMAL_LABORATORY_STATE,all_lab_rules_within_thresholds,DETERMINISTIC_LABORATORY_RULES,False,False,True,False,False,False,False,40,40,0,0,0,True,True,294,0.9901726245880127,0.9990320205688477,53e77a8469ff35c01da621b74928047073c69cdca6871b39dffdcb7ca880aaaf,0a58960f6142fad4876a7eacf986c1d59f503dc47c53559a858505232b3c6bcf,f8b5283c3e85f1bc8b4e6e3bde6cc88ee2c61eb45dc03299a6432a593d0fcd03,14.7,294.0,57.34,57.65,57.120000000000005,-4.800000000000001,-0.26,0.01,-3.9000000000000004,0.045000000000001705,8.700000000000001,28.8,6.5,1.0,5.2,2.0,3153.0,110.5,1.0,109.60000000000001,76.0,64.0,2.0,79.60000000000001,98.0,398.6,78.4,31.0,0.012,1.9000000000000001,2.0,1.0,1.0,2.0,0.0,0.0,0.0,1.0,1.0,1.0,1.0,38.0,1.0,1.0,1.0,38.0,0.05,0.0,1.0,1.0,1.0,1.0,0.0,0.0,0.0,0.0,1.0,38.0,0.0,0.0,0.0,0.0,0.0,1.0,1.0,50.0,50.0,0.0,12.51,1.0,0.045000000000001705,0.0,0.8999999999999915,8.700000000000001,31.250240000000005,31.0,3182.4,True,False,False,c09abefeeebb590e9d9ea95b240fa124a669a80dbe3e7a028387bb726298b992,fe9aec24b556399e65d1d73f8d303a735abb338360a50461dce5daba9e49d81d
P5_8_0295,295,295,14.75,EV-LAB-001,NORMAL_BASELINE,NORMAL_LABORATORY_STATE,all_lab_rules_within_thresholds,DETERMINISTIC_LABORATORY_RULES,False,False,True,False,False,False,False,40,40,0,0,0,True,True,295,0.9901808500289917,0.9990315437316895,934264bfc9bd9293800dc726040bf1a9c0ef032b60578192b84f780e849e80ca,0a58960f6142fad4876a7eacf986c1d59f503dc47c53559a858505232b3c6bcf,f8b5283c3e85f1bc8b4e6e3bde6cc88ee2c61eb45dc03299a6432a593d0fcd03,14.75,295.0,57.21,57.56,56.9,-4.800000000000001,-0.26,0.01,-3.9000000000000004,0.020000000000003126,8.700000000000001,28.8,6.5,1.0,5.2,2.0,3146.0,110.4,1.0,110.0,75.0,64.0,2.0,79.60000000000001,98.0,398.8,75.60000000000001,31.0,0.011,1.8,2.0,1.0,1.0,2.0,0.0,0.0,0.0,1.0,1.0,1.0,1.0,39.0,1.0,1.0,1.0,39.0,0.05,0.0,1.0,1.0,1.0,1.0,0.0,0.0,0.0,0.0,1.0,39.0,0.0,0.0,0.0,0.0,0.0,1.0,1.0,50.0,50.0,0.0,12.6,1.0,0.020000000000003126,0.0,0.4000000000000057,8.700000000000001,30.14928,31.0,3179.5200000000004,True,False,False,fe9aec24b556399e65d1d73f8d303a735abb338360a50461dce5daba9e49d81d,b842f193108c842e7e487a7478cab6847063b2770f2eae71e72654edec720922
P5_8_0296,296,296,14.8,EV-LAB-001,NORMAL_BASELINE,NORMAL_LABORATORY_STATE,all_lab_rules_within_thresholds,DETERMINISTIC_LABORATORY_RULES,False,False,True,False,False,False,False,40,40,0,0,0,True,True,296,0.990189254283905,0.9990311861038208,57bbc2b0a07172a02018fbcdd1ad3522195aee46b51cc60e9411d82096450754,0a58960f6142fad4876a7eacf986c1d59f503dc47c53559a858505232b3c6bcf,f8b5283c3e85f1bc8b4e6e3bde6cc88ee2c61eb45dc03299a6432a593d0fcd03,14.8,296.0,57.08,57.43,56.93,-4.800000000000001,-0.26,0.02,-3.9000000000000004,0.10000000000000142,8.700000000000001,28.0,6.6000000000000005,1.0,5.2,2.0,3139.0,109.2,1.0,110.5,75.0,63.0,2.0,79.60000000000001,98.0,399.20000000000005,76.10000000000001,32.0,0.012,2.0,2.0,1.0,1.0,2.0,0.0,0.0,0.0,1.0,1.0,1.0,1.0,40.0,1.0,1.0,1.0,40.0,0.05,0.0,1.0,1.0,1.0,1.0,0.0,0.0,0.0,0.0,1.0,40.0,0.0,0.0,0.0,0.0,0.0,1.0,1.0,50.0,50.0,0.0,12.530000000000001,1.0,0.10000000000000142,0.0,1.2999999999999972,8.700000000000001,30.379120000000007,32.0,3057.6,True,False,False,b842f193108c842e7e487a7478cab6847063b2770f2eae71e72654edec720922,df6da50cfb00abcd1327eff9cccf229caf4755f24485feb458d360577f738b8f
P5_8_0297,297,297,14.85,EV-LAB-001,NORMAL_BASELINE,NORMAL_LABORATORY_STATE,all_lab_rules_within_thresholds,DETERMINISTIC_LABORATORY_RULES,False,False,True,False,False,False,False,40,40,0,0,0,True,True,297,0.9901975393295288,0.9990307092666626,822420c45d98fec027d9dae67f84a4f4a6e2a2bbf5ac33cbf90a4c991e81f129,0a58960f6142fad4876a7eacf986c1d59f503dc47c53559a858505232b3c6bcf,f8b5283c3e85f1bc8b4e6e3bde6cc88ee2c61eb45dc03299a6432a593d0fcd03,14.85,297.0,56.95,57.36,56.83,-4.800000000000001,-0.26,0.01,-3.8000000000000003,0.14499999999999602,8.600000000000001,28.0,6.6000000000000005,1.0,5.2,2.0,3132.0,109.60000000000001,1.0,108.9,76.0,64.0,2.0,79.60000000000001,98.0,399.3,76.2,31.0,0.011,2.1,2.0,1.0,1.0,2.0,0.0,0.0,0.0,1.0,1.0,1.0,1.0,41.0,1.0,1.0,1.0,41.0,0.05,0.0,1.0,1.0,1.0,1.0,0.0,0.0,0.0,0.0,1.0,41.0,0.0,0.0,0.0,0.0,0.0,1.0,1.0,50.0,50.0,0.0,12.58,1.0,0.14499999999999602,0.0,0.7000000000000028,8.600000000000001,30.426660000000002,31.0,3068.8,True,False,False,df6da50cfb00abcd1327eff9cccf229caf4755f24485feb458d360577f738b8f,23fe32a3d12652b8c743728fcfceefb531bb7f5acf1492b3c87269ba510efa0d
P5_8_0298,298,298,14.9,EV-LAB-001,NORMAL_BASELINE,NORMAL_LABORATORY_STATE,all_lab_rules_within_thresholds,DETERMINISTIC_LABORATORY_RULES,False,False,True,False,False,False,False,40,40,0,0,0,True,True,298,0.9902059435844421,0.9990302324295044,fc60921bf6f0848876b3c96bd62e6cdba1a40777f8ce4527cb53c423fd78d1cd,0a58960f6142fad4876a7eacf986c1d59f503dc47c53559a858505232b3c6bcf,f8b5283c3e85f1bc8b4e6e3bde6cc88ee2c61eb45dc03299a6432a593d0fcd03,14.9,298.0,56.82,57.09,56.68,-4.800000000000001,-0.26,0.01,-3.9000000000000004,0.06500000000000483,8.700000000000001,29.200000000000003,6.6000000000000005,1.0,5.2,2.0,3125.0,110.60000000000001,1.0,112.7,75.0,63.0,2.0,79.60000000000001,98.0,398.40000000000003,76.10000000000001,31.0,0.01,2.0,2.0,1.0,1.0,2.0,0.0,0.0,0.0,1.0,1.0,1.0,1.0,42.0,1.0,1.0,1.0,42.0,0.05,0.0,1.0,1.0,1.0,1.0,0.0,0.0,0.0,0.0,1.0,42.0,0.0,0.0,0.0,0.0,0.0,1.0,1.0,50.0,50.0,0.0,12.61,1.0,0.06500000000000483,0.0,2.0999999999999943,8.700000000000001,30.318240000000007,31.0,3229.5200000000004,True,False,False,23fe32a3d12652b8c743728fcfceefb531bb7f5acf1492b3c87269ba510efa0d,18b169be3a9080df60c14b3c4e38b85b26a8c002326a606ea8547f991930bd95
P5_8_0299,299,299,14.95,EV-LAB-001,NORMAL_BASELINE,NORMAL_LABORATORY_STATE,all_lab_rules_within_thresholds,DETERMINISTIC_LABORATORY_RULES,False,False,True,False,False,False,False,40,40,0,0,0,True,True,299,0.9902142286300659,0.9990298748016357,b8c31f8d7e086d052115d92cb411ba41f91149086188d64219ef40a99fc9a866,0a58960f6142fad4876a7eacf986c1d59f503dc47c53559a858505232b3c6bcf,f8b5283c3e85f1bc8b4e6e3bde6cc88ee2c61eb45dc03299a6432a593d0fcd03,14.95,299.0,56.69,56.71,56.5,-4.800000000000001,-0.27,0.02,-3.9000000000000004,0.08499999999999375,8.700000000000001,25.200000000000003,6.6000000000000005,1.0,5.2,2.0,3118.0,106.0,1.0,106.30000000000001,75.0,63.0,2.0,79.60000000000001,98.0,399.0,73.8,31.0,0.015,2.3000000000000003,2.0,1.0,1.0,2.0,0.0,0.0,0.0,1.0,1.0,1.0,1.0,43.0,1.0,1.0,1.0,43.0,0.05,0.0,1.0,1.0,1.0,1.0,0.0,0.0,0.0,0.0,1.0,43.0,0.0,0.0,0.0,0.0,0.0,1.0,1.0,50.0,50.0,0.0,12.61,1.0,0.08499999999999375,0.0,0.30000000000001137,8.700000000000001,29.446199999999997,31.0,2671.2000000000003,True,False,False,18b169be3a9080df60c14b3c4e38b85b26a8c002326a606ea8547f991930bd95,7fb512f63605d6c9f5c47c3ac54c9a860541289eab9554155c460907e4397f9a
P5_8_0300,300,300,15.0,EV-LAB-001,NORMAL_BASELINE,NORMAL_LABORATORY_STATE,all_lab_rules_within_thresholds,DETERMINISTIC_LABORATORY_RULES,False,False,True,False,False,False,False,40,40,0,0,0,True,True,300,0.990222692489624,0.9990293979644775,5a313c659d6f32aea1b7c020ee03edfe141a6c9fcd5b060ebc057fb8e4ea73e7,0a58960f6142fad4876a7eacf986c1d59f503dc47c53559a858505232b3c6bcf,f8b5283c3e85f1bc8b4e6e3bde6cc88ee2c61eb45dc03299a6432a593d0fcd03,15.0,300.0,56.56,56.730000000000004,56.36,-4.800000000000001,-0.27,0.01,-3.9000000000000004,0.015000000000000568,8.700000000000001,28.8,6.6000000000000005,1.0,5.2,2.0,3111.0,110.10000000000001,1.0,109.80000000000001,75.0,63.0,2.0,79.60000000000001,98.0,398.1,77.5,31.0,0.012,1.9000000000000001,2.0,1.0,1.0,2.0,0.0,0.0,0.0,1.0,1.0,1.0,1.0,44.0,1.0,1.0,1.0,44.0,0.05,0.0,1.0,1.0,1.0,1.0,0.0,0.0,0.0,0.0,1.0,44.0,0.0,0.0,0.0,0.0,0.0,1.0,1.0,50.0,50.0,0.0,12.58,1.0,0.015000000000000568,0.0,0.29999999999999716,8.700000000000001,30.85275,31.0,3170.88,True,False,False,7fb512f63605d6c9f5c47c3ac54c9a860541289eab9554155c460907e4397f9a,9e30809150274aea8233c6b4ca0453dab6708c83b5a6b8115d98adc8b5f8a2df
P5_8_0301,301,301,15.05,EV-LAB-001,NORMAL_BASELINE,NORMAL_LABORATORY_STATE,all_lab_rules_within_thresholds,DETERMINISTIC_LABORATORY_RULES,False,False,True,False,False,False,False,40,40,0,0,0,True,True,301,0.9902310967445374,0.9990289211273193,a488092ca98033438109895ca26ec0fd87b5ade45d529e5f14c9dc927be5257c,0a58960f6142fad4876a7eacf986c1d59f503dc47c53559a858505232b3c6bcf,f8b5283c3e85f1bc8b4e6e3bde6cc88ee2c61eb45dc03299a6432a593d0fcd03,15.05,301.0,56.43,56.620000000000005,56.21,-4.800000000000001,-0.27,0.01,-3.8000000000000003,0.014999999999993463,8.600000000000001,26.8,6.7,1.0,5.2,2.0,3104.0,107.80000000000001,1.0,109.10000000000001,75.0,64.0,2.0,79.60000000000001,98.0,398.90000000000003,77.0,31.0,0.015,2.0,2.0,1.0,1.0,2.0,0.0,0.0,0.0,1.0,1.0,1.0,1.0,45.0,1.0,1.0,1.0,45.0,0.05,0.0,1.0,1.0,1.0,1.0,0.0,0.0,0.0,0.0,1.0,45.0,0.0,0.0,0.0,0.0,0.0,1.0,1.0,50.0,50.0,0.0,12.64,1.0,0.014999999999993463,0.0,1.2999999999999972,8.600000000000001,30.715300000000003,31.0,2889.0400000000004,True,False,False,9e30809150274aea8233c6b4ca0453dab6708c83b5a6b8115d98adc8b5f8a2df,cb8d3dda932b513a77be48785347a21ef39a0a4afc78a2b70e0471fd60d0f46a
P5_8_0302,302,302,15.1,EV-LAB-001,NORMAL_BASELINE,NORMAL_LABORATORY_STATE,all_lab_rules_within_thresholds,DETERMINISTIC_LABORATORY_RULES,False,False,True,False,False,False,False,40,40,0,0,0,True,True,302,0.9902395009994507,0.9990285634994507,92bdb97d2ae65aba13d0208ef7631a97a8255c325197f903976d510cef39f8fb,0a58960f6142fad4876a7eacf986c1d59f503dc47c53559a858505232b3c6bcf,f8b5283c3e85f1bc8b4e6e3bde6cc88ee2c61eb45dc03299a6432a593d0fcd03,15.1,302.0,56.300000000000004,56.550000000000004,56.13,-4.800000000000001,-0.27,0.01,-3.8000000000000003,0.03999999999999915,8.600000000000001,26.400000000000002,6.7,1.0,5.2,2.0,3096.0,107.60000000000001,1.0,108.2,75.0,65.0,2.0,79.60000000000001,98.0,399.3,77.30000000000001,31.0,0.015,2.1,2.0,1.0,1.0,2.0,0.0,0.0,0.0,1.0,1.0,1.0,1.0,46.0,1.0,1.0,1.0,46.0,0.05,0.0,1.0,1.0,1.0,1.0,0.0,0.0,0.0,0.0,1.0,46.0,0.0,0.0,0.0,0.0,0.0,1.0,1.0,50.0,50.0,0.0,12.6,1.0,0.03999999999999915,0.0,0.5999999999999943,8.600000000000001,30.865890000000007,31.0,2840.6400000000003,True,False,False,cb8d3dda932b513a77be48785347a21ef39a0a4afc78a2b70e0471fd60d0f46a,4228d1e9562dd35b444ae613581d3877ea02dc3f371c8f987147a9e1989b0ee0
P5_8_0303,303,303,15.15,EV-LAB-001,NORMAL_BASELINE,NORMAL_LABORATORY_STATE,all_lab_rules_within_thresholds,DETERMINISTIC_LABORATORY_RULES,False,False,True,False,False,False,False,40,40,0,0,0,True,True,303,0.9902480244636536,0.9990280866622925,a77000d93029955dfc66c73327e8acfb57ccfa3423a045ee5f696b92b44067f8,0a58960f6142fad4876a7eacf986c1d59f503dc47c53559a858505232b3c6bcf,f8b5283c3e85f1bc8b4e6e3bde6cc88ee2c61eb45dc03299a6432a593d0fcd03,15.15,303.0,56.17,56.29,55.95,-4.800000000000001,-0.27,0.01,-3.8000000000000003,0.04999999999999716,8.600000000000001,26.400000000000002,6.7,1.0,5.2,2.0,3089.0,107.2,1.0,106.5,75.0,63.0,2.0,79.60000000000001,98.0,398.20000000000005,75.9,31.0,0.013000000000000001,1.8,2.0,1.0,1.0,2.0,0.0,0.0,0.0,1.0,1.0,1.0,1.0,47.0,1.0,1.0,1.0,47.0,0.05,0.0,1.0,1.0,1.0,1.0,0.0,0.0,0.0,0.0,1.0,47.0,0.0,0.0,0.0,0.0,0.0,1.0,1.0,50.0,50.0,0.0,12.61,1.0,0.04999999999999716,0.0,0.7000000000000028,8.600000000000001,30.223380000000006,31.0,2830.0800000000004,True,False,False,4228d1e9562dd35b444ae613581d3877ea02dc3f371c8f987147a9e1989b0ee0,1843271594cf1e7e5748519a8d570fb774d5e4b5c7cf19ace33e8d34c99db608
P5_8_0304,304,304,15.2,EV-LAB-001,NORMAL_BASELINE,NORMAL_LABORATORY_STATE,all_lab_rules_within_thresholds,DETERMINISTIC_LABORATORY_RULES,False,False,True,False,False,False,False,40,40,0,0,0,True,True,304,0.9902564287185669,0.9990276098251343,4f001e992ceb373293b3104083f0c0fc631df7537155a61c257b77ec746dfdd2,0a58960f6142fad4876a7eacf986c1d59f503dc47c53559a858505232b3c6bcf,f8b5283c3e85f1bc8b4e6e3bde6cc88ee2c61eb45dc03299a6432a593d0fcd03,15.2,304.0,56.04,56.22,55.910000000000004,-4.7,-0.27,0.02,-3.8000000000000003,0.02499999999999858,8.5,27.6,6.7,1.0,5.2,2.0,3082.0,108.7,1.0,108.80000000000001,74.0,64.0,2.0,79.60000000000001,98.0,399.40000000000003,74.2,31.0,0.014,1.9000000000000001,2.0,1.0,1.0,2.0,0.0,0.0,0.0,1.0,1.0,1.0,1.0,48.0,1.0,1.0,1.0,48.0,0.05,0.0,1.0,1.0,1.0,1.0,0.0,0.0,0.0,0.0,1.0,48.0,0.0,0.0,0.0,0.0,0.0,1.0,1.0,50.0,50.0,0.0,12.56,1.0,0.02499999999999858,0.0,0.10000000000000853,8.5,29.635480000000005,31.0,3000.1200000000003,True,False,False,1843271594cf1e7e5748519a8d570fb774d5e4b5c7cf19ace33e8d34c99db608,cc73eb015d884e2bc552d8dca4906bc373a0c8ca651306f6d24a4605c2b3ff27
P5_8_0305,305,305,15.25,EV-LAB-001,NORMAL_BASELINE,NORMAL_LABORATORY_STATE,all_lab_rules_within_thresholds,DETERMINISTIC_LABORATORY_RULES,False,False,True,False,False,False,False,40,40,0,0,0,True,True,305,0.990264892578125,0.9990272521972656,ca5ae67434169ecfbb5d8f9e68d7a7d13f5efe7209c1ebd0915be3eaf6610da2,0a58960f6142fad4876a7eacf986c1d59f503dc47c53559a858505232b3c6bcf,f8b5283c3e85f1bc8b4e6e3bde6cc88ee2c61eb45dc03299a6432a593d0fcd03,15.25,305.0,55.9,56.11,55.620000000000005,-4.7,-0.27,0.01,-3.9000000000000004,0.03499999999999659,8.600000000000001,26.400000000000002,6.7,1.0,5.2,2.0,3075.0,107.60000000000001,1.0,108.4,75.0,63.0,2.0,79.60000000000001,98.0,398.6,74.9,31.0,0.015,1.9000000000000001,2.0,1.0,1.0,2.0,0.0,0.0,0.0,1.0,1.0,1.0,1.0,49.0,1.0,1.0,1.0,49.0,0.05,0.0,1.0,1.0,1.0,1.0,0.0,0.0,0.0,0.0,1.0,49.0,0.0,0.0,0.0,0.0,0.0,1.0,1.0,50.0,50.0,0.0,12.57,1.0,0.03499999999999659,0.0,0.7999999999999972,8.600000000000001,29.855140000000002,31.0,2840.6400000000003,True,False,False,cc73eb015d884e2bc552d8dca4906bc373a0c8ca651306f6d24a4605c2b3ff27,bda9d3c0c7947cc3c0645dda34ad56427df92e852603802b8773b82e3529e5c6
P5_8_0306,306,306,15.3,EV-LAB-001,NORMAL_BASELINE,NORMAL_LABORATORY_STATE,all_lab_rules_within_thresholds,DETERMINISTIC_LABORATORY_RULES,False,False,True,False,False,False,False,40,40,0,0,0,True,True,306,0.9902734160423279,0.9990267753601074,2644f5421cf0f3bec42cbf024d2fa9efc22d435e8489b1567dff648854c189c8,0a58960f6142fad4876a7eacf986c1d59f503dc47c53559a858505232b3c6bcf,f8b5283c3e85f1bc8b4e6e3bde6cc88ee2c61eb45dc03299a6432a593d0fcd03,15.3,306.0,55.77,56.07,55.59,-4.7,-0.27,0.01,-3.7,0.05999999999999517,8.4,26.8,6.7,1.0,5.2,2.0,3067.0,107.9,1.0,109.0,75.0,64.0,2.0,79.60000000000001,98.0,398.5,74.9,31.0,0.013000000000000001,1.9000000000000001,2.0,1.0,1.0,2.0,0.0,0.0,0.0,1.0,1.0,1.0,1.0,50.0,1.0,1.0,1.0,50.0,0.05,0.0,1.0,1.0,1.0,1.0,0.0,0.0,0.0,0.0,1.0,50.0,0.0,0.0,0.0,0.0,0.0,1.0,1.0,50.0,50.0,0.0,12.59,1.0,0.05999999999999517,0.0,1.0999999999999943,8.4,29.84765,31.0,2891.7200000000003,True,False,False,bda9d3c0c7947cc3c0645dda34ad56427df92e852603802b8773b82e3529e5c6,770d380afa9deaa1b0a59600aad1a397bd7ccb6ce6eb0abf600dee661a9c2cd3
P5_8_0307,307,307,15.35,EV-LAB-001,NORMAL_BASELINE,NORMAL_LABORATORY_STATE,all_lab_rules_within_thresholds,DETERMINISTIC_LABORATORY_RULES,False,False,True,False,False,False,False,40,40,0,0,0,True,True,307,0.9902818202972412,0.9990262985229492,80b033a31422909be8293393702fdb27fdce5bc000a25e0ff8bc4d26ba82b4c3,0a58960f6142fad4876a7eacf986c1d59f503dc47c53559a858505232b3c6bcf,f8b5283c3e85f1bc8b4e6e3bde6cc88ee2c61eb45dc03299a6432a593d0fcd03,15.35,307.0,55.64,55.9,55.46,-4.7,-0.27,0.01,-3.8000000000000003,0.03999999999999915,8.5,28.0,6.7,1.0,5.2,2.0,3060.0,109.4,1.0,108.5,74.0,64.0,2.0,79.60000000000001,98.0,398.90000000000003,76.80000000000001,31.0,0.012,2.1,2.0,1.0,1.0,2.0,0.0,0.0,0.0,1.0,1.0,1.0,1.0,51.0,1.0,1.0,1.0,51.0,0.05,0.0,1.0,1.0,1.0,1.0,0.0,0.0,0.0,0.0,1.0,51.0,0.0,0.0,0.0,0.0,0.0,1.0,1.0,50.0,50.0,0.0,12.61,1.0,0.03999999999999915,0.0,0.9000000000000057,8.5,30.635520000000007,31.0,3063.2000000000003,True,False,False,770d380afa9deaa1b0a59600aad1a397bd7ccb6ce6eb0abf600dee661a9c2cd3,a6bf43b99f218850bcb0bff18447991c4748f845ed9de28ae4350cae8ff7fd99
P5_8_0308,308,308,15.4,EV-LAB-001,NORMAL_BASELINE,NORMAL_LABORATORY_STATE,all_lab_rules_within_thresholds,DETERMINISTIC_LABORATORY_RULES,False,False,True,False,False,False,False,40,40,0,0,0,True,True,308,0.9902903437614441,0.999025821685791,faa074dcd2d3b25230b74d918879a8d14a8cf8c08656e14c375b7df5bdde31ab,0a58960f6142fad4876a7eacf986c1d59f503dc47c53559a858505232b3c6bcf,f8b5283c3e85f1bc8b4e6e3bde6cc88ee2c61eb45dc03299a6432a593d0fcd03,15.4,308.0,55.51,55.76,55.28,-4.7,-0.27,0.01,-3.7,0.00999999999999801,8.4,26.0,6.7,1.0,5.2,2.0,3053.0,106.80000000000001,1.0,104.2,75.0,64.0,2.0,79.60000000000001,98.0,398.6,75.4,31.0,0.015,2.2,2.0,1.0,1.0,2.0,0.0,0.0,0.0,1.0,1.0,1.0,1.0,52.0,1.0,1.0,1.0,52.0,0.05,0.0,1.0,1.0,1.0,1.0,0.0,0.0,0.0,0.0,1.0,52.0,0.0,0.0,0.0,0.0,0.0,1.0,1.0,50.0,50.0,0.0,12.61,1.0,0.00999999999999801,0.0,2.6000000000000085,8.4,30.054440000000003,31.0,2776.8,True,False,False,a6bf43b99f218850bcb0bff18447991c4748f845ed9de28ae4350cae8ff7fd99,5469ec3fc825a28b8e906119c413cfe26ad05be939b3c11ae595c400403e874d
P5_8_0309,309,309,15.45,EV-LAB-001,NORMAL_BASELINE,NORMAL_LABORATORY_STATE,all_lab_rules_within_thresholds,DETERMINISTIC_LABORATORY_RULES,False,False,True,False,False,False,False,40,40,0,0,0,True,True,309,0.9902987480163574,0.9990254640579224,f18c30e6102546fb47e2b9ac6fcdf7f415cb1d45d071c61c5135aea336175942,0a58960f6142fad4876a7eacf986c1d59f503dc47c53559a858505232b3c6bcf,f8b5283c3e85f1bc8b4e6e3bde6cc88ee2c61eb45dc03299a6432a593d0fcd03,15.45,309.0,55.38,55.68,55.13,-4.6000000000000005,-0.27,0.01,-3.7,0.02499999999999858,8.3,26.0,6.7,1.0,5.2,2.0,3046.0,107.10000000000001,1.0,106.80000000000001,74.0,63.0,2.0,79.60000000000001,98.0,397.70000000000005,75.8,31.0,0.011,1.8,2.0,1.0,1.0,2.0,0.0,0.0,0.0,1.0,1.0,1.0,1.0,53.0,1.0,1.0,1.0,53.0,0.05,0.0,1.0,1.0,1.0,1.0,0.0,0.0,0.0,0.0,1.0,53.0,0.0,0.0,0.0,0.0,0.0,1.0,1.0,50.0,50.0,0.0,12.56,1.0,0.02499999999999858,0.0,0.29999999999999716,8.3,30.145660000000003,31.0,2784.6000000000004,True,False,False,5469ec3fc825a28b8e906119c413cfe26ad05be939b3c11ae595c400403e874d,1e35aecb363a2b49483d7e55ee951c7fdce686b90c2aea5db0c05c8e68b758ec
P5_8_0310,310,310,15.5,EV-LAB-001,NORMAL_BASELINE,NORMAL_LABORATORY_STATE,all_lab_rules_within_thresholds,DETERMINISTIC_LABORATORY_RULES,False,False,True,False,False,False,False,40,40,0,0,0,True,True,310,0.9903072118759155,0.9990249872207642,0bce687559c05eac1634f81f1baa720a4570a9cc67ac6f139e2022decdd6f0a6,0a58960f6142fad4876a7eacf986c1d59f503dc47c53559a858505232b3c6bcf,f8b5283c3e85f1bc8b4e6e3bde6cc88ee2c61eb45dc03299a6432a593d0fcd03,15.5,310.0,55.25,55.39,55.03,-4.6000000000000005,-0.27,0.01,-3.6,0.03999999999999915,8.200000000000001,25.200000000000003,6.7,1.0,5.2,2.0,3039.0,106.0,1.0,105.4,74.0,63.0,2.0,79.60000000000001,98.0,398.40000000000003,74.60000000000001,31.0,0.014,2.3000000000000003,2.0,1.0,1.0,2.0,0.0,0.0,0.0,1.0,1.0,1.0,1.0,54.0,1.0,1.0,1.0,54.0,0.05,0.0,1.0,1.0,1.0,1.0,0.0,0.0,0.0,0.0,1.0,54.0,0.0,0.0,0.0,0.0,0.0,1.0,1.0,50.0,50.0,0.0,12.57,1.0,0.03999999999999915,0.0,0.5999999999999943,8.200000000000001,29.720640000000007,31.0,2671.2000000000003,True,False,False,1e35aecb363a2b49483d7e55ee951c7fdce686b90c2aea5db0c05c8e68b758ec,cf4ebf902eb0de2c27299b4d7492c7d85adc381cc565480fdadd87fe35d59ae5
P5_8_0311,311,311,15.55,EV-LAB-001,NORMAL_BASELINE,NORMAL_LABORATORY_STATE,all_lab_rules_within_thresholds,DETERMINISTIC_LABORATORY_RULES,False,False,True,False,False,False,False,40,40,0,0,0,True,True,311,0.9903156161308289,0.999024510383606,2dea20b028f97373bf36f769a7098304a480f577d456de4a658f4e6c7efbbaab,0a58960f6142fad4876a7eacf986c1d59f503dc47c53559a858505232b3c6bcf,f8b5283c3e85f1bc8b4e6e3bde6cc88ee2c61eb45dc03299a6432a593d0fcd03,15.55,311.0,55.120000000000005,55.36,54.92,-4.6000000000000005,-0.27,0.02,-3.7,0.01999999999999602,8.3,26.400000000000002,6.6000000000000005,1.0,5.2,2.0,3032.0,107.5,1.0,107.5,75.0,63.0,2.0,79.60000000000001,98.0,398.40000000000003,75.60000000000001,31.0,0.012,1.9000000000000001,2.0,1.0,1.0,2.0,0.0,0.0,0.0,1.0,1.0,1.0,1.0,55.0,1.0,1.0,1.0,55.0,0.05,0.0,1.0,1.0,1.0,1.0,0.0,0.0,0.0,0.0,1.0,55.0,0.0,0.0,0.0,0.0,0.0,1.0,1.0,50.0,50.0,0.0,12.59,1.0,0.01999999999999602,0.0,0.0,8.3,30.119040000000005,31.0,2838.0000000000005,True,False,False,cf4ebf902eb0de2c27299b4d7492c7d85adc381cc565480fdadd87fe35d59ae5,b76a380bc7f94cf69b4796b3b2dc5319eb618803eb29fa6a4bc54ff339d58c5b
P5_8_0312,312,312,15.6,EV-LAB-001,NORMAL_BASELINE,NORMAL_LABORATORY_STATE,all_lab_rules_within_thresholds,DETERMINISTIC_LABORATORY_RULES,False,False,True,False,False,False,False,40,40,0,0,0,True,True,312,0.9903239011764526,0.9990241527557373,f81cc1144d6b2617bde56c15d023c59f5dd29141d132f2ec52a05d7a1aafecb2,0a58960f6142fad4876a7eacf986c1d59f503dc47c53559a858505232b3c6bcf,f8b5283c3e85f1bc8b4e6e3bde6cc88ee2c61eb45dc03299a6432a593d0fcd03,15.6,312.0,54.99,55.31,54.9,-4.5,-0.26,0.01,-3.6,0.11500000000000199,8.1,26.400000000000002,6.6000000000000005,1.0,5.2,2.0,3024.0,107.5,1.0,109.0,74.0,63.0,2.0,79.60000000000001,98.0,398.8,76.9,31.0,0.01,2.0,2.0,1.0,1.0,2.0,0.0,0.0,0.0,1.0,1.0,1.0,1.0,56.0,1.0,1.0,1.0,56.0,0.05,0.0,1.0,1.0,1.0,1.0,0.0,0.0,0.0,0.0,1.0,56.0,0.0,0.0,0.0,0.0,0.0,1.0,1.0,50.0,50.0,0.0,12.530000000000001,1.0,0.11500000000000199,0.0,1.5,8.1,30.667720000000006,31.0,2838.0000000000005,True,False,False,b76a380bc7f94cf69b4796b3b2dc5319eb618803eb29fa6a4bc54ff339d58c5b,eae753264faa634b8d5c2d5528b6542ba80af76482f45a80931762115da178e6
P5_8_0313,313,313,15.65,EV-LAB-001,NORMAL_BASELINE,NORMAL_LABORATORY_STATE,all_lab_rules_within_thresholds,DETERMINISTIC_LABORATORY_RULES,False,False,True,False,False,False,False,40,40,0,0,0,True,True,313,0.990332305431366,0.9990236759185791,31e88986e06e5fc5cc40c29346a4866d971a7e46b350d5b31c02a2381d7fe709,0a58960f6142fad4876a7eacf986c1d59f503dc47c53559a858505232b3c6bcf,f8b5283c3e85f1bc8b4e6e3bde6cc88ee2c61eb45dc03299a6432a593d0fcd03,15.65,313.0,54.86,54.980000000000004,54.74,-4.5,-0.26,0.02,-3.6,0.0,8.1,25.6,6.6000000000000005,1.0,5.2,2.0,3017.0,106.60000000000001,1.0,105.0,74.0,63.0,2.0,79.60000000000001,98.0,398.6,76.0,31.0,0.012,2.2,2.0,1.0,1.0,2.0,0.0,0.0,0.0,1.0,1.0,1.0,1.0,57.0,1.0,1.0,1.0,57.0,0.05,0.0,1.0,1.0,1.0,1.0,0.0,0.0,0.0,0.0,1.0,57.0,0.0,0.0,0.0,0.0,0.0,1.0,1.0,50.0,50.0,0.0,12.620000000000001,1.0,0.0,0.0,1.6000000000000085,8.1,30.2936,31.0,2728.9600000000005,True,False,False,eae753264faa634b8d5c2d5528b6542ba80af76482f45a80931762115da178e6,cd82a8ba884a3781b698481c039188f18afdf326ee7127eb8b48d6e499b5f814
P5_8_0314,314,314,15.7,EV-LAB-001,NORMAL_BASELINE,NORMAL_LABORATORY_STATE,all_lab_rules_within_thresholds,DETERMINISTIC_LABORATORY_RULES,False,False,True,False,False,False,False,40,40,0,0,0,True,True,314,0.9903406500816345,0.9990231990814209,11910d34cd9d674f29ba9a045333a436275b5336d640b67383f745945b85d890,0a58960f6142fad4876a7eacf986c1d59f503dc47c53559a858505232b3c6bcf,f8b5283c3e85f1bc8b4e6e3bde6cc88ee2c61eb45dc03299a6432a593d0fcd03,15.7,314.0,54.730000000000004,54.97,54.660000000000004,-4.4,-0.26,0.01,-3.6,0.08499999999999375,8.0,26.8,6.6000000000000005,1.0,5.2,2.0,3010.0,108.10000000000001,1.0,109.5,74.0,63.0,2.0,79.60000000000001,98.0,398.5,76.4,31.0,0.005,1.7000000000000002,2.0,1.0,1.0,2.0,0.0,0.0,0.0,1.0,1.0,1.0,1.0,58.0,1.0,1.0,1.0,58.0,0.05,0.0,1.0,1.0,1.0,1.0,0.0,0.0,0.0,0.0,1.0,58.0,0.0,0.0,0.0,0.0,0.0,1.0,1.0,50.0,50.0,0.0,12.67,1.0,0.08499999999999375,0.0,1.3999999999999915,8.0,30.445400000000003,31.0,2897.0800000000004,True,False,False,cd82a8ba884a3781b698481c039188f18afdf326ee7127eb8b48d6e499b5f814,24277161e4880d9171f386bbcc7954534026bec68ca2d48f23978f1145b4e282
P5_8_0315,315,315,15.75,EV-LAB-001,NORMAL_BASELINE,NORMAL_LABORATORY_STATE,all_lab_rules_within_thresholds,DETERMINISTIC_LABORATORY_RULES,False,False,True,False,False,False,False,40,40,0,0,0,True,True,315,0.9903489351272583,0.9990227222442627,22f7f0fb03cd311cdbe93e45fb4a54b6e50be5e355c4ff7a976f56d4676e3f9e,0a58960f6142fad4876a7eacf986c1d59f503dc47c53559a858505232b3c6bcf,f8b5283c3e85f1bc8b4e6e3bde6cc88ee2c61eb45dc03299a6432a593d0fcd03,15.75,315.0,54.6,54.88,54.39,-4.4,-0.26,0.02,-3.5,0.035000000000003695,7.9,25.6,6.5,1.0,5.2,2.0,3003.0,106.7,1.0,106.9,74.0,63.0,2.0,79.60000000000001,98.0,399.1,73.2,31.0,0.011,2.0,2.0,1.0,1.0,2.0,0.0,0.0,0.0,1.0,1.0,1.0,1.0,59.0,1.0,1.0,1.0,59.0,0.05,0.0,1.0,1.0,1.0,1.0,0.0,0.0,0.0,0.0,1.0,59.0,0.0,0.0,0.0,0.0,0.0,1.0,1.0,50.0,50.0,0.0,12.56,1.0,0.035000000000003695,0.0,0.20000000000000284,7.9,29.21412,31.0,2731.5200000000004,True,False,False,24277161e4880d9171f386bbcc7954534026bec68ca2d48f23978f1145b4e282,6792d8c4c869c00e33aa2de3f76b66645e77422858565a0653d000c4999c3567
P5_8_0316,316,316,15.8,EV-LAB-001,NORMAL_BASELINE,NORMAL_LABORATORY_STATE,all_lab_rules_within_thresholds,DETERMINISTIC_LABORATORY_RULES,False,False,True,False,False,False,False,40,40,0,0,0,True,True,316,0.9903572201728821,0.999022364616394,7a188600c7198fd203586dd743281a854ca37bebb997577a66024fea3b73b02b,0a58960f6142fad4876a7eacf986c1d59f503dc47c53559a858505232b3c6bcf,f8b5283c3e85f1bc8b4e6e3bde6cc88ee2c61eb45dc03299a6432a593d0fcd03,15.8,316.0,54.480000000000004,54.72,54.25,-4.4,-0.26,0.01,-3.5,0.0049999999999954525,7.9,24.0,6.5,1.0,5.2,2.0,2996.0,104.60000000000001,1.0,104.0,74.0,64.0,2.0,79.60000000000001,98.0,398.1,73.5,31.0,0.014,2.0,2.0,1.0,1.0,2.0,0.0,0.0,0.0,1.0,1.0,1.0,1.0,60.0,1.0,1.0,1.0,60.0,0.05,0.0,1.0,1.0,1.0,1.0,0.0,0.0,0.0,0.0,1.0,60.0,0.0,0.0,0.0,0.0,0.0,1.0,1.0,50.0,50.0,0.0,12.58,1.0,0.0049999999999954525,0.0,0.6000000000000085,7.9,29.260350000000003,31.0,2510.4,True,False,False,6792d8c4c869c00e33aa2de3f76b66645e77422858565a0653d000c4999c3567,c6b0703fba9e2bc8fb107b7d4e933780f5fe71214c2402186ced9730af4a7180
P5_8_0317,317,317,15.85,EV-LAB-001,NORMAL_BASELINE,NORMAL_LABORATORY_STATE,all_lab_rules_within_thresholds,DETERMINISTIC_LABORATORY_RULES,False,False,True,False,False,False,False,40,40,0,0,0,True,True,317,0.9903653860092163,0.9990218877792358,3af33bac65d3ca22350a44994827b51193d29bfbfdb2bc0d8f1563ae87ca0c8c,0a58960f6142fad4876a7eacf986c1d59f503dc47c53559a858505232b3c6bcf,f8b5283c3e85f1bc8b4e6e3bde6cc88ee2c61eb45dc03299a6432a593d0fcd03,15.85,317.0,54.35,54.6,54.26,-4.3,-0.26,0.02,-3.4000000000000004,0.0799999999999983,7.7,26.400000000000002,6.5,1.0,5.2,2.0,2989.0,107.7,1.0,106.9,74.0,63.0,2.0,79.60000000000001,98.0,399.1,76.3,31.0,0.013000000000000001,2.0,2.0,1.0,1.0,2.0,0.0,0.0,0.0,1.0,1.0,1.0,1.0,61.0,1.0,1.0,1.0,61.0,0.05,0.0,1.0,1.0,1.0,1.0,0.0,0.0,0.0,0.0,1.0,61.0,0.0,0.0,0.0,0.0,0.0,1.0,1.0,50.0,50.0,0.0,12.59,1.0,0.0799999999999983,0.0,0.7999999999999972,7.7,30.451330000000002,31.0,2843.28,True,False,False,c6b0703fba9e2bc8fb107b7d4e933780f5fe71214c2402186ced9730af4a7180,85159312789b00204644a79c12c872a2d08f000cf5e15d80a4dccf746ee395d9
P5_8_0318,318,318,15.9,EV-LAB-001,NORMAL_BASELINE,NORMAL_LABORATORY_STATE,all_lab_rules_within_thresholds,DETERMINISTIC_LABORATORY_RULES,False,False,True,False,False,False,False,40,40,0,0,0,True,True,318,0.9903734922409058,0.9990214109420776,b58522a2fedcdc2b319b002ce6897ab467056a71272ba4a461ee52c729d28c61,0a58960f6142fad4876a7eacf986c1d59f503dc47c53559a858505232b3c6bcf,f8b5283c3e85f1bc8b4e6e3bde6cc88ee2c61eb45dc03299a6432a593d0fcd03,15.9,318.0,54.22,54.61,54.06,-4.3,-0.26,0.01,-3.4000000000000004,0.11500000000000199,7.7,26.0,6.4,1.0,5.2,2.0,2982.0,106.9,1.0,107.4,74.0,64.0,2.0,79.60000000000001,98.0,398.8,75.2,31.0,0.009000000000000001,2.2,2.0,1.0,1.0,2.0,0.0,0.0,0.0,1.0,1.0,1.0,1.0,62.0,1.0,1.0,1.0,62.0,0.05,0.0,1.0,1.0,1.0,1.0,0.0,0.0,0.0,0.0,1.0,62.0,0.0,0.0,0.0,0.0,0.0,1.0,1.0,50.0,50.0,0.0,12.620000000000001,1.0,0.11500000000000199,0.0,0.5,7.7,29.98976,31.0,2779.4,True,False,False,85159312789b00204644a79c12c872a2d08f000cf5e15d80a4dccf746ee395d9,1e932aacfbc9b657e677b3d6b53a24ac87016384030d2631ef440ce5534d843d
P5_8_0319,319,319,15.95,EV-LAB-001,NORMAL_BASELINE,NORMAL_LABORATORY_STATE,all_lab_rules_within_thresholds,DETERMINISTIC_LABORATORY_RULES,False,False,True,False,False,False,False,40,40,0,0,0,True,True,319,0.99038165807724,0.999021053314209,7284aabea9df6eeb1626ea94d7763909862b13419c10f539e4b7882754f76666,0a58960f6142fad4876a7eacf986c1d59f503dc47c53559a858505232b3c6bcf,f8b5283c3e85f1bc8b4e6e3bde6cc88ee2c61eb45dc03299a6432a593d0fcd03,15.95,319.0,54.1,54.300000000000004,53.76,-4.2,-0.26,0.02,-3.3000000000000003,0.07000000000000028,7.5,27.6,6.4,1.0,5.2,2.0,2975.0,108.80000000000001,1.0,108.5,73.0,64.0,2.0,79.60000000000001,98.0,398.70000000000005,74.4,31.0,0.012,1.9000000000000001,2.0,1.0,1.0,2.0,0.0,0.0,0.0,1.0,1.0,1.0,1.0,63.0,1.0,1.0,1.0,63.0,0.05,0.0,1.0,1.0,1.0,1.0,0.0,0.0,0.0,0.0,1.0,63.0,0.0,0.0,0.0,0.0,0.0,1.0,1.0,50.0,50.0,0.0,12.66,1.0,0.07000000000000028,0.0,0.30000000000001137,7.5,29.663280000000007,31.0,3002.8800000000006,True,False,False,1e932aacfbc9b657e677b3d6b53a24ac87016384030d2631ef440ce5534d843d,c4093978d6b869db163f62616b39be3001627c11819e882772892936d01b135e
P5_8_0320,320,320,16.0,EV-LAB-001,NORMAL_BASELINE,NORMAL_LABORATORY_STATE,all_lab_rules_within_thresholds,DETERMINISTIC_LABORATORY_RULES,False,False,True,False,False,False,False,40,40,0,0,0,True,True,320,0.9903897643089294,0.9990205764770508,99f83c6eb7e217895bcc058d81c83bee3f7e1b1a4927111eb8994b77056de2e8,0a58960f6142fad4876a7eacf986c1d59f503dc47c53559a858505232b3c6bcf,f8b5283c3e85f1bc8b4e6e3bde6cc88ee2c61eb45dc03299a6432a593d0fcd03,16.0,320.0,53.97,54.14,53.78,-4.2,-0.25,0.01,-3.3000000000000003,0.00999999999999801,7.5,26.0,6.4,1.0,5.2,2.0,2968.0,107.30000000000001,1.0,108.2,73.0,63.0,2.0,79.60000000000001,98.0,398.3,76.4,31.0,0.016,2.2,2.0,1.0,1.0,2.0,0.0,0.0,0.0,1.0,1.0,1.0,1.0,64.0,1.0,1.0,1.0,64.0,0.05,0.0,1.0,1.0,1.0,1.0,0.0,0.0,0.0,0.0,1.0,64.0,0.0,0.0,0.0,0.0,0.0,1.0,1.0,50.0,50.0,0.0,12.61,1.0,0.00999999999999801,0.0,0.8999999999999915,7.5,30.430120000000002,31.0,2789.8,True,False,False,c4093978d6b869db163f62616b39be3001627c11819e882772892936d01b135e,b2f9f295f76241f75a12ce1dcea836fb3de1f78f769c885f95c35311799cf407
P5_8_0321,321,321,16.05,EV-LAB-001,NORMAL_BASELINE,NORMAL_LABORATORY_STATE,all_lab_rules_within_thresholds,DETERMINISTIC_LABORATORY_RULES,False,False,True,False,False,False,False,40,40,0,0,0,True,True,321,0.9903976917266846,0.9990200996398926,b0a113f7d87317f601ba787142672d1454b587a187b85544fd4134ef3f742646,0a58960f6142fad4876a7eacf986c1d59f503dc47c53559a858505232b3c6bcf,f8b5283c3e85f1bc8b4e6e3bde6cc88ee2c61eb45dc03299a6432a593d0fcd03,16.05,321.0,53.85,54.08,53.71,-4.1000000000000005,-0.25,0.01,-3.3000000000000003,0.0449999999999946,7.4,25.200000000000003,6.300000000000001,1.0,5.2,2.0,2962.0,106.4,1.0,105.30000000000001,74.0,62.0,2.0,79.60000000000001,98.0,398.8,74.7,31.0,0.009000000000000001,2.0,2.0,1.0,1.0,2.0,0.0,0.0,0.0,1.0,1.0,1.0,1.0,65.0,1.0,1.0,1.0,65.0,0.05,0.0,1.0,1.0,1.0,1.0,0.0,0.0,0.0,0.0,1.0,65.0,0.0,0.0,0.0,0.0,0.0,1.0,1.0,50.0,50.0,0.0,12.56,1.0,0.0449999999999946,0.0,1.0999999999999943,7.4,29.79036,31.0,2681.2800000000007,True,False,False,b2f9f295f76241f75a12ce1dcea836fb3de1f78f769c885f95c35311799cf407,711107130a0ffc3ea371fe170a7344463853e42017ab4561f5c4f542d25922a1
P5_8_0322,322,322,16.1,EV-LAB-001,NORMAL_BASELINE,NORMAL_LABORATORY_STATE,all_lab_rules_within_thresholds,DETERMINISTIC_LABORATORY_RULES,False,False,True,False,False,False,False,40,40,0,0,0,True,True,322,0.9904056191444397,0.9990197420120239,38eb6630c9f8d9c76a2090a791a3721c2abb40828ebfdcb749a6fde8f6796142,0a58960f6142fad4876a7eacf986c1d59f503dc47c53559a858505232b3c6bcf,f8b5283c3e85f1bc8b4e6e3bde6cc88ee2c61eb45dc03299a6432a593d0fcd03,16.1,322.0,53.730000000000004,53.9,53.59,-4.0,-0.25,0.01,-3.2,0.015000000000000568,7.2,25.200000000000003,6.300000000000001,1.0,5.2,2.0,2955.0,106.30000000000001,1.0,105.5,73.0,63.0,2.0,79.60000000000001,98.0,398.6,74.10000000000001,31.0,0.012,2.0,2.0,1.0,1.0,2.0,0.0,0.0,0.0,1.0,1.0,1.0,1.0,66.0,1.0,1.0,1.0,66.0,0.05,0.0,1.0,1.0,1.0,1.0,0.0,0.0,0.0,0.0,1.0,66.0,0.0,0.0,0.0,0.0,0.0,1.0,1.0,50.0,50.0,0.0,12.58,1.0,0.015000000000000568,0.0,0.8000000000000114,7.2,29.536260000000006,31.0,2678.7600000000007,True,False,False,711107130a0ffc3ea371fe170a7344463853e42017ab4561f5c4f542d25922a1,d9d933c1785c25308cb0b371b348a8f7315039dcf2a4c8d23594a2326691e6f7
P5_8_0323,323,323,16.15,EV-LAB-001,NORMAL_BASELINE,NORMAL_LABORATORY_STATE,all_lab_rules_within_thresholds,DETERMINISTIC_LABORATORY_RULES,False,False,True,False,False,False,False,40,40,0,0,0,True,True,323,0.99041348695755,0.9990192651748657,04e1f4a1136ab2c88fdf0a014d547f7db484d86e3c88cbcd701f3c5ceca99aae,0a58960f6142fad4876a7eacf986c1d59f503dc47c53559a858505232b3c6bcf,f8b5283c3e85f1bc8b4e6e3bde6cc88ee2c61eb45dc03299a6432a593d0fcd03,16.15,323.0,53.6,53.82,53.410000000000004,-4.0,-0.25,0.01,-3.2,0.015000000000000568,7.2,25.200000000000003,6.2,1.0,4.800000000000001,2.0,2948.0,106.30000000000001,1.0,104.80000000000001,74.0,63.0,2.0,79.60000000000001,98.0,398.6,73.7,31.0,0.014,2.3000000000000003,2.0,1.0,1.0,2.0,0.0,0.0,0.0,1.0,1.0,1.0,1.0,67.0,1.0,1.0,1.0,67.0,0.05,0.0,1.0,1.0,1.0,1.0,0.0,0.0,0.0,0.0,1.0,67.0,0.0,0.0,0.0,0.0,0.0,1.0,1.0,50.0,50.0,0.0,12.64,1.0,0.015000000000000568,0.0,1.5,7.2,29.376820000000002,31.0,2678.7600000000007,True,False,False,d9d933c1785c25308cb0b371b348a8f7315039dcf2a4c8d23594a2326691e6f7,6bd45755ffd2c815aabb8da067a2da27803d79062f87068f2ee7112ead24f2d4
P5_8_0324,324,324,16.2,EV-LAB-001,NORMAL_BASELINE,NORMAL_LABORATORY_STATE,all_lab_rules_within_thresholds,DETERMINISTIC_LABORATORY_RULES,False,False,True,False,False,False,False,40,40,0,0,0,True,True,324,0.9904212951660156,0.9990189075469971,233aa6065d55bce496bddc8421db92c971266317c3d9e6fe9ad04c0c02fd9a12,0a58960f6142fad4876a7eacf986c1d59f503dc47c53559a858505232b3c6bcf,f8b5283c3e85f1bc8b4e6e3bde6cc88ee2c61eb45dc03299a6432a593d0fcd03,16.2,324.0,53.480000000000004,53.76,53.26,-3.9000000000000004,-0.25,0.01,-3.2,0.02999999999999403,7.1000000000000005,24.0,6.1000000000000005,1.0,4.800000000000001,2.0,2942.0,104.80000000000001,1.0,103.5,74.0,63.0,2.0,79.60000000000001,98.0,398.40000000000003,73.8,31.0,0.008,2.0,2.0,1.0,1.0,2.0,0.0,0.0,0.0,1.0,1.0,1.0,1.0,68.0,1.0,1.0,1.0,68.0,0.05,0.0,1.0,1.0,1.0,1.0,0.0,0.0,0.0,0.0,1.0,68.0,0.0,0.0,0.0,0.0,0.0,1.0,1.0,50.0,50.0,0.0,12.61,1.0,0.02999999999999403,0.0,1.3000000000000114,7.1000000000000005,29.40192,31.0,2515.2000000000003,True,False,False,6bd45755ffd2c815aabb8da067a2da27803d79062f87068f2ee7112ead24f2d4,4b20d9147f63b5a5dc16d4194f3ed301c19d4b1de36efb3b339784140fc60245
P5_8_0325,325,325,16.25,EV-LAB-001,NORMAL_BASELINE,NORMAL_LABORATORY_STATE,all_lab_rules_within_thresholds,DETERMINISTIC_LABORATORY_RULES,False,False,True,False,False,False,False,40,40,0,0,0,True,True,325,0.990429162979126,0.9990184307098389,efe0769223b0f16b2a2c8ac92a694e54ce7a6d2c34af9d6d343037327d8e7635,0a58960f6142fad4876a7eacf986c1d59f503dc47c53559a858505232b3c6bcf,f8b5283c3e85f1bc8b4e6e3bde6cc88ee2c61eb45dc03299a6432a593d0fcd03,16.25,325.0,53.36,53.800000000000004,53.09,-3.9000000000000004,-0.24,0.02,-3.0,0.08500000000000796,6.9,25.200000000000003,6.1000000000000005,1.0,4.800000000000001,2.0,2935.0,106.30000000000001,1.0,106.10000000000001,73.0,63.0,2.0,79.60000000000001,98.0,398.40000000000003,74.3,31.0,0.011,2.0,2.0,1.0,1.0,2.0,0.0,0.0,0.0,1.0,1.0,1.0,1.0,69.0,1.0,1.0,1.0,69.0,0.05,0.0,1.0,1.0,1.0,1.0,0.0,0.0,0.0,0.0,1.0,69.0,0.0,0.0,0.0,0.0,0.0,1.0,1.0,50.0,50.0,0.0,12.64,1.0,0.08500000000000796,0.0,0.20000000000000284,6.9,29.60112,31.0,2678.7600000000007,True,False,False,4b20d9147f63b5a5dc16d4194f3ed301c19d4b1de36efb3b339784140fc60245,e365b60843b13f8f22774478b61e223c396c5257b3738353a590eac13f63041e
P5_8_0326,326,326,16.3,EV-LAB-001,NORMAL_BASELINE,NORMAL_LABORATORY_STATE,all_lab_rules_within_thresholds,DETERMINISTIC_LABORATORY_RULES,False,False,True,False,False,False,False,40,40,0,0,0,True,True,326,0.9904367327690125,0.9990179538726807,057a54edb3115b6d3230d71560629003eb4c7590b0ba0b720e600ec08e9ccd6e,0a58960f6142fad4876a7eacf986c1d59f503dc47c53559a858505232b3c6bcf,f8b5283c3e85f1bc8b4e6e3bde6cc88ee2c61eb45dc03299a6432a593d0fcd03,16.3,326.0,53.25,53.44,53.11,-3.8000000000000003,-0.24,0.01,-3.1,0.02499999999999858,6.9,26.0,6.0,1.0,4.800000000000001,2.0,2928.0,107.10000000000001,1.0,108.0,74.0,62.0,2.0,79.60000000000001,98.0,398.40000000000003,75.5,31.0,0.018000000000000002,1.9000000000000001,2.0,1.0,1.0,2.0,0.0,0.0,0.0,1.0,1.0,1.0,1.0,70.0,1.0,1.0,1.0,70.0,0.05,0.0,1.0,1.0,1.0,1.0,0.0,0.0,0.0,0.0,1.0,70.0,0.0,0.0,0.0,0.0,0.0,1.0,1.0,50.0,50.0,0.0,12.71,1.0,0.02499999999999858,0.0,0.8999999999999915,6.9,30.079200000000004,31.0,2784.6000000000004,True,False,False,e365b60843b13f8f22774478b61e223c396c5257b3738353a590eac13f63041e,e8b43830fc1632603e79230933984ce353d066575d8a15bb0332db910555e4c4
P5_8_0327,327,327,16.35,EV-LAB-001,NORMAL_BASELINE,NORMAL_LABORATORY_STATE,all_lab_rules_within_thresholds,DETERMINISTIC_LABORATORY_RULES,False,False,True,False,False,False,False,40,40,0,0,0,True,True,327,0.9904443621635437,0.999017596244812,a1ce49433180ba80f8fb5f7449543bf144a86c5afad6d82e68a8969e6ccbafbf,0a58960f6142fad4876a7eacf986c1d59f503dc47c53559a858505232b3c6bcf,f8b5283c3e85f1bc8b4e6e3bde6cc88ee2c61eb45dc03299a6432a593d0fcd03,16.35,327.0,53.13,53.34,53.0,-3.7,-0.24,0.01,-3.0,0.03999999999999915,6.7,25.200000000000003,6.0,1.0,4.800000000000001,2.0,2922.0,106.60000000000001,1.0,104.60000000000001,75.0,62.0,2.0,79.60000000000001,98.0,398.5,74.4,31.0,0.007,2.0,2.0,1.0,1.0,2.0,0.0,0.0,0.0,1.0,1.0,1.0,1.0,71.0,1.0,1.0,1.0,71.0,0.05,0.0,1.0,1.0,1.0,1.0,0.0,0.0,0.0,0.0,1.0,71.0,0.0,0.0,0.0,0.0,0.0,1.0,1.0,50.0,50.0,0.0,12.61,1.0,0.03999999999999915,0.0,2.0,6.7,29.648400000000002,31.0,2686.3200000000006,True,False,False,e8b43830fc1632603e79230933984ce353d066575d8a15bb0332db910555e4c4,5b026f8bf49dc52376e7afbdbf0b8c4a56763e223494c2ea0fa571dfb7e91f81
P5_8_0328,328,328,16.4,EV-LAB-001,NORMAL_BASELINE,NORMAL_LABORATORY_STATE,all_lab_rules_within_thresholds,DETERMINISTIC_LABORATORY_RULES,False,False,True,False,False,False,False,40,40,0,0,0,True,True,328,0.9904518127441406,0.9990172386169434,8ea96d373c40b2d5a43417aa8c1afa08844befbc56e0ebbbb452035ebef437d5,0a58960f6142fad4876a7eacf986c1d59f503dc47c53559a858505232b3c6bcf,f8b5283c3e85f1bc8b4e6e3bde6cc88ee2c61eb45dc03299a6432a593d0fcd03,16.4,328.0,53.01,53.230000000000004,52.59,-3.7,-0.24,0.01,-3.0,0.09999999999999432,6.7,26.0,5.9,1.0,4.800000000000001,2.0,2916.0,107.60000000000001,1.0,107.5,73.0,62.0,2.0,79.60000000000001,98.0,398.6,76.0,31.0,0.012,2.1,2.0,1.0,1.0,2.0,0.0,0.0,0.0,1.0,1.0,1.0,1.0,72.0,1.0,1.0,1.0,72.0,0.05,0.0,1.0,1.0,1.0,1.0,0.0,0.0,0.0,0.0,1.0,72.0,0.0,0.0,0.0,0.0,0.0,1.0,1.0,50.0,50.0,0.0,12.65,1.0,0.09999999999999432,0.0,0.10000000000000853,6.7,30.2936,31.0,2797.6000000000004,True,False,False,5b026f8bf49dc52376e7afbdbf0b8c4a56763e223494c2ea0fa571dfb7e91f81,9f91605b3a3c777d2d27f4a09c6eb761ba29651ac9a454bb0600a16b4690d41b
P5_8_0329,329,329,16.45,EV-LAB-001,NORMAL_BASELINE,NORMAL_LABORATORY_STATE,all_lab_rules_within_thresholds,DETERMINISTIC_LABORATORY_RULES,False,False,True,False,False,False,False,40,40,0,0,0,True,True,329,0.9904593229293823,0.9990167617797852,7493ef346ee1529fa461bac9fade5a9f86333bde87a743cce45b21d2a82ebec7,0a58960f6142fad4876a7eacf986c1d59f503dc47c53559a858505232b3c6bcf,f8b5283c3e85f1bc8b4e6e3bde6cc88ee2c61eb45dc03299a6432a593d0fcd03,16.45,329.0,52.9,52.980000000000004,52.64,-3.6,-0.23,0.01,-2.9000000000000004,0.0899999999999963,6.5,25.200000000000003,5.800000000000001,1.0,4.800000000000001,2.0,2909.0,106.4,1.0,107.10000000000001,74.0,63.0,2.0,79.60000000000001,98.0,398.40000000000003,75.5,31.0,0.016,2.1,2.0,1.0,1.0,2.0,0.0,0.0,0.0,1.0,1.0,1.0,1.0,73.0,1.0,1.0,1.0,73.0,0.05,0.0,1.0,1.0,1.0,1.0,0.0,0.0,0.0,0.0,1.0,73.0,0.0,0.0,0.0,0.0,0.0,1.0,1.0,50.0,50.0,0.0,12.57,1.0,0.0899999999999963,0.0,0.7000000000000028,6.5,30.079200000000004,31.0,2681.2800000000007,True,False,False,9f91605b3a3c777d2d27f4a09c6eb761ba29651ac9a454bb0600a16b4690d41b,d15540413a90495f5bb18be66b457b94904d68b7396d5c51f3b49f02cfe00cbe
P5_8_0330,330,330,16.5,EV-LAB-001,NORMAL_BASELINE,NORMAL_LABORATORY_STATE,all_lab_rules_within_thresholds,DETERMINISTIC_LABORATORY_RULES,False,False,True,False,False,False,False,40,40,0,0,0,True,True,330,0.9904666543006897,0.9990164041519165,2b1724f1f34dc8225638ee3bdb6b1985a71c31396f53a31f2df95f7de11e6f90,0a58960f6142fad4876a7eacf986c1d59f503dc47c53559a858505232b3c6bcf,f8b5283c3e85f1bc8b4e6e3bde6cc88ee2c61eb45dc03299a6432a593d0fcd03,16.5,330.0,52.79,53.01,52.45,-3.5,-0.23,0.02,-2.7,0.05999999999999517,6.2,24.8,5.7,1.0,4.4,2.0,2903.0,106.30000000000001,1.0,104.4,73.0,63.0,2.0,79.60000000000001,98.0,399.20000000000005,73.60000000000001,31.0,0.015,1.9000000000000001,2.0,1.0,1.0,2.0,0.0,0.0,0.0,1.0,1.0,1.0,1.0,74.0,1.0,1.0,1.0,74.0,0.05,0.0,1.0,1.0,1.0,1.0,0.0,0.0,0.0,0.0,1.0,74.0,0.0,0.0,0.0,0.0,0.0,1.0,1.0,50.0,50.0,0.0,12.620000000000001,1.0,0.05999999999999517,0.0,1.9000000000000057,6.2,29.381120000000006,31.0,2636.2400000000002,True,False,False,d15540413a90495f5bb18be66b457b94904d68b7396d5c51f3b49f02cfe00cbe,119a51efdb93b019acfae3bc1cd3ee3b34af7187c381438de53fbae4745679cd
P5_8_0331,331,331,16.55,EV-LAB-001,NORMAL_BASELINE,NORMAL_LABORATORY_STATE,all_lab_rules_within_thresholds,DETERMINISTIC_LABORATORY_RULES,False,False,True,False,False,False,False,40,40,0,0,0,True,True,331,0.9904739260673523,0.9990159273147583,f9a44c0025ce91eb3cdcc94415f6559ce3d1f04e0113ae0f4495a859bf4ee05e,0a58960f6142fad4876a7eacf986c1d59f503dc47c53559a858505232b3c6bcf,f8b5283c3e85f1bc8b4e6e3bde6cc88ee2c61eb45dc03299a6432a593d0fcd03,16.55,331.0,52.67,52.84,52.6,-3.5,-0.23,0.01,-2.7,0.04999999999999716,6.2,25.6,5.7,1.0,4.4,2.0,2897.0,107.2,1.0,106.4,73.0,63.0,2.0,79.60000000000001,98.0,398.40000000000003,73.9,31.0,0.012,1.9000000000000001,2.0,1.0,1.0,2.0,0.0,0.0,0.0,1.0,1.0,1.0,1.0,75.0,1.0,1.0,1.0,75.0,0.05,0.0,1.0,1.0,1.0,1.0,0.0,0.0,0.0,0.0,1.0,75.0,0.0,0.0,0.0,0.0,0.0,1.0,1.0,50.0,50.0,0.0,12.61,1.0,0.04999999999999716,0.0,0.7999999999999972,6.2,29.441760000000006,31.0,2744.32,True,False,False,119a51efdb93b019acfae3bc1cd3ee3b34af7187c381438de53fbae4745679cd,9d058df58df21c5bbf95734740c9a49e357c2ee598716e4b41ea6e49b3f78c35
P5_8_0332,332,332,16.6,EV-LAB-001,NORMAL_BASELINE,NORMAL_LABORATORY_STATE,all_lab_rules_within_thresholds,DETERMINISTIC_LABORATORY_RULES,False,False,True,False,False,False,False,40,40,0,0,0,True,True,332,0.9904810786247253,0.9990155696868896,61ee104b4d883e83d82ec94bbff55f52787e07e5a1567ea5728e6607147424d9,0a58960f6142fad4876a7eacf986c1d59f503dc47c53559a858505232b3c6bcf,f8b5283c3e85f1bc8b4e6e3bde6cc88ee2c61eb45dc03299a6432a593d0fcd03,16.6,332.0,52.57,52.870000000000005,52.44,-3.4000000000000004,-0.22,0.01,-2.7,0.08500000000000085,6.1000000000000005,25.200000000000003,5.6000000000000005,1.0,4.4,2.0,2891.0,106.60000000000001,1.0,105.10000000000001,74.0,62.0,2.0,79.60000000000001,98.0,398.20000000000005,75.10000000000001,31.0,0.012,2.0,2.0,1.0,1.0,2.0,0.0,0.0,0.0,1.0,1.0,1.0,1.0,76.0,1.0,1.0,1.0,76.0,0.05,0.0,1.0,1.0,1.0,1.0,0.0,0.0,0.0,0.0,1.0,76.0,0.0,0.0,0.0,0.0,0.0,1.0,1.0,50.0,50.0,0.0,12.61,1.0,0.08500000000000085,0.0,1.5,6.1000000000000005,29.904820000000008,31.0,2686.3200000000006,True,False,False,9d058df58df21c5bbf95734740c9a49e357c2ee598716e4b41ea6e49b3f78c35,5aa3a74ff2c68989175aa3e6ebad464f96bd5f6be8b3cd8665a88aa9371de4f2
P5_8_0333,333,333,16.65,EV-LAB-001,NORMAL_BASELINE,NORMAL_LABORATORY_STATE,all_lab_rules_within_thresholds,DETERMINISTIC_LABORATORY_RULES,False,False,True,False,False,False,False,40,40,0,0,0,True,True,333,0.9904881715774536,0.999015212059021,2185ec89c9a1613f4df59db306c8de87b5409a1f60020a85105d2451c8973362,0a58960f6142fad4876a7eacf986c1d59f503dc47c53559a858505232b3c6bcf,f8b5283c3e85f1bc8b4e6e3bde6cc88ee2c61eb45dc03299a6432a593d0fcd03,16.65,333.0,52.46,52.68,52.25,-3.3000000000000003,-0.22,0.01,-2.6,0.005000000000002558,5.9,24.0,5.5,1.0,4.4,2.0,2885.0,105.0,1.0,105.0,73.0,62.0,2.0,79.60000000000001,98.0,398.90000000000003,73.9,31.0,0.011,1.9000000000000001,2.0,1.0,1.0,2.0,0.0,0.0,0.0,1.0,1.0,1.0,1.0,77.0,1.0,1.0,1.0,77.0,0.05,0.0,1.0,1.0,1.0,1.0,0.0,0.0,0.0,0.0,1.0,77.0,0.0,0.0,0.0,0.0,0.0,1.0,1.0,50.0,50.0,0.0,12.56,1.0,0.005000000000002558,0.0,0.0,5.9,29.478710000000007,31.0,2520.0,True,False,False,5aa3a74ff2c68989175aa3e6ebad464f96bd5f6be8b3cd8665a88aa9371de4f2,5c4e1f44a3098f7e81b20e2c490999f4b6664de2187eb95d5916f101e4e8db39
P5_8_0334,334,334,16.7,EV-LAB-001,NORMAL_BASELINE,NORMAL_LABORATORY_STATE,all_lab_rules_within_thresholds,DETERMINISTIC_LABORATORY_RULES,False,False,True,False,False,False,False,40,40,0,0,0,True,True,334,0.9904952049255371,0.9990147352218628,2317b5df4e41267475af4afb57a296aa7d51f70b602fa7709384233941a9db66,0a58960f6142fad4876a7eacf986c1d59f503dc47c53559a858505232b3c6bcf,f8b5283c3e85f1bc8b4e6e3bde6cc88ee2c61eb45dc03299a6432a593d0fcd03,16.7,334.0,52.35,52.6,52.18,-3.2,-0.22,0.01,-2.6,0.03999999999999915,5.800000000000001,25.6,5.4,1.0,4.4,2.0,2879.0,107.10000000000001,1.0,106.80000000000001,73.0,62.0,2.0,79.60000000000001,98.0,398.5,74.0,31.0,0.013000000000000001,2.0,2.0,1.0,1.0,2.0,0.0,0.0,0.0,1.0,1.0,1.0,1.0,78.0,1.0,1.0,1.0,78.0,0.05,0.0,1.0,1.0,1.0,1.0,0.0,0.0,0.0,0.0,1.0,78.0,0.0,0.0,0.0,0.0,0.0,1.0,1.0,50.0,50.0,0.0,12.71,1.0,0.03999999999999915,0.0,0.29999999999999716,5.800000000000001,29.489,31.0,2741.76,True,False,False,5c4e1f44a3098f7e81b20e2c490999f4b6664de2187eb95d5916f101e4e8db39,e0807acaf9ad5ddd8d83e9865c51c4e2a9c6bbb1151f4a6e82bc3c4d5a42014e
P5_8_0335,335,335,16.75,EV-LAB-001,NORMAL_BASELINE,NORMAL_LABORATORY_STATE,all_lab_rules_within_thresholds,DETERMINISTIC_LABORATORY_RULES,False,False,True,False,False,False,False,40,40,0,0,0,True,True,335,0.9905019998550415,0.9990143775939941,67cdd662f5541b7d5ad9fc9cb6eaedb4497526d3f23be2da30a9ed78527359ea,0a58960f6142fad4876a7eacf986c1d59f503dc47c53559a858505232b3c6bcf,f8b5283c3e85f1bc8b4e6e3bde6cc88ee2c61eb45dc03299a6432a593d0fcd03,16.75,335.0,52.25,52.32,51.88,-3.1,-0.21,0.01,-2.5,0.14999999999999858,5.6,26.400000000000002,5.300000000000001,1.0,4.4,2.0,2874.0,108.4,1.0,109.2,73.0,63.0,2.0,79.60000000000001,98.0,398.8,76.80000000000001,31.0,0.008,2.0,2.0,1.0,1.0,2.0,0.0,0.0,0.0,1.0,1.0,1.0,1.0,79.0,1.0,1.0,1.0,79.0,0.05,0.0,1.0,1.0,1.0,1.0,0.0,0.0,0.0,0.0,1.0,79.0,0.0,0.0,0.0,0.0,0.0,1.0,1.0,50.0,50.0,0.0,12.57,1.0,0.14999999999999858,0.0,0.7999999999999972,5.6,30.627840000000003,31.0,2861.76,True,False,False,e0807acaf9ad5ddd8d83e9865c51c4e2a9c6bbb1151f4a6e82bc3c4d5a42014e,8935f5ada92756883df8b6c0a86abd80c5eba2e6b4081cd59dc8ca4059c61163
P5_8_0336,336,336,16.8,EV-LAB-001,NORMAL_BASELINE,NORMAL_LABORATORY_STATE,all_lab_rules_within_thresholds,DETERMINISTIC_LABORATORY_RULES,False,False,True,False,False,False,False,40,40,0,0,0,True,True,336,0.9905087947845459,0.9990140199661255,799383e28348826f644be7ecde81e306bb8b62cf8d84b5496eaf1b18295ae863,0a58960f6142fad4876a7eacf986c1d59f503dc47c53559a858505232b3c6bcf,f8b5283c3e85f1bc8b4e6e3bde6cc88ee2c61eb45dc03299a6432a593d0fcd03,16.8,336.0,52.14,52.49,51.84,-3.1,-0.21,0.02,-2.4000000000000004,0.025000000000005684,5.5,25.6,5.2,1.0,4.0,2.0,2868.0,107.5,1.0,108.5,73.0,61.0,2.0,79.60000000000001,98.0,399.0,75.3,31.0,0.012,1.9000000000000001,2.0,1.0,1.0,2.0,0.0,0.0,0.0,1.0,1.0,1.0,1.0,80.0,1.0,1.0,1.0,80.0,0.05,0.0,1.0,1.0,1.0,1.0,0.0,0.0,0.0,0.0,1.0,80.0,0.0,0.0,0.0,0.0,0.0,1.0,1.0,50.0,50.0,0.0,12.61,1.0,0.025000000000005684,0.0,1.0,5.5,30.0447,31.0,2752.0,True,False,False,8935f5ada92756883df8b6c0a86abd80c5eba2e6b4081cd59dc8ca4059c61163,4a131f06e327ee8573612dc789e0dd269f90650ea9ee88bcef64d592176ec4f9
P5_8_0337,337,337,16.85,EV-LAB-001,NORMAL_BASELINE,NORMAL_LABORATORY_STATE,all_lab_rules_within_thresholds,DETERMINISTIC_LABORATORY_RULES,False,False,True,False,False,False,False,40,40,0,0,0,True,True,337,0.9905154705047607,0.9990136623382568,a63aaf0ea737e251451a9b9c80e0a89fc59250d32af0a3ee8ca97d73b2e53b32,0a58960f6142fad4876a7eacf986c1d59f503dc47c53559a858505232b3c6bcf,f8b5283c3e85f1bc8b4e6e3bde6cc88ee2c61eb45dc03299a6432a593d0fcd03,16.85,337.0,52.04,52.370000000000005,51.94,-3.0,-0.21,0.02,-2.4000000000000004,0.11500000000000199,5.4,24.8,5.1000000000000005,1.0,4.0,2.0,2862.0,106.5,1.0,106.2,73.0,63.0,2.0,79.60000000000001,98.0,398.90000000000003,75.3,31.0,0.009000000000000001,2.2,2.0,1.0,1.0,2.0,0.0,0.0,0.0,1.0,1.0,1.0,1.0,81.0,1.0,1.0,1.0,81.0,0.05,0.0,1.0,1.0,1.0,1.0,0.0,0.0,0.0,0.0,1.0,81.0,0.0,0.0,0.0,0.0,0.0,1.0,1.0,50.0,50.0,0.0,12.6,1.0,0.11500000000000199,0.0,0.29999999999999716,5.4,30.037170000000003,31.0,2641.2000000000003,True,False,False,4a131f06e327ee8573612dc789e0dd269f90650ea9ee88bcef64d592176ec4f9,2290dce1c917264dd0d0f4d4ec293bdeff3151d2e46cafd98bce926186f13b91
P5_8_0338,338,338,16.9,EV-LAB-001,NORMAL_BASELINE,NORMAL_LABORATORY_STATE,all_lab_rules_within_thresholds,DETERMINISTIC_LABORATORY_RULES,False,False,True,False,False,False,False,40,40,0,0,0,True,True,338,0.990522027015686,0.9990133047103882,6fb7f7fe5f527e041b47f279203e6987d7813e193203d98745a191c192236f15,0a58960f6142fad4876a7eacf986c1d59f503dc47c53559a858505232b3c6bcf,f8b5283c3e85f1bc8b4e6e3bde6cc88ee2c61eb45dc03299a6432a593d0fcd03,16.9,338.0,51.94,52.17,51.9,-2.9000000000000004,-0.2,0.01,-2.4000000000000004,0.09499999999999886,5.300000000000001,26.400000000000002,5.0,1.0,4.0,2.0,2857.0,108.60000000000001,1.0,109.0,73.0,63.0,2.0,79.60000000000001,98.0,398.5,75.4,31.0,0.016,2.1,2.0,1.0,1.0,2.0,0.0,0.0,0.0,1.0,1.0,1.0,1.0,82.0,1.0,1.0,1.0,82.0,0.05,0.0,1.0,1.0,1.0,1.0,0.0,0.0,0.0,0.0,1.0,82.0,0.0,0.0,0.0,0.0,0.0,1.0,1.0,50.0,50.0,0.0,12.56,1.0,0.09499999999999886,0.0,0.3999999999999915,5.300000000000001,30.0469,31.0,2867.0400000000004,True,False,False,2290dce1c917264dd0d0f4d4ec293bdeff3151d2e46cafd98bce926186f13b91,131c84d700350fa02535d6a8ab81a6b9e8c10165fd9fc54de7a4503ae7669e8a
P5_8_0339,339,339,16.95,EV-LAB-001,NORMAL_BASELINE,NORMAL_LABORATORY_STATE,all_lab_rules_within_thresholds,DETERMINISTIC_LABORATORY_RULES,False,False,True,False,False,False,False,40,40,0,0,0,True,True,339,0.990528404712677,0.9990129470825195,89eab719ae2d621fa4d8f5060b1470ead971a7b0410bb07ecf3e9a631ef3eb3f,0a58960f6142fad4876a7eacf986c1d59f503dc47c53559a858505232b3c6bcf,f8b5283c3e85f1bc8b4e6e3bde6cc88ee2c61eb45dc03299a6432a593d0fcd03,16.95,339.0,51.85,52.13,51.730000000000004,-2.8000000000000003,-0.2,0.01,-2.2,0.0800000000000054,5.0,25.6,4.9,1.0,4.0,2.0,2852.0,107.4,1.0,107.60000000000001,73.0,62.0,2.0,79.60000000000001,98.0,398.40000000000003,75.0,31.0,0.013000000000000001,1.9000000000000001,2.0,1.0,1.0,2.0,0.0,0.0,0.0,1.0,1.0,1.0,1.0,83.0,1.0,1.0,1.0,83.0,0.05,0.0,1.0,1.0,1.0,1.0,0.0,0.0,0.0,0.0,1.0,83.0,0.0,0.0,0.0,0.0,0.0,1.0,1.0,50.0,50.0,0.0,12.58,1.0,0.0800000000000054,0.0,0.20000000000000284,5.0,29.880000000000003,31.0,2749.4400000000005,True,False,False,131c84d700350fa02535d6a8ab81a6b9e8c10165fd9fc54de7a4503ae7669e8a,c2ddeecc54f88e02395243f63157610e9423b4a5393b5569e7ac33e270909c91
P5_8_0340,340,340,17.0,EV-LAB-001,NORMAL_BASELINE,NORMAL_LABORATORY_STATE,all_lab_rules_within_thresholds,DETERMINISTIC_LABORATORY_RULES,False,False,True,False,False,False,False,40,40,0,0,0,True,True,340,0.9905347228050232,0.9990125894546509,1eaaf705caa51cf9954efffae441627918af4af46fb08542ea79317bfec4b7a3,0a58960f6142fad4876a7eacf986c1d59f503dc47c53559a858505232b3c6bcf,f8b5283c3e85f1bc8b4e6e3bde6cc88ee2c61eb45dc03299a6432a593d0fcd03,17.0,340.0,51.75,52.1,51.54,-2.7,-0.19,0.01,-2.2,0.07000000000000028,4.9,26.0,4.800000000000001,1.0,4.0,2.0,2846.0,108.2,1.0,106.0,74.0,62.0,2.0,79.60000000000001,98.0,398.70000000000005,75.5,31.0,0.011,2.2,2.0,1.0,1.0,2.0,0.0,0.0,0.0,1.0,1.0,1.0,1.0,84.0,1.0,1.0,1.0,84.0,0.05,0.0,1.0,1.0,1.0,1.0,0.0,0.0,0.0,0.0,1.0,84.0,0.0,0.0,0.0,0.0,0.0,1.0,1.0,50.0,50.0,0.0,12.59,1.0,0.07000000000000028,0.0,2.200000000000003,4.9,30.101850000000002,31.0,2813.2000000000003,True,False,False,c2ddeecc54f88e02395243f63157610e9423b4a5393b5569e7ac33e270909c91,5453279eae87893d8f277fb16edd679d9e44160cb24d3963ebe4244f1af9e5ea
P5_8_0341,341,341,17.05,EV-LAB-001,NORMAL_BASELINE,NORMAL_LABORATORY_STATE,all_lab_rules_within_thresholds,DETERMINISTIC_LABORATORY_RULES,False,False,True,False,False,False,False,40,40,0,0,0,True,True,341,0.9905410408973694,0.9990122318267822,10ea357d3c3913ec8aad993a8c44b71ceccd42c1c0d146748c52bfaadb4513b8,0a58960f6142fad4876a7eacf986c1d59f503dc47c53559a858505232b3c6bcf,f8b5283c3e85f1bc8b4e6e3bde6cc88ee2c61eb45dc03299a6432a593d0fcd03,17.05,341.0,51.660000000000004,51.76,51.6,-2.6,-0.19,0.01,-2.2,0.01999999999999602,4.800000000000001,24.8,4.7,1.0,3.6,2.0,2841.0,106.80000000000001,1.0,107.9,73.0,62.0,2.0,79.60000000000001,98.0,399.3,77.0,31.0,0.011,1.9000000000000001,2.0,1.0,1.0,2.0,0.0,0.0,0.0,1.0,1.0,1.0,1.0,85.0,1.0,1.0,1.0,85.0,0.05,0.0,1.0,1.0,1.0,1.0,0.0,0.0,0.0,0.0,1.0,85.0,0.0,0.0,0.0,0.0,0.0,1.0,1.0,50.0,50.0,0.0,12.64,1.0,0.01999999999999602,0.0,1.0999999999999943,4.800000000000001,30.746100000000002,31.0,2648.6400000000003,True,False,False,5453279eae87893d8f277fb16edd679d9e44160cb24d3963ebe4244f1af9e5ea,a6bb4aa422e7ada7ec8f71b25f679c337aa56d8ae136a736d9e8229a21d68bc0
P5_8_0342,342,342,17.1,EV-LAB-001,NORMAL_BASELINE,NORMAL_LABORATORY_STATE,all_lab_rules_within_thresholds,DETERMINISTIC_LABORATORY_RULES,False,False,True,False,False,False,False,40,40,0,0,0,True,True,342,0.9905471205711365,0.9990118741989136,fb134cbcc94f25dceaab067e6963ec3f648a09d0e3566d17fc6f3073fa1d778d,0a58960f6142fad4876a7eacf986c1d59f503dc47c53559a858505232b3c6bcf,f8b5283c3e85f1bc8b4e6e3bde6cc88ee2c61eb45dc03299a6432a593d0fcd03,17.1,342.0,51.57,51.870000000000005,51.22,-2.5,-0.19,0.01,-2.0,0.02499999999999858,4.5,24.400000000000002,4.6000000000000005,1.0,3.6,2.0,2836.0,106.2,1.0,106.10000000000001,72.0,61.0,2.0,79.60000000000001,98.0,399.8,74.3,31.0,0.016,2.1,2.0,1.0,1.0,2.0,0.0,0.0,0.0,1.0,1.0,1.0,1.0,86.0,1.0,1.0,1.0,86.0,0.05,0.0,1.0,1.0,1.0,1.0,0.0,0.0,0.0,0.0,1.0,86.0,0.0,0.0,0.0,0.0,0.0,1.0,1.0,50.0,50.0,0.0,12.57,1.0,0.02499999999999858,0.0,0.09999999999999432,4.5,29.70514,31.0,2591.28,True,False,False,a6bb4aa422e7ada7ec8f71b25f679c337aa56d8ae136a736d9e8229a21d68bc0,af884f09bea2afdb4bf3b02a7b9383869ab0d497f8b5c632a05cf48b17020a42
P5_8_0343,343,343,17.15,EV-LAB-001,NORMAL_BASELINE,NORMAL_LABORATORY_STATE,all_lab_rules_within_thresholds,DETERMINISTIC_LABORATORY_RULES,False,False,True,False,False,False,False,40,40,0,0,0,True,True,343,0.9905530214309692,0.9990115165710449,cdc6785c2a035e997af009ec9f52ab073b6b9d47603d8d77f66a49aed8e7835b,0a58960f6142fad4876a7eacf986c1d59f503dc47c53559a858505232b3c6bcf,f8b5283c3e85f1bc8b4e6e3bde6cc88ee2c61eb45dc03299a6432a593d0fcd03,17.15,343.0,51.480000000000004,51.78,51.33,-2.5,-0.18,0.01,-2.0,0.07499999999999574,4.5,24.8,4.5,1.0,3.6,2.0,2831.0,107.0,1.0,103.9,72.0,62.0,2.0,79.60000000000001,98.0,398.40000000000003,75.4,31.0,0.014,2.3000000000000003,2.0,1.0,1.0,2.0,0.0,0.0,0.0,1.0,1.0,1.0,1.0,87.0,1.0,1.0,1.0,87.0,0.05,0.0,1.0,1.0,1.0,1.0,0.0,0.0,0.0,0.0,1.0,87.0,0.0,0.0,0.0,0.0,0.0,1.0,1.0,50.0,50.0,0.0,12.67,1.0,0.07499999999999574,0.0,3.0999999999999943,4.5,30.039360000000006,31.0,2653.6,True,False,False,af884f09bea2afdb4bf3b02a7b9383869ab0d497f8b5c632a05cf48b17020a42,79f633be45fde3ffec071db4adc4c00354222aa8041fc3d2e8354d4fe763b8d5
P5_8_0344,344,344,17.2,EV-LAB-001,NORMAL_BASELINE,NORMAL_LABORATORY_STATE,all_lab_rules_within_thresholds,DETERMINISTIC_LABORATORY_RULES,False,False,True,False,False,False,False,40,40,0,0,0,True,True,344,0.9905589818954468,0.9990111589431763,d89e280576cf40130785820abe26a088d55c8ae92a13c95719c487c7f4507789,0a58960f6142fad4876a7eacf986c1d59f503dc47c53559a858505232b3c6bcf,f8b5283c3e85f1bc8b4e6e3bde6cc88ee2c61eb45dc03299a6432a593d0fcd03,17.2,344.0,51.39,51.68,51.22,-2.4000000000000004,-0.18,0.01,-2.0,0.060000000000002274,4.4,24.400000000000002,4.4,1.0,3.6,2.0,2827.0,106.7,1.0,108.60000000000001,72.0,61.0,2.0,79.60000000000001,98.0,398.8,75.4,31.0,0.01,1.9000000000000001,2.0,1.0,1.0,2.0,0.0,0.0,0.0,1.0,1.0,1.0,1.0,88.0,1.0,1.0,1.0,88.0,0.05,0.0,1.0,1.0,1.0,1.0,0.0,0.0,0.0,0.0,1.0,88.0,0.0,0.0,0.0,0.0,0.0,1.0,1.0,50.0,50.0,0.0,12.6,1.0,0.060000000000002274,0.0,1.9000000000000057,4.4,30.069520000000004,31.0,2603.4800000000005,True,False,False,79f633be45fde3ffec071db4adc4c00354222aa8041fc3d2e8354d4fe763b8d5,9511a847008da79654c1654cbec6c767216879fe0cae96c8fb7d32ed91c9695b
P5_8_0345,345,345,17.25,EV-LAB-001,NORMAL_BASELINE,NORMAL_LABORATORY_STATE,all_lab_rules_within_thresholds,DETERMINISTIC_LABORATORY_RULES,False,False,True,False,False,False,False,40,40,0,0,0,True,True,345,0.9905647039413452,0.9990109205245972,fb8f143b8621f6c9f9c1204da2bb2df8a77c52c10cb8737cd0fd78011fb72a02,0a58960f6142fad4876a7eacf986c1d59f503dc47c53559a858505232b3c6bcf,f8b5283c3e85f1bc8b4e6e3bde6cc88ee2c61eb45dc03299a6432a593d0fcd03,17.25,345.0,51.31,51.54,51.03,-2.3000000000000003,-0.17,0.01,-1.9000000000000001,0.025000000000005684,4.2,24.8,4.3,1.0,3.6,2.0,2822.0,107.2,1.0,108.0,73.0,63.0,2.0,79.60000000000001,98.0,399.40000000000003,75.4,31.0,0.012,1.8,2.0,1.0,1.0,2.0,0.0,0.0,0.0,1.0,1.0,1.0,1.0,89.0,1.0,1.0,1.0,89.0,0.05,0.0,1.0,1.0,1.0,1.0,0.0,0.0,0.0,0.0,1.0,89.0,0.0,0.0,0.0,0.0,0.0,1.0,1.0,50.0,50.0,0.0,12.6,1.0,0.025000000000005684,0.0,0.7999999999999972,4.2,30.114760000000004,31.0,2658.56,True,False,False,9511a847008da79654c1654cbec6c767216879fe0cae96c8fb7d32ed91c9695b,39e14f73e106f9e6038bfaa4ecdd042cedd6a07c0e0aeecbde71996a32fa2ddc
P5_8_0346,346,346,17.3,EV-LAB-001,NORMAL_BASELINE,NORMAL_LABORATORY_STATE,all_lab_rules_within_thresholds,DETERMINISTIC_LABORATORY_RULES,False,False,True,False,False,False,False,40,40,0,0,0,True,True,346,0.9905701875686646,0.9990105628967285,763a1798befb6890450b3bf9aa5bcaced549a4e030e32bbb175f3cdf43d1018c,0a58960f6142fad4876a7eacf986c1d59f503dc47c53559a858505232b3c6bcf,f8b5283c3e85f1bc8b4e6e3bde6cc88ee2c61eb45dc03299a6432a593d0fcd03,17.3,346.0,51.230000000000004,51.64,51.1,-2.2,-0.17,0.01,-1.8,0.14000000000000057,4.0,24.0,4.2,1.0,3.2,2.0,2817.0,106.0,1.0,106.10000000000001,72.0,62.0,2.0,79.60000000000001,98.0,398.40000000000003,74.4,31.0,0.012,2.0,2.0,1.0,1.0,2.0,0.0,0.0,0.0,1.0,1.0,1.0,1.0,90.0,1.0,1.0,1.0,90.0,0.05,0.0,1.0,1.0,1.0,1.0,0.0,0.0,0.0,0.0,1.0,90.0,0.0,0.0,0.0,0.0,0.0,1.0,1.0,50.0,50.0,0.0,12.65,1.0,0.14000000000000057,0.0,0.10000000000000853,4.0,29.640960000000007,31.0,2544.0,True,False,False,39e14f73e106f9e6038bfaa4ecdd042cedd6a07c0e0aeecbde71996a32fa2ddc,650d4680d2b065e61a0d1e0972116ba9c7179322f0cfdec486a3d4ba0a2d4819
P5_8_0347,347,347,17.35,EV-LAB-001,NORMAL_BASELINE,NORMAL_LABORATORY_STATE,all_lab_rules_within_thresholds,DETERMINISTIC_LABORATORY_RULES,False,False,True,False,False,False,False,40,40,0,0,0,True,True,347,0.9905756711959839,0.9990102052688599,92b6745a80fa2694e2b408b1f58cb78346f21eee9d7b1ea0e3b8cc277c90f287,0a58960f6142fad4876a7eacf986c1d59f503dc47c53559a858505232b3c6bcf,f8b5283c3e85f1bc8b4e6e3bde6cc88ee2c61eb45dc03299a6432a593d0fcd03,17.35,347.0,51.15,51.39,50.84,-2.1,-0.16,0.01,-1.7000000000000002,0.03499999999999659,3.8000000000000003,24.8,4.1000000000000005,1.0,3.2,2.0,2813.0,107.10000000000001,1.0,105.4,72.0,62.0,2.0,79.60000000000001,98.0,398.0,75.60000000000001,32.0,0.014,1.9000000000000001,2.0,1.0,1.0,2.0,0.0,0.0,0.0,1.0,1.0,1.0,1.0,91.0,1.0,1.0,1.0,91.0,0.05,0.0,1.0,1.0,1.0,1.0,0.0,0.0,0.0,0.0,1.0,91.0,0.0,0.0,0.0,0.0,0.0,1.0,1.0,50.0,50.0,0.0,12.55,1.0,0.03499999999999659,0.0,1.7000000000000028,3.8000000000000003,30.088800000000003,32.0,2656.0800000000004,True,False,False,650d4680d2b065e61a0d1e0972116ba9c7179322f0cfdec486a3d4ba0a2d4819,dfab514c83aac33bdb79a7382c6bafcf610b8b399743954813fad91ea242b29d
P5_8_0348,348,348,17.4,EV-LAB-001,NORMAL_BASELINE,NORMAL_LABORATORY_STATE,all_lab_rules_within_thresholds,DETERMINISTIC_LABORATORY_RULES,False,False,True,False,False,False,False,40,40,0,0,0,True,True,348,0.9905809760093689,0.9990099668502808,ab73cec4081365e49ff93b93f763c882ad13adbd7842e875038171c19a5e7d9b,0a58960f6142fad4876a7eacf986c1d59f503dc47c53559a858505232b3c6bcf,f8b5283c3e85f1bc8b4e6e3bde6cc88ee2c61eb45dc03299a6432a593d0fcd03,17.4,348.0,51.07,51.21,50.86,-2.0,-0.16,0.01,-1.6,0.035000000000003695,3.6,24.0,3.9000000000000004,1.0,3.2,2.0,2809.0,106.2,1.0,107.0,73.0,62.0,2.0,79.60000000000001,98.0,398.90000000000003,73.4,31.0,0.013000000000000001,2.2,2.0,1.0,1.0,2.0,0.0,0.0,0.0,1.0,1.0,1.0,1.0,92.0,1.0,1.0,1.0,92.0,0.05,0.0,1.0,1.0,1.0,1.0,0.0,0.0,0.0,0.0,1.0,92.0,0.0,0.0,0.0,0.0,0.0,1.0,1.0,50.0,50.0,0.0,12.66,1.0,0.035000000000003695,0.0,0.7999999999999972,3.6,29.279260000000004,31.0,2548.8,True,False,False,dfab514c83aac33bdb79a7382c6bafcf610b8b399743954813fad91ea242b29d,aaf837c4f27c504fb9a74c21563e9910e8c05bff68759b7ff6bf893208c376c2
P5_8_0349,349,349,17.45,EV-LAB-001,NORMAL_BASELINE,NORMAL_LABORATORY_STATE,all_lab_rules_within_thresholds,DETERMINISTIC_LABORATORY_RULES,False,False,True,False,False,False,False,40,40,0,0,0,True,True,349,0.9905861020088196,0.9990096092224121,90250056bb7d05eb41c346ed21fac27293fc989c16492a4d9623fbba65b82084,0a58960f6142fad4876a7eacf986c1d59f503dc47c53559a858505232b3c6bcf,f8b5283c3e85f1bc8b4e6e3bde6cc88ee2c61eb45dc03299a6432a593d0fcd03,17.45,349.0,51.0,51.120000000000005,50.83,-1.9000000000000001,-0.15,0.01,-1.5,0.02499999999999858,3.4000000000000004,25.6,3.8000000000000003,1.0,3.2,2.0,2805.0,108.30000000000001,1.0,107.4,72.0,62.0,2.0,79.60000000000001,98.0,399.0,76.60000000000001,31.0,0.012,1.8,2.0,1.0,1.0,2.0,0.0,0.0,0.0,1.0,1.0,1.0,1.0,93.0,1.0,1.0,1.0,93.0,0.05,0.0,1.0,1.0,1.0,1.0,0.0,0.0,0.0,0.0,1.0,93.0,0.0,0.0,0.0,0.0,0.0,1.0,1.0,50.0,50.0,0.0,12.64,1.0,0.02499999999999858,0.0,0.9000000000000057,3.4000000000000004,30.563400000000005,31.0,2772.4800000000005,True,False,False,aaf837c4f27c504fb9a74c21563e9910e8c05bff68759b7ff6bf893208c376c2,7deb3d9efd5eae547eeee1018450938c99531fdd01d20a26f9c829e5cf2f2899
P5_8_0350,350,350,17.5,EV-LAB-001,NORMAL_BASELINE,NORMAL_LABORATORY_STATE,all_lab_rules_within_thresholds,DETERMINISTIC_LABORATORY_RULES,False,False,True,False,False,False,False,40,40,0,0,0,True,True,350,0.9905911087989807,0.999009370803833,40437b58a64fc8a23242487c1e48ee84c95369cfe87f6e910c739b1789821e9b,0a58960f6142fad4876a7eacf986c1d59f503dc47c53559a858505232b3c6bcf,f8b5283c3e85f1bc8b4e6e3bde6cc88ee2c61eb45dc03299a6432a593d0fcd03,17.5,350.0,50.92,51.17,50.85,-1.8,-0.15,0.01,-1.5,0.09000000000000341,3.3,24.400000000000002,3.7,1.0,2.8000000000000003,2.0,2801.0,106.9,1.0,106.10000000000001,73.0,61.0,2.0,79.60000000000001,98.0,399.0,75.5,31.0,0.014,1.8,2.0,1.0,1.0,2.0,0.0,0.0,0.0,1.0,1.0,1.0,1.0,94.0,1.0,1.0,1.0,94.0,0.05,0.0,1.0,1.0,1.0,1.0,0.0,0.0,0.0,0.0,1.0,94.0,0.0,0.0,0.0,0.0,0.0,1.0,1.0,50.0,50.0,0.0,12.59,1.0,0.09000000000000341,0.0,0.7999999999999972,3.3,30.1245,31.0,2608.3600000000006,True,False,False,7deb3d9efd5eae547eeee1018450938c99531fdd01d20a26f9c829e5cf2f2899,0d194cc1c4e0c7ca40c9222cac182711fce1a385186507a5977968c3790be994
P5_8_0351,351,351,17.55,EV-LAB-001,NORMAL_BASELINE,NORMAL_LABORATORY_STATE,all_lab_rules_within_thresholds,DETERMINISTIC_LABORATORY_RULES,False,False,True,False,False,False,False,40,40,0,0,0,True,True,351,0.9905960559844971,0.9990091323852539,c00bb5708d7cec72e3ab19496348b8554e57bb21a99d8c5b4137c2de8ec1d9f5,0a58960f6142fad4876a7eacf986c1d59f503dc47c53559a858505232b3c6bcf,f8b5283c3e85f1bc8b4e6e3bde6cc88ee2c61eb45dc03299a6432a593d0fcd03,17.55,351.0,50.85,51.050000000000004,50.71,-1.7000000000000002,-0.14,0.01,-1.5,0.030000000000001137,3.2,23.200000000000003,3.6,1.0,2.8000000000000003,2.0,2797.0,105.7,1.0,104.9,73.0,62.0,2.0,79.60000000000001,98.0,399.20000000000005,75.60000000000001,31.0,0.015,1.9000000000000001,2.0,1.0,1.0,2.0,0.0,0.0,0.0,1.0,1.0,1.0,1.0,95.0,1.0,1.0,1.0,95.0,0.05,0.0,1.0,1.0,1.0,1.0,0.0,0.0,0.0,0.0,1.0,95.0,0.0,0.0,0.0,0.0,0.0,1.0,1.0,50.0,50.0,0.0,12.56,1.0,0.030000000000001137,0.0,0.7999999999999972,3.2,30.179520000000007,31.0,2452.2400000000002,True,False,False,0d194cc1c4e0c7ca40c9222cac182711fce1a385186507a5977968c3790be994,2f4cc61ceb31942908100439e45823bb698df6e1de1ee70a7c3560bb7e6dc1d6
P5_8_0352,352,352,17.6,EV-LAB-001,NORMAL_BASELINE,NORMAL_LABORATORY_STATE,all_lab_rules_within_thresholds,DETERMINISTIC_LABORATORY_RULES,False,False,True,False,False,False,False,40,40,0,0,0,True,True,352,0.9906007051467896,0.9990087747573853,aa3ade0afd5152b68be47049d229c6417b13ac6a007081daa210211d7ff40424,0a58960f6142fad4876a7eacf986c1d59f503dc47c53559a858505232b3c6bcf,f8b5283c3e85f1bc8b4e6e3bde6cc88ee2c61eb45dc03299a6432a593d0fcd03,17.6,352.0,50.79,51.01,50.56,-1.6,-0.14,0.01,-1.3,0.005000000000002558,2.9000000000000004,24.0,3.4000000000000004,1.0,2.8000000000000003,2.0,2793.0,106.5,1.0,105.7,72.0,61.0,2.0,79.60000000000001,98.0,398.0,75.10000000000001,31.0,0.012,2.1,2.0,1.0,1.0,2.0,0.0,0.0,0.0,1.0,1.0,1.0,1.0,96.0,1.0,1.0,1.0,96.0,0.05,0.0,1.0,1.0,1.0,1.0,0.0,0.0,0.0,0.0,1.0,96.0,0.0,0.0,0.0,0.0,0.0,1.0,1.0,50.0,50.0,0.0,12.58,1.0,0.005000000000002558,0.0,0.7999999999999972,2.9000000000000004,29.889800000000005,31.0,2556.0,True,False,False,2f4cc61ceb31942908100439e45823bb698df6e1de1ee70a7c3560bb7e6dc1d6,c27af3f16593af5b14c15cc53088d971c58c7bad64a7358e6c882a4fcc1744f8
P5_8_0353,353,353,17.65,EV-LAB-001,NORMAL_BASELINE,NORMAL_LABORATORY_STATE,all_lab_rules_within_thresholds,DETERMINISTIC_LABORATORY_RULES,False,False,True,False,False,False,False,40,40,0,0,0,True,True,353,0.9906054139137268,0.9990085959434509,4cebf6fba5e56125ce4f3c9879d3138f0b78771412ccc8c0fb0947a0a04cbb7d,0a58960f6142fad4876a7eacf986c1d59f503dc47c53559a858505232b3c6bcf,f8b5283c3e85f1bc8b4e6e3bde6cc88ee2c61eb45dc03299a6432a593d0fcd03,17.65,353.0,50.72,50.94,50.54,-1.5,-0.13,0.01,-1.2000000000000002,0.01999999999999602,2.7,23.200000000000003,3.3000000000000003,1.0,2.8000000000000003,2.0,2790.0,105.80000000000001,1.0,105.2,72.0,62.0,2.0,79.60000000000001,98.0,398.0,73.4,31.0,0.012,2.0,2.0,1.0,1.0,2.0,0.0,0.0,0.0,1.0,1.0,1.0,1.0,97.0,1.0,1.0,1.0,97.0,0.05,0.0,1.0,1.0,1.0,1.0,0.0,0.0,0.0,0.0,1.0,97.0,0.0,0.0,0.0,0.0,0.0,1.0,1.0,50.0,50.0,0.0,12.55,1.0,0.01999999999999602,0.0,0.6000000000000085,2.7,29.2132,31.0,2454.5600000000004,True,False,False,c27af3f16593af5b14c15cc53088d971c58c7bad64a7358e6c882a4fcc1744f8,d5d4eee8a30f06017b73cbe2c6bda70884ae638e50a199ad2e326819b02615f8
P5_8_0354,354,354,17.7,EV-LAB-001,NORMAL_BASELINE,NORMAL_LABORATORY_STATE,all_lab_rules_within_thresholds,DETERMINISTIC_LABORATORY_RULES,False,False,True,False,False,False,False,40,40,0,0,0,True,True,354,0.9906098246574402,0.9990083575248718,8d6bf084c347e68b142cf840f452d8867981182b1169e779eba48eb472a7e244,0a58960f6142fad4876a7eacf986c1d59f503dc47c53559a858505232b3c6bcf,f8b5283c3e85f1bc8b4e6e3bde6cc88ee2c61eb45dc03299a6432a593d0fcd03,17.7,354.0,50.660000000000004,50.94,50.4,-1.4000000000000001,-0.13,0.01,-1.1,0.00999999999999801,2.5,24.0,3.2,1.0,2.4000000000000004,2.0,2786.0,106.60000000000001,1.0,107.10000000000001,72.0,61.0,2.0,79.60000000000001,98.0,398.5,73.4,31.0,0.009000000000000001,2.0,2.0,1.0,1.0,2.0,0.0,0.0,0.0,1.0,1.0,1.0,1.0,98.0,1.0,1.0,1.0,98.0,0.05,0.0,1.0,1.0,1.0,1.0,0.0,0.0,0.0,0.0,1.0,98.0,0.0,0.0,0.0,0.0,0.0,1.0,1.0,50.0,50.0,0.0,12.61,1.0,0.00999999999999801,0.0,0.5,2.5,29.2499,31.0,2558.4,True,False,False,d5d4eee8a30f06017b73cbe2c6bda70884ae638e50a199ad2e326819b02615f8,dc1cd76a3253fa9010abc00a554d1ce96f65dca39b5f5171f6741a47bb5211b0
P5_8_0355,355,355,17.75,EV-LAB-001,NORMAL_BASELINE,NORMAL_LABORATORY_STATE,all_lab_rules_within_thresholds,DETERMINISTIC_LABORATORY_RULES,False,False,True,False,False,False,False,40,40,0,0,0,True,True,355,0.9906140565872192,0.9990081191062927,3fd08f33c7e72f9a5a2dfa05ddb5a2df3e0cc421025b39bf0183f751284108ae,0a58960f6142fad4876a7eacf986c1d59f503dc47c53559a858505232b3c6bcf,f8b5283c3e85f1bc8b4e6e3bde6cc88ee2c61eb45dc03299a6432a593d0fcd03,17.75,355.0,50.6,50.88,50.39,-1.3,-0.12,0.01,-1.0,0.035000000000003695,2.3,24.0,3.0,1.0,2.4000000000000004,2.0,2783.0,107.0,1.0,107.30000000000001,72.0,61.0,2.0,79.60000000000001,98.0,398.3,75.4,31.0,0.013000000000000001,2.0,2.0,1.0,1.0,2.0,0.0,0.0,0.0,1.0,1.0,1.0,1.0,99.0,1.0,1.0,1.0,99.0,0.05,0.0,1.0,1.0,1.0,1.0,0.0,0.0,0.0,0.0,1.0,99.0,0.0,0.0,0.0,0.0,0.0,1.0,1.0,50.0,50.0,0.0,12.59,1.0,0.035000000000003695,0.0,0.30000000000001137,2.3,30.031820000000003,31.0,2568.0,True,False,False,dc1cd76a3253fa9010abc00a554d1ce96f65dca39b5f5171f6741a47bb5211b0,f97ae8c267551de39a28fa33e6db20da41d5897894b5f3025efdd01a9985a1fa
P5_8_0356,356,356,17.8,EV-LAB-001,NORMAL_BASELINE,NORMAL_LABORATORY_STATE,all_lab_rules_within_thresholds,DETERMINISTIC_LABORATORY_RULES,False,False,True,False,False,False,False,40,40,0,0,0,True,True,356,0.9906182885169983,0.9990078806877136,72c89b6b91be6484e47380a772e18d932f8fd0d3ab9d03fed3709d5cb63bb04d,0a58960f6142fad4876a7eacf986c1d59f503dc47c53559a858505232b3c6bcf,f8b5283c3e85f1bc8b4e6e3bde6cc88ee2c61eb45dc03299a6432a593d0fcd03,17.8,356.0,50.54,50.76,50.24,-1.2000000000000002,-0.12,0.01,-0.9,0.03999999999999915,2.1,22.8,2.9000000000000004,1.0,2.4000000000000004,2.0,2780.0,105.30000000000001,1.0,102.10000000000001,73.0,61.0,2.0,79.60000000000001,98.0,398.1,73.9,31.0,0.01,2.0,2.0,1.0,1.0,2.0,0.0,0.0,0.0,1.0,1.0,1.0,1.0,100.0,1.0,1.0,1.0,100.0,0.05,0.0,1.0,1.0,1.0,1.0,0.0,0.0,0.0,0.0,1.0,100.0,0.0,0.0,0.0,0.0,0.0,1.0,1.0,50.0,50.0,0.0,12.64,1.0,0.03999999999999915,0.0,3.200000000000003,2.1,29.419590000000003,31.0,2400.84,True,False,False,f97ae8c267551de39a28fa33e6db20da41d5897894b5f3025efdd01a9985a1fa,eedc223b26ceb26d3ffb78346f1132a6e78d5c568addbc8d36b98d77257b4a32
P5_8_0357,357,357,17.85,EV-LAB-001,NORMAL_BASELINE,NORMAL_LABORATORY_STATE,all_lab_rules_within_thresholds,DETERMINISTIC_LABORATORY_RULES,False,False,True,False,False,False,False,40,40,0,0,0,True,True,357,0.9906222224235535,0.9990076422691345,4c5bf0a03f35ce863ad444dcc8ca1784853a2c4233d043151414ce757c0ad4e5,0a58960f6142fad4876a7eacf986c1d59f503dc47c53559a858505232b3c6bcf,f8b5283c3e85f1bc8b4e6e3bde6cc88ee2c61eb45dc03299a6432a593d0fcd03,17.85,357.0,50.49,50.81,50.29,-1.1,-0.11,0.01,-0.9,0.05999999999999517,2.0,23.200000000000003,2.8000000000000003,1.0,2.4000000000000004,2.0,2777.0,106.0,1.0,105.7,72.0,62.0,2.0,79.60000000000001,98.0,398.5,74.2,31.0,0.01,2.0,2.0,1.0,1.0,2.0,0.0,0.0,0.0,1.0,1.0,1.0,1.0,101.0,1.0,1.0,1.0,101.0,0.05,0.0,1.0,1.0,1.0,1.0,0.0,0.0,0.0,0.0,1.0,101.0,0.0,0.0,0.0,0.0,0.0,1.0,1.0,50.0,50.0,0.0,12.61,1.0,0.05999999999999517,0.0,0.29999999999999716,2.0,29.5687,31.0,2459.2000000000003,True,False,False,eedc223b26ceb26d3ffb78346f1132a6e78d5c568addbc8d36b98d77257b4a32,9aa9f8a560f27996cae901a9029ce51800008346688788961e01401f56d11d6e
P5_8_0358,358,358,17.9,EV-LAB-001,NORMAL_BASELINE,NORMAL_LABORATORY_STATE,all_lab_rules_within_thresholds,DETERMINISTIC_LABORATORY_RULES,False,False,True,False,False,False,False,40,40,0,0,0,True,True,358,0.9906260967254639,0.9990074038505554,e3ce7754af359dcb3c7a4c6a5edc941aacd488f22ef59e4b66d7dc9e97f5ee36,0a58960f6142fad4876a7eacf986c1d59f503dc47c53559a858505232b3c6bcf,f8b5283c3e85f1bc8b4e6e3bde6cc88ee2c61eb45dc03299a6432a593d0fcd03,17.9,358.0,50.44,50.800000000000004,50.34,-1.0,-0.1,0.01,-1.0,0.13000000000000966,2.0,23.6,2.6,1.0,2.0,2.0,2774.0,106.7,1.0,107.30000000000001,73.0,61.0,2.0,79.60000000000001,98.0,398.20000000000005,74.10000000000001,31.0,0.012,1.9000000000000001,2.0,1.0,1.0,2.0,0.0,0.0,0.0,1.0,1.0,1.0,1.0,102.0,1.0,1.0,1.0,102.0,0.05,0.0,1.0,1.0,1.0,1.0,0.0,0.0,0.0,0.0,1.0,102.0,0.0,0.0,0.0,0.0,0.0,1.0,1.0,50.0,50.0,0.0,12.64,1.0,0.13000000000000966,0.0,0.6000000000000085,2.0,29.506620000000005,31.0,2518.1200000000003,True,False,False,9aa9f8a560f27996cae901a9029ce51800008346688788961e01401f56d11d6e,a983003ab0de758817cb1dae55087b4f52570392ac346bb5e2fc432766486add
P5_8_0359,359,359,17.95,EV-LAB-001,NORMAL_BASELINE,NORMAL_LABORATORY_STATE,all_lab_rules_within_thresholds,DETERMINISTIC_LABORATORY_RULES,False,False,True,False,False,False,False,40,40,0,0,0,True,True,359,0.9906298518180847,0.9990071654319763,baf50adb15162f78b98d2b4d3da2150305020c15d2ce91d570b8e83d13b2c5f7,0a58960f6142fad4876a7eacf986c1d59f503dc47c53559a858505232b3c6bcf,f8b5283c3e85f1bc8b4e6e3bde6cc88ee2c61eb45dc03299a6432a593d0fcd03,17.95,359.0,50.39,50.64,50.2,-0.9,-0.1,0.01,-0.8,0.030000000000001137,1.7000000000000002,24.0,2.5,1.0,2.0,2.0,2771.0,107.2,1.0,105.2,71.0,62.0,2.0,79.60000000000001,98.0,399.0,75.2,31.0,0.014,1.8,2.0,1.0,1.0,2.0,0.0,0.0,0.0,1.0,1.0,1.0,1.0,103.0,1.0,1.0,1.0,103.0,0.05,0.0,1.0,1.0,1.0,1.0,0.0,0.0,0.0,0.0,1.0,103.0,0.0,0.0,0.0,0.0,0.0,1.0,1.0,50.0,50.0,0.0,12.540000000000001,1.0,0.030000000000001137,0.0,2.0,1.7000000000000002,30.004800000000003,31.0,2572.8,True,False,False,a983003ab0de758817cb1dae55087b4f52570392ac346bb5e2fc432766486add,2b1b76f05cf9cb9dea23b392d95a6c99eed014c4eda3ab1aa35d4ff00b4730df
P5_8_0360,360,360,18.0,EV-LAB-001,NORMAL_BASELINE,NORMAL_LABORATORY_STATE,all_lab_rules_within_thresholds,DETERMINISTIC_LABORATORY_RULES,False,False,True,False,False,False,False,40,40,0,0,0,True,True,360,0.9906333684921265,0.9990070462226868,443d16a39355a19e080dffda47b6565d9cd4dea4b9e0fcd1f172425b1ef0adf0,0a58960f6142fad4876a7eacf986c1d59f503dc47c53559a858505232b3c6bcf,f8b5283c3e85f1bc8b4e6e3bde6cc88ee2c61eb45dc03299a6432a593d0fcd03,18.0,360.0,50.34,50.480000000000004,50.160000000000004,-0.8,-0.09,0.01,-0.7000000000000001,0.01999999999999602,1.5,23.6,2.3000000000000003,1.0,2.0,2.0,2769.0,106.7,1.0,108.9,72.0,61.0,2.0,79.60000000000001,98.0,398.20000000000005,75.5,31.0,0.011,2.0,2.0,1.0,1.0,2.0,0.0,0.0,0.0,1.0,1.0,1.0,1.0,104.0,1.0,1.0,1.0,104.0,0.05,0.0,1.0,1.0,1.0,1.0,0.0,0.0,0.0,0.0,1.0,104.0,0.0,0.0,0.0,0.0,0.0,1.0,1.0,50.0,50.0,0.0,12.59,1.0,0.01999999999999602,0.0,2.200000000000003,1.5,30.064100000000003,31.0,2518.1200000000003,True,False,False,2b1b76f05cf9cb9dea23b392d95a6c99eed014c4eda3ab1aa35d4ff00b4730df,9653c4f068c788ee00dea0f1909a1949e2c176e8b26820494bfce70dadd26f70
P5_8_0361,361,361,18.05,EV-LAB-001,NORMAL_BASELINE,NORMAL_LABORATORY_STATE,all_lab_rules_within_thresholds,DETERMINISTIC_LABORATORY_RULES,False,False,True,False,False,False,False,40,40,0,0,0,True,True,361,0.9906367659568787,0.9990068078041077,26824da1ef8a5647f147a902a3def44ba233aaed11c992841a544f5f957c1419,0a58960f6142fad4876a7eacf986c1d59f503dc47c53559a858505232b3c6bcf,f8b5283c3e85f1bc8b4e6e3bde6cc88ee2c61eb45dc03299a6432a593d0fcd03,18.05,361.0,50.300000000000004,50.49,49.97,-0.7000000000000001,-0.09,0.01,-0.6000000000000001,0.07000000000000028,1.3000000000000003,24.8,2.2,1.0,1.6,2.0,2767.0,108.4,1.0,108.10000000000001,72.0,61.0,2.0,79.60000000000001,98.0,399.8,76.4,31.0,0.009000000000000001,1.9000000000000001,2.0,1.0,1.0,2.0,0.0,0.0,0.0,1.0,1.0,1.0,1.0,105.0,1.0,1.0,1.0,105.0,0.05,0.0,1.0,1.0,1.0,1.0,0.0,0.0,0.0,0.0,1.0,105.0,0.0,0.0,0.0,0.0,0.0,1.0,1.0,50.0,50.0,0.0,12.55,1.0,0.07000000000000028,0.0,0.29999999999999716,1.3000000000000003,30.544720000000005,31.0,2688.32,True,False,False,9653c4f068c788ee00dea0f1909a1949e2c176e8b26820494bfce70dadd26f70,20cae54abb11dc6bbe3c1b26168999433e20118a18a99b8dd5b7c2ae449c7fc8
P5_8_0362,362,362,18.1,EV-LAB-001,NORMAL_BASELINE,NORMAL_LABORATORY_STATE,all_lab_rules_within_thresholds,DETERMINISTIC_LABORATORY_RULES,False,False,True,False,False,False,False,40,40,0,0,0,True,True,362,0.9906399250030518,0.9990065693855286,c91692a5ede573d9e391afa500858252e7f415a796503164d3535096052e3521,0a58960f6142fad4876a7eacf986c1d59f503dc47c53559a858505232b3c6bcf,f8b5283c3e85f1bc8b4e6e3bde6cc88ee2c61eb45dc03299a6432a593d0fcd03,18.1,362.0,50.26,50.51,49.94,-0.6000000000000001,-0.08,0.01,-0.5,0.035000000000003695,1.1,23.200000000000003,2.0,1.0,1.6,2.0,2764.0,106.7,1.0,107.60000000000001,72.0,62.0,2.0,79.60000000000001,98.0,398.8,75.8,31.0,0.012,2.0,2.0,1.0,1.0,2.0,0.0,0.0,0.0,1.0,1.0,1.0,1.0,106.0,1.0,1.0,1.0,106.0,0.05,0.0,1.0,1.0,1.0,1.0,0.0,0.0,0.0,0.0,1.0,106.0,0.0,0.0,0.0,0.0,0.0,1.0,1.0,50.0,50.0,0.0,12.530000000000001,1.0,0.035000000000003695,0.0,0.9000000000000057,1.1,30.22904,31.0,2475.4400000000005,True,False,False,20cae54abb11dc6bbe3c1b26168999433e20118a18a99b8dd5b7c2ae449c7fc8,06f67d020e61a741d912d4ec8688947ff78e74f3c31c5ba2128f241bc7eed49e
P5_8_0363,363,363,18.15,EV-LAB-001,NORMAL_BASELINE,NORMAL_LABORATORY_STATE,all_lab_rules_within_thresholds,DETERMINISTIC_LABORATORY_RULES,False,False,True,False,False,False,False,40,40,0,0,0,True,True,363,0.9906429648399353,0.999006450176239,69e1ef399a66a62924d24d4aea7df097532c811a4bbd8f9f61a4e81c9b0d3264,0a58960f6142fad4876a7eacf986c1d59f503dc47c53559a858505232b3c6bcf,f8b5283c3e85f1bc8b4e6e3bde6cc88ee2c61eb45dc03299a6432a593d0fcd03,18.15,363.0,50.22,50.550000000000004,49.980000000000004,-0.5,-0.08,0.01,-0.4,0.045000000000001705,0.9,23.6,1.9000000000000001,1.0,1.6,2.0,2762.0,107.10000000000001,1.0,107.10000000000001,73.0,62.0,2.0,79.60000000000001,98.0,399.3,74.2,31.0,0.011,2.2,2.0,1.0,1.0,2.0,0.0,0.0,0.0,1.0,1.0,1.0,1.0,107.0,1.0,1.0,1.0,107.0,0.05,0.0,1.0,1.0,1.0,1.0,0.0,0.0,0.0,0.0,1.0,107.0,0.0,0.0,0.0,0.0,0.0,1.0,1.0,50.0,50.0,0.0,12.52,1.0,0.045000000000001705,0.0,0.0,0.9,29.62806,31.0,2527.5600000000004,True,False,False,06f67d020e61a741d912d4ec8688947ff78e74f3c31c5ba2128f241bc7eed49e,be7f6aba4678afd29495d55c54d49f567e98c8471a06046036523e1d3cf4a89f
P5_8_0364,364,364,18.2,EV-LAB-001,NORMAL_BASELINE,NORMAL_LABORATORY_STATE,all_lab_rules_within_thresholds,DETERMINISTIC_LABORATORY_RULES,False,False,True,False,False,False,False,40,40,0,0,0,True,True,364,0.9906458854675293,0.9990062117576599,7b11ad24cf7a14ad170d2b2c51b97e2956be26070e0ae320d0046927e2e955af,0a58960f6142fad4876a7eacf986c1d59f503dc47c53559a858505232b3c6bcf,f8b5283c3e85f1bc8b4e6e3bde6cc88ee2c61eb45dc03299a6432a593d0fcd03,18.2,364.0,50.19,50.42,49.95,-0.4,-0.07,0.0,-0.4,0.0049999999999954525,0.8,24.0,1.8,1.0,1.6,2.0,2760.0,107.5,1.0,105.80000000000001,72.0,62.0,2.0,79.60000000000001,98.0,399.6,75.3,31.0,0.01,2.1,2.0,1.0,1.0,2.0,0.0,0.0,0.0,1.0,1.0,1.0,1.0,108.0,1.0,1.0,1.0,108.0,0.05,0.0,1.0,1.0,1.0,1.0,0.0,0.0,0.0,0.0,1.0,108.0,0.0,0.0,0.0,0.0,0.0,1.0,1.0,50.0,50.0,0.0,12.61,1.0,0.0049999999999954525,0.0,1.6999999999999886,0.8,30.08988,31.0,2580.0,True,False,False,be7f6aba4678afd29495d55c54d49f567e98c8471a06046036523e1d3cf4a89f,a67a3d2ff48852771e4c1fa05a049882f6e289c32448d3e69261ac0ef88f2bab
P5_8_0365,365,365,18.25,EV-LAB-001,NORMAL_BASELINE,NORMAL_LABORATORY_STATE,all_lab_rules_within_thresholds,DETERMINISTIC_LABORATORY_RULES,False,False,True,False,False,False,False,40,40,0,0,0,True,True,365,0.9906485676765442,0.9990060925483704,ebe0678b642d51790f98c0896b28c9f0f38bc437027b4490576555d1a093cd92,0a58960f6142fad4876a7eacf986c1d59f503dc47c53559a858505232b3c6bcf,f8b5283c3e85f1bc8b4e6e3bde6cc88ee2c61eb45dc03299a6432a593d0fcd03,18.25,365.0,50.160000000000004,50.370000000000005,49.9,-0.30000000000000004,-0.06,0.0,-0.30000000000000004,0.02499999999999858,0.6000000000000001,24.8,1.6,1.0,1.2000000000000002,2.0,2759.0,108.5,1.0,107.7,72.0,62.0,2.0,79.60000000000001,98.0,398.8,76.7,31.0,0.014,2.1,2.0,1.0,1.0,2.0,0.0,0.0,0.0,1.0,1.0,1.0,1.0,109.0,1.0,1.0,1.0,109.0,0.05,0.0,1.0,1.0,1.0,1.0,0.0,0.0,0.0,0.0,1.0,109.0,0.0,0.0,0.0,0.0,0.0,1.0,1.0,50.0,50.0,0.0,12.61,1.0,0.02499999999999858,0.0,0.7999999999999972,0.6000000000000001,30.587960000000002,31.0,2690.8,True,False,False,a67a3d2ff48852771e4c1fa05a049882f6e289c32448d3e69261ac0ef88f2bab,f3f25934ea1244cbcf34a3090bd329c56c58ca84ae550c0cffb3cc3d47455788
P5_8_0366,366,366,18.3,EV-LAB-001,NORMAL_BASELINE,NORMAL_LABORATORY_STATE,all_lab_rules_within_thresholds,DETERMINISTIC_LABORATORY_RULES,False,False,True,False,False,False,False,40,40,0,0,0,True,True,366,0.9906511306762695,0.9990059733390808,c3368426f7ce2294b7ddc28bbd4a30c6637e43d0dfda1354612658da391517d5,0a58960f6142fad4876a7eacf986c1d59f503dc47c53559a858505232b3c6bcf,f8b5283c3e85f1bc8b4e6e3bde6cc88ee2c61eb45dc03299a6432a593d0fcd03,18.3,366.0,50.13,50.31,49.86,-0.2,-0.06,0.0,-0.2,0.045000000000001705,0.4,24.0,1.5,1.0,1.2000000000000002,2.0,2757.0,107.7,1.0,108.5,72.0,61.0,2.0,79.60000000000001,98.0,398.6,74.60000000000001,31.0,0.013000000000000001,1.9000000000000001,2.0,1.0,1.0,2.0,0.0,0.0,0.0,1.0,1.0,1.0,1.0,110.0,1.0,1.0,1.0,110.0,0.05,0.0,1.0,1.0,1.0,1.0,0.0,0.0,0.0,0.0,1.0,110.0,0.0,0.0,0.0,0.0,0.0,1.0,1.0,50.0,50.0,0.0,12.61,1.0,0.045000000000001705,0.0,0.7999999999999972,0.4,29.735560000000007,31.0,2584.8,True,False,False,f3f25934ea1244cbcf34a3090bd329c56c58ca84ae550c0cffb3cc3d47455788,1f29426b00450204ce30d18bc0a9fa90f25b4fc0d6023bf45e08c9caa6151b5f
P5_8_0367,367,367,18.35,EV-LAB-001,NORMAL_BASELINE,NORMAL_LABORATORY_STATE,all_lab_rules_within_thresholds,DETERMINISTIC_LABORATORY_RULES,False,False,True,False,False,False,False,40,40,0,0,0,True,True,367,0.9906535744667053,0.9990058541297913,723747e90bd08f138a535a4546c4ba9ef85e8d56899b8a781b25b80f2f255ce1,0a58960f6142fad4876a7eacf986c1d59f503dc47c53559a858505232b3c6bcf,f8b5283c3e85f1bc8b4e6e3bde6cc88ee2c61eb45dc03299a6432a593d0fcd03,18.35,367.0,50.1,50.230000000000004,49.92,-0.1,-0.05,0.0,-0.1,0.02499999999999858,0.2,23.6,1.3,1.0,1.2000000000000002,2.0,2756.0,107.5,1.0,107.9,72.0,62.0,2.0,79.60000000000001,98.0,398.3,74.5,31.0,0.009000000000000001,1.9000000000000001,2.0,1.0,1.0,2.0,0.0,0.0,0.0,1.0,1.0,1.0,1.0,111.0,1.0,1.0,1.0,111.0,0.05,0.0,1.0,1.0,1.0,1.0,0.0,0.0,0.0,0.0,1.0,111.0,0.0,0.0,0.0,0.0,0.0,1.0,1.0,50.0,50.0,0.0,12.540000000000001,1.0,0.02499999999999858,0.0,0.4000000000000057,0.2,29.673350000000003,31.0,2537.0,True,False,False,1f29426b00450204ce30d18bc0a9fa90f25b4fc0d6023bf45e08c9caa6151b5f,d2a1291d7ddb913516e6e0ec5904e3074e5ffac0a03651c7a49cbbf91b309147
P5_8_0368,368,368,18.4,EV-LAB-001,NORMAL_BASELINE,NORMAL_LABORATORY_STATE,all_lab_rules_within_thresholds,DETERMINISTIC_LABORATORY_RULES,False,False,True,False,False,False,False,40,40,0,0,0,True,True,368,0.9906558394432068,0.9990057349205017,0066d9a0601833db2a7473335c191932b6c2ac9c3532f60aac05c67cc487ca7f,0a58960f6142fad4876a7eacf986c1d59f503dc47c53559a858505232b3c6bcf,f8b5283c3e85f1bc8b4e6e3bde6cc88ee2c61eb45dc03299a6432a593d0fcd03,18.4,368.0,50.08,50.28,49.79,-0.1,-0.05,0.01,-0.1,0.045000000000001705,0.2,23.6,1.2000000000000002,1.0,0.8,2.0,2754.0,107.60000000000001,1.0,107.80000000000001,71.0,61.0,2.0,79.60000000000001,98.0,399.1,73.3,31.0,0.012,1.9000000000000001,2.0,1.0,1.0,2.0,0.0,0.0,0.0,1.0,1.0,1.0,1.0,112.0,1.0,1.0,1.0,112.0,0.05,0.0,1.0,1.0,1.0,1.0,0.0,0.0,0.0,0.0,1.0,112.0,0.0,0.0,0.0,0.0,0.0,1.0,1.0,50.0,50.0,0.0,12.61,1.0,0.045000000000001705,0.0,0.20000000000000284,0.2,29.25403,31.0,2539.36,True,False,False,d2a1291d7ddb913516e6e0ec5904e3074e5ffac0a03651c7a49cbbf91b309147,3bf6bf8354b0bcebe071bb0bac93e2a9a108c261fb6ec5c36526603c2c12ceca
P5_8_0369,369,369,18.45,EV-LAB-001,NORMAL_BASELINE,NORMAL_LABORATORY_STATE,all_lab_rules_within_thresholds,DETERMINISTIC_LABORATORY_RULES,False,False,True,False,False,False,False,40,40,0,0,0,True,True,369,0.9906578063964844,0.9990056157112122,6f945009a68a1383722d0ee706d8f2d7e8e4c74b30296758ab020ed59da7b5e7,0a58960f6142fad4876a7eacf986c1d59f503dc47c53559a858505232b3c6bcf,f8b5283c3e85f1bc8b4e6e3bde6cc88ee2c61eb45dc03299a6432a593d0fcd03,18.45,369.0,50.06,50.34,50.02,0.0,-0.04,0.0,0.0,0.12000000000000455,0.0,23.200000000000003,1.0,1.0,0.8,2.0,2753.0,107.0,1.0,108.5,72.0,61.0,2.0,79.60000000000001,98.0,398.40000000000003,73.4,31.0,0.011,2.2,2.0,1.0,1.0,2.0,0.0,0.0,0.0,1.0,1.0,1.0,1.0,113.0,1.0,1.0,1.0,113.0,0.05,0.0,1.0,1.0,1.0,1.0,0.0,0.0,0.0,0.0,1.0,113.0,0.0,0.0,0.0,0.0,0.0,1.0,1.0,50.0,50.0,0.0,12.64,1.0,0.12000000000000455,0.0,1.5,0.0,29.242560000000005,31.0,2482.4,True,False,False,3bf6bf8354b0bcebe071bb0bac93e2a9a108c261fb6ec5c36526603c2c12ceca,36a682a89f70979d15052fcf38d97d6582a1eabb5018d0e2a7f35d3059d5f99d
P5_8_0370,370,370,18.5,EV-LAB-001,NORMAL_BASELINE,NORMAL_LABORATORY_STATE,all_lab_rules_within_thresholds,DETERMINISTIC_LABORATORY_RULES,False,False,True,False,False,False,False,40,40,0,0,0,True,True,370,0.990659773349762,0.9990054965019226,80486991c7f8cbd25d1d78c89f01b7bcb7b5588492dcb1db051179721a127453,0a58960f6142fad4876a7eacf986c1d59f503dc47c53559a858505232b3c6bcf,f8b5283c3e85f1bc8b4e6e3bde6cc88ee2c61eb45dc03299a6432a593d0fcd03,18.5,370.0,50.04,50.36,49.96,0.1,-0.03,0.0,0.1,0.11999999999999744,0.2,25.200000000000003,0.9,1.0,0.8,2.0,2752.0,109.7,1.0,111.4,72.0,61.0,2.0,79.60000000000001,98.0,398.8,75.9,31.0,0.009000000000000001,1.9000000000000001,2.0,1.0,1.0,2.0,0.0,0.0,0.0,1.0,1.0,1.0,1.0,114.0,1.0,1.0,1.0,114.0,0.05,0.0,1.0,1.0,1.0,1.0,0.0,0.0,0.0,0.0,1.0,114.0,0.0,0.0,0.0,0.0,0.0,1.0,1.0,50.0,50.0,0.0,12.63,1.0,0.11999999999999744,0.0,1.7000000000000028,0.2,30.26892,31.0,2764.4400000000005,True,False,False,36a682a89f70979d15052fcf38d97d6582a1eabb5018d0e2a7f35d3059d5f99d,01bec09ffb6c9efc646a5fdc6a57fe77dbc02af814204a5ac320b33660901b10
P5_8_0371,371,371,18.55,EV-LAB-001,NORMAL_BASELINE,NORMAL_LABORATORY_STATE,all_lab_rules_within_thresholds,DETERMINISTIC_LABORATORY_RULES,False,False,True,False,False,False,False,40,40,0,0,0,True,True,371,0.9906614422798157,0.9990053772926331,bc5a874803141e8409e3b701ac251ade2aaa3ce67c3a97c9086032c157a470d0,0a58960f6142fad4876a7eacf986c1d59f503dc47c53559a858505232b3c6bcf,f8b5283c3e85f1bc8b4e6e3bde6cc88ee2c61eb45dc03299a6432a593d0fcd03,18.55,371.0,50.03,50.07,49.77,0.2,-0.03,0.0,0.2,0.10999999999999943,0.4,24.400000000000002,0.7000000000000001,1.0,0.4,2.0,2752.0,108.9,1.0,107.0,73.0,63.0,2.0,79.60000000000001,98.0,398.8,75.2,31.0,0.01,2.0,2.0,1.0,1.0,2.0,0.0,0.0,0.0,1.0,1.0,1.0,1.0,115.0,1.0,1.0,1.0,115.0,0.05,0.0,1.0,1.0,1.0,1.0,0.0,0.0,0.0,0.0,1.0,115.0,0.0,0.0,0.0,0.0,0.0,1.0,1.0,50.0,50.0,0.0,12.64,1.0,0.10999999999999943,0.0,1.9000000000000057,0.4,29.98976,31.0,2657.1600000000003,True,False,False,01bec09ffb6c9efc646a5fdc6a57fe77dbc02af814204a5ac320b33660901b10,445c32f14669ba4378c778959bbbecdf2d0faccba04772349df5ca8120041adf
P5_8_0372,372,372,18.6,EV-LAB-001,NORMAL_BASELINE,NORMAL_LABORATORY_STATE,all_lab_rules_within_thresholds,DETERMINISTIC_LABORATORY_RULES,False,False,True,False,False,False,False,40,40,0,0,0,True,True,372,0.9906630516052246,0.9990052580833435,60486e394ff354f8342e4ba589b61edd5d7a7f02977e2f48660d2bdbc6a19f08,0a58960f6142fad4876a7eacf986c1d59f503dc47c53559a858505232b3c6bcf,f8b5283c3e85f1bc8b4e6e3bde6cc88ee2c61eb45dc03299a6432a593d0fcd03,18.6,372.0,50.02,50.19,49.78,0.30000000000000004,-0.02,0.0,0.2,0.035000000000003695,0.5,22.8,0.0,0.0,4.800000000000001,2.0,2751.0,103.10000000000001,1.0,102.2,71.0,61.0,2.0,79.60000000000001,98.0,399.20000000000005,74.4,31.0,0.012,2.1,2.0,1.0,1.0,2.0,0.0,0.0,0.0,1.0,1.0,1.0,1.0,116.0,1.0,1.0,1.0,116.0,0.05,0.0,1.0,1.0,1.0,1.0,0.0,0.0,0.0,0.0,1.0,116.0,0.0,0.0,0.0,0.0,0.0,1.0,1.0,50.0,50.0,0.0,12.63,1.0,0.035000000000003695,0.0,0.9000000000000057,0.5,29.700480000000006,31.0,2350.6800000000003,True,False,False,445c32f14669ba4378c778959bbbecdf2d0faccba04772349df5ca8120041adf,b639265f62ce985f8f02b15a91c5061adeb48ee3f31fa153a5f476dce3b67573
P5_8_0373,373,373,18.65,EV-LAB-001,NORMAL_BASELINE,NORMAL_LABORATORY_STATE,all_lab_rules_within_thresholds,DETERMINISTIC_LABORATORY_RULES,False,False,True,False,False,False,False,40,40,0,0,0,True,True,373,0.9906643629074097,0.999005138874054,b834441ee8160b54912a3c93f454bd184969876df69b45d156e184f5828ac7c8,0a58960f6142fad4876a7eacf986c1d59f503dc47c53559a858505232b3c6bcf,f8b5283c3e85f1bc8b4e6e3bde6cc88ee2c61eb45dc03299a6432a593d0fcd03,18.65,373.0,50.01,50.24,49.78,0.4,-0.02,0.0,0.2,7.105427357601002e-15,0.6000000000000001,24.8,0.0,0.0,4.800000000000001,2.0,2751.0,105.9,1.0,104.7,72.0,62.0,2.0,79.60000000000001,98.0,399.0,74.2,31.0,0.014,1.8,2.0,1.0,1.0,2.0,0.0,0.0,0.0,1.0,1.0,1.0,1.0,117.0,1.0,1.0,1.0,117.0,0.05,0.0,1.0,1.0,1.0,1.0,0.0,0.0,0.0,0.0,1.0,117.0,0.0,0.0,0.0,0.0,0.0,1.0,1.0,50.0,50.0,0.0,12.66,1.0,7.105427357601002e-15,0.0,1.2000000000000028,0.6000000000000001,29.605800000000002,31.0,2626.32,True,False,False,b639265f62ce985f8f02b15a91c5061adeb48ee3f31fa153a5f476dce3b67573,b75d453cf101001df146cf3fb2ccc37f1228d2ca81341cb6b6d3e8b89ded6f5b
P5_8_0374,374,374,18.7,EV-LAB-001,NORMAL_BASELINE,NORMAL_LABORATORY_STATE,all_lab_rules_within_thresholds,DETERMINISTIC_LABORATORY_RULES,False,False,True,False,False,False,False,40,40,0,0,0,True,True,374,0.9906656742095947,0.999005138874054,9bdb39d2fcbb369e9c88fd1225b072cb74fa62843cf58c7fe8fba17589442795,0a58960f6142fad4876a7eacf986c1d59f503dc47c53559a858505232b3c6bcf,f8b5283c3e85f1bc8b4e6e3bde6cc88ee2c61eb45dc03299a6432a593d0fcd03,18.7,374.0,50.01,50.21,49.9,0.5,-0.01,0.0,0.4,0.045000000000001705,0.9,24.8,0.0,0.0,4.800000000000001,2.0,2750.0,105.80000000000001,1.0,105.2,72.0,62.0,2.0,79.60000000000001,98.0,399.1,73.9,31.0,0.012,2.2,2.0,1.0,1.0,2.0,0.0,0.0,0.0,1.0,1.0,1.0,1.0,118.0,1.0,1.0,1.0,118.0,0.05,0.0,1.0,1.0,1.0,1.0,0.0,0.0,0.0,0.0,1.0,118.0,0.0,0.0,0.0,0.0,0.0,1.0,1.0,50.0,50.0,0.0,12.620000000000001,1.0,0.045000000000001705,0.0,0.6000000000000085,0.9,29.493490000000005,31.0,2623.84,True,False,False,b75d453cf101001df146cf3fb2ccc37f1228d2ca81341cb6b6d3e8b89ded6f5b,f495042d2241f7c04ff2c023e7b41e66f2b1ef520bc2ee4f0da2110f3e5054f7
P5_8_0375,375,375,18.75,EV-LAB-001,NORMAL_BASELINE,NORMAL_LABORATORY_STATE,all_lab_rules_within_thresholds,DETERMINISTIC_LABORATORY_RULES,False,False,True,False,False,False,False,40,40,0,0,0,True,True,375,0.9906665682792664,0.9990050196647644,848a0cbcf55ff9cdfe333245fc788a3ecd8f7487465c94ee5dce9b960c767cfe,0a58960f6142fad4876a7eacf986c1d59f503dc47c53559a858505232b3c6bcf,f8b5283c3e85f1bc8b4e6e3bde6cc88ee2c61eb45dc03299a6432a593d0fcd03,18.75,375.0,50.0,50.18,49.88,0.6000000000000001,0.0,0.0,0.5,0.030000000000001137,1.1,24.400000000000002,0.0,0.0,4.800000000000001,2.0,2750.0,105.2,1.0,103.9,72.0,61.0,2.0,79.60000000000001,98.0,399.3,72.10000000000001,31.0,0.015,1.9000000000000001,2.0,1.0,1.0,2.0,0.0,0.0,0.0,1.0,1.0,1.0,1.0,119.0,1.0,1.0,1.0,119.0,0.05,0.0,1.0,1.0,1.0,1.0,0.0,0.0,0.0,0.0,1.0,119.0,0.0,0.0,0.0,0.0,0.0,1.0,1.0,50.0,50.0,0.0,12.63,1.0,0.030000000000001137,0.0,1.2999999999999972,1.1,28.789530000000003,31.0,2566.88,True,False,False,f495042d2241f7c04ff2c023e7b41e66f2b1ef520bc2ee4f0da2110f3e5054f7,725cb3c195f0a943724d9a4c136b5c54e6bc2bb144c2cb913592680dd28bc550
P5_8_0376,376,376,18.8,EV-LAB-001,NORMAL_BASELINE,NORMAL_LABORATORY_STATE,all_lab_rules_within_thresholds,DETERMINISTIC_LABORATORY_RULES,False,False,True,False,False,False,False,40,40,0,0,0,True,True,376,0.9906675219535828,0.9990050196647644,6d2b55b27589c4c88a052737ebb11de6245eecec8797429d253ae6f2b8fc99ce,0a58960f6142fad4876a7eacf986c1d59f503dc47c53559a858505232b3c6bcf,f8b5283c3e85f1bc8b4e6e3bde6cc88ee2c61eb45dc03299a6432a593d0fcd03,18.8,376.0,50.0,50.14,49.77,0.7000000000000001,0.0,0.0,0.6000000000000001,0.045000000000001705,1.3000000000000003,22.8,0.0,0.0,4.800000000000001,2.0,2750.0,103.2,1.0,105.4,72.0,62.0,2.0,79.60000000000001,98.0,398.90000000000003,71.7,31.0,0.012,2.0,2.0,1.0,1.0,2.0,0.0,0.0,0.0,1.0,1.0,1.0,1.0,120.0,1.0,1.0,1.0,120.0,0.05,0.0,1.0,1.0,1.0,1.0,0.0,0.0,0.0,0.0,1.0,120.0,0.0,0.0,0.0,0.0,0.0,1.0,1.0,50.0,50.0,0.0,12.61,1.0,0.045000000000001705,0.0,2.200000000000003,1.3000000000000003,28.601130000000005,31.0,2352.96,True,False,False,725cb3c195f0a943724d9a4c136b5c54e6bc2bb144c2cb913592680dd28bc550,76cb5dc483fd8b91ce6b595eaa3b125b0db21f7c70e0b746ea3c78e17563d7b6
P5_8_0377,377,377,18.85,EV-LAB-001,NORMAL_BASELINE,NORMAL_LABORATORY_STATE,all_lab_rules_within_thresholds,DETERMINISTIC_LABORATORY_RULES,False,False,True,False,False,False,False,40,40,0,0,0,True,True,377,0.9906682372093201,0.9990049004554749,407932827bc92cf10bb86b260b128059f27298932de0de198408cf1d9a59228d,0a58960f6142fad4876a7eacf986c1d59f503dc47c53559a858505232b3c6bcf,f8b5283c3e85f1bc8b4e6e3bde6cc88ee2c61eb45dc03299a6432a593d0fcd03,18.85,377.0,50.01,50.17,49.82,0.8,0.01,0.0,0.6000000000000001,0.014999999999993463,1.4000000000000001,23.6,0.0,0.0,4.800000000000001,2.0,2750.0,104.2,1.0,103.0,73.0,61.0,2.0,79.60000000000001,98.0,398.1,73.4,31.0,0.011,2.1,2.0,1.0,1.0,2.0,0.0,0.0,0.0,1.0,1.0,1.0,1.0,121.0,1.0,1.0,1.0,121.0,0.05,0.0,1.0,1.0,1.0,1.0,0.0,0.0,0.0,0.0,1.0,121.0,0.0,0.0,0.0,0.0,0.0,1.0,1.0,50.0,50.0,0.0,12.59,1.0,0.014999999999993463,0.0,1.2000000000000028,1.4000000000000001,29.220540000000003,31.0,2459.1200000000003,True,False,False,76cb5dc483fd8b91ce6b595eaa3b125b0db21f7c70e0b746ea3c78e17563d7b6,0a9e05445214b9e9e796c02ca7f147bc43a9a656bc6930a7e66e3072aab7e3fd
P5_8_0378,378,378,18.9,EV-LAB-001,NORMAL_BASELINE,NORMAL_LABORATORY_STATE,all_lab_rules_within_thresholds,DETERMINISTIC_LABORATORY_RULES,False,False,True,False,False,False,False,40,40,0,0,0,True,True,378,0.9906688332557678,0.9990049004554749,2969405f213dc501cb865859d47bd92fbad405ade82cd4cb0f49a916a9ceea67,0a58960f6142fad4876a7eacf986c1d59f503dc47c53559a858505232b3c6bcf,f8b5283c3e85f1bc8b4e6e3bde6cc88ee2c61eb45dc03299a6432a593d0fcd03,18.9,378.0,50.02,50.230000000000004,49.86,0.9,0.01,0.0,0.7000000000000001,0.02499999999999858,1.6,24.400000000000002,0.0,0.0,4.800000000000001,2.0,2751.0,105.2,1.0,104.30000000000001,72.0,61.0,2.0,79.60000000000001,98.0,398.3,73.60000000000001,31.0,0.011,2.2,2.0,1.0,1.0,2.0,0.0,0.0,0.0,1.0,1.0,1.0,1.0,122.0,1.0,1.0,1.0,122.0,0.05,0.0,1.0,1.0,1.0,1.0,0.0,0.0,0.0,0.0,1.0,122.0,0.0,0.0,0.0,0.0,0.0,1.0,1.0,50.0,50.0,0.0,12.58,1.0,0.02499999999999858,0.0,0.8999999999999915,1.6,29.314880000000006,31.0,2566.88,True,False,False,0a9e05445214b9e9e796c02ca7f147bc43a9a656bc6930a7e66e3072aab7e3fd,f76dee53136d445afe9ddb1a4c757f2a5e0a62362eebd8cc13ffe80d9e0ab199
P5_8_0379,379,379,18.95,EV-LAB-001,NORMAL_BASELINE,NORMAL_LABORATORY_STATE,all_lab_rules_within_thresholds,DETERMINISTIC_LABORATORY_RULES,False,False,True,False,False,False,False,40,40,0,0,0,True,True,379,0.9906690120697021,0.9990049004554749,6d602ee1414d3c8da7a94c404b1b1d770f8fe7af9e8e847a16933e8d9e86087c,0a58960f6142fad4876a7eacf986c1d59f503dc47c53559a858505232b3c6bcf,f8b5283c3e85f1bc8b4e6e3bde6cc88ee2c61eb45dc03299a6432a593d0fcd03,18.95,379.0,50.03,50.15,49.84,1.0,0.02,0.0,0.8,0.03499999999999659,1.8,26.400000000000002,0.0,0.0,4.800000000000001,2.0,2751.0,107.5,1.0,107.10000000000001,72.0,61.0,2.0,79.60000000000001,98.0,398.8,74.2,31.0,0.014,2.1,2.0,1.0,1.0,2.0,0.0,0.0,0.0,1.0,1.0,1.0,1.0,123.0,1.0,1.0,1.0,123.0,0.05,0.0,1.0,1.0,1.0,1.0,0.0,0.0,0.0,0.0,1.0,123.0,0.0,0.0,0.0,0.0,0.0,1.0,1.0,50.0,50.0,0.0,12.5,1.0,0.03499999999999659,0.0,0.3999999999999915,1.8,29.590960000000003,31.0,2838.0000000000005,True,False,False,f76dee53136d445afe9ddb1a4c757f2a5e0a62362eebd8cc13ffe80d9e0ab199,dacd0ac33ee4194c46d6cb473d03bcd91d0314dcf806761bc3436046ca8397b4
P5_8_0380,380,380,19.0,EV-LAB-001,NORMAL_BASELINE,NORMAL_LABORATORY_STATE,all_lab_rules_within_thresholds,DETERMINISTIC_LABORATORY_RULES,False,False,True,False,False,False,False,40,40,0,0,0,True,True,380,0.9906692504882812,0.9990049004554749,31465ae21229dc9a3348053376d7c0d2c2da6b08d1c647e0bef9157f04acee94,0a58960f6142fad4876a7eacf986c1d59f503dc47c53559a858505232b3c6bcf,f8b5283c3e85f1bc8b4e6e3bde6cc88ee2c61eb45dc03299a6432a593d0fcd03,19.0,380.0,50.04,50.39,49.89,1.0,0.03,0.0,0.8,0.10000000000000142,1.8,24.8,0.0,0.0,4.800000000000001,2.0,2752.0,105.60000000000001,1.0,106.10000000000001,71.0,62.0,2.0,79.60000000000001,98.0,398.8,72.8,31.0,0.012,2.0,2.0,1.0,1.0,2.0,0.0,0.0,0.0,1.0,1.0,1.0,1.0,124.0,1.0,1.0,1.0,124.0,0.05,0.0,1.0,1.0,1.0,1.0,0.0,0.0,0.0,0.0,1.0,124.0,0.0,0.0,0.0,0.0,0.0,1.0,1.0,50.0,50.0,0.0,12.58,1.0,0.10000000000000142,0.0,0.5,1.8,29.03264,31.0,2618.88,True,False,False,dacd0ac33ee4194c46d6cb473d03bcd91d0314dcf806761bc3436046ca8397b4,96749dd6910426d5404af21601a3ad9a03a739c47178361bdd722b8af7f970f5
P5_8_0381,381,381,19.05,EV-LAB-001,NORMAL_BASELINE,NORMAL_LABORATORY_STATE,all_lab_rules_within_thresholds,DETERMINISTIC_LABORATORY_RULES,False,False,True,False,False,False,False,40,40,0,0,0,True,True,381,0.9906692504882812,0.9990049004554749,4a62031e711eb1eea28f3c7ef455d314acdcd63fc651237475bd1dd74b3f5aa3,0a58960f6142fad4876a7eacf986c1d59f503dc47c53559a858505232b3c6bcf,f8b5283c3e85f1bc8b4e6e3bde6cc88ee2c61eb45dc03299a6432a593d0fcd03,19.05,381.0,50.050000000000004,50.300000000000004,49.870000000000005,1.1,0.03,0.0,0.9,0.035000000000003695,2.0,24.0,0.0,0.0,4.800000000000001,2.0,2753.0,104.60000000000001,1.0,102.7,72.0,61.0,2.0,79.60000000000001,98.0,399.20000000000005,73.7,31.0,0.013000000000000001,2.3000000000000003,2.0,1.0,1.0,2.0,0.0,0.0,0.0,1.0,1.0,1.0,1.0,125.0,1.0,1.0,1.0,125.0,0.05,0.0,1.0,1.0,1.0,1.0,0.0,0.0,0.0,0.0,1.0,125.0,0.0,0.0,0.0,0.0,0.0,1.0,1.0,50.0,50.0,0.0,12.58,1.0,0.035000000000003695,0.0,1.9000000000000057,2.0,29.421040000000005,31.0,2510.4,True,False,False,96749dd6910426d5404af21601a3ad9a03a739c47178361bdd722b8af7f970f5,42c42cba7b6867c5ad72580e447db1a48b33d54e0e872243814b367ac4bc09a0
P5_8_0382,382,382,19.1,EV-LAB-001,NORMAL_BASELINE,NORMAL_LABORATORY_STATE,all_lab_rules_within_thresholds,DETERMINISTIC_LABORATORY_RULES,False,False,True,False,False,False,False,40,40,0,0,0,True,True,382,0.9906691312789917,0.9990049004554749,5773730fbbf5568c132ff308e48148f5847fe683b67e6990736faefd88e8993a,0a58960f6142fad4876a7eacf986c1d59f503dc47c53559a858505232b3c6bcf,f8b5283c3e85f1bc8b4e6e3bde6cc88ee2c61eb45dc03299a6432a593d0fcd03,19.1,382.0,50.07,50.410000000000004,49.92,1.2000000000000002,0.04,0.0,0.9,0.09500000000000597,2.1,24.400000000000002,0.0,0.0,4.800000000000001,2.0,2754.0,105.30000000000001,1.0,106.2,72.0,61.0,2.0,79.60000000000001,98.0,398.8,73.60000000000001,31.0,0.013000000000000001,1.9000000000000001,2.0,1.0,1.0,2.0,0.0,0.0,0.0,1.0,1.0,1.0,1.0,126.0,1.0,1.0,1.0,126.0,0.05,0.0,1.0,1.0,1.0,1.0,0.0,0.0,0.0,0.0,1.0,126.0,0.0,0.0,0.0,0.0,0.0,1.0,1.0,50.0,50.0,0.0,12.620000000000001,1.0,0.09500000000000597,0.0,0.8999999999999915,2.1,29.351680000000005,31.0,2569.3200000000006,True,False,False,42c42cba7b6867c5ad72580e447db1a48b33d54e0e872243814b367ac4bc09a0,aeced61982f2905f79a76d055e7b5d36d1fb06bc4ef31e70fdd3510a2f36ef42
P5_8_0383,383,383,19.15,EV-LAB-001,NORMAL_BASELINE,NORMAL_LABORATORY_STATE,all_lab_rules_within_thresholds,DETERMINISTIC_LABORATORY_RULES,False,False,True,False,False,False,False,40,40,0,0,0,True,True,383,0.9906688332557678,0.9990049004554749,782fb9490f1ec3b5ed1710d3f560adc1be1cf2bd4b0e269ee81ed1be6f3bd9cd,0a58960f6142fad4876a7eacf986c1d59f503dc47c53559a858505232b3c6bcf,f8b5283c3e85f1bc8b4e6e3bde6cc88ee2c61eb45dc03299a6432a593d0fcd03,19.15,383.0,50.09,50.34,50.02,1.3,0.04,-0.01,1.0,0.09000000000000341,2.3,24.400000000000002,0.0,0.0,4.800000000000001,2.0,2755.0,105.4,1.0,104.30000000000001,72.0,62.0,2.0,79.60000000000001,98.0,398.90000000000003,74.10000000000001,31.0,0.012,1.5,2.0,1.0,1.0,2.0,0.0,0.0,0.0,1.0,1.0,1.0,1.0,127.0,1.0,1.0,1.0,127.0,0.05,0.0,1.0,1.0,1.0,1.0,0.0,0.0,0.0,0.0,1.0,127.0,0.0,0.0,0.0,0.0,0.0,1.0,1.0,50.0,50.0,0.0,12.57,1.0,0.09000000000000341,0.0,1.0999999999999943,2.3,29.558490000000006,31.0,2571.76,True,False,False,aeced61982f2905f79a76d055e7b5d36d1fb06bc4ef31e70fdd3510a2f36ef42,4517a5ed06e22a7a1d55d28432a1e9fece9cdace1adac0280482fbcc99c36158
P5_8_0384,384,384,19.2,EV-LAB-001,NORMAL_BASELINE,NORMAL_LABORATORY_STATE,all_lab_rules_within_thresholds,DETERMINISTIC_LABORATORY_RULES,False,False,True,False,False,False,False,40,40,0,0,0,True,True,384,0.9906683564186096,0.9990049004554749,02394964587bfe6e249740ce325db8ab3da8d43b866516b52f0eb130fb231945,0a58960f6142fad4876a7eacf986c1d59f503dc47c53559a858505232b3c6bcf,f8b5283c3e85f1bc8b4e6e3bde6cc88ee2c61eb45dc03299a6432a593d0fcd03,19.2,384.0,50.120000000000005,50.26,49.96,1.4000000000000001,0.05,0.0,1.2000000000000002,0.010000000000005116,2.6000000000000005,23.200000000000003,0.0,0.0,4.800000000000001,2.0,2757.0,104.10000000000001,1.0,105.80000000000001,73.0,62.0,2.0,79.60000000000001,98.0,398.8,72.3,31.0,0.014,1.9000000000000001,2.0,1.0,1.0,2.0,0.0,0.0,0.0,1.0,1.0,1.0,1.0,128.0,1.0,1.0,1.0,128.0,0.05,0.0,1.0,1.0,1.0,1.0,0.0,0.0,0.0,0.0,1.0,128.0,0.0,0.0,0.0,0.0,0.0,1.0,1.0,50.0,50.0,0.0,12.55,1.0,0.010000000000005116,0.0,1.7000000000000028,2.6000000000000005,28.833239999999996,31.0,2415.1200000000003,True,False,False,4517a5ed06e22a7a1d55d28432a1e9fece9cdace1adac0280482fbcc99c36158,b2efca996fe06874219a17e5d4c1e79243ae33f545fea2ca26e5bb42113df0e4
P5_8_0385,385,385,19.25,EV-LAB-001,NORMAL_BASELINE,NORMAL_LABORATORY_STATE,all_lab_rules_within_thresholds,DETERMINISTIC_LABORATORY_RULES,False,False,True,False,False,False,False,40,40,0,0,0,True,True,385,0.9906676411628723,0.9990050196647644,f68815e9d0068a4bb04569f92119e52a914e7e996c1d2735aedc0bc0b6f763b9,0a58960f6142fad4876a7eacf986c1d59f503dc47c53559a858505232b3c6bcf,f8b5283c3e85f1bc8b4e6e3bde6cc88ee2c61eb45dc03299a6432a593d0fcd03,19.25,385.0,50.15,50.31,50.03,1.5,0.06,0.0,1.2000000000000002,0.020000000000003126,2.7,24.0,0.0,0.0,4.800000000000001,2.0,2758.0,104.9,1.0,104.80000000000001,72.0,62.0,2.0,79.60000000000001,98.0,399.1,73.0,31.0,0.007,2.0,2.0,1.0,1.0,2.0,0.0,0.0,0.0,1.0,1.0,1.0,1.0,129.0,1.0,1.0,1.0,129.0,0.05,0.0,1.0,1.0,1.0,1.0,0.0,0.0,0.0,0.0,1.0,129.0,0.0,0.0,0.0,0.0,0.0,1.0,1.0,50.0,50.0,0.0,12.57,1.0,0.020000000000003126,0.0,0.09999999999999432,2.7,29.134300000000003,31.0,2517.6000000000004,True,False,False,b2efca996fe06874219a17e5d4c1e79243ae33f545fea2ca26e5bb42113df0e4,24bda36d340cd6d7964c36353f5cde33983d842a11c6463003db7ecd8af405a5
P5_8_0386,386,386,19.3,EV-LAB-001,NORMAL_BASELINE,NORMAL_LABORATORY_STATE,all_lab_rules_within_thresholds,DETERMINISTIC_LABORATORY_RULES,False,False,True,False,False,False,False,40,40,0,0,0,True,True,386,0.9906668066978455,0.9990050196647644,e4b85e2730d534911dd0adc8bf62ebfa49058e2fac1945697aebbef7b87b4bdb,0a58960f6142fad4876a7eacf986c1d59f503dc47c53559a858505232b3c6bcf,f8b5283c3e85f1bc8b4e6e3bde6cc88ee2c61eb45dc03299a6432a593d0fcd03,19.3,386.0,50.18,50.51,49.95,1.5,0.06,0.0,1.2000000000000002,0.05000000000000426,2.7,23.6,0.0,0.0,4.800000000000001,2.0,2760.0,104.5,1.0,105.5,71.0,61.0,2.0,79.60000000000001,98.0,399.20000000000005,74.0,31.0,0.014,2.0,2.0,1.0,1.0,2.0,0.0,0.0,0.0,1.0,1.0,1.0,1.0,130.0,1.0,1.0,1.0,130.0,0.05,0.0,1.0,1.0,1.0,1.0,0.0,0.0,0.0,0.0,1.0,130.0,0.0,0.0,0.0,0.0,0.0,1.0,1.0,50.0,50.0,0.0,12.59,1.0,0.05000000000000426,0.0,1.0,2.7,29.540800000000004,31.0,2466.2000000000003,True,False,False,24bda36d340cd6d7964c36353f5cde33983d842a11c6463003db7ecd8af405a5,93cbfc1e95209bff67681c258defdd9fabc7a3e994f6d9df898ea2620a49a635
P5_8_0387,387,387,19.35,EV-LAB-001,NORMAL_BASELINE,NORMAL_LABORATORY_STATE,all_lab_rules_within_thresholds,DETERMINISTIC_LABORATORY_RULES,False,False,True,False,False,False,False,40,40,0,0,0,True,True,387,0.9906657934188843,0.999005138874054,3128ed6f3e242bf9377a67c494c4eb9deb3d09f62853add1f90aed9bd8c8f2b9,0a58960f6142fad4876a7eacf986c1d59f503dc47c53559a858505232b3c6bcf,f8b5283c3e85f1bc8b4e6e3bde6cc88ee2c61eb45dc03299a6432a593d0fcd03,19.35,387.0,50.21,50.4,50.11,1.6,0.07,0.0,1.3,0.0449999999999946,2.9000000000000004,23.200000000000003,0.0,0.0,4.800000000000001,2.0,2762.0,104.0,1.0,101.5,72.0,62.0,2.0,79.60000000000001,98.0,398.90000000000003,72.9,31.0,0.013000000000000001,2.0,2.0,1.0,1.0,2.0,0.0,0.0,0.0,1.0,1.0,1.0,1.0,131.0,1.0,1.0,1.0,131.0,0.05,0.0,1.0,1.0,1.0,1.0,0.0,0.0,0.0,0.0,1.0,131.0,0.0,0.0,0.0,0.0,0.0,1.0,1.0,50.0,50.0,0.0,12.61,1.0,0.0449999999999946,0.0,2.5,2.9000000000000004,29.079810000000005,31.0,2412.8,True,False,False,93cbfc1e95209bff67681c258defdd9fabc7a3e994f6d9df898ea2620a49a635,0c1b423f73ecfc5adf64b74199c24436b39edfbc2bed89c6223ed312715211ec
P5_8_0388,388,388,19.4,EV-LAB-001,NORMAL_BASELINE,NORMAL_LABORATORY_STATE,all_lab_rules_within_thresholds,DETERMINISTIC_LABORATORY_RULES,False,False,True,False,False,False,False,40,40,0,0,0,True,True,388,0.9906644821166992,0.999005138874054,351efd2134d198d8deabdc31720c6968e9a6aae82cea1fdc0c0603f304f6222d,0a58960f6142fad4876a7eacf986c1d59f503dc47c53559a858505232b3c6bcf,f8b5283c3e85f1bc8b4e6e3bde6cc88ee2c61eb45dc03299a6432a593d0fcd03,19.4,388.0,50.25,50.65,50.15,1.7000000000000002,0.07,-0.01,1.3,0.14999999999999858,3.0,25.200000000000003,0.0,0.0,4.800000000000001,2.0,2764.0,106.2,1.0,105.5,71.0,60.0,2.0,79.60000000000001,98.0,398.70000000000005,73.8,31.0,0.011,1.8,2.0,1.0,1.0,2.0,0.0,0.0,0.0,1.0,1.0,1.0,1.0,132.0,1.0,1.0,1.0,132.0,0.05,0.0,1.0,1.0,1.0,1.0,0.0,0.0,0.0,0.0,1.0,132.0,0.0,0.0,0.0,0.0,0.0,1.0,1.0,50.0,50.0,0.0,12.56,1.0,0.14999999999999858,0.0,0.7000000000000028,3.0,29.42406,31.0,2676.2400000000002,True,False,False,0c1b423f73ecfc5adf64b74199c24436b39edfbc2bed89c6223ed312715211ec,918acfeb4fb9515e844bad298318edca0bd8c276ab64a72684606a6f04df1d33
P5_8_0389,389,389,19.45,EV-LAB-001,NORMAL_BASELINE,NORMAL_LABORATORY_STATE,all_lab_rules_within_thresholds,DETERMINISTIC_LABORATORY_RULES,False,False,True,False,False,False,False,40,40,0,0,0,True,True,389,0.9906631708145142,0.9990052580833435,df018edc63c2202f22d48656b6b24e35b1d04eef128d8b8b7f9eed8a29c2bcd0,0a58960f6142fad4876a7eacf986c1d59f503dc47c53559a858505232b3c6bcf,f8b5283c3e85f1bc8b4e6e3bde6cc88ee2c61eb45dc03299a6432a593d0fcd03,19.45,389.0,50.29,50.63,50.01,1.8,0.08,0.0,1.5,0.030000000000001137,3.3,25.200000000000003,0.0,0.0,4.800000000000001,2.0,2766.0,106.2,1.0,105.30000000000001,72.0,62.0,2.0,79.60000000000001,98.0,399.0,73.9,31.0,0.014,2.0,2.0,1.0,1.0,2.0,0.0,0.0,0.0,1.0,1.0,1.0,1.0,133.0,1.0,1.0,1.0,133.0,0.05,0.0,1.0,1.0,1.0,1.0,0.0,0.0,0.0,0.0,1.0,133.0,0.0,0.0,0.0,0.0,0.0,1.0,1.0,50.0,50.0,0.0,12.61,1.0,0.030000000000001137,0.0,0.8999999999999915,3.3,29.4861,31.0,2676.2400000000002,True,False,False,918acfeb4fb9515e844bad298318edca0bd8c276ab64a72684606a6f04df1d33,70120e757c2130f041a39b5479a2a134c3f4c12e29cb4dfaa264560d875d58ad
P5_8_0390,390,390,19.5,EV-LAB-001,NORMAL_BASELINE,NORMAL_LABORATORY_STATE,all_lab_rules_within_thresholds,DETERMINISTIC_LABORATORY_RULES,False,False,True,False,False,False,False,40,40,0,0,0,True,True,390,0.9906616806983948,0.9990053772926331,5834294546ee1d27be2fdd59e89d292ee75464c61448b8ec7222d31e091b9a82,0a58960f6142fad4876a7eacf986c1d59f503dc47c53559a858505232b3c6bcf,f8b5283c3e85f1bc8b4e6e3bde6cc88ee2c61eb45dc03299a6432a593d0fcd03,19.5,390.0,50.33,50.59,50.050000000000004,1.8,0.09,-0.01,1.5,0.009999999999990905,3.3,24.8,0.0,0.0,4.800000000000001,2.0,2768.0,105.7,1.0,105.30000000000001,73.0,62.0,2.0,79.60000000000001,98.0,398.3,74.4,31.0,0.011,2.1,2.0,1.0,1.0,2.0,0.0,0.0,0.0,1.0,1.0,1.0,1.0,134.0,1.0,1.0,1.0,134.0,0.05,0.0,1.0,1.0,1.0,1.0,0.0,0.0,0.0,0.0,1.0,134.0,0.0,0.0,0.0,0.0,0.0,1.0,1.0,50.0,50.0,0.0,12.65,1.0,0.009999999999990905,0.0,0.3999999999999915,3.3,29.633520000000004,31.0,2621.36,True,False,False,70120e757c2130f041a39b5479a2a134c3f4c12e29cb4dfaa264560d875d58ad,bf6216138ba3116fc1ff319f932a87ea77ca232990d95c9ae43fb342433d3ae7
P5_8_0391,391,391,19.55,EV-LAB-001,NORMAL_BASELINE,NORMAL_LABORATORY_STATE,all_lab_rules_within_thresholds,DETERMINISTIC_LABORATORY_RULES,False,False,True,False,False,False,False,40,40,0,0,0,True,True,391,0.9906598925590515,0.9990053772926331,16afdf0d4b696a034d27194b8faf589acea598db708a4052caa843dfd2b52a2c,0a58960f6142fad4876a7eacf986c1d59f503dc47c53559a858505232b3c6bcf,f8b5283c3e85f1bc8b4e6e3bde6cc88ee2c61eb45dc03299a6432a593d0fcd03,19.55,391.0,50.370000000000005,50.64,50.28,1.9000000000000001,0.09,0.0,1.5,0.0899999999999963,3.4000000000000004,24.400000000000002,0.0,0.0,4.800000000000001,2.0,2770.0,105.2,1.0,105.60000000000001,73.0,62.0,2.0,79.60000000000001,98.0,398.5,73.3,31.0,0.013000000000000001,2.1,2.0,1.0,1.0,2.0,0.0,0.0,0.0,1.0,1.0,1.0,1.0,135.0,1.0,1.0,1.0,135.0,0.05,0.0,1.0,1.0,1.0,1.0,0.0,0.0,0.0,0.0,1.0,135.0,0.0,0.0,0.0,0.0,0.0,1.0,1.0,50.0,50.0,0.0,12.58,1.0,0.0899999999999963,0.0,0.4000000000000057,3.4000000000000004,29.21005,31.0,2566.88,True,False,False,bf6216138ba3116fc1ff319f932a87ea77ca232990d95c9ae43fb342433d3ae7,72a00dd99e01056273d2e45896f0538d9b0f7619d8e8e0ee02dc91d1959ee300
P5_8_0392,392,392,19.6,EV-LAB-001,NORMAL_BASELINE,NORMAL_LABORATORY_STATE,all_lab_rules_within_thresholds,DETERMINISTIC_LABORATORY_RULES,False,False,True,False,False,False,False,40,40,0,0,0,True,True,392,0.9906580448150635,0.9990054965019226,a2cc578665e71391c3112e203e582dc78f5039db45711e8151fae9f0bf907ddc,0a58960f6142fad4876a7eacf986c1d59f503dc47c53559a858505232b3c6bcf,f8b5283c3e85f1bc8b4e6e3bde6cc88ee2c61eb45dc03299a6432a593d0fcd03,19.6,392.0,50.42,50.660000000000004,50.34,2.0,0.1,0.0,1.5,0.0799999999999983,3.5,22.400000000000002,0.0,0.0,4.800000000000001,2.0,2773.0,102.7,1.0,102.4,72.0,63.0,2.0,79.60000000000001,98.0,398.3,72.0,31.0,0.009000000000000001,2.0,2.0,1.0,1.0,2.0,0.0,0.0,0.0,1.0,1.0,1.0,1.0,136.0,1.0,1.0,1.0,136.0,0.05,0.0,1.0,1.0,1.0,1.0,0.0,0.0,0.0,0.0,1.0,136.0,0.0,0.0,0.0,0.0,0.0,1.0,1.0,50.0,50.0,0.0,12.6,1.0,0.0799999999999983,0.0,0.29999999999999716,3.5,28.6776,31.0,2300.4800000000005,True,False,False,72a00dd99e01056273d2e45896f0538d9b0f7619d8e8e0ee02dc91d1959ee300,459bfbbff9513f9f5150a29e40c70b7bb18dc7e8103301ace20b3571dbc1bc31
P5_8_0393,393,393,19.65,EV-LAB-001,NORMAL_BASELINE,NORMAL_LABORATORY_STATE,all_lab_rules_within_thresholds,DETERMINISTIC_LABORATORY_RULES,False,False,True,False,False,False,False,40,40,0,0,0,True,True,393,0.9906560778617859,0.9990056157112122,a603c72753e8f74f1f066029bdc967ed97e05d82c4c1b24486907e324b05e201,0a58960f6142fad4876a7eacf986c1d59f503dc47c53559a858505232b3c6bcf,f8b5283c3e85f1bc8b4e6e3bde6cc88ee2c61eb45dc03299a6432a593d0fcd03,19.65,393.0,50.47,50.76,50.19,2.0,0.1,-0.01,1.6,0.0049999999999954525,3.6,23.200000000000003,0.0,0.0,4.800000000000001,2.0,2776.0,104.10000000000001,1.0,105.80000000000001,72.0,62.0,2.0,79.60000000000001,98.0,398.3,73.7,31.0,0.012,1.6,2.0,1.0,1.0,2.0,0.0,0.0,0.0,1.0,1.0,1.0,1.0,137.0,1.0,1.0,1.0,137.0,0.05,0.0,1.0,1.0,1.0,1.0,0.0,0.0,0.0,0.0,1.0,137.0,0.0,0.0,0.0,0.0,0.0,1.0,1.0,50.0,50.0,0.0,12.620000000000001,1.0,0.0049999999999954525,0.0,1.7000000000000028,3.6,29.354710000000004,31.0,2415.1200000000003,True,False,False,459bfbbff9513f9f5150a29e40c70b7bb18dc7e8103301ace20b3571dbc1bc31,9265a5ed7f7eba7df037c5523940f921316c0ebd69495ce26e986a788fb7bab4
P5_8_0394,394,394,19.7,EV-LAB-001,NORMAL_BASELINE,NORMAL_LABORATORY_STATE,all_lab_rules_within_thresholds,DETERMINISTIC_LABORATORY_RULES,False,False,True,False,False,False,False,40,40,0,0,0,True,True,394,0.9906538128852844,0.9990057349205017,2017301076ef8d10024efb653b93ea84f407e0178bda28739f3e73561a393bda,0a58960f6142fad4876a7eacf986c1d59f503dc47c53559a858505232b3c6bcf,f8b5283c3e85f1bc8b4e6e3bde6cc88ee2c61eb45dc03299a6432a593d0fcd03,19.7,394.0,50.52,50.78,50.21,2.1,0.11,-0.01,1.7000000000000002,0.02499999999999858,3.8000000000000003,23.6,0.0,0.0,4.800000000000001,2.0,2779.0,104.5,1.0,105.2,73.0,62.0,2.0,79.60000000000001,98.0,398.5,71.2,31.0,0.011,2.2,2.0,1.0,1.0,2.0,0.0,0.0,0.0,1.0,1.0,1.0,1.0,138.0,1.0,1.0,1.0,138.0,0.05,0.0,1.0,1.0,1.0,1.0,0.0,0.0,0.0,0.0,1.0,138.0,0.0,0.0,0.0,0.0,0.0,1.0,1.0,50.0,50.0,0.0,12.58,1.0,0.02499999999999858,0.0,0.7000000000000028,3.8000000000000003,28.3732,31.0,2466.2000000000003,True,False,False,9265a5ed7f7eba7df037c5523940f921316c0ebd69495ce26e986a788fb7bab4,ee7eda8f123e5ed336d374046a298555a7be5227be402128e06162838b84a60a
P5_8_0395,395,395,19.75,EV-LAB-001,NORMAL_BASELINE,NORMAL_LABORATORY_STATE,all_lab_rules_within_thresholds,DETERMINISTIC_LABORATORY_RULES,False,False,True,False,False,False,False,40,40,0,0,0,True,True,395,0.9906514883041382,0.9990059733390808,b4ae317ee12cdd1a3398f56c64829a6865fffd3d4328e16ab92a98453b971e79,0a58960f6142fad4876a7eacf986c1d59f503dc47c53559a858505232b3c6bcf,f8b5283c3e85f1bc8b4e6e3bde6cc88ee2c61eb45dc03299a6432a593d0fcd03,19.75,395.0,50.58,50.870000000000005,50.5,2.2,0.11,-0.01,1.7000000000000002,0.10500000000000398,3.9000000000000004,25.200000000000003,0.0,0.0,4.800000000000001,2.0,2782.0,106.10000000000001,1.0,106.9,72.0,63.0,2.0,79.60000000000001,98.0,398.6,75.5,31.0,0.01,2.0,2.0,1.0,1.0,2.0,0.0,0.0,0.0,1.0,1.0,1.0,1.0,139.0,1.0,1.0,1.0,139.0,0.05,0.0,1.0,1.0,1.0,1.0,0.0,0.0,0.0,0.0,1.0,139.0,0.0,0.0,0.0,0.0,0.0,1.0,1.0,50.0,50.0,0.0,12.620000000000001,1.0,0.10500000000000398,0.0,0.7999999999999972,3.9000000000000004,30.094300000000004,31.0,2673.7200000000007,True,False,False,ee7eda8f123e5ed336d374046a298555a7be5227be402128e06162838b84a60a,ca2604bbc9d4339c463f308f4a8bbdc130add2a7e696efde389ecdecb57feb3b
P5_8_0396,396,396,19.8,EV-LAB-001,NORMAL_BASELINE,NORMAL_LABORATORY_STATE,all_lab_rules_within_thresholds,DETERMINISTIC_LABORATORY_RULES,False,False,True,False,False,False,False,40,40,0,0,0,True,True,396,0.9906489253044128,0.9990060925483704,69d4f4c340bc21900d237c80fc627f7eee03acfd6818f7cef878137302026778,0a58960f6142fad4876a7eacf986c1d59f503dc47c53559a858505232b3c6bcf,f8b5283c3e85f1bc8b4e6e3bde6cc88ee2c61eb45dc03299a6432a593d0fcd03,19.8,396.0,50.63,50.92,50.45,2.2,0.12,-0.01,1.7000000000000002,0.054999999999999716,3.9000000000000004,23.200000000000003,0.0,0.0,4.800000000000001,2.0,2785.0,103.7,1.0,104.30000000000001,72.0,61.0,2.0,79.60000000000001,98.0,398.90000000000003,72.2,30.0,0.01,2.1,2.0,1.0,1.0,2.0,0.0,0.0,0.0,1.0,1.0,1.0,1.0,140.0,1.0,1.0,1.0,140.0,0.05,0.0,1.0,1.0,1.0,1.0,0.0,0.0,0.0,0.0,1.0,140.0,0.0,0.0,0.0,0.0,0.0,1.0,1.0,50.0,50.0,0.0,12.56,1.0,0.054999999999999716,0.0,0.6000000000000085,3.9000000000000004,28.800580000000004,30.0,2405.84,True,False,False,ca2604bbc9d4339c463f308f4a8bbdc130add2a7e696efde389ecdecb57feb3b,f7454288990be3ad6e81e85ae7e5fb5671ddda31d456a07ff8a5938926436369
P5_8_0397,397,397,19.85,EV-LAB-001,NORMAL_BASELINE,NORMAL_LABORATORY_STATE,all_lab_rules_within_thresholds,DETERMINISTIC_LABORATORY_RULES,False,False,True,False,False,False,False,40,40,0,0,0,True,True,397,0.9906463623046875,0.9990062117576599,63c9b478f83f178a0df52c919bf0c7946e5fe8b0d256c88da8f1f5256a9632ae,0a58960f6142fad4876a7eacf986c1d59f503dc47c53559a858505232b3c6bcf,f8b5283c3e85f1bc8b4e6e3bde6cc88ee2c61eb45dc03299a6432a593d0fcd03,19.85,397.0,50.69,50.97,50.480000000000004,2.3000000000000003,0.12,-0.01,1.8,0.035000000000003695,4.1000000000000005,24.400000000000002,0.0,0.0,4.800000000000001,2.0,2788.0,105.2,1.0,105.7,72.0,62.0,2.0,79.60000000000001,98.0,398.5,75.3,31.0,0.012,1.8,2.0,1.0,1.0,2.0,0.0,0.0,0.0,1.0,1.0,1.0,1.0,141.0,1.0,1.0,1.0,141.0,0.05,0.0,1.0,1.0,1.0,1.0,0.0,0.0,0.0,0.0,1.0,141.0,0.0,0.0,0.0,0.0,0.0,1.0,1.0,50.0,50.0,0.0,12.63,1.0,0.035000000000003695,0.0,0.5,4.1000000000000005,30.00705,31.0,2566.88,True,False,False,f7454288990be3ad6e81e85ae7e5fb5671ddda31d456a07ff8a5938926436369,eddf37e1a1cd8b57e0322fbfe9e7a6d7fdebcbd603d8acbb470dd94b35389745
P5_8_0398,398,398,19.9,EV-LAB-001,NORMAL_BASELINE,NORMAL_LABORATORY_STATE,all_lab_rules_within_thresholds,DETERMINISTIC_LABORATORY_RULES,False,False,True,False,False,False,False,40,40,0,0,0,True,True,398,0.9906435608863831,0.999006450176239,5b7d11c20892f996bccda6e6da3b1e384bcbe5f3505243af4837b9a675c547d9,0a58960f6142fad4876a7eacf986c1d59f503dc47c53559a858505232b3c6bcf,f8b5283c3e85f1bc8b4e6e3bde6cc88ee2c61eb45dc03299a6432a593d0fcd03,19.9,398.0,50.76,51.03,50.5,2.4000000000000004,0.13,-0.01,1.8,0.005000000000002558,4.2,25.200000000000003,0.0,0.0,4.800000000000001,2.0,2792.0,106.2,1.0,102.2,73.0,62.0,2.0,79.60000000000001,98.0,398.6,73.5,31.0,0.012,2.2,2.0,1.0,1.0,2.0,0.0,0.0,0.0,1.0,1.0,1.0,1.0,142.0,1.0,1.0,1.0,142.0,0.05,0.0,1.0,1.0,1.0,1.0,0.0,0.0,0.0,0.0,1.0,142.0,0.0,0.0,0.0,0.0,0.0,1.0,1.0,50.0,50.0,0.0,12.530000000000001,1.0,0.005000000000002558,0.0,4.0,4.2,29.297100000000004,31.0,2676.2400000000002,True,False,False,eddf37e1a1cd8b57e0322fbfe9e7a6d7fdebcbd603d8acbb470dd94b35389745,52e7ff05595dbb5127ab11065cc9e75bf9594800c83056797da9d9ef156949b9
P5_8_0399,399,399,19.95,EV-LAB-001,NORMAL_BASELINE,NORMAL_LABORATORY_STATE,all_lab_rules_within_thresholds,DETERMINISTIC_LABORATORY_RULES,False,False,True,False,False,False,False,40,40,0,0,0,True,True,399,0.9906405210494995,0.9990065693855286,1479f6089474fa5ecda2e94eda556d9109c86248ca3181cdc6ae2d7c030e0c05,0a58960f6142fad4876a7eacf986c1d59f503dc47c53559a858505232b3c6bcf,f8b5283c3e85f1bc8b4e6e3bde6cc88ee2c61eb45dc03299a6432a593d0fcd03,19.95,399.0,50.82,51.01,50.58,2.4000000000000004,0.13,-0.01,2.0,0.02499999999999858,4.4,23.200000000000003,0.0,0.0,4.800000000000001,2.0,2795.0,103.9,1.0,105.10000000000001,73.0,61.0,2.0,79.60000000000001,98.0,398.3,72.4,31.0,0.012,2.2,2.0,1.0,1.0,2.0,0.0,0.0,0.0,1.0,1.0,1.0,1.0,143.0,1.0,1.0,1.0,143.0,0.05,0.0,1.0,1.0,1.0,1.0,0.0,0.0,0.0,0.0,1.0,143.0,0.0,0.0,0.0,0.0,0.0,1.0,1.0,50.0,50.0,0.0,12.55,1.0,0.02499999999999858,0.0,1.2000000000000028,4.4,28.836920000000003,31.0,2410.4800000000005,True,False,False,52e7ff05595dbb5127ab11065cc9e75bf9594800c83056797da9d9ef156949b9,79c72f22dea56061a839884195b2a02d439f4d9abf8d466c9fb54d7017bbda6e
P5_8_0400,400,400,20.0,EV-LAB-001,NORMAL_BASELINE,NORMAL_LABORATORY_STATE,all_lab_rules_within_thresholds,DETERMINISTIC_LABORATORY_RULES,False,False,True,False,False,False,False,40,40,0,0,0,True,True,400,0.9906373620033264,0.9990066885948181,c9a3f247f344f68adc79e285d2e13bb3744342d43f6d65955249cef6b5c0314b,0a58960f6142fad4876a7eacf986c1d59f503dc47c53559a858505232b3c6bcf,f8b5283c3e85f1bc8b4e6e3bde6cc88ee2c61eb45dc03299a6432a593d0fcd03,20.0,400.0,50.89,51.230000000000004,50.7,2.5,0.14,-0.01,2.0,0.07500000000000284,4.5,25.200000000000003,0.0,0.0,4.800000000000001,2.0,2799.0,106.4,1.0,107.5,72.0,61.0,2.0,79.60000000000001,98.0,399.0,73.8,31.0,0.009000000000000001,2.0,2.0,1.0,1.0,2.0,0.0,0.0,0.0,1.0,1.0,1.0,1.0,144.0,1.0,1.0,1.0,144.0,0.05,0.0,1.0,1.0,1.0,1.0,0.0,0.0,0.0,0.0,1.0,144.0,0.0,0.0,0.0,0.0,0.0,1.0,1.0,50.0,50.0,0.0,12.56,1.0,0.07500000000000284,0.0,1.0999999999999943,4.5,29.446199999999997,31.0,2681.2800000000007,True,False,False,79c72f22dea56061a839884195b2a02d439f4d9abf8d466c9fb54d7017bbda6e,c11213c01a54d4c1e8c8bd1053c8bc4483d50d4352d5908cbc1bca43e7c9ef41
P5_8_0401,401,401,20.05,EV-LAB-001,NORMAL_BASELINE,NORMAL_LABORATORY_STATE,all_lab_rules_within_thresholds,DETERMINISTIC_LABORATORY_RULES,False,False,True,False,False,False,False,40,40,0,0,0,True,True,401,0.9906340837478638,0.9990069270133972,4e54e8f460ffa82eeeba896825dc67a6e48688e7546bc95686e38148c10e2a24,0a58960f6142fad4876a7eacf986c1d59f503dc47c53559a858505232b3c6bcf,f8b5283c3e85f1bc8b4e6e3bde6cc88ee2c61eb45dc03299a6432a593d0fcd03,20.05,401.0,50.96,51.050000000000004,50.86,2.5,0.14,-0.01,2.0,0.005000000000002558,4.5,24.8,0.0,0.0,4.800000000000001,2.0,2803.0,105.7,1.0,107.30000000000001,72.0,62.0,2.0,79.60000000000001,98.0,399.3,73.60000000000001,31.0,0.01,2.1,2.0,1.0,1.0,2.0,0.0,0.0,0.0,1.0,1.0,1.0,1.0,145.0,1.0,1.0,1.0,145.0,0.05,0.0,1.0,1.0,1.0,1.0,0.0,0.0,0.0,0.0,1.0,145.0,0.0,0.0,0.0,0.0,0.0,1.0,1.0,50.0,50.0,0.0,12.63,1.0,0.005000000000002558,0.0,1.6000000000000085,4.5,29.388480000000005,31.0,2621.36,True,False,False,c11213c01a54d4c1e8c8bd1053c8bc4483d50d4352d5908cbc1bca43e7c9ef41,52e5572e1d1b78adfd4ca33bc1d28666c6c09b05d47e16b71f521b95520b4485
P5_8_0402,402,402,20.1,EV-LAB-001,NORMAL_BASELINE,NORMAL_LABORATORY_STATE,all_lab_rules_within_thresholds,DETERMINISTIC_LABORATORY_RULES,False,False,True,False,False,False,False,40,40,0,0,0,True,True,402,0.9906306862831116,0.9990071654319763,182d5a761b65ae5a81185e0fa3d1be7195641ba00dde63eff41e900c1692028e,0a58960f6142fad4876a7eacf986c1d59f503dc47c53559a858505232b3c6bcf,f8b5283c3e85f1bc8b4e6e3bde6cc88ee2c61eb45dc03299a6432a593d0fcd03,20.1,402.0,51.03,51.35,50.88,2.6,0.15,-0.01,2.0,0.08500000000000085,4.6,24.8,0.0,0.0,4.800000000000001,2.0,2807.0,105.60000000000001,1.0,108.10000000000001,71.0,62.0,2.0,79.60000000000001,98.0,398.6,73.2,31.0,0.015,1.8,2.0,1.0,1.0,2.0,0.0,0.0,0.0,1.0,1.0,1.0,1.0,146.0,1.0,1.0,1.0,146.0,0.05,0.0,1.0,1.0,1.0,1.0,0.0,0.0,0.0,0.0,1.0,146.0,0.0,0.0,0.0,0.0,0.0,1.0,1.0,50.0,50.0,0.0,12.6,1.0,0.08500000000000085,0.0,2.5,4.6,29.177520000000005,31.0,2618.88,True,False,False,52e5572e1d1b78adfd4ca33bc1d28666c6c09b05d47e16b71f521b95520b4485,c9f166e744331d72dfb459799289dd4fda99adb85e2572bfaf47431a6a42ac06
P5_8_0403,403,403,20.15,EV-LAB-001,NORMAL_BASELINE,NORMAL_LABORATORY_STATE,all_lab_rules_within_thresholds,DETERMINISTIC_LABORATORY_RULES,False,False,True,False,False,False,False,40,40,0,0,0,True,True,403,0.9906270503997803,0.9990072846412659,8db2c9888fde19422410d3b19ee183860e800335cd4ea54a7de53791f2713ad0,0a58960f6142fad4876a7eacf986c1d59f503dc47c53559a858505232b3c6bcf,f8b5283c3e85f1bc8b4e6e3bde6cc88ee2c61eb45dc03299a6432a593d0fcd03,20.15,403.0,51.11,51.35,50.89,2.6,0.15,-0.01,2.1,0.010000000000005116,4.7,23.6,0.0,0.0,4.800000000000001,2.0,2811.0,104.5,1.0,105.0,72.0,62.0,2.0,79.60000000000001,98.0,399.0,71.60000000000001,31.0,0.013000000000000001,2.1,2.0,1.0,1.0,2.0,0.0,0.0,0.0,1.0,1.0,1.0,1.0,147.0,1.0,1.0,1.0,147.0,0.05,0.0,1.0,1.0,1.0,1.0,0.0,0.0,0.0,0.0,1.0,147.0,0.0,0.0,0.0,0.0,0.0,1.0,1.0,50.0,50.0,0.0,12.56,1.0,0.010000000000005116,0.0,0.5,4.7,28.568400000000004,31.0,2466.2000000000003,True,False,False,c9f166e744331d72dfb459799289dd4fda99adb85e2572bfaf47431a6a42ac06,990d2835fd7c56a8520eba0172ca0831a601b080483a7276d40dd50c35d79b34
P5_8_0404,404,404,20.2,EV-LAB-001,NORMAL_BASELINE,NORMAL_LABORATORY_STATE,all_lab_rules_within_thresholds,DETERMINISTIC_LABORATORY_RULES,False,False,True,False,False,False,False,40,40,0,0,0,True,True,404,0.9906232953071594,0.999007523059845,b9e8ec23959d0e388e76f58bad3265b92c2fe9900e818fab4630e4614debaa4c,0a58960f6142fad4876a7eacf986c1d59f503dc47c53559a858505232b3c6bcf,f8b5283c3e85f1bc8b4e6e3bde6cc88ee2c61eb45dc03299a6432a593d0fcd03,20.2,404.0,51.19,51.56,51.1,2.7,0.16,-0.01,2.1,0.14000000000000057,4.800000000000001,24.400000000000002,0.0,0.0,4.800000000000001,2.0,2815.0,105.0,1.0,105.9,73.0,62.0,2.0,79.60000000000001,98.0,398.6,72.7,31.0,0.01,2.2,2.0,1.0,1.0,2.0,0.0,0.0,0.0,1.0,1.0,1.0,1.0,148.0,1.0,1.0,1.0,148.0,0.05,0.0,1.0,1.0,1.0,1.0,0.0,0.0,0.0,0.0,1.0,148.0,0.0,0.0,0.0,0.0,0.0,1.0,1.0,50.0,50.0,0.0,12.57,1.0,0.14000000000000057,0.0,0.9000000000000057,4.800000000000001,28.97822,31.0,2562.0,True,False,False,990d2835fd7c56a8520eba0172ca0831a601b080483a7276d40dd50c35d79b34,f2049477afae265fae8c3225cf884ccca25bbdff4b1881a3b4eb232dae4c012c
P5_8_0405,405,405,20.25,EV-LAB-001,NORMAL_BASELINE,NORMAL_LABORATORY_STATE,all_lab_rules_within_thresholds,DETERMINISTIC_LABORATORY_RULES,False,False,True,False,False,False,False,40,40,0,0,0,True,True,405,0.9906193017959595,0.9990077614784241,a6e508a0b63cbcc2dd4f075215112e00c46272c14e8bcfa30a9098e6fa08e20f,0a58960f6142fad4876a7eacf986c1d59f503dc47c53559a858505232b3c6bcf,f8b5283c3e85f1bc8b4e6e3bde6cc88ee2c61eb45dc03299a6432a593d0fcd03,20.25,405.0,51.27,51.53,51.160000000000004,2.7,0.16,-0.01,2.2,0.07499999999999574,4.9,25.6,0.0,0.0,4.800000000000001,2.0,2820.0,106.7,1.0,109.4,72.0,62.0,2.0,79.60000000000001,98.0,398.3,75.0,31.0,0.014,1.7000000000000002,2.0,1.0,1.0,2.0,0.0,0.0,0.0,1.0,1.0,1.0,1.0,149.0,1.0,1.0,1.0,149.0,0.05,0.0,1.0,1.0,1.0,1.0,0.0,0.0,0.0,0.0,1.0,149.0,0.0,0.0,0.0,0.0,0.0,1.0,1.0,50.0,50.0,0.0,12.620000000000001,1.0,0.07499999999999574,0.0,2.700000000000003,4.9,29.8725,31.0,2731.5200000000004,True,False,False,f2049477afae265fae8c3225cf884ccca25bbdff4b1881a3b4eb232dae4c012c,c043b4d15aded90dcbc385f8c0a2d9fafda8fc693f35582e9efe5a59cb35fa22
P5_8_0406,406,406,20.3,EV-LAB-001,NORMAL_BASELINE,NORMAL_LABORATORY_STATE,all_lab_rules_within_thresholds,DETERMINISTIC_LABORATORY_RULES,False,False,True,False,False,False,False,40,40,0,0,0,True,True,406,0.9906152486801147,0.9990079998970032,83fc51178015d1a6ddbcecf4d2bea09d2a08c5ad1d056c1d76e6c76a2c4caf78,0a58960f6142fad4876a7eacf986c1d59f503dc47c53559a858505232b3c6bcf,f8b5283c3e85f1bc8b4e6e3bde6cc88ee2c61eb45dc03299a6432a593d0fcd03,20.3,406.0,51.35,51.59,51.120000000000005,2.8000000000000003,0.17,-0.01,2.3000000000000003,0.005000000000002558,5.1000000000000005,24.0,0.0,0.0,4.800000000000001,2.0,2824.0,104.9,1.0,105.10000000000001,72.0,63.0,2.0,79.60000000000001,98.0,398.3,75.10000000000001,31.0,0.01,1.9000000000000001,2.0,1.0,1.0,2.0,0.0,0.0,0.0,1.0,1.0,1.0,1.0,150.0,1.0,1.0,1.0,150.0,0.05,0.0,1.0,1.0,1.0,1.0,0.0,0.0,0.0,0.0,1.0,150.0,0.0,0.0,0.0,0.0,0.0,1.0,1.0,50.0,50.0,0.0,12.69,1.0,0.005000000000002558,0.0,0.20000000000000284,5.1000000000000005,29.912330000000004,31.0,2517.6000000000004,True,False,False,c043b4d15aded90dcbc385f8c0a2d9fafda8fc693f35582e9efe5a59cb35fa22,7f93dd168d389f72fd420d4f489623cbb93c55038cfb7df85a8dede61ade2e1f
P5_8_0407,407,407,20.35,EV-LAB-001,NORMAL_BASELINE,NORMAL_LABORATORY_STATE,all_lab_rules_within_thresholds,DETERMINISTIC_LABORATORY_RULES,False,False,True,False,False,False,False,40,40,0,0,0,True,True,407,0.9906110167503357,0.9990082383155823,f6228ccdfa50be072b303e0441462d0cb84a9be2c02856214153f237c9b593e7,0a58960f6142fad4876a7eacf986c1d59f503dc47c53559a858505232b3c6bcf,f8b5283c3e85f1bc8b4e6e3bde6cc88ee2c61eb45dc03299a6432a593d0fcd03,20.35,407.0,51.43,51.7,51.21,2.8000000000000003,0.17,-0.01,2.2,0.02499999999999858,5.0,25.6,0.0,0.0,4.800000000000001,2.0,2829.0,106.80000000000001,1.0,106.7,73.0,61.0,2.0,79.60000000000001,98.0,398.90000000000003,74.0,31.0,0.009000000000000001,2.0,2.0,1.0,1.0,2.0,0.0,0.0,0.0,1.0,1.0,1.0,1.0,151.0,1.0,1.0,1.0,151.0,0.05,0.0,1.0,1.0,1.0,1.0,0.0,0.0,0.0,0.0,1.0,151.0,0.0,0.0,0.0,0.0,0.0,1.0,1.0,50.0,50.0,0.0,12.56,1.0,0.02499999999999858,0.0,0.10000000000000853,5.0,29.518600000000003,31.0,2734.0800000000004,True,False,False,7f93dd168d389f72fd420d4f489623cbb93c55038cfb7df85a8dede61ade2e1f,efe1a3f57fd85d670efa34339d23fe3a69342ca71fdd662bd62ab4ca07b005cb
P5_8_0408,408,408,20.4,EV-LAB-001,NORMAL_BASELINE,NORMAL_LABORATORY_STATE,all_lab_rules_within_thresholds,DETERMINISTIC_LABORATORY_RULES,False,False,True,False,False,False,False,40,40,0,0,0,True,True,408,0.9906066656112671,0.9990084767341614,1a6bd44fa7e29afb16002f111cab6f9b84109f9e308b41e35539f70f5afeedc5,0a58960f6142fad4876a7eacf986c1d59f503dc47c53559a858505232b3c6bcf,f8b5283c3e85f1bc8b4e6e3bde6cc88ee2c61eb45dc03299a6432a593d0fcd03,20.4,408.0,51.52,51.730000000000004,51.300000000000004,2.9000000000000004,0.18,-0.01,2.3000000000000003,0.005000000000002558,5.200000000000001,24.8,0.0,0.0,4.800000000000001,2.0,2834.0,105.80000000000001,1.0,105.7,73.0,62.0,2.0,79.60000000000001,98.0,398.1,74.4,31.0,0.013000000000000001,1.7000000000000002,2.0,1.0,1.0,2.0,0.0,0.0,0.0,1.0,1.0,1.0,1.0,152.0,1.0,1.0,1.0,152.0,0.05,0.0,1.0,1.0,1.0,1.0,0.0,0.0,0.0,0.0,1.0,152.0,0.0,0.0,0.0,0.0,0.0,1.0,1.0,50.0,50.0,0.0,12.56,1.0,0.005000000000002558,0.0,0.10000000000000853,5.200000000000001,29.618640000000003,31.0,2623.84,True,False,False,efe1a3f57fd85d670efa34339d23fe3a69342ca71fdd662bd62ab4ca07b005cb,a21be2ba1c388bd0bf2cf10e6e37298d0358e2e59be196e9e73b3b23851ae23d
P5_8_0409,409,409,20.45,EV-LAB-001,NORMAL_BASELINE,NORMAL_LABORATORY_STATE,all_lab_rules_within_thresholds,DETERMINISTIC_LABORATORY_RULES,False,False,True,False,False,False,False,40,40,0,0,0,True,True,409,0.9906021356582642,0.9990087747573853,59c4fccfa393538090a1268d89a303f49e285a155bdc1e7e32fae5a7d7c58833,0a58960f6142fad4876a7eacf986c1d59f503dc47c53559a858505232b3c6bcf,f8b5283c3e85f1bc8b4e6e3bde6cc88ee2c61eb45dc03299a6432a593d0fcd03,20.45,409.0,51.61,51.86,51.51,2.9000000000000004,0.18,-0.01,2.3000000000000003,0.07500000000000284,5.200000000000001,25.200000000000003,0.0,0.0,4.800000000000001,2.0,2838.0,106.0,1.0,105.80000000000001,73.0,63.0,2.0,79.60000000000001,98.0,398.6,75.60000000000001,31.0,0.013000000000000001,1.9000000000000001,2.0,1.0,1.0,2.0,0.0,0.0,0.0,1.0,1.0,1.0,1.0,153.0,1.0,1.0,1.0,153.0,0.05,0.0,1.0,1.0,1.0,1.0,0.0,0.0,0.0,0.0,1.0,153.0,0.0,0.0,0.0,0.0,0.0,1.0,1.0,50.0,50.0,0.0,12.55,1.0,0.07500000000000284,0.0,0.19999999999998863,5.200000000000001,30.134160000000005,31.0,2671.2000000000003,True,False,False,a21be2ba1c388bd0bf2cf10e6e37298d0358e2e59be196e9e73b3b23851ae23d,c4ada189b77d36bb7fda5de6e3b89e934e193f18a36fd8d6f33329e64324724e
P5_8_0410,410,410,20.5,EV-LAB-001,NORMAL_BASELINE,NORMAL_LABORATORY_STATE,all_lab_rules_within_thresholds,DETERMINISTIC_LABORATORY_RULES,False,False,True,False,False,False,False,40,40,0,0,0,True,True,410,0.9905974268913269,0.9990090131759644,4412f5c0636eb7a4f355f73d6385639ed70177214dbafb503cc84e50bbf0237a,0a58960f6142fad4876a7eacf986c1d59f503dc47c53559a858505232b3c6bcf,f8b5283c3e85f1bc8b4e6e3bde6cc88ee2c61eb45dc03299a6432a593d0fcd03,20.5,410.0,51.7,52.04,51.51,3.0,0.18,-0.01,2.3000000000000003,0.07499999999999574,5.300000000000001,23.6,0.0,0.0,4.800000000000001,2.0,2843.0,104.2,1.0,105.7,73.0,62.0,2.0,79.60000000000001,98.0,398.40000000000003,73.8,31.0,0.009000000000000001,2.3000000000000003,2.0,1.0,1.0,2.0,0.0,0.0,0.0,1.0,1.0,1.0,1.0,154.0,1.0,1.0,1.0,154.0,0.05,0.0,1.0,1.0,1.0,1.0,0.0,0.0,0.0,0.0,1.0,154.0,0.0,0.0,0.0,0.0,0.0,1.0,1.0,50.0,50.0,0.0,12.61,1.0,0.07499999999999574,0.0,1.5,5.300000000000001,29.40192,31.0,2459.1200000000003,True,False,False,c4ada189b77d36bb7fda5de6e3b89e934e193f18a36fd8d6f33329e64324724e,ae342327b725356b9dc19b165ece10d30e029dd502731cdf2af3b23e40cf4e14
P5_8_0411,411,411,20.55,EV-LAB-001,NORMAL_BASELINE,NORMAL_LABORATORY_STATE,all_lab_rules_within_thresholds,DETERMINISTIC_LABORATORY_RULES,False,False,True,False,False,False,False,40,40,0,0,0,True,True,411,0.9905926585197449,0.9990092515945435,84e4491ee25ef77834141eab51479ca25b43ba05297eb03d8a8fa085b74a1546,0a58960f6142fad4876a7eacf986c1d59f503dc47c53559a858505232b3c6bcf,f8b5283c3e85f1bc8b4e6e3bde6cc88ee2c61eb45dc03299a6432a593d0fcd03,20.55,411.0,51.79,51.99,51.620000000000005,3.0,0.19,-0.01,2.4000000000000004,0.015000000000007674,5.4,25.200000000000003,0.0,0.0,4.800000000000001,2.0,2849.0,106.10000000000001,1.0,103.60000000000001,73.0,62.0,2.0,79.60000000000001,98.0,399.40000000000003,75.3,31.0,0.011,2.2,2.0,1.0,1.0,2.0,0.0,0.0,0.0,1.0,1.0,1.0,1.0,155.0,1.0,1.0,1.0,155.0,0.05,0.0,1.0,1.0,1.0,1.0,0.0,0.0,0.0,0.0,1.0,155.0,0.0,0.0,0.0,0.0,0.0,1.0,1.0,50.0,50.0,0.0,12.59,1.0,0.015000000000007674,0.0,2.5,5.4,30.07482,31.0,2673.7200000000007,True,False,False,ae342327b725356b9dc19b165ece10d30e029dd502731cdf2af3b23e40cf4e14,5765b6846f3c8dbe025c4f08ce49604a1b4b6f642142a935a7a5e37714f8ee5b
P5_8_0412,412,412,20.6,EV-LAB-001,NORMAL_BASELINE,NORMAL_LABORATORY_STATE,all_lab_rules_within_thresholds,DETERMINISTIC_LABORATORY_RULES,False,False,True,False,False,False,False,40,40,0,0,0,True,True,412,0.9905877113342285,0.9990094900131226,ec2afb57727af8f6a655f1b366a0bb55f0ff9070b61f54a62910810fb636fc31,0a58960f6142fad4876a7eacf986c1d59f503dc47c53559a858505232b3c6bcf,f8b5283c3e85f1bc8b4e6e3bde6cc88ee2c61eb45dc03299a6432a593d0fcd03,20.6,412.0,51.89,52.06,51.77,3.0,0.19,-0.01,2.5,0.025000000000005684,5.5,24.400000000000002,0.0,0.0,4.800000000000001,2.0,2854.0,105.4,1.0,105.2,73.0,63.0,2.0,79.60000000000001,98.0,398.70000000000005,73.10000000000001,31.0,0.012,2.1,2.0,1.0,1.0,2.0,0.0,0.0,0.0,1.0,1.0,1.0,1.0,156.0,1.0,1.0,1.0,156.0,0.05,0.0,1.0,1.0,1.0,1.0,0.0,0.0,0.0,0.0,1.0,156.0,0.0,0.0,0.0,0.0,0.0,1.0,1.0,50.0,50.0,0.0,12.58,1.0,0.025000000000005684,0.0,0.20000000000000284,5.5,29.144970000000008,31.0,2571.76,True,False,False,5765b6846f3c8dbe025c4f08ce49604a1b4b6f642142a935a7a5e37714f8ee5b,0822d54523a6854f2fb130493e68baea0baabcf20a2eb8d6297214019df3105e
P5_8_0413,413,413,20.65,EV-LAB-001,NORMAL_BASELINE,NORMAL_LABORATORY_STATE,all_lab_rules_within_thresholds,DETERMINISTIC_LABORATORY_RULES,False,False,True,False,False,False,False,40,40,0,0,0,True,True,413,0.9905827045440674,0.9990098476409912,edf6f86e4eb38851f06120f6bd83fc8121fb4241501c674c6b021a690314f7a6,0a58960f6142fad4876a7eacf986c1d59f503dc47c53559a858505232b3c6bcf,f8b5283c3e85f1bc8b4e6e3bde6cc88ee2c61eb45dc03299a6432a593d0fcd03,20.65,413.0,51.980000000000004,52.29,51.77,3.1,0.2,-0.01,2.4000000000000004,0.04999999999999716,5.5,24.400000000000002,0.0,0.0,4.800000000000001,2.0,2859.0,105.30000000000001,1.0,106.2,73.0,63.0,2.0,79.60000000000001,98.0,398.6,73.0,31.0,0.013000000000000001,1.8,2.0,1.0,1.0,2.0,0.0,0.0,0.0,1.0,1.0,1.0,1.0,157.0,1.0,1.0,1.0,157.0,0.05,0.0,1.0,1.0,1.0,1.0,0.0,0.0,0.0,0.0,1.0,157.0,0.0,0.0,0.0,0.0,0.0,1.0,1.0,50.0,50.0,0.0,12.64,1.0,0.04999999999999716,0.0,0.8999999999999915,5.5,29.097800000000003,31.0,2569.3200000000006,True,False,False,0822d54523a6854f2fb130493e68baea0baabcf20a2eb8d6297214019df3105e,e03732d38ba73c18630b11f6cfec1b16a7232b70dc806125cbdfb21f35709157
P5_8_0414,414,414,20.7,EV-LAB-001,NORMAL_BASELINE,NORMAL_LABORATORY_STATE,all_lab_rules_within_thresholds,DETERMINISTIC_LABORATORY_RULES,False,False,True,False,False,False,False,40,40,0,0,0,True,True,414,0.9905774593353271,0.9990100860595703,3983dd634274c33ed2833ae0e35f73b3ec818ae7aa71b0ddfa44e63b0d40b047,0a58960f6142fad4876a7eacf986c1d59f503dc47c53559a858505232b3c6bcf,f8b5283c3e85f1bc8b4e6e3bde6cc88ee2c61eb45dc03299a6432a593d0fcd03,20.7,414.0,52.08,52.29,51.79,3.1,0.2,-0.01,2.6,0.03999999999999915,5.7,25.6,0.0,0.0,4.800000000000001,2.0,2864.0,106.5,1.0,103.10000000000001,73.0,63.0,2.0,79.60000000000001,98.0,399.1,72.3,31.0,0.014,1.9000000000000001,2.0,1.0,1.0,2.0,0.0,0.0,0.0,1.0,1.0,1.0,1.0,158.0,1.0,1.0,1.0,158.0,0.05,0.0,1.0,1.0,1.0,1.0,0.0,0.0,0.0,0.0,1.0,158.0,0.0,0.0,0.0,0.0,0.0,1.0,1.0,50.0,50.0,0.0,12.58,1.0,0.03999999999999915,0.0,3.3999999999999915,5.7,28.85493,31.0,2726.4,True,False,False,e03732d38ba73c18630b11f6cfec1b16a7232b70dc806125cbdfb21f35709157,315ff490f164762283776d7b00ab12479404e6e07bd394d972f19c46d1b55bed
P5_8_0415,415,415,20.75,EV-LAB-001,NORMAL_BASELINE,NORMAL_LABORATORY_STATE,all_lab_rules_within_thresholds,DETERMINISTIC_LABORATORY_RULES,False,False,True,False,False,False,False,40,40,0,0,0,True,True,415,0.9905720353126526,0.999010443687439,bbec4525b85471d72d5646d911b2cfff6b651c100eccf83599c831fa2260439f,0a58960f6142fad4876a7eacf986c1d59f503dc47c53559a858505232b3c6bcf,f8b5283c3e85f1bc8b4e6e3bde6cc88ee2c61eb45dc03299a6432a593d0fcd03,20.75,415.0,52.18,52.47,51.97,3.1,0.2,-0.01,2.6,0.03999999999999915,5.7,23.200000000000003,0.0,0.0,4.800000000000001,2.0,2870.0,103.9,1.0,104.0,73.0,62.0,2.0,79.60000000000001,98.0,398.20000000000005,72.60000000000001,31.0,0.017,1.9000000000000001,2.0,1.0,1.0,2.0,0.0,0.0,0.0,1.0,1.0,1.0,1.0,159.0,1.0,1.0,1.0,159.0,0.05,0.0,1.0,1.0,1.0,1.0,0.0,0.0,0.0,0.0,1.0,159.0,0.0,0.0,0.0,0.0,0.0,1.0,1.0,50.0,50.0,0.0,12.64,1.0,0.03999999999999915,0.0,0.09999999999999432,5.7,28.909320000000008,31.0,2410.4800000000005,True,False,False,315ff490f164762283776d7b00ab12479404e6e07bd394d972f19c46d1b55bed,275ba1b4489bf69b8fb821516b9524c4acdefd81b056a07d564569e72f4fea39
P5_8_0416,416,416,20.8,EV-LAB-001,NORMAL_BASELINE,NORMAL_LABORATORY_STATE,all_lab_rules_within_thresholds,DETERMINISTIC_LABORATORY_RULES,False,False,True,False,False,False,False,40,40,0,0,0,True,True,416,0.9905666708946228,0.9990106821060181,46c4cc7d39862a5d6dd3efdcf58f53641b87fef23b1bc850f5d957a93eacdb66,0a58960f6142fad4876a7eacf986c1d59f503dc47c53559a858505232b3c6bcf,f8b5283c3e85f1bc8b4e6e3bde6cc88ee2c61eb45dc03299a6432a593d0fcd03,20.8,416.0,52.28,52.49,52.03,3.2,0.21,-0.01,2.6,0.01999999999999602,5.800000000000001,25.200000000000003,0.0,0.0,4.800000000000001,2.0,2876.0,106.2,1.0,109.80000000000001,74.0,62.0,2.0,79.60000000000001,98.0,398.5,73.5,31.0,0.014,1.9000000000000001,2.0,1.0,1.0,2.0,0.0,0.0,0.0,1.0,1.0,1.0,1.0,160.0,1.0,1.0,1.0,160.0,0.05,0.0,1.0,1.0,1.0,1.0,0.0,0.0,0.0,0.0,1.0,160.0,0.0,0.0,0.0,0.0,0.0,1.0,1.0,50.0,50.0,0.0,12.530000000000001,1.0,0.01999999999999602,0.0,3.6000000000000085,5.800000000000001,29.28975,31.0,2676.2400000000002,True,False,False,275ba1b4489bf69b8fb821516b9524c4acdefd81b056a07d564569e72f4fea39,831b82ec13914b769f79cad6aad8b9b3aa5169bd6caf8514020c9f8391bcdc2c
P5_8_0417,417,417,20.85,EV-LAB-001,NORMAL_BASELINE,NORMAL_LABORATORY_STATE,all_lab_rules_within_thresholds,DETERMINISTIC_LABORATORY_RULES,False,False,True,False,False,False,False,40,40,0,0,0,True,True,417,0.9905610680580139,0.9990110397338867,1f881778199a65380e51bd8f61c332ab0874538b5067a1b169c7a67c1243bf08,0a58960f6142fad4876a7eacf986c1d59f503dc47c53559a858505232b3c6bcf,f8b5283c3e85f1bc8b4e6e3bde6cc88ee2c61eb45dc03299a6432a593d0fcd03,20.85,417.0,52.39,52.57,52.21,3.2,0.21,-0.01,2.6,0.0,5.800000000000001,25.200000000000003,0.0,0.0,4.800000000000001,2.0,2881.0,106.30000000000001,1.0,107.4,73.0,63.0,2.0,79.60000000000001,98.0,397.70000000000005,74.7,31.0,0.011,1.9000000000000001,2.0,1.0,1.0,2.0,0.0,0.0,0.0,1.0,1.0,1.0,1.0,161.0,1.0,1.0,1.0,161.0,0.05,0.0,1.0,1.0,1.0,1.0,0.0,0.0,0.0,0.0,1.0,161.0,0.0,0.0,0.0,0.0,0.0,1.0,1.0,50.0,50.0,0.0,12.68,1.0,0.0,0.0,1.0999999999999943,5.800000000000001,29.708190000000005,31.0,2678.7600000000007,True,False,False,831b82ec13914b769f79cad6aad8b9b3aa5169bd6caf8514020c9f8391bcdc2c,92345a8d39c691d8f723d4d5c005a2f0642cdda379fe5a701b9d428451447402
P5_8_0418,418,418,20.9,EV-LAB-001,NORMAL_BASELINE,NORMAL_LABORATORY_STATE,all_lab_rules_within_thresholds,DETERMINISTIC_LABORATORY_RULES,False,False,True,False,False,False,False,40,40,0,0,0,True,True,418,0.990555465221405,0.9990113973617554,db74bde76a1c59a1e63f2ef5548288892861df24baf8b14f1318825443148cfd,0a58960f6142fad4876a7eacf986c1d59f503dc47c53559a858505232b3c6bcf,f8b5283c3e85f1bc8b4e6e3bde6cc88ee2c61eb45dc03299a6432a593d0fcd03,20.9,418.0,52.49,52.72,52.230000000000004,3.2,0.21,-0.01,2.6,0.015000000000000568,5.800000000000001,24.8,0.0,0.0,4.800000000000001,2.0,2887.0,105.5,1.0,103.5,73.0,63.0,2.0,79.60000000000001,98.0,398.90000000000003,74.5,31.0,0.012,2.1,2.0,1.0,1.0,2.0,0.0,0.0,0.0,1.0,1.0,1.0,1.0,162.0,1.0,1.0,1.0,162.0,0.05,0.0,1.0,1.0,1.0,1.0,0.0,0.0,0.0,0.0,1.0,162.0,0.0,0.0,0.0,0.0,0.0,1.0,1.0,50.0,50.0,0.0,12.65,1.0,0.015000000000000568,0.0,2.0,5.800000000000001,29.71805,31.0,2616.4,True,False,False,92345a8d39c691d8f723d4d5c005a2f0642cdda379fe5a701b9d428451447402,16415cec9abe23127f82a7b52f516f239700c4f5f1b060891ee19a53645a6656
P5_8_0419,419,419,20.95,EV-LAB-001,NORMAL_BASELINE,NORMAL_LABORATORY_STATE,all_lab_rules_within_thresholds,DETERMINISTIC_LABORATORY_RULES,False,False,True,False,False,False,False,40,40,0,0,0,True,True,419,0.9905495047569275,0.999011754989624,eb857c2447ba61609bcfab8971d1c4400479230c4dcbd05a7b982bfc88380033,0a58960f6142fad4876a7eacf986c1d59f503dc47c53559a858505232b3c6bcf,f8b5283c3e85f1bc8b4e6e3bde6cc88ee2c61eb45dc03299a6432a593d0fcd03,20.95,419.0,52.6,52.92,52.410000000000004,3.3000000000000003,0.22,-0.01,2.6,0.06500000000000483,5.9,24.8,0.0,0.0,4.800000000000001,2.0,2893.0,105.5,1.0,105.30000000000001,74.0,62.0,2.0,79.60000000000001,98.0,398.40000000000003,76.0,31.0,0.013000000000000001,2.1,2.0,1.0,1.0,2.0,0.0,0.0,0.0,1.0,1.0,1.0,1.0,163.0,1.0,1.0,1.0,163.0,0.05,0.0,1.0,1.0,1.0,1.0,0.0,0.0,0.0,0.0,1.0,163.0,0.0,0.0,0.0,0.0,0.0,1.0,1.0,50.0,50.0,0.0,12.6,1.0,0.06500000000000483,0.0,0.19999999999998863,5.9,30.2784,31.0,2616.4,True,False,False,16415cec9abe23127f82a7b52f516f239700c4f5f1b060891ee19a53645a6656,ffae4224ed793b9b57c7ba4921c672b9b7aaadfac8a132d5c6de8570279a2e9b
P5_8_0420,420,420,21.0,EV-LAB-001,NORMAL_BASELINE,NORMAL_LABORATORY_STATE,all_lab_rules_within_thresholds,DETERMINISTIC_LABORATORY_RULES,False,False,True,False,False,False,False,40,40,0,0,0,True,True,420,0.9905436635017395,0.9990119934082031,08fb3c2a2a68b5d842111648094ad13514d1d9f9501a237a3863061954ea26dd,0a58960f6142fad4876a7eacf986c1d59f503dc47c53559a858505232b3c6bcf,f8b5283c3e85f1bc8b4e6e3bde6cc88ee2c61eb45dc03299a6432a593d0fcd03,21.0,420.0,52.7,52.94,52.29,3.3000000000000003,0.22,-0.01,2.7,0.08500000000000796,6.0,24.400000000000002,0.0,0.0,4.800000000000001,2.0,2899.0,105.4,1.0,105.60000000000001,73.0,62.0,2.0,79.60000000000001,98.0,399.8,72.8,31.0,0.011,1.7000000000000002,2.0,1.0,1.0,2.0,0.0,0.0,0.0,1.0,1.0,1.0,1.0,164.0,1.0,1.0,1.0,164.0,0.05,0.0,1.0,1.0,1.0,1.0,0.0,0.0,0.0,0.0,1.0,164.0,0.0,0.0,0.0,0.0,0.0,1.0,1.0,50.0,50.0,0.0,12.620000000000001,1.0,0.08500000000000796,0.0,0.20000000000000284,6.0,29.105439999999998,31.0,2571.76,True,False,False,ffae4224ed793b9b57c7ba4921c672b9b7aaadfac8a132d5c6de8570279a2e9b,6a197b02f5aaada6f7b1f9b6e56c11604ddf2c925ed7f45109606543d4874295
P5_8_0421,421,421,21.05,EV-LAB-001,NORMAL_BASELINE,NORMAL_LABORATORY_STATE,all_lab_rules_within_thresholds,DETERMINISTIC_LABORATORY_RULES,False,False,True,False,False,False,False,40,40,0,0,0,True,True,421,0.9905375838279724,0.9990123510360718,f4dd7f2529436a7531aa75b395707ee678276d2372b8474040cf773d634c606c,0a58960f6142fad4876a7eacf986c1d59f503dc47c53559a858505232b3c6bcf,f8b5283c3e85f1bc8b4e6e3bde6cc88ee2c61eb45dc03299a6432a593d0fcd03,21.05,421.0,52.81,53.04,52.44,3.3000000000000003,0.22,-0.01,2.7,0.07000000000000739,6.0,24.8,0.0,0.0,4.800000000000001,2.0,2905.0,105.9,1.0,107.30000000000001,73.0,63.0,2.0,79.60000000000001,98.0,399.0,73.2,31.0,0.012,1.9000000000000001,2.0,1.0,1.0,2.0,0.0,0.0,0.0,1.0,1.0,1.0,1.0,165.0,1.0,1.0,1.0,165.0,0.05,0.0,1.0,1.0,1.0,1.0,0.0,0.0,0.0,0.0,1.0,165.0,0.0,0.0,0.0,0.0,0.0,1.0,1.0,50.0,50.0,0.0,12.69,1.0,0.07000000000000739,0.0,1.4000000000000057,6.0,29.2068,31.0,2626.32,True,False,False,6a197b02f5aaada6f7b1f9b6e56c11604ddf2c925ed7f45109606543d4874295,0376fb2d58243b78d67c22571e051351d2f8271a1c3fb08d37af2f6a412d7a8e
P5_8_0422,422,422,21.1,EV-LAB-001,NORMAL_BASELINE,NORMAL_LABORATORY_STATE,all_lab_rules_within_thresholds,DETERMINISTIC_LABORATORY_RULES,False,False,True,False,False,False,False,40,40,0,0,0,True,True,422,0.9905313849449158,0.9990127086639404,1955b5f38932757148a1f3cc8da1529cbb9b430d9ce30e8b78df45d8810dadbb,0a58960f6142fad4876a7eacf986c1d59f503dc47c53559a858505232b3c6bcf,f8b5283c3e85f1bc8b4e6e3bde6cc88ee2c61eb45dc03299a6432a593d0fcd03,21.1,422.0,52.93,53.17,52.74,3.3000000000000003,0.23,-0.02,2.6,0.02499999999999858,5.9,25.200000000000003,0.0,0.0,4.800000000000001,2.0,2911.0,106.10000000000001,1.0,105.5,73.0,62.0,2.0,79.60000000000001,98.0,398.5,74.2,31.0,0.014,2.3000000000000003,2.0,1.0,1.0,2.0,0.0,0.0,0.0,1.0,1.0,1.0,1.0,166.0,1.0,1.0,1.0,166.0,0.05,0.0,1.0,1.0,1.0,1.0,0.0,0.0,0.0,0.0,1.0,166.0,0.0,0.0,0.0,0.0,0.0,1.0,1.0,50.0,50.0,0.0,12.620000000000001,1.0,0.02499999999999858,0.0,0.6000000000000085,5.9,29.5687,31.0,2673.7200000000007,True,False,False,0376fb2d58243b78d67c22571e051351d2f8271a1c3fb08d37af2f6a412d7a8e,c65ffd74fcadd7a6617ecb206c0d31c60ac41b40af01681b0ba6706d213c2a32
P5_8_0423,423,423,21.15,EV-LAB-001,NORMAL_BASELINE,NORMAL_LABORATORY_STATE,all_lab_rules_within_thresholds,DETERMINISTIC_LABORATORY_RULES,False,False,True,False,False,False,False,40,40,0,0,0,True,True,423,0.9905251860618591,0.9990130662918091,81c8216116abd14286f26b6d2f1642e37830c27f1e427e3b12bf79d5b0f4b1d2,0a58960f6142fad4876a7eacf986c1d59f503dc47c53559a858505232b3c6bcf,f8b5283c3e85f1bc8b4e6e3bde6cc88ee2c61eb45dc03299a6432a593d0fcd03,21.15,423.0,53.04,53.33,52.78,3.3000000000000003,0.23,-0.01,2.7,0.015000000000000568,6.0,24.0,0.0,0.0,4.800000000000001,2.0,2917.0,104.80000000000001,1.0,108.10000000000001,73.0,62.0,2.0,79.60000000000001,98.0,398.90000000000003,73.0,31.0,0.01,2.3000000000000003,2.0,1.0,1.0,2.0,0.0,0.0,0.0,1.0,1.0,1.0,1.0,167.0,1.0,1.0,1.0,167.0,0.05,0.0,1.0,1.0,1.0,1.0,0.0,0.0,0.0,0.0,1.0,167.0,0.0,0.0,0.0,0.0,0.0,1.0,1.0,50.0,50.0,0.0,12.67,1.0,0.015000000000000568,0.0,3.299999999999997,6.0,29.1197,31.0,2515.2000000000003,True,False,False,c65ffd74fcadd7a6617ecb206c0d31c60ac41b40af01681b0ba6706d213c2a32,98f29e6f2ad490de406f4c961468e842c7905d980ef42264589275c3c64fe223
P5_8_0424,424,424,21.2,EV-LAB-001,NORMAL_BASELINE,NORMAL_LABORATORY_STATE,all_lab_rules_within_thresholds,DETERMINISTIC_LABORATORY_RULES,False,False,True,False,False,False,False,40,40,0,0,0,True,True,424,0.9905187487602234,0.9990134239196777,006c08f27fd6f068b74173e1256a7c12d8889edc12787e37afcddd1ddb68cba9,0a58960f6142fad4876a7eacf986c1d59f503dc47c53559a858505232b3c6bcf,f8b5283c3e85f1bc8b4e6e3bde6cc88ee2c61eb45dc03299a6432a593d0fcd03,21.2,424.0,53.15,53.480000000000004,52.94,3.4000000000000004,0.23,-0.01,2.7,0.060000000000002274,6.1000000000000005,25.200000000000003,0.0,0.0,4.800000000000001,2.0,2923.0,106.10000000000001,1.0,105.7,74.0,63.0,2.0,79.60000000000001,98.0,398.8,75.3,31.0,0.008,2.3000000000000003,2.0,1.0,1.0,2.0,0.0,0.0,0.0,1.0,1.0,1.0,1.0,168.0,1.0,1.0,1.0,168.0,0.05,0.0,1.0,1.0,1.0,1.0,0.0,0.0,0.0,0.0,1.0,168.0,0.0,0.0,0.0,0.0,0.0,1.0,1.0,50.0,50.0,0.0,12.58,1.0,0.060000000000002274,0.0,0.4000000000000057,6.1000000000000005,30.02964,31.0,2673.7200000000007,True,False,False,98f29e6f2ad490de406f4c961468e842c7905d980ef42264589275c3c64fe223,2b7612fe7dce8d5f6feaf257de90c990c89b802f73f536d26b11e62a24e57a18
P5_8_0425,425,425,21.25,EV-LAB-001,NORMAL_BASELINE,NORMAL_LABORATORY_STATE,all_lab_rules_within_thresholds,DETERMINISTIC_LABORATORY_RULES,False,False,True,False,False,False,False,40,40,0,0,0,True,True,425,0.9905121922492981,0.9990137815475464,e0d2487bce86b99c970445eb17e0c227b206b8aff8784324b040fc6d4fd5d635,0a58960f6142fad4876a7eacf986c1d59f503dc47c53559a858505232b3c6bcf,f8b5283c3e85f1bc8b4e6e3bde6cc88ee2c61eb45dc03299a6432a593d0fcd03,21.25,425.0,53.27,53.370000000000005,53.160000000000004,3.4000000000000004,0.23,-0.02,2.7,0.005000000000002558,6.1000000000000005,25.200000000000003,0.0,0.0,4.800000000000001,2.0,2930.0,106.10000000000001,1.0,103.60000000000001,74.0,63.0,2.0,79.60000000000001,98.0,398.90000000000003,74.7,31.0,0.014,2.3000000000000003,2.0,1.0,1.0,2.0,0.0,0.0,0.0,1.0,1.0,1.0,1.0,169.0,1.0,1.0,1.0,169.0,0.05,0.0,1.0,1.0,1.0,1.0,0.0,0.0,0.0,0.0,1.0,169.0,0.0,0.0,0.0,0.0,0.0,1.0,1.0,50.0,50.0,0.0,12.57,1.0,0.005000000000002558,0.0,2.5,6.1000000000000005,29.797830000000005,31.0,2673.7200000000007,True,False,False,2b7612fe7dce8d5f6feaf257de90c990c89b802f73f536d26b11e62a24e57a18,58397d76cc4a7878a2948799485a36c6261d5f25a66b4143c7c2dc4fa4cc3e5b
P5_8_0426,426,426,21.3,EV-LAB-001,NORMAL_BASELINE,NORMAL_LABORATORY_STATE,all_lab_rules_within_thresholds,DETERMINISTIC_LABORATORY_RULES,False,False,True,False,False,False,False,40,40,0,0,0,True,True,426,0.9905056357383728,0.999014139175415,37d2a03d2e5f26d4291df98a1d1d4e5055e3e378dce95e144b6a2ffbfe0d0d53,0a58960f6142fad4876a7eacf986c1d59f503dc47c53559a858505232b3c6bcf,f8b5283c3e85f1bc8b4e6e3bde6cc88ee2c61eb45dc03299a6432a593d0fcd03,21.3,426.0,53.38,53.550000000000004,53.15,3.4000000000000004,0.24,-0.01,2.7,0.030000000000001137,6.1000000000000005,25.200000000000003,0.0,0.0,4.800000000000001,2.0,2936.0,106.4,1.0,110.10000000000001,74.0,62.0,2.0,79.60000000000001,98.0,399.0,73.5,30.0,0.009000000000000001,1.8,2.0,1.0,1.0,2.0,0.0,0.0,0.0,1.0,1.0,1.0,1.0,170.0,1.0,1.0,1.0,170.0,0.05,0.0,1.0,1.0,1.0,1.0,0.0,0.0,0.0,0.0,1.0,170.0,0.0,0.0,0.0,0.0,0.0,1.0,1.0,50.0,50.0,0.0,12.57,1.0,0.030000000000001137,0.0,3.700000000000003,6.1000000000000005,29.3265,30.0,2681.2800000000007,True,False,False,58397d76cc4a7878a2948799485a36c6261d5f25a66b4143c7c2dc4fa4cc3e5b,33752622d250bc99d55096462eb76e1176266ffb4f55560b27c25f96b8376b94
P5_8_0427,427,427,21.35,EV-LAB-001,NORMAL_BASELINE,NORMAL_LABORATORY_STATE,all_lab_rules_within_thresholds,DETERMINISTIC_LABORATORY_RULES,False,False,True,False,False,False,False,40,40,0,0,0,True,True,427,0.990498960018158,0.9990144968032837,4035504b47e88373bab733062879b60866aca1ab85081ebaa4b78070be8cf85a,0a58960f6142fad4876a7eacf986c1d59f503dc47c53559a858505232b3c6bcf,f8b5283c3e85f1bc8b4e6e3bde6cc88ee2c61eb45dc03299a6432a593d0fcd03,21.35,427.0,53.5,53.79,53.34,3.4000000000000004,0.24,-0.01,2.7,0.06499999999999773,6.1000000000000005,25.6,0.0,0.0,4.800000000000001,2.0,2942.0,106.60000000000001,1.0,104.60000000000001,73.0,62.0,2.0,79.60000000000001,98.0,398.0,73.8,31.0,0.01,2.0,2.0,1.0,1.0,2.0,0.0,0.0,0.0,1.0,1.0,1.0,1.0,171.0,1.0,1.0,1.0,171.0,0.05,0.0,1.0,1.0,1.0,1.0,0.0,0.0,0.0,0.0,1.0,171.0,0.0,0.0,0.0,0.0,0.0,1.0,1.0,50.0,50.0,0.0,12.6,1.0,0.06499999999999773,0.0,2.0,6.1000000000000005,29.3724,31.0,2728.9600000000005,True,False,False,33752622d250bc99d55096462eb76e1176266ffb4f55560b27c25f96b8376b94,097e7b0f33a7d49d1f1f6ac3f70779104ecf2707b54ff87cdb5d8ca210eac53d
P5_8_0428,428,428,21.4,EV-LAB-001,NORMAL_BASELINE,NORMAL_LABORATORY_STATE,all_lab_rules_within_thresholds,DETERMINISTIC_LABORATORY_RULES,False,False,True,False,False,False,False,40,40,0,0,0,True,True,428,0.9904921650886536,0.9990149736404419,ef210414de240aea993ee49a3bf977fcc6b9750a990c5ed3fb46413e3aa1e056,0a58960f6142fad4876a7eacf986c1d59f503dc47c53559a858505232b3c6bcf,f8b5283c3e85f1bc8b4e6e3bde6cc88ee2c61eb45dc03299a6432a593d0fcd03,21.4,428.0,53.620000000000005,53.89,53.38,3.4000000000000004,0.24,-0.01,2.7,0.015000000000000568,6.1000000000000005,26.0,0.0,0.0,4.800000000000001,2.0,2949.0,107.10000000000001,1.0,106.5,74.0,62.0,2.0,79.60000000000001,98.0,398.90000000000003,75.60000000000001,30.0,0.014,1.9000000000000001,2.0,1.0,1.0,2.0,0.0,0.0,0.0,1.0,1.0,1.0,1.0,172.0,1.0,1.0,1.0,172.0,0.05,0.0,1.0,1.0,1.0,1.0,0.0,0.0,0.0,0.0,1.0,172.0,0.0,0.0,0.0,0.0,0.0,1.0,1.0,50.0,50.0,0.0,12.58,1.0,0.015000000000000568,0.0,0.6000000000000085,6.1000000000000005,30.156840000000006,30.0,2784.6000000000004,True,False,False,097e7b0f33a7d49d1f1f6ac3f70779104ecf2707b54ff87cdb5d8ca210eac53d,f7d97e39e4995ad61ea24d5d99b55e15b291e38268a46e8882e26ffcff1ed394
P5_8_0429,429,429,21.45,EV-LAB-001,NORMAL_BASELINE,NORMAL_LABORATORY_STATE,all_lab_rules_within_thresholds,DETERMINISTIC_LABORATORY_RULES,False,False,True,False,False,False,False,40,40,0,0,0,True,True,429,0.9904852509498596,0.9990153312683105,e2e8137a68a7a49a8bded6e5658951192a229ae926ae6f84095a08737eba4df7,0a58960f6142fad4876a7eacf986c1d59f503dc47c53559a858505232b3c6bcf,f8b5283c3e85f1bc8b4e6e3bde6cc88ee2c61eb45dc03299a6432a593d0fcd03,21.45,429.0,53.730000000000004,53.85,53.52,3.4000000000000004,0.24,-0.01,2.8000000000000003,0.045000000000001705,6.200000000000001,25.6,0.0,0.0,4.800000000000001,2.0,2955.0,106.80000000000001,1.0,104.9,73.0,63.0,2.0,79.60000000000001,98.0,399.20000000000005,73.4,31.0,0.01,1.9000000000000001,2.0,1.0,1.0,2.0,0.0,0.0,0.0,1.0,1.0,1.0,1.0,173.0,1.0,1.0,1.0,173.0,0.05,0.0,1.0,1.0,1.0,1.0,0.0,0.0,0.0,0.0,1.0,173.0,0.0,0.0,0.0,0.0,0.0,1.0,1.0,50.0,50.0,0.0,12.63,1.0,0.045000000000001705,0.0,1.9000000000000057,6.200000000000001,29.301280000000006,31.0,2734.0800000000004,True,False,False,f7d97e39e4995ad61ea24d5d99b55e15b291e38268a46e8882e26ffcff1ed394,27b608af3eadafe772adff73387865414c32481711aae67c6eb918b503d61d3d
P5_8_0430,430,430,21.5,EV-LAB-001,NORMAL_BASELINE,NORMAL_LABORATORY_STATE,all_lab_rules_within_thresholds,DETERMINISTIC_LABORATORY_RULES,False,False,True,False,False,False,False,40,40,0,0,0,True,True,430,0.9904783964157104,0.9990156888961792,4b5769f713c51365ed23069416a9c3d0a0bb2185886aa1dd78ea1fc03b5f9cd6,0a58960f6142fad4876a7eacf986c1d59f503dc47c53559a858505232b3c6bcf,f8b5283c3e85f1bc8b4e6e3bde6cc88ee2c61eb45dc03299a6432a593d0fcd03,21.5,430.0,53.85,54.11,53.64,3.4000000000000004,0.24,-0.02,2.7,0.02499999999999858,6.1000000000000005,24.8,0.0,0.0,4.800000000000001,2.0,2962.0,106.0,1.0,106.10000000000001,75.0,62.0,2.0,79.60000000000001,98.0,398.90000000000003,73.9,31.0,0.013000000000000001,2.1,2.0,1.0,1.0,2.0,0.0,0.0,0.0,1.0,1.0,1.0,1.0,174.0,1.0,1.0,1.0,174.0,0.05,0.0,1.0,1.0,1.0,1.0,0.0,0.0,0.0,0.0,1.0,174.0,0.0,0.0,0.0,0.0,0.0,1.0,1.0,50.0,50.0,0.0,12.55,1.0,0.02499999999999858,0.0,0.10000000000000853,6.1000000000000005,29.478710000000007,31.0,2628.8,True,False,False,27b608af3eadafe772adff73387865414c32481711aae67c6eb918b503d61d3d,87e8448a64147e91ec5244b81a2bac8c6a5660d4e89b7a36da3ea5f3a3183b1c
P5_8_0431,431,431,21.55,EV-LAB-001,NORMAL_BASELINE,NORMAL_LABORATORY_STATE,all_lab_rules_within_thresholds,DETERMINISTIC_LABORATORY_RULES,False,False,True,False,False,False,False,40,40,0,0,0,True,True,431,0.990471363067627,0.9990160465240479,8357b03747053829d3511c3e2bbbd633d0eebfc615023bdf935d3676726f50b6,0a58960f6142fad4876a7eacf986c1d59f503dc47c53559a858505232b3c6bcf,f8b5283c3e85f1bc8b4e6e3bde6cc88ee2c61eb45dc03299a6432a593d0fcd03,21.55,431.0,53.97,54.13,53.76,3.4000000000000004,0.25,-0.02,2.7,0.02499999999999858,6.1000000000000005,26.400000000000002,0.0,0.0,4.800000000000001,2.0,2969.0,107.7,1.0,108.80000000000001,74.0,63.0,2.0,79.60000000000001,98.0,399.40000000000003,76.3,31.0,0.011,1.9000000000000001,2.0,1.0,1.0,2.0,0.0,0.0,0.0,1.0,1.0,1.0,1.0,175.0,1.0,1.0,1.0,175.0,0.05,0.0,1.0,1.0,1.0,1.0,0.0,0.0,0.0,0.0,1.0,175.0,0.0,0.0,0.0,0.0,0.0,1.0,1.0,50.0,50.0,0.0,12.52,1.0,0.02499999999999858,0.0,1.1000000000000085,6.1000000000000005,30.474220000000003,31.0,2843.28,True,False,False,87e8448a64147e91ec5244b81a2bac8c6a5660d4e89b7a36da3ea5f3a3183b1c,226a327bb61ee9f366a872bb6112712f92b969b454bc8d9637a32efc00d829fa
P5_8_0432,432,432,21.6,EV-LAB-001,NORMAL_BASELINE,NORMAL_LABORATORY_STATE,all_lab_rules_within_thresholds,DETERMINISTIC_LABORATORY_RULES,False,False,True,False,False,False,False,40,40,0,0,0,True,True,432,0.9904642105102539,0.999016523361206,836132a42fbd7263b0aaf2abee1d0fac1ad89ebed7eed47f101655022ecf8ac9,0a58960f6142fad4876a7eacf986c1d59f503dc47c53559a858505232b3c6bcf,f8b5283c3e85f1bc8b4e6e3bde6cc88ee2c61eb45dc03299a6432a593d0fcd03,21.6,432.0,54.1,54.230000000000004,53.82,3.5,0.25,-0.02,2.8000000000000003,0.07499999999999574,6.300000000000001,27.200000000000003,0.0,0.0,4.800000000000001,2.0,2975.0,108.7,1.0,109.2,74.0,64.0,2.0,79.60000000000001,98.0,398.8,78.0,31.0,0.013000000000000001,2.1,2.0,1.0,1.0,2.0,0.0,0.0,0.0,1.0,1.0,1.0,1.0,176.0,1.0,1.0,1.0,176.0,0.05,0.0,1.0,1.0,1.0,1.0,0.0,0.0,0.0,0.0,1.0,176.0,0.0,0.0,0.0,0.0,0.0,1.0,1.0,50.0,50.0,0.0,12.63,1.0,0.07499999999999574,0.0,0.5,6.300000000000001,31.1064,31.0,2956.6400000000003,True,False,False,226a327bb61ee9f366a872bb6112712f92b969b454bc8d9637a32efc00d829fa,c768c3f3ef7872439780fe8e108ff609694858a4553c2d0512ec68a7b4f0b6f9
P5_8_0433,433,433,21.65,EV-LAB-001,NORMAL_BASELINE,NORMAL_LABORATORY_STATE,all_lab_rules_within_thresholds,DETERMINISTIC_LABORATORY_RULES,False,False,True,False,False,False,False,40,40,0,0,0,True,True,433,0.9904569983482361,0.9990168809890747,5e4102d04ce44eac19f1d3514a141c319ac5c9f2a72078648f18a293b8b431d6,0a58960f6142fad4876a7eacf986c1d59f503dc47c53559a858505232b3c6bcf,f8b5283c3e85f1bc8b4e6e3bde6cc88ee2c61eb45dc03299a6432a593d0fcd03,21.65,433.0,54.22,54.47,53.99,3.5,0.25,-0.01,2.7,0.010000000000005116,6.2,26.400000000000002,0.0,0.0,4.800000000000001,2.0,2982.0,107.5,1.0,107.7,74.0,62.0,2.0,79.60000000000001,98.0,398.8,74.10000000000001,31.0,0.012,2.0,2.0,1.0,1.0,2.0,0.0,0.0,0.0,1.0,1.0,1.0,1.0,177.0,1.0,1.0,1.0,177.0,0.05,0.0,1.0,1.0,1.0,1.0,0.0,0.0,0.0,0.0,1.0,177.0,0.0,0.0,0.0,0.0,0.0,1.0,1.0,50.0,50.0,0.0,12.540000000000001,1.0,0.010000000000005116,0.0,0.20000000000000284,6.2,29.551080000000006,31.0,2838.0000000000005,True,False,False,c768c3f3ef7872439780fe8e108ff609694858a4553c2d0512ec68a7b4f0b6f9,b801129eacbd31d120a4721ce563c343e3bfcef9c6ab44a1976cc6d2a83784b8
P5_8_0434,434,434,21.7,EV-LAB-001,NORMAL_BASELINE,NORMAL_LABORATORY_STATE,all_lab_rules_within_thresholds,DETERMINISTIC_LABORATORY_RULES,False,False,True,False,False,False,False,40,40,0,0,0,True,True,434,0.9904497265815735,0.9990172386169434,604bd7f3b46bb744c864903642b95ee5e4111865517e7dd8c056ef5145a9448d,0a58960f6142fad4876a7eacf986c1d59f503dc47c53559a858505232b3c6bcf,f8b5283c3e85f1bc8b4e6e3bde6cc88ee2c61eb45dc03299a6432a593d0fcd03,21.7,434.0,54.34,54.63,53.96,3.5,0.25,-0.01,2.9000000000000004,0.045000000000001705,6.4,26.400000000000002,0.0,0.0,4.800000000000001,2.0,2989.0,107.5,1.0,108.80000000000001,74.0,62.0,2.0,79.60000000000001,98.0,399.40000000000003,76.3,31.0,0.01,1.9000000000000001,2.0,1.0,1.0,2.0,0.0,0.0,0.0,1.0,1.0,1.0,1.0,178.0,1.0,1.0,1.0,178.0,0.05,0.0,1.0,1.0,1.0,1.0,0.0,0.0,0.0,0.0,1.0,178.0,0.0,0.0,0.0,0.0,0.0,1.0,1.0,50.0,50.0,0.0,12.6,1.0,0.045000000000001705,0.0,1.3000000000000114,6.4,30.474220000000003,31.0,2838.0000000000005,True,False,False,b801129eacbd31d120a4721ce563c343e3bfcef9c6ab44a1976cc6d2a83784b8,d77c6dc5652013896d88a8d3551a088e9b0042aebca686f9951f610175cad5d7
P5_8_0435,435,435,21.75,EV-LAB-001,NORMAL_BASELINE,NORMAL_LABORATORY_STATE,all_lab_rules_within_thresholds,DETERMINISTIC_LABORATORY_RULES,False,False,True,False,False,False,False,40,40,0,0,0,True,True,435,0.9904423356056213,0.9990177154541016,f6d98c924293cc8951104d47207670027d86222b1d2230a2d2bc6544a17221f1,0a58960f6142fad4876a7eacf986c1d59f503dc47c53559a858505232b3c6bcf,f8b5283c3e85f1bc8b4e6e3bde6cc88ee2c61eb45dc03299a6432a593d0fcd03,21.75,435.0,54.46,54.72,54.370000000000005,3.5,0.25,-0.01,2.8000000000000003,0.08500000000000085,6.300000000000001,26.400000000000002,0.0,0.0,4.800000000000001,2.0,2996.0,107.9,1.0,108.0,74.0,63.0,2.0,79.60000000000001,98.0,398.8,76.3,31.0,0.011,2.1,2.0,1.0,1.0,2.0,0.0,0.0,0.0,1.0,1.0,1.0,1.0,179.0,1.0,1.0,1.0,179.0,0.05,0.0,1.0,1.0,1.0,1.0,0.0,0.0,0.0,0.0,1.0,179.0,0.0,0.0,0.0,0.0,0.0,1.0,1.0,50.0,50.0,0.0,12.65,1.0,0.08500000000000085,0.0,0.09999999999999432,6.300000000000001,30.42844,31.0,2848.5600000000004,True,False,False,d77c6dc5652013896d88a8d3551a088e9b0042aebca686f9951f610175cad5d7,330c5fa2d20a4c3007422f9e735f240719f8ed0b423cb54a3841b223fc5e8465
P5_8_0436,436,436,21.8,EV-LAB-001,NORMAL_BASELINE,NORMAL_LABORATORY_STATE,all_lab_rules_within_thresholds,DETERMINISTIC_LABORATORY_RULES,False,False,True,False,False,False,False,40,40,0,0,0,True,True,436,0.9904348850250244,0.9990180730819702,ebff727b13623868c4b46c59f86f2bd07a2c4805b08602792b2cf40c149ccfc9,0a58960f6142fad4876a7eacf986c1d59f503dc47c53559a858505232b3c6bcf,f8b5283c3e85f1bc8b4e6e3bde6cc88ee2c61eb45dc03299a6432a593d0fcd03,21.8,436.0,54.59,54.82,54.31,3.5,0.25,-0.02,2.7,0.025000000000005684,6.2,26.400000000000002,0.0,0.0,4.800000000000001,2.0,3002.0,107.9,1.0,107.60000000000001,75.0,63.0,2.0,79.60000000000001,98.0,398.5,76.3,31.0,0.013000000000000001,2.3000000000000003,2.0,1.0,1.0,2.0,0.0,0.0,0.0,1.0,1.0,1.0,1.0,180.0,1.0,1.0,1.0,180.0,0.05,0.0,1.0,1.0,1.0,1.0,0.0,0.0,0.0,0.0,1.0,180.0,0.0,0.0,0.0,0.0,0.0,1.0,1.0,50.0,50.0,0.0,12.61,1.0,0.025000000000005684,0.0,0.29999999999999716,6.2,30.405549999999998,31.0,2848.5600000000004,True,False,False,330c5fa2d20a4c3007422f9e735f240719f8ed0b423cb54a3841b223fc5e8465,f8d65ce9d5ec529274373d5a8d0970a9e5091e27a91c9c0cb2629a73633a0411
P5_8_0437,437,437,21.85,EV-LAB-001,NORMAL_BASELINE,NORMAL_LABORATORY_STATE,all_lab_rules_within_thresholds,DETERMINISTIC_LABORATORY_RULES,False,False,True,False,False,False,False,40,40,0,0,0,True,True,437,0.9904274940490723,0.9990185499191284,f74de39cdd46fc65fffbf148d973f4320fdd4cc389cb7e365b576bdc4ab83a59,0a58960f6142fad4876a7eacf986c1d59f503dc47c53559a858505232b3c6bcf,f8b5283c3e85f1bc8b4e6e3bde6cc88ee2c61eb45dc03299a6432a593d0fcd03,21.85,437.0,54.71,55.050000000000004,54.61,3.5,0.25,-0.02,2.7,0.11999999999999744,6.2,26.8,0.0,0.0,4.800000000000001,2.0,3009.0,108.2,1.0,108.5,74.0,63.0,2.0,79.60000000000001,98.0,398.90000000000003,76.3,31.0,0.011,2.2,2.0,1.0,1.0,2.0,0.0,0.0,0.0,1.0,1.0,1.0,1.0,181.0,1.0,1.0,1.0,181.0,0.05,0.0,1.0,1.0,1.0,1.0,0.0,0.0,0.0,0.0,1.0,181.0,0.0,0.0,0.0,0.0,0.0,1.0,1.0,50.0,50.0,0.0,12.59,1.0,0.11999999999999744,0.0,0.29999999999999716,6.2,30.43607,31.0,2899.76,True,False,False,f8d65ce9d5ec529274373d5a8d0970a9e5091e27a91c9c0cb2629a73633a0411,1615f341748271b9e6dbfc12c2433f791232cbc9d6974e795fd7a05af5ba0816
P5_8_0438,438,438,21.9,EV-LAB-001,NORMAL_BASELINE,NORMAL_LABORATORY_STATE,all_lab_rules_within_thresholds,DETERMINISTIC_LABORATORY_RULES,False,False,True,False,False,False,False,40,40,0,0,0,True,True,438,0.9904199242591858,0.9990189075469971,38f354dc84df228dce2725f5ac6bde8e8d2967a48f1daa4583d8755329a7d925,0a58960f6142fad4876a7eacf986c1d59f503dc47c53559a858505232b3c6bcf,f8b5283c3e85f1bc8b4e6e3bde6cc88ee2c61eb45dc03299a6432a593d0fcd03,21.9,438.0,54.84,55.120000000000005,54.6,3.5,0.25,-0.01,2.8000000000000003,0.01999999999999602,6.300000000000001,25.200000000000003,0.0,0.0,4.800000000000001,2.0,3016.0,106.0,1.0,106.4,74.0,63.0,2.0,79.60000000000001,98.0,399.40000000000003,77.5,31.0,0.012,1.8,2.0,1.0,1.0,2.0,0.0,0.0,0.0,1.0,1.0,1.0,1.0,182.0,1.0,1.0,1.0,182.0,0.05,0.0,1.0,1.0,1.0,1.0,0.0,0.0,0.0,0.0,1.0,182.0,0.0,0.0,0.0,0.0,0.0,1.0,1.0,50.0,50.0,0.0,12.61,1.0,0.01999999999999602,0.0,0.4000000000000057,6.300000000000001,30.953500000000005,31.0,2671.2000000000003,True,False,False,1615f341748271b9e6dbfc12c2433f791232cbc9d6974e795fd7a05af5ba0816,0a80091158835f364451218b723c923f2a8b817572b5c02fd21b886eeb82c8fb
P5_8_0439,439,439,21.95,EV-LAB-001,NORMAL_BASELINE,NORMAL_LABORATORY_STATE,all_lab_rules_within_thresholds,DETERMINISTIC_LABORATORY_RULES,False,False,True,False,False,False,False,40,40,0,0,0,True,True,439,0.9904122948646545,0.9990192651748657,a7dd5c88a980a20a3ac6d94f688a490d68918e81307cd111417e8e2467588fbd,0a58960f6142fad4876a7eacf986c1d59f503dc47c53559a858505232b3c6bcf,f8b5283c3e85f1bc8b4e6e3bde6cc88ee2c61eb45dc03299a6432a593d0fcd03,21.95,439.0,54.96,55.13,54.82,3.5,0.26,-0.01,2.8000000000000003,0.015000000000000568,6.300000000000001,26.400000000000002,0.0,0.0,4.800000000000001,2.0,3023.0,107.9,1.0,107.80000000000001,75.0,63.0,2.0,79.60000000000001,98.0,399.1,75.4,30.0,0.009000000000000001,2.2,2.0,1.0,1.0,2.0,0.0,0.0,0.0,1.0,1.0,1.0,1.0,183.0,1.0,1.0,1.0,183.0,0.05,0.0,1.0,1.0,1.0,1.0,0.0,0.0,0.0,0.0,1.0,183.0,0.0,0.0,0.0,0.0,0.0,1.0,1.0,50.0,50.0,0.0,12.57,1.0,0.015000000000000568,0.0,0.09999999999999432,6.300000000000001,30.092140000000004,30.0,2848.5600000000004,True,False,False,0a80091158835f364451218b723c923f2a8b817572b5c02fd21b886eeb82c8fb,011a638ea3fcf2cb59b3e53471dabc3bf2a5efa06fa6fcfcb81225338e220392
P5_8_0440,440,440,22.0,EV-LAB-001,NORMAL_BASELINE,NORMAL_LABORATORY_STATE,all_lab_rules_within_thresholds,DETERMINISTIC_LABORATORY_RULES,False,False,True,False,False,False,False,40,40,0,0,0,True,True,440,0.9904047250747681,0.9990197420120239,baac01fbb28a7d6bef243893be081cecd6be78c234f5c18bd62113e9085b6a7c,0a58960f6142fad4876a7eacf986c1d59f503dc47c53559a858505232b3c6bcf,f8b5283c3e85f1bc8b4e6e3bde6cc88ee2c61eb45dc03299a6432a593d0fcd03,22.0,440.0,55.09,55.31,54.78,3.5,0.26,-0.02,2.9000000000000004,0.045000000000001705,6.4,26.0,0.0,0.0,4.800000000000001,2.0,3030.0,107.0,1.0,105.80000000000001,75.0,63.0,2.0,79.60000000000001,98.0,398.20000000000005,75.10000000000001,30.0,0.013000000000000001,2.0,2.0,1.0,1.0,2.0,0.0,0.0,0.0,1.0,1.0,1.0,1.0,184.0,1.0,1.0,1.0,184.0,0.05,0.0,1.0,1.0,1.0,1.0,0.0,0.0,0.0,0.0,1.0,184.0,0.0,0.0,0.0,0.0,0.0,1.0,1.0,50.0,50.0,0.0,12.620000000000001,1.0,0.045000000000001705,0.0,1.1999999999999886,6.4,29.904820000000008,30.0,2782.0,True,False,False,011a638ea3fcf2cb59b3e53471dabc3bf2a5efa06fa6fcfcb81225338e220392,b2bdb2a83fb0fa72e0c8a53724790c28a87303c3a1c3502488949f580c62ebfe
P5_8_0441,441,441,22.05,EV-LAB-001,NORMAL_BASELINE,NORMAL_LABORATORY_STATE,all_lab_rules_within_thresholds,DETERMINISTIC_LABORATORY_RULES,False,False,True,False,False,False,False,40,40,0,0,0,True,True,441,0.9903969764709473,0.9990200996398926,47a982d0f42c0dbf04c52af5d1e18bea8139ccd1ab32aeb42b6fbb5223fb7cc5,0a58960f6142fad4876a7eacf986c1d59f503dc47c53559a858505232b3c6bcf,f8b5283c3e85f1bc8b4e6e3bde6cc88ee2c61eb45dc03299a6432a593d0fcd03,22.05,441.0,55.21,55.35,55.02,3.5,0.26,-0.01,2.8000000000000003,0.02499999999999858,6.300000000000001,26.8,0.0,0.0,4.800000000000001,2.0,3037.0,108.10000000000001,1.0,108.2,75.0,63.0,2.0,79.60000000000001,98.0,398.20000000000005,73.2,30.0,0.014,2.1,2.0,1.0,1.0,2.0,0.0,0.0,0.0,1.0,1.0,1.0,1.0,185.0,1.0,1.0,1.0,185.0,0.05,0.0,1.0,1.0,1.0,1.0,0.0,0.0,0.0,0.0,1.0,185.0,0.0,0.0,0.0,0.0,0.0,1.0,1.0,50.0,50.0,0.0,12.61,1.0,0.02499999999999858,0.0,0.09999999999999432,6.300000000000001,29.148240000000005,30.0,2897.0800000000004,True,False,False,b2bdb2a83fb0fa72e0c8a53724790c28a87303c3a1c3502488949f580c62ebfe,32b9cfcefba0466971607110d0304eb148f8ff3c46188cfd9500e39cd04bc155
P5_8_0442,442,442,22.1,EV-LAB-001,NORMAL_BASELINE,NORMAL_LABORATORY_STATE,all_lab_rules_within_thresholds,DETERMINISTIC_LABORATORY_RULES,False,False,True,False,False,False,False,40,40,0,0,0,True,True,442,0.9903891682624817,0.9990205764770508,fade8e4ae55d05b0a6c866bedee5c9b9d309da31359976385faee0ddcf586344,0a58960f6142fad4876a7eacf986c1d59f503dc47c53559a858505232b3c6bcf,f8b5283c3e85f1bc8b4e6e3bde6cc88ee2c61eb45dc03299a6432a593d0fcd03,22.1,442.0,55.34,55.59,55.0,3.5,0.26,-0.01,2.7,0.045000000000001705,6.2,26.0,0.0,0.0,4.800000000000001,2.0,3044.0,107.2,1.0,105.7,74.0,62.0,2.0,79.60000000000001,98.0,398.70000000000005,76.0,31.0,0.01,2.0,2.0,1.0,1.0,2.0,0.0,0.0,0.0,1.0,1.0,1.0,1.0,186.0,1.0,1.0,1.0,186.0,0.05,0.0,1.0,1.0,1.0,1.0,0.0,0.0,0.0,0.0,1.0,186.0,0.0,0.0,0.0,0.0,0.0,1.0,1.0,50.0,50.0,0.0,12.64,1.0,0.045000000000001705,0.0,1.5,6.2,30.301200000000005,31.0,2787.2000000000003,True,False,False,32b9cfcefba0466971607110d0304eb148f8ff3c46188cfd9500e39cd04bc155,4870f005f945b989869981aa25527d6d10c5ede4e2b6d29e6b79ebf0750dcb52
P5_8_0443,443,443,22.15,EV-LAB-001,NORMAL_BASELINE,NORMAL_LABORATORY_STATE,all_lab_rules_within_thresholds,DETERMINISTIC_LABORATORY_RULES,False,False,True,False,False,False,False,40,40,0,0,0,True,True,443,0.9903813004493713,0.999021053314209,2fea7828e0d81213902fa210a7780277d8161ce9954f39e2d0325933d59da101,0a58960f6142fad4876a7eacf986c1d59f503dc47c53559a858505232b3c6bcf,f8b5283c3e85f1bc8b4e6e3bde6cc88ee2c61eb45dc03299a6432a593d0fcd03,22.15,443.0,55.47,55.660000000000004,55.31,3.5,0.26,-0.02,2.8000000000000003,0.015000000000000568,6.300000000000001,27.6,0.0,0.0,4.800000000000001,2.0,3051.0,109.10000000000001,1.0,109.5,75.0,63.0,2.0,79.60000000000001,98.0,398.90000000000003,75.7,31.0,0.01,2.2,2.0,1.0,1.0,2.0,0.0,0.0,0.0,1.0,1.0,1.0,1.0,187.0,1.0,1.0,1.0,187.0,0.05,0.0,1.0,1.0,1.0,1.0,0.0,0.0,0.0,0.0,1.0,187.0,0.0,0.0,0.0,0.0,0.0,1.0,1.0,50.0,50.0,0.0,12.6,1.0,0.015000000000000568,0.0,0.3999999999999915,6.300000000000001,30.196730000000002,31.0,3011.1600000000003,True,False,False,4870f005f945b989869981aa25527d6d10c5ede4e2b6d29e6b79ebf0750dcb52,3dd227e6179080d91ee14e735dd2a7a17951f130c98e2043cdbf04aa820c66de
P5_8_0444,444,444,22.2,EV-LAB-001,NORMAL_BASELINE,NORMAL_LABORATORY_STATE,all_lab_rules_within_thresholds,DETERMINISTIC_LABORATORY_RULES,False,False,True,False,False,False,False,40,40,0,0,0,True,True,444,0.9903734922409058,0.9990214109420776,779f21e3f47e348c37af005db421cc7fde9cb6704a0a5f46ddbb3e76f9653a79,0a58960f6142fad4876a7eacf986c1d59f503dc47c53559a858505232b3c6bcf,f8b5283c3e85f1bc8b4e6e3bde6cc88ee2c61eb45dc03299a6432a593d0fcd03,22.2,444.0,55.59,55.79,55.29,3.4000000000000004,0.26,-0.02,2.7,0.05000000000000426,6.1000000000000005,25.200000000000003,0.0,0.0,4.800000000000001,2.0,3058.0,106.10000000000001,1.0,106.60000000000001,74.0,64.0,2.0,79.60000000000001,98.0,398.3,74.2,30.0,0.012,1.9000000000000001,2.0,1.0,1.0,2.0,0.0,0.0,0.0,1.0,1.0,1.0,1.0,188.0,1.0,1.0,1.0,188.0,0.05,0.0,1.0,1.0,1.0,1.0,0.0,0.0,0.0,0.0,1.0,188.0,0.0,0.0,0.0,0.0,0.0,1.0,1.0,50.0,50.0,0.0,12.6,1.0,0.05000000000000426,0.0,0.5,6.1000000000000005,29.55386,30.0,2673.7200000000007,True,False,False,3dd227e6179080d91ee14e735dd2a7a17951f130c98e2043cdbf04aa820c66de,f0953634c26d6cf913553fd03c7f89ebfa09aa21710334287a6d68976aa11df2
P5_8_0445,445,445,22.25,EV-LAB-001,NORMAL_BASELINE,NORMAL_LABORATORY_STATE,all_lab_rules_within_thresholds,DETERMINISTIC_LABORATORY_RULES,False,False,True,False,False,False,False,40,40,0,0,0,True,True,445,0.9903655052185059,0.9990218877792358,a504426569b278ccb67d3b55c5924b3a43c0cdac0658c70ec5c12535e75c999d,0a58960f6142fad4876a7eacf986c1d59f503dc47c53559a858505232b3c6bcf,f8b5283c3e85f1bc8b4e6e3bde6cc88ee2c61eb45dc03299a6432a593d0fcd03,22.25,445.0,55.72,55.99,55.52,3.4000000000000004,0.26,-0.01,2.7,0.035000000000003695,6.1000000000000005,26.8,0.0,0.0,4.800000000000001,2.0,3064.0,108.10000000000001,1.0,107.7,75.0,63.0,2.0,79.60000000000001,98.0,399.0,75.10000000000001,31.0,0.013000000000000001,1.9000000000000001,2.0,1.0,1.0,2.0,0.0,0.0,0.0,1.0,1.0,1.0,1.0,189.0,1.0,1.0,1.0,189.0,0.05,0.0,1.0,1.0,1.0,1.0,0.0,0.0,0.0,0.0,1.0,189.0,0.0,0.0,0.0,0.0,0.0,1.0,1.0,50.0,50.0,0.0,12.57,1.0,0.035000000000003695,0.0,0.4000000000000057,6.1000000000000005,29.964900000000004,31.0,2897.0800000000004,True,False,False,f0953634c26d6cf913553fd03c7f89ebfa09aa21710334287a6d68976aa11df2,7fe7c2fba9cc950642ee7da3b59cb43869840563d4ba952ec718450c70633ce4
P5_8_0446,446,446,22.3,EV-LAB-001,NORMAL_BASELINE,NORMAL_LABORATORY_STATE,all_lab_rules_within_thresholds,DETERMINISTIC_LABORATORY_RULES,False,False,True,False,False,False,False,40,40,0,0,0,True,True,446,0.9903575778007507,0.9990222454071045,ee13790f389b06e93bbcc3489c0e81d17e4a47e78a224c8b343505c4ff46ba6f,0a58960f6142fad4876a7eacf986c1d59f503dc47c53559a858505232b3c6bcf,f8b5283c3e85f1bc8b4e6e3bde6cc88ee2c61eb45dc03299a6432a593d0fcd03,22.3,446.0,55.84,56.03,55.56,3.4000000000000004,0.26,-0.01,2.7,0.045000000000001705,6.1000000000000005,26.400000000000002,0.0,0.0,4.800000000000001,2.0,3071.0,107.9,1.0,109.10000000000001,74.0,63.0,2.0,79.60000000000001,98.0,399.1,75.60000000000001,30.0,0.013000000000000001,1.7000000000000002,2.0,1.0,1.0,2.0,0.0,0.0,0.0,1.0,1.0,1.0,1.0,190.0,1.0,1.0,1.0,190.0,0.05,0.0,1.0,1.0,1.0,1.0,0.0,0.0,0.0,0.0,1.0,190.0,0.0,0.0,0.0,0.0,0.0,1.0,1.0,50.0,50.0,0.0,12.66,1.0,0.045000000000001705,0.0,1.2000000000000028,6.1000000000000005,30.171960000000006,30.0,2848.5600000000004,True,False,False,7fe7c2fba9cc950642ee7da3b59cb43869840563d4ba952ec718450c70633ce4,aa81e230a41525998550ba188c75b093590686ad213d0084ef9f30e2bb16fed0
P5_8_0447,447,447,22.35,EV-LAB-001,NORMAL_BASELINE,NORMAL_LABORATORY_STATE,all_lab_rules_within_thresholds,DETERMINISTIC_LABORATORY_RULES,False,False,True,False,False,False,False,40,40,0,0,0,True,True,447,0.9903496503829956,0.9990227222442627,cd2c06d57380bfd911436d12d36740c5d953c429a1725804019b2a0410adfc00,0a58960f6142fad4876a7eacf986c1d59f503dc47c53559a858505232b3c6bcf,f8b5283c3e85f1bc8b4e6e3bde6cc88ee2c61eb45dc03299a6432a593d0fcd03,22.35,447.0,55.97,56.02,55.65,3.4000000000000004,0.26,-0.02,2.8000000000000003,0.134999999999998,6.200000000000001,25.6,0.0,0.0,4.800000000000001,2.0,3078.0,106.7,1.0,105.5,74.0,63.0,2.0,79.60000000000001,98.0,399.20000000000005,75.60000000000001,31.0,0.014,2.0,2.0,1.0,1.0,2.0,0.0,0.0,0.0,1.0,1.0,1.0,1.0,191.0,1.0,1.0,1.0,191.0,0.05,0.0,1.0,1.0,1.0,1.0,0.0,0.0,0.0,0.0,1.0,191.0,0.0,0.0,0.0,0.0,0.0,1.0,1.0,50.0,50.0,0.0,12.57,1.0,0.134999999999998,0.0,1.2000000000000028,6.200000000000001,30.179520000000007,31.0,2731.5200000000004,True,False,False,aa81e230a41525998550ba188c75b093590686ad213d0084ef9f30e2bb16fed0,5e080510fc4a666bd674433e9d86731af0dcc276bfdf73be28666e40b989b474
P5_8_0448,448,448,22.4,EV-LAB-001,NORMAL_BASELINE,NORMAL_LABORATORY_STATE,all_lab_rules_within_thresholds,DETERMINISTIC_LABORATORY_RULES,False,False,True,False,False,False,False,40,40,0,0,0,True,True,448,0.9903416633605957,0.9990230798721313,007eeb09e247ab03001371e8578d4692df717fa9e487665e8b79bb1d42102c9f,0a58960f6142fad4876a7eacf986c1d59f503dc47c53559a858505232b3c6bcf,f8b5283c3e85f1bc8b4e6e3bde6cc88ee2c61eb45dc03299a6432a593d0fcd03,22.4,448.0,56.1,56.26,55.93,3.4000000000000004,0.26,-0.01,2.7,0.005000000000002558,6.1000000000000005,27.6,0.0,0.0,4.800000000000001,2.0,3085.0,109.0,1.0,107.4,75.0,64.0,2.0,79.60000000000001,98.0,398.70000000000005,76.60000000000001,31.0,0.012,2.0,2.0,1.0,1.0,2.0,0.0,0.0,0.0,1.0,1.0,1.0,1.0,192.0,1.0,1.0,1.0,192.0,0.05,0.0,1.0,1.0,1.0,1.0,0.0,0.0,0.0,0.0,1.0,192.0,0.0,0.0,0.0,0.0,0.0,1.0,1.0,50.0,50.0,0.0,12.64,1.0,0.005000000000002558,0.0,1.5999999999999943,6.1000000000000005,30.540420000000005,31.0,3008.4,True,False,False,5e080510fc4a666bd674433e9d86731af0dcc276bfdf73be28666e40b989b474,2aacf762ccfbf4eb1faea9de821a84271a79cae9200bbcb75f22a43adcd6fb41
P5_8_0449,449,449,22.45,EV-LAB-001,NORMAL_BASELINE,NORMAL_LABORATORY_STATE,all_lab_rules_within_thresholds,DETERMINISTIC_LABORATORY_RULES,False,False,True,False,False,False,False,40,40,0,0,0,True,True,449,0.990333616733551,0.9990235567092896,24f9114625882bb70b031d34482fd198dce4d0ad3901e33dc31402cce94b360a,0a58960f6142fad4876a7eacf986c1d59f503dc47c53559a858505232b3c6bcf,f8b5283c3e85f1bc8b4e6e3bde6cc88ee2c61eb45dc03299a6432a593d0fcd03,22.45,449.0,56.22,56.53,56.06,3.4000000000000004,0.26,-0.01,2.8000000000000003,0.07500000000000284,6.200000000000001,26.400000000000002,0.0,0.0,4.800000000000001,2.0,3092.0,107.80000000000001,1.0,107.9,75.0,64.0,2.0,79.60000000000001,98.0,398.90000000000003,74.10000000000001,30.0,0.015,1.8,2.0,1.0,1.0,2.0,0.0,0.0,0.0,1.0,1.0,1.0,1.0,193.0,1.0,1.0,1.0,193.0,0.05,0.0,1.0,1.0,1.0,1.0,0.0,0.0,0.0,0.0,1.0,193.0,0.0,0.0,0.0,0.0,0.0,1.0,1.0,50.0,50.0,0.0,12.64,1.0,0.07500000000000284,0.0,0.09999999999999432,6.200000000000001,29.558490000000006,30.0,2845.9200000000005,True,False,False,2aacf762ccfbf4eb1faea9de821a84271a79cae9200bbcb75f22a43adcd6fb41,00f9c70d4678e077287ca24b2ac69765287d27e9a0eff03f422f843c78963238
P5_8_0450,450,450,22.5,EV-LAB-001,NORMAL_BASELINE,NORMAL_LABORATORY_STATE,all_lab_rules_within_thresholds,DETERMINISTIC_LABORATORY_RULES,False,False,True,False,False,False,False,40,40,0,0,0,True,True,450,0.9903255701065063,0.9990240335464478,8a7f7bc4ff2404587ec8430f11f715dd72bda9d3f5d73764f0243171a6b2d370,0a58960f6142fad4876a7eacf986c1d59f503dc47c53559a858505232b3c6bcf,f8b5283c3e85f1bc8b4e6e3bde6cc88ee2c61eb45dc03299a6432a593d0fcd03,22.5,450.0,56.35,56.53,56.08,3.4000000000000004,0.26,-0.01,2.7,0.045000000000001705,6.1000000000000005,28.400000000000002,0.0,0.0,4.800000000000001,2.0,3099.0,110.0,1.0,110.30000000000001,74.0,64.0,2.0,79.60000000000001,98.0,399.0,76.0,31.0,0.017,2.0,2.0,1.0,1.0,2.0,0.0,0.0,0.0,1.0,1.0,1.0,1.0,194.0,1.0,1.0,1.0,194.0,0.05,0.0,1.0,1.0,1.0,1.0,0.0,0.0,0.0,0.0,1.0,194.0,0.0,0.0,0.0,0.0,0.0,1.0,1.0,50.0,50.0,0.0,12.58,1.0,0.045000000000001705,0.0,0.30000000000001137,6.1000000000000005,30.324,31.0,3124.0000000000005,True,False,False,00f9c70d4678e077287ca24b2ac69765287d27e9a0eff03f422f843c78963238,eebe738f742a1b70ff9d8ee0b0aac7c9e60162d91c00f003c8c3720f700ab9b8
P5_8_0451,451,451,22.55,EV-LAB-001,NORMAL_BASELINE,NORMAL_LABORATORY_STATE,all_lab_rules_within_thresholds,DETERMINISTIC_LABORATORY_RULES,False,False,True,False,False,False,False,40,40,0,0,0,True,True,451,0.9903175830841064,0.9990243911743164,2c769239c3a96b0d3dbc4e4acca28a2ee19366540be2c475fe3e9113b6b25e48,0a58960f6142fad4876a7eacf986c1d59f503dc47c53559a858505232b3c6bcf,f8b5283c3e85f1bc8b4e6e3bde6cc88ee2c61eb45dc03299a6432a593d0fcd03,22.55,451.0,56.47,56.620000000000005,56.18,3.4000000000000004,0.26,-0.02,2.7,0.06999999999999318,6.1000000000000005,26.400000000000002,0.0,0.0,4.800000000000001,2.0,3106.0,107.80000000000001,1.0,106.5,75.0,63.0,2.0,79.60000000000001,98.0,398.6,75.9,31.0,0.014,2.0,2.0,1.0,1.0,2.0,0.0,0.0,0.0,1.0,1.0,1.0,1.0,195.0,1.0,1.0,1.0,195.0,0.05,0.0,1.0,1.0,1.0,1.0,0.0,0.0,0.0,0.0,1.0,195.0,0.0,0.0,0.0,0.0,0.0,1.0,1.0,50.0,50.0,0.0,12.67,1.0,0.06999999999999318,0.0,1.3000000000000114,6.1000000000000005,30.253740000000004,31.0,2845.9200000000005,True,False,False,eebe738f742a1b70ff9d8ee0b0aac7c9e60162d91c00f003c8c3720f700ab9b8,b634b2a0e7481ccb45d43b6738ed81cba7a1675e3fda38f852579c82db0dd02f
P5_8_0452,452,452,22.6,EV-LAB-001,NORMAL_BASELINE,NORMAL_LABORATORY_STATE,all_lab_rules_within_thresholds,DETERMINISTIC_LABORATORY_RULES,False,False,True,False,False,False,False,40,40,0,0,0,True,True,452,0.9903094172477722,0.9990248680114746,3682aa67e57e9e438874fc52c86dc45ec93ed6f403f86d3f343ec2dfbb9b7020,0a58960f6142fad4876a7eacf986c1d59f503dc47c53559a858505232b3c6bcf,f8b5283c3e85f1bc8b4e6e3bde6cc88ee2c61eb45dc03299a6432a593d0fcd03,22.6,452.0,56.6,56.9,56.42,3.4000000000000004,0.25,-0.02,2.7,0.05999999999999517,6.1000000000000005,26.8,0.0,0.0,4.800000000000001,2.0,3113.0,108.30000000000001,1.0,107.4,76.0,63.0,2.0,79.60000000000001,98.0,398.40000000000003,75.2,31.0,0.013000000000000001,2.0,2.0,1.0,1.0,2.0,0.0,0.0,0.0,1.0,1.0,1.0,1.0,196.0,1.0,1.0,1.0,196.0,0.05,0.0,1.0,1.0,1.0,1.0,0.0,0.0,0.0,0.0,1.0,196.0,0.0,0.0,0.0,0.0,0.0,1.0,1.0,50.0,50.0,0.0,12.61,1.0,0.05999999999999517,0.0,0.9000000000000057,6.1000000000000005,29.959680000000002,31.0,2902.4400000000005,True,False,False,b634b2a0e7481ccb45d43b6738ed81cba7a1675e3fda38f852579c82db0dd02f,300f71c2ff456fb95a99b4608cf8a8615be7df13d49d07ff50bb7edd828c43da
P5_8_0453,453,453,22.65,EV-LAB-001,NORMAL_BASELINE,NORMAL_LABORATORY_STATE,all_lab_rules_within_thresholds,DETERMINISTIC_LABORATORY_RULES,False,False,True,False,False,False,False,40,40,0,0,0,True,True,453,0.9903013706207275,0.9990252256393433,34ffa4f1369865aeb4c2235d25a62d9e164b5fb92a272db84504cdf322d9736f,0a58960f6142fad4876a7eacf986c1d59f503dc47c53559a858505232b3c6bcf,f8b5283c3e85f1bc8b4e6e3bde6cc88ee2c61eb45dc03299a6432a593d0fcd03,22.65,453.0,56.72,56.86,56.57,3.4000000000000004,0.25,-0.01,2.7,0.0049999999999954525,6.1000000000000005,27.6,0.0,0.0,4.800000000000001,2.0,3120.0,109.30000000000001,1.0,110.2,75.0,65.0,2.0,79.60000000000001,98.0,398.90000000000003,75.10000000000001,31.0,0.015,2.2,2.0,1.0,1.0,2.0,0.0,0.0,0.0,1.0,1.0,1.0,1.0,197.0,1.0,1.0,1.0,197.0,0.05,0.0,1.0,1.0,1.0,1.0,0.0,0.0,0.0,0.0,1.0,197.0,0.0,0.0,0.0,0.0,0.0,1.0,1.0,50.0,50.0,0.0,12.61,1.0,0.0049999999999954525,0.0,0.8999999999999915,6.1000000000000005,29.957390000000007,31.0,3016.6800000000003,True,False,False,300f71c2ff456fb95a99b4608cf8a8615be7df13d49d07ff50bb7edd828c43da,bb8030a991993bd1071230d97b12aeea5f3b4109fae863b1dc22f7d710a7da90
P5_8_0454,454,454,22.7,EV-LAB-001,NORMAL_BASELINE,NORMAL_LABORATORY_STATE,all_lab_rules_within_thresholds,DETERMINISTIC_LABORATORY_RULES,False,False,True,False,False,False,False,40,40,0,0,0,True,True,454,0.9902932643890381,0.9990257024765015,efc63cbad46e90bce87d43a2e514c1ba38f50bf6527b2f0a41a55fb4240d1cff,0a58960f6142fad4876a7eacf986c1d59f503dc47c53559a858505232b3c6bcf,f8b5283c3e85f1bc8b4e6e3bde6cc88ee2c61eb45dc03299a6432a593d0fcd03,22.7,454.0,56.84,57.19,56.7,3.4000000000000004,0.25,-0.01,2.6,0.10499999999999687,6.0,26.8,0.0,0.0,4.800000000000001,2.0,3126.0,108.2,1.0,108.9,75.0,64.0,2.0,79.60000000000001,98.0,398.6,75.3,31.0,0.011,2.0,2.0,1.0,1.0,2.0,0.0,0.0,0.0,1.0,1.0,1.0,1.0,198.0,1.0,1.0,1.0,198.0,0.05,0.0,1.0,1.0,1.0,1.0,0.0,0.0,0.0,0.0,1.0,198.0,0.0,0.0,0.0,0.0,0.0,1.0,1.0,50.0,50.0,0.0,12.51,1.0,0.10499999999999687,0.0,0.7000000000000028,6.0,30.014580000000002,31.0,2899.76,True,False,False,bb8030a991993bd1071230d97b12aeea5f3b4109fae863b1dc22f7d710a7da90,759c097d46d5e5307766f7319e50b4c0810cfca76a9e643c88c24b611eba79f3
P5_8_0455,455,455,22.75,EV-LAB-001,NORMAL_BASELINE,NORMAL_LABORATORY_STATE,all_lab_rules_within_thresholds,DETERMINISTIC_LABORATORY_RULES,False,False,True,False,False,False,False,40,40,0,0,0,True,True,455,0.9902852177619934,0.9990260601043701,7b83f0fb1ca08de114051ec1ac2c3a1203e3fdf890f810a6e62c2d3c4b296637,0a58960f6142fad4876a7eacf986c1d59f503dc47c53559a858505232b3c6bcf,f8b5283c3e85f1bc8b4e6e3bde6cc88ee2c61eb45dc03299a6432a593d0fcd03,22.75,455.0,56.97,57.07,56.75,3.3000000000000003,0.25,-0.01,2.6,0.060000000000002274,5.9,27.6,0.0,0.0,4.800000000000001,2.0,3133.0,109.0,1.0,112.10000000000001,75.0,64.0,2.0,79.60000000000001,98.0,398.70000000000005,76.80000000000001,31.0,0.01,1.9000000000000001,2.0,1.0,1.0,2.0,0.0,0.0,0.0,1.0,1.0,1.0,1.0,199.0,1.0,1.0,1.0,199.0,0.05,0.0,1.0,1.0,1.0,1.0,0.0,0.0,0.0,0.0,1.0,199.0,0.0,0.0,0.0,0.0,0.0,1.0,1.0,50.0,50.0,0.0,12.57,1.0,0.060000000000002274,0.0,3.1000000000000085,5.9,30.620160000000006,31.0,3008.4,True,False,False,759c097d46d5e5307766f7319e50b4c0810cfca76a9e643c88c24b611eba79f3,d6822136627865ad3021b328b6c874d6be5fd940fcf058b0b42bc0e03c42e157
P5_8_0456,456,456,22.8,EV-LAB-001,NORMAL_BASELINE,NORMAL_LABORATORY_STATE,all_lab_rules_within_thresholds,DETERMINISTIC_LABORATORY_RULES,False,False,True,False,False,False,False,40,40,0,0,0,True,True,456,0.9902771711349487,0.9990265369415283,b02dbdc83081b2ec1bd4bc0ae5b8acff82afb5c1d96dfa124f49b4e6b29f6b1f,0a58960f6142fad4876a7eacf986c1d59f503dc47c53559a858505232b3c6bcf,f8b5283c3e85f1bc8b4e6e3bde6cc88ee2c61eb45dc03299a6432a593d0fcd03,22.8,456.0,57.09,57.300000000000004,56.910000000000004,3.3000000000000003,0.25,-0.01,2.8000000000000003,0.015000000000000568,6.1000000000000005,27.200000000000003,0.0,0.0,4.800000000000001,2.0,3140.0,108.4,1.0,108.9,76.0,63.0,2.0,79.60000000000001,98.0,398.3,75.3,30.0,0.015,1.9000000000000001,2.0,1.0,1.0,2.0,0.0,0.0,0.0,1.0,1.0,1.0,1.0,200.0,1.0,1.0,1.0,200.0,0.05,0.0,1.0,1.0,1.0,1.0,0.0,0.0,0.0,0.0,1.0,200.0,0.0,0.0,0.0,0.0,0.0,1.0,1.0,50.0,50.0,0.0,12.51,1.0,0.015000000000000568,0.0,0.5,6.1000000000000005,29.991989999999998,30.0,2948.4800000000005,True,False,False,d6822136627865ad3021b328b6c874d6be5fd940fcf058b0b42bc0e03c42e157,f6f0a492b1d0955ea6427362a08e604568da4abc9f916eef21e859eaafeb0faf
P5_8_0457,457,457,22.85,EV-LAB-001,NORMAL_BASELINE,NORMAL_LABORATORY_STATE,all_lab_rules_within_thresholds,DETERMINISTIC_LABORATORY_RULES,False,False,True,False,False,False,False,40,40,0,0,0,True,True,457,0.9902690649032593,0.9990270137786865,c3fd135fb1e008ade11a8af23331e6ee43d068c98fdbb86a46c9297c8930a760,0a58960f6142fad4876a7eacf986c1d59f503dc47c53559a858505232b3c6bcf,f8b5283c3e85f1bc8b4e6e3bde6cc88ee2c61eb45dc03299a6432a593d0fcd03,22.85,457.0,57.21,57.6,56.88,3.3000000000000003,0.25,-0.02,2.7,0.030000000000001137,6.0,27.6,0.0,0.0,4.800000000000001,2.0,3147.0,109.30000000000001,1.0,109.0,75.0,64.0,2.0,79.60000000000001,98.0,399.20000000000005,76.2,31.0,0.01,2.2,2.0,1.0,1.0,2.0,0.0,0.0,0.0,1.0,1.0,1.0,1.0,201.0,1.0,1.0,1.0,201.0,0.05,0.0,1.0,1.0,1.0,1.0,0.0,0.0,0.0,0.0,1.0,201.0,0.0,0.0,0.0,0.0,0.0,1.0,1.0,50.0,50.0,0.0,12.57,1.0,0.030000000000001137,0.0,0.30000000000001137,6.0,30.419040000000006,31.0,3016.6800000000003,True,False,False,f6f0a492b1d0955ea6427362a08e604568da4abc9f916eef21e859eaafeb0faf,920298abec60adbecee274a1c1af84c760c3fc91c1653caea6414d2235424201
P5_8_0458,458,458,22.9,EV-LAB-001,NORMAL_BASELINE,NORMAL_LABORATORY_STATE,all_lab_rules_within_thresholds,DETERMINISTIC_LABORATORY_RULES,False,False,True,False,False,False,False,40,40,0,0,0,True,True,458,0.9902610182762146,0.9990273714065552,8df255679768b745c113369d641832134498855492eb99ca27464a95df28c5b7,0a58960f6142fad4876a7eacf986c1d59f503dc47c53559a858505232b3c6bcf,f8b5283c3e85f1bc8b4e6e3bde6cc88ee2c61eb45dc03299a6432a593d0fcd03,22.9,458.0,57.33,57.52,57.11,3.3000000000000003,0.25,-0.01,2.6,0.015000000000000568,5.9,28.0,0.0,0.0,4.800000000000001,2.0,3153.0,109.5,1.0,108.80000000000001,76.0,64.0,2.0,79.60000000000001,98.0,399.20000000000005,75.2,30.0,0.015,1.7000000000000002,2.0,1.0,1.0,2.0,0.0,0.0,0.0,1.0,1.0,1.0,1.0,202.0,1.0,1.0,1.0,202.0,0.05,0.0,1.0,1.0,1.0,1.0,0.0,0.0,0.0,0.0,1.0,202.0,0.0,0.0,0.0,0.0,0.0,1.0,1.0,50.0,50.0,0.0,12.620000000000001,1.0,0.015000000000000568,0.0,0.6999999999999886,5.9,30.019840000000002,30.0,3066.0,True,False,False,920298abec60adbecee274a1c1af84c760c3fc91c1653caea6414d2235424201,22224acca0d9c32a27345486b0027d26ebea08e3362cc4987d016583d18a1aeb
P5_8_0459,459,459,22.95,EV-LAB-001,NORMAL_BASELINE,NORMAL_LABORATORY_STATE,all_lab_rules_within_thresholds,DETERMINISTIC_LABORATORY_RULES,False,False,True,False,False,False,False,40,40,0,0,0,True,True,459,0.9902529716491699,0.9990278482437134,baa627b95cd80adba8cd68f3f261bd118a29eedbbac8052677782f16c8b11289,0a58960f6142fad4876a7eacf986c1d59f503dc47c53559a858505232b3c6bcf,f8b5283c3e85f1bc8b4e6e3bde6cc88ee2c61eb45dc03299a6432a593d0fcd03,22.95,459.0,57.46,57.730000000000004,57.2,3.3000000000000003,0.25,-0.01,2.7,0.005000000000002558,6.0,28.8,0.0,0.0,4.800000000000001,2.0,3160.0,110.60000000000001,1.0,109.5,75.0,64.0,2.0,79.60000000000001,98.0,399.20000000000005,76.2,31.0,0.012,2.2,2.0,1.0,1.0,2.0,0.0,0.0,0.0,1.0,1.0,1.0,1.0,203.0,1.0,1.0,1.0,203.0,0.05,0.0,1.0,1.0,1.0,1.0,0.0,0.0,0.0,0.0,1.0,203.0,0.0,0.0,0.0,0.0,0.0,1.0,1.0,50.0,50.0,0.0,12.58,1.0,0.005000000000002558,0.0,1.1000000000000085,6.0,30.419040000000006,31.0,3185.28,True,False,False,22224acca0d9c32a27345486b0027d26ebea08e3362cc4987d016583d18a1aeb,0993518c8a125a3d456e245e66bb03252e8ac4747bb450014423d2f63f427e68
P5_8_0460,460,460,23.0,EV-LAB-001,NORMAL_BASELINE,NORMAL_LABORATORY_STATE,all_lab_rules_within_thresholds,DETERMINISTIC_LABORATORY_RULES,False,False,True,False,False,False,False,40,40,0,0,0,True,True,460,0.9902448654174805,0.999028205871582,a28a038fce6d9a110161defb2042e154091fa9c8737b1af768e29347b76a1869,0a58960f6142fad4876a7eacf986c1d59f503dc47c53559a858505232b3c6bcf,f8b5283c3e85f1bc8b4e6e3bde6cc88ee2c61eb45dc03299a6432a593d0fcd03,23.0,460.0,57.58,57.69,57.46,3.3000000000000003,0.24,-0.01,2.5,0.0049999999999954525,5.800000000000001,28.400000000000002,0.0,0.0,4.800000000000001,2.0,3167.0,110.30000000000001,1.0,107.80000000000001,75.0,64.0,2.0,79.60000000000001,98.0,398.5,76.10000000000001,30.0,0.014,2.1,2.0,1.0,1.0,2.0,0.0,0.0,0.0,1.0,1.0,1.0,1.0,204.0,1.0,1.0,1.0,204.0,0.05,0.0,1.0,1.0,1.0,1.0,0.0,0.0,0.0,0.0,1.0,204.0,0.0,0.0,0.0,0.0,0.0,1.0,1.0,50.0,50.0,0.0,12.6,1.0,0.0049999999999954525,0.0,2.5,5.800000000000001,30.325850000000003,30.0,3132.5200000000004,True,False,False,0993518c8a125a3d456e245e66bb03252e8ac4747bb450014423d2f63f427e68,4c5eccf8411ead39c875ce6010326e511a7382d8a333d09fe753e27c19d4464f
P5_8_0461,461,461,23.05,EV-LAB-001,NORMAL_BASELINE,NORMAL_LABORATORY_STATE,all_lab_rules_within_thresholds,DETERMINISTIC_LABORATORY_RULES,False,False,True,False,False,False,False,40,40,0,0,0,True,True,461,0.9902369379997253,0.9990286827087402,67018a4926868f3e121efda2a45533a33f1002c5b9eeb5c7e488162843108252,0a58960f6142fad4876a7eacf986c1d59f503dc47c53559a858505232b3c6bcf,f8b5283c3e85f1bc8b4e6e3bde6cc88ee2c61eb45dc03299a6432a593d0fcd03,23.05,461.0,57.69,58.050000000000004,57.53,3.3000000000000003,0.24,-0.02,2.5,0.10000000000000853,5.800000000000001,28.400000000000002,0.0,0.0,4.800000000000001,2.0,3173.0,110.30000000000001,1.0,111.4,75.0,64.0,2.0,79.60000000000001,98.0,398.40000000000003,76.60000000000001,31.0,0.013000000000000001,1.6,2.0,1.0,1.0,2.0,0.0,0.0,0.0,1.0,1.0,1.0,1.0,205.0,1.0,1.0,1.0,205.0,0.05,0.0,1.0,1.0,1.0,1.0,0.0,0.0,0.0,0.0,1.0,205.0,0.0,0.0,0.0,0.0,0.0,1.0,1.0,50.0,50.0,0.0,12.540000000000001,1.0,0.10000000000000853,0.0,1.0999999999999943,5.800000000000001,30.517440000000008,31.0,3132.5200000000004,True,False,False,4c5eccf8411ead39c875ce6010326e511a7382d8a333d09fe753e27c19d4464f,cdd7b672787c75ceb2a892b8d4f065b5af7589eb0d2cf5d989a9349469901640
P5_8_0462,462,462,23.1,EV-LAB-001,NORMAL_BASELINE,NORMAL_LABORATORY_STATE,all_lab_rules_within_thresholds,DETERMINISTIC_LABORATORY_RULES,False,False,True,False,False,False,False,40,40,0,0,0,True,True,462,0.9902288913726807,0.9990290403366089,c7cc486fec2d13fb4b6d846def743f1b4c719ddd1d5e3a02ac9f453cb240498a,0a58960f6142fad4876a7eacf986c1d59f503dc47c53559a858505232b3c6bcf,f8b5283c3e85f1bc8b4e6e3bde6cc88ee2c61eb45dc03299a6432a593d0fcd03,23.1,462.0,57.81,58.13,57.51,3.2,0.24,-0.01,2.6,0.00999999999999801,5.800000000000001,26.8,0.0,0.0,4.800000000000001,2.0,3180.0,108.2,1.0,108.5,76.0,65.0,2.0,79.60000000000001,98.0,398.70000000000005,77.2,31.0,0.009000000000000001,2.0,2.0,1.0,1.0,2.0,0.0,0.0,0.0,1.0,1.0,1.0,1.0,206.0,1.0,1.0,1.0,206.0,0.05,0.0,1.0,1.0,1.0,1.0,0.0,0.0,0.0,0.0,1.0,206.0,0.0,0.0,0.0,0.0,0.0,1.0,1.0,50.0,50.0,0.0,12.67,1.0,0.00999999999999801,0.0,0.29999999999999716,5.800000000000001,30.779640000000004,31.0,2899.76,True,False,False,cdd7b672787c75ceb2a892b8d4f065b5af7589eb0d2cf5d989a9349469901640,379a9825092056658e331c74e5ce9c9d6b71e81b923229dbff8bd7772070cf8e
P5_8_0463,463,463,23.15,EV-LAB-001,NORMAL_BASELINE,NORMAL_LABORATORY_STATE,all_lab_rules_within_thresholds,DETERMINISTIC_LABORATORY_RULES,False,False,True,False,False,False,False,40,40,0,0,0,True,True,463,0.9902209043502808,0.9990295171737671,13e2d01004352e6c63398fc5221f4dbbf690131a8c762f23434cb25bad752ed1,0a58960f6142fad4876a7eacf986c1d59f503dc47c53559a858505232b3c6bcf,f8b5283c3e85f1bc8b4e6e3bde6cc88ee2c61eb45dc03299a6432a593d0fcd03,23.15,463.0,57.93,58.34,57.67,3.2,0.24,-0.01,2.7,0.07500000000000284,5.9,29.200000000000003,0.0,0.0,4.800000000000001,2.0,3186.0,111.10000000000001,1.0,110.10000000000001,75.0,64.0,2.0,79.60000000000001,98.0,398.1,76.2,31.0,0.012,2.0,2.0,1.0,1.0,2.0,0.0,0.0,0.0,1.0,1.0,1.0,1.0,207.0,1.0,1.0,1.0,207.0,0.05,0.0,1.0,1.0,1.0,1.0,0.0,0.0,0.0,0.0,1.0,207.0,0.0,0.0,0.0,0.0,0.0,1.0,1.0,50.0,50.0,0.0,12.620000000000001,1.0,0.07500000000000284,0.0,1.0,5.9,30.33522,31.0,3244.1200000000003,True,False,False,379a9825092056658e331c74e5ce9c9d6b71e81b923229dbff8bd7772070cf8e,41e9ba0e275ebee0e57a14f3f442e981851f873b668b9b983e93caca3d4599e1
P5_8_0464,464,464,23.2,EV-LAB-001,NORMAL_BASELINE,NORMAL_LABORATORY_STATE,all_lab_rules_within_thresholds,DETERMINISTIC_LABORATORY_RULES,False,False,True,False,False,False,False,40,40,0,0,0,True,True,464,0.9902129769325256,0.9990298748016357,3979b703983adf9e3033551667ca55faf33681b174053dc59ebc4cd2dca5b438,0a58960f6142fad4876a7eacf986c1d59f503dc47c53559a858505232b3c6bcf,f8b5283c3e85f1bc8b4e6e3bde6cc88ee2c61eb45dc03299a6432a593d0fcd03,23.2,464.0,58.050000000000004,58.300000000000004,57.88,3.2,0.24,-0.02,2.7,0.03999999999999915,5.9,29.200000000000003,0.0,0.0,4.800000000000001,2.0,3193.0,111.10000000000001,1.0,112.7,76.0,65.0,2.0,79.60000000000001,98.0,397.8,78.60000000000001,30.0,0.013000000000000001,2.2,2.0,1.0,1.0,2.0,0.0,0.0,0.0,1.0,1.0,1.0,1.0,208.0,1.0,1.0,1.0,208.0,0.05,0.0,1.0,1.0,1.0,1.0,0.0,0.0,0.0,0.0,1.0,208.0,0.0,0.0,0.0,0.0,0.0,1.0,1.0,50.0,50.0,0.0,12.67,1.0,0.03999999999999915,0.0,1.5999999999999943,5.9,31.267080000000007,30.0,3244.1200000000003,True,False,False,41e9ba0e275ebee0e57a14f3f442e981851f873b668b9b983e93caca3d4599e1,9c54aaa98112030c5955ad7b76c7236a3c26df687e30d68db9c21f16ec91a26b
P5_8_0465,465,465,23.25,EV-LAB-001,NORMAL_BASELINE,NORMAL_LABORATORY_STATE,all_lab_rules_within_thresholds,DETERMINISTIC_LABORATORY_RULES,False,False,True,False,False,False,False,40,40,0,0,0,True,True,465,0.9902050495147705,0.9990302324295044,3c747b1e7c3d1ecc29c533a429b6aa75dc1f239bb629b93a10b961047011d35d,0a58960f6142fad4876a7eacf986c1d59f503dc47c53559a858505232b3c6bcf,f8b5283c3e85f1bc8b4e6e3bde6cc88ee2c61eb45dc03299a6432a593d0fcd03,23.25,465.0,58.160000000000004,58.43,57.9,3.2,0.24,-0.01,2.6,0.0049999999999954525,5.800000000000001,29.200000000000003,0.0,0.0,4.800000000000001,2.0,3199.0,110.9,1.0,109.30000000000001,76.0,64.0,2.0,79.60000000000001,98.0,399.0,77.60000000000001,30.0,0.01,1.9000000000000001,2.0,1.0,1.0,2.0,0.0,0.0,0.0,1.0,1.0,1.0,1.0,209.0,1.0,1.0,1.0,209.0,0.05,0.0,1.0,1.0,1.0,1.0,0.0,0.0,0.0,0.0,1.0,209.0,0.0,0.0,0.0,0.0,0.0,1.0,1.0,50.0,50.0,0.0,12.63,1.0,0.0049999999999954525,0.0,1.5999999999999943,5.800000000000001,30.962400000000006,30.0,3238.2800000000007,True,False,False,9c54aaa98112030c5955ad7b76c7236a3c26df687e30d68db9c21f16ec91a26b,5a3f6718051e29f5abf11936f4cfe4f5d95358b03d690c644a06cc461e5c61fc
P5_8_0466,466,466,23.3,EV-LAB-001,NORMAL_BASELINE,NORMAL_LABORATORY_STATE,all_lab_rules_within_thresholds,DETERMINISTIC_LABORATORY_RULES,False,False,True,False,False,False,False,40,40,0,0,0,True,True,466,0.9901970624923706,0.9990307092666626,e2cc1ee02bba218844130f04667cee06bbd81640bd932cf6cab82fe5b33ad549,0a58960f6142fad4876a7eacf986c1d59f503dc47c53559a858505232b3c6bcf,f8b5283c3e85f1bc8b4e6e3bde6cc88ee2c61eb45dc03299a6432a593d0fcd03,23.3,466.0,58.28,58.4,57.96,3.2,0.23,-0.01,2.6,0.10000000000000142,5.800000000000001,28.400000000000002,0.0,0.0,4.800000000000001,2.0,3205.0,110.0,1.0,110.10000000000001,75.0,64.0,2.0,79.60000000000001,98.0,398.90000000000003,77.7,30.0,0.009000000000000001,1.9000000000000001,2.0,1.0,1.0,2.0,0.0,0.0,0.0,1.0,1.0,1.0,1.0,210.0,1.0,1.0,1.0,210.0,0.05,0.0,1.0,1.0,1.0,1.0,0.0,0.0,0.0,0.0,1.0,210.0,0.0,0.0,0.0,0.0,0.0,1.0,1.0,50.0,50.0,0.0,12.57,1.0,0.10000000000000142,0.0,0.10000000000000853,5.800000000000001,30.99453,30.0,3124.0000000000005,True,False,False,5a3f6718051e29f5abf11936f4cfe4f5d95358b03d690c644a06cc461e5c61fc,6af8a6875ae701b2e7f2e5c70a79b85f451768a8c94e6e401b8d7291e57602e3
P5_8_0467,467,467,23.35,EV-LAB-001,NORMAL_BASELINE,NORMAL_LABORATORY_STATE,all_lab_rules_within_thresholds,DETERMINISTIC_LABORATORY_RULES,False,False,True,False,False,False,False,40,40,0,0,0,True,True,467,0.990189254283905,0.9990310668945312,f518eeb2bcc04c63c906357149b92b2f9e294b8adacf56d5b4ce5c389837f111,0a58960f6142fad4876a7eacf986c1d59f503dc47c53559a858505232b3c6bcf,f8b5283c3e85f1bc8b4e6e3bde6cc88ee2c61eb45dc03299a6432a593d0fcd03,23.35,467.0,58.39,58.67,58.21,3.2,0.23,-0.01,2.6,0.04999999999999716,5.800000000000001,30.8,0.0,0.0,4.800000000000001,2.0,3212.0,113.0,1.0,110.2,76.0,64.0,2.0,79.60000000000001,98.0,399.6,78.10000000000001,30.0,0.01,2.1,2.0,1.0,1.0,2.0,0.0,0.0,0.0,1.0,1.0,1.0,1.0,211.0,1.0,1.0,1.0,211.0,0.05,0.0,1.0,1.0,1.0,1.0,0.0,0.0,0.0,0.0,1.0,211.0,0.0,0.0,0.0,0.0,0.0,1.0,1.0,50.0,50.0,0.0,12.58,1.0,0.04999999999999716,0.0,2.799999999999997,5.800000000000001,31.208760000000005,30.0,3480.4,True,False,False,6af8a6875ae701b2e7f2e5c70a79b85f451768a8c94e6e401b8d7291e57602e3,fc315ba47b069318c9ffc74349f15e53de66838c0280d6cf8ebdd5b662225440
P5_8_0468,468,468,23.4,EV-LAB-001,NORMAL_BASELINE,NORMAL_LABORATORY_STATE,all_lab_rules_within_thresholds,DETERMINISTIC_LABORATORY_RULES,False,False,True,False,False,False,False,40,40,0,0,0,True,True,468,0.9901815056800842,0.9990315437316895,5d5bebb8062e12afa1dafc0ea2fc37ca3f03d280d4fd39bb677c0488e529172f,0a58960f6142fad4876a7eacf986c1d59f503dc47c53559a858505232b3c6bcf,f8b5283c3e85f1bc8b4e6e3bde6cc88ee2c61eb45dc03299a6432a593d0fcd03,23.4,468.0,58.5,58.69,58.35,3.1,0.23,-0.01,2.5,0.01999999999999602,5.6,28.0,0.0,0.0,4.800000000000001,2.0,3218.0,109.7,1.0,109.2,76.0,64.0,2.0,79.60000000000001,98.0,397.8,76.7,31.0,0.011,1.9000000000000001,2.0,1.0,1.0,2.0,0.0,0.0,0.0,1.0,1.0,1.0,1.0,212.0,1.0,1.0,1.0,212.0,0.05,0.0,1.0,1.0,1.0,1.0,0.0,0.0,0.0,0.0,1.0,212.0,0.0,0.0,0.0,0.0,0.0,1.0,1.0,50.0,50.0,0.0,12.620000000000001,1.0,0.01999999999999602,0.0,0.5,5.6,30.511260000000004,31.0,3071.6,True,False,False,fc315ba47b069318c9ffc74349f15e53de66838c0280d6cf8ebdd5b662225440,511cd7c1dd1f19606301a42445c367b7afa9577eec5a38ad4629b69730a6ba09
P5_8_0469,469,469,23.45,EV-LAB-001,NORMAL_BASELINE,NORMAL_LABORATORY_STATE,all_lab_rules_within_thresholds,DETERMINISTIC_LABORATORY_RULES,False,False,True,False,False,False,False,40,40,0,0,0,True,True,469,0.9901736974716187,0.9990319013595581,121ebcd88e65b846647effe6e249cdc466d9963d29238070e294e5f1244a097a,0a58960f6142fad4876a7eacf986c1d59f503dc47c53559a858505232b3c6bcf,f8b5283c3e85f1bc8b4e6e3bde6cc88ee2c61eb45dc03299a6432a593d0fcd03,23.45,469.0,58.620000000000005,58.910000000000004,58.43,3.1,0.23,-0.01,2.4000000000000004,0.04999999999999716,5.5,28.8,0.0,0.0,4.800000000000001,2.0,3224.0,110.4,1.0,107.0,76.0,65.0,2.0,79.60000000000001,98.0,398.5,79.30000000000001,30.0,0.01,2.0,2.0,1.0,1.0,2.0,0.0,0.0,0.0,1.0,1.0,1.0,1.0,213.0,1.0,1.0,1.0,213.0,0.05,0.0,1.0,1.0,1.0,1.0,0.0,0.0,0.0,0.0,1.0,213.0,0.0,0.0,0.0,0.0,0.0,1.0,1.0,50.0,50.0,0.0,12.58,1.0,0.04999999999999716,0.0,3.4000000000000057,5.5,31.601050000000004,30.0,3179.5200000000004,True,False,False,511cd7c1dd1f19606301a42445c367b7afa9577eec5a38ad4629b69730a6ba09,d381f7d17ba9b70a6521e40e37252e5a7a060284773146589a0c13fa8e19610f
P5_8_0470,470,470,23.5,EV-LAB-001,NORMAL_BASELINE,NORMAL_LABORATORY_STATE,all_lab_rules_within_thresholds,DETERMINISTIC_LABORATORY_RULES,False,False,True,False,False,False,False,40,40,0,0,0,True,True,470,0.9901658892631531,0.9990322589874268,55078c49aa109ea3dc1a61d97b43fa19a293cfb3b31e1b2e9232f0143d80a1a6,0a58960f6142fad4876a7eacf986c1d59f503dc47c53559a858505232b3c6bcf,f8b5283c3e85f1bc8b4e6e3bde6cc88ee2c61eb45dc03299a6432a593d0fcd03,23.5,470.0,58.730000000000004,59.11,58.52,3.1,0.23,-0.01,2.6,0.08499999999999375,5.7,28.0,0.0,0.0,4.800000000000001,2.0,3230.0,109.60000000000001,1.0,107.4,77.0,63.0,2.0,79.60000000000001,98.0,398.90000000000003,76.9,31.0,0.013000000000000001,2.0,2.0,1.0,1.0,2.0,0.0,0.0,0.0,1.0,1.0,1.0,1.0,214.0,1.0,1.0,1.0,214.0,0.05,0.0,1.0,1.0,1.0,1.0,0.0,0.0,0.0,0.0,1.0,214.0,0.0,0.0,0.0,0.0,0.0,1.0,1.0,50.0,50.0,0.0,12.65,1.0,0.08499999999999375,0.0,2.200000000000003,5.7,30.675410000000003,31.0,3068.8,True,False,False,d381f7d17ba9b70a6521e40e37252e5a7a060284773146589a0c13fa8e19610f,fb257f483fd918f74a7d34e0c739733fd6152d0efd7e320e81e894792842002f
P5_8_0471,471,471,23.55,EV-LAB-001,NORMAL_BASELINE,NORMAL_LABORATORY_STATE,all_lab_rules_within_thresholds,DETERMINISTIC_LABORATORY_RULES,False,False,True,False,False,False,False,40,40,0,0,0,True,True,471,0.9901581406593323,0.999032735824585,15383936cbd3b9aa55588356bab7f5b6f87c9ac1b6c2fb4532bbc931244d995a,0a58960f6142fad4876a7eacf986c1d59f503dc47c53559a858505232b3c6bcf,f8b5283c3e85f1bc8b4e6e3bde6cc88ee2c61eb45dc03299a6432a593d0fcd03,23.55,471.0,58.84,59.11,58.63,3.1,0.22,-0.01,2.5,0.030000000000001137,5.6,28.0,0.0,0.0,4.800000000000001,2.0,3236.0,109.60000000000001,1.0,109.7,76.0,65.0,2.0,79.60000000000001,98.0,399.1,75.10000000000001,30.0,0.013000000000000001,2.1,2.0,1.0,1.0,2.0,0.0,0.0,0.0,1.0,1.0,1.0,1.0,215.0,1.0,1.0,1.0,215.0,0.05,0.0,1.0,1.0,1.0,1.0,0.0,0.0,0.0,0.0,1.0,215.0,0.0,0.0,0.0,0.0,0.0,1.0,1.0,50.0,50.0,0.0,12.64,1.0,0.030000000000001137,0.0,0.09999999999999432,5.6,29.972410000000004,30.0,3068.8,True,False,False,fb257f483fd918f74a7d34e0c739733fd6152d0efd7e320e81e894792842002f,8192994a0067b9cf13f5b66884f7a50f6197ad8108372ca1823791243d5cb5ff
P5_8_0472,472,472,23.6,EV-LAB-001,NORMAL_BASELINE,NORMAL_LABORATORY_STATE,all_lab_rules_within_thresholds,DETERMINISTIC_LABORATORY_RULES,False,False,True,False,False,False,False,40,40,0,0,0,True,True,472,0.9901505708694458,0.9990330934524536,6569c643bbd4630e2c94420f1adb4ed95a22be99b95dc261316a32d52a21c3c6,0a58960f6142fad4876a7eacf986c1d59f503dc47c53559a858505232b3c6bcf,f8b5283c3e85f1bc8b4e6e3bde6cc88ee2c61eb45dc03299a6432a593d0fcd03,23.6,472.0,58.94,59.17,58.910000000000004,3.1,0.22,-0.01,2.4000000000000004,0.10000000000000853,5.5,30.0,0.0,0.0,4.800000000000001,2.0,3242.0,112.0,1.0,111.60000000000001,75.0,65.0,2.0,79.60000000000001,98.0,398.3,77.9,31.0,0.014,1.9000000000000001,2.0,1.0,1.0,2.0,0.0,0.0,0.0,1.0,1.0,1.0,1.0,216.0,1.0,1.0,1.0,216.0,0.05,0.0,1.0,1.0,1.0,1.0,0.0,0.0,0.0,0.0,1.0,216.0,0.0,0.0,0.0,0.0,0.0,1.0,1.0,50.0,50.0,0.0,12.61,1.0,0.10000000000000853,0.0,0.3999999999999915,5.5,31.027570000000004,31.0,3360.0,True,False,False,8192994a0067b9cf13f5b66884f7a50f6197ad8108372ca1823791243d5cb5ff,4420c7dd6a06518b9114aaed0e2854251c8e64477cc2978b149413c4fceabee0
P5_8_0473,473,473,23.65,EV-LAB-001,NORMAL_BASELINE,NORMAL_LABORATORY_STATE,all_lab_rules_within_thresholds,DETERMINISTIC_LABORATORY_RULES,False,False,True,False,False,False,False,40,40,0,0,0,True,True,473,0.9901429414749146,0.9990334510803223,3c485d5bfd2fa2a9b6961adf28e5a8fc745fc46671c23ea1bc962fc41a2a6e8b,0a58960f6142fad4876a7eacf986c1d59f503dc47c53559a858505232b3c6bcf,f8b5283c3e85f1bc8b4e6e3bde6cc88ee2c61eb45dc03299a6432a593d0fcd03,23.65,473.0,59.050000000000004,59.27,58.78,3.1,0.22,-0.01,2.4000000000000004,0.02499999999999858,5.5,29.200000000000003,0.0,0.0,4.800000000000001,2.0,3248.0,111.2,1.0,110.5,76.0,66.0,2.0,79.60000000000001,98.0,399.3,78.80000000000001,30.0,0.01,2.2,2.0,1.0,1.0,2.0,0.0,0.0,0.0,1.0,1.0,1.0,1.0,217.0,1.0,1.0,1.0,217.0,0.05,0.0,1.0,1.0,1.0,1.0,0.0,0.0,0.0,0.0,1.0,217.0,0.0,0.0,0.0,0.0,0.0,1.0,1.0,50.0,50.0,0.0,12.6,1.0,0.02499999999999858,0.0,0.7000000000000028,5.5,31.464840000000002,30.0,3247.0400000000004,True,False,False,4420c7dd6a06518b9114aaed0e2854251c8e64477cc2978b149413c4fceabee0,09d45dc8fefadd9c254ddec7188cc91f81d2a566400597823011e83590d0da5b
P5_8_0474,474,474,23.7,EV-LAB-001,NORMAL_BASELINE,NORMAL_LABORATORY_STATE,all_lab_rules_within_thresholds,DETERMINISTIC_LABORATORY_RULES,False,False,True,False,False,False,False,40,40,0,0,0,True,True,474,0.9901354908943176,0.9990338087081909,1c357a878e0dcf3ae8578be817eacc9c59451d2e6669b048e6e2bbd1f10be188,0a58960f6142fad4876a7eacf986c1d59f503dc47c53559a858505232b3c6bcf,f8b5283c3e85f1bc8b4e6e3bde6cc88ee2c61eb45dc03299a6432a593d0fcd03,23.7,474.0,59.160000000000004,59.300000000000004,58.79,3.1,0.22,-0.01,2.5,0.11500000000000199,5.6,28.8,0.0,0.0,4.800000000000001,2.0,3254.0,110.80000000000001,1.0,107.0,76.0,66.0,2.0,79.60000000000001,98.0,398.40000000000003,77.30000000000001,31.0,0.013000000000000001,2.0,2.0,1.0,1.0,2.0,0.0,0.0,0.0,1.0,1.0,1.0,1.0,218.0,1.0,1.0,1.0,218.0,0.05,0.0,1.0,1.0,1.0,1.0,0.0,0.0,0.0,0.0,1.0,218.0,0.0,0.0,0.0,0.0,0.0,1.0,1.0,50.0,50.0,0.0,12.64,1.0,0.11500000000000199,0.0,3.8000000000000114,5.6,30.79632000000001,31.0,3191.0400000000004,True,False,False,09d45dc8fefadd9c254ddec7188cc91f81d2a566400597823011e83590d0da5b,3d5837800688bc046dbded304e048690d5a7eb612cbd346535733770e5c40918
P5_8_0475,475,475,23.75,EV-LAB-001,NORMAL_BASELINE,NORMAL_LABORATORY_STATE,all_lab_rules_within_thresholds,DETERMINISTIC_LABORATORY_RULES,False,False,True,False,False,False,False,40,40,0,0,0,True,True,475,0.9901279807090759,0.9990341663360596,016ee757c116ef1eec9f21ccc8e74b1e1463b0443fd89eff247b12d0caab8bc7,0a58960f6142fad4876a7eacf986c1d59f503dc47c53559a858505232b3c6bcf,f8b5283c3e85f1bc8b4e6e3bde6cc88ee2c61eb45dc03299a6432a593d0fcd03,23.75,475.0,59.26,59.45,59.120000000000005,3.0,0.21,-0.01,2.5,0.025000000000005684,5.5,29.6,0.0,0.0,4.800000000000001,2.0,3259.0,111.4,1.0,110.9,75.0,65.0,2.0,79.60000000000001,98.0,398.8,77.5,31.0,0.01,2.0,2.0,1.0,1.0,2.0,0.0,0.0,0.0,1.0,1.0,1.0,1.0,219.0,1.0,1.0,1.0,219.0,0.05,0.0,1.0,1.0,1.0,1.0,0.0,0.0,0.0,0.0,1.0,219.0,0.0,0.0,0.0,0.0,0.0,1.0,1.0,50.0,50.0,0.0,12.63,1.0,0.025000000000005684,0.0,0.5,5.5,30.907,31.0,3297.4400000000005,True,False,False,3d5837800688bc046dbded304e048690d5a7eb612cbd346535733770e5c40918,5b8c1edf596635fdd1e9be0eac0681d6e06d8b6f7356e7b80c842de977f780d8
P5_8_0476,476,476,23.8,EV-LAB-001,NORMAL_BASELINE,NORMAL_LABORATORY_STATE,all_lab_rules_within_thresholds,DETERMINISTIC_LABORATORY_RULES,False,False,True,False,False,False,False,40,40,0,0,0,True,True,476,0.9901206493377686,0.9990346431732178,86fb3315f75597a0fa3c7fc3b326161e1b8ea2e57542dce263c9e1085fd86c40,0a58960f6142fad4876a7eacf986c1d59f503dc47c53559a858505232b3c6bcf,f8b5283c3e85f1bc8b4e6e3bde6cc88ee2c61eb45dc03299a6432a593d0fcd03,23.8,476.0,59.36,59.480000000000004,59.22,3.0,0.21,-0.01,2.5,0.00999999999999801,5.5,30.0,0.0,0.0,4.800000000000001,2.0,3265.0,112.2,1.0,113.9,76.0,64.0,2.0,79.60000000000001,98.0,398.90000000000003,77.5,30.0,0.012,1.8,2.0,1.0,1.0,2.0,0.0,0.0,0.0,1.0,1.0,1.0,1.0,220.0,1.0,1.0,1.0,220.0,0.05,0.0,1.0,1.0,1.0,1.0,0.0,0.0,0.0,0.0,1.0,220.0,0.0,0.0,0.0,0.0,0.0,1.0,1.0,50.0,50.0,0.0,12.63,1.0,0.00999999999999801,0.0,1.7000000000000028,5.5,30.914750000000005,30.0,3366.0,True,False,False,5b8c1edf596635fdd1e9be0eac0681d6e06d8b6f7356e7b80c842de977f780d8,438b57cee88f2249986b59e874d799fe4bd71a4edcd481f30a4e9634f17efeaf
P5_8_0477,477,477,23.85,EV-LAB-001,NORMAL_BASELINE,NORMAL_LABORATORY_STATE,all_lab_rules_within_thresholds,DETERMINISTIC_LABORATORY_RULES,False,False,True,False,False,False,False,40,40,0,0,0,True,True,477,0.9901132583618164,0.9990350008010864,2bd1df1186b542a8e5aae2232052c8f9875732c5d6bc84bad3304d8f26cea645,0a58960f6142fad4876a7eacf986c1d59f503dc47c53559a858505232b3c6bcf,f8b5283c3e85f1bc8b4e6e3bde6cc88ee2c61eb45dc03299a6432a593d0fcd03,23.85,477.0,59.47,59.76,59.160000000000004,3.0,0.21,-0.01,2.4000000000000004,0.00999999999999801,5.4,30.0,0.0,0.0,4.800000000000001,2.0,3271.0,112.2,1.0,112.60000000000001,76.0,64.0,2.0,79.60000000000001,98.0,398.40000000000003,78.7,30.0,0.011,1.8,2.0,1.0,1.0,2.0,0.0,0.0,0.0,1.0,1.0,1.0,1.0,221.0,1.0,1.0,1.0,221.0,0.05,0.0,1.0,1.0,1.0,1.0,0.0,0.0,0.0,0.0,1.0,221.0,0.0,0.0,0.0,0.0,0.0,1.0,1.0,50.0,50.0,0.0,12.59,1.0,0.00999999999999801,0.0,0.4000000000000057,5.4,31.354080000000007,30.0,3366.0,True,False,False,438b57cee88f2249986b59e874d799fe4bd71a4edcd481f30a4e9634f17efeaf,91878030022d07d4108dead87aeca952c84bb3eed667948f89344f67efe862a1
P5_8_0478,478,478,23.9,EV-LAB-001,NORMAL_BASELINE,NORMAL_LABORATORY_STATE,all_lab_rules_within_thresholds,DETERMINISTIC_LABORATORY_RULES,False,False,True,False,False,False,False,40,40,0,0,0,True,True,478,0.990105926990509,0.9990353584289551,7eedae9a02753af0ccbcf063c9450f88170a4516d40967464a59de0a61dc972e,0a58960f6142fad4876a7eacf986c1d59f503dc47c53559a858505232b3c6bcf,f8b5283c3e85f1bc8b4e6e3bde6cc88ee2c61eb45dc03299a6432a593d0fcd03,23.9,478.0,59.57,59.660000000000004,59.43,3.0,0.21,-0.01,2.4000000000000004,0.02499999999999858,5.4,30.8,0.0,0.0,4.800000000000001,2.0,3276.0,112.9,1.0,115.30000000000001,76.0,65.0,2.0,79.60000000000001,98.0,398.90000000000003,78.0,30.0,0.013000000000000001,2.0,2.0,1.0,1.0,2.0,0.0,0.0,0.0,1.0,1.0,1.0,1.0,222.0,1.0,1.0,1.0,222.0,0.05,0.0,1.0,1.0,1.0,1.0,0.0,0.0,0.0,0.0,1.0,222.0,0.0,0.0,0.0,0.0,0.0,1.0,1.0,50.0,50.0,0.0,12.63,1.0,0.02499999999999858,0.0,2.4000000000000057,5.4,31.114200000000004,30.0,3477.32,True,False,False,91878030022d07d4108dead87aeca952c84bb3eed667948f89344f67efe862a1,f1302a5c9442a36f2e7eec7897de3253acb0e6df88858b903d21ed08b867e3ab
P5_8_0479,479,479,23.95,EV-LAB-001,NORMAL_BASELINE,NORMAL_LABORATORY_STATE,all_lab_rules_within_thresholds,DETERMINISTIC_LABORATORY_RULES,False,False,True,False,False,False,False,40,40,0,0,0,True,True,479,0.990098774433136,0.9990357160568237,b4fd9ec235f3e4cddeffadda96d7dcd79e3ad557b9ab4de9f1712e9c7f0a3bcf,0a58960f6142fad4876a7eacf986c1d59f503dc47c53559a858505232b3c6bcf,f8b5283c3e85f1bc8b4e6e3bde6cc88ee2c61eb45dc03299a6432a593d0fcd03,23.95,479.0,59.67,60.01,59.53,3.0,0.2,-0.01,2.4000000000000004,0.09999999999999432,5.4,29.6,0.0,0.0,4.800000000000001,2.0,3282.0,111.60000000000001,1.0,112.2,77.0,66.0,2.0,79.60000000000001,98.0,398.5,78.10000000000001,30.0,0.011,2.1,2.0,1.0,1.0,2.0,0.0,0.0,0.0,1.0,1.0,1.0,1.0,223.0,1.0,1.0,1.0,223.0,0.05,0.0,1.0,1.0,1.0,1.0,0.0,0.0,0.0,0.0,1.0,223.0,0.0,0.0,0.0,0.0,0.0,1.0,1.0,50.0,50.0,0.0,12.64,1.0,0.09999999999999432,0.0,0.5999999999999943,5.4,31.122850000000003,30.0,3303.3600000000006,True,False,False,f1302a5c9442a36f2e7eec7897de3253acb0e6df88858b903d21ed08b867e3ab,4e823410c19a7ae3726db7c42e0cdabf6a3e4f7b7882aadd245ba73db69f49b0
P5_8_0480,480,480,24.0,EV-LAB-001,NORMAL_BASELINE,NORMAL_LABORATORY_STATE,all_lab_rules_within_thresholds,DETERMINISTIC_LABORATORY_RULES,False,False,True,False,False,False,False,40,40,0,0,0,True,True,480,0.9900915622711182,0.9990360736846924,21fce65b45916ef0246efdf9a2e602584ee5cf4b7aa598e62827c791b0964d95,0a58960f6142fad4876a7eacf986c1d59f503dc47c53559a858505232b3c6bcf,f8b5283c3e85f1bc8b4e6e3bde6cc88ee2c61eb45dc03299a6432a593d0fcd03,24.0,480.0,59.76,59.980000000000004,59.67,3.0,0.2,-0.01,2.4000000000000004,0.06500000000000483,5.4,29.200000000000003,0.0,0.0,4.800000000000001,2.0,3287.0,111.2,1.0,110.4,76.0,65.0,2.0,79.60000000000001,98.0,399.5,77.4,31.0,0.013000000000000001,2.0,2.0,1.0,1.0,2.0,0.0,0.0,0.0,1.0,1.0,1.0,1.0,224.0,1.0,1.0,1.0,224.0,0.05,0.0,1.0,1.0,1.0,1.0,0.0,0.0,0.0,0.0,1.0,224.0,0.0,0.0,0.0,0.0,0.0,1.0,1.0,50.0,50.0,0.0,12.59,1.0,0.06500000000000483,0.0,0.7999999999999972,5.4,30.921300000000002,31.0,3247.0400000000004,True,False,False,4e823410c19a7ae3726db7c42e0cdabf6a3e4f7b7882aadd245ba73db69f49b0,390f5e5279435ca80ec8858257529d56e1cddeb39060f1ef22a615cc4d7e3983
P5_8_0481,481,481,24.05,EV-LAB-001,NORMAL_BASELINE,NORMAL_LABORATORY_STATE,all_lab_rules_within_thresholds,DETERMINISTIC_LABORATORY_RULES,False,False,True,False,False,False,False,40,40,0,0,0,True,True,481,0.9900845289230347,0.999036431312561,5a2cf39c3fef2df6f751e89dfaa8c1fbeceaa79d0ecca364b6a32601b0d3e76e,0a58960f6142fad4876a7eacf986c1d59f503dc47c53559a858505232b3c6bcf,f8b5283c3e85f1bc8b4e6e3bde6cc88ee2c61eb45dc03299a6432a593d0fcd03,24.05,481.0,59.86,60.1,59.660000000000004,3.0,0.2,-0.01,2.4000000000000004,0.020000000000003126,5.4,28.8,0.0,0.0,4.800000000000001,2.0,3292.0,110.4,1.0,110.7,75.0,64.0,2.0,79.60000000000001,98.0,399.40000000000003,75.4,30.0,0.011,1.7000000000000002,2.0,1.0,1.0,2.0,0.0,0.0,0.0,1.0,1.0,1.0,1.0,225.0,1.0,1.0,1.0,225.0,0.05,0.0,1.0,1.0,1.0,1.0,0.0,0.0,0.0,0.0,1.0,225.0,0.0,0.0,0.0,0.0,0.0,1.0,1.0,50.0,50.0,0.0,12.65,1.0,0.020000000000003126,0.0,0.29999999999999716,5.4,30.114760000000004,30.0,3179.5200000000004,True,False,False,390f5e5279435ca80ec8858257529d56e1cddeb39060f1ef22a615cc4d7e3983,8d5f8edd9c7c2bda8c0bf1f046f08fa9a61e875414cb601132143f228fb9b817
P5_8_0482,482,482,24.1,EV-LAB-001,NORMAL_BASELINE,NORMAL_LABORATORY_STATE,all_lab_rules_within_thresholds,DETERMINISTIC_LABORATORY_RULES,False,False,True,False,False,False,False,40,40,0,0,0,True,True,482,0.9900774955749512,0.9990367889404297,adc0ad36a70de64246070b4c2f34b3b18fc12fbad8b94d52846e1e8a10c7090a,0a58960f6142fad4876a7eacf986c1d59f503dc47c53559a858505232b3c6bcf,f8b5283c3e85f1bc8b4e6e3bde6cc88ee2c61eb45dc03299a6432a593d0fcd03,24.1,482.0,59.96,60.18,59.68,2.9000000000000004,0.19,-0.01,2.4000000000000004,0.030000000000001137,5.300000000000001,30.400000000000002,0.0,0.0,4.800000000000001,2.0,3298.0,112.4,1.0,112.5,76.0,64.0,2.0,79.60000000000001,98.0,399.70000000000005,79.0,31.0,0.011,1.9000000000000001,2.0,1.0,1.0,2.0,0.0,0.0,0.0,1.0,1.0,1.0,1.0,226.0,1.0,1.0,1.0,226.0,0.05,0.0,1.0,1.0,1.0,1.0,0.0,0.0,0.0,0.0,1.0,226.0,0.0,0.0,0.0,0.0,0.0,1.0,1.0,50.0,50.0,0.0,12.620000000000001,1.0,0.030000000000001137,0.0,0.09999999999999432,5.300000000000001,31.576300000000003,31.0,3416.9600000000005,True,False,False,8d5f8edd9c7c2bda8c0bf1f046f08fa9a61e875414cb601132143f228fb9b817,b3ace585006f191b26d134075e62b81af2e4d691428db780d87d33cbe1db60eb
P5_8_0483,483,483,24.15,EV-LAB-001,NORMAL_BASELINE,NORMAL_LABORATORY_STATE,all_lab_rules_within_thresholds,DETERMINISTIC_LABORATORY_RULES,False,False,True,False,False,False,False,40,40,0,0,0,True,True,483,0.990070641040802,0.9990370273590088,5ffed5f5ffba8827ccbea4a93e73e62d7cf80bc034e04d9b44a38b7b839bb034,0a58960f6142fad4876a7eacf986c1d59f503dc47c53559a858505232b3c6bcf,f8b5283c3e85f1bc8b4e6e3bde6cc88ee2c61eb45dc03299a6432a593d0fcd03,24.15,483.0,60.050000000000004,60.31,59.800000000000004,2.9000000000000004,0.19,-0.01,2.4000000000000004,0.005000000000002558,5.300000000000001,30.0,0.0,0.0,4.800000000000001,2.0,3303.0,111.9,1.0,111.9,77.0,65.0,2.0,79.60000000000001,98.0,398.8,78.80000000000001,30.0,0.007,1.7000000000000002,2.0,1.0,1.0,2.0,0.0,0.0,0.0,1.0,1.0,1.0,1.0,227.0,1.0,1.0,1.0,227.0,0.05,0.0,1.0,1.0,1.0,1.0,0.0,0.0,0.0,0.0,1.0,227.0,0.0,0.0,0.0,0.0,0.0,1.0,1.0,50.0,50.0,0.0,12.59,1.0,0.005000000000002558,0.0,0.0,5.300000000000001,31.425440000000005,30.0,3357.0,True,False,False,b3ace585006f191b26d134075e62b81af2e4d691428db780d87d33cbe1db60eb,d5fdbfa737403da2ee44c76be44856515a0af6e1b158565debfd83cc072003ee
P5_8_0484,484,484,24.2,EV-LAB-001,NORMAL_BASELINE,NORMAL_LABORATORY_STATE,all_lab_rules_within_thresholds,DETERMINISTIC_LABORATORY_RULES,False,False,True,False,False,False,False,40,40,0,0,0,True,True,484,0.9900638461112976,0.9990373849868774,663d6ace271bcd4627eb128b6f615f5b9b7ca7479555391a41b6f3c3935b6a8b,0a58960f6142fad4876a7eacf986c1d59f503dc47c53559a858505232b3c6bcf,f8b5283c3e85f1bc8b4e6e3bde6cc88ee2c61eb45dc03299a6432a593d0fcd03,24.2,484.0,60.14,60.25,59.88,2.9000000000000004,0.19,-0.01,2.3000000000000003,0.07500000000000284,5.200000000000001,29.200000000000003,0.0,0.0,4.800000000000001,2.0,3308.0,111.10000000000001,1.0,109.4,76.0,64.0,2.0,79.60000000000001,98.0,399.40000000000003,77.60000000000001,30.0,0.009000000000000001,1.9000000000000001,2.0,1.0,1.0,2.0,0.0,0.0,0.0,1.0,1.0,1.0,1.0,228.0,1.0,1.0,1.0,228.0,0.05,0.0,1.0,1.0,1.0,1.0,0.0,0.0,0.0,0.0,1.0,228.0,0.0,0.0,0.0,0.0,0.0,1.0,1.0,50.0,50.0,0.0,12.6,1.0,0.07500000000000284,0.0,1.7000000000000028,5.200000000000001,30.993440000000007,30.0,3244.1200000000003,True,False,False,d5fdbfa737403da2ee44c76be44856515a0af6e1b158565debfd83cc072003ee,4be8698d95b6052799ed117ac51c8d9abbc97705993f42d8221cbaa7dc49f082
P5_8_0485,485,485,24.25,EV-LAB-001,NORMAL_BASELINE,NORMAL_LABORATORY_STATE,all_lab_rules_within_thresholds,DETERMINISTIC_LABORATORY_RULES,False,False,True,False,False,False,False,40,40,0,0,0,True,True,485,0.9900570511817932,0.9990377426147461,8951613f44c6b8cecdec3cecb0ea11a5fdb3d30b0b0ed50276ba32c16b377b5a,0a58960f6142fad4876a7eacf986c1d59f503dc47c53559a858505232b3c6bcf,f8b5283c3e85f1bc8b4e6e3bde6cc88ee2c61eb45dc03299a6432a593d0fcd03,24.25,485.0,60.230000000000004,60.39,59.97,2.9000000000000004,0.19,-0.01,2.2,0.05000000000000426,5.1000000000000005,28.8,0.0,0.0,4.800000000000001,2.0,3313.0,110.80000000000001,1.0,111.0,76.0,64.0,2.0,79.60000000000001,98.0,398.3,77.4,30.0,0.013000000000000001,2.1,2.0,1.0,1.0,2.0,0.0,0.0,0.0,1.0,1.0,1.0,1.0,229.0,1.0,1.0,1.0,229.0,0.05,0.0,1.0,1.0,1.0,1.0,0.0,0.0,0.0,0.0,1.0,229.0,0.0,0.0,0.0,0.0,0.0,1.0,1.0,50.0,50.0,0.0,12.61,1.0,0.05000000000000426,0.0,0.19999999999998863,5.1000000000000005,30.82842,30.0,3191.0400000000004,True,False,False,4be8698d95b6052799ed117ac51c8d9abbc97705993f42d8221cbaa7dc49f082,95f21043a8c61044e7fb2be8e3e9231d7efd86c1b78bc07b9eab2fef9845f904
P5_8_0486,486,486,24.3,EV-LAB-001,NORMAL_BASELINE,NORMAL_LABORATORY_STATE,all_lab_rules_within_thresholds,DETERMINISTIC_LABORATORY_RULES,False,False,True,False,False,False,False,40,40,0,0,0,True,True,486,0.9900504350662231,0.9990381002426147,ad5ba4f59a6f62aba88eda3ad45dd22dc75eee0bb191cf2b72aef4dd6c1accc8,0a58960f6142fad4876a7eacf986c1d59f503dc47c53559a858505232b3c6bcf,f8b5283c3e85f1bc8b4e6e3bde6cc88ee2c61eb45dc03299a6432a593d0fcd03,24.3,486.0,60.32,60.64,60.09,2.9000000000000004,0.18,-0.01,2.3000000000000003,0.045000000000001705,5.200000000000001,30.400000000000002,0.0,0.0,4.800000000000001,2.0,3318.0,112.30000000000001,1.0,113.2,77.0,65.0,2.0,79.60000000000001,98.0,398.5,79.2,31.0,0.016,1.9000000000000001,2.0,1.0,1.0,2.0,0.0,0.0,0.0,1.0,1.0,1.0,1.0,230.0,1.0,1.0,1.0,230.0,0.05,0.0,1.0,1.0,1.0,1.0,0.0,0.0,0.0,0.0,1.0,230.0,0.0,0.0,0.0,0.0,0.0,1.0,1.0,50.0,50.0,0.0,12.55,1.0,0.045000000000001705,0.0,0.8999999999999915,5.200000000000001,31.5612,31.0,3413.9200000000005,True,False,False,95f21043a8c61044e7fb2be8e3e9231d7efd86c1b78bc07b9eab2fef9845f904,d335128d2f0283b1c2f48eff74c6c2c0140c0429284f7dc5a622b9af0820d163
P5_8_0487,487,487,24.35,EV-LAB-001,NORMAL_BASELINE,NORMAL_LABORATORY_STATE,all_lab_rules_within_thresholds,DETERMINISTIC_LABORATORY_RULES,False,False,True,False,False,False,False,40,40,0,0,0,True,True,487,0.9900438785552979,0.9990384578704834,b27a3fc82aa66c67551d1e508a443f95c1057e1b35eece49a9830ce369737f6c,0a58960f6142fad4876a7eacf986c1d59f503dc47c53559a858505232b3c6bcf,f8b5283c3e85f1bc8b4e6e3bde6cc88ee2c61eb45dc03299a6432a593d0fcd03,24.35,487.0,60.410000000000004,60.71,60.26,2.9000000000000004,0.18,-0.01,2.2,0.07499999999999574,5.1000000000000005,31.200000000000003,0.0,0.0,4.800000000000001,2.0,3323.0,113.2,1.0,111.30000000000001,76.0,65.0,2.0,79.60000000000001,98.0,398.6,77.5,31.0,0.008,1.9000000000000001,2.0,1.0,1.0,2.0,0.0,0.0,0.0,1.0,1.0,1.0,1.0,231.0,1.0,1.0,1.0,231.0,0.05,0.0,1.0,1.0,1.0,1.0,0.0,0.0,0.0,0.0,1.0,231.0,0.0,0.0,0.0,0.0,0.0,1.0,1.0,50.0,50.0,0.0,12.540000000000001,1.0,0.07499999999999574,0.0,1.8999999999999915,5.1000000000000005,30.8915,31.0,3531.8400000000006,True,False,False,d335128d2f0283b1c2f48eff74c6c2c0140c0429284f7dc5a622b9af0820d163,c76002c940265554359a6d542949f86de7919f6b3e999db50119f77f462f6c82
P5_8_0488,488,488,24.4,EV-LAB-001,NORMAL_BASELINE,NORMAL_LABORATORY_STATE,all_lab_rules_within_thresholds,DETERMINISTIC_LABORATORY_RULES,False,False,True,False,False,False,False,40,40,0,0,0,True,True,488,0.9900373220443726,0.9990386962890625,3042cf643ed7d0deb26d9375c8d9726b51e5751aa83597923ad0f23da3629137,0a58960f6142fad4876a7eacf986c1d59f503dc47c53559a858505232b3c6bcf,f8b5283c3e85f1bc8b4e6e3bde6cc88ee2c61eb45dc03299a6432a593d0fcd03,24.4,488.0,60.5,60.78,60.34,2.9000000000000004,0.18,-0.01,2.3000000000000003,0.060000000000002274,5.200000000000001,28.400000000000002,0.0,0.0,4.800000000000001,2.0,3327.0,110.0,1.0,112.4,76.0,65.0,2.0,79.60000000000001,98.0,398.6,77.7,30.0,0.012,2.1,2.0,1.0,1.0,2.0,0.0,0.0,0.0,1.0,1.0,1.0,1.0,232.0,1.0,1.0,1.0,232.0,0.05,0.0,1.0,1.0,1.0,1.0,0.0,0.0,0.0,0.0,1.0,232.0,0.0,0.0,0.0,0.0,0.0,1.0,1.0,50.0,50.0,0.0,12.66,1.0,0.060000000000002274,0.0,2.4000000000000057,5.200000000000001,30.971220000000002,30.0,3124.0000000000005,True,False,False,c76002c940265554359a6d542949f86de7919f6b3e999db50119f77f462f6c82,9fd4ad420e61e93cf3693ddd6b9ad756926041403f70080fb376a72148eff0f1
P5_8_0489,489,489,24.45,EV-LAB-001,NORMAL_BASELINE,NORMAL_LABORATORY_STATE,all_lab_rules_within_thresholds,DETERMINISTIC_LABORATORY_RULES,False,False,True,False,False,False,False,40,40,0,0,0,True,True,489,0.9900308847427368,0.9990390539169312,cd474f15970ebc2717ae722a8c18d3a93ec53f2814e45376678f56ce3a6860da,0a58960f6142fad4876a7eacf986c1d59f503dc47c53559a858505232b3c6bcf,f8b5283c3e85f1bc8b4e6e3bde6cc88ee2c61eb45dc03299a6432a593d0fcd03,24.45,489.0,60.58,60.85,60.370000000000005,2.8000000000000003,0.17,0.0,2.3000000000000003,0.030000000000001137,5.1000000000000005,30.400000000000002,0.0,0.0,4.800000000000001,2.0,3332.0,112.4,1.0,111.9,77.0,65.0,2.0,79.60000000000001,98.0,398.70000000000005,79.4,30.0,0.014,2.3000000000000003,2.0,1.0,1.0,2.0,0.0,0.0,0.0,1.0,1.0,1.0,1.0,233.0,1.0,1.0,1.0,233.0,0.05,0.0,1.0,1.0,1.0,1.0,0.0,0.0,0.0,0.0,1.0,233.0,0.0,0.0,0.0,0.0,0.0,1.0,1.0,50.0,50.0,0.0,12.620000000000001,1.0,0.030000000000001137,0.0,0.5,5.1000000000000005,31.656780000000005,30.0,3416.9600000000005,True,False,False,9fd4ad420e61e93cf3693ddd6b9ad756926041403f70080fb376a72148eff0f1,96e2078bce9c00b6de32db96a3a9225f93f15f7b5f4cbb2ae6e9c152fe3cfcd0
P5_8_0490,490,490,24.5,EV-LAB-001,NORMAL_BASELINE,NORMAL_LABORATORY_STATE,all_lab_rules_within_thresholds,DETERMINISTIC_LABORATORY_RULES,False,False,True,False,False,False,False,40,40,0,0,0,True,True,490,0.9900245666503906,0.999039351940155,bdd673d65bd17f1868c060d5debf68bd9f0af0aab83c740869690b62f8ea0735,0a58960f6142fad4876a7eacf986c1d59f503dc47c53559a858505232b3c6bcf,f8b5283c3e85f1bc8b4e6e3bde6cc88ee2c61eb45dc03299a6432a593d0fcd03,24.5,490.0,60.660000000000004,60.88,60.38,2.8000000000000003,0.17,-0.01,2.2,0.030000000000001137,5.0,31.6,0.0,0.0,4.800000000000001,2.0,3337.0,113.80000000000001,1.0,113.10000000000001,76.0,66.0,2.0,79.60000000000001,98.0,397.90000000000003,80.2,31.0,0.013000000000000001,1.8,2.0,1.0,1.0,2.0,0.0,0.0,0.0,1.0,1.0,1.0,1.0,234.0,1.0,1.0,1.0,234.0,0.05,0.0,1.0,1.0,1.0,1.0,0.0,0.0,0.0,0.0,1.0,234.0,0.0,0.0,0.0,0.0,0.0,1.0,1.0,50.0,50.0,0.0,12.58,1.0,0.030000000000001137,0.0,0.7000000000000028,5.0,31.911580000000004,31.0,3596.0800000000004,True,False,False,96e2078bce9c00b6de32db96a3a9225f93f15f7b5f4cbb2ae6e9c152fe3cfcd0,f46861ca515125c957b805749fc69fdce5306c17c5f95c236564a8105d668582
P5_8_0491,491,491,24.55,EV-LAB-001,NORMAL_BASELINE,NORMAL_LABORATORY_STATE,all_lab_rules_within_thresholds,DETERMINISTIC_LABORATORY_RULES,False,False,True,False,False,False,False,40,40,0,0,0,True,True,491,0.990018367767334,0.9990395903587341,138ebf7c213b1ae0da1544e4c635932ebeaaf07d5b72c77d4798a7930d6188a0,0a58960f6142fad4876a7eacf986c1d59f503dc47c53559a858505232b3c6bcf,f8b5283c3e85f1bc8b4e6e3bde6cc88ee2c61eb45dc03299a6432a593d0fcd03,24.55,491.0,60.75,61.03,60.56,2.8000000000000003,0.17,-0.01,2.2,0.045000000000001705,5.0,31.200000000000003,0.0,0.0,4.800000000000001,2.0,3341.0,113.5,1.0,113.0,77.0,65.0,2.0,79.60000000000001,98.0,398.5,80.5,30.0,0.012,2.2,2.0,1.0,1.0,2.0,0.0,0.0,0.0,1.0,1.0,1.0,1.0,235.0,1.0,1.0,1.0,235.0,0.05,0.0,1.0,1.0,1.0,1.0,0.0,0.0,0.0,0.0,1.0,235.0,0.0,0.0,0.0,0.0,0.0,1.0,1.0,50.0,50.0,0.0,12.620000000000001,1.0,0.045000000000001705,0.0,0.5,5.0,32.07925,30.0,3541.2000000000003,True,False,False,f46861ca515125c957b805749fc69fdce5306c17c5f95c236564a8105d668582,db004e646d5a98bd8d8be6361f1605f853cde89bac0b7c018c1cc083f07ec4b3
P5_8_0492,492,492,24.6,EV-LAB-001,NORMAL_BASELINE,NORMAL_LABORATORY_STATE,all_lab_rules_within_thresholds,DETERMINISTIC_LABORATORY_RULES,False,False,True,False,False,False,False,40,40,0,0,0,True,True,492,0.9900122284889221,0.9990399479866028,2460e9e7983a6605031b715abdb0200a1e07189c1fa1b395eea118665cc72996,0a58960f6142fad4876a7eacf986c1d59f503dc47c53559a858505232b3c6bcf,f8b5283c3e85f1bc8b4e6e3bde6cc88ee2c61eb45dc03299a6432a593d0fcd03,24.6,492.0,60.83,61.13,60.56,2.8000000000000003,0.16,-0.01,2.3000000000000003,0.015000000000000568,5.1000000000000005,30.8,0.0,0.0,4.800000000000001,2.0,3346.0,113.2,1.0,115.9,76.0,65.0,2.0,79.60000000000001,98.0,398.40000000000003,80.2,31.0,0.013000000000000001,2.0,2.0,1.0,1.0,2.0,0.0,0.0,0.0,1.0,1.0,1.0,1.0,236.0,1.0,1.0,1.0,236.0,0.05,0.0,1.0,1.0,1.0,1.0,0.0,0.0,0.0,0.0,1.0,236.0,0.0,0.0,0.0,0.0,0.0,1.0,1.0,50.0,50.0,0.0,12.58,1.0,0.015000000000000568,0.0,2.700000000000003,5.1000000000000005,31.951680000000003,31.0,3486.56,True,False,False,db004e646d5a98bd8d8be6361f1605f853cde89bac0b7c018c1cc083f07ec4b3,ad0b2d7750a48f7409ab1c330e2e0339b343d89a7fa125780eb7839ec9aba7b2
P5_8_0493,493,493,24.65,EV-LAB-001,NORMAL_BASELINE,NORMAL_LABORATORY_STATE,all_lab_rules_within_thresholds,DETERMINISTIC_LABORATORY_RULES,False,False,True,False,False,False,False,40,40,0,0,0,True,True,493,0.990006148815155,0.9990401864051819,19b985e85fae17f304fe24e0a959f4d831fe21d028e905699b672db951bee12a,0a58960f6142fad4876a7eacf986c1d59f503dc47c53559a858505232b3c6bcf,f8b5283c3e85f1bc8b4e6e3bde6cc88ee2c61eb45dc03299a6432a593d0fcd03,24.65,493.0,60.910000000000004,61.160000000000004,60.620000000000005,2.8000000000000003,0.16,0.0,2.3000000000000003,0.020000000000003126,5.1000000000000005,30.400000000000002,0.0,0.0,4.800000000000001,2.0,3350.0,112.4,1.0,113.2,77.0,66.0,2.0,79.60000000000001,98.0,397.90000000000003,79.2,30.0,0.01,2.1,2.0,1.0,1.0,2.0,0.0,0.0,0.0,1.0,1.0,1.0,1.0,237.0,1.0,1.0,1.0,237.0,0.05,0.0,1.0,1.0,1.0,1.0,0.0,0.0,0.0,0.0,1.0,237.0,0.0,0.0,0.0,0.0,0.0,1.0,1.0,50.0,50.0,0.0,12.6,1.0,0.020000000000003126,0.0,0.7999999999999972,5.1000000000000005,31.513680000000004,30.0,3416.9600000000005,True,False,False,ad0b2d7750a48f7409ab1c330e2e0339b343d89a7fa125780eb7839ec9aba7b2,990571bdfa17898f12fc793e3e21af0422957d1efe6103e623910f9bb3a0d5b8
P5_8_0494,494,494,24.7,EV-LAB-001,NORMAL_BASELINE,NORMAL_LABORATORY_STATE,all_lab_rules_within_thresholds,DETERMINISTIC_LABORATORY_RULES,False,False,True,False,False,False,False,40,40,0,0,0,True,True,494,0.9900001883506775,0.9990405440330505,674b6b76393d22cbd6a8a00a92a11016bfb134fdc151a89c7f4a0b69444ae437,0a58960f6142fad4876a7eacf986c1d59f503dc47c53559a858505232b3c6bcf,f8b5283c3e85f1bc8b4e6e3bde6cc88ee2c61eb45dc03299a6432a593d0fcd03,24.7,494.0,60.980000000000004,61.27,60.77,2.8000000000000003,0.16,-0.01,2.4000000000000004,0.03999999999999915,5.200000000000001,31.200000000000003,0.0,0.0,4.800000000000001,2.0,3354.0,113.5,1.0,114.0,77.0,65.0,2.0,79.60000000000001,98.0,398.70000000000005,78.0,30.0,0.009000000000000001,2.2,2.0,1.0,1.0,2.0,0.0,0.0,0.0,1.0,1.0,1.0,1.0,238.0,1.0,1.0,1.0,238.0,0.05,0.0,1.0,1.0,1.0,1.0,0.0,0.0,0.0,0.0,1.0,238.0,0.0,0.0,0.0,0.0,0.0,1.0,1.0,50.0,50.0,0.0,12.540000000000001,1.0,0.03999999999999915,0.0,0.5,5.200000000000001,31.0986,30.0,3541.2000000000003,True,False,False,990571bdfa17898f12fc793e3e21af0422957d1efe6103e623910f9bb3a0d5b8,4624442271cbeaa8acc1bcee8e3adbe27b324acfec2cf6064318530cd0591ea8
P5_8_0495,495,495,24.75,EV-LAB-001,NORMAL_BASELINE,NORMAL_LABORATORY_STATE,all_lab_rules_within_thresholds,DETERMINISTIC_LABORATORY_RULES,False,False,True,False,False,False,False,40,40,0,0,0,True,True,495,0.9899943470954895,0.9990407824516296,ab9121a5cb7c2203105101c5d548f284fa162b3216b794594570507b093fddd3,0a58960f6142fad4876a7eacf986c1d59f503dc47c53559a858505232b3c6bcf,f8b5283c3e85f1bc8b4e6e3bde6cc88ee2c61eb45dc03299a6432a593d0fcd03,24.75,495.0,61.06,61.24,60.85,2.8000000000000003,0.16,-0.01,2.3000000000000003,0.015000000000000568,5.1000000000000005,30.400000000000002,0.0,0.0,4.800000000000001,2.0,3358.0,112.7,1.0,112.30000000000001,77.0,65.0,2.0,79.60000000000001,98.0,398.6,76.7,30.0,0.012,1.7000000000000002,2.0,1.0,1.0,2.0,0.0,0.0,0.0,1.0,1.0,1.0,1.0,239.0,1.0,1.0,1.0,239.0,0.05,0.0,1.0,1.0,1.0,1.0,0.0,0.0,0.0,0.0,1.0,239.0,0.0,0.0,0.0,0.0,0.0,1.0,1.0,50.0,50.0,0.0,12.56,1.0,0.015000000000000568,0.0,0.3999999999999915,5.1000000000000005,30.572620000000004,30.0,3426.0800000000004,True,False,False,4624442271cbeaa8acc1bcee8e3adbe27b324acfec2cf6064318530cd0591ea8,54ddc5eff14186a59881f08ecbf8a8136c59f9ce7b9c8eb3f5d5089789e36a7e
P5_8_0496,496,496,24.8,EV-LAB-001,NORMAL_BASELINE,NORMAL_LABORATORY_STATE,all_lab_rules_within_thresholds,DETERMINISTIC_LABORATORY_RULES,False,False,True,False,False,False,False,40,40,0,0,0,True,True,496,0.9899885058403015,0.9990410208702087,6068a885b40bc0b1312ddc5747eac4c88380ebf626ed14be590742f2755857c1,0a58960f6142fad4876a7eacf986c1d59f503dc47c53559a858505232b3c6bcf,f8b5283c3e85f1bc8b4e6e3bde6cc88ee2c61eb45dc03299a6432a593d0fcd03,24.8,496.0,61.14,61.410000000000004,61.03,2.8000000000000003,0.15,0.0,2.1,0.0799999999999983,4.9,30.8,0.0,0.0,4.800000000000001,2.0,3362.0,113.0,1.0,110.0,77.0,65.0,2.0,79.60000000000001,98.0,398.70000000000005,78.10000000000001,30.0,0.014,2.1,2.0,1.0,1.0,2.0,0.0,0.0,0.0,1.0,1.0,1.0,1.0,240.0,1.0,1.0,1.0,240.0,0.05,0.0,1.0,1.0,1.0,1.0,0.0,0.0,0.0,0.0,1.0,240.0,0.0,0.0,0.0,0.0,0.0,1.0,1.0,50.0,50.0,0.0,12.540000000000001,1.0,0.0799999999999983,0.0,3.0,4.9,31.13847000000001,30.0,3480.4,True,False,False,54ddc5eff14186a59881f08ecbf8a8136c59f9ce7b9c8eb3f5d5089789e36a7e,d35aef83f37341d34c2e230b24f1665e30e5e210344248cac0f6c8ab34f9c713
P5_8_0497,497,497,24.85,EV-LAB-001,NORMAL_BASELINE,NORMAL_LABORATORY_STATE,all_lab_rules_within_thresholds,DETERMINISTIC_LABORATORY_RULES,False,False,True,False,False,False,False,40,40,0,0,0,True,True,497,0.9899827837944031,0.9990413784980774,b9233a01a07478e770759e39de714ccbe72365e9a39b9e4f7de3ab57a86edde9,0a58960f6142fad4876a7eacf986c1d59f503dc47c53559a858505232b3c6bcf,f8b5283c3e85f1bc8b4e6e3bde6cc88ee2c61eb45dc03299a6432a593d0fcd03,24.85,497.0,61.21,61.63,61.19,2.7,0.15,0.0,2.2,0.19999999999999574,4.9,30.400000000000002,0.0,0.0,4.800000000000001,2.0,3366.0,112.60000000000001,1.0,112.0,77.0,65.0,2.0,79.60000000000001,98.0,398.70000000000005,78.2,31.0,0.013000000000000001,1.9000000000000001,2.0,1.0,1.0,2.0,0.0,0.0,0.0,1.0,1.0,1.0,1.0,241.0,1.0,1.0,1.0,241.0,0.05,0.0,1.0,1.0,1.0,1.0,0.0,0.0,0.0,0.0,1.0,241.0,0.0,0.0,0.0,0.0,0.0,1.0,1.0,50.0,50.0,0.0,12.540000000000001,1.0,0.19999999999999574,0.0,0.6000000000000085,4.9,31.178340000000002,31.0,3423.0400000000004,True,False,False,d35aef83f37341d34c2e230b24f1665e30e5e210344248cac0f6c8ab34f9c713,ae77fd530d952c0f6ddd3dea3bd73b24ab9a8f137d8921ab62f9a5203ecb124a
P5_8_0498,498,498,24.9,EV-LAB-001,NORMAL_BASELINE,NORMAL_LABORATORY_STATE,all_lab_rules_within_thresholds,DETERMINISTIC_LABORATORY_RULES,False,False,True,False,False,False,False,40,40,0,0,0,True,True,498,0.9899771213531494,0.9990416169166565,453b4b9de8bdadfe627189e715293098ccf4bc450a5e53408bf6ff3ca146c85c,0a58960f6142fad4876a7eacf986c1d59f503dc47c53559a858505232b3c6bcf,f8b5283c3e85f1bc8b4e6e3bde6cc88ee2c61eb45dc03299a6432a593d0fcd03,24.9,498.0,61.28,61.57,61.08,2.7,0.15,0.0,2.2,0.045000000000001705,4.9,31.200000000000003,0.0,0.0,4.800000000000001,2.0,3370.0,113.2,1.0,112.2,76.0,66.0,2.0,79.60000000000001,98.0,399.20000000000005,79.7,31.0,0.013000000000000001,2.0,2.0,1.0,1.0,2.0,0.0,0.0,0.0,1.0,1.0,1.0,1.0,242.0,1.0,1.0,1.0,242.0,0.05,0.0,1.0,1.0,1.0,1.0,0.0,0.0,0.0,0.0,1.0,242.0,0.0,0.0,0.0,0.0,0.0,1.0,1.0,50.0,50.0,0.0,12.59,1.0,0.045000000000001705,0.0,1.0,4.9,31.816240000000004,31.0,3531.8400000000006,True,False,False,ae77fd530d952c0f6ddd3dea3bd73b24ab9a8f137d8921ab62f9a5203ecb124a,75381be4793150a2eec199eb048c5730367c00ba6f62647802a56ed5f9d6decd
P5_8_0499,499,499,24.95,EV-LAB-001,NORMAL_BASELINE,NORMAL_LABORATORY_STATE,all_lab_rules_within_thresholds,DETERMINISTIC_LABORATORY_RULES,False,False,True,False,False,False,False,40,40,0,0,0,True,True,499,0.9899716377258301,0.9990418553352356,42a07eead6444e6128ce05e496fa877f2d15c6a45a675a15de88545ee97cbb83,0a58960f6142fad4876a7eacf986c1d59f503dc47c53559a858505232b3c6bcf,f8b5283c3e85f1bc8b4e6e3bde6cc88ee2c61eb45dc03299a6432a593d0fcd03,24.95,499.0,61.35,61.7,61.14,2.7,0.14,0.0,2.1,0.07000000000000028,4.800000000000001,30.400000000000002,0.0,0.0,4.800000000000001,2.0,3374.0,112.7,1.0,112.30000000000001,76.0,65.0,2.0,79.60000000000001,98.0,398.5,79.5,30.0,0.009000000000000001,1.9000000000000001,2.0,1.0,1.0,2.0,0.0,0.0,0.0,1.0,1.0,1.0,1.0,243.0,1.0,1.0,1.0,243.0,0.05,0.0,1.0,1.0,1.0,1.0,0.0,0.0,0.0,0.0,1.0,243.0,0.0,0.0,0.0,0.0,0.0,1.0,1.0,50.0,50.0,0.0,12.6,1.0,0.07000000000000028,0.0,0.3999999999999915,4.800000000000001,31.68075,30.0,3426.0800000000004,True,False,False,75381be4793150a2eec199eb048c5730367c00ba6f62647802a56ed5f9d6decd,fb26efc8d00e3d1843426a8d4e632d66eb1aac736ff768650454734c92c38d09
P5_8_0500,500,500,25.0,EV-LAB-001,NORMAL_BASELINE,NORMAL_LABORATORY_STATE,all_lab_rules_within_thresholds,DETERMINISTIC_LABORATORY_RULES,False,False,True,False,False,False,False,40,40,0,0,0,True,True,500,0.9899662733078003,0.9990420937538147,bdeec745150ee6547875a521665adbb3c46306efc58c890a877cd133c03711f0,0a58960f6142fad4876a7eacf986c1d59f503dc47c53559a858505232b3c6bcf,f8b5283c3e85f1bc8b4e6e3bde6cc88ee2c61eb45dc03299a6432a593d0fcd03,25.0,500.0,61.42,61.620000000000005,61.31,2.7,0.14,0.0,2.1,0.045000000000001705,4.800000000000001,32.800000000000004,0.0,0.0,4.800000000000001,2.0,3378.0,115.30000000000001,1.0,116.7,77.0,65.0,2.0,79.60000000000001,98.0,398.70000000000005,80.4,31.0,0.014,1.8,2.0,1.0,1.0,2.0,0.0,0.0,0.0,1.0,1.0,1.0,1.0,244.0,1.0,1.0,1.0,244.0,0.05,0.0,1.0,1.0,1.0,1.0,0.0,0.0,0.0,0.0,1.0,244.0,0.0,0.0,0.0,0.0,0.0,1.0,1.0,50.0,50.0,0.0,12.64,1.0,0.045000000000001705,0.0,1.3999999999999915,4.800000000000001,32.05548000000001,31.0,3781.840000000001,True,False,False,fb26efc8d00e3d1843426a8d4e632d66eb1aac736ff768650454734c92c38d09,ced6f6b07804d8d2d39ad669751bb2810dfd74369370c36fc039a6a750aa0c75
P5_8_0501,501,501,25.05,EV-LAB-001,NORMAL_BASELINE,NORMAL_LABORATORY_STATE,all_lab_rules_within_thresholds,DETERMINISTIC_LABORATORY_RULES,False,False,True,False,False,False,False,40,40,0,0,0,True,True,501,0.9899610280990601,0.9990424513816833,f2d6d24a612945558513d2490799b6aa6430156d6ab2c61e7c2dc6e515985c9e,0a58960f6142fad4876a7eacf986c1d59f503dc47c53559a858505232b3c6bcf,f8b5283c3e85f1bc8b4e6e3bde6cc88ee2c61eb45dc03299a6432a593d0fcd03,25.05,501.0,61.49,61.660000000000004,61.24,2.7,0.14,0.0,2.2,0.03999999999999915,4.9,30.8,0.0,0.0,4.800000000000001,2.0,3382.0,113.2,1.0,113.2,77.0,66.0,2.0,79.60000000000001,98.0,397.8,80.10000000000001,30.0,0.012,2.0,2.0,1.0,1.0,2.0,0.0,0.0,0.0,1.0,1.0,1.0,1.0,245.0,1.0,1.0,1.0,245.0,0.05,0.0,1.0,1.0,1.0,1.0,0.0,0.0,0.0,0.0,1.0,245.0,0.0,0.0,0.0,0.0,0.0,1.0,1.0,50.0,50.0,0.0,12.65,1.0,0.03999999999999915,0.0,0.0,4.9,31.863780000000006,30.0,3486.56,True,False,False,ced6f6b07804d8d2d39ad669751bb2810dfd74369370c36fc039a6a750aa0c75,f38c78b48165b00fd334552d6a2e6ae7588a8b58d97f8bdcd6f17e2cd81b7ba0
P5_8_0502,502,502,25.1,EV-LAB-001,NORMAL_BASELINE,NORMAL_LABORATORY_STATE,all_lab_rules_within_thresholds,DETERMINISTIC_LABORATORY_RULES,False,False,True,False,False,False,False,40,40,0,0,0,True,True,502,0.9899557828903198,0.9990426898002625,83cc3d8fc02afeefaf714664447185c58b37b9f1d9c4bfe10a48d408ca00c6ba,0a58960f6142fad4876a7eacf986c1d59f503dc47c53559a858505232b3c6bcf,f8b5283c3e85f1bc8b4e6e3bde6cc88ee2c61eb45dc03299a6432a593d0fcd03,25.1,502.0,61.550000000000004,61.89,61.44,2.7,0.13,0.0,2.1,0.11499999999999488,4.800000000000001,32.0,0.0,0.0,4.800000000000001,2.0,3385.0,114.60000000000001,1.0,116.2,77.0,66.0,2.0,79.60000000000001,98.0,398.6,77.80000000000001,30.0,0.016,1.9000000000000001,2.0,1.0,1.0,2.0,0.0,0.0,0.0,1.0,1.0,1.0,1.0,246.0,1.0,1.0,1.0,246.0,0.05,0.0,1.0,1.0,1.0,1.0,0.0,0.0,0.0,0.0,1.0,246.0,0.0,0.0,0.0,0.0,0.0,1.0,1.0,50.0,50.0,0.0,12.64,1.0,0.11499999999999488,0.0,1.5999999999999943,4.800000000000001,31.011080000000007,30.0,3667.2000000000003,True,False,False,f38c78b48165b00fd334552d6a2e6ae7588a8b58d97f8bdcd6f17e2cd81b7ba0,222a7c05af51ec40857e533f161678b2675ca07bacda6ce41db421c91cc44b4b
P5_8_0503,503,503,25.15,EV-LAB-001,NORMAL_BASELINE,NORMAL_LABORATORY_STATE,all_lab_rules_within_thresholds,DETERMINISTIC_LABORATORY_RULES,False,False,True,False,False,False,False,40,40,0,0,0,True,True,503,0.9899506568908691,0.9990429282188416,a366d595ae2098f5ee491a1eff8d02d68bfaa2cb4a71631a9b5ac1f1a472972f,0a58960f6142fad4876a7eacf986c1d59f503dc47c53559a858505232b3c6bcf,f8b5283c3e85f1bc8b4e6e3bde6cc88ee2c61eb45dc03299a6432a593d0fcd03,25.15,503.0,61.620000000000005,61.910000000000004,61.43,2.7,0.13,0.0,2.3000000000000003,0.04999999999999716,5.0,31.6,0.0,0.0,4.800000000000001,2.0,3389.0,114.10000000000001,1.0,115.7,76.0,66.0,2.0,79.60000000000001,98.0,398.70000000000005,79.30000000000001,30.0,0.012,2.2,2.0,1.0,1.0,2.0,0.0,0.0,0.0,1.0,1.0,1.0,1.0,247.0,1.0,1.0,1.0,247.0,0.05,0.0,1.0,1.0,1.0,1.0,0.0,0.0,0.0,0.0,1.0,247.0,0.0,0.0,0.0,0.0,0.0,1.0,1.0,50.0,50.0,0.0,12.67,1.0,0.04999999999999716,0.0,1.5999999999999943,5.0,31.616910000000008,30.0,3605.5600000000004,True,False,False,222a7c05af51ec40857e533f161678b2675ca07bacda6ce41db421c91cc44b4b,3bea0a9c536c0d1188354001442502559a1d98eeecd74da691ffbe81a1c5a893
P5_8_0504,504,504,25.2,EV-LAB-001,NORMAL_BASELINE,NORMAL_LABORATORY_STATE,all_lab_rules_within_thresholds,DETERMINISTIC_LABORATORY_RULES,False,False,True,False,False,False,False,40,40,0,0,0,True,True,504,0.9899455904960632,0.9990431666374207,676dc47b0cffe8fad15f51a1cf5943093f5c05951e4ac883ecd869d51fc46fb6,0a58960f6142fad4876a7eacf986c1d59f503dc47c53559a858505232b3c6bcf,f8b5283c3e85f1bc8b4e6e3bde6cc88ee2c61eb45dc03299a6432a593d0fcd03,25.2,504.0,61.68,61.89,61.480000000000004,2.7,0.13,0.0,2.2,0.005000000000002558,4.9,31.200000000000003,0.0,0.0,4.800000000000001,2.0,3392.0,113.5,1.0,114.4,76.0,65.0,2.0,79.60000000000001,98.0,397.90000000000003,78.60000000000001,30.0,0.01,2.0,2.0,1.0,1.0,2.0,0.0,0.0,0.0,1.0,1.0,1.0,1.0,248.0,1.0,1.0,1.0,248.0,0.05,0.0,1.0,1.0,1.0,1.0,0.0,0.0,0.0,0.0,1.0,248.0,0.0,0.0,0.0,0.0,0.0,1.0,1.0,50.0,50.0,0.0,12.55,1.0,0.005000000000002558,0.0,0.9000000000000057,4.9,31.274940000000004,30.0,3541.2000000000003,True,False,False,3bea0a9c536c0d1188354001442502559a1d98eeecd74da691ffbe81a1c5a893,770607a893668d4a238b94344b4bf4077de73e5ec8b097db5f3bb8d5ee242e1b
P5_8_0505,505,505,25.25,EV-LAB-001,NORMAL_BASELINE,NORMAL_LABORATORY_STATE,all_lab_rules_within_thresholds,DETERMINISTIC_LABORATORY_RULES,False,False,True,False,False,False,False,40,40,0,0,0,True,True,505,0.9899408221244812,0.9990434050559998,9d032c400e111aa52a014da5e5546ae4b7fdd016648374bfad67c0acb2fb6c93,0a58960f6142fad4876a7eacf986c1d59f503dc47c53559a858505232b3c6bcf,f8b5283c3e85f1bc8b4e6e3bde6cc88ee2c61eb45dc03299a6432a593d0fcd03,25.25,505.0,61.74,61.910000000000004,61.56,2.7,0.13,0.0,2.2,0.005000000000002558,4.9,31.6,0.0,0.0,4.800000000000001,2.0,3396.0,113.9,1.0,116.30000000000001,77.0,66.0,2.0,79.60000000000001,98.0,398.40000000000003,78.80000000000001,30.0,0.014,1.6,2.0,1.0,1.0,2.0,0.0,0.0,0.0,1.0,1.0,1.0,1.0,249.0,1.0,1.0,1.0,249.0,0.05,0.0,1.0,1.0,1.0,1.0,0.0,0.0,0.0,0.0,1.0,249.0,0.0,0.0,0.0,0.0,0.0,1.0,1.0,50.0,50.0,0.0,12.56,1.0,0.005000000000002558,0.0,2.4000000000000057,4.9,31.393920000000005,30.0,3599.2400000000002,True,False,False,770607a893668d4a238b94344b4bf4077de73e5ec8b097db5f3bb8d5ee242e1b,d0cdd4ada498979c218f21d423b9866fb46df1f5e83d1a57b3f7b6c5fcf515df
P5_8_0506,506,506,25.3,EV-LAB-001,NORMAL_BASELINE,NORMAL_LABORATORY_STATE,all_lab_rules_within_thresholds,DETERMINISTIC_LABORATORY_RULES,False,False,True,False,False,False,False,40,40,0,0,0,True,True,506,0.9899359345436096,0.9990436434745789,fd0f4a6c5ad91f3db5fdec625ea8c78d7b6a10d871b1cb90793edbcedbd9126a,0a58960f6142fad4876a7eacf986c1d59f503dc47c53559a858505232b3c6bcf,f8b5283c3e85f1bc8b4e6e3bde6cc88ee2c61eb45dc03299a6432a593d0fcd03,25.3,506.0,61.800000000000004,61.96,61.480000000000004,2.6,0.12,0.0,2.1,0.0800000000000054,4.7,32.800000000000004,0.0,0.0,4.800000000000001,2.0,3399.0,115.2,1.0,113.0,77.0,66.0,2.0,79.60000000000001,98.0,398.40000000000003,80.5,30.0,0.012,1.9000000000000001,2.0,1.0,1.0,2.0,0.0,0.0,0.0,1.0,1.0,1.0,1.0,250.0,1.0,1.0,1.0,250.0,0.05,0.0,1.0,1.0,1.0,1.0,0.0,0.0,0.0,0.0,1.0,250.0,0.0,0.0,0.0,0.0,0.0,1.0,1.0,50.0,50.0,0.0,12.620000000000001,1.0,0.0800000000000054,0.0,2.200000000000003,4.7,32.071200000000005,30.0,3778.5600000000004,True,False,False,d0cdd4ada498979c218f21d423b9866fb46df1f5e83d1a57b3f7b6c5fcf515df,5e8bc0b7d81e4fd79f93c71dea7573b37f9eb786a01709c6e1ed421990727a7b
P5_8_0507,507,507,25.35,EV-LAB-001,NORMAL_BASELINE,NORMAL_LABORATORY_STATE,all_lab_rules_within_thresholds,DETERMINISTIC_LABORATORY_RULES,False,False,True,False,False,False,False,40,40,0,0,0,True,True,507,0.9899312257766724,0.999043881893158,57aa2bcc212a29adbf86fbdd2972f8e3f7e5e921ae24ac2d9d6773ce019deb74,0a58960f6142fad4876a7eacf986c1d59f503dc47c53559a858505232b3c6bcf,f8b5283c3e85f1bc8b4e6e3bde6cc88ee2c61eb45dc03299a6432a593d0fcd03,25.35,507.0,61.86,62.15,61.75,2.6,0.12,0.0,2.1,0.09000000000000341,4.7,32.800000000000004,0.0,0.0,4.800000000000001,2.0,3403.0,115.5,1.0,115.10000000000001,77.0,66.0,2.0,79.60000000000001,98.0,399.3,81.0,30.0,0.015,2.1,2.0,1.0,1.0,2.0,0.0,0.0,0.0,1.0,1.0,1.0,1.0,251.0,1.0,1.0,1.0,251.0,0.05,0.0,1.0,1.0,1.0,1.0,0.0,0.0,0.0,0.0,1.0,251.0,0.0,0.0,0.0,0.0,0.0,1.0,1.0,50.0,50.0,0.0,12.55,1.0,0.09000000000000341,0.0,0.3999999999999915,4.7,32.3433,30.0,3788.4000000000005,True,False,False,5e8bc0b7d81e4fd79f93c71dea7573b37f9eb786a01709c6e1ed421990727a7b,06901ea18b1533df2601dff8b030080b34ece97bcaf35df92b14cd1945978370
P5_8_0508,508,508,25.4,EV-LAB-001,NORMAL_BASELINE,NORMAL_LABORATORY_STATE,all_lab_rules_within_thresholds,DETERMINISTIC_LABORATORY_RULES,False,False,True,False,False,False,False,40,40,0,0,0,True,True,508,0.9899265766143799,0.9990440011024475,b7a5d55f97489a14634e7efdf81b8cbb91cb61c0dddd056039e3bd8ce441d197,0a58960f6142fad4876a7eacf986c1d59f503dc47c53559a858505232b3c6bcf,f8b5283c3e85f1bc8b4e6e3bde6cc88ee2c61eb45dc03299a6432a593d0fcd03,25.4,508.0,61.92,62.15,61.74,2.6,0.12,0.0,2.1,0.02499999999999858,4.7,31.6,0.0,0.0,4.800000000000001,2.0,3406.0,114.10000000000001,1.0,114.7,77.0,66.0,2.0,79.60000000000001,98.0,398.90000000000003,79.2,30.0,0.013000000000000001,2.1,2.0,1.0,1.0,2.0,0.0,0.0,0.0,1.0,1.0,1.0,1.0,252.0,1.0,1.0,1.0,252.0,0.05,0.0,1.0,1.0,1.0,1.0,0.0,0.0,0.0,0.0,1.0,252.0,0.0,0.0,0.0,0.0,0.0,1.0,1.0,50.0,50.0,0.0,12.620000000000001,1.0,0.02499999999999858,0.0,0.5999999999999943,4.7,31.592880000000005,30.0,3605.5600000000004,True,False,False,06901ea18b1533df2601dff8b030080b34ece97bcaf35df92b14cd1945978370,be4e867e530c5580b7f8d6655a4571d7c55be5406603176291c4134bcbf49cfc
P5_8_0509,509,509,25.45,EV-LAB-001,NORMAL_BASELINE,NORMAL_LABORATORY_STATE,all_lab_rules_within_thresholds,DETERMINISTIC_LABORATORY_RULES,False,False,True,False,False,False,False,40,40,0,0,0,True,True,509,0.9899219870567322,0.9990442395210266,edf647e879f15ab01fa4ab6e4f358ded1bdbce7e9b233762a54e337efaccbdfd,0a58960f6142fad4876a7eacf986c1d59f503dc47c53559a858505232b3c6bcf,f8b5283c3e85f1bc8b4e6e3bde6cc88ee2c61eb45dc03299a6432a593d0fcd03,25.45,509.0,61.980000000000004,62.29,61.82,2.6,0.12,0.0,2.1,0.07499999999999574,4.7,32.0,0.0,0.0,4.800000000000001,2.0,3409.0,114.5,1.0,113.60000000000001,78.0,65.0,2.0,79.60000000000001,98.0,398.8,80.2,30.0,0.013000000000000001,1.9000000000000001,2.0,1.0,1.0,2.0,0.0,0.0,0.0,1.0,1.0,1.0,1.0,253.0,1.0,1.0,1.0,253.0,0.05,0.0,1.0,1.0,1.0,1.0,0.0,0.0,0.0,0.0,1.0,253.0,0.0,0.0,0.0,0.0,0.0,1.0,1.0,50.0,50.0,0.0,12.65,1.0,0.07499999999999574,0.0,0.8999999999999915,4.7,31.983760000000004,30.0,3664.0,True,False,False,be4e867e530c5580b7f8d6655a4571d7c55be5406603176291c4134bcbf49cfc,01f058f05a6348dd7153966a84ccec524200e2dc0b4018d4d9cb3af6a0874814
P5_8_0510,510,510,25.5,EV-LAB-001,NORMAL_BASELINE,NORMAL_LABORATORY_STATE,all_lab_rules_within_thresholds,DETERMINISTIC_LABORATORY_RULES,False,False,True,False,False,False,False,40,40,0,0,0,True,True,510,0.9899175763130188,0.9990444779396057,4edaf8b2af25342cb54818a1f1c222c6308621a002d5f887bc8c74f358d2f0e5,0a58960f6142fad4876a7eacf986c1d59f503dc47c53559a858505232b3c6bcf,f8b5283c3e85f1bc8b4e6e3bde6cc88ee2c61eb45dc03299a6432a593d0fcd03,25.5,510.0,62.03,62.32,61.870000000000005,2.6,0.11,0.0,2.0,0.06499999999999773,4.6,31.200000000000003,0.0,0.0,4.800000000000001,2.0,3412.0,113.7,1.0,113.80000000000001,78.0,65.0,2.0,79.60000000000001,98.0,398.5,79.9,31.0,0.013000000000000001,1.9000000000000001,2.0,1.0,1.0,2.0,0.0,0.0,0.0,1.0,1.0,1.0,1.0,254.0,1.0,1.0,1.0,254.0,0.05,0.0,1.0,1.0,1.0,1.0,0.0,0.0,0.0,0.0,1.0,254.0,0.0,0.0,0.0,0.0,0.0,1.0,1.0,50.0,50.0,0.0,12.620000000000001,1.0,0.06499999999999773,0.0,0.10000000000000853,4.6,31.84015,31.0,3547.4400000000005,True,False,False,01f058f05a6348dd7153966a84ccec524200e2dc0b4018d4d9cb3af6a0874814,3ece1d30f66b776e035b4923600893585b509943559db20a7abcee708d902b55
P5_8_0511,511,511,25.55,EV-LAB-001,NORMAL_BASELINE,NORMAL_LABORATORY_STATE,all_lab_rules_within_thresholds,DETERMINISTIC_LABORATORY_RULES,False,False,True,False,False,False,False,40,40,0,0,0,True,True,511,0.9899132251739502,0.9990447163581848,921042b076b00113d79a7db437760169341ed30f5dfced6479b55a0aae9516c0,0a58960f6142fad4876a7eacf986c1d59f503dc47c53559a858505232b3c6bcf,f8b5283c3e85f1bc8b4e6e3bde6cc88ee2c61eb45dc03299a6432a593d0fcd03,25.55,511.0,62.09,62.39,61.85,2.6,0.11,0.01,2.1,0.030000000000001137,4.7,32.800000000000004,0.0,0.0,4.800000000000001,2.0,3415.0,115.4,1.0,117.30000000000001,77.0,66.0,2.0,79.60000000000001,98.0,398.70000000000005,80.0,30.0,0.012,1.9000000000000001,2.0,1.0,1.0,2.0,0.0,0.0,0.0,1.0,1.0,1.0,1.0,255.0,1.0,1.0,1.0,255.0,0.05,0.0,1.0,1.0,1.0,1.0,0.0,0.0,0.0,0.0,1.0,255.0,0.0,0.0,0.0,0.0,0.0,1.0,1.0,50.0,50.0,0.0,12.59,1.0,0.030000000000001137,0.0,1.9000000000000057,4.7,31.896000000000004,30.0,3785.120000000001,True,False,False,3ece1d30f66b776e035b4923600893585b509943559db20a7abcee708d902b55,c1fe5773db52a2ff3a8bcb7562401ae59dbbffa89bebd958a63957ca19becaf9
P5_8_0512,512,512,25.6,EV-LAB-001,NORMAL_BASELINE,NORMAL_LABORATORY_STATE,all_lab_rules_within_thresholds,DETERMINISTIC_LABORATORY_RULES,False,False,True,False,False,False,False,40,40,0,0,0,True,True,512,0.9899089336395264,0.9990449547767639,3e426bc3fa542fd40cfae4c54b8ec62097c1720cdbd26219a6867d09780cea3c,0a58960f6142fad4876a7eacf986c1d59f503dc47c53559a858505232b3c6bcf,f8b5283c3e85f1bc8b4e6e3bde6cc88ee2c61eb45dc03299a6432a593d0fcd03,25.6,512.0,62.14,62.53,61.93,2.6,0.11,0.0,2.0,0.09000000000000341,4.6,33.6,0.0,0.0,4.800000000000001,2.0,3418.0,116.4,1.0,115.5,77.0,66.0,2.0,79.60000000000001,98.0,399.1,81.5,30.0,0.011,2.0,2.0,1.0,1.0,2.0,0.0,0.0,0.0,1.0,1.0,1.0,1.0,0.0,1.0,1.0,1.0,0.0,0.05,0.0,1.0,1.0,1.0,1.0,0.0,0.0,0.0,0.0,1.0,0.0,0.0,0.0,0.0,0.0,0.0,1.0,1.0,50.0,50.0,0.0,12.58,1.0,0.09000000000000341,0.0,0.9000000000000057,4.6,32.526650000000004,30.0,3911.0400000000004,True,False,False,c1fe5773db52a2ff3a8bcb7562401ae59dbbffa89bebd958a63957ca19becaf9,d274b5ffd1727f91e335d0803b624eb1ea9bbdad31a6901f58458dcd1da77c9a
P5_8_0513,513,513,25.65,EV-LAB-001,NORMAL_BASELINE,NORMAL_LABORATORY_STATE,all_lab_rules_within_thresholds,DETERMINISTIC_LABORATORY_RULES,False,False,True,False,False,False,False,40,40,0,0,0,True,True,513,0.9899047017097473,0.9990450739860535,909a81d8890e9e5c9ddde29b973553f0e8e971458ca6c723baff6e79f3173069,0a58960f6142fad4876a7eacf986c1d59f503dc47c53559a858505232b3c6bcf,f8b5283c3e85f1bc8b4e6e3bde6cc88ee2c61eb45dc03299a6432a593d0fcd03,25.65,513.0,62.190000000000005,62.32,61.9,2.6,0.11,0.0,2.1,0.0800000000000054,4.7,32.4,0.0,0.0,4.800000000000001,2.0,3421.0,114.80000000000001,1.0,113.30000000000001,78.0,66.0,2.0,79.60000000000001,98.0,398.5,80.30000000000001,30.0,0.009000000000000001,2.0,2.0,1.0,1.0,2.0,0.0,0.0,0.0,1.0,1.0,1.0,1.0,1.0,1.0,1.0,1.0,1.0,0.05,0.0,1.0,1.0,1.0,1.0,0.0,0.0,0.0,0.0,1.0,1.0,0.0,0.0,0.0,0.0,0.0,1.0,1.0,50.0,50.0,0.0,12.620000000000001,1.0,0.0800000000000054,0.0,1.5,4.7,31.999550000000003,30.0,3719.52,True,False,False,d274b5ffd1727f91e335d0803b624eb1ea9bbdad31a6901f58458dcd1da77c9a,a738a7cbe921d81080f9597ca9e25a76f0d1ade832c732104a6edeb48475b31f
P5_8_0514,514,514,25.7,EV-LAB-001,NORMAL_BASELINE,NORMAL_LABORATORY_STATE,all_lab_rules_within_thresholds,DETERMINISTIC_LABORATORY_RULES,False,False,True,False,False,False,False,40,40,0,0,0,True,True,514,0.9899006485939026,0.9990453124046326,f24e9ebac6b2a17cef070dbda68070d0bbfad87bfda836f3a574dee13ce94f2c,0a58960f6142fad4876a7eacf986c1d59f503dc47c53559a858505232b3c6bcf,f8b5283c3e85f1bc8b4e6e3bde6cc88ee2c61eb45dc03299a6432a593d0fcd03,25.7,514.0,62.24,62.43,62.02,2.6,0.1,0.0,2.1,0.015000000000000568,4.7,34.0,0.0,0.0,4.800000000000001,2.0,3423.0,116.60000000000001,1.0,116.2,77.0,66.0,2.0,79.60000000000001,98.0,398.40000000000003,80.80000000000001,30.0,0.015,1.9000000000000001,2.0,1.0,1.0,2.0,0.0,0.0,0.0,1.0,1.0,1.0,1.0,2.0,1.0,1.0,1.0,2.0,0.05,0.0,1.0,1.0,1.0,1.0,0.0,0.0,0.0,0.0,1.0,2.0,0.0,0.0,0.0,0.0,0.0,1.0,1.0,50.0,50.0,0.0,12.6,1.0,0.015000000000000568,0.0,0.4000000000000057,4.7,32.190720000000006,30.0,3964.4,True,False,False,a738a7cbe921d81080f9597ca9e25a76f0d1ade832c732104a6edeb48475b31f,cf379882d3b2731023c21eb702e8b182d5a01757f853b10b6afeedac7079e1e2
P5_8_0515,515,515,25.75,EV-LAB-001,NORMAL_BASELINE,NORMAL_LABORATORY_STATE,all_lab_rules_within_thresholds,DETERMINISTIC_LABORATORY_RULES,False,False,True,False,False,False,False,40,40,0,0,0,True,True,515,0.9898966550827026,0.9990454316139221,d429f010c42354cb68c682c84c9af1f28c9d3ad7a52f2fb43dabfc2ef7547f06,0a58960f6142fad4876a7eacf986c1d59f503dc47c53559a858505232b3c6bcf,f8b5283c3e85f1bc8b4e6e3bde6cc88ee2c61eb45dc03299a6432a593d0fcd03,25.75,515.0,62.29,62.440000000000005,62.120000000000005,2.5,0.1,0.01,2.0,0.00999999999999801,4.5,33.2,0.0,0.0,4.800000000000001,2.0,3426.0,115.80000000000001,1.0,115.80000000000001,77.0,66.0,2.0,79.60000000000001,98.0,397.8,81.4,30.0,0.01,2.2,2.0,1.0,1.0,2.0,0.0,0.0,0.0,1.0,1.0,1.0,1.0,3.0,1.0,1.0,1.0,3.0,0.05,0.0,1.0,1.0,1.0,1.0,0.0,0.0,0.0,0.0,1.0,3.0,0.0,0.0,0.0,0.0,0.0,1.0,1.0,50.0,50.0,0.0,12.55,1.0,0.00999999999999801,0.0,0.0,4.5,32.38092,30.0,3844.560000000001,True,False,False,cf379882d3b2731023c21eb702e8b182d5a01757f853b10b6afeedac7079e1e2,c924cca96231c1e716c069b4278410e993200dc04370a273fba6d1d3925bfba7
P5_8_0516,516,516,25.8,EV-LAB-001,NORMAL_BASELINE,NORMAL_LABORATORY_STATE,all_lab_rules_within_thresholds,DETERMINISTIC_LABORATORY_RULES,False,False,True,False,False,False,False,40,40,0,0,0,True,True,516,0.9898926615715027,0.9990456700325012,5c283d632faa29ca4cef5a32a07aa8be0386e10c22921b1ff0fb1c050dca4d0c,0a58960f6142fad4876a7eacf986c1d59f503dc47c53559a858505232b3c6bcf,f8b5283c3e85f1bc8b4e6e3bde6cc88ee2c61eb45dc03299a6432a593d0fcd03,25.8,516.0,62.34,62.620000000000005,62.03,2.5,0.1,0.01,2.0,0.015000000000000568,4.5,34.0,0.0,0.0,4.800000000000001,2.0,3429.0,116.7,1.0,114.80000000000001,78.0,66.0,2.0,79.60000000000001,98.0,398.40000000000003,80.9,30.0,0.009000000000000001,1.9000000000000001,2.0,1.0,1.0,2.0,0.0,0.0,0.0,1.0,1.0,1.0,1.0,4.0,1.0,1.0,1.0,4.0,0.05,0.0,1.0,1.0,1.0,1.0,0.0,0.0,0.0,0.0,1.0,4.0,0.0,0.0,0.0,0.0,0.0,1.0,1.0,50.0,50.0,0.0,12.540000000000001,1.0,0.015000000000000568,0.0,1.8999999999999915,4.5,32.230560000000004,30.0,3967.8,True,False,False,c924cca96231c1e716c069b4278410e993200dc04370a273fba6d1d3925bfba7,0585b511b9d73cbbac7065f453e1a08c69c69a2c372f75dbe14f21240a77bf48
P5_8_0517,517,517,25.85,EV-LAB-001,NORMAL_BASELINE,NORMAL_LABORATORY_STATE,all_lab_rules_within_thresholds,DETERMINISTIC_LABORATORY_RULES,False,False,True,False,False,False,False,40,40,0,0,0,True,True,517,0.9898888468742371,0.9990459084510803,60e033a53524d87d8c62d6517d75f86129a07d6303f30f1e7e65ef6d70b78b4a,0a58960f6142fad4876a7eacf986c1d59f503dc47c53559a858505232b3c6bcf,f8b5283c3e85f1bc8b4e6e3bde6cc88ee2c61eb45dc03299a6432a593d0fcd03,25.85,517.0,62.39,62.730000000000004,62.190000000000005,2.5,0.1,0.01,2.0,0.07000000000000739,4.5,33.6,0.0,0.0,4.800000000000001,2.0,3431.0,116.10000000000001,1.0,116.4,77.0,66.0,2.0,79.60000000000001,98.0,398.40000000000003,83.5,30.0,0.013000000000000001,1.9000000000000001,2.0,1.0,1.0,2.0,0.0,0.0,0.0,1.0,1.0,1.0,1.0,5.0,1.0,1.0,1.0,5.0,0.05,0.0,1.0,1.0,1.0,1.0,0.0,0.0,0.0,0.0,1.0,5.0,0.0,0.0,0.0,0.0,0.0,1.0,1.0,50.0,50.0,0.0,12.57,1.0,0.07000000000000739,0.0,0.29999999999999716,4.5,33.266400000000004,30.0,3900.9600000000005,True,False,False,0585b511b9d73cbbac7065f453e1a08c69c69a2c372f75dbe14f21240a77bf48,4e66cffaa87c7b4aff98070d2e049194562f5211fa23b26a8a255375b6757bc5
P5_8_0518,518,518,25.9,EV-LAB-001,NORMAL_BASELINE,NORMAL_LABORATORY_STATE,all_lab_rules_within_thresholds,DETERMINISTIC_LABORATORY_RULES,False,False,True,False,False,False,False,40,40,0,0,0,True,True,518,0.9898849725723267,0.9990460276603699,e75280f9535b0a9b08d8550daae3188e105b9b98d108081f9c09ecf84e79b35a,0a58960f6142fad4876a7eacf986c1d59f503dc47c53559a858505232b3c6bcf,f8b5283c3e85f1bc8b4e6e3bde6cc88ee2c61eb45dc03299a6432a593d0fcd03,25.9,518.0,62.440000000000005,62.61,62.24,2.5,0.09,0.0,2.1,0.015000000000007674,4.6,33.2,0.0,0.0,4.800000000000001,2.0,3434.0,116.10000000000001,1.0,115.10000000000001,77.0,65.0,2.0,79.60000000000001,98.0,398.90000000000003,83.0,30.0,0.014,1.8,2.0,1.0,1.0,2.0,0.0,0.0,0.0,1.0,1.0,1.0,1.0,6.0,1.0,1.0,1.0,6.0,0.05,0.0,1.0,1.0,1.0,1.0,0.0,0.0,0.0,0.0,1.0,6.0,0.0,0.0,0.0,0.0,0.0,1.0,1.0,50.0,50.0,0.0,12.58,1.0,0.015000000000007674,0.0,1.0,4.6,33.108700000000006,30.0,3854.5200000000004,True,False,False,4e66cffaa87c7b4aff98070d2e049194562f5211fa23b26a8a255375b6757bc5,bb3a75eaa1b3d29e8643a063154e6a7d2b1688dfd6b2c5aba937b900af2e4e5e
P5_8_0519,519,519,25.95,EV-LAB-001,NORMAL_BASELINE,NORMAL_LABORATORY_STATE,all_lab_rules_within_thresholds,DETERMINISTIC_LABORATORY_RULES,False,False,True,False,False,False,False,40,40,0,0,0,True,True,519,0.9898813366889954,0.999046266078949,1e96157696a07ba67ac3e3f450a43bf8d95790102c15e7c001639fa195176c03,0a58960f6142fad4876a7eacf986c1d59f503dc47c53559a858505232b3c6bcf,f8b5283c3e85f1bc8b4e6e3bde6cc88ee2c61eb45dc03299a6432a593d0fcd03,25.95,519.0,62.480000000000004,62.620000000000005,62.230000000000004,2.5,0.09,0.01,2.0,0.054999999999999716,4.5,34.0,0.0,0.0,4.800000000000001,2.0,3436.0,116.60000000000001,1.0,117.0,77.0,65.0,2.0,79.60000000000001,98.0,398.6,82.9,30.0,0.014,2.0,2.0,1.0,1.0,2.0,0.0,0.0,0.0,1.0,1.0,1.0,1.0,7.0,1.0,1.0,1.0,7.0,0.05,0.0,1.0,1.0,1.0,1.0,0.0,0.0,0.0,0.0,1.0,7.0,0.0,0.0,0.0,0.0,0.0,1.0,1.0,50.0,50.0,0.0,12.49,1.0,0.054999999999999716,0.0,0.3999999999999915,4.5,33.04394,30.0,3964.4,True,False,False,bb3a75eaa1b3d29e8643a063154e6a7d2b1688dfd6b2c5aba937b900af2e4e5e,4292985389cf59337c3ba7203a28de2d0c6a329e729aa3beaaafd28a1a21ed70
P5_8_0520,520,520,26.0,EV-LAB-001,NORMAL_BASELINE,NORMAL_LABORATORY_STATE,all_lab_rules_within_thresholds,DETERMINISTIC_LABORATORY_RULES,False,False,True,False,False,False,False,40,40,0,0,0,True,True,520,0.9898776412010193,0.9990463852882385,73fcf849fcc417bef3d9e41e888e8f7620c949a0c6c9b791ec3ec4d5646e3733,0a58960f6142fad4876a7eacf986c1d59f503dc47c53559a858505232b3c6bcf,f8b5283c3e85f1bc8b4e6e3bde6cc88ee2c61eb45dc03299a6432a593d0fcd03,26.0,520.0,62.53,62.74,62.230000000000004,2.5,0.09,0.01,2.0,0.045000000000001705,4.5,32.0,0.0,0.0,4.800000000000001,2.0,3439.0,114.30000000000001,1.0,115.30000000000001,78.0,66.0,2.0,79.60000000000001,98.0,398.0,78.2,31.0,0.014,1.6,2.0,1.0,1.0,2.0,0.0,0.0,0.0,1.0,1.0,1.0,1.0,8.0,1.0,1.0,1.0,8.0,0.05,0.0,1.0,1.0,1.0,1.0,0.0,0.0,0.0,0.0,1.0,8.0,0.0,0.0,0.0,0.0,0.0,1.0,1.0,50.0,50.0,0.0,12.66,1.0,0.045000000000001705,0.0,1.0,4.5,31.123600000000003,31.0,3657.6000000000004,True,False,False,4292985389cf59337c3ba7203a28de2d0c6a329e729aa3beaaafd28a1a21ed70,6022715ba1393fbcf231beddabf459c24377ce25a2268e079d1e5402fed1c26b
P5_8_0521,521,521,26.05,EV-LAB-001,NORMAL_BASELINE,NORMAL_LABORATORY_STATE,all_lab_rules_within_thresholds,DETERMINISTIC_LABORATORY_RULES,False,False,True,False,False,False,False,40,40,0,0,0,True,True,521,0.9898741245269775,0.9990465044975281,476e1eaf1b52df5edf0726b881918dbaefefc82ceca1d383c109dbcb4f12e563,0a58960f6142fad4876a7eacf986c1d59f503dc47c53559a858505232b3c6bcf,f8b5283c3e85f1bc8b4e6e3bde6cc88ee2c61eb45dc03299a6432a593d0fcd03,26.05,521.0,62.57,62.74,62.38,2.5,0.09,0.01,1.9000000000000001,0.00999999999999801,4.4,34.0,0.0,0.0,4.800000000000001,2.0,3441.0,116.7,1.0,117.9,78.0,66.0,2.0,79.60000000000001,98.0,398.20000000000005,82.2,30.0,0.012,2.2,2.0,1.0,1.0,2.0,0.0,0.0,0.0,1.0,1.0,1.0,1.0,9.0,1.0,1.0,1.0,9.0,0.05,0.0,1.0,1.0,1.0,1.0,0.0,0.0,0.0,0.0,1.0,9.0,0.0,0.0,0.0,0.0,0.0,1.0,1.0,50.0,50.0,0.0,12.61,1.0,0.00999999999999801,0.0,1.2000000000000028,4.4,32.732040000000005,30.0,3967.8,True,False,False,6022715ba1393fbcf231beddabf459c24377ce25a2268e079d1e5402fed1c26b,6806e62751b48b331b6718c9028b7feddb8221645de5812fcd8bdc80403c0219
P5_8_0522,522,522,26.1,EV-LAB-001,NORMAL_BASELINE,NORMAL_LABORATORY_STATE,all_lab_rules_within_thresholds,DETERMINISTIC_LABORATORY_RULES,False,False,True,False,False,False,False,40,40,0,0,0,True,True,522,0.9898706078529358,0.9990467429161072,b294a29469dbe7901da59e7aa8196fa626d4a5f85561f159741388be31ec8cc8,0a58960f6142fad4876a7eacf986c1d59f503dc47c53559a858505232b3c6bcf,f8b5283c3e85f1bc8b4e6e3bde6cc88ee2c61eb45dc03299a6432a593d0fcd03,26.1,522.0,62.61,62.940000000000005,62.4,2.4000000000000004,0.09,0.01,2.0,0.060000000000002274,4.4,34.4,0.0,0.0,4.800000000000001,2.0,3444.0,117.10000000000001,1.0,118.2,77.0,65.0,2.0,79.60000000000001,98.0,398.5,81.7,30.0,0.012,1.8,2.0,1.0,1.0,2.0,0.0,0.0,0.0,1.0,1.0,1.0,1.0,10.0,1.0,1.0,1.0,10.0,0.05,0.0,1.0,1.0,1.0,1.0,0.0,0.0,0.0,0.0,1.0,10.0,0.0,0.0,0.0,0.0,0.0,1.0,1.0,50.0,50.0,0.0,12.63,1.0,0.060000000000002274,0.0,1.0999999999999943,4.4,32.55745,30.0,4028.2400000000002,True,False,False,6806e62751b48b331b6718c9028b7feddb8221645de5812fcd8bdc80403c0219,a5c22685cee01e10871b24ca3a064513876c8f01b896040da1040564e4115e25
P5_8_0523,523,523,26.15,EV-LAB-001,NORMAL_BASELINE,NORMAL_LABORATORY_STATE,all_lab_rules_within_thresholds,DETERMINISTIC_LABORATORY_RULES,False,False,True,False,False,False,False,40,40,0,0,0,True,True,523,0.9898673295974731,0.9990468621253967,436e3ef889aeffe4e841c527b5ba06d0031e9eabeb6935d72c00044821cb7dbc,0a58960f6142fad4876a7eacf986c1d59f503dc47c53559a858505232b3c6bcf,f8b5283c3e85f1bc8b4e6e3bde6cc88ee2c61eb45dc03299a6432a593d0fcd03,26.15,523.0,62.65,62.95,62.49,2.4000000000000004,0.08,0.01,2.0,0.07000000000000028,4.4,33.2,0.0,0.0,4.800000000000001,2.0,3446.0,116.0,1.0,118.30000000000001,77.0,66.0,2.0,79.60000000000001,98.0,399.3,80.60000000000001,30.0,0.01,1.9000000000000001,2.0,1.0,1.0,2.0,0.0,0.0,0.0,1.0,1.0,1.0,1.0,11.0,1.0,1.0,1.0,11.0,0.05,0.0,1.0,1.0,1.0,1.0,0.0,0.0,0.0,0.0,1.0,11.0,0.0,0.0,0.0,0.0,0.0,1.0,1.0,50.0,50.0,0.0,12.61,1.0,0.07000000000000028,0.0,2.3000000000000114,4.4,32.183580000000006,30.0,3851.2000000000003,True,False,False,a5c22685cee01e10871b24ca3a064513876c8f01b896040da1040564e4115e25,61ab68be35eb1478da81351736c2081f9df8564beed5bd60f572eb636b771b09
P5_8_0524,524,524,26.2,EV-LAB-001,NORMAL_BASELINE,NORMAL_LABORATORY_STATE,all_lab_rules_within_thresholds,DETERMINISTIC_LABORATORY_RULES,False,False,True,False,False,False,False,40,40,0,0,0,True,True,524,0.989863932132721,0.9990469813346863,0dba5362fb9c8d2144e98e2a3d774c718e0227fb5050ef611974a89dfa57fe15,0a58960f6142fad4876a7eacf986c1d59f503dc47c53559a858505232b3c6bcf,f8b5283c3e85f1bc8b4e6e3bde6cc88ee2c61eb45dc03299a6432a593d0fcd03,26.2,524.0,62.690000000000005,63.01,62.51,2.4000000000000004,0.08,0.01,1.9000000000000001,0.06999999999999318,4.300000000000001,35.2,0.0,0.0,4.800000000000001,2.0,3448.0,118.4,1.0,120.80000000000001,77.0,66.0,2.0,79.60000000000001,98.0,398.3,83.2,30.0,0.011,1.9000000000000001,2.0,1.0,1.0,2.0,0.0,0.0,0.0,1.0,1.0,1.0,1.0,12.0,1.0,1.0,1.0,12.0,0.05,0.0,1.0,1.0,1.0,1.0,0.0,0.0,0.0,0.0,1.0,12.0,0.0,0.0,0.0,0.0,0.0,1.0,1.0,50.0,50.0,0.0,12.64,1.0,0.06999999999999318,0.0,2.4000000000000057,4.300000000000001,33.138560000000005,30.0,4167.68,True,False,False,61ab68be35eb1478da81351736c2081f9df8564beed5bd60f572eb636b771b09,6d644d21fa15b364e82033a0e1cc304598c3ebfa2a706a247f420646398a283d
P5_8_0525,525,525,26.25,EV-LAB-001,NORMAL_BASELINE,NORMAL_LABORATORY_STATE,all_lab_rules_within_thresholds,DETERMINISTIC_LABORATORY_RULES,False,False,True,False,False,False,False,40,40,0,0,0,True,True,525,0.9898607730865479,0.9990472197532654,e5726ca870821f22211ebc06c77ecd478f97d16d657aafba180be59b5ca91de5,0a58960f6142fad4876a7eacf986c1d59f503dc47c53559a858505232b3c6bcf,f8b5283c3e85f1bc8b4e6e3bde6cc88ee2c61eb45dc03299a6432a593d0fcd03,26.25,525.0,62.730000000000004,63.09,62.61,2.4000000000000004,0.08,0.01,2.0,0.11999999999999744,4.4,34.0,0.0,0.0,4.800000000000001,2.0,3450.0,117.0,1.0,116.80000000000001,79.0,66.0,2.0,79.60000000000001,98.0,398.1,83.10000000000001,31.0,0.01,1.8,2.0,1.0,1.0,2.0,0.0,0.0,0.0,1.0,1.0,1.0,1.0,13.0,1.0,1.0,1.0,13.0,0.05,0.0,1.0,1.0,1.0,1.0,0.0,0.0,0.0,0.0,1.0,13.0,0.0,0.0,0.0,0.0,0.0,1.0,1.0,50.0,50.0,0.0,12.56,1.0,0.11999999999999744,0.0,0.19999999999998863,4.4,33.08211000000001,31.0,3978.0,True,False,False,6d644d21fa15b364e82033a0e1cc304598c3ebfa2a706a247f420646398a283d,aba1fad55b01963b02044568643b9dfdc5331d7d69c735c23abec09c6296ce05
P5_8_0526,526,526,26.3,EV-LAB-001,NORMAL_BASELINE,NORMAL_LABORATORY_STATE,all_lab_rules_within_thresholds,DETERMINISTIC_LABORATORY_RULES,False,False,True,False,False,False,False,40,40,0,0,0,True,True,526,0.98985755443573,0.9990473389625549,1af9623a734676b00d6686c4b164df21b712681e7150a8e0a1f4c4c46a677dd7,0a58960f6142fad4876a7eacf986c1d59f503dc47c53559a858505232b3c6bcf,f8b5283c3e85f1bc8b4e6e3bde6cc88ee2c61eb45dc03299a6432a593d0fcd03,26.3,526.0,62.77,63.0,62.620000000000005,2.4000000000000004,0.08,0.01,1.9000000000000001,0.03999999999999915,4.300000000000001,35.6,0.0,0.0,4.800000000000001,2.0,3452.0,118.7,1.0,119.80000000000001,78.0,65.0,2.0,79.60000000000001,98.0,398.8,84.30000000000001,30.0,0.011,1.8,2.0,1.0,1.0,2.0,0.0,0.0,0.0,1.0,1.0,1.0,1.0,14.0,1.0,1.0,1.0,14.0,0.05,0.0,1.0,1.0,1.0,1.0,0.0,0.0,0.0,0.0,1.0,14.0,0.0,0.0,0.0,0.0,0.0,1.0,1.0,50.0,50.0,0.0,12.61,1.0,0.03999999999999915,0.0,1.1000000000000085,4.300000000000001,33.618840000000006,30.0,4225.72,True,False,False,aba1fad55b01963b02044568643b9dfdc5331d7d69c735c23abec09c6296ce05,499016891fde1c42995695d83061698917fd378501fb40b1aa6d63b50baa68b4
P5_8_0527,527,527,26.35,EV-LAB-001,NORMAL_BASELINE,NORMAL_LABORATORY_STATE,all_lab_rules_within_thresholds,DETERMINISTIC_LABORATORY_RULES,False,False,True,False,False,False,False,40,40,0,0,0,True,True,527,0.9898543953895569,0.9990474581718445,5c36628fde1bda68013bd058a4b98bc57ae01ef0717e7b085c65aab881f10ef0,0a58960f6142fad4876a7eacf986c1d59f503dc47c53559a858505232b3c6bcf,f8b5283c3e85f1bc8b4e6e3bde6cc88ee2c61eb45dc03299a6432a593d0fcd03,26.35,527.0,62.81,63.07,62.58,2.4000000000000004,0.08,0.01,1.9000000000000001,0.015000000000000568,4.300000000000001,35.6,0.0,0.0,4.800000000000001,2.0,3455.0,118.80000000000001,1.0,118.2,78.0,66.0,2.0,79.60000000000001,98.0,398.3,85.10000000000001,30.0,0.011,2.0,2.0,1.0,1.0,2.0,0.0,0.0,0.0,1.0,1.0,1.0,1.0,15.0,1.0,1.0,1.0,15.0,0.05,0.0,1.0,1.0,1.0,1.0,0.0,0.0,0.0,0.0,1.0,15.0,0.0,0.0,0.0,0.0,0.0,1.0,1.0,50.0,50.0,0.0,12.6,1.0,0.015000000000000568,0.0,0.6000000000000085,4.300000000000001,33.89533,30.0,4229.280000000001,True,False,False,499016891fde1c42995695d83061698917fd378501fb40b1aa6d63b50baa68b4,f2b1646e1cae79bc6069987bbb30c42c3d6bd68962ca44c1464191f788f035b9
P5_8_0528,528,528,26.4,EV-LAB-001,NORMAL_BASELINE,NORMAL_LABORATORY_STATE,all_lab_rules_within_thresholds,DETERMINISTIC_LABORATORY_RULES,False,False,True,False,False,False,False,40,40,0,0,0,True,True,528,0.9898513555526733,0.999047577381134,1862caee58b1191b3f712a0c00f0f65f18a4c698a88e90370fd2c4b20165390c,0a58960f6142fad4876a7eacf986c1d59f503dc47c53559a858505232b3c6bcf,f8b5283c3e85f1bc8b4e6e3bde6cc88ee2c61eb45dc03299a6432a593d0fcd03,26.4,528.0,62.85,62.99,62.59,2.3000000000000003,0.08,0.01,1.9000000000000001,0.05999999999999517,4.2,35.2,0.0,0.0,4.800000000000001,2.0,3457.0,118.4,1.0,115.80000000000001,77.0,65.0,2.0,79.60000000000001,98.0,398.3,83.2,30.0,0.016,2.0,2.0,1.0,1.0,2.0,0.0,0.0,0.0,1.0,1.0,1.0,1.0,16.0,1.0,1.0,1.0,16.0,0.05,0.0,1.0,1.0,1.0,1.0,0.0,0.0,0.0,0.0,1.0,16.0,0.0,0.0,0.0,0.0,0.0,1.0,1.0,50.0,50.0,0.0,12.55,1.0,0.05999999999999517,0.0,2.5999999999999943,4.2,33.138560000000005,30.0,4167.68,True,False,False,f2b1646e1cae79bc6069987bbb30c42c3d6bd68962ca44c1464191f788f035b9,1b24f008ba26ef0d7e7a613d18e3f4f03fa7e7f76810a63afe40ad22b45efc3d
P5_8_0529,529,529,26.45,EV-LAB-001,NORMAL_BASELINE,NORMAL_LABORATORY_STATE,all_lab_rules_within_thresholds,DETERMINISTIC_LABORATORY_RULES,False,False,True,False,False,False,False,40,40,0,0,0,True,True,529,0.9898484349250793,0.9990478157997131,c5949a5fd5e7b7a16dce7886c14a1233f00686774504005bb3379960dd50b975,0a58960f6142fad4876a7eacf986c1d59f503dc47c53559a858505232b3c6bcf,f8b5283c3e85f1bc8b4e6e3bde6cc88ee2c61eb45dc03299a6432a593d0fcd03,26.45,529.0,62.88,63.24,62.67,2.3000000000000003,0.08,0.01,1.9000000000000001,0.07499999999999574,4.2,35.6,0.0,0.0,4.800000000000001,2.0,3459.0,118.80000000000001,1.0,118.30000000000001,78.0,66.0,2.0,79.60000000000001,98.0,398.40000000000003,83.4,30.0,0.013000000000000001,2.1,2.0,1.0,1.0,2.0,0.0,0.0,0.0,1.0,1.0,1.0,1.0,17.0,1.0,1.0,1.0,17.0,0.05,0.0,1.0,1.0,1.0,1.0,0.0,0.0,0.0,0.0,1.0,17.0,0.0,0.0,0.0,0.0,0.0,1.0,1.0,50.0,50.0,0.0,12.6,1.0,0.07499999999999574,0.0,0.5,4.2,33.226560000000006,30.0,4229.280000000001,True,False,False,1b24f008ba26ef0d7e7a613d18e3f4f03fa7e7f76810a63afe40ad22b45efc3d,4513198a06550b85c21bdd4be790b62c18103fe41d36dfccd57d9a15825a06b2
P5_8_0530,530,530,26.5,EV-LAB-001,NORMAL_BASELINE,NORMAL_LABORATORY_STATE,all_lab_rules_within_thresholds,DETERMINISTIC_LABORATORY_RULES,False,False,True,False,False,False,False,40,40,0,0,0,True,True,530,0.9898455142974854,0.9990479350090027,34ca9349c41981670fe3a19f03f639714c53d5ba268c2651eaf5602cba45f33b,0a58960f6142fad4876a7eacf986c1d59f503dc47c53559a858505232b3c6bcf,f8b5283c3e85f1bc8b4e6e3bde6cc88ee2c61eb45dc03299a6432a593d0fcd03,26.5,530.0,62.92,63.18,62.83,2.3000000000000003,0.07,0.01,1.9000000000000001,0.08499999999999375,4.2,35.2,0.0,0.0,4.800000000000001,2.0,3461.0,118.4,1.0,118.0,78.0,66.0,2.0,79.60000000000001,98.0,398.6,82.2,30.0,0.018000000000000002,2.0,2.0,1.0,1.0,2.0,0.0,0.0,0.0,1.0,1.0,1.0,1.0,18.0,1.0,1.0,1.0,18.0,0.05,0.0,1.0,1.0,1.0,1.0,0.0,0.0,0.0,0.0,1.0,18.0,0.0,0.0,0.0,0.0,0.0,1.0,1.0,50.0,50.0,0.0,12.6,1.0,0.08499999999999375,0.0,0.4000000000000057,4.2,32.764920000000004,30.0,4167.68,True,False,False,4513198a06550b85c21bdd4be790b62c18103fe41d36dfccd57d9a15825a06b2,dcae0c3c370e085b25ce181694e30287478bfc325d5e8e8fec9519d2f905b0d1
P5_8_0531,531,531,26.55,EV-LAB-001,NORMAL_BASELINE,NORMAL_LABORATORY_STATE,all_lab_rules_within_thresholds,DETERMINISTIC_LABORATORY_RULES,False,False,True,False,False,False,False,40,40,0,0,0,True,True,531,0.9898425936698914,0.9990480542182922,7d85040f810adfa3e00fb799ce3da3436b885de14ca9ce66a57c76ae24855765,0a58960f6142fad4876a7eacf986c1d59f503dc47c53559a858505232b3c6bcf,f8b5283c3e85f1bc8b4e6e3bde6cc88ee2c61eb45dc03299a6432a593d0fcd03,26.55,531.0,62.96,63.190000000000005,62.81,2.3000000000000003,0.07,0.01,1.8,0.03999999999999915,4.1000000000000005,34.800000000000004,0.0,0.0,4.800000000000001,2.0,3463.0,118.0,1.0,118.10000000000001,78.0,66.0,2.0,79.60000000000001,98.0,398.70000000000005,83.2,30.0,0.01,1.9000000000000001,2.0,1.0,1.0,2.0,0.0,0.0,0.0,1.0,1.0,1.0,1.0,19.0,1.0,1.0,1.0,19.0,0.05,0.0,1.0,1.0,1.0,1.0,0.0,0.0,0.0,0.0,1.0,19.0,0.0,0.0,0.0,0.0,0.0,1.0,1.0,50.0,50.0,0.0,12.61,1.0,0.03999999999999915,0.0,0.10000000000000853,4.1000000000000005,33.17184,30.0,4106.400000000001,True,False,False,dcae0c3c370e085b25ce181694e30287478bfc325d5e8e8fec9519d2f905b0d1,fd7a30677d70c77e3ea5efe311e76e97f6feebe318dc2e5673f79b579ccc57f7
P5_8_0532,532,532,26.6,EV-LAB-001,NORMAL_BASELINE,NORMAL_LABORATORY_STATE,all_lab_rules_within_thresholds,DETERMINISTIC_LABORATORY_RULES,False,False,True,False,False,False,False,40,40,0,0,0,True,True,532,0.9898397922515869,0.9990481734275818,575f89f84d29c86b754d4c609acb34174855fe523611822d8d11904a97a581e0,0a58960f6142fad4876a7eacf986c1d59f503dc47c53559a858505232b3c6bcf,f8b5283c3e85f1bc8b4e6e3bde6cc88ee2c61eb45dc03299a6432a593d0fcd03,26.6,532.0,62.99,63.34,62.64,2.3000000000000003,0.07,0.01,1.8,0.0,4.1000000000000005,34.0,0.0,0.0,4.800000000000001,2.0,3464.0,116.60000000000001,1.0,118.4,77.0,67.0,2.0,79.60000000000001,98.0,399.3,83.10000000000001,30.0,0.013000000000000001,2.1,2.0,1.0,1.0,2.0,0.0,0.0,0.0,1.0,1.0,1.0,1.0,20.0,1.0,1.0,1.0,20.0,0.05,0.0,1.0,1.0,1.0,1.0,0.0,0.0,0.0,0.0,1.0,20.0,0.0,0.0,0.0,0.0,0.0,1.0,1.0,50.0,50.0,0.0,12.56,1.0,0.0,0.0,1.7999999999999972,4.1000000000000005,33.181830000000005,30.0,3964.4,True,False,False,fd7a30677d70c77e3ea5efe311e76e97f6feebe318dc2e5673f79b579ccc57f7,048989532fee82fc7b778df38e2270e6c54897df2b884ac06979499fffa07e99
P5_8_0533,533,533,26.65,EV-LAB-001,NORMAL_BASELINE,NORMAL_LABORATORY_STATE,all_lab_rules_within_thresholds,DETERMINISTIC_LABORATORY_RULES,False,False,True,False,False,False,False,40,40,0,0,0,True,True,533,0.9898369908332825,0.9990482926368713,d8d9d288e5e646997f14abc2dae4be08b7320d1bf004d9da511a65fd1375b32e,0a58960f6142fad4876a7eacf986c1d59f503dc47c53559a858505232b3c6bcf,f8b5283c3e85f1bc8b4e6e3bde6cc88ee2c61eb45dc03299a6432a593d0fcd03,26.65,533.0,63.03,63.440000000000005,62.82,2.2,0.07,0.01,1.8,0.10000000000000142,4.0,36.0,0.0,0.0,4.800000000000001,2.0,3466.0,119.30000000000001,1.0,122.0,77.0,66.0,2.0,79.60000000000001,98.0,398.6,82.9,30.0,0.013000000000000001,1.7000000000000002,2.0,1.0,1.0,2.0,0.0,0.0,0.0,1.0,1.0,1.0,1.0,21.0,1.0,1.0,1.0,21.0,0.05,0.0,1.0,1.0,1.0,1.0,0.0,0.0,0.0,0.0,1.0,21.0,0.0,0.0,0.0,0.0,0.0,1.0,1.0,50.0,50.0,0.0,12.61,1.0,0.10000000000000142,0.0,2.6999999999999886,4.0,33.04394,30.0,4294.8,True,False,False,048989532fee82fc7b778df38e2270e6c54897df2b884ac06979499fffa07e99,88db0983bf0b64343bfe57aa1effe043241c99923cd88d0e182a7ddc0d05b1fd
P5_8_0534,534,534,26.7,EV-LAB-001,NORMAL_BASELINE,NORMAL_LABORATORY_STATE,all_lab_rules_within_thresholds,DETERMINISTIC_LABORATORY_RULES,False,False,True,False,False,False,False,40,40,0,0,0,True,True,534,0.9898343086242676,0.9990484118461609,9dc7dc828a80aff4993b67eb40a062d36be17eecc927a67f56a48d1eb65a45dd,0a58960f6142fad4876a7eacf986c1d59f503dc47c53559a858505232b3c6bcf,f8b5283c3e85f1bc8b4e6e3bde6cc88ee2c61eb45dc03299a6432a593d0fcd03,26.7,534.0,63.06,63.27,62.82,2.2,0.07,0.01,1.8,0.015000000000000568,4.0,34.800000000000004,0.0,0.0,4.800000000000001,2.0,3468.0,117.9,1.0,118.4,78.0,66.0,2.0,79.60000000000001,98.0,398.8,80.60000000000001,30.0,0.008,2.1,2.0,1.0,1.0,2.0,0.0,0.0,0.0,1.0,1.0,1.0,1.0,22.0,1.0,1.0,1.0,22.0,0.05,0.0,1.0,1.0,1.0,1.0,0.0,0.0,0.0,0.0,1.0,22.0,0.0,0.0,0.0,0.0,0.0,1.0,1.0,50.0,50.0,0.0,12.620000000000001,1.0,0.015000000000000568,0.0,0.5,4.0,32.143280000000004,30.0,4102.920000000001,True,False,False,88db0983bf0b64343bfe57aa1effe043241c99923cd88d0e182a7ddc0d05b1fd,bf11a1b28e21a4feb823ad6f3decc1f759eafcdd55fcbe7f317abeace10d03b9
P5_8_0535,535,535,26.75,EV-LAB-001,NORMAL_BASELINE,NORMAL_LABORATORY_STATE,all_lab_rules_within_thresholds,DETERMINISTIC_LABORATORY_RULES,False,False,True,False,False,False,False,40,40,0,0,0,True,True,535,0.9898316264152527,0.9990485310554504,7483c8eeeda9b5091c678d9d1c5cdbeccd96644f925a60f99cdda173e516511b,0a58960f6142fad4876a7eacf986c1d59f503dc47c53559a858505232b3c6bcf,f8b5283c3e85f1bc8b4e6e3bde6cc88ee2c61eb45dc03299a6432a593d0fcd03,26.75,535.0,63.09,63.33,62.870000000000005,2.2,0.07,0.01,1.8,0.00999999999999801,4.0,34.4,0.0,0.0,4.800000000000001,2.0,3470.0,117.5,1.0,116.10000000000001,77.0,65.0,2.0,79.60000000000001,98.0,398.1,82.2,30.0,0.014,1.9000000000000001,2.0,1.0,1.0,2.0,0.0,0.0,0.0,1.0,1.0,1.0,1.0,23.0,1.0,1.0,1.0,23.0,0.05,0.0,1.0,1.0,1.0,1.0,0.0,0.0,0.0,0.0,1.0,23.0,0.0,0.0,0.0,0.0,0.0,1.0,1.0,50.0,50.0,0.0,12.6,1.0,0.00999999999999801,0.0,1.3999999999999915,4.0,32.72382,30.0,4042.0,True,False,False,bf11a1b28e21a4feb823ad6f3decc1f759eafcdd55fcbe7f317abeace10d03b9,4660e389dcf313b134d2a329020219905281f00b4adc51b77bd36a96c15384cd
P5_8_0536,536,536,26.8,EV-LAB-001,NORMAL_BASELINE,NORMAL_LABORATORY_STATE,all_lab_rules_within_thresholds,DETERMINISTIC_LABORATORY_RULES,False,False,True,False,False,False,False,40,40,0,0,0,True,True,536,0.989828884601593,0.99904865026474,4f7eaddfa3680ea504be5e9d9a2d1ee6edce40e3db1f16ebaf8f203218d6bf81,0a58960f6142fad4876a7eacf986c1d59f503dc47c53559a858505232b3c6bcf,f8b5283c3e85f1bc8b4e6e3bde6cc88ee2c61eb45dc03299a6432a593d0fcd03,26.8,536.0,63.13,63.230000000000004,63.03,2.2,0.07,0.01,1.7000000000000002,0.0,3.9000000000000004,35.2,0.0,0.0,4.800000000000001,2.0,3472.0,118.4,1.0,119.4,77.0,65.0,2.0,79.60000000000001,98.0,398.8,82.10000000000001,30.0,0.016,1.7000000000000002,2.0,1.0,1.0,2.0,0.0,0.0,0.0,1.0,1.0,1.0,1.0,24.0,1.0,1.0,1.0,24.0,0.05,0.0,1.0,1.0,1.0,1.0,0.0,0.0,0.0,0.0,1.0,24.0,0.0,0.0,0.0,0.0,0.0,1.0,1.0,50.0,50.0,0.0,12.64,1.0,0.0,0.0,1.0,3.9000000000000004,32.74148,30.0,4167.68,True,False,False,4660e389dcf313b134d2a329020219905281f00b4adc51b77bd36a96c15384cd,48a1c48470026a4b998443a081a819aaef67d837319a32b5709a372966902e8e
P5_8_0537,537,537,26.85,EV-LAB-001,NORMAL_BASELINE,NORMAL_LABORATORY_STATE,all_lab_rules_within_thresholds,DETERMINISTIC_LABORATORY_RULES,False,False,True,False,False,False,False,40,40,0,0,0,True,True,537,0.9898263216018677,0.9990487694740295,c903e2e251de48afaf2772af84cc1e49935ef3ed24bb160be9bbc96fd8794d66,0a58960f6142fad4876a7eacf986c1d59f503dc47c53559a858505232b3c6bcf,f8b5283c3e85f1bc8b4e6e3bde6cc88ee2c61eb45dc03299a6432a593d0fcd03,26.85,537.0,63.160000000000004,63.43,62.980000000000004,2.2,0.07,0.01,1.7000000000000002,0.0449999999999946,3.9000000000000004,34.4,0.0,0.0,4.800000000000001,2.0,3474.0,117.5,1.0,116.60000000000001,77.0,66.0,2.0,79.60000000000001,98.0,398.3,81.5,30.0,0.012,2.0,2.0,1.0,1.0,2.0,0.0,0.0,0.0,1.0,1.0,1.0,1.0,25.0,1.0,1.0,1.0,25.0,0.05,0.0,1.0,1.0,1.0,1.0,0.0,0.0,0.0,0.0,1.0,25.0,0.0,0.0,0.0,0.0,0.0,1.0,1.0,50.0,50.0,0.0,12.620000000000001,1.0,0.0449999999999946,0.0,0.8999999999999915,3.9000000000000004,32.46145,30.0,4042.0,True,False,False,48a1c48470026a4b998443a081a819aaef67d837319a32b5709a372966902e8e,0e181d99a6a03768730094c3382ef8fc4bff3f0028997195f08cd302bbe13299
P5_8_0538,538,538,26.9,EV-LAB-001,NORMAL_BASELINE,NORMAL_LABORATORY_STATE,all_lab_rules_within_thresholds,DETERMINISTIC_LABORATORY_RULES,False,False,True,False,False,False,False,40,40,0,0,0,True,True,538,0.9898237586021423,0.9990488886833191,a0c236247bec0e4c569838aa93369c51ac612777de8f29219be1249c66466534,0a58960f6142fad4876a7eacf986c1d59f503dc47c53559a858505232b3c6bcf,f8b5283c3e85f1bc8b4e6e3bde6cc88ee2c61eb45dc03299a6432a593d0fcd03,26.9,538.0,63.190000000000005,63.45,63.1,2.1,0.07,0.01,1.7000000000000002,0.08500000000000085,3.8000000000000003,36.0,0.0,0.0,4.800000000000001,2.0,3475.0,119.10000000000001,1.0,117.60000000000001,78.0,66.0,2.0,79.60000000000001,98.0,398.1,82.0,30.0,0.012,2.0,2.0,1.0,1.0,2.0,0.0,0.0,0.0,1.0,1.0,1.0,1.0,26.0,1.0,1.0,1.0,26.0,0.05,0.0,1.0,1.0,1.0,1.0,0.0,0.0,0.0,0.0,1.0,26.0,0.0,0.0,0.0,0.0,0.0,1.0,1.0,50.0,50.0,0.0,12.63,1.0,0.08500000000000085,0.0,1.5,3.8000000000000003,32.6442,30.0,4287.6,True,False,False,0e181d99a6a03768730094c3382ef8fc4bff3f0028997195f08cd302bbe13299,89f6cc5db88629ed9a3d85e149df8880d807f64ba643266d51e9fc434924b444
P5_8_0539,539,539,26.95,EV-LAB-001,NORMAL_BASELINE,NORMAL_LABORATORY_STATE,all_lab_rules_within_thresholds,DETERMINISTIC_LABORATORY_RULES,False,False,True,False,False,False,False,40,40,0,0,0,True,True,539,0.9898213148117065,0.9990490078926086,2bcf40ff32ea52d633755a7402bf0cc262639689ae9ba005bcd6fd8487595cd9,0a58960f6142fad4876a7eacf986c1d59f503dc47c53559a858505232b3c6bcf,f8b5283c3e85f1bc8b4e6e3bde6cc88ee2c61eb45dc03299a6432a593d0fcd03,26.95,539.0,63.22,63.440000000000005,63.08,2.1,0.06,0.01,1.6,0.04000000000000625,3.7,35.2,0.0,0.0,4.800000000000001,2.0,3477.0,118.4,1.0,120.7,78.0,66.0,2.0,79.60000000000001,98.0,400.0,82.80000000000001,30.0,0.009000000000000001,2.0,2.0,1.0,1.0,2.0,0.0,0.0,0.0,1.0,1.0,1.0,1.0,27.0,1.0,1.0,1.0,27.0,0.05,0.0,1.0,1.0,1.0,1.0,0.0,0.0,0.0,0.0,1.0,27.0,0.0,0.0,0.0,0.0,0.0,1.0,1.0,50.0,50.0,0.0,12.67,1.0,0.04000000000000625,0.0,2.299999999999997,3.7,33.120000000000005,30.0,4167.68,True,False,False,89f6cc5db88629ed9a3d85e149df8880d807f64ba643266d51e9fc434924b444,f9e8ed8edaa436a72eb3505797c4f0bc20f0cbb1d6d7d371e916381c952d0a62
P5_8_0540,540,540,27.0,EV-LAB-001,NORMAL_BASELINE,NORMAL_LABORATORY_STATE,all_lab_rules_within_thresholds,DETERMINISTIC_LABORATORY_RULES,False,False,True,False,False,False,False,40,40,0,0,0,True,True,540,0.9898188710212708,0.9990491271018982,f5e7d5eee365c2d8a62b410e57e9151a6c6140e253a5ebe5a44309764876d3d2,0a58960f6142fad4876a7eacf986c1d59f503dc47c53559a858505232b3c6bcf,f8b5283c3e85f1bc8b4e6e3bde6cc88ee2c61eb45dc03299a6432a593d0fcd03,27.0,540.0,63.25,63.52,62.97,2.1,0.06,0.01,1.7000000000000002,0.0049999999999954525,3.8000000000000003,35.2,0.0,0.0,4.800000000000001,2.0,3479.0,118.10000000000001,1.0,116.7,79.0,65.0,2.0,79.60000000000001,98.0,397.90000000000003,82.5,30.0,0.014,2.0,2.0,1.0,1.0,2.0,0.0,0.0,0.0,1.0,1.0,1.0,1.0,28.0,1.0,1.0,1.0,28.0,0.05,0.0,1.0,1.0,1.0,1.0,0.0,0.0,0.0,0.0,1.0,28.0,0.0,0.0,0.0,0.0,0.0,1.0,1.0,50.0,50.0,0.0,12.61,1.0,0.0049999999999954525,0.0,1.4000000000000057,3.8000000000000003,32.82675,30.0,4157.120000000001,True,False,False,f9e8ed8edaa436a72eb3505797c4f0bc20f0cbb1d6d7d371e916381c952d0a62,de694d7c5d32e3dcb75d29e16ab7a787bbbf5a63e2d9a4e140ab15df2d950b11
P5_8_0541,541,541,27.05,EV-LAB-001,NORMAL_BASELINE,NORMAL_LABORATORY_STATE,all_lab_rules_within_thresholds,DETERMINISTIC_LABORATORY_RULES,False,False,True,False,False,False,False,40,40,0,0,0,True,True,541,0.989816427230835,0.9990492463111877,fb0badcea6da0e7cedbb2113908428586b65736c18c75efd9cea4a9e04dd4745,0a58960f6142fad4876a7eacf986c1d59f503dc47c53559a858505232b3c6bcf,f8b5283c3e85f1bc8b4e6e3bde6cc88ee2c61eb45dc03299a6432a593d0fcd03,27.05,541.0,63.28,63.56,62.95,2.0,0.06,0.01,1.6,0.02499999999999858,3.6,36.0,0.0,0.0,4.800000000000001,2.0,3481.0,119.0,1.0,117.80000000000001,78.0,65.0,2.0,79.60000000000001,98.0,398.8,84.9,30.0,0.011,1.8,2.0,1.0,1.0,2.0,0.0,0.0,0.0,1.0,1.0,1.0,1.0,29.0,1.0,1.0,1.0,29.0,0.05,0.0,1.0,1.0,1.0,1.0,0.0,0.0,0.0,0.0,1.0,29.0,0.0,0.0,0.0,0.0,0.0,1.0,1.0,50.0,50.0,0.0,12.64,1.0,0.02499999999999858,0.0,1.1999999999999886,3.6,33.85812,30.0,4284.0,True,False,False,de694d7c5d32e3dcb75d29e16ab7a787bbbf5a63e2d9a4e140ab15df2d950b11,0b749a09fcd05dd7437ed155ec8338bd2a5a4fbfc05fea6e64cb3761380184b3
P5_8_0542,542,542,27.1,EV-LAB-001,NORMAL_BASELINE,NORMAL_LABORATORY_STATE,all_lab_rules_within_thresholds,DETERMINISTIC_LABORATORY_RULES,False,False,True,False,False,False,False,40,40,0,0,0,True,True,542,0.9898139834403992,0.9990493655204773,ab1102a770f99158be977491f5ccfc452f886e6d87122d30ec7122fe3d0659d7,0a58960f6142fad4876a7eacf986c1d59f503dc47c53559a858505232b3c6bcf,f8b5283c3e85f1bc8b4e6e3bde6cc88ee2c61eb45dc03299a6432a593d0fcd03,27.1,542.0,63.32,63.7,63.25,2.0,0.06,0.02,1.6,0.15500000000000114,3.6,36.0,0.0,0.0,4.800000000000001,2.0,3482.0,119.4,1.0,118.2,78.0,67.0,2.0,79.60000000000001,98.0,398.0,84.30000000000001,30.0,0.014,1.9000000000000001,2.0,1.0,1.0,2.0,0.0,0.0,0.0,1.0,1.0,1.0,1.0,30.0,1.0,1.0,1.0,30.0,0.05,0.0,1.0,1.0,1.0,1.0,0.0,0.0,0.0,0.0,1.0,30.0,0.0,0.0,0.0,0.0,0.0,1.0,1.0,50.0,50.0,0.0,12.61,1.0,0.15500000000000114,0.0,1.2000000000000028,3.6,33.5514,30.0,4298.400000000001,True,False,False,0b749a09fcd05dd7437ed155ec8338bd2a5a4fbfc05fea6e64cb3761380184b3,a2180cce0488f0a9ebf37a7050fb90430a691dd555f98229ef3505f5e813cc0d
P5_8_0543,543,543,27.15,EV-LAB-001,NORMAL_BASELINE,NORMAL_LABORATORY_STATE,all_lab_rules_within_thresholds,DETERMINISTIC_LABORATORY_RULES,False,False,True,False,False,False,False,40,40,0,0,0,True,True,543,0.9898115992546082,0.9990494847297668,77d6605287942c8d1cb2f3dbaa01b4fe91f58844682098410260bdc35252ed68,0a58960f6142fad4876a7eacf986c1d59f503dc47c53559a858505232b3c6bcf,f8b5283c3e85f1bc8b4e6e3bde6cc88ee2c61eb45dc03299a6432a593d0fcd03,27.15,543.0,63.35,63.64,63.120000000000005,2.0,0.06,0.01,1.6,0.030000000000001137,3.6,35.2,0.0,0.0,4.800000000000001,2.0,3484.0,118.10000000000001,1.0,116.7,78.0,66.0,2.0,79.60000000000001,98.0,398.0,81.4,30.0,0.012,1.9000000000000001,2.0,1.0,1.0,2.0,0.0,0.0,0.0,1.0,1.0,1.0,1.0,31.0,1.0,1.0,1.0,31.0,0.05,0.0,1.0,1.0,1.0,1.0,0.0,0.0,0.0,0.0,1.0,31.0,0.0,0.0,0.0,0.0,0.0,1.0,1.0,50.0,50.0,0.0,12.620000000000001,1.0,0.030000000000001137,0.0,1.4000000000000057,3.6,32.3972,30.0,4157.120000000001,True,False,False,a2180cce0488f0a9ebf37a7050fb90430a691dd555f98229ef3505f5e813cc0d,cba03ac24c92c34d64ac0ee0b296deed0f4e521519198924e893a71b8a9917e0
P5_8_0544,544,544,27.2,EV-LAB-001,NORMAL_BASELINE,NORMAL_LABORATORY_STATE,all_lab_rules_within_thresholds,DETERMINISTIC_LABORATORY_RULES,False,False,True,False,False,False,False,40,40,0,0,0,True,True,544,0.9898092746734619,0.9990496039390564,396db287e65cfcb9ddf674cd6ca1796a87b7d3b5e4832391dc46fede54f09579,0a58960f6142fad4876a7eacf986c1d59f503dc47c53559a858505232b3c6bcf,f8b5283c3e85f1bc8b4e6e3bde6cc88ee2c61eb45dc03299a6432a593d0fcd03,27.2,544.0,63.38,63.550000000000004,63.14,1.9000000000000001,0.06,0.01,1.5,0.035000000000003695,3.4000000000000004,36.800000000000004,0.0,0.0,4.800000000000001,2.0,3486.0,120.10000000000001,1.0,121.30000000000001,78.0,66.0,2.0,79.60000000000001,98.0,399.20000000000005,84.4,30.0,0.012,2.3000000000000003,2.0,1.0,1.0,2.0,0.0,0.0,0.0,1.0,1.0,1.0,1.0,32.0,1.0,1.0,1.0,32.0,0.05,0.0,1.0,1.0,1.0,1.0,0.0,0.0,0.0,0.0,1.0,32.0,0.0,0.0,0.0,0.0,0.0,1.0,1.0,50.0,50.0,0.0,12.63,1.0,0.035000000000003695,0.0,1.2000000000000028,3.4000000000000004,33.69248,30.0,4419.680000000001,True,False,False,cba03ac24c92c34d64ac0ee0b296deed0f4e521519198924e893a71b8a9917e0,b559087cf0a4c607efb979fb1088da2bc3fb51b8da46e3e4a920213359698a30
P5_8_0545,545,545,27.25,EV-LAB-001,NORMAL_BASELINE,NORMAL_LABORATORY_STATE,all_lab_rules_within_thresholds,DETERMINISTIC_LABORATORY_RULES,False,False,True,False,False,False,False,40,40,0,0,0,True,True,545,0.9898069500923157,0.999049723148346,caab94f8045d87cd17087a65a4aa4d55cd357243aaa1a81e8bfb085c89fadd3a,0a58960f6142fad4876a7eacf986c1d59f503dc47c53559a858505232b3c6bcf,f8b5283c3e85f1bc8b4e6e3bde6cc88ee2c61eb45dc03299a6432a593d0fcd03,27.25,545.0,63.410000000000004,63.64,63.18,1.9000000000000001,0.06,0.02,1.6,7.105427357601002e-15,3.5,36.800000000000004,0.0,0.0,4.800000000000001,2.0,3487.0,120.10000000000001,1.0,122.80000000000001,78.0,67.0,2.0,79.60000000000001,98.0,398.40000000000003,84.4,30.0,0.014,1.9000000000000001,2.0,1.0,1.0,2.0,0.0,0.0,0.0,1.0,1.0,1.0,1.0,33.0,1.0,1.0,1.0,33.0,0.05,0.0,1.0,1.0,1.0,1.0,0.0,0.0,0.0,0.0,1.0,33.0,0.0,0.0,0.0,0.0,0.0,1.0,1.0,50.0,50.0,0.0,12.58,1.0,7.105427357601002e-15,0.0,2.700000000000003,3.5,33.62496000000001,30.0,4419.680000000001,True,False,False,b559087cf0a4c607efb979fb1088da2bc3fb51b8da46e3e4a920213359698a30,4c79378b189c8cf017fdd76897d2105dbf4bfbec1e271f164a1530e9ad3e9472
P5_8_0546,546,546,27.3,EV-LAB-001,NORMAL_BASELINE,NORMAL_LABORATORY_STATE,all_lab_rules_within_thresholds,DETERMINISTIC_LABORATORY_RULES,False,False,True,False,False,False,False,40,40,0,0,0,True,True,546,0.9898046255111694,0.9990498423576355,0d4eb12f86a2fa364cb617bc0875e1c780cc18bcd72169e6e9b9018bfdbd7f6d,0a58960f6142fad4876a7eacf986c1d59f503dc47c53559a858505232b3c6bcf,f8b5283c3e85f1bc8b4e6e3bde6cc88ee2c61eb45dc03299a6432a593d0fcd03,27.3,546.0,63.440000000000005,63.730000000000004,63.28,1.9000000000000001,0.06,0.01,1.5,0.06499999999999773,3.4000000000000004,35.2,0.0,0.0,4.800000000000001,2.0,3489.0,118.10000000000001,1.0,118.4,78.0,66.0,2.0,79.60000000000001,98.0,399.1,82.10000000000001,30.0,0.012,2.0,2.0,1.0,1.0,2.0,0.0,0.0,0.0,1.0,1.0,1.0,1.0,34.0,1.0,1.0,1.0,34.0,0.05,0.0,1.0,1.0,1.0,1.0,0.0,0.0,0.0,0.0,1.0,34.0,0.0,0.0,0.0,0.0,0.0,1.0,1.0,50.0,50.0,0.0,12.61,1.0,0.06499999999999773,0.0,0.29999999999999716,3.4000000000000004,32.766110000000005,30.0,4157.120000000001,True,False,False,4c79378b189c8cf017fdd76897d2105dbf4bfbec1e271f164a1530e9ad3e9472,af75ef9f82c9ecc2dfe1b9e4b95c84ae9754a1cac95697238c2f63a44a75a45b
P5_8_0547,547,547,27.35,EV-LAB-001,NORMAL_BASELINE,NORMAL_LABORATORY_STATE,all_lab_rules_within_thresholds,DETERMINISTIC_LABORATORY_RULES,False,False,True,False,False,False,False,40,40,0,0,0,True,True,547,0.9898023009300232,0.999049961566925,9b7f6afa0e81fd40669472f4696dd91923c8c55e1ab97d921e95cdc72ec91a0c,0a58960f6142fad4876a7eacf986c1d59f503dc47c53559a858505232b3c6bcf,f8b5283c3e85f1bc8b4e6e3bde6cc88ee2c61eb45dc03299a6432a593d0fcd03,27.35,547.0,63.47,63.6,63.35,1.8,0.06,0.01,1.5,0.005000000000002558,3.3,36.800000000000004,0.0,0.0,4.800000000000001,2.0,3491.0,120.2,1.0,119.10000000000001,78.0,66.0,2.0,79.60000000000001,98.0,398.0,83.4,30.0,0.016,1.8,2.0,1.0,1.0,2.0,0.0,0.0,0.0,1.0,1.0,1.0,1.0,35.0,1.0,1.0,1.0,35.0,0.05,0.0,1.0,1.0,1.0,1.0,0.0,0.0,0.0,0.0,1.0,35.0,0.0,0.0,0.0,0.0,0.0,1.0,1.0,50.0,50.0,0.0,12.57,1.0,0.005000000000002558,0.0,1.0999999999999943,3.3,33.193200000000004,30.0,4423.360000000001,True,False,False,af75ef9f82c9ecc2dfe1b9e4b95c84ae9754a1cac95697238c2f63a44a75a45b,360183541b79d1669d4f20985ee7754ce7ce0c02d65b8d2b11ae7e52bee6236b
P5_8_0548,548,548,27.4,EV-LAB-001,NORMAL_BASELINE,NORMAL_LABORATORY_STATE,all_lab_rules_within_thresholds,DETERMINISTIC_LABORATORY_RULES,False,False,True,False,False,False,False,40,40,0,0,0,True,True,548,0.9898000359535217,0.999049961566925,0fa5bddf1bcc7ebf6c2ae6983dc4edbf92d9c5e8334f49e4f2b4aa6d33c2760d,0a58960f6142fad4876a7eacf986c1d59f503dc47c53559a858505232b3c6bcf,f8b5283c3e85f1bc8b4e6e3bde6cc88ee2c61eb45dc03299a6432a593d0fcd03,27.4,548.0,63.5,63.64,63.2,1.8,0.06,0.01,1.5,0.0799999999999983,3.3,37.2,0.0,0.0,4.800000000000001,2.0,3492.0,120.80000000000001,1.0,119.4,79.0,66.0,2.0,79.60000000000001,98.0,397.70000000000005,85.10000000000001,30.0,0.014,1.7000000000000002,2.0,1.0,1.0,2.0,0.0,0.0,0.0,1.0,1.0,1.0,1.0,36.0,1.0,1.0,1.0,36.0,0.05,0.0,1.0,1.0,1.0,1.0,0.0,0.0,0.0,0.0,1.0,36.0,0.0,0.0,0.0,0.0,0.0,1.0,1.0,50.0,50.0,0.0,12.68,1.0,0.0799999999999983,0.0,1.4000000000000057,3.3,33.84427,30.0,4493.760000000001,True,False,False,360183541b79d1669d4f20985ee7754ce7ce0c02d65b8d2b11ae7e52bee6236b,fd5cedb9b325887593b0fe9d519ceff4a930c723aae87423469f3da8f3674678
P5_8_0549,549,549,27.45,EV-LAB-001,NORMAL_BASELINE,NORMAL_LABORATORY_STATE,all_lab_rules_within_thresholds,DETERMINISTIC_LABORATORY_RULES,False,False,True,False,False,False,False,40,40,0,0,0,True,True,549,0.9897977113723755,0.9990500807762146,6c46d6644dcbbdb8d9e849136854f168a59a635eb7737a7096067811f368c26a,0a58960f6142fad4876a7eacf986c1d59f503dc47c53559a858505232b3c6bcf,f8b5283c3e85f1bc8b4e6e3bde6cc88ee2c61eb45dc03299a6432a593d0fcd03,27.45,549.0,63.53,63.76,63.440000000000005,1.8,0.06,0.01,1.5,0.07000000000000028,3.3,36.0,0.0,0.0,4.800000000000001,2.0,3494.0,119.2,1.0,116.9,78.0,67.0,2.0,79.60000000000001,98.0,398.70000000000005,84.60000000000001,30.0,0.012,2.1,2.0,1.0,1.0,2.0,0.0,0.0,0.0,1.0,1.0,1.0,1.0,37.0,1.0,1.0,1.0,37.0,0.05,0.0,1.0,1.0,1.0,1.0,0.0,0.0,0.0,0.0,1.0,37.0,0.0,0.0,0.0,0.0,0.0,1.0,1.0,50.0,50.0,0.0,12.64,1.0,0.07000000000000028,0.0,2.299999999999997,3.3,33.73002,30.0,4291.2,True,False,False,fd5cedb9b325887593b0fe9d519ceff4a930c723aae87423469f3da8f3674678,f79f508df88cb631f450ac3098fd8d72aa8471cd6850543fceda7d3c5517049d
P5_8_0550,550,550,27.5,EV-LAB-001,NORMAL_BASELINE,NORMAL_LABORATORY_STATE,all_lab_rules_within_thresholds,DETERMINISTIC_LABORATORY_RULES,False,False,True,False,False,False,False,40,40,0,0,0,True,True,550,0.9897955060005188,0.9990501999855042,1cb17a689e61ea50b4d75696af5ffda768f0b3417947a0b7853a7bb251d3f552,0a58960f6142fad4876a7eacf986c1d59f503dc47c53559a858505232b3c6bcf,f8b5283c3e85f1bc8b4e6e3bde6cc88ee2c61eb45dc03299a6432a593d0fcd03,27.5,550.0,63.56,63.77,63.440000000000005,1.7000000000000002,0.06,0.01,1.4000000000000001,0.045000000000001705,3.1000000000000005,36.0,0.0,0.0,4.800000000000001,2.0,3496.0,119.4,1.0,119.5,78.0,66.0,2.0,79.60000000000001,98.0,398.3,82.0,30.0,0.014,2.1,2.0,1.0,1.0,2.0,0.0,0.0,0.0,1.0,1.0,1.0,1.0,38.0,1.0,1.0,1.0,38.0,0.05,0.0,1.0,1.0,1.0,1.0,0.0,0.0,0.0,0.0,1.0,38.0,0.0,0.0,0.0,0.0,0.0,1.0,1.0,50.0,50.0,0.0,12.6,1.0,0.045000000000001705,0.0,0.09999999999999432,3.1000000000000005,32.6606,30.0,4298.400000000001,True,False,False,f79f508df88cb631f450ac3098fd8d72aa8471cd6850543fceda7d3c5517049d,0f79e12406282d097f3399c2e830a9671b3d0ad9636648e675f09fb335dfa542
P5_8_0551,551,551,27.55,EV-LAB-001,NORMAL_BASELINE,NORMAL_LABORATORY_STATE,all_lab_rules_within_thresholds,DETERMINISTIC_LABORATORY_RULES,False,False,True,False,False,False,False,40,40,0,0,0,True,True,551,0.9897931814193726,0.9990503191947937,d0a04c4e2854383792665e219def75654574bb58337284debfde4a8adf864655,0a58960f6142fad4876a7eacf986c1d59f503dc47c53559a858505232b3c6bcf,f8b5283c3e85f1bc8b4e6e3bde6cc88ee2c61eb45dc03299a6432a593d0fcd03,27.55,551.0,63.59,63.9,63.35,1.7000000000000002,0.06,0.01,1.3,0.03499999999999659,3.0,37.6,0.0,0.0,4.800000000000001,2.0,3497.0,121.0,1.0,121.7,78.0,66.0,2.0,79.60000000000001,98.0,398.6,87.10000000000001,30.0,0.015,2.0,2.0,1.0,1.0,2.0,0.0,0.0,0.0,1.0,1.0,1.0,1.0,39.0,1.0,1.0,1.0,39.0,0.05,0.0,1.0,1.0,1.0,1.0,0.0,0.0,0.0,0.0,1.0,39.0,0.0,0.0,0.0,0.0,0.0,1.0,1.0,50.0,50.0,0.0,12.6,1.0,0.03499999999999659,0.0,0.7000000000000028,3.0,34.71806000000001,30.0,4549.6,True,False,False,0f79e12406282d097f3399c2e830a9671b3d0ad9636648e675f09fb335dfa542,ad69d6a6d1e93e5c40d2182598d6db4e21ee553a63448e49fb29537eb7d5ceb5
P5_8_0552,552,552,27.6,EV-LAB-001,NORMAL_BASELINE,NORMAL_LABORATORY_STATE,all_lab_rules_within_thresholds,DETERMINISTIC_LABORATORY_RULES,False,False,True,False,False,False,False,40,40,0,0,0,True,True,552,0.9897909760475159,0.9990504384040833,f1d2c74943414727af2c374173c63521afb745432dc50acd28129f66143c54cf,0a58960f6142fad4876a7eacf986c1d59f503dc47c53559a858505232b3c6bcf,f8b5283c3e85f1bc8b4e6e3bde6cc88ee2c61eb45dc03299a6432a593d0fcd03,27.6,552.0,63.620000000000005,63.84,63.52,1.7000000000000002,0.06,0.01,1.3,0.060000000000002274,3.0,36.800000000000004,0.0,0.0,4.800000000000001,2.0,3499.0,120.10000000000001,1.0,117.80000000000001,78.0,66.0,2.0,79.60000000000001,98.0,398.8,84.80000000000001,30.0,0.013000000000000001,2.0,2.0,1.0,1.0,2.0,0.0,0.0,0.0,1.0,1.0,1.0,1.0,40.0,1.0,1.0,1.0,40.0,0.05,0.0,1.0,1.0,1.0,1.0,0.0,0.0,0.0,0.0,1.0,40.0,0.0,0.0,0.0,0.0,0.0,1.0,1.0,50.0,50.0,0.0,12.530000000000001,1.0,0.060000000000002274,0.0,2.299999999999997,3.0,33.81824,30.0,4419.680000000001,True,False,False,ad69d6a6d1e93e5c40d2182598d6db4e21ee553a63448e49fb29537eb7d5ceb5,0570bc84d979c9206bd58d1a23076fdc092586e9294f8f570e75a932158a8da4
P5_8_0553,553,553,27.65,EV-LAB-001,NORMAL_BASELINE,NORMAL_LABORATORY_STATE,all_lab_rules_within_thresholds,DETERMINISTIC_LABORATORY_RULES,False,False,True,False,False,False,False,40,40,0,0,0,True,True,553,0.9897887110710144,0.9990505576133728,844b14a0e6b93c7152938c49cd9af99c9e2824c67701ac2f70837ed228f78d41,0a58960f6142fad4876a7eacf986c1d59f503dc47c53559a858505232b3c6bcf,f8b5283c3e85f1bc8b4e6e3bde6cc88ee2c61eb45dc03299a6432a593d0fcd03,27.65,553.0,63.65,63.95,63.35,1.6,0.06,0.01,1.2000000000000002,7.105427357601002e-15,2.8000000000000003,36.0,0.0,0.0,4.800000000000001,2.0,3501.0,119.4,1.0,120.2,78.0,66.0,2.0,79.60000000000001,98.0,398.6,83.60000000000001,30.0,0.009000000000000001,2.1,2.0,1.0,1.0,2.0,0.0,0.0,0.0,1.0,1.0,1.0,1.0,41.0,1.0,1.0,1.0,41.0,0.05,0.0,1.0,1.0,1.0,1.0,0.0,0.0,0.0,0.0,1.0,41.0,0.0,0.0,0.0,0.0,0.0,1.0,1.0,50.0,50.0,0.0,12.620000000000001,1.0,7.105427357601002e-15,0.0,0.7999999999999972,2.8000000000000003,33.32296000000001,30.0,4298.400000000001,True,False,False,0570bc84d979c9206bd58d1a23076fdc092586e9294f8f570e75a932158a8da4,eda71908605dec09fcf246bbc86b96aebd47fb911524c707553356c888e3724f
P5_8_0554,554,554,27.7,EV-LAB-001,NORMAL_BASELINE,NORMAL_LABORATORY_STATE,all_lab_rules_within_thresholds,DETERMINISTIC_LABORATORY_RULES,False,False,True,False,False,False,False,40,40,0,0,0,True,True,554,0.9897865056991577,0.9990506768226624,1b8c05c2153eb5889266dce48d617f8a4538d0e6577427dd3897ab6203c901c4,0a58960f6142fad4876a7eacf986c1d59f503dc47c53559a858505232b3c6bcf,f8b5283c3e85f1bc8b4e6e3bde6cc88ee2c61eb45dc03299a6432a593d0fcd03,27.7,554.0,63.68,63.72,63.6,1.6,0.06,0.01,1.3,0.020000000000003126,2.9000000000000004,36.4,0.0,0.0,4.800000000000001,2.0,3503.0,119.80000000000001,1.0,118.9,78.0,66.0,2.0,79.60000000000001,98.0,399.1,82.7,30.0,0.011,2.1,2.0,1.0,1.0,2.0,0.0,0.0,0.0,1.0,1.0,1.0,1.0,42.0,1.0,1.0,1.0,42.0,0.05,0.0,1.0,1.0,1.0,1.0,0.0,0.0,0.0,0.0,1.0,42.0,0.0,0.0,0.0,0.0,0.0,1.0,1.0,50.0,50.0,0.0,12.620000000000001,1.0,0.020000000000003126,0.0,0.9000000000000057,2.9000000000000004,33.00557,30.0,4360.72,True,False,False,eda71908605dec09fcf246bbc86b96aebd47fb911524c707553356c888e3724f,ce5635072385d11a83bdbcfe0391137be0865b6165ada6f38557e9526f83439b
P5_8_0555,555,555,27.75,EV-LAB-001,NORMAL_BASELINE,NORMAL_LABORATORY_STATE,all_lab_rules_within_thresholds,DETERMINISTIC_LABORATORY_RULES,False,False,True,False,False,False,False,40,40,0,0,0,True,True,555,0.989784300327301,0.9990507960319519,01078fc30ae8546c48925820080a9600f1041211b9936a7d4663afdbd7917a4c,0a58960f6142fad4876a7eacf986c1d59f503dc47c53559a858505232b3c6bcf,f8b5283c3e85f1bc8b4e6e3bde6cc88ee2c61eb45dc03299a6432a593d0fcd03,27.75,555.0,63.71,63.92,63.49,1.5,0.06,0.02,1.3,0.005000000000002558,2.8,37.2,0.0,0.0,4.800000000000001,2.0,3504.0,120.7,1.0,120.4,78.0,66.0,2.0,79.60000000000001,98.0,398.6,85.4,30.0,0.014,1.9000000000000001,2.0,1.0,1.0,2.0,0.0,0.0,0.0,1.0,1.0,1.0,1.0,43.0,1.0,1.0,1.0,43.0,0.05,0.0,1.0,1.0,1.0,1.0,0.0,0.0,0.0,0.0,1.0,43.0,0.0,0.0,0.0,0.0,0.0,1.0,1.0,50.0,50.0,0.0,12.6,1.0,0.005000000000002558,0.0,0.29999999999999716,2.8,34.040440000000004,30.0,4490.040000000001,True,False,False,ce5635072385d11a83bdbcfe0391137be0865b6165ada6f38557e9526f83439b,e6a003e1a04abac58191743ea42c95a3c57e852ef8b9bfcd8a077d7d452db70f
P5_8_0556,556,556,27.8,EV-LAB-001,NORMAL_BASELINE,NORMAL_LABORATORY_STATE,all_lab_rules_within_thresholds,DETERMINISTIC_LABORATORY_RULES,False,False,True,False,False,False,False,40,40,0,0,0,True,True,556,0.9897819757461548,0.9990507960319519,42207737571789dd5dfed7beae65d792ade4c9b6663b54a00e69fe8e97c797c7,0a58960f6142fad4876a7eacf986c1d59f503dc47c53559a858505232b3c6bcf,f8b5283c3e85f1bc8b4e6e3bde6cc88ee2c61eb45dc03299a6432a593d0fcd03,27.8,556.0,63.75,64.04,63.440000000000005,1.5,0.06,0.01,1.2000000000000002,0.009999999999990905,2.7,37.2,0.0,0.0,4.800000000000001,2.0,3506.0,120.5,1.0,121.7,78.0,67.0,2.0,79.60000000000001,98.0,397.6,82.7,30.0,0.013000000000000001,2.3000000000000003,2.0,1.0,1.0,2.0,0.0,0.0,0.0,1.0,1.0,1.0,1.0,44.0,1.0,1.0,1.0,44.0,0.05,0.0,1.0,1.0,1.0,1.0,0.0,0.0,0.0,0.0,1.0,44.0,0.0,0.0,0.0,0.0,0.0,1.0,1.0,50.0,50.0,0.0,12.69,1.0,0.009999999999990905,0.0,1.2000000000000028,2.7,32.88152,30.0,4482.6,True,False,False,e6a003e1a04abac58191743ea42c95a3c57e852ef8b9bfcd8a077d7d452db70f,4fb43b4cef83ac6baeb95d5c91041ead3761552d913238944d717432042f726e
P5_8_0557,557,557,27.85,EV-LAB-001,NORMAL_BASELINE,NORMAL_LABORATORY_STATE,all_lab_rules_within_thresholds,DETERMINISTIC_LABORATORY_RULES,False,False,True,False,False,False,False,40,40,0,0,0,True,True,557,0.9897797703742981,0.9990509152412415,f30c010192e915c81c0cbdf71600cd8b8c29ddc346a3c0615f4c61fe51048448,0a58960f6142fad4876a7eacf986c1d59f503dc47c53559a858505232b3c6bcf,f8b5283c3e85f1bc8b4e6e3bde6cc88ee2c61eb45dc03299a6432a593d0fcd03,27.85,557.0,63.78,63.84,63.440000000000005,1.4000000000000001,0.06,0.01,1.1,0.14000000000000057,2.5,38.400000000000006,0.0,0.0,4.800000000000001,2.0,3508.0,121.9,1.0,121.5,78.0,66.0,2.0,79.60000000000001,98.0,398.3,86.60000000000001,30.0,0.011,2.1,2.0,1.0,1.0,2.0,0.0,0.0,0.0,1.0,1.0,1.0,1.0,45.0,1.0,1.0,1.0,45.0,0.05,0.0,1.0,1.0,1.0,1.0,0.0,0.0,0.0,0.0,1.0,45.0,0.0,0.0,0.0,0.0,0.0,1.0,1.0,50.0,50.0,0.0,12.65,1.0,0.14000000000000057,0.0,0.4000000000000057,2.5,34.49278,30.0,4680.960000000001,True,False,False,4fb43b4cef83ac6baeb95d5c91041ead3761552d913238944d717432042f726e,7d6474ce4940cb09eba609f93981b8029da330b4ba890589bd8c1eeb73b392b0
P5_8_0558,558,558,27.9,EV-LAB-001,NORMAL_BASELINE,NORMAL_LABORATORY_STATE,all_lab_rules_within_thresholds,DETERMINISTIC_LABORATORY_RULES,False,False,True,False,False,False,False,40,40,0,0,0,True,True,558,0.9897773861885071,0.999051034450531,0a665889689695195c8f97532748244bad475db25479690097cb567a0c865966,0a58960f6142fad4876a7eacf986c1d59f503dc47c53559a858505232b3c6bcf,f8b5283c3e85f1bc8b4e6e3bde6cc88ee2c61eb45dc03299a6432a593d0fcd03,27.9,558.0,63.81,63.99,63.57,1.4000000000000001,0.07,0.01,1.1,0.030000000000001137,2.5,35.2,0.0,0.0,4.800000000000001,2.0,3510.0,118.10000000000001,1.0,115.7,77.0,66.0,2.0,79.60000000000001,98.0,398.6,84.0,30.0,0.011,2.0,2.0,1.0,1.0,2.0,0.0,0.0,0.0,1.0,1.0,1.0,1.0,46.0,1.0,1.0,1.0,46.0,0.05,0.0,1.0,1.0,1.0,1.0,0.0,0.0,0.0,0.0,1.0,46.0,0.0,0.0,0.0,0.0,0.0,1.0,1.0,50.0,50.0,0.0,12.59,1.0,0.030000000000001137,0.0,2.4000000000000057,2.5,33.4824,30.0,4157.120000000001,True,False,False,7d6474ce4940cb09eba609f93981b8029da330b4ba890589bd8c1eeb73b392b0,f7eef3952e262c9d0ec3f7d769a27fc7ece3c8306adb6ea715203626eb92fb47
P5_8_0559,559,559,27.95,EV-LAB-001,NORMAL_BASELINE,NORMAL_LABORATORY_STATE,all_lab_rules_within_thresholds,DETERMINISTIC_LABORATORY_RULES,False,False,True,False,False,False,False,40,40,0,0,0,True,True,559,0.9897751808166504,0.9990511536598206,c673808f3a3976915d2da8aecc5178fff68d6fb8d80842800e075e4367e75840,0a58960f6142fad4876a7eacf986c1d59f503dc47c53559a858505232b3c6bcf,f8b5283c3e85f1bc8b4e6e3bde6cc88ee2c61eb45dc03299a6432a593d0fcd03,27.95,559.0,63.84,64.04,63.690000000000005,1.3,0.07,0.02,1.1,0.025000000000005684,2.4000000000000004,38.800000000000004,0.0,0.0,4.800000000000001,2.0,3511.0,122.7,1.0,123.5,79.0,66.0,2.0,79.60000000000001,98.0,397.70000000000005,84.5,30.0,0.01,2.0,2.0,1.0,1.0,2.0,0.0,0.0,0.0,1.0,1.0,1.0,1.0,47.0,1.0,1.0,1.0,47.0,0.05,0.0,1.0,1.0,1.0,1.0,0.0,0.0,0.0,0.0,1.0,47.0,0.0,0.0,0.0,0.0,0.0,1.0,1.0,50.0,50.0,0.0,12.55,1.0,0.025000000000005684,0.0,0.7999999999999972,2.4000000000000004,33.605650000000004,30.0,4760.76,True,False,False,f7eef3952e262c9d0ec3f7d769a27fc7ece3c8306adb6ea715203626eb92fb47,6119f2fa8a371c8bf03037e78217148114c7be7691220f156be29ae7728faa4b
P5_8_0560,560,560,28.0,EV-LAB-001,NORMAL_BASELINE,NORMAL_LABORATORY_STATE,all_lab_rules_within_thresholds,DETERMINISTIC_LABORATORY_RULES,False,False,True,False,False,False,False,40,40,0,0,0,True,True,560,0.9897728562355042,0.9990512728691101,ce42e3dce4e05c4074538c25224def9e2929b4c64647e7698ebf5d8da7e8408f,0a58960f6142fad4876a7eacf986c1d59f503dc47c53559a858505232b3c6bcf,f8b5283c3e85f1bc8b4e6e3bde6cc88ee2c61eb45dc03299a6432a593d0fcd03,28.0,560.0,63.870000000000005,64.24,63.660000000000004,1.3,0.07,0.01,1.0,0.0799999999999983,2.3,37.6,0.0,0.0,4.800000000000001,2.0,3513.0,121.2,1.0,120.10000000000001,79.0,66.0,2.0,79.60000000000001,98.0,398.6,86.10000000000001,30.0,0.01,2.0,2.0,1.0,1.0,2.0,0.0,0.0,0.0,1.0,1.0,1.0,1.0,48.0,1.0,1.0,1.0,48.0,0.05,0.0,1.0,1.0,1.0,1.0,0.0,0.0,0.0,0.0,1.0,48.0,0.0,0.0,0.0,0.0,0.0,1.0,1.0,50.0,50.0,0.0,12.55,1.0,0.0799999999999983,0.0,1.0999999999999943,2.3,34.31946000000001,30.0,4557.12,True,False,False,6119f2fa8a371c8bf03037e78217148114c7be7691220f156be29ae7728faa4b,338f7fa0589186a958d52c4d0b93a6e39c0e626acd02dbf31179c5bf796d8291
P5_8_0561,561,561,28.05,EV-LAB-001,NORMAL_BASELINE,NORMAL_LABORATORY_STATE,all_lab_rules_within_thresholds,DETERMINISTIC_LABORATORY_RULES,False,False,True,False,False,False,False,40,40,0,0,0,True,True,561,0.9897705316543579,0.9990513920783997,b1bfe2d1a79c2f2b788b02aa729f60f253dd62fdc921ddff0285761256f98916,0a58960f6142fad4876a7eacf986c1d59f503dc47c53559a858505232b3c6bcf,f8b5283c3e85f1bc8b4e6e3bde6cc88ee2c61eb45dc03299a6432a593d0fcd03,28.05,561.0,63.910000000000004,64.11,63.76,1.2000000000000002,0.07,0.01,1.0,0.02499999999999858,2.2,37.6,0.0,0.0,4.800000000000001,2.0,3515.0,121.0,1.0,120.60000000000001,78.0,67.0,2.0,79.60000000000001,98.0,398.70000000000005,86.10000000000001,30.0,0.013000000000000001,2.2,2.0,1.0,1.0,2.0,0.0,0.0,0.0,1.0,1.0,1.0,1.0,49.0,1.0,1.0,1.0,49.0,0.05,0.0,1.0,1.0,1.0,1.0,0.0,0.0,0.0,0.0,1.0,49.0,0.0,0.0,0.0,0.0,0.0,1.0,1.0,50.0,50.0,0.0,12.52,1.0,0.02499999999999858,0.0,0.3999999999999915,2.2,34.328070000000004,30.0,4549.6,True,False,False,338f7fa0589186a958d52c4d0b93a6e39c0e626acd02dbf31179c5bf796d8291,281f3a6174370d205b7f44e0af6423b2f32ab23f2413235ac7250bb4d24e5ff7
P5_8_0562,562,562,28.1,EV-LAB-001,NORMAL_BASELINE,NORMAL_LABORATORY_STATE,all_lab_rules_within_thresholds,DETERMINISTIC_LABORATORY_RULES,False,False,True,False,False,False,False,40,40,0,0,0,True,True,562,0.9897682070732117,0.9990515112876892,5f947f0860fc6014f261127cea49e4bde1dbc585631d89febaef5e088360488c,0a58960f6142fad4876a7eacf986c1d59f503dc47c53559a858505232b3c6bcf,f8b5283c3e85f1bc8b4e6e3bde6cc88ee2c61eb45dc03299a6432a593d0fcd03,28.1,562.0,63.940000000000005,64.19,63.77,1.2000000000000002,0.07,0.01,0.9,0.03999999999999915,2.1,37.2,0.0,0.0,4.800000000000001,2.0,3517.0,120.80000000000001,1.0,119.7,78.0,66.0,2.0,79.60000000000001,98.0,398.70000000000005,85.2,30.0,0.014,1.9000000000000001,2.0,1.0,1.0,2.0,0.0,0.0,0.0,1.0,1.0,1.0,1.0,50.0,1.0,1.0,1.0,50.0,0.05,0.0,1.0,1.0,1.0,1.0,0.0,0.0,0.0,0.0,1.0,50.0,0.0,0.0,0.0,0.0,0.0,1.0,1.0,50.0,50.0,0.0,12.58,1.0,0.03999999999999915,0.0,1.1000000000000085,2.1,33.969240000000006,30.0,4493.760000000001,True,False,False,281f3a6174370d205b7f44e0af6423b2f32ab23f2413235ac7250bb4d24e5ff7,5040e1346a37aa1b5a5f7e75c4d7516777e0d03e96325cfc336cadf77f38ccce
P5_8_0563,563,563,28.15,EV-LAB-001,NORMAL_BASELINE,NORMAL_LABORATORY_STATE,all_lab_rules_within_thresholds,DETERMINISTIC_LABORATORY_RULES,False,False,True,False,False,False,False,40,40,0,0,0,True,True,563,0.9897658228874207,0.9990516304969788,ee14fd511bbc4feeaf8bc60ac430aef3b199f3eb0cc120be15158d913a8a5a54,0a58960f6142fad4876a7eacf986c1d59f503dc47c53559a858505232b3c6bcf,f8b5283c3e85f1bc8b4e6e3bde6cc88ee2c61eb45dc03299a6432a593d0fcd03,28.15,563.0,63.97,64.3,63.76,1.1,0.07,0.02,0.9,0.060000000000002274,2.0,36.0,0.0,0.0,4.800000000000001,2.0,3519.0,119.4,1.0,119.30000000000001,79.0,66.0,2.0,79.60000000000001,98.0,398.6,81.7,30.0,0.012,1.8,2.0,1.0,1.0,2.0,0.0,0.0,0.0,1.0,1.0,1.0,1.0,51.0,1.0,1.0,1.0,51.0,0.05,0.0,1.0,1.0,1.0,1.0,0.0,0.0,0.0,0.0,1.0,51.0,0.0,0.0,0.0,0.0,0.0,1.0,1.0,50.0,50.0,0.0,12.51,1.0,0.060000000000002274,0.0,0.09999999999999432,2.0,32.56562,30.0,4298.400000000001,True,False,False,5040e1346a37aa1b5a5f7e75c4d7516777e0d03e96325cfc336cadf77f38ccce,00d2f1bea3870201bd8a387e1af37ecf8774ba46913317d62e9b8b305dea35df
P5_8_0564,564,564,28.2,EV-LAB-001,NORMAL_BASELINE,NORMAL_LABORATORY_STATE,all_lab_rules_within_thresholds,DETERMINISTIC_LABORATORY_RULES,False,False,True,False,False,False,False,40,40,0,0,0,True,True,564,0.9897633790969849,0.9990517497062683,fc6ab31d58633fe94ac5dbcab3b8a266567c8f90d6695c8adb2517484e6aa1b4,0a58960f6142fad4876a7eacf986c1d59f503dc47c53559a858505232b3c6bcf,f8b5283c3e85f1bc8b4e6e3bde6cc88ee2c61eb45dc03299a6432a593d0fcd03,28.2,564.0,64.01,64.22,63.78,1.1,0.07,0.01,0.8,0.010000000000005116,1.9000000000000001,36.800000000000004,0.0,0.0,4.800000000000001,2.0,3520.0,120.0,1.0,120.4,78.0,66.0,2.0,79.60000000000001,98.0,398.20000000000005,85.0,30.0,0.012,1.9000000000000001,2.0,1.0,1.0,2.0,0.0,0.0,0.0,1.0,1.0,1.0,1.0,52.0,1.0,1.0,1.0,52.0,0.05,0.0,1.0,1.0,1.0,1.0,0.0,0.0,0.0,0.0,1.0,52.0,0.0,0.0,0.0,0.0,0.0,1.0,1.0,50.0,50.0,0.0,12.61,1.0,0.010000000000005116,0.0,0.4000000000000057,1.9000000000000001,33.84700000000001,30.0,4416.000000000001,True,False,False,00d2f1bea3870201bd8a387e1af37ecf8774ba46913317d62e9b8b305dea35df,fbcb6003a3910be306dbac79c06fca1fcc0d19ca983b60fd6edcb736c8dc1329
P5_8_0565,565,565,28.25,EV-LAB-001,NORMAL_BASELINE,NORMAL_LABORATORY_STATE,all_lab_rules_within_thresholds,DETERMINISTIC_LABORATORY_RULES,False,False,True,False,False,False,False,40,40,0,0,0,True,True,565,0.9897609353065491,0.9990518689155579,8137493fb4b2c5e90b4779a4c691f4d9050e6b925061654dba587ea06fb84ca9,0a58960f6142fad4876a7eacf986c1d59f503dc47c53559a858505232b3c6bcf,f8b5283c3e85f1bc8b4e6e3bde6cc88ee2c61eb45dc03299a6432a593d0fcd03,28.25,565.0,64.04,64.17,63.84,1.0,0.07,0.01,0.8,0.0350000000000108,1.8,39.6,0.0,0.0,4.800000000000001,2.0,3522.0,123.5,1.0,122.10000000000001,78.0,67.0,2.0,79.60000000000001,98.0,398.20000000000005,87.30000000000001,30.0,0.01,2.0,2.0,1.0,1.0,2.0,0.0,0.0,0.0,1.0,1.0,1.0,1.0,53.0,1.0,1.0,1.0,53.0,0.05,0.0,1.0,1.0,1.0,1.0,0.0,0.0,0.0,0.0,1.0,53.0,0.0,0.0,0.0,0.0,0.0,1.0,1.0,50.0,50.0,0.0,12.58,1.0,0.0350000000000108,0.0,1.3999999999999915,1.8,34.76286000000001,30.0,4890.6,True,False,False,fbcb6003a3910be306dbac79c06fca1fcc0d19ca983b60fd6edcb736c8dc1329,8fa16e4a6a009c843373df89586496bcaa3dea2735ddb688ff4275fe084501fc
P5_8_0566,566,566,28.3,EV-LAB-001,NORMAL_BASELINE,NORMAL_LABORATORY_STATE,all_lab_rules_within_thresholds,DETERMINISTIC_LABORATORY_RULES,False,False,True,False,False,False,False,40,40,0,0,0,True,True,566,0.9897584915161133,0.9990518689155579,24c6956cc4e7b6bff8428aea433f065e2aa21095f4ce1aa6b6276150ba14ac06,0a58960f6142fad4876a7eacf986c1d59f503dc47c53559a858505232b3c6bcf,f8b5283c3e85f1bc8b4e6e3bde6cc88ee2c61eb45dc03299a6432a593d0fcd03,28.3,566.0,64.08,64.28,63.86,0.9,0.07,0.01,0.8,0.010000000000005116,1.7000000000000002,38.800000000000004,0.0,0.0,4.800000000000001,2.0,3524.0,122.5,1.0,121.30000000000001,77.0,66.0,2.0,79.60000000000001,98.0,398.1,85.7,30.0,0.009000000000000001,1.8,2.0,1.0,1.0,2.0,0.0,0.0,0.0,1.0,1.0,1.0,1.0,54.0,1.0,1.0,1.0,54.0,0.05,0.0,1.0,1.0,1.0,1.0,0.0,0.0,0.0,0.0,1.0,54.0,0.0,0.0,0.0,0.0,0.0,1.0,1.0,50.0,50.0,0.0,12.57,1.0,0.010000000000005116,0.0,1.1999999999999886,1.7000000000000002,34.11717000000001,30.0,4753.000000000001,True,False,False,8fa16e4a6a009c843373df89586496bcaa3dea2735ddb688ff4275fe084501fc,934e4004f4bdf0add63b75208ac34eaece423e568ad9b14e49e47da0cb902140
P5_8_0567,567,567,28.35,EV-LAB-001,NORMAL_BASELINE,NORMAL_LABORATORY_STATE,all_lab_rules_within_thresholds,DETERMINISTIC_LABORATORY_RULES,False,False,True,False,False,False,False,40,40,0,0,0,True,True,567,0.9897560477256775,0.9990519881248474,135aea0ec469bbd4d790f3affe6a6a7b59c4182f8f6e9090b7cbc8a56825a4be,0a58960f6142fad4876a7eacf986c1d59f503dc47c53559a858505232b3c6bcf,f8b5283c3e85f1bc8b4e6e3bde6cc88ee2c61eb45dc03299a6432a593d0fcd03,28.35,567.0,64.11,64.51,63.95,0.9,0.07,0.01,0.7000000000000001,0.12000000000000455,1.6,37.2,0.0,0.0,4.800000000000001,2.0,3526.0,120.9,1.0,118.80000000000001,77.0,66.0,2.0,79.60000000000001,98.0,398.5,85.7,30.0,0.011,1.7000000000000002,2.0,1.0,1.0,2.0,0.0,0.0,0.0,1.0,1.0,1.0,1.0,55.0,1.0,1.0,1.0,55.0,0.05,0.0,1.0,1.0,1.0,1.0,0.0,0.0,0.0,0.0,1.0,55.0,0.0,0.0,0.0,0.0,0.0,1.0,1.0,50.0,50.0,0.0,12.59,1.0,0.12000000000000455,0.0,2.0999999999999943,1.6,34.151450000000004,30.0,4497.4800000000005,True,False,False,934e4004f4bdf0add63b75208ac34eaece423e568ad9b14e49e47da0cb902140,3a068cfe9ba8988334778900c21e8909e7131d563430f7732bbfec5239433e6a
P5_8_0568,568,568,28.4,EV-LAB-001,NORMAL_BASELINE,NORMAL_LABORATORY_STATE,all_lab_rules_within_thresholds,DETERMINISTIC_LABORATORY_RULES,False,False,True,False,False,False,False,40,40,0,0,0,True,True,568,0.9897536039352417,0.999052107334137,19dd07185cfd81d3e089ed7cef0b22b6640c5a85f45851e6a18851f86f575ca2,0a58960f6142fad4876a7eacf986c1d59f503dc47c53559a858505232b3c6bcf,f8b5283c3e85f1bc8b4e6e3bde6cc88ee2c61eb45dc03299a6432a593d0fcd03,28.4,568.0,64.15,64.42,63.84,0.8,0.07,0.02,0.6000000000000001,0.020000000000010232,1.4000000000000001,36.4,0.0,0.0,4.800000000000001,2.0,3528.0,119.60000000000001,1.0,118.0,79.0,67.0,2.0,79.60000000000001,98.0,398.3,83.7,30.0,0.014,2.0,2.0,1.0,1.0,2.0,0.0,0.0,0.0,1.0,1.0,1.0,1.0,56.0,1.0,1.0,1.0,56.0,0.05,0.0,1.0,1.0,1.0,1.0,0.0,0.0,0.0,0.0,1.0,56.0,0.0,0.0,0.0,0.0,0.0,1.0,1.0,50.0,50.0,0.0,12.59,1.0,0.020000000000010232,0.0,1.6000000000000085,1.4000000000000001,33.33771,30.0,4353.4400000000005,True,False,False,3a068cfe9ba8988334778900c21e8909e7131d563430f7732bbfec5239433e6a,121f412fc1fd52dc54380672402c947e95963ad4ba1cc0109990381edc449161
P5_8_0569,569,569,28.45,EV-LAB-001,NORMAL_BASELINE,NORMAL_LABORATORY_STATE,all_lab_rules_within_thresholds,DETERMINISTIC_LABORATORY_RULES,False,False,True,False,False,False,False,40,40,0,0,0,True,True,569,0.9897510409355164,0.9990522265434265,d003f642150eadf43822e3f21ab92f67f51ad90a0145137568ac360a26a221bd,0a58960f6142fad4876a7eacf986c1d59f503dc47c53559a858505232b3c6bcf,f8b5283c3e85f1bc8b4e6e3bde6cc88ee2c61eb45dc03299a6432a593d0fcd03,28.45,569.0,64.19,64.39,64.03,0.8,0.08,0.01,0.7000000000000001,0.020000000000010232,1.5,38.0,0.0,0.0,4.800000000000001,2.0,3530.0,121.4,1.0,120.80000000000001,77.0,66.0,2.0,79.60000000000001,98.0,398.1,83.7,30.0,0.013000000000000001,2.0,2.0,1.0,1.0,2.0,0.0,0.0,0.0,1.0,1.0,1.0,1.0,57.0,1.0,1.0,1.0,57.0,0.05,0.0,1.0,1.0,1.0,1.0,0.0,0.0,0.0,0.0,1.0,57.0,0.0,0.0,0.0,0.0,0.0,1.0,1.0,50.0,50.0,0.0,12.620000000000001,1.0,0.020000000000010232,0.0,0.5999999999999943,1.5,33.32097,30.0,4613.2,True,False,False,121f412fc1fd52dc54380672402c947e95963ad4ba1cc0109990381edc449161,78b634160e22e3ade96b8ea759616db2794119cf156dc40931cb06230660a68d
P5_8_0570,570,570,28.5,EV-LAB-001,NORMAL_BASELINE,NORMAL_LABORATORY_STATE,all_lab_rules_within_thresholds,DETERMINISTIC_LABORATORY_RULES,False,False,True,False,False,False,False,40,40,0,0,0,True,True,570,0.9897484183311462,0.9990523457527161,ecb788d5913ae07705f357fdcaa865159ce1c99ab9916a595721358ae91f66be,0a58960f6142fad4876a7eacf986c1d59f503dc47c53559a858505232b3c6bcf,f8b5283c3e85f1bc8b4e6e3bde6cc88ee2c61eb45dc03299a6432a593d0fcd03,28.5,570.0,64.23,64.62,64.01,0.7000000000000001,0.08,0.02,0.6000000000000001,0.08499999999999375,1.3000000000000003,37.6,0.0,0.0,4.800000000000001,2.0,3532.0,121.2,1.0,119.4,78.0,67.0,2.0,79.60000000000001,98.0,398.20000000000005,83.5,30.0,0.014,2.0,2.0,1.0,1.0,2.0,0.0,0.0,0.0,1.0,1.0,1.0,1.0,58.0,1.0,1.0,1.0,58.0,0.05,0.0,1.0,1.0,1.0,1.0,0.0,0.0,0.0,0.0,1.0,58.0,0.0,0.0,0.0,0.0,0.0,1.0,1.0,50.0,50.0,0.0,12.69,1.0,0.08499999999999375,0.0,1.7999999999999972,1.3000000000000003,33.249700000000004,30.0,4557.12,True,False,False,78b634160e22e3ade96b8ea759616db2794119cf156dc40931cb06230660a68d,7c6bf85ca77974ea7b0ffdc56984195eb65304d951ece7c059cf6bcea33ed333
P5_8_0571,571,571,28.55,EV-LAB-001,NORMAL_BASELINE,NORMAL_LABORATORY_STATE,all_lab_rules_within_thresholds,DETERMINISTIC_LABORATORY_RULES,False,False,True,False,False,False,False,40,40,0,0,0,True,True,571,0.9897457361221313,0.9990524649620056,eee6b30918931042fe18611ef44acdf8194ae86f98d8fa9db44b9db35ab3675d,0a58960f6142fad4876a7eacf986c1d59f503dc47c53559a858505232b3c6bcf,f8b5283c3e85f1bc8b4e6e3bde6cc88ee2c61eb45dc03299a6432a593d0fcd03,28.55,571.0,64.26,64.37,64.11,0.6000000000000001,0.08,0.02,0.5,0.01999999999999602,1.1,38.400000000000006,0.0,0.0,4.800000000000001,2.0,3534.0,122.30000000000001,1.0,124.60000000000001,78.0,66.0,2.0,79.60000000000001,98.0,398.5,87.80000000000001,30.0,0.014,1.8,2.0,1.0,1.0,2.0,0.0,0.0,0.0,1.0,1.0,1.0,1.0,59.0,1.0,1.0,1.0,59.0,0.05,0.0,1.0,1.0,1.0,1.0,0.0,0.0,0.0,0.0,1.0,59.0,0.0,0.0,0.0,0.0,0.0,1.0,1.0,50.0,50.0,0.0,12.63,1.0,0.01999999999999602,0.0,2.299999999999997,1.1,34.9883,30.0,4696.3200000000015,True,False,False,7c6bf85ca77974ea7b0ffdc56984195eb65304d951ece7c059cf6bcea33ed333,8b131335a1b26c7fe5bac12f19337b890cde4f7659b0cb112a8d8ddec046ee6e
P5_8_0572,572,572,28.6,EV-LAB-001,NORMAL_BASELINE,NORMAL_LABORATORY_STATE,all_lab_rules_within_thresholds,DETERMINISTIC_LABORATORY_RULES,False,False,True,False,False,False,False,40,40,0,0,0,True,True,572,0.9897430539131165,0.9990525841712952,d6bc20114b9fcf919035ca0f686a13e5bd6ef7e531df0eb75035dac122566d8e,0a58960f6142fad4876a7eacf986c1d59f503dc47c53559a858505232b3c6bcf,f8b5283c3e85f1bc8b4e6e3bde6cc88ee2c61eb45dc03299a6432a593d0fcd03,28.6,572.0,64.3,64.51,64.15,0.6000000000000001,0.08,0.01,0.5,0.030000000000015348,1.1,36.800000000000004,0.0,0.0,4.800000000000001,2.0,3537.0,120.30000000000001,1.0,120.60000000000001,78.0,67.0,2.0,79.60000000000001,98.0,398.70000000000005,84.4,30.0,0.012,1.6,2.0,1.0,1.0,2.0,0.0,0.0,0.0,1.0,1.0,1.0,1.0,60.0,1.0,1.0,1.0,60.0,0.05,0.0,1.0,1.0,1.0,1.0,0.0,0.0,0.0,0.0,1.0,60.0,0.0,0.0,0.0,0.0,0.0,1.0,1.0,50.0,50.0,0.0,12.63,1.0,0.030000000000015348,0.0,0.29999999999999716,1.1,33.65028000000001,30.0,4427.040000000001,True,False,False,8b131335a1b26c7fe5bac12f19337b890cde4f7659b0cb112a8d8ddec046ee6e,3d31a4cd1bae26ca51b79588d503db4fddd235ee2408ca95af4b8451275bfad4
P5_8_0573,573,573,28.65,EV-LAB-001,NORMAL_BASELINE,NORMAL_LABORATORY_STATE,all_lab_rules_within_thresholds,DETERMINISTIC_LABORATORY_RULES,False,False,True,False,False,False,False,40,40,0,0,0,True,True,573,0.9897403717041016,0.9990527033805847,e57e05cb53a6304ae6e27d8bb558c4d3a18810f4cee8df806541027bb20fb290,0a58960f6142fad4876a7eacf986c1d59f503dc47c53559a858505232b3c6bcf,f8b5283c3e85f1bc8b4e6e3bde6cc88ee2c61eb45dc03299a6432a593d0fcd03,28.65,573.0,64.34,64.7,64.15,0.5,0.08,0.02,0.4,0.08500000000000796,0.9,38.800000000000004,0.0,0.0,4.800000000000001,2.0,3539.0,122.80000000000001,1.0,122.10000000000001,78.0,67.0,2.0,79.60000000000001,98.0,398.3,86.9,30.0,0.015,2.3000000000000003,2.0,1.0,1.0,2.0,0.0,0.0,0.0,1.0,1.0,1.0,1.0,61.0,1.0,1.0,1.0,61.0,0.05,0.0,1.0,1.0,1.0,1.0,0.0,0.0,0.0,0.0,1.0,61.0,0.0,0.0,0.0,0.0,0.0,1.0,1.0,50.0,50.0,0.0,12.58,1.0,0.08500000000000796,0.0,0.7000000000000028,0.9,34.61227,30.0,4764.640000000001,True,False,False,3d31a4cd1bae26ca51b79588d503db4fddd235ee2408ca95af4b8451275bfad4,39e0ea11bde89107ed55f53036be46e783b97d2050e2500d487235b0851c577f
P5_8_0574,574,574,28.7,EV-LAB-001,NORMAL_BASELINE,NORMAL_LABORATORY_STATE,all_lab_rules_within_thresholds,DETERMINISTIC_LABORATORY_RULES,False,False,True,False,False,False,False,40,40,0,0,0,True,True,574,0.9897376894950867,0.9990528225898743,5aadf63be39b172d0d12927dc6e1b8569b920f48f566fcf912fc45bf1a1cc25b,0a58960f6142fad4876a7eacf986c1d59f503dc47c53559a858505232b3c6bcf,f8b5283c3e85f1bc8b4e6e3bde6cc88ee2c61eb45dc03299a6432a593d0fcd03,28.7,574.0,64.38,64.61,64.2,0.4,0.08,0.01,0.4,0.025000000000005684,0.8,38.800000000000004,0.0,0.0,4.800000000000001,2.0,3541.0,122.7,1.0,123.7,78.0,66.0,2.0,79.60000000000001,98.0,398.3,84.4,30.0,0.011,1.8,2.0,1.0,1.0,2.0,0.0,0.0,0.0,1.0,1.0,1.0,1.0,62.0,1.0,1.0,1.0,62.0,0.05,0.0,1.0,1.0,1.0,1.0,0.0,0.0,0.0,0.0,1.0,62.0,0.0,0.0,0.0,0.0,0.0,1.0,1.0,50.0,50.0,0.0,12.66,1.0,0.025000000000005684,0.0,1.0,0.8,33.61652,30.0,4760.76,True,False,False,39e0ea11bde89107ed55f53036be46e783b97d2050e2500d487235b0851c577f,193513f4ca2e46f471aeb8d4ab500e289887e771af26ac1443ec6aa78d4abd85
P5_8_0575,575,575,28.75,EV-LAB-001,NORMAL_BASELINE,NORMAL_LABORATORY_STATE,all_lab_rules_within_thresholds,DETERMINISTIC_LABORATORY_RULES,False,False,True,False,False,False,False,40,40,0,0,0,True,True,575,0.9897348880767822,0.9990530610084534,dea09794413c2503bf93232a662b1a5000e527c7c229054b49fd489b65c77c32,0a58960f6142fad4876a7eacf986c1d59f503dc47c53559a858505232b3c6bcf,f8b5283c3e85f1bc8b4e6e3bde6cc88ee2c61eb45dc03299a6432a593d0fcd03,28.75,575.0,64.42,64.7,64.15,0.4,0.08,0.01,0.2,0.005000000000009663,0.6000000000000001,37.6,0.0,0.0,4.800000000000001,2.0,3543.0,121.0,1.0,121.2,78.0,67.0,2.0,79.60000000000001,98.0,399.0,87.4,30.0,0.011,2.1,2.0,1.0,1.0,2.0,0.0,0.0,0.0,1.0,1.0,1.0,1.0,63.0,1.0,1.0,1.0,63.0,0.05,0.0,1.0,1.0,1.0,1.0,0.0,0.0,0.0,0.0,1.0,63.0,0.0,0.0,0.0,0.0,0.0,1.0,1.0,50.0,50.0,0.0,12.620000000000001,1.0,0.005000000000009663,0.0,0.20000000000000284,0.6000000000000001,34.872600000000006,30.0,4549.6,True,False,False,193513f4ca2e46f471aeb8d4ab500e289887e771af26ac1443ec6aa78d4abd85,f78bd109a6be1ce751f072a21566b264f2422b3df96c1c8047cd1348dfe6407c
P5_8_0576,576,576,28.8,EV-LAB-001,NORMAL_BASELINE,NORMAL_LABORATORY_STATE,all_lab_rules_within_thresholds,DETERMINISTIC_LABORATORY_RULES,False,False,True,False,False,False,False,40,40,0,0,0,True,True,576,0.9897320866584778,0.9990531802177429,4e167be05bf35ae936e32fadeb23ae5da148b4bf36bea86fc5eebc8c24547849,0a58960f6142fad4876a7eacf986c1d59f503dc47c53559a858505232b3c6bcf,f8b5283c3e85f1bc8b4e6e3bde6cc88ee2c61eb45dc03299a6432a593d0fcd03,28.8,576.0,64.46000000000001,64.67,64.34,0.30000000000000004,0.08,0.01,0.2,0.044999999999987494,0.5,38.0,0.0,0.0,4.800000000000001,2.0,3545.0,121.7,1.0,121.30000000000001,78.0,66.0,2.0,79.60000000000001,98.0,397.70000000000005,86.2,31.0,0.01,2.2,2.0,1.0,1.0,2.0,0.0,0.0,0.0,1.0,1.0,1.0,1.0,64.0,1.0,1.0,1.0,64.0,0.05,0.0,1.0,1.0,1.0,1.0,0.0,0.0,0.0,0.0,1.0,64.0,0.0,0.0,0.0,0.0,0.0,1.0,1.0,50.0,50.0,0.0,12.57,1.0,0.044999999999987494,0.0,0.3999999999999915,0.5,34.281740000000006,31.0,4624.6,True,False,False,f78bd109a6be1ce751f072a21566b264f2422b3df96c1c8047cd1348dfe6407c,089769527bec3d9effaf247d7ce36e235ee0dd22a6b9aa3dad2dcc439c6286f9
P5_8_0577,577,577,28.85,EV-LAB-001,NORMAL_BASELINE,NORMAL_LABORATORY_STATE,all_lab_rules_within_thresholds,DETERMINISTIC_LABORATORY_RULES,False,False,True,False,False,False,False,40,40,0,0,0,True,True,577,0.9897291660308838,0.9990532994270325,e5739a749eee451ef665665865d37cf4a525e31624deef73ded7d59b5054e693,0a58960f6142fad4876a7eacf986c1d59f503dc47c53559a858505232b3c6bcf,f8b5283c3e85f1bc8b4e6e3bde6cc88ee2c61eb45dc03299a6432a593d0fcd03,28.85,577.0,64.5,64.77,64.35,0.2,0.08,0.01,0.2,0.060000000000002274,0.4,38.800000000000004,0.0,0.0,4.800000000000001,2.0,3548.0,122.80000000000001,1.0,121.4,78.0,67.0,2.0,79.60000000000001,98.0,399.0,87.2,30.0,0.015,1.7000000000000002,2.0,1.0,1.0,2.0,0.0,0.0,0.0,1.0,1.0,1.0,1.0,65.0,1.0,1.0,1.0,65.0,0.05,0.0,1.0,1.0,1.0,1.0,0.0,0.0,0.0,0.0,1.0,65.0,0.0,0.0,0.0,0.0,0.0,1.0,1.0,50.0,50.0,0.0,12.64,1.0,0.060000000000002274,0.0,1.4000000000000057,0.4,34.7928,30.0,4764.640000000001,True,False,False,089769527bec3d9effaf247d7ce36e235ee0dd22a6b9aa3dad2dcc439c6286f9,6100b8dc95f012f9f39b29005e02cabcf1a7799ffdd45748a15e0e620624136f
P5_8_0578,578,578,28.9,EV-LAB-001,NORMAL_BASELINE,NORMAL_LABORATORY_STATE,all_lab_rules_within_thresholds,DETERMINISTIC_LABORATORY_RULES,False,False,True,False,False,False,False,40,40,0,0,0,True,True,578,0.9897262454032898,0.999053418636322,0ee3cc6e3a296fa54cf170fe8301424f7ed53cee0210667855b92b547e689f3f,0a58960f6142fad4876a7eacf986c1d59f503dc47c53559a858505232b3c6bcf,f8b5283c3e85f1bc8b4e6e3bde6cc88ee2c61eb45dc03299a6432a593d0fcd03,28.9,578.0,64.55,64.88,64.42,0.1,0.09,0.01,0.2,0.10000000000000853,0.30000000000000004,38.400000000000006,0.0,0.0,4.800000000000001,2.0,3550.0,122.2,1.0,120.0,78.0,66.0,2.0,79.60000000000001,98.0,398.90000000000003,86.10000000000001,30.0,0.011,2.3000000000000003,2.0,1.0,1.0,2.0,0.0,0.0,0.0,1.0,1.0,1.0,1.0,66.0,1.0,1.0,1.0,66.0,0.05,0.0,1.0,1.0,1.0,1.0,0.0,0.0,0.0,0.0,1.0,66.0,0.0,0.0,0.0,0.0,0.0,1.0,1.0,50.0,50.0,0.0,12.57,1.0,0.10000000000000853,0.0,2.200000000000003,0.30000000000000004,34.345290000000006,30.0,4692.4800000000005,True,False,False,6100b8dc95f012f9f39b29005e02cabcf1a7799ffdd45748a15e0e620624136f,0d6c6162b25ab9668792ee925fd4c66299680237403f2c72da9881ab928c44ae
P5_8_0579,579,579,28.95,EV-LAB-001,NORMAL_BASELINE,NORMAL_LABORATORY_STATE,all_lab_rules_within_thresholds,DETERMINISTIC_LABORATORY_RULES,False,False,True,False,False,False,False,40,40,0,0,0,True,True,579,0.9897233247756958,0.9990535378456116,7b427f0e1fb024a339b124cb9ac3a9ce0c7a20cbb45476957316df12597efa38,0a58960f6142fad4876a7eacf986c1d59f503dc47c53559a858505232b3c6bcf,f8b5283c3e85f1bc8b4e6e3bde6cc88ee2c61eb45dc03299a6432a593d0fcd03,28.95,579.0,64.59,64.83,64.48,0.1,0.09,0.01,0.0,0.06499999999999773,0.1,39.2,0.0,0.0,4.800000000000001,2.0,3552.0,123.0,1.0,124.4,78.0,66.0,2.0,79.60000000000001,98.0,398.5,85.7,30.0,0.008,2.2,2.0,1.0,1.0,2.0,0.0,0.0,0.0,1.0,1.0,1.0,1.0,67.0,1.0,1.0,1.0,67.0,0.05,0.0,1.0,1.0,1.0,1.0,0.0,0.0,0.0,0.0,1.0,67.0,0.0,0.0,0.0,0.0,0.0,1.0,1.0,50.0,50.0,0.0,12.57,1.0,0.06499999999999773,0.0,1.4000000000000057,0.1,34.151450000000004,30.0,4821.6,True,False,False,0d6c6162b25ab9668792ee925fd4c66299680237403f2c72da9881ab928c44ae,42ad31a8ff025a4b9705203b510494807c78aa8537a7345ff3efa0a5f3c2662a
P5_8_0580,580,580,29.0,EV-LAB-001,NORMAL_BASELINE,NORMAL_LABORATORY_STATE,all_lab_rules_within_thresholds,DETERMINISTIC_LABORATORY_RULES,False,False,True,False,False,False,False,40,40,0,0,0,True,True,580,0.9897202849388123,0.9990536570549011,e357e0286a535c18060ae4c69d8710bc5e234f07b8b03f5b61a83557a174e475,0a58960f6142fad4876a7eacf986c1d59f503dc47c53559a858505232b3c6bcf,f8b5283c3e85f1bc8b4e6e3bde6cc88ee2c61eb45dc03299a6432a593d0fcd03,29.0,580.0,64.63,64.79,64.52,0.0,0.09,0.01,0.0,0.025000000000005684,0.0,38.0,0.0,0.0,4.800000000000001,2.0,3555.0,121.5,1.0,120.0,79.0,66.0,2.0,79.60000000000001,98.0,399.0,83.60000000000001,30.0,0.013000000000000001,2.1,2.0,1.0,1.0,2.0,0.0,0.0,0.0,1.0,1.0,1.0,1.0,68.0,1.0,1.0,1.0,68.0,0.05,0.0,1.0,1.0,1.0,1.0,0.0,0.0,0.0,0.0,1.0,68.0,0.0,0.0,0.0,0.0,0.0,1.0,1.0,50.0,50.0,0.0,12.51,1.0,0.025000000000005684,0.0,1.5,0.0,33.3564,30.0,4617.0,True,False,False,42ad31a8ff025a4b9705203b510494807c78aa8537a7345ff3efa0a5f3c2662a,667c0fff1b6422b9c3fc6b09649dd5fa86c2a19030025089ee6104ca10c20e06
P5_8_0581,581,581,29.05,EV-LAB-001,NORMAL_BASELINE,NORMAL_LABORATORY_STATE,all_lab_rules_within_thresholds,DETERMINISTIC_LABORATORY_RULES,False,False,True,False,False,False,False,40,40,0,0,0,True,True,581,0.9897171258926392,0.9990537762641907,121e528d468cb7032580bf795378083804c196c8d0978594fed1e2dd2ac0e1f8,0a58960f6142fad4876a7eacf986c1d59f503dc47c53559a858505232b3c6bcf,f8b5283c3e85f1bc8b4e6e3bde6cc88ee2c61eb45dc03299a6432a593d0fcd03,29.05,581.0,64.68,64.93,64.44,-0.1,0.09,0.01,0.0,0.0049999999999954525,0.1,39.6,0.0,0.0,4.800000000000001,2.0,3557.0,123.60000000000001,1.0,123.0,78.0,66.0,2.0,79.60000000000001,98.0,398.70000000000005,86.5,30.0,0.011,2.1,2.0,1.0,1.0,2.0,0.0,0.0,0.0,1.0,1.0,1.0,1.0,69.0,1.0,1.0,1.0,69.0,0.05,0.0,1.0,1.0,1.0,1.0,0.0,0.0,0.0,0.0,1.0,69.0,0.0,0.0,0.0,0.0,0.0,1.0,1.0,50.0,50.0,0.0,12.65,1.0,0.0049999999999954525,0.0,0.6000000000000085,0.1,34.487550000000006,30.0,4894.56,True,False,False,667c0fff1b6422b9c3fc6b09649dd5fa86c2a19030025089ee6104ca10c20e06,3ee12f753de6bf917b67d69a9616e62176d4cca856bd4f3c4319c92b6a9e486c
P5_8_0582,582,582,29.1,EV-LAB-001,NORMAL_BASELINE,NORMAL_LABORATORY_STATE,all_lab_rules_within_thresholds,DETERMINISTIC_LABORATORY_RULES,False,False,True,False,False,False,False,40,40,0,0,0,True,True,582,0.9897140860557556,0.9990538954734802,1a6ce0e6c5638feeeb566e83e8505cab843f803f5196cddc792982f8ecafad1b,0a58960f6142fad4876a7eacf986c1d59f503dc47c53559a858505232b3c6bcf,f8b5283c3e85f1bc8b4e6e3bde6cc88ee2c61eb45dc03299a6432a593d0fcd03,29.1,582.0,64.72,65.0,64.43,-0.2,0.09,0.01,-0.1,0.0049999999999954525,0.30000000000000004,38.0,0.0,0.0,4.800000000000001,2.0,3560.0,121.5,1.0,122.60000000000001,78.0,66.0,2.0,79.60000000000001,98.0,398.3,85.2,30.0,0.011,1.8,2.0,1.0,1.0,2.0,0.0,0.0,0.0,1.0,1.0,1.0,1.0,70.0,1.0,1.0,1.0,70.0,0.05,0.0,1.0,1.0,1.0,1.0,0.0,0.0,0.0,0.0,1.0,70.0,0.0,0.0,0.0,0.0,0.0,1.0,1.0,50.0,50.0,0.0,12.59,1.0,0.0049999999999954525,0.0,1.1000000000000085,0.30000000000000004,33.93516,30.0,4617.0,True,False,False,3ee12f753de6bf917b67d69a9616e62176d4cca856bd4f3c4319c92b6a9e486c,a2efcf8ebe46922141aea0e4ef7b567a2c7f036ee680e57b9487c7e03eaeb055
P5_8_0583,583,583,29.15,EV-LAB-001,NORMAL_BASELINE,NORMAL_LABORATORY_STATE,all_lab_rules_within_thresholds,DETERMINISTIC_LABORATORY_RULES,False,False,True,False,False,False,False,40,40,0,0,0,True,True,583,0.9897109866142273,0.9990541338920593,264a4bce2c8f3147bd5cad95ecfee88a3553a4a903f3999c84f70068274ba29a,0a58960f6142fad4876a7eacf986c1d59f503dc47c53559a858505232b3c6bcf,f8b5283c3e85f1bc8b4e6e3bde6cc88ee2c61eb45dc03299a6432a593d0fcd03,29.15,583.0,64.77,64.94,64.44,-0.2,0.09,0.01,-0.2,0.0799999999999983,0.4,38.0,0.0,0.0,4.800000000000001,2.0,3562.0,121.4,1.0,125.7,78.0,66.0,2.0,79.60000000000001,98.0,399.5,87.4,30.0,0.01,2.1,2.0,1.0,1.0,2.0,0.0,0.0,0.0,1.0,1.0,1.0,1.0,71.0,1.0,1.0,1.0,71.0,0.05,0.0,1.0,1.0,1.0,1.0,0.0,0.0,0.0,0.0,1.0,71.0,0.0,0.0,0.0,0.0,0.0,1.0,1.0,50.0,50.0,0.0,12.56,1.0,0.0799999999999983,0.0,4.299999999999997,0.4,34.9163,30.0,4613.2,True,False,False,a2efcf8ebe46922141aea0e4ef7b567a2c7f036ee680e57b9487c7e03eaeb055,16f7a21dfb33b705f2d9e86a7059d11ddf4d1c70572842079ac5f987040084e2
P5_8_0584,584,584,29.2,EV-LAB-001,NORMAL_BASELINE,NORMAL_LABORATORY_STATE,all_lab_rules_within_thresholds,DETERMINISTIC_LABORATORY_RULES,False,False,True,False,False,False,False,40,40,0,0,0,True,True,584,0.9897077083587646,0.9990542531013489,d4b6b90e3dba8447272f760e5b6173119772f7708d93a2d66383460a731637a8,0a58960f6142fad4876a7eacf986c1d59f503dc47c53559a858505232b3c6bcf,f8b5283c3e85f1bc8b4e6e3bde6cc88ee2c61eb45dc03299a6432a593d0fcd03,29.2,584.0,64.81,65.14,64.61,-0.30000000000000004,0.09,0.01,-0.30000000000000004,0.06499999999999773,0.6000000000000001,38.800000000000004,0.0,0.0,4.800000000000001,2.0,3565.0,122.4,1.0,119.7,79.0,67.0,2.0,79.60000000000001,98.0,398.5,85.30000000000001,30.0,0.011,1.9000000000000001,2.0,1.0,1.0,2.0,0.0,0.0,0.0,1.0,1.0,1.0,1.0,72.0,1.0,1.0,1.0,72.0,0.05,0.0,1.0,1.0,1.0,1.0,0.0,0.0,0.0,0.0,1.0,72.0,0.0,0.0,0.0,0.0,0.0,1.0,1.0,50.0,50.0,0.0,12.59,1.0,0.06499999999999773,0.0,2.700000000000003,0.6000000000000001,33.992050000000006,30.0,4749.120000000001,True,False,False,16f7a21dfb33b705f2d9e86a7059d11ddf4d1c70572842079ac5f987040084e2,059322038692bd9849a2ae6230a9b7c5a1db7473c17d3078d323eff57b4ab099
P5_8_0585,585,585,29.25,EV-LAB-001,NORMAL_BASELINE,NORMAL_LABORATORY_STATE,all_lab_rules_within_thresholds,DETERMINISTIC_LABORATORY_RULES,False,False,True,False,False,False,False,40,40,0,0,0,True,True,585,0.989704430103302,0.9990543723106384,aad27de8b27c4cdd2bef6f397b9cfc077180715e66b26b6bb8c884bb4e3e2fc2,0a58960f6142fad4876a7eacf986c1d59f503dc47c53559a858505232b3c6bcf,f8b5283c3e85f1bc8b4e6e3bde6cc88ee2c61eb45dc03299a6432a593d0fcd03,29.25,585.0,64.86,65.25,64.46000000000001,-0.4,0.1,0.01,-0.30000000000000004,0.0049999999999954525,0.7000000000000001,37.6,0.0,0.0,4.800000000000001,2.0,3567.0,121.30000000000001,1.0,117.2,78.0,67.0,2.0,79.60000000000001,98.0,398.6,83.9,30.0,0.012,2.0,2.0,1.0,1.0,2.0,0.0,0.0,0.0,1.0,1.0,1.0,1.0,73.0,1.0,1.0,1.0,73.0,0.05,0.0,1.0,1.0,1.0,1.0,0.0,0.0,0.0,0.0,1.0,73.0,0.0,0.0,0.0,0.0,0.0,1.0,1.0,50.0,50.0,0.0,12.57,1.0,0.0049999999999954525,0.0,4.1000000000000085,0.7000000000000001,33.44254,30.0,4560.880000000001,True,False,False,059322038692bd9849a2ae6230a9b7c5a1db7473c17d3078d323eff57b4ab099,9dc9ca3954a9135d8bdc5412efd5a6b2e5d9f8304590ce3646c346639e9e5175
P5_8_0586,586,586,29.3,EV-LAB-001,NORMAL_BASELINE,NORMAL_LABORATORY_STATE,all_lab_rules_within_thresholds,DETERMINISTIC_LABORATORY_RULES,False,False,True,False,False,False,False,40,40,0,0,0,True,True,586,0.9897011518478394,0.999054491519928,fd9636f77f95a9432484b378d45ad3b41ab0a678b5ddd5032f772fbd4ae72d78,0a58960f6142fad4876a7eacf986c1d59f503dc47c53559a858505232b3c6bcf,f8b5283c3e85f1bc8b4e6e3bde6cc88ee2c61eb45dc03299a6432a593d0fcd03,29.3,586.0,64.91,65.25,64.81,-0.5,0.1,0.01,-0.4,0.12000000000000455,0.9,39.6,0.0,0.0,4.800000000000001,2.0,3570.0,123.60000000000001,1.0,121.7,79.0,67.0,2.0,79.60000000000001,98.0,398.3,86.7,30.0,0.014,2.0,2.0,1.0,1.0,2.0,0.0,0.0,0.0,1.0,1.0,1.0,1.0,74.0,1.0,1.0,1.0,74.0,0.05,0.0,1.0,1.0,1.0,1.0,0.0,0.0,0.0,0.0,1.0,74.0,0.0,0.0,0.0,0.0,0.0,1.0,1.0,50.0,50.0,0.0,12.67,1.0,0.12000000000000455,0.0,1.9000000000000057,0.9,34.53261,30.0,4894.56,True,False,False,9dc9ca3954a9135d8bdc5412efd5a6b2e5d9f8304590ce3646c346639e9e5175,8263e7ec679b4ca62ba89ac247566bd9348e46f7653328a1524b548a4f9601f7
P5_8_0587,587,587,29.35,EV-LAB-001,NORMAL_BASELINE,NORMAL_LABORATORY_STATE,all_lab_rules_within_thresholds,DETERMINISTIC_LABORATORY_RULES,False,False,True,False,False,False,False,40,40,0,0,0,True,True,587,0.9896977543830872,0.9990547299385071,44cf5c613e98d7edb373b86d4091097056bfd1489ac23b09e9764b7411fec946,0a58960f6142fad4876a7eacf986c1d59f503dc47c53559a858505232b3c6bcf,f8b5283c3e85f1bc8b4e6e3bde6cc88ee2c61eb45dc03299a6432a593d0fcd03,29.35,587.0,64.96000000000001,65.21000000000001,64.75,-0.5,0.1,0.01,-0.5,0.01999999999999602,1.0,38.0,0.0,0.0,4.800000000000001,2.0,3573.0,121.5,1.0,117.5,78.0,67.0,2.0,79.60000000000001,98.0,399.1,87.0,30.0,0.014,2.1,2.0,1.0,1.0,2.0,0.0,0.0,0.0,1.0,1.0,1.0,1.0,75.0,1.0,1.0,1.0,75.0,0.05,0.0,1.0,1.0,1.0,1.0,0.0,0.0,0.0,0.0,1.0,75.0,0.0,0.0,0.0,0.0,0.0,1.0,1.0,50.0,50.0,0.0,12.6,1.0,0.01999999999999602,0.0,4.0,1.0,34.721700000000006,30.0,4617.0,True,False,False,8263e7ec679b4ca62ba89ac247566bd9348e46f7653328a1524b548a4f9601f7,ae9372d4e5b94cbb87979f4c41d4b76c831bac55eafa515ea870bd6a0907b405
P5_8_0588,588,588,29.4,EV-LAB-001,NORMAL_BASELINE,NORMAL_LABORATORY_STATE,all_lab_rules_within_thresholds,DETERMINISTIC_LABORATORY_RULES,False,False,True,False,False,False,False,40,40,0,0,0,True,True,588,0.9896942377090454,0.9990548491477966,b325d18352f344c806db2b392dd82f457f67be00dd1dab8bdc1922765bf103f0,0a58960f6142fad4876a7eacf986c1d59f503dc47c53559a858505232b3c6bcf,f8b5283c3e85f1bc8b4e6e3bde6cc88ee2c61eb45dc03299a6432a593d0fcd03,29.4,588.0,65.01,65.47,64.88,-0.6000000000000001,0.1,0.01,-0.6000000000000001,0.16499999999999204,1.2000000000000002,40.0,0.0,0.0,4.800000000000001,2.0,3575.0,124.10000000000001,1.0,123.7,77.0,66.0,2.0,79.60000000000001,98.0,398.40000000000003,87.0,30.0,0.014,1.9000000000000001,2.0,1.0,1.0,2.0,0.0,0.0,0.0,1.0,1.0,1.0,1.0,76.0,1.0,1.0,1.0,76.0,0.05,0.0,1.0,1.0,1.0,1.0,0.0,0.0,0.0,0.0,1.0,76.0,0.0,0.0,0.0,0.0,0.0,1.0,1.0,50.0,50.0,0.0,12.57,1.0,0.16499999999999204,0.0,0.4000000000000057,1.2000000000000002,34.6608,30.0,4964.0,True,False,False,ae9372d4e5b94cbb87979f4c41d4b76c831bac55eafa515ea870bd6a0907b405,13ff61bbd7ae15b9dee7bf7b4a6573e7ec0a949b20cab77f3454a598e50d3d71
P5_8_0589,589,589,29.45,EV-LAB-001,NORMAL_BASELINE,NORMAL_LABORATORY_STATE,all_lab_rules_within_thresholds,DETERMINISTIC_LABORATORY_RULES,False,False,True,False,False,False,False,40,40,0,0,0,True,True,589,0.9896907806396484,0.9990549683570862,a40645d188ce4feb91e0d5c218d50d8655a5e2ff85b560aba498f70797cb77f4,0a58960f6142fad4876a7eacf986c1d59f503dc47c53559a858505232b3c6bcf,f8b5283c3e85f1bc8b4e6e3bde6cc88ee2c61eb45dc03299a6432a593d0fcd03,29.45,589.0,65.06,65.25,64.72,-0.7000000000000001,0.1,0.01,-0.6000000000000001,0.07500000000000284,1.3000000000000003,40.0,0.0,0.0,4.800000000000001,2.0,3578.0,123.80000000000001,1.0,122.2,79.0,66.0,2.0,79.60000000000001,98.0,398.40000000000003,88.10000000000001,30.0,0.013000000000000001,2.2,2.0,1.0,1.0,2.0,0.0,0.0,0.0,1.0,1.0,1.0,1.0,77.0,1.0,1.0,1.0,77.0,0.05,0.0,1.0,1.0,1.0,1.0,0.0,0.0,0.0,0.0,1.0,77.0,0.0,0.0,0.0,0.0,0.0,1.0,1.0,50.0,50.0,0.0,12.56,1.0,0.07500000000000284,0.0,1.6000000000000085,1.3000000000000003,35.09904000000001,30.0,4952.0,True,False,False,13ff61bbd7ae15b9dee7bf7b4a6573e7ec0a949b20cab77f3454a598e50d3d71,91b6773d6db0f9fec59896023891864d3f6f4d3d396013610b10ba0098027f40
P5_8_0590,590,590,29.5,EV-LAB-001,NORMAL_BASELINE,NORMAL_LABORATORY_STATE,all_lab_rules_within_thresholds,DETERMINISTIC_LABORATORY_RULES,False,False,True,False,False,False,False,40,40,0,0,0,True,True,590,0.9896872639656067,0.9990552067756653,270f1d75bfc10356c9e036b9ef9189065df4e9b722d9b54adc7ea4ec8b9cadcd,0a58960f6142fad4876a7eacf986c1d59f503dc47c53559a858505232b3c6bcf,f8b5283c3e85f1bc8b4e6e3bde6cc88ee2c61eb45dc03299a6432a593d0fcd03,29.5,590.0,65.11,65.46000000000001,64.92,-0.8,0.1,0.01,-0.7000000000000001,0.0799999999999983,1.5,39.2,0.0,0.0,4.800000000000001,2.0,3581.0,122.9,1.0,120.2,79.0,67.0,2.0,79.60000000000001,98.0,398.70000000000005,87.10000000000001,30.0,0.01,1.9000000000000001,2.0,1.0,1.0,2.0,0.0,0.0,0.0,1.0,1.0,1.0,1.0,78.0,1.0,1.0,1.0,78.0,0.05,0.0,1.0,1.0,1.0,1.0,0.0,0.0,0.0,0.0,1.0,78.0,0.0,0.0,0.0,0.0,0.0,1.0,1.0,50.0,50.0,0.0,12.63,1.0,0.0799999999999983,0.0,2.700000000000003,1.5,34.72677,30.0,4817.68,True,False,False,91b6773d6db0f9fec59896023891864d3f6f4d3d396013610b10ba0098027f40,863293767af812edef9380652cde569ff41d62b329fa4d876d9ed60ba59de6fd
P5_8_0591,591,591,29.55,EV-LAB-001,NORMAL_BASELINE,NORMAL_LABORATORY_STATE,all_lab_rules_within_thresholds,DETERMINISTIC_LABORATORY_RULES,False,False,True,False,False,False,False,40,40,0,0,0,True,True,591,0.9896836280822754,0.9990553259849548,aab1ab73ed224eec4aa811a1be25e1470343ed3fd6f9c784be632e1596082517,0a58960f6142fad4876a7eacf986c1d59f503dc47c53559a858505232b3c6bcf,f8b5283c3e85f1bc8b4e6e3bde6cc88ee2c61eb45dc03299a6432a593d0fcd03,29.55,591.0,65.16,65.42,64.91,-0.9,0.1,0.01,-0.7000000000000001,0.0049999999999954525,1.6,38.400000000000006,0.0,0.0,4.800000000000001,2.0,3584.0,121.9,1.0,121.2,78.0,67.0,2.0,79.60000000000001,98.0,398.70000000000005,84.2,30.0,0.012,1.9000000000000001,2.0,1.0,1.0,2.0,0.0,0.0,0.0,1.0,1.0,1.0,1.0,79.0,1.0,1.0,1.0,79.0,0.05,0.0,1.0,1.0,1.0,1.0,0.0,0.0,0.0,0.0,1.0,79.0,0.0,0.0,0.0,0.0,0.0,1.0,1.0,50.0,50.0,0.0,12.65,1.0,0.0049999999999954525,0.0,0.7000000000000028,1.6,33.57054000000001,30.0,4680.960000000001,True,False,False,863293767af812edef9380652cde569ff41d62b329fa4d876d9ed60ba59de6fd,e41af391792eaea3321d93b9f825c804a0ead50ea41a5bb896d966318b934514
P5_8_0592,592,592,29.6,EV-LAB-001,NORMAL_BASELINE,NORMAL_LABORATORY_STATE,all_lab_rules_within_thresholds,DETERMINISTIC_LABORATORY_RULES,False,False,True,False,False,False,False,40,40,0,0,0,True,True,592,0.9896798729896545,0.9990554451942444,9d3de0e1e851b2a106c12f7073c73687d3c478c7eafdafd7ea7e46bb968ca1e2,0a58960f6142fad4876a7eacf986c1d59f503dc47c53559a858505232b3c6bcf,f8b5283c3e85f1bc8b4e6e3bde6cc88ee2c61eb45dc03299a6432a593d0fcd03,29.6,592.0,65.21000000000001,65.62,64.97,-1.0,0.1,0.01,-0.7000000000000001,0.08499999999999375,1.7000000000000002,39.6,0.0,0.0,4.800000000000001,2.0,3586.0,123.5,1.0,125.30000000000001,79.0,67.0,2.0,79.60000000000001,98.0,398.6,86.0,30.0,0.013000000000000001,2.1,2.0,1.0,1.0,2.0,0.0,0.0,0.0,1.0,1.0,1.0,1.0,80.0,1.0,1.0,1.0,80.0,0.05,0.0,1.0,1.0,1.0,1.0,0.0,0.0,0.0,0.0,1.0,80.0,0.0,0.0,0.0,0.0,0.0,1.0,1.0,50.0,50.0,0.0,12.59,1.0,0.08499999999999375,0.0,1.8000000000000114,1.7000000000000002,34.2796,30.0,4890.6,True,False,False,e41af391792eaea3321d93b9f825c804a0ead50ea41a5bb896d966318b934514,3bf3d862cf64b88454c3d5d4a6807f134633223a31b288db11217e7d4265a391
P5_8_0593,593,593,29.65,EV-LAB-001,NORMAL_BASELINE,NORMAL_LABORATORY_STATE,all_lab_rules_within_thresholds,DETERMINISTIC_LABORATORY_RULES,False,False,True,False,False,False,False,40,40,0,0,0,True,True,593,0.989676296710968,0.9990556836128235,418cc2e36e2e9410d493447a4eba640fe258363af7b2f00feff947471b1cd466,0a58960f6142fad4876a7eacf986c1d59f503dc47c53559a858505232b3c6bcf,f8b5283c3e85f1bc8b4e6e3bde6cc88ee2c61eb45dc03299a6432a593d0fcd03,29.65,593.0,65.26,65.6,65.05,-1.0,0.11,0.01,-0.8,0.06499999999998352,1.8,37.6,0.0,0.0,4.800000000000001,2.0,3589.0,121.0,1.0,122.7,78.0,66.0,2.0,79.60000000000001,98.0,398.90000000000003,84.7,30.0,0.011,2.0,2.0,1.0,1.0,2.0,0.0,0.0,0.0,1.0,1.0,1.0,1.0,81.0,1.0,1.0,1.0,81.0,0.05,0.0,1.0,1.0,1.0,1.0,0.0,0.0,0.0,0.0,1.0,81.0,0.0,0.0,0.0,0.0,0.0,1.0,1.0,50.0,50.0,0.0,12.620000000000001,1.0,0.06499999999998352,0.0,1.7000000000000028,1.8,33.78683,30.0,4549.6,True,False,False,3bf3d862cf64b88454c3d5d4a6807f134633223a31b288db11217e7d4265a391,84703c7ca373e6ff1883dcd3eb15fa626573cddf5cc41ca36ec683507e6248fa
P5_8_0594,594,594,29.7,EV-LAB-001,NORMAL_BASELINE,NORMAL_LABORATORY_STATE,all_lab_rules_within_thresholds,DETERMINISTIC_LABORATORY_RULES,False,False,True,False,False,False,False,40,40,0,0,0,True,True,594,0.9896725416183472,0.999055802822113,ab8b84b089b0694392556cdb60705a22114fc67a22809f7897d2f6efee7616ad,0a58960f6142fad4876a7eacf986c1d59f503dc47c53559a858505232b3c6bcf,f8b5283c3e85f1bc8b4e6e3bde6cc88ee2c61eb45dc03299a6432a593d0fcd03,29.7,594.0,65.31,65.53,65.02,-1.1,0.11,0.01,-0.9,0.03499999999999659,2.0,38.800000000000004,0.0,0.0,4.800000000000001,2.0,3592.0,122.5,1.0,122.2,80.0,67.0,2.0,79.60000000000001,98.0,399.1,86.80000000000001,30.0,0.013000000000000001,1.9000000000000001,2.0,1.0,1.0,2.0,0.0,0.0,0.0,1.0,1.0,1.0,1.0,82.0,1.0,1.0,1.0,82.0,0.05,0.0,1.0,1.0,1.0,1.0,0.0,0.0,0.0,0.0,1.0,82.0,0.0,0.0,0.0,0.0,0.0,1.0,1.0,50.0,50.0,0.0,12.59,1.0,0.03499999999999659,0.0,0.29999999999999716,2.0,34.64188000000001,30.0,4753.000000000001,True,False,False,84703c7ca373e6ff1883dcd3eb15fa626573cddf5cc41ca36ec683507e6248fa,831ee85e410ee3fdd6750a56ece16b307e1d84ce76d686c87b647a192e00a0b5
P5_8_0595,595,595,29.75,EV-LAB-001,NORMAL_BASELINE,NORMAL_LABORATORY_STATE,all_lab_rules_within_thresholds,DETERMINISTIC_LABORATORY_RULES,False,False,True,False,False,False,False,40,40,0,0,0,True,True,595,0.9896687865257263,0.9990560412406921,3e8e1c0c515eb3114a28645eb576e969d60016fbd774404442c5f23bac3f5992,0a58960f6142fad4876a7eacf986c1d59f503dc47c53559a858505232b3c6bcf,f8b5283c3e85f1bc8b4e6e3bde6cc88ee2c61eb45dc03299a6432a593d0fcd03,29.75,595.0,65.36,65.63,65.24,-1.2000000000000002,0.11,0.01,-0.9,0.07500000000000284,2.1,40.0,0.0,0.0,4.800000000000001,2.0,3595.0,123.80000000000001,1.0,124.4,79.0,66.0,2.0,79.60000000000001,98.0,397.90000000000003,88.10000000000001,30.0,0.012,2.0,2.0,1.0,1.0,2.0,0.0,0.0,0.0,1.0,1.0,1.0,1.0,83.0,1.0,1.0,1.0,83.0,0.05,0.0,1.0,1.0,1.0,1.0,0.0,0.0,0.0,0.0,1.0,83.0,0.0,0.0,0.0,0.0,0.0,1.0,1.0,50.0,50.0,0.0,12.55,1.0,0.07500000000000284,0.0,0.5999999999999943,2.1,35.054990000000004,30.0,4952.0,True,False,False,831ee85e410ee3fdd6750a56ece16b307e1d84ce76d686c87b647a192e00a0b5,f187c6fb28e0e3f9a88bfbfd95c9a48afb1944050294e1f37a779bf8ce75e612
P5_8_0596,596,596,29.8,EV-LAB-001,NORMAL_BASELINE,NORMAL_LABORATORY_STATE,all_lab_rules_within_thresholds,DETERMINISTIC_LABORATORY_RULES,False,False,True,False,False,False,False,40,40,0,0,0,True,True,596,0.9896649718284607,0.9990561604499817,0309fe6358e98071d32450008f8f88800df098b1576d49332c3836c70b933aba,0a58960f6142fad4876a7eacf986c1d59f503dc47c53559a858505232b3c6bcf,f8b5283c3e85f1bc8b4e6e3bde6cc88ee2c61eb45dc03299a6432a593d0fcd03,29.8,596.0,65.42,65.79,65.27,-1.3,0.11,0.01,-1.0,0.10999999999999943,2.3,39.6,0.0,0.0,4.800000000000001,2.0,3598.0,123.60000000000001,1.0,124.9,80.0,66.0,2.0,79.60000000000001,98.0,398.1,84.9,30.0,0.011,2.3000000000000003,2.0,1.0,1.0,2.0,0.0,0.0,0.0,1.0,1.0,1.0,1.0,84.0,1.0,1.0,1.0,84.0,0.05,0.0,1.0,1.0,1.0,1.0,0.0,0.0,0.0,0.0,1.0,84.0,0.0,0.0,0.0,0.0,0.0,1.0,1.0,50.0,50.0,0.0,12.6,1.0,0.10999999999999943,0.0,1.2999999999999972,2.3,33.79869,30.0,4894.56,True,False,False,f187c6fb28e0e3f9a88bfbfd95c9a48afb1944050294e1f37a779bf8ce75e612,17102b1cc75e1fcfd3f3ec9019d756476fef4c7df80a0a90caa8a3d69f79825e
P5_8_0597,597,597,29.85,EV-LAB-001,NORMAL_BASELINE,NORMAL_LABORATORY_STATE,all_lab_rules_within_thresholds,DETERMINISTIC_LABORATORY_RULES,False,False,True,False,False,False,False,40,40,0,0,0,True,True,597,0.9896610975265503,0.9990562796592712,9c8aa78c6a2b77bdab82be02db9e39dffdc325af5eebc1df785f7065f0a33858,0a58960f6142fad4876a7eacf986c1d59f503dc47c53559a858505232b3c6bcf,f8b5283c3e85f1bc8b4e6e3bde6cc88ee2c61eb45dc03299a6432a593d0fcd03,29.85,597.0,65.47,65.7,65.25,-1.4000000000000001,0.11,0.01,-1.1,0.0049999999999954525,2.5,39.2,0.0,0.0,4.800000000000001,2.0,3601.0,122.9,1.0,122.80000000000001,79.0,67.0,2.0,79.60000000000001,98.0,398.3,85.30000000000001,30.0,0.013000000000000001,2.1,2.0,1.0,1.0,2.0,0.0,0.0,0.0,1.0,1.0,1.0,1.0,85.0,1.0,1.0,1.0,85.0,0.05,0.0,1.0,1.0,1.0,1.0,0.0,0.0,0.0,0.0,1.0,85.0,0.0,0.0,0.0,0.0,0.0,1.0,1.0,50.0,50.0,0.0,12.6,1.0,0.0049999999999954525,0.0,0.09999999999999432,2.5,33.974990000000005,30.0,4817.68,True,False,False,17102b1cc75e1fcfd3f3ec9019d756476fef4c7df80a0a90caa8a3d69f79825e,432dd51b17e9d4555116786c8e05d6909bc1d6ec3cde8f0294b4a06d8cf17b06
P5_8_0598,598,598,29.9,EV-LAB-001,NORMAL_BASELINE,NORMAL_LABORATORY_STATE,all_lab_rules_within_thresholds,DETERMINISTIC_LABORATORY_RULES,False,False,True,False,False,False,False,40,40,0,0,0,True,True,598,0.9896571040153503,0.9990565180778503,609796c3435979fc11f6ebc253cf7c02402acd6d2f1983e65dfe66ccbc06511f,0a58960f6142fad4876a7eacf986c1d59f503dc47c53559a858505232b3c6bcf,f8b5283c3e85f1bc8b4e6e3bde6cc88ee2c61eb45dc03299a6432a593d0fcd03,29.9,598.0,65.53,65.85,65.31,-1.5,0.11,0.01,-1.1,0.04999999999999716,2.6,40.0,0.0,0.0,4.800000000000001,2.0,3604.0,124.0,1.0,126.2,78.0,66.0,2.0,79.60000000000001,98.0,398.3,88.60000000000001,30.0,0.012,1.9000000000000001,2.0,1.0,1.0,2.0,0.0,0.0,0.0,1.0,1.0,1.0,1.0,86.0,1.0,1.0,1.0,86.0,0.05,0.0,1.0,1.0,1.0,1.0,0.0,0.0,0.0,0.0,1.0,86.0,0.0,0.0,0.0,0.0,0.0,1.0,1.0,50.0,50.0,0.0,12.58,1.0,0.04999999999999716,0.0,2.200000000000003,2.6,35.28938,30.0,4960.0,True,False,False,432dd51b17e9d4555116786c8e05d6909bc1d6ec3cde8f0294b4a06d8cf17b06,216c293555c3024d58c07ca848b7c8d692660bf9d6fc58ab3c48254f6c2a0d1d
P5_8_0599,599,599,29.95,EV-LAB-001,NORMAL_BASELINE,NORMAL_LABORATORY_STATE,all_lab_rules_within_thresholds,DETERMINISTIC_LABORATORY_RULES,False,False,True,False,False,False,False,40,40,0,0,0,True,True,599,0.9896532893180847,0.9990566372871399,844eb6d8f787bc848267b42e60d2821122a8d9c823a6528a65252402b90f3cf7,0a58960f6142fad4876a7eacf986c1d59f503dc47c53559a858505232b3c6bcf,f8b5283c3e85f1bc8b4e6e3bde6cc88ee2c61eb45dc03299a6432a593d0fcd03,29.95,599.0,65.58,65.87,65.35,-1.6,0.11,0.01,-1.3,0.030000000000001137,2.9000000000000004,38.800000000000004,0.0,0.0,4.800000000000001,2.0,3607.0,122.5,1.0,124.5,79.0,67.0,2.0,79.60000000000001,98.0,399.0,85.5,30.0,0.01,1.9000000000000001,2.0,1.0,1.0,2.0,0.0,0.0,0.0,1.0,1.0,1.0,1.0,87.0,1.0,1.0,1.0,87.0,0.05,0.0,1.0,1.0,1.0,1.0,0.0,0.0,0.0,0.0,1.0,87.0,0.0,0.0,0.0,0.0,0.0,1.0,1.0,50.0,50.0,0.0,12.6,1.0,0.030000000000001137,0.0,2.0,2.9000000000000004,34.1145,30.0,4753.000000000001,True,False,False,216c293555c3024d58c07ca848b7c8d692660bf9d6fc58ab3c48254f6c2a0d1d,f3c7392034d32df31dbd7759609cfd7a4545e9d1c39c0d2a25be4dcc7c52cc26
