scenario_id,window_index,start_timestep,end_timestep,corrected_feature_z_rms,corrected_feature_z_max,corrected_diagonal_mahalanobis,corrected_temporal_delta_rms,ood_statistical_features,excluded_near_constant_features,laboratory_generated,physical_vehicle,direct_actuation,model_retraining,live_cortex_xdr,real_world_cyberattack,corrected_ood_score,corrected_ood_flag
S00_NORMAL_BASELINE,0,0,11,0.895549953,1.0000453,0.802009761,0.0119638974,10,49,True,False,False,False,False,False,1.02216964,True
S00_NORMAL_BASELINE,1,1,12,0.895800948,1.0000453,0.8024593,0.0119316438,10,49,True,False,False,False,False,False,1.01941397,True
S00_NORMAL_BASELINE,2,2,13,0.896225452,1.0000453,0.803220034,0.0118952477,10,49,True,False,False,False,False,False,1.01630436,True
S00_NORMAL_BASELINE,3,3,14,0.896821678,1.0000453,0.804289162,0.0118538812,10,49,True,False,False,False,False,False,1.01277009,True
S00_NORMAL_BASELINE,4,4,15,0.89758718,1.0000453,0.805662751,0.0118067479,10,49,True,False,False,False,False,False,1.00874313,True
S00_NORMAL_BASELINE,5,5,16,0.898519278,1.0000453,0.807336867,0.0117546376,10,49,True,False,False,False,False,False,1.00429093,True
S00_NORMAL_BASELINE,6,6,17,0.89961493,1.0000453,0.809307039,0.0116975661,10,49,True,False,False,False,False,False,0.999414873,False
S00_NORMAL_BASELINE,7,7,18,0.90087074,1.0000453,0.811568141,0.0116355568,10,49,True,False,False,False,False,False,0.99411693,False
S00_NORMAL_BASELINE,8,8,19,0.902283192,1.0000453,0.814114928,0.0115685333,10,49,True,False,False,False,False,False,0.988390581,False
S00_NORMAL_BASELINE,9,9,20,0.903847873,1.0000453,0.816941023,0.0114957681,10,49,True,False,False,False,False,False,0.982173682,False
S00_NORMAL_BASELINE,10,10,21,0.905560613,1.0000453,0.820040047,0.0114188911,10,49,True,False,False,False,False,False,0.975605481,False
S00_NORMAL_BASELINE,11,11,22,0.907417119,1.0000453,0.823405802,0.011336945,10,49,True,False,False,False,False,False,0.968604179,False
S00_NORMAL_BASELINE,12,12,23,0.909412146,1.0000453,0.82703048,0.0112509532,10,49,True,False,False,False,False,False,0.961257224,False
S00_NORMAL_BASELINE,13,13,24,0.911541045,1.0000453,0.830907106,0.0111599537,10,49,True,False,False,False,False,False,0.95348242,False
S00_NORMAL_BASELINE,14,14,25,0.913798094,1.0000453,0.835026979,0.0110631846,10,49,True,False,False,False,False,False,0.945214679,False
S00_NORMAL_BASELINE,15,15,26,0.91617769,1.0000453,0.839381576,0.0109623428,10,49,True,False,False,False,False,False,0.936598977,False
S00_NORMAL_BASELINE,16,16,27,0.918674588,1.0000453,0.843963027,0.0108580934,10,49,True,False,False,False,False,False,0.927692128,False
S00_NORMAL_BASELINE,17,17,28,0.921282411,1.0000453,0.84876132,0.0107473452,10,49,True,False,False,False,False,False,0.918230038,False
S00_NORMAL_BASELINE,18,18,29,0.923995554,1.0000453,0.853767812,0.0106340498,10,49,True,False,False,False,False,False,0.908550324,False
S00_NORMAL_BASELINE,19,19,30,0.92680794,1.0000453,0.858972967,0.010515729,10,49,True,False,False,False,False,False,0.898441249,False
S00_NORMAL_BASELINE,20,20,31,0.929713488,1.0000453,0.864367127,0.0103949774,10,49,True,False,False,False,False,False,0.888124495,False
S00_NORMAL_BASELINE,21,21,32,0.932705224,1.0000453,0.869939089,0.0102677783,10,49,True,False,False,False,False,False,0.877256877,False
S00_NORMAL_BASELINE,22,22,33,0.935777545,1.0000453,0.875679612,0.0101370355,10,49,True,False,False,False,False,False,0.866086495,False
S00_NORMAL_BASELINE,23,23,34,0.938923419,1.0000453,0.881577134,0.0100022834,10,49,True,False,False,False,False,False,0.854573563,False
S00_NORMAL_BASELINE,24,24,35,0.942136526,1.0000453,0.887621224,0.00986334588,10,49,True,False,False,False,False,False,0.842703042,False
S00_NORMAL_BASELINE,25,25,36,0.94541055,1.0000453,0.893801153,0.00972195901,10,49,True,False,False,False,False,False,0.830623252,False
S00_NORMAL_BASELINE,26,26,37,0.948738933,1.0000453,0.900105596,0.00957655907,10,49,True,False,False,False,False,False,0.818200594,False
S00_NORMAL_BASELINE,27,27,38,0.952115297,1.0000453,0.906523585,0.0094260443,10,49,True,False,False,False,False,False,0.805340936,False
S00_NORMAL_BASELINE,28,28,39,0.955533206,1.0000453,0.913043678,0.00927485991,10,49,True,False,False,False,False,False,0.792424068,False
S00_NORMAL_BASELINE,29,29,40,0.958986521,1.0000453,0.919655204,0.00911860634,10,49,True,False,False,False,False,False,0.779074098,False
S00_NORMAL_BASELINE,30,30,41,0.962468922,1.0000453,0.926346421,0.0089590149,10,49,True,False,False,False,False,False,0.778698663,False
S00_NORMAL_BASELINE,31,31,42,0.965973735,1.0000453,0.93310529,0.00879526976,10,49,True,False,False,False,False,False,0.78153428,False
S00_NORMAL_BASELINE,32,32,43,0.969494641,1.0000453,0.939919829,0.00863098167,10,49,True,False,False,False,False,False,0.784382917,False
S00_NORMAL_BASELINE,33,33,44,0.973026633,1.0000453,0.94678086,0.00846227538,10,49,True,False,False,False,False,False,0.787240524,False
S00_NORMAL_BASELINE,34,34,45,0.976562917,1.0000453,0.953675151,0.00829127431,10,49,True,False,False,False,False,False,0.790101603,False
S00_NORMAL_BASELINE,35,35,46,0.980098486,1.0000453,0.960592985,0.00811848603,10,49,True,False,False,False,False,False,0.792962104,False
S00_NORMAL_BASELINE,36,36,47,0.983626962,1.01420283,0.967521966,0.00794165861,10,49,True,False,False,False,False,False,0.795816865,False
S00_NORMAL_BASELINE,37,37,48,0.987142384,1.03079629,0.974450111,0.00776259042,10,49,True,False,False,False,False,False,0.798661066,False
S00_NORMAL_BASELINE,38,38,49,0.990640044,1.04698098,0.981367707,0.00758175086,10,49,True,False,False,False,False,False,0.801490896,False
S00_NORMAL_BASELINE,39,39,50,0.994114518,1.06273663,0.988263726,0.00739836507,10,49,True,False,False,False,False,False,0.804301966,False
S00_NORMAL_BASELINE,40,40,51,0.997560441,1.07804263,0.995126784,0.00721259881,10,49,True,False,False,False,False,False,0.807089938,False
S00_NORMAL_BASELINE,41,41,52,1.00097299,1.09291947,1.00194681,0.00702511054,10,49,True,False,False,False,False,False,0.809850904,False
S00_NORMAL_BASELINE,42,42,53,1.00434744,1.10736728,1.00871384,0.00683681155,10,49,True,False,False,False,False,False,0.812581055,False
S00_NORMAL_BASELINE,43,43,54,1.00767875,1.12132454,1.01541638,0.00664556352,10,49,True,False,False,False,False,False,0.815276292,False
S00_NORMAL_BASELINE,44,44,55,1.01096296,1.13487315,1.02204621,0.00645313272,10,49,True,False,False,False,False,False,0.817933431,False
S00_NORMAL_BASELINE,45,45,56,1.01419532,1.14795172,1.02859223,0.00625932869,10,49,True,False,False,False,False,False,0.820548617,False
S00_NORMAL_BASELINE,46,46,57,1.01737154,1.16056025,1.03504479,0.00606215792,10,49,True,False,False,False,False,False,0.823118375,False
S00_NORMAL_BASELINE,47,47,58,1.02048779,1.17276013,1.04139543,0.00586653454,10,49,True,False,False,False,False,False,0.825639619,False
S00_NORMAL_BASELINE,48,48,59,1.02354026,1.18446958,1.04763472,0.00566978613,10,49,True,False,False,False,False,False,0.828109265,False
S00_NORMAL_BASELINE,49,49,60,1.02652621,1.19574988,1.053756,0.00547192292,10,49,True,False,False,False,False,False,0.830525092,False
S00_NORMAL_BASELINE,50,50,61,1.02944148,1.20656013,1.05974972,0.00527255936,10,49,True,False,False,False,False,False,0.832883725,False
S00_NORMAL_BASELINE,51,51,62,1.03228283,1.21692085,1.06560779,0.0050733299,10,49,True,False,False,False,False,False,0.835182561,False
S00_NORMAL_BASELINE,52,52,63,1.03504717,1.22681141,1.07132268,0.00487257075,10,49,True,False,False,False,False,False,0.837419092,False
S00_NORMAL_BASELINE,53,53,64,1.03773201,1.23627305,1.07688761,0.00467151171,10,49,True,False,False,False,False,False,0.839591292,False
S00_NORMAL_BASELINE,54,54,65,1.04033351,1.24524415,1.08229375,0.00447135698,10,49,True,False,False,False,False,False,0.841696074,False
S00_NORMAL_BASELINE,55,55,66,1.04285061,1.25378609,1.08753729,0.00426987233,10,49,True,False,False,False,False,False,0.843732572,False
S00_NORMAL_BASELINE,56,56,67,1.04528058,1.26189888,1.09261143,0.00407015253,10,49,True,False,False,False,False,False,0.845698566,False
S00_NORMAL_BASELINE,57,57,68,1.04762137,1.26954162,1.09751058,0.00387109164,10,49,True,False,False,False,False,False,0.847592417,False
S00_NORMAL_BASELINE,58,58,69,1.04987133,1.27673483,1.10222983,0.00367010571,10,49,True,False,False,False,False,False,0.849412775,False
S00_NORMAL_BASELINE,59,59,70,1.05202734,1.28345811,1.10676146,0.00347091653,10,49,True,False,False,False,False,False,0.851157132,False
S00_NORMAL_BASELINE,60,60,71,1.05408871,1.28975213,1.11110294,0.0032714915,10,49,True,False,False,False,False,False,0.852824909,False
S00_NORMAL_BASELINE,61,61,72,1.05605376,1.2956171,1.11524963,0.0030740723,10,49,True,False,False,False,False,False,0.854414756,False
S00_NORMAL_BASELINE,62,62,73,1.05792201,1.30105281,1.11919892,0.00287768082,10,49,True,False,False,False,False,False,0.855926288,False
S00_NORMAL_BASELINE,63,63,74,1.05969119,1.30601859,1.12294543,0.00268260017,10,49,True,False,False,False,False,False,0.857357671,False
S00_NORMAL_BASELINE,64,64,75,1.06136131,1.31057572,1.12648773,0.00248814281,10,49,True,False,False,False,False,False,0.858708907,False
S00_NORMAL_BASELINE,65,65,76,1.06293094,1.31470358,1.12982225,0.00229758816,10,49,True,False,False,False,False,False,0.859978836,False
S00_NORMAL_BASELINE,66,66,77,1.06440043,1.31840241,1.13294816,0.00210773479,10,49,True,False,False,False,False,False,0.86116775,False
S00_NORMAL_BASELINE,67,67,78,1.06576836,1.32167208,1.13586211,0.00191879086,10,49,True,False,False,False,False,False,0.862274489,False
S00_NORMAL_BASELINE,68,68,79,1.06703424,1.32453299,1.13856196,0.00173407025,10,49,True,False,False,False,False,False,0.86329867,False
S00_NORMAL_BASELINE,69,69,80,1.06819844,1.32698524,1.14104795,0.00155305874,10,49,True,False,False,False,False,False,0.86424058,False
S00_NORMAL_BASELINE,70,70,81,1.06926095,1.32902873,1.14331901,0.00137820281,10,49,True,False,False,False,False,False,0.86510022,False
S00_NORMAL_BASELINE,71,71,82,1.07022238,1.33066356,1.14537585,0.00120834995,10,49,True,False,False,False,False,False,0.865878073,False
S00_NORMAL_BASELINE,72,72,83,1.07108259,1.33191013,1.14721787,0.00104559469,10,49,True,False,False,False,False,False,0.866574041,False
S00_NORMAL_BASELINE,73,73,84,1.0718416,1.33274794,1.14884436,0.000893360702,10,49,True,False,False,False,False,False,0.867188125,False
S00_NORMAL_BASELINE,74,74,85,1.07250023,1.33321798,1.15025663,0.000760239665,10,49,True,False,False,False,False,False,0.867720999,False
S00_NORMAL_BASELINE,75,75,86,1.0730598,1.33332014,1.15145743,0.000650180504,10,49,True,False,False,False,False,False,0.868173726,False
S00_NORMAL_BASELINE,76,76,87,1.07352078,1.33332014,1.15244699,0.000578386069,10,49,True,False,False,False,False,False,0.86854669,False
S00_NORMAL_BASELINE,77,77,88,1.07388401,1.33332014,1.15322697,0.000557336549,10,49,True,False,False,False,False,False,0.868840567,False
S00_NORMAL_BASELINE,78,78,89,1.07415044,1.33332014,1.15379906,0.000590964453,10,49,True,False,False,False,False,False,0.869056128,False
S00_NORMAL_BASELINE,79,79,90,1.07432103,1.33332014,1.15416563,0.000668953755,10,49,True,False,False,False,False,False,0.869194145,False
S00_NORMAL_BASELINE,80,80,91,1.07439756,1.33332014,1.15433013,0.000774358283,10,49,True,False,False,False,False,False,0.869256064,False
S00_NORMAL_BASELINE,81,81,92,1.07438159,1.33332014,1.1542958,0.00089635211,10,49,True,False,False,False,False,False,0.86924314,False
S00_NORMAL_BASELINE,82,82,93,1.07427442,1.33332014,1.15406549,0.00102934428,10,49,True,False,False,False,False,False,0.869156433,False
S00_NORMAL_BASELINE,83,83,94,1.07407725,1.33332014,1.15364194,0.00116891111,10,49,True,False,False,False,False,False,0.868996909,False
S00_NORMAL_BASELINE,84,84,95,1.07379234,1.33332014,1.15302992,0.00130862813,10,49,True,False,False,False,False,False,0.868766398,False
S00_NORMAL_BASELINE,85,85,96,1.07342148,1.33332014,1.15223372,0.00145026669,10,49,True,False,False,False,False,False,0.868466349,False
S00_NORMAL_BASELINE,86,86,97,1.07296622,1.33332014,1.15125656,0.00159181457,10,49,True,False,False,False,False,False,0.868098014,False
S00_NORMAL_BASELINE,87,87,98,1.07242763,1.33303404,1.15010107,0.00173365313,10,49,True,False,False,False,False,False,0.867662262,False
S00_NORMAL_BASELINE,88,88,99,1.07180893,1.33238006,1.14877427,0.00187121844,10,49,True,False,False,False,False,False,0.867161698,False
S00_NORMAL_BASELINE,89,89,100,1.0711118,1.33135831,1.14728057,0.00200688234,10,49,True,False,False,False,False,False,0.86659767,False
S00_NORMAL_BASELINE,90,90,101,1.07033873,1.32996869,1.14562488,0.00214055227,10,49,True,False,False,False,False,False,0.865972206,False
S00_NORMAL_BASELINE,91,91,102,1.06949186,1.3282522,1.14381278,0.00227211416,10,49,True,False,False,False,False,False,0.86528704,False
S00_NORMAL_BASELINE,92,92,103,1.06857336,1.32620871,1.14184904,0.00240060361,10,49,True,False,False,False,False,False,0.864543909,False
S00_NORMAL_BASELINE,93,93,104,1.06758487,1.32381773,1.13973749,0.00252662157,10,49,True,False,False,False,False,False,0.863744163,False
S00_NORMAL_BASELINE,94,94,105,1.06652939,1.32107937,1.13748503,0.00264815846,10,49,True,False,False,False,False,False,0.862890213,False
S00_NORMAL_BASELINE,95,95,106,1.06540954,1.31805503,1.13509738,0.00276812236,10,49,True,False,False,False,False,False,0.861984181,False
S00_NORMAL_BASELINE,96,96,107,1.06422722,1.31470358,1.13257968,0.00288339215,10,49,True,False,False,False,False,False,0.861027611,False
S00_NORMAL_BASELINE,97,97,108,1.0629853,1.31104565,1.12993777,0.00299571222,10,49,True,False,False,False,False,False,0.860022816,False
S00_NORMAL_BASELINE,98,98,109,1.0616858,1.30706084,1.12717664,0.00310450839,10,49,True,False,False,False,False,False,0.858971438,False
S00_NORMAL_BASELINE,99,99,110,1.06033206,1.3028307,1.12430418,0.00321051572,10,49,True,False,False,False,False,False,0.857876175,False
S00_NORMAL_BASELINE,100,100,111,1.05892611,1.29831445,1.12132442,0.00331254164,10,49,True,False,False,False,False,False,0.856738669,False
S00_NORMAL_BASELINE,101,101,112,1.05747032,1.29351223,1.11824346,0.0034106872,10,49,True,False,False,False,False,False,0.855560847,False
S00_NORMAL_BASELINE,102,102,113,1.05596733,1.28844428,1.11506701,0.00350571307,10,49,True,False,False,False,False,False,0.854344832,False
S00_NORMAL_BASELINE,103,103,114,1.05442011,1.28313112,1.11180186,0.00359651842,10,49,True,False,False,False,False,False,0.853093034,False
S00_NORMAL_BASELINE,104,104,115,1.05283058,1.27755225,1.10845232,0.00368435867,10,49,True,False,False,False,False,False,0.851806998,False
S00_NORMAL_BASELINE,105,105,116,1.05120206,1.27174866,1.10502577,0.00376793486,10,49,True,False,False,False,False,False,0.850489423,False
S00_NORMAL_BASELINE,106,106,117,1.04953623,1.26569974,1.10152626,0.00384845724,10,49,True,False,False,False,False,False,0.84914166,False
S00_NORMAL_BASELINE,107,107,118,1.04783618,1.25944662,1.09796059,0.0039255959,10,49,True,False,False,False,False,False,0.847766216,False
S00_NORMAL_BASELINE,108,108,119,1.04610419,1.25296867,1.09433401,0.00399779854,10,49,True,False,False,False,False,False,0.846364925,False
S00_NORMAL_BASELINE,109,109,120,1.04434276,1.24626589,1.09065175,0.00406693527,10,49,True,False,False,False,False,False,0.84493981,False
S00_NORMAL_BASELINE,110,110,121,1.04255474,1.23937917,1.0869205,0.00413184427,10,49,True,False,False,False,False,False,0.843493188,False
S00_NORMAL_BASELINE,111,111,122,1.0407424,1.23230851,1.08314466,0.00419437233,10,49,True,False,False,False,False,False,0.842026891,False
S00_NORMAL_BASELINE,112,112,123,1.03890765,1.22505403,1.07932901,0.00425278023,10,49,True,False,False,False,False,False,0.840542461,False
S00_NORMAL_BASELINE,113,113,124,1.03705323,1.2176156,1.07547939,0.00430712057,10,49,True,False,False,False,False,False,0.839042117,False
S00_NORMAL_BASELINE,114,114,125,1.03518176,1.21003413,1.07160139,0.00435809093,10,49,True,False,False,False,False,False,0.837527981,False
S00_NORMAL_BASELINE,115,115,126,1.03329539,1.20226872,1.06769943,0.00440420024,10,49,True,False,False,False,False,False,0.83600179,False
S00_NORMAL_BASELINE,116,116,127,1.03139651,1.19438064,1.06377864,0.00444867183,10,49,True,False,False,False,False,False,0.834465471,False
S00_NORMAL_BASELINE,117,117,128,1.02948725,1.18632913,1.0598439,0.00448737713,10,49,True,False,False,False,False,False,0.832920761,False
S00_NORMAL_BASELINE,118,118,129,1.02756989,1.17815506,1.05589986,0.00452364422,10,49,True,False,False,False,False,False,0.831369493,False
S00_NORMAL_BASELINE,119,119,130,1.02564657,1.16987884,1.05195081,0.00455741771,10,49,True,False,False,False,False,False,0.829813403,False
S00_NORMAL_BASELINE,120,120,131,1.02371871,1.16145945,1.0480001,0.00458628405,10,49,True,False,False,False,False,False,0.828253647,False
S00_NORMAL_BASELINE,121,121,132,1.02178931,1.15295839,1.04405344,0.00461264933,10,49,True,False,False,False,False,False,0.826692638,False
S00_NORMAL_BASELINE,122,122,133,1.01985967,1.14433467,1.04011369,0.00463493355,10,49,True,False,False,False,False,False,0.825131435,False
S00_NORMAL_BASELINE,123,123,134,1.01793194,1.1356293,1.0361855,0.00465390692,10,49,True,False,False,False,False,False,0.823571776,False
S00_NORMAL_BASELINE,124,124,135,1.01600826,1.12684214,1.03227282,0.0046695848,10,49,True,False,False,False,False,False,0.822015396,False
S00_NORMAL_BASELINE,125,125,136,1.01409006,1.11799359,1.02837861,0.0046827849,10,49,True,False,False,False,False,False,0.820463453,False
S00_NORMAL_BASELINE,126,126,137,1.01217902,1.10908389,1.02450633,0.0046926802,10,49,True,False,False,False,False,False,0.818917297,False
S00_NORMAL_BASELINE,127,127,138,1.01027668,1.10009229,1.02065897,0.00469845999,10,49,True,False,False,False,False,False,0.817378181,False
S00_NORMAL_BASELINE,128,128,139,1.0083847,1.09108031,1.01683962,0.00470341276,10,49,True,False,False,False,False,False,0.815847456,False
S00_NORMAL_BASELINE,129,129,140,1.00650454,1.08200705,1.01305127,0.00470341276,10,49,True,False,False,False,False,False,0.81432628,False
S00_NORMAL_BASELINE,130,130,141,1.0046376,1.0728929,1.00929677,0.00470093451,10,49,True,False,False,False,False,False,0.812815809,False
S00_NORMAL_BASELINE,131,131,142,1.0027858,1.06375837,1.00557947,0.00469515799,10,49,True,False,False,False,False,False,0.811317587,False
S00_NORMAL_BASELINE,132,132,143,1.00094986,1.05460334,1.00190067,0.00468772044,10,49,True,False,False,False,False,False,0.809832193,False
S00_NORMAL_BASELINE,133,133,144,0.999131501,1.04542792,0.998263717,0.0046761618,10,49,True,False,False,False,False,False,0.808361025,False
S00_NORMAL_BASELINE,134,134,145,0.997331262,1.0362525,0.994669676,0.00466375798,10,49,True,False,False,False,False,False,0.806904517,False
S00_NORMAL_BASELINE,135,135,146,0.995550513,1.02707708,0.991120875,0.004648061,10,49,True,False,False,False,False,False,0.805463778,False
S00_NORMAL_BASELINE,136,136,147,0.993790269,1.01790166,0.987619102,0.00462987274,10,49,True,False,False,False,False,False,0.804039628,False
S00_NORMAL_BASELINE,137,137,148,0.992051303,1.00874662,0.984165788,0.00461002858,10,49,True,False,False,False,False,False,0.802632694,False
S00_NORMAL_BASELINE,138,138,149,0.990334809,1.0000453,0.980763078,0.00458690757,10,49,True,False,False,False,False,False,0.801243941,False
S00_NORMAL_BASELINE,139,139,150,0.988641322,1.0000453,0.977411687,0.0045612501,10,49,True,False,False,False,False,False,0.799873802,False
S00_NORMAL_BASELINE,140,140,151,0.986972034,1.0000453,0.974113762,0.00453479961,10,49,True,False,False,False,False,False,0.798523242,False
S00_NORMAL_BASELINE,141,141,152,0.985327303,1.0000453,0.970869899,0.00450504012,10,49,True,False,False,False,False,False,0.79719255,False
S00_NORMAL_BASELINE,142,142,153,0.983707607,1.0000453,0.967680693,0.00447526528,10,49,True,False,False,False,False,False,0.795882112,False
S00_NORMAL_BASELINE,143,143,154,0.982113361,1.0000453,0.964546621,0.0044421535,10,49,True,False,False,False,False,False,0.794592266,False
S00_NORMAL_BASELINE,144,144,155,0.980545521,1.0000453,0.961469471,0.00440827338,10,49,True,False,False,False,False,False,0.793323783,False
S00_NORMAL_BASELINE,145,145,156,0.979003847,1.0000453,0.958448529,0.0043718135,10,49,True,False,False,False,False,False,0.792076471,False
S00_NORMAL_BASELINE,146,146,157,0.97748965,1.0000453,0.955486,0.00433377083,10,49,True,False,False,False,False,False,0.790851389,False
S00_NORMAL_BASELINE,147,147,158,0.976002574,1.0000453,0.952580988,0.00429484434,10,49,True,False,False,False,False,False,0.78964825,False
S00_NORMAL_BASELINE,148,148,159,0.974542916,1.0000453,0.949733913,0.00425423216,10,49,True,False,False,False,False,False,0.788467293,False
S00_NORMAL_BASELINE,149,149,160,0.973111331,1.0000453,0.946945608,0.0042128833,10,49,True,False,False,False,False,False,0.787309051,False
S00_NORMAL_BASELINE,150,150,161,0.971707106,1.0000453,0.944214702,0.00417060964,10,49,True,False,False,False,False,False,0.786172942,False
S00_NORMAL_BASELINE,151,151,162,0.970330834,1.0000453,0.94154197,0.00412670709,10,49,True,False,False,False,False,False,0.785059451,False
S00_NORMAL_BASELINE,152,152,163,0.968982458,1.0000453,0.938926995,0.0040828255,10,49,True,False,False,False,False,False,0.783968529,False
S00_NORMAL_BASELINE,153,153,164,0.967661619,1.0000453,0.936369002,0.00403719721,10,49,True,False,False,False,False,False,0.782899886,False
S00_NORMAL_BASELINE,154,154,165,0.966369092,1.0000453,0.933869243,0.00399000989,10,49,True,False,False,False,False,False,0.78185415,False
S00_NORMAL_BASELINE,155,155,166,0.965104222,1.0000453,0.931426167,0.00394358579,10,49,True,False,False,False,False,False,0.780830789,False
S00_NORMAL_BASELINE,156,156,167,0.963866711,1.0000453,0.929039061,0.00389626436,10,49,True,False,False,False,False,False,0.779829563,False
S00_NORMAL_BASELINE,157,157,168,0.962656617,1.0000453,0.926707804,0.00384903583,10,49,True,False,False,False,False,False,0.778850521,False
S00_NORMAL_BASELINE,158,158,169,0.961473167,1.0000453,0.924430668,0.00380167598,10,49,True,False,False,False,False,False,0.777893034,False
S00_NORMAL_BASELINE,159,159,170,0.960316956,1.0000453,0.922208607,0.0037519671,10,49,True,False,False,False,False,False,0.776957586,False
S00_NORMAL_BASELINE,160,160,171,0.95918715,1.0000453,0.920039952,0.00370465149,10,49,True,False,False,False,False,False,0.776043501,False
S00_NORMAL_BASELINE,161,161,172,0.958082974,1.0000453,0.917923033,0.00365641923,10,49,True,False,False,False,False,False,0.775150152,False
S00_NORMAL_BASELINE,162,162,173,0.957004786,1.0000453,0.91585815,0.00360827451,10,49,True,False,False,False,False,False,0.774277829,False
S00_NORMAL_BASELINE,163,163,174,0.95595181,1.0000453,0.91384387,0.00356009696,10,49,True,False,False,False,False,False,0.773425905,False
S00_NORMAL_BASELINE,164,164,175,0.954923749,1.0000453,0.91187942,0.00351188588,10,49,True,False,False,False,False,False,0.772594138,False
S00_NORMAL_BASELINE,165,165,176,0.953920007,1.0000453,0.909963429,0.00346621149,10,49,True,False,False,False,False,False,0.771782046,False
S00_NORMAL_BASELINE,166,166,177,0.95293963,1.0000453,0.908093989,0.00341963931,10,49,True,False,False,False,False,False,0.770988859,False
S00_NORMAL_BASELINE,167,167,178,0.951982617,1.0000453,0.906270921,0.00337305455,10,49,True,False,False,False,False,False,0.770214575,False
S00_NORMAL_BASELINE,168,168,179,0.951048374,1.0000453,0.904493034,0.00332813198,10,49,True,False,False,False,False,False,0.769458713,False
S00_NORMAL_BASELINE,169,169,180,0.950136244,1.0000453,0.902758837,0.00328231766,10,49,True,False,False,False,False,False,0.768720742,False
S00_NORMAL_BASELINE,170,170,181,0.949245691,1.0000453,0.901067436,0.0032407511,10,49,True,False,False,False,False,False,0.768000227,False
S00_NORMAL_BASELINE,171,171,182,0.948375463,1.0000453,0.899416029,0.00319821993,10,49,True,False,False,False,False,False,0.767296158,False
S00_NORMAL_BASELINE,172,172,183,0.94752574,1.0000453,0.897804976,0.00315572927,10,49,True,False,False,False,False,False,0.766608677,False
S00_NORMAL_BASELINE,173,173,184,0.946695685,1.0000453,0.896232665,0.00311573525,10,49,True,False,False,False,False,False,0.76593711,False
S00_NORMAL_BASELINE,174,174,185,0.945884526,1.0000453,0.894697487,0.00307659246,10,49,True,False,False,False,False,False,0.76528083,False
S00_NORMAL_BASELINE,175,175,186,0.945091307,1.0000453,0.893197596,0.003039876,10,49,True,False,False,False,False,False,0.764639066,False
S00_NORMAL_BASELINE,176,176,187,0.944315553,1.0000453,0.891731858,0.00300315558,10,49,True,False,False,False,False,False,0.764011431,False
S00_NORMAL_BASELINE,177,177,188,0.943556428,1.0000453,0.890298784,0.00296889711,10,49,True,False,False,False,False,False,0.763397251,False
S00_NORMAL_BASELINE,178,178,189,0.942813456,1.0000453,0.88889724,0.00293634227,10,49,True,False,False,False,False,False,0.762796139,False
S00_NORMAL_BASELINE,179,179,190,0.942085505,1.0000453,0.887525141,0.00290540978,10,49,True,False,False,False,False,False,0.76220718,False
S00_NORMAL_BASELINE,180,180,191,0.941372275,1.0000453,0.886181712,0.00287621282,10,49,True,False,False,False,False,False,0.761630132,False
S00_NORMAL_BASELINE,181,181,192,0.940672517,1.0000453,0.884864748,0.00284858583,10,49,True,False,False,False,False,False,0.761063983,False
S00_NORMAL_BASELINE,182,182,193,0.939985812,1.0000453,0.883573353,0.00282263733,10,49,True,False,False,False,False,False,0.760508395,False
S00_NORMAL_BASELINE,183,183,194,0.939311683,1.0000453,0.882306457,0.0027992588,10,49,True,False,False,False,False,False,0.759962982,False
S00_NORMAL_BASELINE,184,184,195,0.938648582,1.0000453,0.881061137,0.00277912943,10,49,True,False,False,False,False,False,0.759426491,False
S00_NORMAL_BASELINE,185,185,196,0.93799597,1.0000453,0.87983644,0.00276072952,10,49,True,False,False,False,False,False,0.758898487,False
S00_NORMAL_BASELINE,186,186,197,0.937353253,1.0000453,0.878631175,0.00274313847,10,49,True,False,False,False,False,False,0.758378488,False
S00_NORMAL_BASELINE,187,187,198,0.936719775,1.0000453,0.87744391,0.00272890949,10,49,True,False,False,False,False,False,0.757865963,False
S00_NORMAL_BASELINE,188,188,199,0.936094582,1.0000453,0.876273036,0.00271633477,10,49,True,False,False,False,False,False,0.757360142,False
S00_NORMAL_BASELINE,189,189,200,0.935477138,1.0000453,0.875117421,0.00270628324,10,49,True,False,False,False,False,False,0.75686059,False
S00_NORMAL_BASELINE,190,190,201,0.93486625,1.0000453,0.873974919,0.00269956142,10,49,True,False,False,False,False,False,0.756366343,False
S00_NORMAL_BASELINE,191,191,202,0.93426156,1.0000453,0.872844636,0.00269537303,10,49,True,False,False,False,False,False,0.755877111,False
S00_NORMAL_BASELINE,192,192,203,0.933662057,1.0000453,0.871724784,0.00269285659,10,49,True,False,False,False,False,False,0.755392075,False
S00_NORMAL_BASELINE,193,193,204,0.933066845,1.0000453,0.870613694,0.0026945374,10,49,True,False,False,False,False,False,0.75491051,False
S00_NORMAL_BASELINE,194,194,205,0.932475507,1.0000453,0.869510591,0.00269788411,10,49,True,False,False,False,False,False,0.75443208,False
S00_NORMAL_BASELINE,195,195,206,0.93188715,1.0000453,0.868413627,0.00270293024,10,49,True,False,False,False,False,False,0.753956062,False
S00_NORMAL_BASELINE,196,196,207,0.931301177,1.0000453,0.867321849,0.00271217222,10,49,True,False,False,False,False,False,0.753481972,False
S00_NORMAL_BASELINE,197,197,208,0.930716932,1.0000453,0.866234004,0.00272390898,10,49,True,False,False,False,False,False,0.753009281,False
S00_NORMAL_BASELINE,198,198,209,0.930133641,1.0000453,0.865148544,0.00273816381,10,49,True,False,False,False,False,False,0.752537361,False
S00_NORMAL_BASELINE,199,199,210,0.929550469,1.0000453,0.864064097,0.00275578676,10,49,True,False,False,False,False,False,0.752065538,False
S00_NORMAL_BASELINE,200,200,211,0.928967059,1.0000453,0.862979829,0.00277588866,10,49,True,False,False,False,False,False,0.751593522,False
S00_NORMAL_BASELINE,201,201,212,0.928382218,1.0000453,0.861893535,0.00279946229,10,49,True,False,False,False,False,False,0.751120349,False
S00_NORMAL_BASELINE,202,202,213,0.927796125,1.0000453,0.86080569,0.00282458216,10,49,True,False,False,False,False,False,0.750646162,False
S00_NORMAL_BASELINE,203,203,214,0.927207589,1.0000453,0.859713912,0.00285481685,10,49,True,False,False,False,False,False,0.750169999,False
S00_NORMAL_BASELINE,204,204,215,0.926616311,1.0000453,0.858617842,0.00288501917,10,49,True,False,False,False,False,False,0.749691617,False
S00_NORMAL_BASELINE,205,205,216,0.926021814,1.0000453,0.857516408,0.00292107603,10,49,True,False,False,False,False,False,0.749210632,False
S00_NORMAL_BASELINE,206,206,217,0.925423324,1.0000453,0.856408358,0.00295880134,10,49,True,False,False,False,False,False,0.748726415,False
S00_NORMAL_BASELINE,207,207,218,0.924820602,1.0000453,0.855293095,0.00299906568,10,49,True,False,False,False,False,False,0.748238774,False
S00_NORMAL_BASELINE,208,208,219,0.924213171,1.0000453,0.854170024,0.00304260291,10,49,True,False,False,False,False,False,0.747747324,False
S00_NORMAL_BASELINE,209,209,220,0.923600435,1.0000453,0.853037715,0.0030903921,10,49,True,False,False,False,False,False,0.747251582,False
S00_NORMAL_BASELINE,210,210,221,0.922982037,1.0000453,0.851895869,0.00313980528,10,49,True,False,False,False,False,False,0.746751258,False
S00_NORMAL_BASELINE,211,211,222,0.922357738,1.0000453,0.85074383,0.00319337845,10,49,True,False,False,False,False,False,0.746246161,False
S00_NORMAL_BASELINE,212,212,223,0.921727061,1.0000453,0.849580824,0.00324787176,10,49,True,False,False,False,False,False,0.745735903,False
S00_NORMAL_BASELINE,213,213,224,0.921090364,1.0000453,0.848407447,0.0033071842,10,49,True,False,False,False,False,False,0.745220775,False
S00_NORMAL_BASELINE,214,214,225,0.920446694,1.0000453,0.84722209,0.00336748292,10,49,True,False,False,False,False,False,0.744700004,False
S00_NORMAL_BASELINE,215,215,226,0.919796467,1.0000453,0.846025527,0.00343264639,10,49,True,False,False,False,False,False,0.744173929,False
S00_NORMAL_BASELINE,216,216,227,0.919139266,1.0000453,0.844817042,0.00349869393,10,49,True,False,False,False,False,False,0.743642212,False
S00_NORMAL_BASELINE,217,217,228,0.918475211,1.0000453,0.843596697,0.00356892147,10,49,True,False,False,False,False,False,0.743104949,False
S00_NORMAL_BASELINE,218,218,229,0.91780442,1.0000453,0.842364967,0.00364067289,10,49,True,False,False,False,False,False,0.742562236,False
S00_NORMAL_BASELINE,219,219,230,0.917126715,1.0000453,0.841121376,0.00371666765,10,49,True,False,False,False,False,False,0.74201393,False
S00_NORMAL_BASELINE,220,220,231,0.916442156,1.0000453,0.839866221,0.00379443495,10,49,True,False,False,False,False,False,0.741460078,False
S00_NORMAL_BASELINE,221,221,232,0.915751398,1.0000453,0.838600576,0.00387448468,10,49,True,False,False,False,False,False,0.74090121,False
S00_NORMAL_BASELINE,222,222,233,0.915054321,1.0000453,0.83732444,0.00395714445,10,49,True,False,False,False,False,False,0.740337231,False
S00_NORMAL_BASELINE,223,223,234,0.914351702,1.0000453,0.836039007,0.00404217001,10,49,True,False,False,False,False,False,0.739768767,False
S00_NORMAL_BASELINE,224,224,235,0.913643599,1.0000453,0.834744573,0.00413062377,10,49,True,False,False,False,False,False,0.739195867,False
S00_NORMAL_BASELINE,225,225,236,0.912930489,1.0000453,0.833442092,0.00422058813,10,49,True,False,False,False,False,False,0.738618915,False
S00_NORMAL_BASELINE,226,226,237,0.912212968,1.0000453,0.832132518,0.0043140715,10,49,True,False,False,False,False,False,0.738038395,False
S00_NORMAL_BASELINE,227,227,238,0.911491871,1.0000453,0.830817461,0.0044080345,10,49,True,False,False,False,False,False,0.737454982,False
S00_NORMAL_BASELINE,228,228,239,0.910767794,1.0000453,0.829497993,0.00450470205,10,49,True,False,False,False,False,False,0.736869157,False
S00_NORMAL_BASELINE,229,229,240,0.910041511,1.0000453,0.828175545,0.00460546883,10,49,True,False,False,False,False,False,0.736281548,False
S00_NORMAL_BASELINE,230,230,241,0.909313858,1.0000453,0.826851726,0.00470530475,10,49,True,False,False,False,False,False,0.73569283,False
S00_NORMAL_BASELINE,231,231,242,0.908585906,1.0000453,0.825528383,0.00480864057,10,49,True,False,False,False,False,False,0.735103871,False
S00_NORMAL_BASELINE,232,232,243,0.907858729,1.0000453,0.824207485,0.00491520576,10,49,True,False,False,False,False,False,0.734515539,False
S00_NORMAL_BASELINE,233,233,244,0.90713352,1.0000453,0.822891176,0.00502071995,10,49,True,False,False,False,False,False,0.733928798,False
S00_NORMAL_BASELINE,234,234,245,0.90641135,1.0000453,0.821581483,0.00513053034,10,49,True,False,False,False,False,False,0.733344517,False
S00_NORMAL_BASELINE,235,235,246,0.905693591,1.0000453,0.82028091,0.0052403342,10,49,True,False,False,False,False,False,0.732763804,False
S00_NORMAL_BASELINE,236,236,247,0.904981732,1.0000453,0.818991899,0.00535342516,10,49,True,False,False,False,False,False,0.732187865,False
S00_NORMAL_BASELINE,237,237,248,0.904277146,1.0000453,0.817717195,0.00546571426,10,49,True,False,False,False,False,False,0.73161781,False
S00_NORMAL_BASELINE,238,238,249,0.903581738,1.0000453,0.816459954,0.00558196614,10,49,True,False,False,False,False,False,0.731055181,False
S00_NORMAL_BASELINE,239,239,250,0.902896941,1.0000453,0.815222859,0.00569735654,10,49,True,False,False,False,False,False,0.730501136,False
S00_NORMAL_BASELINE,240,240,251,0.902224481,1.0000453,0.814009011,0.00581464544,10,49,True,False,False,False,False,False,0.729957073,False
S00_NORMAL_BASELINE,241,241,252,0.901566446,1.0000453,0.812822044,0.0059350701,10,49,True,False,False,False,False,False,0.729424681,False
S00_NORMAL_BASELINE,242,242,253,0.900924623,1.0000453,0.811665177,0.00605381932,10,49,True,False,False,False,False,False,0.728905405,False
S00_NORMAL_BASELINE,243,243,254,0.900301158,1.0000453,0.810542226,0.0061734817,10,49,True,False,False,False,False,False,0.728400983,False
S00_NORMAL_BASELINE,244,244,255,0.899698317,1.0000453,0.809457064,0.00629623933,10,49,True,False,False,False,False,False,0.727913246,False
S00_NORMAL_BASELINE,245,245,256,0.899118006,1.0000453,0.808413148,0.00641836552,10,49,True,False,False,False,False,False,0.727443737,False
S00_NORMAL_BASELINE,246,246,257,0.898562729,1.0000453,0.807414949,0.00654207496,10,49,True,False,False,False,False,False,0.726994483,False
S00_NORMAL_BASELINE,247,247,258,0.898034751,1.0000453,0.80646646,0.00666405028,10,49,True,False,False,False,False,False,0.726567315,False
S00_NORMAL_BASELINE,248,248,259,0.897536874,1.0000453,0.80557245,0.00678761536,10,49,True,False,False,False,False,False,0.7261645,False
S00_NORMAL_BASELINE,249,249,260,0.897071302,1.0000453,0.804736912,0.00691216672,10,49,True,False,False,False,False,False,0.725787823,False
S00_NORMAL_BASELINE,250,250,261,0.896640778,1.0000453,0.803964674,0.00703735929,10,49,True,False,False,False,False,False,0.725439502,False
S00_NORMAL_BASELINE,251,251,262,0.896247804,1.0000453,0.803260088,0.00716096023,10,49,True,False,False,False,False,False,0.725121561,False
S00_NORMAL_BASELINE,252,252,263,0.895895302,1.0000453,0.802628398,0.00728553906,10,49,True,False,False,False,False,False,0.724836365,False
S00_NORMAL_BASELINE,253,253,264,0.895586073,1.0000453,0.802074373,0.0074089691,10,49,True,False,False,False,False,False,0.724586179,False
S00_NORMAL_BASELINE,254,254,265,0.895322859,1.0000453,0.801603019,0.00753427576,10,49,True,False,False,False,False,False,0.724373222,False
S00_NORMAL_BASELINE,255,255,266,0.895108581,1.0000453,0.801219344,0.00765693793,10,49,True,False,False,False,False,False,0.724199857,False
S00_NORMAL_BASELINE,256,256,267,0.894946098,1.0000453,0.800928533,0.00777968811,10,49,True,False,False,False,False,False,0.724068398,False
S00_NORMAL_BASELINE,257,257,268,0.894838572,1.0000453,0.80073607,0.00790162757,10,49,True,False,False,False,False,False,0.723981402,False
S00_NORMAL_BASELINE,258,258,269,0.894788802,1.0000453,0.80064702,0.0080242753,10,49,True,False,False,False,False,False,0.723941135,False
S00_NORMAL_BASELINE,259,259,270,0.894799829,1.0000453,0.800666749,0.00814522523,10,49,True,False,False,False,False,False,0.723950056,False
S00_NORMAL_BASELINE,260,260,271,0.894874692,1.0000453,0.800800741,0.00826552697,10,49,True,False,False,False,False,False,0.724010626,False
S00_NORMAL_BASELINE,261,261,272,0.895016432,1.0000453,0.801054418,0.00838492066,10,49,True,False,False,False,False,False,0.724125302,False
S00_NORMAL_BASELINE,262,262,273,0.895227969,1.0000453,0.801433146,0.00850253645,10,49,True,False,False,False,False,False,0.726438414,False
S00_NORMAL_BASELINE,263,263,274,0.895512342,1.0000453,0.801942408,0.00861776527,10,49,True,False,False,False,False,False,0.736283316,False
S00_NORMAL_BASELINE,264,264,275,0.895872533,1.0000453,0.802587569,0.00873456988,10,49,True,False,False,False,False,False,0.74626285,False
S00_NORMAL_BASELINE,265,265,276,0.896311522,1.0000453,0.80337429,0.00884734653,10,49,True,False,False,False,False,False,0.755898244,False
S00_NORMAL_BASELINE,266,266,277,0.896831989,1.0000453,0.80430764,0.0089590922,10,49,True,False,False,False,False,False,0.765445554,False
S00_NORMAL_BASELINE,267,267,278,0.897437036,1.0000453,0.805393279,0.00907016266,10,49,True,False,False,False,False,False,0.774935175,False
S00_NORMAL_BASELINE,268,268,279,0.898129404,1.0000453,0.806636393,0.00917869434,10,49,True,False,False,False,False,False,0.784207888,False
S00_NORMAL_BASELINE,269,269,280,0.898911715,1.0000453,0.808042228,0.00928559341,10,49,True,False,False,False,False,False,0.793341114,False
S00_NORMAL_BASELINE,270,270,281,0.899786592,1.0000453,0.80961591,0.00938990247,10,49,True,False,False,False,False,False,0.802253056,False
S00_NORMAL_BASELINE,271,271,282,0.900756657,1.0000453,0.811362505,0.00949185248,10,49,True,False,False,False,False,False,0.810963446,False
S00_NORMAL_BASELINE,272,272,283,0.901824296,1.0000453,0.81328702,0.00959126838,10,49,True,False,False,False,False,False,0.819457326,False
S00_NORMAL_BASELINE,273,273,284,0.902991593,1.0000453,0.815393865,0.00968895759,10,49,True,False,False,False,False,False,0.827803682,False
S00_NORMAL_BASELINE,274,274,285,0.904261231,1.0000453,0.817688406,0.00978503004,10,49,True,False,False,False,False,False,0.836011905,False
S00_NORMAL_BASELINE,275,275,286,0.90563488,1.0000453,0.820174575,0.00987611618,10,49,True,False,False,False,False,False,0.843794109,False
S00_NORMAL_BASELINE,276,276,287,0.907114565,1.0000453,0.822856843,0.00996555947,10,49,True,False,False,False,False,False,0.851435951,False
S00_NORMAL_BASELINE,277,277,288,0.908702075,1.0000453,0.825739503,0.0100532919,10,49,True,False,False,False,False,False,0.858931622,False
S00_NORMAL_BASELINE,278,278,289,0.910399258,1.0000453,0.828826845,0.010136974,10,49,True,False,False,False,False,False,0.866081243,False
S00_NORMAL_BASELINE,279,279,290,0.912207186,1.0000453,0.832121909,0.0102172745,10,49,True,False,False,False,False,False,0.872941945,False
S00_NORMAL_BASELINE,280,280,291,0.914127409,1.0000453,0.835628927,0.0102951517,10,49,True,False,False,False,False,False,0.879595605,False
S00_NORMAL_BASELINE,281,281,292,0.916161001,1.0000453,0.839350998,0.0103704864,10,49,True,False,False,False,False,False,0.886032038,False
S00_NORMAL_BASELINE,282,282,293,0.918308794,1.0000453,0.843291044,0.0104408571,10,49,True,False,False,False,False,False,0.892044362,False
S00_NORMAL_BASELINE,283,283,294,0.920571506,1.0000453,0.847451866,0.0105087431,10,49,True,False,False,False,False,False,0.897844392,False
S00_NORMAL_BASELINE,284,284,295,0.922949672,1.0000453,0.851836085,0.0105733043,10,49,True,False,False,False,False,False,0.903360358,False
S00_NORMAL_BASELINE,285,285,296,0.925444007,1.0000453,0.856446624,0.0106346142,10,49,True,False,False,False,False,False,0.908598543,False
S00_NORMAL_BASELINE,286,286,297,0.928053975,1.0000453,0.861284196,0.0106916856,10,49,True,False,False,False,False,False,0.913474605,False
S00_NORMAL_BASELINE,287,287,298,0.930779994,1.0000453,0.866351366,0.0107454937,10,49,True,False,False,False,False,False,0.918071852,False
S00_NORMAL_BASELINE,288,288,299,0.933621526,1.0000453,0.871649206,0.0107951565,10,49,True,False,False,False,False,False,0.922314933,False
S00_NORMAL_BASELINE,289,289,300,0.936577976,1.0000453,0.877178252,0.0108398469,10,49,True,False,False,False,False,False,0.926133189,False
S00_NORMAL_BASELINE,290,290,301,0.939648509,1.0000453,0.882939339,0.010882047,10,49,True,False,False,False,False,False,0.929738673,False
S00_NORMAL_BASELINE,291,291,302,0.942832589,1.0000453,0.888933241,0.0109193036,10,49,True,False,False,False,False,False,0.932921799,False
S00_NORMAL_BASELINE,292,292,303,0.946128488,1.0000453,0.895159066,0.0109524103,10,49,True,False,False,False,False,False,0.935750361,False
S00_NORMAL_BASELINE,293,293,304,0.949534655,1.0000453,0.901616096,0.0109813577,10,49,True,False,False,False,False,False,0.938223562,False
S00_NORMAL_BASELINE,294,294,305,0.953050256,1.0000453,0.908304811,0.0110070193,10,49,True,False,False,False,False,False,0.940416039,False
S00_NORMAL_BASELINE,295,295,306,0.956673265,1.0000453,0.915223777,0.0110285403,10,49,True,False,False,False,False,False,0.942254747,False
S00_NORMAL_BASELINE,296,296,307,0.960401356,1.0000453,0.922370732,0.0110434387,10,49,True,False,False,False,False,False,0.943527631,False
S00_NORMAL_BASELINE,297,297,308,0.964231789,1.0000453,0.929742992,0.0110558448,10,49,True,False,False,False,False,False,0.944587586,False
S00_NORMAL_BASELINE,298,298,309,0.968163013,1.0000453,0.937339664,0.0110632936,10,49,True,False,False,False,False,False,0.945223988,False
S00_NORMAL_BASELINE,299,299,310,0.972191751,1.0000453,0.945156813,0.0110657755,10,49,True,False,False,False,False,False,0.945436043,False
S00_NORMAL_BASELINE,300,300,311,0.976315677,1.0000453,0.953192353,0.0110657755,10,49,True,False,False,False,False,False,0.945436043,False
S00_NORMAL_BASELINE,301,301,312,0.980531156,1.02315354,0.961441338,0.0110583343,10,49,True,False,False,False,False,False,0.944800277,False
S00_NORMAL_BASELINE,302,302,313,0.984835207,1.04626584,0.969900429,0.0110475766,10,49,True,False,False,False,False,False,0.943881162,False
S00_NORMAL_BASELINE,303,303,314,0.989223897,1.06925547,0.978563905,0.0110310409,10,49,True,False,False,False,False,False,0.942468393,False
S00_NORMAL_BASELINE,304,304,315,0.993694663,1.09220433,0.987429082,0.0110128373,10,49,True,False,False,False,False,False,0.940913114,False
S00_NORMAL_BASELINE,305,305,316,0.998243093,1.11498964,0.996489286,0.0109863728,10,49,True,False,False,False,False,False,0.938652047,False
S00_NORMAL_BASELINE,306,306,317,1.00286555,1.13769317,1.00573921,0.0109565733,10,49,True,False,False,False,False,False,0.93610604,False
S00_NORMAL_BASELINE,307,307,318,1.00755751,1.16025376,1.01517224,0.0109226648,10,49,True,False,False,False,False,False,0.933208968,False
S00_NORMAL_BASELINE,308,308,319,1.01231503,1.1826508,1.0247817,0.010882983,10,49,True,False,False,False,False,False,0.929818641,False
S00_NORMAL_BASELINE,309,309,320,1.01713336,1.20488441,1.03456032,0.0108375084,10,49,True,False,False,False,False,False,0.925933388,False
S00_NORMAL_BASELINE,310,310,321,1.02200866,1.22699535,1.04450178,0.0107895304,10,49,True,False,False,False,False,False,0.92183425,False
S00_NORMAL_BASELINE,311,311,322,1.02693665,1.24892247,1.05459881,0.0107349074,10,49,True,False,False,False,False,False,0.917167378,False
S00_NORMAL_BASELINE,312,312,323,1.0319109,1.27062476,1.0648402,0.0106762629,10,49,True,False,False,False,False,False,0.912156922,False
S00_NORMAL_BASELINE,313,313,324,1.03692865,1.29216349,1.07522094,0.0106125725,10,49,True,False,False,False,False,False,0.906715355,False
S00_NORMAL_BASELINE,314,314,325,1.04198372,1.31347752,1.08573008,0.0105448235,10,49,True,False,False,False,False,False,0.900927021,False
S00_NORMAL_BASELINE,315,315,326,1.04707229,1.3345871,1.09636045,0.0104703531,10,49,True,False,False,False,False,False,0.894564429,False
S00_NORMAL_BASELINE,316,316,327,1.05218828,1.35547197,1.10710025,0.0103934864,10,49,True,False,False,False,False,False,0.887997103,False
S00_NORMAL_BASELINE,317,317,328,1.05732715,1.37609112,1.11794078,0.0103091588,10,49,True,False,False,False,False,False,0.88079234,False
S00_NORMAL_BASELINE,318,318,329,1.06248355,1.39648557,1.1288712,0.0102214953,10,49,True,False,False,False,False,False,0.873302557,False
S00_NORMAL_BASELINE,319,319,330,1.06765223,1.41661429,1.13988125,0.0101297572,10,49,True,False,False,False,False,False,0.865464654,False
S00_NORMAL_BASELINE,320,320,331,1.07282865,1.43647742,1.15096128,0.010033913,10,49,True,False,False,False,False,False,0.867986713,False
S00_NORMAL_BASELINE,321,321,332,1.07800663,1.45601356,1.16209841,0.0099298181,10,49,True,False,False,False,False,False,0.872176025,False
S00_NORMAL_BASELINE,322,322,333,1.08318138,1.47530448,1.17328191,0.00982314814,10,49,True,False,False,False,False,False,0.876362732,False
S00_NORMAL_BASELINE,323,323,334,1.08834696,1.49426842,1.18449914,0.00971251819,10,49,True,False,False,False,False,False,0.880542013,False
S00_NORMAL_BASELINE,324,324,335,1.09349895,1.51292574,1.19573998,0.0095960144,10,49,True,False,False,False,False,False,0.884710298,False
S00_NORMAL_BASELINE,325,325,336,1.09863234,1.53129709,1.2069931,0.00947699603,10,49,True,False,False,False,False,False,0.888863538,False
S00_NORMAL_BASELINE,326,326,337,1.10374129,1.54930055,1.21824491,0.00935144909,10,49,True,False,False,False,False,False,0.892997006,False
S00_NORMAL_BASELINE,327,327,338,1.10882008,1.56695664,1.22948205,0.00922095682,10,49,True,False,False,False,False,False,0.897106073,False
S00_NORMAL_BASELINE,328,328,339,1.11386395,1.58428574,1.24069297,0.0090880096,10,49,True,False,False,False,False,False,0.90118688,False
S00_NORMAL_BASELINE,329,329,340,1.11886764,1.60122657,1.25186479,0.00894848257,10,49,True,False,False,False,False,False,0.905235185,False
S00_NORMAL_BASELINE,330,330,341,1.12382567,1.61782002,1.26298416,0.00880560093,10,49,True,False,False,False,False,False,0.90924655,False
S00_NORMAL_BASELINE,331,331,342,1.12873352,1.63404572,1.27403939,0.00865854695,10,49,True,False,False,False,False,False,0.91321731,False
S00_NORMAL_BASELINE,332,332,343,1.13358581,1.64988303,1.28501689,0.00850923546,10,49,True,False,False,False,False,False,0.917143126,False
S00_NORMAL_BASELINE,333,333,344,1.13837814,1.66531169,1.29590487,0.00835322589,10,49,True,False,False,False,False,False,0.921020428,False
S00_NORMAL_BASELINE,334,334,345,1.14310503,1.68035197,1.30668914,0.00819481071,10,49,True,False,False,False,False,False,0.924844781,False
S00_NORMAL_BASELINE,335,335,346,1.14776218,1.69498372,1.31735814,0.00803228281,10,49,True,False,False,False,False,False,0.928612711,False
S00_NORMAL_BASELINE,336,336,347,1.15234494,1.70920658,1.32789874,0.00786462147,10,49,True,False,False,False,False,False,0.932320458,False
S00_NORMAL_BASELINE,337,337,348,1.15684712,1.72298002,1.33829534,0.00769397989,10,49,True,False,False,False,False,False,0.935963006,False
S00_NORMAL_BASELINE,338,338,349,1.16126573,1.7363447,1.34853804,0.00752083212,10,49,True,False,False,False,False,False,0.939537944,False
S00_NORMAL_BASELINE,339,339,350,1.16559541,1.74923933,1.35861278,0.00734199816,10,49,True,False,False,False,False,False,0.943040932,False
S00_NORMAL_BASELINE,340,340,351,1.16983199,1.76170492,1.36850691,0.00716163218,10,49,True,False,False,False,False,False,0.946468595,False
S00_NORMAL_BASELINE,341,341,352,1.17397165,1.77372086,1.37820947,0.00697707804,10,49,True,False,False,False,False,False,0.949817845,False
S00_NORMAL_BASELINE,342,342,353,1.17800963,1.78526676,1.38770664,0.00678846845,10,49,True,False,False,False,False,False,0.953084825,False
S00_NORMAL_BASELINE,343,343,354,1.18194151,1.79634261,1.39698577,0.00659666164,10,49,True,False,False,False,False,False,0.956265966,False
S00_NORMAL_BASELINE,344,344,355,1.18576455,1.80698943,1.40603745,0.006403937,10,49,True,False,False,False,False,False,0.95935905,False
S00_NORMAL_BASELINE,345,345,356,1.18947363,1.81710494,1.41484761,0.00620582467,10,49,True,False,False,False,False,False,0.962359931,False
S00_NORMAL_BASELINE,346,346,357,1.19306576,1.82677078,1.423406,0.00600590371,10,49,True,False,False,False,False,False,0.965266195,False
S00_NORMAL_BASELINE,347,347,358,1.19653666,1.83592582,1.43170011,0.00580206839,10,49,True,False,False,False,False,False,0.968074373,False
S00_NORMAL_BASELINE,348,348,359,1.19988334,1.84461081,1.43972015,0.00559754251,10,49,True,False,False,False,False,False,0.970782051,False
S00_NORMAL_BASELINE,349,349,360,1.20310271,1.85278487,1.44745612,0.0053889649,10,49,True,False,False,False,False,False,0.973386724,False
S00_NORMAL_BASELINE,350,350,361,1.20619047,1.86044812,1.4548955,0.00517925201,10,49,True,False,False,False,False,False,0.975884917,False
S00_NORMAL_BASELINE,351,351,362,1.20914507,1.86762094,1.46203184,0.00496697985,10,49,True,False,False,False,False,False,0.978275379,False
S00_NORMAL_BASELINE,352,352,363,1.21196294,1.87428284,1.46885407,0.00475243852,10,49,True,False,False,False,False,False,0.980555214,False
S00_NORMAL_BASELINE,353,353,364,1.21464062,1.88041341,1.47535181,0.00453598564,10,49,True,False,False,False,False,False,0.982741339,False
S00_NORMAL_BASELINE,354,354,365,1.21717656,1.88605356,1.48151886,0.00431879656,10,49,True,False,False,False,False,False,0.985688992,False
S00_NORMAL_BASELINE,355,355,366,1.21956813,1.8911624,1.48734629,0.00409748685,10,49,True,False,False,False,False,False,0.98835897,False
S00_NORMAL_BASELINE,356,356,367,1.22181141,1.89573979,1.49282324,0.00387734314,10,49,True,False,False,False,False,False,0.990751209,False
S00_NORMAL_BASELINE,357,357,368,1.22390628,1.8998065,1.4979465,0.0036546581,10,49,True,False,False,False,False,False,0.99287655,False
S00_NORMAL_BASELINE,358,358,369,1.22584951,1.90334177,1.50270689,0.00343214651,10,49,True,False,False,False,False,False,0.994724153,False
S00_NORMAL_BASELINE,359,359,370,1.22764015,1.90636623,1.50710046,0.00320814829,10,49,True,False,False,False,False,False,0.996304795,False
S00_NORMAL_BASELINE,360,360,371,1.22927547,1.90883887,1.51111829,0.00298399408,10,49,True,False,False,False,False,False,0.997597045,False
S00_NORMAL_BASELINE,361,361,372,1.23075426,1.91078019,1.51475608,0.00276037585,10,49,True,False,False,False,False,False,0.998611619,False
S00_NORMAL_BASELINE,362,362,373,1.23207629,1.91223109,1.51801193,0.00253715855,10,49,True,False,False,False,False,False,0.999369886,False
S00_NORMAL_BASELINE,363,363,374,1.23323846,1.91308939,1.52087724,0.00231391913,10,49,True,False,False,False,False,False,0.999818454,False
S00_NORMAL_BASELINE,364,364,375,1.23424017,1.91343677,1.52334893,0.0020939603,10,49,True,False,False,False,False,False,1,False
S00_NORMAL_BASELINE,365,365,376,1.23508167,1.91343677,1.52542663,0.00187546038,10,49,True,False,False,False,False,False,1,False
S00_NORMAL_BASELINE,366,366,377,1.23576117,1.91343677,1.52710569,0.00166197587,10,49,True,False,False,False,False,False,1,False
S00_NORMAL_BASELINE,367,367,378,1.2362783,1.91343677,1.52838409,0.00145568,10,49,True,False,False,False,False,False,1.00045582,True
S00_NORMAL_BASELINE,368,368,379,1.23663259,1.91343677,1.52926028,0.00125870435,10,49,True,False,False,False,False,False,1.00102936,True
S00_NORMAL_BASELINE,369,369,380,1.23682344,1.91343677,1.52973223,0.0010782337,10,49,True,False,False,False,False,False,1.00133829,True
S00_NORMAL_BASELINE,370,370,381,1.23685181,1.91343677,1.52980232,0.000921057188,10,49,True,False,False,False,False,False,1.00138417,True
S00_NORMAL_BASELINE,371,371,382,1.23671651,1.91343677,1.52946782,0.000806819065,10,49,True,False,False,False,False,False,1.00116522,True
S00_NORMAL_BASELINE,372,372,383,1.23641872,1.91343677,1.52873123,0.000751154788,10,49,True,False,False,False,False,False,1.00068305,True
S00_NORMAL_BASELINE,373,373,384,1.23595822,1.91343677,1.52759278,0.000766634766,10,49,True,False,False,False,False,False,1,False
S00_NORMAL_BASELINE,374,374,385,1.2353344,1.91343677,1.52605116,0.000852601253,10,49,True,False,False,False,False,False,1,False
S00_NORMAL_BASELINE,375,375,386,1.23455095,1.91343677,1.52411604,0.000983644277,10,49,True,False,False,False,False,False,1,False
S00_NORMAL_BASELINE,376,376,387,1.23360753,1.91327333,1.52178741,0.00114814565,10,49,True,False,False,False,False,False,0.999914585,False
S00_NORMAL_BASELINE,377,377,388,1.23250389,1.91257846,1.51906586,0.00133426394,10,49,True,False,False,False,False,False,0.999551432,False
S00_NORMAL_BASELINE,378,378,389,1.23124182,1.91133201,1.5159564,0.00153147138,10,49,True,False,False,False,False,False,0.998900011,False
S00_NORMAL_BASELINE,379,379,390,1.22982323,1.90955412,1.51246524,0.00173541263,10,49,True,False,False,False,False,False,0.997970852,False
S00_NORMAL_BASELINE,380,380,391,1.22824895,1.90724492,1.50859535,0.00194609223,10,49,True,False,False,False,False,False,0.996764017,False
S00_NORMAL_BASELINE,381,381,392,1.22652149,1.90444529,1.50435507,0.00215716031,10,49,True,False,False,False,False,False,0.995300874,False
S00_NORMAL_BASELINE,382,382,393,1.22464144,1.90109384,1.49974656,0.00237084273,10,49,True,False,False,False,False,False,0.99354934,False
S00_NORMAL_BASELINE,383,383,394,1.22261178,1.89723158,1.49477971,0.00258344132,10,49,True,False,False,False,False,False,0.991530846,False
S00_NORMAL_BASELINE,384,384,395,1.22043371,1.89281762,1.48945856,0.00279740104,10,49,True,False,False,False,False,False,0.989224021,False
S00_NORMAL_BASELINE,385,385,396,1.21811128,1.88789272,1.48379505,0.00300861406,10,49,True,False,False,False,False,False,0.986650174,False
S00_NORMAL_BASELINE,386,386,397,1.21564639,1.88249779,1.47779608,0.00322029064,10,49,True,False,False,False,False,False,0.983830674,False
S00_NORMAL_BASELINE,387,387,398,1.21303952,1.87657154,1.47146499,0.0034319472,10,49,True,False,False,False,False,False,0.981426235,False
S00_NORMAL_BASELINE,388,388,399,1.21029532,1.87011397,1.46481478,0.00363915064,10,49,True,False,False,False,False,False,0.979206005,False
S00_NORMAL_BASELINE,389,389,400,1.2074157,1.86316597,1.45785272,0.00384732033,10,49,True,False,False,False,False,False,0.976876209,False
S00_NORMAL_BASELINE,390,390,401,1.20440459,1.85572755,1.45059037,0.00405115308,10,49,True,False,False,False,False,False,0.974440031,False
S00_NORMAL_BASELINE,391,391,402,1.20126426,1.84775782,1.44303584,0.00425278395,10,49,True,False,False,False,False,False,0.971899304,False
S00_NORMAL_BASELINE,392,392,403,1.19799888,1.83933854,1.43520141,0.00445354218,10,49,True,False,False,False,False,False,0.969257403,False
S00_NORMAL_BASELINE,393,393,404,1.19461119,1.83040822,1.42709601,0.00464967219,10,49,True,False,False,False,False,False,0.966516546,False
S00_NORMAL_BASELINE,394,394,405,1.19110501,1.82102847,1.41873121,0.00484514795,10,49,True,False,False,False,False,False,0.96367982,False
S00_NORMAL_BASELINE,395,395,406,1.18748271,1.8111378,1.41011512,0.00503712101,10,49,True,False,False,False,False,False,0.960749154,False
S00_NORMAL_BASELINE,396,396,407,1.18374956,1.80081797,1.40126288,0.00522626052,10,49,True,False,False,False,False,False,0.957728791,False
S00_NORMAL_BASELINE,397,397,408,1.17990863,1.79002821,1.39218438,0.00541140884,10,49,True,False,False,False,False,False,0.95462124,False
S00_NORMAL_BASELINE,398,398,409,1.17596328,1.77874792,1.38288951,0.00559394294,10,49,True,False,False,False,False,False,0.9514292,False
S00_NORMAL_BASELINE,399,399,410,1.17191875,1.76705885,1.37339365,0.00577368401,10,49,True,False,False,False,False,False,0.948156915,False
S00_NORMAL_BASELINE,400,400,411,1.16777885,1.75487947,1.36370742,0.00594710885,10,49,True,False,False,False,False,False,0.944807472,False
S00_NORMAL_BASELINE,401,401,412,1.16354811,1.74231184,1.35384417,0.00612059282,10,49,True,False,False,False,False,False,0.941384536,False
S00_NORMAL_BASELINE,402,402,413,1.15923023,1.72929454,1.34381473,0.00628832821,10,49,True,False,False,False,False,False,0.937891096,False
S00_NORMAL_BASELINE,403,403,414,1.15482974,1.71584809,1.33363175,0.00645301212,10,49,True,False,False,False,False,False,0.934330818,False
S00_NORMAL_BASELINE,404,404,415,1.15035117,1.70201337,1.32330775,0.0066151754,10,49,True,False,False,False,False,False,0.930707367,False
S00_NORMAL_BASELINE,405,405,416,1.1457994,1.68774962,1.31285632,0.0067707058,10,49,True,False,False,False,False,False,0.927024696,False
S00_NORMAL_BASELINE,406,406,417,1.14117944,1.67307711,1.30229044,0.00692229625,10,49,True,False,False,False,False,False,0.923286858,False
S00_NORMAL_BASELINE,407,407,418,1.13649547,1.65803671,1.29162192,0.00707236445,10,49,True,False,False,False,False,False,0.919497226,False
S00_NORMAL_BASELINE,408,408,419,1.13175237,1.64262855,1.28086352,0.007217295,10,49,True,False,False,False,False,False,0.915659757,False
S00_NORMAL_BASELINE,409,409,420,1.12695491,1.62681162,1.2700274,0.00735665252,10,49,True,False,False,False,False,False,0.911778307,False
S00_NORMAL_BASELINE,410,410,421,1.1221081,1.61064732,1.25912654,0.00749361981,10,49,True,False,False,False,False,False,0.907856928,False
S00_NORMAL_BASELINE,411,411,422,1.1172173,1.59415603,1.24817455,0.00762537913,10,49,True,False,False,False,False,False,0.90389996,False
S00_NORMAL_BASELINE,412,412,423,1.11228645,1.57727647,1.23718107,0.00775249582,10,49,True,False,False,False,False,False,0.899910585,False
S00_NORMAL_BASELINE,413,413,424,1.10732126,1.56009042,1.22616041,0.0078762183,10,49,True,False,False,False,False,False,0.895893433,False
S00_NORMAL_BASELINE,414,414,425,1.10232663,1.542557,1.21512413,0.0079942178,10,49,True,False,False,False,False,False,0.891852459,False
S00_NORMAL_BASELINE,415,415,426,1.09730804,1.52469647,1.20408487,0.00810732227,10,49,True,False,False,False,False,False,0.887792098,False
S00_NORMAL_BASELINE,416,416,427,1.09227037,1.50657046,1.19305456,0.00821787026,10,49,True,False,False,False,False,False,0.883716306,False
S00_NORMAL_BASELINE,417,417,428,1.08721793,1.48813784,1.18204272,0.00832349621,10,49,True,False,False,False,False,False,0.879628554,False
S00_NORMAL_BASELINE,418,418,429,1.08215582,1.46937823,1.17106128,0.00842261687,10,49,True,False,False,False,False,False,0.87553299,False
S00_NORMAL_BASELINE,419,419,430,1.07708991,1.45037341,1.16012275,0.00851924345,10,49,True,False,False,False,False,False,0.87143434,False
S00_NORMAL_BASELINE,420,420,431,1.0720253,1.43110299,1.14923835,0.0086091524,10,49,True,False,False,False,False,False,0.867336751,False
S00_NORMAL_BASELINE,421,421,432,1.06696618,1.41154635,1.13841677,0.0086951144,10,49,True,False,False,False,False,False,0.863243598,False
S00_NORMAL_BASELINE,422,422,433,1.06191838,1.3917855,1.12767076,0.00877680536,10,49,True,False,False,False,False,False,0.859159608,False
S00_NORMAL_BASELINE,423,423,434,1.05688584,1.37175894,1.11700761,0.00885365438,10,49,True,False,False,False,False,False,0.855087963,False
S00_NORMAL_BASELINE,424,424,435,1.0518738,1.35150754,1.10643852,0.00892553944,10,49,True,False,False,False,False,False,0.851032907,False
S00_NORMAL_BASELINE,425,425,436,1.04688764,1.33105183,1.09597361,0.00899242889,10,49,True,False,False,False,False,False,0.84699878,False
S00_NORMAL_BASELINE,426,426,437,1.04193127,1.31039178,1.08562076,0.00905521773,10,49,True,False,False,False,False,False,0.842988766,False
S00_NORMAL_BASELINE,427,427,438,1.03700984,1.2895273,1.07538939,0.00911222305,10,49,True,False,False,False,False,False,0.83900701,False
S00_NORMAL_BASELINE,428,428,439,1.03212738,1.26847899,1.06528699,0.0091659762,10,49,True,False,False,False,False,False,0.835056793,False
S00_NORMAL_BASELINE,429,429,440,1.02728915,1.24726713,1.05532289,0.00921389088,10,49,True,False,False,False,False,False,0.831142358,False
S00_NORMAL_BASELINE,430,430,441,1.02249873,1.22587144,1.04550374,0.00925689284,10,49,True,False,False,False,False,False,0.827266599,False
S00_NORMAL_BASELINE,431,431,442,1.01776135,1.20437348,1.03583825,0.009296529,10,49,True,False,False,False,False,False,0.823433759,False
S00_NORMAL_BASELINE,432,432,443,1.01307988,1.18269169,1.02633083,0.00933043566,10,49,True,False,False,False,False,False,0.819646153,False
S00_NORMAL_BASELINE,433,433,444,1.00845969,1.16090775,1.01699102,0.00935933925,10,49,True,False,False,False,False,False,0.815908122,False
S00_NORMAL_BASELINE,434,434,445,1.00390387,1.13898063,1.00782299,0.00938331429,10,49,True,False,False,False,False,False,0.812222172,False
S00_NORMAL_BASELINE,435,435,446,0.999416649,1.11695147,0.998833656,0.00940315798,10,49,True,False,False,False,False,False,0.808591728,False
S00_NORMAL_BASELINE,436,436,447,0.995001256,1.09484041,0.990027547,0.00941969454,10,49,True,False,False,False,False,False,0.805019394,False
S00_NORMAL_BASELINE,437,437,448,0.990661383,1.07262731,0.981410027,0.0094296122,10,49,True,False,False,False,False,False,0.80564577,False
S00_NORMAL_BASELINE,438,438,449,0.986400485,1.05035281,0.972985923,0.00943622459,10,49,True,False,False,False,False,False,0.806210718,False
S00_NORMAL_BASELINE,439,439,450,0.982221246,1.02797616,0.964758575,0.0094370516,10,49,True,False,False,False,False,False,0.806281376,False
S00_NORMAL_BASELINE,440,440,451,0.97812748,1.00557911,0.956733406,0.00943457149,10,49,True,False,False,False,False,False,0.806069481,False
S00_NORMAL_BASELINE,441,441,452,0.974121332,1.0000453,0.948912382,0.00942712743,10,49,True,False,False,False,False,False,0.805433476,False
S00_NORMAL_BASELINE,442,442,453,0.970205903,1.0000453,0.941299498,0.00941555295,10,49,True,False,False,False,False,False,0.804444578,False
S00_NORMAL_BASELINE,443,443,454,0.96638304,1.0000453,0.933896184,0.0093998285,10,49,True,False,False,False,False,False,0.803101115,False
S00_NORMAL_BASELINE,444,444,455,0.962655485,1.0000453,0.926705599,0.00938081555,10,49,True,False,False,False,False,False,0.801476689,False
S00_NORMAL_BASELINE,445,445,456,0.959025145,1.0000453,0.919729173,0.00935601816,10,49,True,False,False,False,False,False,0.799358053,False
S00_NORMAL_BASELINE,446,446,457,0.955493629,1.0000453,0.912968099,0.00932789035,10,49,True,False,False,False,False,False,0.796954874,False
S00_NORMAL_BASELINE,447,447,458,0.952063024,1.0000453,0.906423986,0.00929478649,10,49,True,False,False,False,False,False,0.794126551,False
S00_NORMAL_BASELINE,448,448,459,0.948734879,1.0000453,0.900097907,0.00925922859,10,49,True,False,False,False,False,False,0.791088561,False
S00_NORMAL_BASELINE,449,449,460,0.94550997,1.0000453,0.893989146,0.00921951048,10,49,True,False,False,False,False,False,0.787695131,False
S00_NORMAL_BASELINE,450,450,461,0.942389846,1.0000453,0.888098598,0.00917484704,10,49,True,False,False,False,False,False,0.783879183,False
S00_NORMAL_BASELINE,451,451,462,0.939375162,1.0000453,0.882425725,0.00912767742,10,49,True,False,False,False,False,False,0.779849112,False
S00_NORMAL_BASELINE,452,452,463,0.936466813,1.0000453,0.876970112,0.00907557551,10,49,True,False,False,False,False,False,0.775397637,False
S00_NORMAL_BASELINE,453,453,464,0.933665216,1.0000453,0.871730745,0.00902097393,10,49,True,False,False,False,False,False,0.770732595,False
S00_NORMAL_BASELINE,454,454,465,0.93097049,1.0000453,0.866706014,0.00896219444,10,49,True,False,False,False,False,False,0.765710602,False
S00_NORMAL_BASELINE,455,455,466,0.928382933,1.0000453,0.861894906,0.0089001311,10,49,True,False,False,False,False,False,0.760408044,False
S00_NORMAL_BASELINE,456,456,467,0.925902665,1.0000453,0.857295692,0.0088356249,10,49,True,False,False,False,False,False,0.754896774,False
S00_NORMAL_BASELINE,457,457,468,0.92352891,1.0000453,0.852905691,0.0087661352,10,49,True,False,False,False,False,False,0.748959723,False
S00_NORMAL_BASELINE,458,458,469,0.921261489,1.0000453,0.848722756,0.00869494118,10,49,True,False,False,False,False,False,0.745359226,False
S00_NORMAL_BASELINE,459,459,470,0.919099927,1.0000453,0.844744682,0.0086196484,10,49,True,False,False,False,False,False,0.743610384,False
S00_NORMAL_BASELINE,460,460,471,0.917043269,1.0000453,0.84096837,0.00854101405,10,49,True,False,False,False,False,False,0.741946416,False
S00_NORMAL_BASELINE,461,461,472,0.91509074,1.0000453,0.837391078,0.00846075453,10,49,True,False,False,False,False,False,0.740366696,False
S00_NORMAL_BASELINE,462,462,473,0.913240671,1.0000453,0.834008574,0.00837788638,10,49,True,False,False,False,False,False,0.738869873,False
S00_NORMAL_BASELINE,463,463,474,0.911492288,1.0000453,0.830818236,0.00829265732,10,49,True,False,False,False,False,False,0.73745532,False
S00_NORMAL_BASELINE,464,464,475,0.909843922,1.0000453,0.82781595,0.00820407178,10,49,True,False,False,False,False,False,0.736121686,False
S00_NORMAL_BASELINE,465,465,476,0.908294082,1.0000453,0.82499814,0.00811219122,10,49,True,False,False,False,False,False,0.734867767,False
S00_NORMAL_BASELINE,466,466,477,0.906841099,1.0000453,0.822360814,0.00801942311,10,49,True,False,False,False,False,False,0.733692211,False
S00_NORMAL_BASELINE,467,467,478,0.905483127,1.0000453,0.819899678,0.00792419817,10,49,True,False,False,False,False,False,0.732593525,False
S00_NORMAL_BASELINE,468,468,479,0.904218256,1.0000453,0.817610621,0.00782737508,10,49,True,False,False,False,False,False,0.731570165,False
S00_NORMAL_BASELINE,469,469,480,0.903044343,1.0000453,0.815489113,0.00772638153,10,49,True,False,False,False,False,False,0.730620394,False
S00_NORMAL_BASELINE,470,470,481,0.90195936,1.0000453,0.813530684,0.00762616051,10,49,True,False,False,False,False,False,0.729742573,False
S00_NORMAL_BASELINE,471,471,482,0.900960982,1.0000453,0.811730742,0.00752273714,10,49,True,False,False,False,False,False,0.728934822,False
S00_NORMAL_BASELINE,472,472,483,0.900047004,1.0000453,0.810084581,0.00741838198,10,49,True,False,False,False,False,False,0.728195356,False
S00_NORMAL_BASELINE,473,473,484,0.899214983,1.0000453,0.808587611,0.00730986986,10,49,True,False,False,False,False,False,0.727522198,False
S00_NORMAL_BASELINE,474,474,485,0.898462653,1.0000453,0.807235122,0.00720214704,10,49,True,False,False,False,False,False,0.726913515,False
S00_NORMAL_BASELINE,475,475,486,0.897787452,1.0000453,0.806022346,0.00709278788,10,49,True,False,False,False,False,False,0.726367234,False
S00_NORMAL_BASELINE,476,476,487,0.897186756,1.0000453,0.804944038,0.00698343897,10,49,True,False,False,False,False,False,0.725881233,False
S00_NORMAL_BASELINE,477,477,488,0.896657884,1.0000453,0.803995311,0.00687075872,10,49,True,False,False,False,False,False,0.725453342,False
S00_NORMAL_BASELINE,478,478,489,0.896198511,1.0000453,0.803171754,0.00675727567,10,49,True,False,False,False,False,False,0.72508168,False
S00_NORMAL_BASELINE,479,479,490,0.895805836,1.0000453,0.802468061,0.00664373254,10,49,True,False,False,False,False,False,0.72476398,False
S00_NORMAL_BASELINE,480,480,491,0.895477295,1.0000453,0.801879585,0.00653104158,10,49,True,False,False,False,False,False,0.72449817,False
S00_NORMAL_BASELINE,481,481,492,0.895210087,1.0000453,0.801401079,0.00641495781,10,49,True,False,False,False,False,False,0.724281982,False
S00_NORMAL_BASELINE,482,482,493,0.895001769,1.0000453,0.801028132,0.0062998482,10,49,True,False,False,False,False,False,0.724113439,False
S00_NORMAL_BASELINE,483,483,494,0.894849539,1.0000453,0.800755739,0.00618447363,10,49,True,False,False,False,False,False,0.723990275,False
S00_NORMAL_BASELINE,484,484,495,0.894750953,1.0000453,0.80057925,0.00606859103,10,49,True,False,False,False,False,False,0.723910513,False
S00_NORMAL_BASELINE,485,485,496,0.894703269,1.0000453,0.800493956,0.00595166907,10,49,True,False,False,False,False,False,0.723871934,False
S00_NORMAL_BASELINE,486,486,497,0.894703984,1.0000453,0.800495207,0.00583478902,10,49,True,False,False,False,False,False,0.723872512,False
S00_NORMAL_BASELINE,487,487,498,0.894750595,1.0000453,0.800578654,0.00571776694,10,49,True,False,False,False,False,False,0.723910224,False
S00_NORMAL_BASELINE,488,488,499,0.894840717,1.0000453,0.800739884,0.00560246129,10,49,True,False,False,False,False,False,0.723983138,False
S00_NORMAL_BASELINE,489,489,500,0.89497155,1.0000453,0.800974071,0.00548575213,10,49,True,False,False,False,False,False,0.72408899,False
S00_NORMAL_BASELINE,490,490,501,0.895141006,1.0000453,0.801277459,0.00537037803,10,49,True,False,False,False,False,False,0.72422609,False
S00_NORMAL_BASELINE,491,491,502,0.895346642,1.0000453,0.801645577,0.00525414152,10,49,True,False,False,False,False,False,0.724392463,False
S00_NORMAL_BASELINE,492,492,503,0.895586193,1.0000453,0.802074611,0.00513964333,10,49,True,False,False,False,False,False,0.724586275,False
S00_NORMAL_BASELINE,493,493,504,0.895857453,1.0000453,0.802560627,0.00502598193,10,49,True,False,False,False,False,False,0.724805742,False
S00_NORMAL_BASELINE,494,494,505,0.896158278,1.0000453,0.803099632,0.00491128443,10,49,True,False,False,False,False,False,0.725049129,False
S00_NORMAL_BASELINE,495,495,506,0.896486402,1.0000453,0.803687871,0.00479931198,10,49,True,False,False,False,False,False,0.725314602,False
S00_NORMAL_BASELINE,496,496,507,0.896840096,1.0000453,0.804322124,0.00468875188,10,49,True,False,False,False,False,False,0.725600762,False
S00_NORMAL_BASELINE,497,497,508,0.897217155,1.0000453,0.804998577,0.00457838969,10,49,True,False,False,False,False,False,0.725905827,False
S00_NORMAL_BASELINE,498,498,509,0.89761585,1.0000453,0.80571425,0.00446874183,10,49,True,False,False,False,False,False,0.726228397,False
S00_NORMAL_BASELINE,499,499,510,0.898034275,1.0000453,0.806465566,0.00435982179,10,49,True,False,False,False,False,False,0.726566929,False
S00_NORMAL_BASELINE,500,500,511,0.898470879,1.0000453,0.807249904,0.00425523845,10,49,True,False,False,False,False,False,0.72692017,False
S00_NORMAL_BASELINE,501,501,512,0.898923695,1.0000453,0.808063805,0.00414814893,10,49,True,False,False,False,False,False,0.727286527,False
S00_NORMAL_BASELINE,502,502,513,0.899391413,1.0000453,0.808904946,0.00404498214,10,49,True,False,False,False,False,False,0.727664941,False
S00_NORMAL_BASELINE,503,503,514,0.899872422,1.0000453,0.809770405,0.00394198112,10,49,True,False,False,False,False,False,0.728054108,False
S00_NORMAL_BASELINE,504,504,515,0.900365531,1.0000453,0.810658097,0.00384204509,10,49,True,False,False,False,False,False,0.728453065,False
S00_NORMAL_BASELINE,505,505,516,0.900869191,1.0000453,0.81156534,0.00374380569,10,49,True,False,False,False,False,False,0.728860557,False
S00_NORMAL_BASELINE,506,506,517,0.901382387,1.0000453,0.812490165,0.00364730833,10,49,True,False,False,False,False,False,0.729275765,False
S00_NORMAL_BASELINE,507,507,518,0.90190357,1.0000453,0.813430071,0.00355066941,10,49,True,False,False,False,False,False,0.729697436,False
S00_NORMAL_BASELINE,508,508,519,0.902431846,1.0000453,0.814383268,0.00345822633,10,49,True,False,False,False,False,False,0.730124844,False
S00_NORMAL_BASELINE,509,509,520,0.902966142,1.0000453,0.81534785,0.00336671644,10,49,True,False,False,False,False,False,0.730557124,False
S00_NORMAL_BASELINE,510,510,521,0.903505743,1.0000453,0.816322625,0.00327905035,10,49,True,False,False,False,False,False,0.730993695,False
S00_NORMAL_BASELINE,511,511,522,0.904049575,1.0000453,0.817305684,0.00319147483,10,49,True,False,False,False,False,False,0.731433691,False
S00_NORMAL_BASELINE,512,512,523,0.904596925,1.0000453,0.818295598,0.00310906139,10,49,True,False,False,False,False,False,0.731876531,False
S00_NORMAL_BASELINE,513,513,524,0.905147254,1.0000453,0.819291532,0.00302639068,10,49,True,False,False,False,False,False,0.732321783,False
S00_NORMAL_BASELINE,514,514,525,0.905699611,1.0000453,0.820291817,0.00294804992,10,49,True,False,False,False,False,False,0.732768675,False
S00_NORMAL_BASELINE,515,515,526,0.906253695,1.0000453,0.821295738,0.00286956015,10,49,True,False,False,False,False,False,0.733216964,False
S00_NORMAL_BASELINE,516,516,527,0.906808674,1.0000453,0.822301924,0.00279430067,10,49,True,False,False,False,False,False,0.733665978,False
S00_NORMAL_BASELINE,517,517,528,0.90736407,1.0000453,0.823309541,0.00272163469,10,49,True,False,False,False,False,False,0.734115328,False
S00_NORMAL_BASELINE,518,518,529,0.907919586,1.0000453,0.824317992,0.00265235477,10,49,True,False,False,False,False,False,0.734564776,False
S00_NORMAL_BASELINE,519,519,530,0.90847528,1.0000453,0.825327337,0.00258534914,10,49,True,False,False,False,False,False,0.735014368,False
S00_NORMAL_BASELINE,520,520,531,0.909030557,1.0000453,0.826336503,0.00252187531,10,49,True,False,False,False,False,False,0.735463622,False
S00_NORMAL_BASELINE,521,521,532,0.909585357,1.0000453,0.82734549,0.00245890394,10,49,True,False,False,False,False,False,0.735912491,False
S00_NORMAL_BASELINE,522,522,533,0.910139441,1.0000453,0.828353822,0.00240103924,10,49,True,False,False,False,False,False,0.73636078,False
S00_NORMAL_BASELINE,523,523,534,0.91069299,1.0000453,0.829361677,0.00234478689,10,49,True,False,False,False,False,False,0.736808636,False
S00_NORMAL_BASELINE,524,524,535,0.911245644,1.0000453,0.830368638,0.00229188567,10,49,True,False,False,False,False,False,0.737255769,False
S00_NORMAL_BASELINE,525,525,536,0.911797583,1.0000453,0.831374824,0.00224071415,10,49,True,False,False,False,False,False,0.737702323,False
S00_NORMAL_BASELINE,526,526,537,0.912348866,1.0000453,0.832380474,0.00219450425,10,49,True,False,False,False,False,False,0.738148346,False
S00_NORMAL_BASELINE,527,527,538,0.912899554,1.0000453,0.833385646,0.00214921706,10,49,True,False,False,False,False,False,0.738593887,False
S00_NORMAL_BASELINE,528,528,539,0.913449943,1.0000453,0.834390819,0.00210807566,10,49,True,False,False,False,False,False,0.739039187,False
S00_NORMAL_BASELINE,529,529,540,0.914000332,1.0000453,0.835396647,0.00207023253,10,49,True,False,False,False,False,False,0.739484487,False
S00_NORMAL_BASELINE,530,530,541,0.914550662,1.0000453,0.836402953,0.00203328859,10,49,True,False,False,False,False,False,0.739929739,False
S00_NORMAL_BASELINE,531,531,542,0.915101528,1.0000453,0.837410808,0.00200126623,10,49,True,False,False,False,False,False,0.740375425,False
S00_NORMAL_BASELINE,532,532,543,0.915652931,1.0000453,0.838420272,0.0019710043,10,49,True,False,False,False,False,False,0.740821544,False
S00_NORMAL_BASELINE,533,533,544,0.916205227,1.0000453,0.839432061,0.00194238906,10,49,True,False,False,False,False,False,0.741268388,False
S00_NORMAL_BASELINE,534,534,545,0.916759133,1.0000453,0.840447307,0.00191872485,10,49,True,False,False,False,False,False,0.741716533,False
S00_NORMAL_BASELINE,535,535,546,0.917314649,1.0000453,0.841466188,0.00189679873,10,49,True,False,False,False,False,False,0.74216598,False
S00_NORMAL_BASELINE,536,536,547,0.91787231,1.0000453,0.8424896,0.00187831291,10,49,True,False,False,False,False,False,0.742617163,False
S00_NORMAL_BASELINE,537,537,548,0.918432951,1.0000453,0.843519032,0.00186223886,10,49,True,False,False,False,False,False,0.743070758,False
S00_NORMAL_BASELINE,538,538,549,0.918996513,1.0000453,0.844554603,0.00184963492,10,49,True,False,False,False,False,False,0.743526715,False
S00_NORMAL_BASELINE,539,539,550,0.919564188,1.0000453,0.84559828,0.00184033706,10,49,True,False,False,False,False,False,0.743986,False
S00_NORMAL_BASELINE,540,540,551,0.920136213,1.0000453,0.84665066,0.001832732,10,49,True,False,False,False,False,False,0.744448806,False
S00_NORMAL_BASELINE,541,541,552,0.920713246,1.0000453,0.847712874,0.00183020229,10,49,True,False,False,False,False,False,0.744915662,False
S00_NORMAL_BASELINE,542,542,553,0.921295702,1.0000453,0.848785818,0.00182683242,10,49,True,False,False,False,False,False,0.745386906,False
S00_NORMAL_BASELINE,543,543,554,0.921884298,1.0000453,0.849870622,0.00182851823,10,49,True,False,False,False,False,False,0.745863118,False
S00_NORMAL_BASELINE,544,544,555,0.922479749,1.0000453,0.850968897,0.00183356612,10,49,True,False,False,False,False,False,0.746344875,False
S00_NORMAL_BASELINE,545,545,556,0.923083007,1.0000453,0.852082253,0.00184034125,10,49,True,False,False,False,False,False,0.74683295,False
S00_NORMAL_BASELINE,546,546,557,0.923694074,1.0000453,0.853210747,0.0018487341,10,49,True,False,False,False,False,False,0.747327342,False
S00_NORMAL_BASELINE,547,547,558,0.924313843,1.0000453,0.85435605,0.00186047761,10,49,True,False,False,False,False,False,0.747828774,False
S00_NORMAL_BASELINE,548,548,559,0.924943328,1.0000453,0.855520189,0.00187481078,10,49,True,False,False,False,False,False,0.748338068,False
S00_NORMAL_BASELINE,549,549,560,0.925583124,1.0000453,0.856704116,0.00189245085,10,49,True,False,False,False,False,False,0.748855703,False
S00_NORMAL_BASELINE,550,550,561,0.926233768,1.0000453,0.857908964,0.00191009487,10,49,True,False,False,False,False,False,0.749382116,False
S00_NORMAL_BASELINE,551,551,562,0.926895797,1.0000453,0.859135866,0.0019310863,10,49,True,False,False,False,False,False,0.74991774,False
S00_NORMAL_BASELINE,552,552,563,0.927570522,1.0000453,0.860387087,0.00195470965,10,49,True,False,False,False,False,False,0.750463635,False
S00_NORMAL_BASELINE,553,553,564,0.928258002,1.0000453,0.861662865,0.00198059482,10,49,True,False,False,False,False,False,0.75101985,False
S00_NORMAL_BASELINE,554,554,565,0.928959489,1.0000453,0.862965763,0.00200828235,10,49,True,False,False,False,False,False,0.751587398,False
S00_NORMAL_BASELINE,555,555,566,0.929675817,1.0000453,0.864297152,0.00203852751,10,49,True,False,False,False,False,False,0.752166953,False
S00_NORMAL_BASELINE,556,556,567,0.930407286,1.0000453,0.865657747,0.00206872681,10,49,True,False,False,False,False,False,0.752758757,False
S00_NORMAL_BASELINE,557,557,568,0.931154847,1.0000453,0.867049336,0.00210386608,10,49,True,False,False,False,False,False,0.753363582,False
S00_NORMAL_BASELINE,558,558,569,0.931919336,1.0000453,0.868473649,0.00213887542,10,49,True,False,False,False,False,False,0.753982103,False
S00_NORMAL_BASELINE,559,559,570,0.932701766,1.0000453,0.869932592,0.00217662379,10,49,True,False,False,False,False,False,0.754615139,False
S00_NORMAL_BASELINE,560,560,571,0.933502316,1.0000453,0.871426582,0.00221419195,10,49,True,False,False,False,False,False,0.755262834,False
S00_NORMAL_BASELINE,561,561,572,0.93432188,1.0000453,0.872957408,0.00225504721,10,49,True,False,False,False,False,False,0.755925914,False
S00_NORMAL_BASELINE,562,562,573,0.935161769,1.0000453,0.874527574,0.00229764124,10,49,True,False,False,False,False,False,0.756605438,False
S00_NORMAL_BASELINE,563,563,574,0.936022341,1.0000453,0.876137853,0.00234028744,10,49,True,False,False,False,False,False,0.757301695,False
S00_NORMAL_BASELINE,564,564,575,0.936903894,1.0000453,0.877788961,0.0023843043,10,49,True,False,False,False,False,False,0.758014927,False
S00_NORMAL_BASELINE,565,565,576,0.93780762,1.0000453,0.879483104,0.00242925948,10,49,True,False,False,False,False,False,0.758746099,False
S00_NORMAL_BASELINE,566,566,577,0.938734233,1.0000453,0.88122195,0.00247604772,10,49,True,False,False,False,False,False,0.759495788,False
S00_NORMAL_BASELINE,567,567,578,0.939684033,1.0000453,0.883006096,0.00252338126,10,49,True,False,False,False,False,False,0.760264237,False
S00_NORMAL_BASELINE,568,568,579,0.940658331,1.0000453,0.884838045,0.0025717637,10,49,True,False,False,False,False,False,0.761052506,False
S00_NORMAL_BASELINE,569,569,580,0.941657245,1.0000453,0.886718392,0.00262157014,10,49,True,False,False,False,False,False,0.761860691,False
S00_NORMAL_BASELINE,570,570,581,0.942681909,1.0000453,0.888649166,0.00267073093,10,49,True,False,False,False,False,False,0.762689709,False
S00_NORMAL_BASELINE,571,571,582,0.94373256,1.0000453,0.890631139,0.00272221304,10,49,True,False,False,False,False,False,0.763539753,False
S00_NORMAL_BASELINE,572,572,583,0.944810331,1.0000453,0.892666578,0.00277375779,10,49,True,False,False,False,False,False,0.764411738,False
S00_NORMAL_BASELINE,573,573,584,0.945915461,1.0000453,0.894756019,0.00282445503,10,49,True,False,False,False,False,False,0.765305859,False
S00_NORMAL_BASELINE,574,574,585,0.947048306,1.0000453,0.896900475,0.00287596812,10,49,True,False,False,False,False,False,0.766222403,False
S00_NORMAL_BASELINE,575,575,586,0.948209703,1.0000453,0.899101675,0.00292902184,10,49,True,False,False,False,False,False,0.767162047,False
S00_NORMAL_BASELINE,576,576,587,0.949400246,1.0000453,0.901360869,0.0029812071,10,49,True,False,False,False,False,False,0.768125272,False
S00_NORMAL_BASELINE,577,577,588,0.95062083,1.0000453,0.903679967,0.00303359842,10,49,True,False,False,False,False,False,0.769112802,False
S00_NORMAL_BASELINE,578,578,589,0.951871037,1.0000453,0.906058431,0.00308572012,10,49,True,False,False,False,False,False,0.7701243,False
S00_NORMAL_BASELINE,579,579,590,0.953151882,1.0000453,0.908498466,0.00313714449,10,49,True,False,False,False,False,False,0.771160584,False
S00_NORMAL_BASELINE,580,580,591,0.954463542,1.0000453,0.911000609,0.00318937399,10,49,True,False,False,False,False,False,0.772221801,False
S00_NORMAL_BASELINE,581,581,592,0.955806255,1.0000453,0.913565636,0.00323985773,10,49,True,False,False,False,False,False,0.773308142,False
S00_NORMAL_BASELINE,582,582,593,0.957180619,1.0000453,0.916194737,0.00329041155,10,49,True,False,False,False,False,False,0.77442009,False
S00_NORMAL_BASELINE,583,583,594,0.958586633,1.0000453,0.91888839,0.00334014045,10,49,True,False,False,False,False,False,0.775557644,False
S00_NORMAL_BASELINE,584,584,595,0.960024714,1.0000453,0.921647429,0.00338981138,10,49,True,False,False,False,False,False,0.776721144,False
S00_NORMAL_BASELINE,585,585,596,0.961494863,1.0000453,0.924472392,0.00343778543,10,49,True,False,False,False,False,False,0.777910588,False
S00_NORMAL_BASELINE,586,586,597,0.962997615,1.0000453,0.927364409,0.00348585681,10,49,True,False,False,False,False,False,0.77912641,False
S00_NORMAL_BASELINE,587,587,598,0.964532852,1.0000453,0.930323601,0.00353301363,10,49,True,False,False,False,False,False,0.780368514,False
S00_NORMAL_BASELINE,588,588,599,0.966100752,1.0000453,0.933350682,0.00357774552,10,49,True,False,False,False,False,False,0.781637045,False
C01_SPEED_SENSOR_SPOOFING,0,0,11,0.895549953,1.0000453,0.802009761,0.0119638974,10,49,True,False,False,False,False,False,1.02216964,True
C01_SPEED_SENSOR_SPOOFING,1,1,12,0.895800948,1.0000453,0.8024593,0.0119316438,10,49,True,False,False,False,False,False,1.01941397,True
C01_SPEED_SENSOR_SPOOFING,2,2,13,0.896225452,1.0000453,0.803220034,0.0118952477,10,49,True,False,False,False,False,False,1.01630436,True
C01_SPEED_SENSOR_SPOOFING,3,3,14,0.896821678,1.0000453,0.804289162,0.0118538812,10,49,True,False,False,False,False,False,1.01277009,True
C01_SPEED_SENSOR_SPOOFING,4,4,15,0.89758718,1.0000453,0.805662751,0.0118067479,10,49,True,False,False,False,False,False,1.00874313,True
C01_SPEED_SENSOR_SPOOFING,5,5,16,0.898519278,1.0000453,0.807336867,0.0117546376,10,49,True,False,False,False,False,False,1.00429093,True
C01_SPEED_SENSOR_SPOOFING,6,6,17,0.89961493,1.0000453,0.809307039,0.0116975661,10,49,True,False,False,False,False,False,0.999414873,False
C01_SPEED_SENSOR_SPOOFING,7,7,18,0.90087074,1.0000453,0.811568141,0.0116355568,10,49,True,False,False,False,False,False,0.99411693,False
C01_SPEED_SENSOR_SPOOFING,8,8,19,0.902283192,1.0000453,0.814114928,0.0115685333,10,49,True,False,False,False,False,False,0.988390581,False
C01_SPEED_SENSOR_SPOOFING,9,9,20,0.903847873,1.0000453,0.816941023,0.0114957681,10,49,True,False,False,False,False,False,0.982173682,False
C01_SPEED_SENSOR_SPOOFING,10,10,21,0.905560613,1.0000453,0.820040047,0.0114188911,10,49,True,False,False,False,False,False,0.975605481,False
C01_SPEED_SENSOR_SPOOFING,11,11,22,0.907417119,1.0000453,0.823405802,0.011336945,10,49,True,False,False,False,False,False,0.968604179,False
C01_SPEED_SENSOR_SPOOFING,12,12,23,0.909412146,1.0000453,0.82703048,0.0112509532,10,49,True,False,False,False,False,False,0.961257224,False
C01_SPEED_SENSOR_SPOOFING,13,13,24,0.911541045,1.0000453,0.830907106,0.0111599537,10,49,True,False,False,False,False,False,0.95348242,False
C01_SPEED_SENSOR_SPOOFING,14,14,25,0.913798094,1.0000453,0.835026979,0.0110631846,10,49,True,False,False,False,False,False,0.945214679,False
C01_SPEED_SENSOR_SPOOFING,15,15,26,0.91617769,1.0000453,0.839381576,0.0109623428,10,49,True,False,False,False,False,False,0.936598977,False
C01_SPEED_SENSOR_SPOOFING,16,16,27,0.918674588,1.0000453,0.843963027,0.0108580934,10,49,True,False,False,False,False,False,0.927692128,False
C01_SPEED_SENSOR_SPOOFING,17,17,28,0.921282411,1.0000453,0.84876132,0.0107473452,10,49,True,False,False,False,False,False,0.918230038,False
C01_SPEED_SENSOR_SPOOFING,18,18,29,0.923995554,1.0000453,0.853767812,0.0106340498,10,49,True,False,False,False,False,False,0.908550324,False
C01_SPEED_SENSOR_SPOOFING,19,19,30,0.92680794,1.0000453,0.858972967,0.010515729,10,49,True,False,False,False,False,False,0.898441249,False
C01_SPEED_SENSOR_SPOOFING,20,20,31,0.929713488,1.0000453,0.864367127,0.0103949774,10,49,True,False,False,False,False,False,0.888124495,False
C01_SPEED_SENSOR_SPOOFING,21,21,32,0.932705224,1.0000453,0.869939089,0.0102677783,10,49,True,False,False,False,False,False,0.877256877,False
C01_SPEED_SENSOR_SPOOFING,22,22,33,0.935777545,1.0000453,0.875679612,0.0101370355,10,49,True,False,False,False,False,False,0.866086495,False
C01_SPEED_SENSOR_SPOOFING,23,23,34,0.938923419,1.0000453,0.881577134,0.0100022834,10,49,True,False,False,False,False,False,0.854573563,False
C01_SPEED_SENSOR_SPOOFING,24,24,35,0.942136526,1.0000453,0.887621224,0.00986334588,10,49,True,False,False,False,False,False,0.842703042,False
C01_SPEED_SENSOR_SPOOFING,25,25,36,0.94541055,1.0000453,0.893801153,0.00972195901,10,49,True,False,False,False,False,False,0.830623252,False
C01_SPEED_SENSOR_SPOOFING,26,26,37,0.948738933,1.0000453,0.900105596,0.00957655907,10,49,True,False,False,False,False,False,0.818200594,False
C01_SPEED_SENSOR_SPOOFING,27,27,38,0.952115297,1.0000453,0.906523585,0.0094260443,10,49,True,False,False,False,False,False,0.805340936,False
C01_SPEED_SENSOR_SPOOFING,28,28,39,0.955533206,1.0000453,0.913043678,0.00927485991,10,49,True,False,False,False,False,False,0.792424068,False
C01_SPEED_SENSOR_SPOOFING,29,29,40,0.958986521,1.0000453,0.919655204,0.00911860634,10,49,True,False,False,False,False,False,0.779074098,False
C01_SPEED_SENSOR_SPOOFING,30,30,41,0.962468922,1.0000453,0.926346421,0.0089590149,10,49,True,False,False,False,False,False,0.778698663,False
C01_SPEED_SENSOR_SPOOFING,31,31,42,0.965973735,1.0000453,0.93310529,0.00879526976,10,49,True,False,False,False,False,False,0.78153428,False
C01_SPEED_SENSOR_SPOOFING,32,32,43,0.969494641,1.0000453,0.939919829,0.00863098167,10,49,True,False,False,False,False,False,0.784382917,False
C01_SPEED_SENSOR_SPOOFING,33,33,44,0.973026633,1.0000453,0.94678086,0.00846227538,10,49,True,False,False,False,False,False,0.787240524,False
C01_SPEED_SENSOR_SPOOFING,34,34,45,0.976562917,1.0000453,0.953675151,0.00829127431,10,49,True,False,False,False,False,False,0.790101603,False
C01_SPEED_SENSOR_SPOOFING,35,35,46,0.980098486,1.0000453,0.960592985,0.00811848603,10,49,True,False,False,False,False,False,0.792962104,False
C01_SPEED_SENSOR_SPOOFING,36,36,47,0.983626962,1.01420283,0.967521966,0.00794165861,10,49,True,False,False,False,False,False,0.795816865,False
C01_SPEED_SENSOR_SPOOFING,37,37,48,0.987142384,1.03079629,0.974450111,0.00776259042,10,49,True,False,False,False,False,False,0.798661066,False
C01_SPEED_SENSOR_SPOOFING,38,38,49,0.990640044,1.04698098,0.981367707,0.00758175086,10,49,True,False,False,False,False,False,0.801490896,False
C01_SPEED_SENSOR_SPOOFING,39,39,50,0.994114518,1.06273663,0.988263726,0.00739836507,10,49,True,False,False,False,False,False,0.804301966,False
C01_SPEED_SENSOR_SPOOFING,40,40,51,0.997560441,1.07804263,0.995126784,0.00721259881,10,49,True,False,False,False,False,False,0.807089938,False
C01_SPEED_SENSOR_SPOOFING,41,41,52,1.00097299,1.09291947,1.00194681,0.00702511054,10,49,True,False,False,False,False,False,0.809850904,False
C01_SPEED_SENSOR_SPOOFING,42,42,53,1.00434744,1.10736728,1.00871384,0.00683681155,10,49,True,False,False,False,False,False,0.812581055,False
C01_SPEED_SENSOR_SPOOFING,43,43,54,1.00767875,1.12132454,1.01541638,0.00664556352,10,49,True,False,False,False,False,False,0.815276292,False
C01_SPEED_SENSOR_SPOOFING,44,44,55,1.01096296,1.13487315,1.02204621,0.00645313272,10,49,True,False,False,False,False,False,0.817933431,False
C01_SPEED_SENSOR_SPOOFING,45,45,56,1.01419532,1.14795172,1.02859223,0.00625932869,10,49,True,False,False,False,False,False,0.820548617,False
C01_SPEED_SENSOR_SPOOFING,46,46,57,1.01737154,1.16056025,1.03504479,0.00606215792,10,49,True,False,False,False,False,False,0.823118375,False
C01_SPEED_SENSOR_SPOOFING,47,47,58,1.02048779,1.17276013,1.04139543,0.00586653454,10,49,True,False,False,False,False,False,0.825639619,False
C01_SPEED_SENSOR_SPOOFING,48,48,59,1.02354026,1.18446958,1.04763472,0.00566978613,10,49,True,False,False,False,False,False,0.828109265,False
C01_SPEED_SENSOR_SPOOFING,49,49,60,1.02652621,1.19574988,1.053756,0.00547192292,10,49,True,False,False,False,False,False,0.830525092,False
C01_SPEED_SENSOR_SPOOFING,50,50,61,1.02944148,1.20656013,1.05974972,0.00527255936,10,49,True,False,False,False,False,False,0.832883725,False
C01_SPEED_SENSOR_SPOOFING,51,51,62,1.03228283,1.21692085,1.06560779,0.0050733299,10,49,True,False,False,False,False,False,0.835182561,False
C01_SPEED_SENSOR_SPOOFING,52,52,63,1.03504717,1.22681141,1.07132268,0.00487257075,10,49,True,False,False,False,False,False,0.837419092,False
C01_SPEED_SENSOR_SPOOFING,53,53,64,1.03773201,1.23627305,1.07688761,0.00467151171,10,49,True,False,False,False,False,False,0.839591292,False
C01_SPEED_SENSOR_SPOOFING,54,54,65,1.04033351,1.24524415,1.08229375,0.00447135698,10,49,True,False,False,False,False,False,0.841696074,False
C01_SPEED_SENSOR_SPOOFING,55,55,66,1.04285061,1.25378609,1.08753729,0.00426987233,10,49,True,False,False,False,False,False,0.843732572,False
C01_SPEED_SENSOR_SPOOFING,56,56,67,1.04528058,1.26189888,1.09261143,0.00407015253,10,49,True,False,False,False,False,False,0.845698566,False
C01_SPEED_SENSOR_SPOOFING,57,57,68,1.04762137,1.26954162,1.09751058,0.00387109164,10,49,True,False,False,False,False,False,0.847592417,False
C01_SPEED_SENSOR_SPOOFING,58,58,69,1.04987133,1.27673483,1.10222983,0.00367010571,10,49,True,False,False,False,False,False,0.849412775,False
C01_SPEED_SENSOR_SPOOFING,59,59,70,1.05202734,1.28345811,1.10676146,0.00347091653,10,49,True,False,False,False,False,False,0.851157132,False
C01_SPEED_SENSOR_SPOOFING,60,60,71,1.05408871,1.28975213,1.11110294,0.0032714915,10,49,True,False,False,False,False,False,0.852824909,False
C01_SPEED_SENSOR_SPOOFING,61,61,72,1.05605376,1.2956171,1.11524963,0.0030740723,10,49,True,False,False,False,False,False,0.854414756,False
C01_SPEED_SENSOR_SPOOFING,62,62,73,1.05792201,1.30105281,1.11919892,0.00287768082,10,49,True,False,False,False,False,False,0.855926288,False
C01_SPEED_SENSOR_SPOOFING,63,63,74,1.05969119,1.30601859,1.12294543,0.00268260017,10,49,True,False,False,False,False,False,0.857357671,False
C01_SPEED_SENSOR_SPOOFING,64,64,75,1.06136131,1.31057572,1.12648773,0.00248814281,10,49,True,False,False,False,False,False,0.858708907,False
C01_SPEED_SENSOR_SPOOFING,65,65,76,1.06293094,1.31470358,1.12982225,0.00229758816,10,49,True,False,False,False,False,False,0.859978836,False
C01_SPEED_SENSOR_SPOOFING,66,66,77,1.06440043,1.31840241,1.13294816,0.00210773479,10,49,True,False,False,False,False,False,0.86116775,False
C01_SPEED_SENSOR_SPOOFING,67,67,78,1.06576836,1.32167208,1.13586211,0.00191879086,10,49,True,False,False,False,False,False,0.862274489,False
C01_SPEED_SENSOR_SPOOFING,68,68,79,1.06703424,1.32453299,1.13856196,0.00173407025,10,49,True,False,False,False,False,False,0.86329867,False
C01_SPEED_SENSOR_SPOOFING,69,69,80,1.06819844,1.32698524,1.14104795,0.00155305874,10,49,True,False,False,False,False,False,0.86424058,False
C01_SPEED_SENSOR_SPOOFING,70,70,81,1.06926095,1.32902873,1.14331901,0.00137820281,10,49,True,False,False,False,False,False,0.86510022,False
C01_SPEED_SENSOR_SPOOFING,71,71,82,1.07022238,1.33066356,1.14537585,0.00120834995,10,49,True,False,False,False,False,False,0.865878073,False
C01_SPEED_SENSOR_SPOOFING,72,72,83,1.07108259,1.33191013,1.14721787,0.00104559469,10,49,True,False,False,False,False,False,0.866574041,False
C01_SPEED_SENSOR_SPOOFING,73,73,84,1.0718416,1.33274794,1.14884436,0.000893360702,10,49,True,False,False,False,False,False,0.867188125,False
C01_SPEED_SENSOR_SPOOFING,74,74,85,1.07250023,1.33321798,1.15025663,0.000760239665,10,49,True,False,False,False,False,False,0.867720999,False
C01_SPEED_SENSOR_SPOOFING,75,75,86,1.0730598,1.33332014,1.15145743,0.000650180504,10,49,True,False,False,False,False,False,0.868173726,False
C01_SPEED_SENSOR_SPOOFING,76,76,87,1.07352078,1.33332014,1.15244699,0.000578386069,10,49,True,False,False,False,False,False,0.86854669,False
C01_SPEED_SENSOR_SPOOFING,77,77,88,1.07388401,1.33332014,1.15322697,0.000557336549,10,49,True,False,False,False,False,False,0.868840567,False
C01_SPEED_SENSOR_SPOOFING,78,78,89,1.07415044,1.33332014,1.15379906,0.000590964453,10,49,True,False,False,False,False,False,0.869056128,False
C01_SPEED_SENSOR_SPOOFING,79,79,90,1.07432103,1.33332014,1.15416563,0.000668953755,10,49,True,False,False,False,False,False,0.869194145,False
C01_SPEED_SENSOR_SPOOFING,80,80,91,1.07439756,1.33332014,1.15433013,0.000774358283,10,49,True,False,False,False,False,False,0.869256064,False
C01_SPEED_SENSOR_SPOOFING,81,81,92,1.07438159,1.33332014,1.1542958,0.00089635211,10,49,True,False,False,False,False,False,0.86924314,False
C01_SPEED_SENSOR_SPOOFING,82,82,93,1.07427442,1.33332014,1.15406549,0.00102934428,10,49,True,False,False,False,False,False,0.869156433,False
C01_SPEED_SENSOR_SPOOFING,83,83,94,1.07407725,1.33332014,1.15364194,0.00116891111,10,49,True,False,False,False,False,False,0.868996909,False
C01_SPEED_SENSOR_SPOOFING,84,84,95,1.07379234,1.33332014,1.15302992,0.00130862813,10,49,True,False,False,False,False,False,0.868766398,False
C01_SPEED_SENSOR_SPOOFING,85,85,96,1.07342148,1.33332014,1.15223372,0.00145026669,10,49,True,False,False,False,False,False,0.868466349,False
C01_SPEED_SENSOR_SPOOFING,86,86,97,1.07296622,1.33332014,1.15125656,0.00159181457,10,49,True,False,False,False,False,False,0.868098014,False
C01_SPEED_SENSOR_SPOOFING,87,87,98,1.07242763,1.33303404,1.15010107,0.00173365313,10,49,True,False,False,False,False,False,0.867662262,False
C01_SPEED_SENSOR_SPOOFING,88,88,99,1.07180893,1.33238006,1.14877427,0.00187121844,10,49,True,False,False,False,False,False,0.867161698,False
C01_SPEED_SENSOR_SPOOFING,89,89,100,1.0711118,1.33135831,1.14728057,0.00200688234,10,49,True,False,False,False,False,False,0.86659767,False
C01_SPEED_SENSOR_SPOOFING,90,90,101,1.07033873,1.32996869,1.14562488,0.00214055227,10,49,True,False,False,False,False,False,0.865972206,False
C01_SPEED_SENSOR_SPOOFING,91,91,102,1.06949186,1.3282522,1.14381278,0.00227211416,10,49,True,False,False,False,False,False,0.86528704,False
C01_SPEED_SENSOR_SPOOFING,92,92,103,1.06857336,1.32620871,1.14184904,0.00240060361,10,49,True,False,False,False,False,False,0.864543909,False
C01_SPEED_SENSOR_SPOOFING,93,93,104,1.06758487,1.32381773,1.13973749,0.00252662157,10,49,True,False,False,False,False,False,0.863744163,False
C01_SPEED_SENSOR_SPOOFING,94,94,105,1.06652939,1.32107937,1.13748503,0.00264815846,10,49,True,False,False,False,False,False,0.862890213,False
C01_SPEED_SENSOR_SPOOFING,95,95,106,1.06540954,1.31805503,1.13509738,0.00276812236,10,49,True,False,False,False,False,False,0.861984181,False
C01_SPEED_SENSOR_SPOOFING,96,96,107,1.06422722,1.31470358,1.13257968,0.00288339215,10,49,True,False,False,False,False,False,0.861027611,False
C01_SPEED_SENSOR_SPOOFING,97,97,108,1.0629853,1.31104565,1.12993777,0.00299571222,10,49,True,False,False,False,False,False,0.860022816,False
C01_SPEED_SENSOR_SPOOFING,98,98,109,1.0616858,1.30706084,1.12717664,0.00310450839,10,49,True,False,False,False,False,False,0.858971438,False
C01_SPEED_SENSOR_SPOOFING,99,99,110,1.06033206,1.3028307,1.12430418,0.00321051572,10,49,True,False,False,False,False,False,0.857876175,False
C01_SPEED_SENSOR_SPOOFING,100,100,111,1.05892611,1.29831445,1.12132442,0.00331254164,10,49,True,False,False,False,False,False,0.856738669,False
C01_SPEED_SENSOR_SPOOFING,101,101,112,1.05747032,1.29351223,1.11824346,0.0034106872,10,49,True,False,False,False,False,False,0.855560847,False
C01_SPEED_SENSOR_SPOOFING,102,102,113,1.05596733,1.28844428,1.11506701,0.00350571307,10,49,True,False,False,False,False,False,0.854344832,False
C01_SPEED_SENSOR_SPOOFING,103,103,114,1.05442011,1.28313112,1.11180186,0.00359651842,10,49,True,False,False,False,False,False,0.853093034,False
C01_SPEED_SENSOR_SPOOFING,104,104,115,1.05283058,1.27755225,1.10845232,0.00368435867,10,49,True,False,False,False,False,False,0.851806998,False
C01_SPEED_SENSOR_SPOOFING,105,105,116,1.05120206,1.27174866,1.10502577,0.00376793486,10,49,True,False,False,False,False,False,0.850489423,False
C01_SPEED_SENSOR_SPOOFING,106,106,117,1.04953623,1.26569974,1.10152626,0.00384845724,10,49,True,False,False,False,False,False,0.84914166,False
C01_SPEED_SENSOR_SPOOFING,107,107,118,1.04783618,1.25944662,1.09796059,0.0039255959,10,49,True,False,False,False,False,False,0.847766216,False
C01_SPEED_SENSOR_SPOOFING,108,108,119,1.04610419,1.25296867,1.09433401,0.00399779854,10,49,True,False,False,False,False,False,0.846364925,False
C01_SPEED_SENSOR_SPOOFING,109,109,120,1.04434276,1.24626589,1.09065175,0.00406693527,10,49,True,False,False,False,False,False,0.84493981,False
C01_SPEED_SENSOR_SPOOFING,110,110,121,1.04255474,1.23937917,1.0869205,0.00413184427,10,49,True,False,False,False,False,False,0.843493188,False
C01_SPEED_SENSOR_SPOOFING,111,111,122,1.0407424,1.23230851,1.08314466,0.00419437233,10,49,True,False,False,False,False,False,0.842026891,False
C01_SPEED_SENSOR_SPOOFING,112,112,123,1.03890765,1.22505403,1.07932901,0.00425278023,10,49,True,False,False,False,False,False,0.840542461,False
C01_SPEED_SENSOR_SPOOFING,113,113,124,1.03705323,1.2176156,1.07547939,0.00430712057,10,49,True,False,False,False,False,False,0.839042117,False
C01_SPEED_SENSOR_SPOOFING,114,114,125,1.03518176,1.21003413,1.07160139,0.00435809093,10,49,True,False,False,False,False,False,0.837527981,False
C01_SPEED_SENSOR_SPOOFING,115,115,126,1.03329539,1.20226872,1.06769943,0.00440420024,10,49,True,False,False,False,False,False,0.83600179,False
C01_SPEED_SENSOR_SPOOFING,116,116,127,1.03139651,1.19438064,1.06377864,0.00444867183,10,49,True,False,False,False,False,False,0.834465471,False
C01_SPEED_SENSOR_SPOOFING,117,117,128,1.02948725,1.18632913,1.0598439,0.00448737713,10,49,True,False,False,False,False,False,0.832920761,False
C01_SPEED_SENSOR_SPOOFING,118,118,129,1.02756989,1.17815506,1.05589986,0.00452364422,10,49,True,False,False,False,False,False,0.831369493,False
C01_SPEED_SENSOR_SPOOFING,119,119,130,1.02564657,1.16987884,1.05195081,0.00455741771,10,49,True,False,False,False,False,False,0.829813403,False
C01_SPEED_SENSOR_SPOOFING,120,120,131,1.02371871,1.16145945,1.0480001,0.00458628405,10,49,True,False,False,False,False,False,0.828253647,False
C01_SPEED_SENSOR_SPOOFING,121,121,132,1.02178931,1.15295839,1.04405344,0.00461264933,10,49,True,False,False,False,False,False,0.826692638,False
C01_SPEED_SENSOR_SPOOFING,122,122,133,1.01985967,1.14433467,1.04011369,0.00463493355,10,49,True,False,False,False,False,False,0.825131435,False
C01_SPEED_SENSOR_SPOOFING,123,123,134,1.01793194,1.1356293,1.0361855,0.00465390692,10,49,True,False,False,False,False,False,0.823571776,False
C01_SPEED_SENSOR_SPOOFING,124,124,135,1.01600826,1.12684214,1.03227282,0.0046695848,10,49,True,False,False,False,False,False,0.822015396,False
C01_SPEED_SENSOR_SPOOFING,125,125,136,1.01409006,1.11799359,1.02837861,0.0046827849,10,49,True,False,False,False,False,False,0.820463453,False
C01_SPEED_SENSOR_SPOOFING,126,126,137,1.01217902,1.10908389,1.02450633,0.0046926802,10,49,True,False,False,False,False,False,0.818917297,False
C01_SPEED_SENSOR_SPOOFING,127,127,138,1.01027668,1.10009229,1.02065897,0.00469845999,10,49,True,False,False,False,False,False,0.817378181,False
C01_SPEED_SENSOR_SPOOFING,128,128,139,1.0083847,1.09108031,1.01683962,0.00470341276,10,49,True,False,False,False,False,False,0.815847456,False
C01_SPEED_SENSOR_SPOOFING,129,129,140,1.10464752,3.65989685,1.22024608,0.359787524,10,49,True,False,False,False,False,False,30.7394716,True
C01_SPEED_SENSOR_SPOOFING,130,130,141,1.19284451,3.65989685,1.42287815,0.359787464,10,49,True,False,False,False,False,False,30.7394665,True
C01_SPEED_SENSOR_SPOOFING,131,131,142,1.27465475,3.65989685,1.62474465,0.359787405,10,49,True,False,False,False,False,False,30.7394614,True
C01_SPEED_SENSOR_SPOOFING,132,132,143,1.35123968,3.65989685,1.82584882,0.359787315,10,49,True,False,False,False,False,False,30.7394538,True
C01_SPEED_SENSOR_SPOOFING,133,133,144,1.42344677,3.65989685,2.02620077,0.359787166,10,49,True,False,False,False,False,False,30.7394411,True
C01_SPEED_SENSOR_SPOOFING,134,134,145,1.49191284,3.65989685,2.22580409,0.359786987,10,49,True,False,False,False,False,False,30.7394258,True
C01_SPEED_SENSOR_SPOOFING,135,135,146,1.55713463,3.65989685,2.42466831,0.359786808,10,49,True,False,False,False,False,False,30.7394105,True
C01_SPEED_SENSOR_SPOOFING,136,136,147,1.61950612,3.65989685,2.62280011,0.35978657,10,49,True,False,False,False,False,False,30.7393901,True
C01_SPEED_SENSOR_SPOOFING,137,137,148,1.67934716,3.65989685,2.82020688,0.359786302,10,49,True,False,False,False,False,False,30.7393672,True
C01_SPEED_SENSOR_SPOOFING,138,138,149,1.7369225,3.65989685,3.01689959,0.359786004,10,49,True,False,False,False,False,False,30.7393418,True
C01_SPEED_SENSOR_SPOOFING,139,139,150,1.79245222,3.65989685,3.21288514,0.359785706,10,49,True,False,False,False,False,False,30.7393163,True
C01_SPEED_SENSOR_SPOOFING,140,140,151,1.84612358,3.65989685,3.40817213,0.00453479961,10,49,True,False,False,False,False,False,2.23093506,True
C01_SPEED_SENSOR_SPOOFING,141,141,152,1.84270871,3.6508441,3.39557552,0.00450504012,10,49,True,False,False,False,False,False,2.22268952,True
C01_SPEED_SENSOR_SPOOFING,142,142,153,1.83932197,3.64185262,3.38310552,0.00447526528,10,49,True,False,False,False,False,False,2.21452685,True
C01_SPEED_SENSOR_SPOOFING,143,143,154,1.8359642,3.6328814,3.37076473,0.0044421535,10,49,True,False,False,False,False,False,2.20644877,True
C01_SPEED_SENSOR_SPOOFING,144,144,155,1.83263826,3.6239922,3.35856318,0.00440827338,10,49,True,False,False,False,False,False,2.19846184,True
C01_SPEED_SENSOR_SPOOFING,145,145,156,1.82934403,3.61512327,3.34649968,0.0043718135,10,49,True,False,False,False,False,False,2.19056526,True
C01_SPEED_SENSOR_SPOOFING,146,146,157,1.82608497,3.60633612,3.33458614,0.00433377083,10,49,True,False,False,False,False,False,2.18276685,True
C01_SPEED_SENSOR_SPOOFING,147,147,158,1.82286084,3.59761024,3.32282162,0.00429484434,10,49,True,False,False,False,False,False,2.17506598,True
C01_SPEED_SENSOR_SPOOFING,148,148,159,1.81967282,3.58894563,3.3112092,0.00425423216,10,49,True,False,False,False,False,False,2.16746468,True
C01_SPEED_SENSOR_SPOOFING,149,149,160,1.7628274,3.5803833,3.10756063,0.362392068,10,49,True,False,False,False,False,False,30.9619983,True
C01_SPEED_SENSOR_SPOOFING,150,150,161,1.70432818,3.57188225,2.90473437,0.362391591,10,49,True,False,False,False,False,False,30.9619575,True
C01_SPEED_SENSOR_SPOOFING,151,151,162,1.6439966,3.56346297,2.7027247,0.362391055,10,49,True,False,False,False,False,False,30.9619117,True
C01_SPEED_SENSOR_SPOOFING,152,152,163,1.58162093,3.55514574,2.50152493,0.362390578,10,49,True,False,False,False,False,False,30.9618709,True
C01_SPEED_SENSOR_SPOOFING,153,153,164,1.51694584,3.54688978,2.30112457,0.362390071,10,49,True,False,False,False,False,False,30.9618277,True
C01_SPEED_SENSOR_SPOOFING,154,154,165,1.44966185,3.5387361,2.10151935,0.362389535,10,49,True,False,False,False,False,False,30.9617818,True
C01_SPEED_SENSOR_SPOOFING,155,155,166,1.37938368,3.53068471,1.90269923,0.362389028,10,49,True,False,False,False,False,False,30.9617385,True
C01_SPEED_SENSOR_SPOOFING,156,156,167,1.30562389,3.52271485,1.70465362,0.362388521,10,49,True,False,False,False,False,False,30.9616953,True
C01_SPEED_SENSOR_SPOOFING,157,157,168,1.22775221,3.51486778,1.5073756,0.362388015,10,49,True,False,False,False,False,False,30.961652,True
C01_SPEED_SENSOR_SPOOFING,158,158,169,1.14492452,3.50710249,1.31085217,0.362387508,10,49,True,False,False,False,False,False,30.9616087,True
C01_SPEED_SENSOR_SPOOFING,159,159,170,1.05597222,3.49943924,1.11507738,0.362387002,10,49,True,False,False,False,False,False,30.9615654,True
C01_SPEED_SENSOR_SPOOFING,160,160,171,0.95918715,1.0000453,0.920039952,0.00370465149,10,49,True,False,False,False,False,False,0.776043501,False
C01_SPEED_SENSOR_SPOOFING,161,161,172,0.958082974,1.0000453,0.917923033,0.00365641923,10,49,True,False,False,False,False,False,0.775150152,False
C01_SPEED_SENSOR_SPOOFING,162,162,173,0.957004786,1.0000453,0.91585815,0.00360827451,10,49,True,False,False,False,False,False,0.774277829,False
C01_SPEED_SENSOR_SPOOFING,163,163,174,0.95595181,1.0000453,0.91384387,0.00356009696,10,49,True,False,False,False,False,False,0.773425905,False
C01_SPEED_SENSOR_SPOOFING,164,164,175,0.954923749,1.0000453,0.91187942,0.00351188588,10,49,True,False,False,False,False,False,0.772594138,False
C01_SPEED_SENSOR_SPOOFING,165,165,176,0.953920007,1.0000453,0.909963429,0.00346621149,10,49,True,False,False,False,False,False,0.771782046,False
C01_SPEED_SENSOR_SPOOFING,166,166,177,0.95293963,1.0000453,0.908093989,0.00341963931,10,49,True,False,False,False,False,False,0.770988859,False
C01_SPEED_SENSOR_SPOOFING,167,167,178,0.951982617,1.0000453,0.906270921,0.00337305455,10,49,True,False,False,False,False,False,0.770214575,False
C01_SPEED_SENSOR_SPOOFING,168,168,179,0.951048374,1.0000453,0.904493034,0.00332813198,10,49,True,False,False,False,False,False,0.769458713,False
C01_SPEED_SENSOR_SPOOFING,169,169,180,0.950136244,1.0000453,0.902758837,0.00328231766,10,49,True,False,False,False,False,False,0.768720742,False
C01_SPEED_SENSOR_SPOOFING,170,170,181,0.949245691,1.0000453,0.901067436,0.0032407511,10,49,True,False,False,False,False,False,0.768000227,False
C01_SPEED_SENSOR_SPOOFING,171,171,182,0.948375463,1.0000453,0.899416029,0.00319821993,10,49,True,False,False,False,False,False,0.767296158,False
C01_SPEED_SENSOR_SPOOFING,172,172,183,0.94752574,1.0000453,0.897804976,0.00315572927,10,49,True,False,False,False,False,False,0.766608677,False
C01_SPEED_SENSOR_SPOOFING,173,173,184,0.946695685,1.0000453,0.896232665,0.00311573525,10,49,True,False,False,False,False,False,0.76593711,False
C01_SPEED_SENSOR_SPOOFING,174,174,185,0.945884526,1.0000453,0.894697487,0.00307659246,10,49,True,False,False,False,False,False,0.76528083,False
C01_SPEED_SENSOR_SPOOFING,175,175,186,0.945091307,1.0000453,0.893197596,0.003039876,10,49,True,False,False,False,False,False,0.764639066,False
C01_SPEED_SENSOR_SPOOFING,176,176,187,0.944315553,1.0000453,0.891731858,0.00300315558,10,49,True,False,False,False,False,False,0.764011431,False
C01_SPEED_SENSOR_SPOOFING,177,177,188,0.943556428,1.0000453,0.890298784,0.00296889711,10,49,True,False,False,False,False,False,0.763397251,False
C01_SPEED_SENSOR_SPOOFING,178,178,189,0.942813456,1.0000453,0.88889724,0.00293634227,10,49,True,False,False,False,False,False,0.762796139,False
C01_SPEED_SENSOR_SPOOFING,179,179,190,0.942085505,1.0000453,0.887525141,0.00290540978,10,49,True,False,False,False,False,False,0.76220718,False
C01_SPEED_SENSOR_SPOOFING,180,180,191,0.941372275,1.0000453,0.886181712,0.00287621282,10,49,True,False,False,False,False,False,0.761630132,False
C01_SPEED_SENSOR_SPOOFING,181,181,192,0.940672517,1.0000453,0.884864748,0.00284858583,10,49,True,False,False,False,False,False,0.761063983,False
C01_SPEED_SENSOR_SPOOFING,182,182,193,0.939985812,1.0000453,0.883573353,0.00282263733,10,49,True,False,False,False,False,False,0.760508395,False
C01_SPEED_SENSOR_SPOOFING,183,183,194,0.939311683,1.0000453,0.882306457,0.0027992588,10,49,True,False,False,False,False,False,0.759962982,False
C01_SPEED_SENSOR_SPOOFING,184,184,195,0.938648582,1.0000453,0.881061137,0.00277912943,10,49,True,False,False,False,False,False,0.759426491,False
C01_SPEED_SENSOR_SPOOFING,185,185,196,0.93799597,1.0000453,0.87983644,0.00276072952,10,49,True,False,False,False,False,False,0.758898487,False
C01_SPEED_SENSOR_SPOOFING,186,186,197,0.937353253,1.0000453,0.878631175,0.00274313847,10,49,True,False,False,False,False,False,0.758378488,False
C01_SPEED_SENSOR_SPOOFING,187,187,198,0.936719775,1.0000453,0.87744391,0.00272890949,10,49,True,False,False,False,False,False,0.757865963,False
C01_SPEED_SENSOR_SPOOFING,188,188,199,0.936094582,1.0000453,0.876273036,0.00271633477,10,49,True,False,False,False,False,False,0.757360142,False
C01_SPEED_SENSOR_SPOOFING,189,189,200,0.935477138,1.0000453,0.875117421,0.00270628324,10,49,True,False,False,False,False,False,0.75686059,False
C01_SPEED_SENSOR_SPOOFING,190,190,201,0.93486625,1.0000453,0.873974919,0.00269956142,10,49,True,False,False,False,False,False,0.756366343,False
C01_SPEED_SENSOR_SPOOFING,191,191,202,0.93426156,1.0000453,0.872844636,0.00269537303,10,49,True,False,False,False,False,False,0.755877111,False
C01_SPEED_SENSOR_SPOOFING,192,192,203,0.933662057,1.0000453,0.871724784,0.00269285659,10,49,True,False,False,False,False,False,0.755392075,False
C01_SPEED_SENSOR_SPOOFING,193,193,204,0.933066845,1.0000453,0.870613694,0.0026945374,10,49,True,False,False,False,False,False,0.75491051,False
C01_SPEED_SENSOR_SPOOFING,194,194,205,0.932475507,1.0000453,0.869510591,0.00269788411,10,49,True,False,False,False,False,False,0.75443208,False
C01_SPEED_SENSOR_SPOOFING,195,195,206,0.93188715,1.0000453,0.868413627,0.00270293024,10,49,True,False,False,False,False,False,0.753956062,False
C01_SPEED_SENSOR_SPOOFING,196,196,207,0.931301177,1.0000453,0.867321849,0.00271217222,10,49,True,False,False,False,False,False,0.753481972,False
C01_SPEED_SENSOR_SPOOFING,197,197,208,0.930716932,1.0000453,0.866234004,0.00272390898,10,49,True,False,False,False,False,False,0.753009281,False
C01_SPEED_SENSOR_SPOOFING,198,198,209,0.930133641,1.0000453,0.865148544,0.00273816381,10,49,True,False,False,False,False,False,0.752537361,False
C01_SPEED_SENSOR_SPOOFING,199,199,210,0.929550469,1.0000453,0.864064097,0.00275578676,10,49,True,False,False,False,False,False,0.752065538,False
C01_SPEED_SENSOR_SPOOFING,200,200,211,0.928967059,1.0000453,0.862979829,0.00277588866,10,49,True,False,False,False,False,False,0.751593522,False
C01_SPEED_SENSOR_SPOOFING,201,201,212,0.928382218,1.0000453,0.861893535,0.00279946229,10,49,True,False,False,False,False,False,0.751120349,False
C01_SPEED_SENSOR_SPOOFING,202,202,213,0.927796125,1.0000453,0.86080569,0.00282458216,10,49,True,False,False,False,False,False,0.750646162,False
C01_SPEED_SENSOR_SPOOFING,203,203,214,0.927207589,1.0000453,0.859713912,0.00285481685,10,49,True,False,False,False,False,False,0.750169999,False
C01_SPEED_SENSOR_SPOOFING,204,204,215,0.926616311,1.0000453,0.858617842,0.00288501917,10,49,True,False,False,False,False,False,0.749691617,False
C01_SPEED_SENSOR_SPOOFING,205,205,216,0.926021814,1.0000453,0.857516408,0.00292107603,10,49,True,False,False,False,False,False,0.749210632,False
C01_SPEED_SENSOR_SPOOFING,206,206,217,0.925423324,1.0000453,0.856408358,0.00295880134,10,49,True,False,False,False,False,False,0.748726415,False
C01_SPEED_SENSOR_SPOOFING,207,207,218,0.924820602,1.0000453,0.855293095,0.00299906568,10,49,True,False,False,False,False,False,0.748238774,False
C01_SPEED_SENSOR_SPOOFING,208,208,219,0.924213171,1.0000453,0.854170024,0.00304260291,10,49,True,False,False,False,False,False,0.747747324,False
C01_SPEED_SENSOR_SPOOFING,209,209,220,0.923600435,1.0000453,0.853037715,0.0030903921,10,49,True,False,False,False,False,False,0.747251582,False
C01_SPEED_SENSOR_SPOOFING,210,210,221,0.922982037,1.0000453,0.851895869,0.00313980528,10,49,True,False,False,False,False,False,0.746751258,False
C01_SPEED_SENSOR_SPOOFING,211,211,222,0.922357738,1.0000453,0.85074383,0.00319337845,10,49,True,False,False,False,False,False,0.746246161,False
C01_SPEED_SENSOR_SPOOFING,212,212,223,0.921727061,1.0000453,0.849580824,0.00324787176,10,49,True,False,False,False,False,False,0.745735903,False
C01_SPEED_SENSOR_SPOOFING,213,213,224,0.921090364,1.0000453,0.848407447,0.0033071842,10,49,True,False,False,False,False,False,0.745220775,False
C01_SPEED_SENSOR_SPOOFING,214,214,225,0.920446694,1.0000453,0.84722209,0.00336748292,10,49,True,False,False,False,False,False,0.744700004,False
C01_SPEED_SENSOR_SPOOFING,215,215,226,0.919796467,1.0000453,0.846025527,0.00343264639,10,49,True,False,False,False,False,False,0.744173929,False
C01_SPEED_SENSOR_SPOOFING,216,216,227,0.919139266,1.0000453,0.844817042,0.00349869393,10,49,True,False,False,False,False,False,0.743642212,False
C01_SPEED_SENSOR_SPOOFING,217,217,228,0.918475211,1.0000453,0.843596697,0.00356892147,10,49,True,False,False,False,False,False,0.743104949,False
C01_SPEED_SENSOR_SPOOFING,218,218,229,0.91780442,1.0000453,0.842364967,0.00364067289,10,49,True,False,False,False,False,False,0.742562236,False
C01_SPEED_SENSOR_SPOOFING,219,219,230,0.917126715,1.0000453,0.841121376,0.00371666765,10,49,True,False,False,False,False,False,0.74201393,False
C01_SPEED_SENSOR_SPOOFING,220,220,231,0.916442156,1.0000453,0.839866221,0.00379443495,10,49,True,False,False,False,False,False,0.741460078,False
C01_SPEED_SENSOR_SPOOFING,221,221,232,0.915751398,1.0000453,0.838600576,0.00387448468,10,49,True,False,False,False,False,False,0.74090121,False
C01_SPEED_SENSOR_SPOOFING,222,222,233,0.915054321,1.0000453,0.83732444,0.00395714445,10,49,True,False,False,False,False,False,0.740337231,False
C01_SPEED_SENSOR_SPOOFING,223,223,234,0.914351702,1.0000453,0.836039007,0.00404217001,10,49,True,False,False,False,False,False,0.739768767,False
C01_SPEED_SENSOR_SPOOFING,224,224,235,0.913643599,1.0000453,0.834744573,0.00413062377,10,49,True,False,False,False,False,False,0.739195867,False
C01_SPEED_SENSOR_SPOOFING,225,225,236,0.912930489,1.0000453,0.833442092,0.00422058813,10,49,True,False,False,False,False,False,0.738618915,False
C01_SPEED_SENSOR_SPOOFING,226,226,237,0.912212968,1.0000453,0.832132518,0.0043140715,10,49,True,False,False,False,False,False,0.738038395,False
C01_SPEED_SENSOR_SPOOFING,227,227,238,0.911491871,1.0000453,0.830817461,0.0044080345,10,49,True,False,False,False,False,False,0.737454982,False
C01_SPEED_SENSOR_SPOOFING,228,228,239,0.910767794,1.0000453,0.829497993,0.00450470205,10,49,True,False,False,False,False,False,0.736869157,False
C01_SPEED_SENSOR_SPOOFING,229,229,240,0.910041511,1.0000453,0.828175545,0.00460546883,10,49,True,False,False,False,False,False,0.736281548,False
C01_SPEED_SENSOR_SPOOFING,230,230,241,0.909313858,1.0000453,0.826851726,0.00470530475,10,49,True,False,False,False,False,False,0.73569283,False
C01_SPEED_SENSOR_SPOOFING,231,231,242,0.908585906,1.0000453,0.825528383,0.00480864057,10,49,True,False,False,False,False,False,0.735103871,False
C01_SPEED_SENSOR_SPOOFING,232,232,243,0.907858729,1.0000453,0.824207485,0.00491520576,10,49,True,False,False,False,False,False,0.734515539,False
C01_SPEED_SENSOR_SPOOFING,233,233,244,0.90713352,1.0000453,0.822891176,0.00502071995,10,49,True,False,False,False,False,False,0.733928798,False
C01_SPEED_SENSOR_SPOOFING,234,234,245,0.90641135,1.0000453,0.821581483,0.00513053034,10,49,True,False,False,False,False,False,0.733344517,False
C01_SPEED_SENSOR_SPOOFING,235,235,246,0.905693591,1.0000453,0.82028091,0.0052403342,10,49,True,False,False,False,False,False,0.732763804,False
C01_SPEED_SENSOR_SPOOFING,236,236,247,0.904981732,1.0000453,0.818991899,0.00535342516,10,49,True,False,False,False,False,False,0.732187865,False
C01_SPEED_SENSOR_SPOOFING,237,237,248,0.904277146,1.0000453,0.817717195,0.00546571426,10,49,True,False,False,False,False,False,0.73161781,False
C01_SPEED_SENSOR_SPOOFING,238,238,249,0.903581738,1.0000453,0.816459954,0.00558196614,10,49,True,False,False,False,False,False,0.731055181,False
C01_SPEED_SENSOR_SPOOFING,239,239,250,0.902896941,1.0000453,0.815222859,0.00569735654,10,49,True,False,False,False,False,False,0.730501136,False
C01_SPEED_SENSOR_SPOOFING,240,240,251,0.902224481,1.0000453,0.814009011,0.00581464544,10,49,True,False,False,False,False,False,0.729957073,False
C01_SPEED_SENSOR_SPOOFING,241,241,252,0.901566446,1.0000453,0.812822044,0.0059350701,10,49,True,False,False,False,False,False,0.729424681,False
C01_SPEED_SENSOR_SPOOFING,242,242,253,0.900924623,1.0000453,0.811665177,0.00605381932,10,49,True,False,False,False,False,False,0.728905405,False
C01_SPEED_SENSOR_SPOOFING,243,243,254,0.900301158,1.0000453,0.810542226,0.0061734817,10,49,True,False,False,False,False,False,0.728400983,False
C01_SPEED_SENSOR_SPOOFING,244,244,255,0.899698317,1.0000453,0.809457064,0.00629623933,10,49,True,False,False,False,False,False,0.727913246,False
C01_SPEED_SENSOR_SPOOFING,245,245,256,0.899118006,1.0000453,0.808413148,0.00641836552,10,49,True,False,False,False,False,False,0.727443737,False
C01_SPEED_SENSOR_SPOOFING,246,246,257,0.898562729,1.0000453,0.807414949,0.00654207496,10,49,True,False,False,False,False,False,0.726994483,False
C01_SPEED_SENSOR_SPOOFING,247,247,258,0.898034751,1.0000453,0.80646646,0.00666405028,10,49,True,False,False,False,False,False,0.726567315,False
C01_SPEED_SENSOR_SPOOFING,248,248,259,0.897536874,1.0000453,0.80557245,0.00678761536,10,49,True,False,False,False,False,False,0.7261645,False
C01_SPEED_SENSOR_SPOOFING,249,249,260,0.897071302,1.0000453,0.804736912,0.00691216672,10,49,True,False,False,False,False,False,0.725787823,False
C01_SPEED_SENSOR_SPOOFING,250,250,261,0.896640778,1.0000453,0.803964674,0.00703735929,10,49,True,False,False,False,False,False,0.725439502,False
C01_SPEED_SENSOR_SPOOFING,251,251,262,0.896247804,1.0000453,0.803260088,0.00716096023,10,49,True,False,False,False,False,False,0.725121561,False
C01_SPEED_SENSOR_SPOOFING,252,252,263,0.895895302,1.0000453,0.802628398,0.00728553906,10,49,True,False,False,False,False,False,0.724836365,False
C01_SPEED_SENSOR_SPOOFING,253,253,264,0.895586073,1.0000453,0.802074373,0.0074089691,10,49,True,False,False,False,False,False,0.724586179,False
C01_SPEED_SENSOR_SPOOFING,254,254,265,0.895322859,1.0000453,0.801603019,0.00753427576,10,49,True,False,False,False,False,False,0.724373222,False
C01_SPEED_SENSOR_SPOOFING,255,255,266,0.895108581,1.0000453,0.801219344,0.00765693793,10,49,True,False,False,False,False,False,0.724199857,False
C01_SPEED_SENSOR_SPOOFING,256,256,267,0.894946098,1.0000453,0.800928533,0.00777968811,10,49,True,False,False,False,False,False,0.724068398,False
C01_SPEED_SENSOR_SPOOFING,257,257,268,0.894838572,1.0000453,0.80073607,0.00790162757,10,49,True,False,False,False,False,False,0.723981402,False
C01_SPEED_SENSOR_SPOOFING,258,258,269,0.894788802,1.0000453,0.80064702,0.0080242753,10,49,True,False,False,False,False,False,0.723941135,False
C01_SPEED_SENSOR_SPOOFING,259,259,270,0.894799829,1.0000453,0.800666749,0.00814522523,10,49,True,False,False,False,False,False,0.723950056,False
C01_SPEED_SENSOR_SPOOFING,260,260,271,0.894874692,1.0000453,0.800800741,0.00826552697,10,49,True,False,False,False,False,False,0.724010626,False
C01_SPEED_SENSOR_SPOOFING,261,261,272,0.895016432,1.0000453,0.801054418,0.00838492066,10,49,True,False,False,False,False,False,0.724125302,False
C01_SPEED_SENSOR_SPOOFING,262,262,273,0.895227969,1.0000453,0.801433146,0.00850253645,10,49,True,False,False,False,False,False,0.726438414,False
C01_SPEED_SENSOR_SPOOFING,263,263,274,0.895512342,1.0000453,0.801942408,0.00861776527,10,49,True,False,False,False,False,False,0.736283316,False
C01_SPEED_SENSOR_SPOOFING,264,264,275,0.895872533,1.0000453,0.802587569,0.00873456988,10,49,True,False,False,False,False,False,0.74626285,False
C01_SPEED_SENSOR_SPOOFING,265,265,276,0.896311522,1.0000453,0.80337429,0.00884734653,10,49,True,False,False,False,False,False,0.755898244,False
C01_SPEED_SENSOR_SPOOFING,266,266,277,0.896831989,1.0000453,0.80430764,0.0089590922,10,49,True,False,False,False,False,False,0.765445554,False
C01_SPEED_SENSOR_SPOOFING,267,267,278,0.897437036,1.0000453,0.805393279,0.00907016266,10,49,True,False,False,False,False,False,0.774935175,False
C01_SPEED_SENSOR_SPOOFING,268,268,279,0.898129404,1.0000453,0.806636393,0.00917869434,10,49,True,False,False,False,False,False,0.784207888,False
C01_SPEED_SENSOR_SPOOFING,269,269,280,0.898911715,1.0000453,0.808042228,0.00928559341,10,49,True,False,False,False,False,False,0.793341114,False
C01_SPEED_SENSOR_SPOOFING,270,270,281,0.899786592,1.0000453,0.80961591,0.00938990247,10,49,True,False,False,False,False,False,0.802253056,False
C01_SPEED_SENSOR_SPOOFING,271,271,282,0.900756657,1.0000453,0.811362505,0.00949185248,10,49,True,False,False,False,False,False,0.810963446,False
C01_SPEED_SENSOR_SPOOFING,272,272,283,0.901824296,1.0000453,0.81328702,0.00959126838,10,49,True,False,False,False,False,False,0.819457326,False
C01_SPEED_SENSOR_SPOOFING,273,273,284,0.902991593,1.0000453,0.815393865,0.00968895759,10,49,True,False,False,False,False,False,0.827803682,False
C01_SPEED_SENSOR_SPOOFING,274,274,285,0.904261231,1.0000453,0.817688406,0.00978503004,10,49,True,False,False,False,False,False,0.836011905,False
C01_SPEED_SENSOR_SPOOFING,275,275,286,0.90563488,1.0000453,0.820174575,0.00987611618,10,49,True,False,False,False,False,False,0.843794109,False
C01_SPEED_SENSOR_SPOOFING,276,276,287,0.907114565,1.0000453,0.822856843,0.00996555947,10,49,True,False,False,False,False,False,0.851435951,False
C01_SPEED_SENSOR_SPOOFING,277,277,288,0.908702075,1.0000453,0.825739503,0.0100532919,10,49,True,False,False,False,False,False,0.858931622,False
C01_SPEED_SENSOR_SPOOFING,278,278,289,0.910399258,1.0000453,0.828826845,0.010136974,10,49,True,False,False,False,False,False,0.866081243,False
C01_SPEED_SENSOR_SPOOFING,279,279,290,0.912207186,1.0000453,0.832121909,0.0102172745,10,49,True,False,False,False,False,False,0.872941945,False
C01_SPEED_SENSOR_SPOOFING,280,280,291,0.914127409,1.0000453,0.835628927,0.0102951517,10,49,True,False,False,False,False,False,0.879595605,False
C01_SPEED_SENSOR_SPOOFING,281,281,292,0.916161001,1.0000453,0.839350998,0.0103704864,10,49,True,False,False,False,False,False,0.886032038,False
C01_SPEED_SENSOR_SPOOFING,282,282,293,0.918308794,1.0000453,0.843291044,0.0104408571,10,49,True,False,False,False,False,False,0.892044362,False
C01_SPEED_SENSOR_SPOOFING,283,283,294,0.920571506,1.0000453,0.847451866,0.0105087431,10,49,True,False,False,False,False,False,0.897844392,False
C01_SPEED_SENSOR_SPOOFING,284,284,295,0.922949672,1.0000453,0.851836085,0.0105733043,10,49,True,False,False,False,False,False,0.903360358,False
C01_SPEED_SENSOR_SPOOFING,285,285,296,0.925444007,1.0000453,0.856446624,0.0106346142,10,49,True,False,False,False,False,False,0.908598543,False
C01_SPEED_SENSOR_SPOOFING,286,286,297,0.928053975,1.0000453,0.861284196,0.0106916856,10,49,True,False,False,False,False,False,0.913474605,False
C01_SPEED_SENSOR_SPOOFING,287,287,298,0.930779994,1.0000453,0.866351366,0.0107454937,10,49,True,False,False,False,False,False,0.918071852,False
C01_SPEED_SENSOR_SPOOFING,288,288,299,0.933621526,1.0000453,0.871649206,0.0107951565,10,49,True,False,False,False,False,False,0.922314933,False
C01_SPEED_SENSOR_SPOOFING,289,289,300,0.936577976,1.0000453,0.877178252,0.0108398469,10,49,True,False,False,False,False,False,0.926133189,False
C01_SPEED_SENSOR_SPOOFING,290,290,301,0.939648509,1.0000453,0.882939339,0.010882047,10,49,True,False,False,False,False,False,0.929738673,False
C01_SPEED_SENSOR_SPOOFING,291,291,302,0.942832589,1.0000453,0.888933241,0.0109193036,10,49,True,False,False,False,False,False,0.932921799,False
C01_SPEED_SENSOR_SPOOFING,292,292,303,0.946128488,1.0000453,0.895159066,0.0109524103,10,49,True,False,False,False,False,False,0.935750361,False
C01_SPEED_SENSOR_SPOOFING,293,293,304,0.949534655,1.0000453,0.901616096,0.0109813577,10,49,True,False,False,False,False,False,0.938223562,False
C01_SPEED_SENSOR_SPOOFING,294,294,305,0.953050256,1.0000453,0.908304811,0.0110070193,10,49,True,False,False,False,False,False,0.940416039,False
C01_SPEED_SENSOR_SPOOFING,295,295,306,0.956673265,1.0000453,0.915223777,0.0110285403,10,49,True,False,False,False,False,False,0.942254747,False
C01_SPEED_SENSOR_SPOOFING,296,296,307,0.960401356,1.0000453,0.922370732,0.0110434387,10,49,True,False,False,False,False,False,0.943527631,False
C01_SPEED_SENSOR_SPOOFING,297,297,308,0.964231789,1.0000453,0.929742992,0.0110558448,10,49,True,False,False,False,False,False,0.944587586,False
C01_SPEED_SENSOR_SPOOFING,298,298,309,0.968163013,1.0000453,0.937339664,0.0110632936,10,49,True,False,False,False,False,False,0.945223988,False
C01_SPEED_SENSOR_SPOOFING,299,299,310,0.972191751,1.0000453,0.945156813,0.0110657755,10,49,True,False,False,False,False,False,0.945436043,False
C01_SPEED_SENSOR_SPOOFING,300,300,311,0.976315677,1.0000453,0.953192353,0.0110657755,10,49,True,False,False,False,False,False,0.945436043,False
C01_SPEED_SENSOR_SPOOFING,301,301,312,0.980531156,1.02315354,0.961441338,0.0110583343,10,49,True,False,False,False,False,False,0.944800277,False
C01_SPEED_SENSOR_SPOOFING,302,302,313,0.984835207,1.04626584,0.969900429,0.0110475766,10,49,True,False,False,False,False,False,0.943881162,False
C01_SPEED_SENSOR_SPOOFING,303,303,314,0.989223897,1.06925547,0.978563905,0.0110310409,10,49,True,False,False,False,False,False,0.942468393,False
C01_SPEED_SENSOR_SPOOFING,304,304,315,0.993694663,1.09220433,0.987429082,0.0110128373,10,49,True,False,False,False,False,False,0.940913114,False
C01_SPEED_SENSOR_SPOOFING,305,305,316,0.998243093,1.11498964,0.996489286,0.0109863728,10,49,True,False,False,False,False,False,0.938652047,False
C01_SPEED_SENSOR_SPOOFING,306,306,317,1.00286555,1.13769317,1.00573921,0.0109565733,10,49,True,False,False,False,False,False,0.93610604,False
C01_SPEED_SENSOR_SPOOFING,307,307,318,1.00755751,1.16025376,1.01517224,0.0109226648,10,49,True,False,False,False,False,False,0.933208968,False
C01_SPEED_SENSOR_SPOOFING,308,308,319,1.01231503,1.1826508,1.0247817,0.010882983,10,49,True,False,False,False,False,False,0.929818641,False
C01_SPEED_SENSOR_SPOOFING,309,309,320,1.01713336,1.20488441,1.03456032,0.0108375084,10,49,True,False,False,False,False,False,0.925933388,False
C01_SPEED_SENSOR_SPOOFING,310,310,321,1.02200866,1.22699535,1.04450178,0.0107895304,10,49,True,False,False,False,False,False,0.92183425,False
C01_SPEED_SENSOR_SPOOFING,311,311,322,1.02693665,1.24892247,1.05459881,0.0107349074,10,49,True,False,False,False,False,False,0.917167378,False
C01_SPEED_SENSOR_SPOOFING,312,312,323,1.0319109,1.27062476,1.0648402,0.0106762629,10,49,True,False,False,False,False,False,0.912156922,False
C01_SPEED_SENSOR_SPOOFING,313,313,324,1.03692865,1.29216349,1.07522094,0.0106125725,10,49,True,False,False,False,False,False,0.906715355,False
C01_SPEED_SENSOR_SPOOFING,314,314,325,1.04198372,1.31347752,1.08573008,0.0105448235,10,49,True,False,False,False,False,False,0.900927021,False
C01_SPEED_SENSOR_SPOOFING,315,315,326,1.04707229,1.3345871,1.09636045,0.0104703531,10,49,True,False,False,False,False,False,0.894564429,False
C01_SPEED_SENSOR_SPOOFING,316,316,327,1.05218828,1.35547197,1.10710025,0.0103934864,10,49,True,False,False,False,False,False,0.887997103,False
C01_SPEED_SENSOR_SPOOFING,317,317,328,1.05732715,1.37609112,1.11794078,0.0103091588,10,49,True,False,False,False,False,False,0.88079234,False
C01_SPEED_SENSOR_SPOOFING,318,318,329,1.06248355,1.39648557,1.1288712,0.0102214953,10,49,True,False,False,False,False,False,0.873302557,False
C01_SPEED_SENSOR_SPOOFING,319,319,330,1.06765223,1.41661429,1.13988125,0.0101297572,10,49,True,False,False,False,False,False,0.865464654,False
C01_SPEED_SENSOR_SPOOFING,320,320,331,1.07282865,1.43647742,1.15096128,0.010033913,10,49,True,False,False,False,False,False,0.867986713,False
C01_SPEED_SENSOR_SPOOFING,321,321,332,1.07800663,1.45601356,1.16209841,0.0099298181,10,49,True,False,False,False,False,False,0.872176025,False
C01_SPEED_SENSOR_SPOOFING,322,322,333,1.08318138,1.47530448,1.17328191,0.00982314814,10,49,True,False,False,False,False,False,0.876362732,False
C01_SPEED_SENSOR_SPOOFING,323,323,334,1.08834696,1.49426842,1.18449914,0.00971251819,10,49,True,False,False,False,False,False,0.880542013,False
C01_SPEED_SENSOR_SPOOFING,324,324,335,1.09349895,1.51292574,1.19573998,0.0095960144,10,49,True,False,False,False,False,False,0.884710298,False
C01_SPEED_SENSOR_SPOOFING,325,325,336,1.09863234,1.53129709,1.2069931,0.00947699603,10,49,True,False,False,False,False,False,0.888863538,False
C01_SPEED_SENSOR_SPOOFING,326,326,337,1.10374129,1.54930055,1.21824491,0.00935144909,10,49,True,False,False,False,False,False,0.892997006,False
C01_SPEED_SENSOR_SPOOFING,327,327,338,1.10882008,1.56695664,1.22948205,0.00922095682,10,49,True,False,False,False,False,False,0.897106073,False
C01_SPEED_SENSOR_SPOOFING,328,328,339,1.11386395,1.58428574,1.24069297,0.0090880096,10,49,True,False,False,False,False,False,0.90118688,False
C01_SPEED_SENSOR_SPOOFING,329,329,340,1.11886764,1.60122657,1.25186479,0.00894848257,10,49,True,False,False,False,False,False,0.905235185,False
C01_SPEED_SENSOR_SPOOFING,330,330,341,1.12382567,1.61782002,1.26298416,0.00880560093,10,49,True,False,False,False,False,False,0.90924655,False
C01_SPEED_SENSOR_SPOOFING,331,331,342,1.12873352,1.63404572,1.27403939,0.00865854695,10,49,True,False,False,False,False,False,0.91321731,False
C01_SPEED_SENSOR_SPOOFING,332,332,343,1.13358581,1.64988303,1.28501689,0.00850923546,10,49,True,False,False,False,False,False,0.917143126,False
C01_SPEED_SENSOR_SPOOFING,333,333,344,1.13837814,1.66531169,1.29590487,0.00835322589,10,49,True,False,False,False,False,False,0.921020428,False
C01_SPEED_SENSOR_SPOOFING,334,334,345,1.14310503,1.68035197,1.30668914,0.00819481071,10,49,True,False,False,False,False,False,0.924844781,False
C01_SPEED_SENSOR_SPOOFING,335,335,346,1.14776218,1.69498372,1.31735814,0.00803228281,10,49,True,False,False,False,False,False,0.928612711,False
C01_SPEED_SENSOR_SPOOFING,336,336,347,1.15234494,1.70920658,1.32789874,0.00786462147,10,49,True,False,False,False,False,False,0.932320458,False
C01_SPEED_SENSOR_SPOOFING,337,337,348,1.15684712,1.72298002,1.33829534,0.00769397989,10,49,True,False,False,False,False,False,0.935963006,False
C01_SPEED_SENSOR_SPOOFING,338,338,349,1.16126573,1.7363447,1.34853804,0.00752083212,10,49,True,False,False,False,False,False,0.939537944,False
C01_SPEED_SENSOR_SPOOFING,339,339,350,1.16559541,1.74923933,1.35861278,0.00734199816,10,49,True,False,False,False,False,False,0.943040932,False
C01_SPEED_SENSOR_SPOOFING,340,340,351,1.16983199,1.76170492,1.36850691,0.00716163218,10,49,True,False,False,False,False,False,0.946468595,False
C01_SPEED_SENSOR_SPOOFING,341,341,352,1.17397165,1.77372086,1.37820947,0.00697707804,10,49,True,False,False,False,False,False,0.949817845,False
C01_SPEED_SENSOR_SPOOFING,342,342,353,1.17800963,1.78526676,1.38770664,0.00678846845,10,49,True,False,False,False,False,False,0.953084825,False
C01_SPEED_SENSOR_SPOOFING,343,343,354,1.18194151,1.79634261,1.39698577,0.00659666164,10,49,True,False,False,False,False,False,0.956265966,False
C01_SPEED_SENSOR_SPOOFING,344,344,355,1.18576455,1.80698943,1.40603745,0.006403937,10,49,True,False,False,False,False,False,0.95935905,False
C01_SPEED_SENSOR_SPOOFING,345,345,356,1.18947363,1.81710494,1.41484761,0.00620582467,10,49,True,False,False,False,False,False,0.962359931,False
C01_SPEED_SENSOR_SPOOFING,346,346,357,1.19306576,1.82677078,1.423406,0.00600590371,10,49,True,False,False,False,False,False,0.965266195,False
C01_SPEED_SENSOR_SPOOFING,347,347,358,1.19653666,1.83592582,1.43170011,0.00580206839,10,49,True,False,False,False,False,False,0.968074373,False
C01_SPEED_SENSOR_SPOOFING,348,348,359,1.19988334,1.84461081,1.43972015,0.00559754251,10,49,True,False,False,False,False,False,0.970782051,False
C01_SPEED_SENSOR_SPOOFING,349,349,360,1.20310271,1.85278487,1.44745612,0.0053889649,10,49,True,False,False,False,False,False,0.973386724,False
C01_SPEED_SENSOR_SPOOFING,350,350,361,1.20619047,1.86044812,1.4548955,0.00517925201,10,49,True,False,False,False,False,False,0.975884917,False
C01_SPEED_SENSOR_SPOOFING,351,351,362,1.20914507,1.86762094,1.46203184,0.00496697985,10,49,True,False,False,False,False,False,0.978275379,False
C01_SPEED_SENSOR_SPOOFING,352,352,363,1.21196294,1.87428284,1.46885407,0.00475243852,10,49,True,False,False,False,False,False,0.980555214,False
C01_SPEED_SENSOR_SPOOFING,353,353,364,1.21464062,1.88041341,1.47535181,0.00453598564,10,49,True,False,False,False,False,False,0.982741339,False
C01_SPEED_SENSOR_SPOOFING,354,354,365,1.21717656,1.88605356,1.48151886,0.00431879656,10,49,True,False,False,False,False,False,0.985688992,False
C01_SPEED_SENSOR_SPOOFING,355,355,366,1.21956813,1.8911624,1.48734629,0.00409748685,10,49,True,False,False,False,False,False,0.98835897,False
C01_SPEED_SENSOR_SPOOFING,356,356,367,1.22181141,1.89573979,1.49282324,0.00387734314,10,49,True,False,False,False,False,False,0.990751209,False
C01_SPEED_SENSOR_SPOOFING,357,357,368,1.22390628,1.8998065,1.4979465,0.0036546581,10,49,True,False,False,False,False,False,0.99287655,False
C01_SPEED_SENSOR_SPOOFING,358,358,369,1.22584951,1.90334177,1.50270689,0.00343214651,10,49,True,False,False,False,False,False,0.994724153,False
C01_SPEED_SENSOR_SPOOFING,359,359,370,1.22764015,1.90636623,1.50710046,0.00320814829,10,49,True,False,False,False,False,False,0.996304795,False
C01_SPEED_SENSOR_SPOOFING,360,360,371,1.22927547,1.90883887,1.51111829,0.00298399408,10,49,True,False,False,False,False,False,0.997597045,False
C01_SPEED_SENSOR_SPOOFING,361,361,372,1.23075426,1.91078019,1.51475608,0.00276037585,10,49,True,False,False,False,False,False,0.998611619,False
C01_SPEED_SENSOR_SPOOFING,362,362,373,1.23207629,1.91223109,1.51801193,0.00253715855,10,49,True,False,False,False,False,False,0.999369886,False
C01_SPEED_SENSOR_SPOOFING,363,363,374,1.23323846,1.91308939,1.52087724,0.00231391913,10,49,True,False,False,False,False,False,0.999818454,False
C01_SPEED_SENSOR_SPOOFING,364,364,375,1.23424017,1.91343677,1.52334893,0.0020939603,10,49,True,False,False,False,False,False,1,False
C01_SPEED_SENSOR_SPOOFING,365,365,376,1.23508167,1.91343677,1.52542663,0.00187546038,10,49,True,False,False,False,False,False,1,False
C01_SPEED_SENSOR_SPOOFING,366,366,377,1.23576117,1.91343677,1.52710569,0.00166197587,10,49,True,False,False,False,False,False,1,False
C01_SPEED_SENSOR_SPOOFING,367,367,378,1.2362783,1.91343677,1.52838409,0.00145568,10,49,True,False,False,False,False,False,1.00045582,True
C01_SPEED_SENSOR_SPOOFING,368,368,379,1.23663259,1.91343677,1.52926028,0.00125870435,10,49,True,False,False,False,False,False,1.00102936,True
C01_SPEED_SENSOR_SPOOFING,369,369,380,1.23682344,1.91343677,1.52973223,0.0010782337,10,49,True,False,False,False,False,False,1.00133829,True
C01_SPEED_SENSOR_SPOOFING,370,370,381,1.23685181,1.91343677,1.52980232,0.000921057188,10,49,True,False,False,False,False,False,1.00138417,True
C01_SPEED_SENSOR_SPOOFING,371,371,382,1.23671651,1.91343677,1.52946782,0.000806819065,10,49,True,False,False,False,False,False,1.00116522,True
C01_SPEED_SENSOR_SPOOFING,372,372,383,1.23641872,1.91343677,1.52873123,0.000751154788,10,49,True,False,False,False,False,False,1.00068305,True
C01_SPEED_SENSOR_SPOOFING,373,373,384,1.23595822,1.91343677,1.52759278,0.000766634766,10,49,True,False,False,False,False,False,1,False
C01_SPEED_SENSOR_SPOOFING,374,374,385,1.2353344,1.91343677,1.52605116,0.000852601253,10,49,True,False,False,False,False,False,1,False
C01_SPEED_SENSOR_SPOOFING,375,375,386,1.23455095,1.91343677,1.52411604,0.000983644277,10,49,True,False,False,False,False,False,1,False
C01_SPEED_SENSOR_SPOOFING,376,376,387,1.23360753,1.91327333,1.52178741,0.00114814565,10,49,True,False,False,False,False,False,0.999914585,False
C01_SPEED_SENSOR_SPOOFING,377,377,388,1.23250389,1.91257846,1.51906586,0.00133426394,10,49,True,False,False,False,False,False,0.999551432,False
C01_SPEED_SENSOR_SPOOFING,378,378,389,1.23124182,1.91133201,1.5159564,0.00153147138,10,49,True,False,False,False,False,False,0.998900011,False
C01_SPEED_SENSOR_SPOOFING,379,379,390,1.22982323,1.90955412,1.51246524,0.00173541263,10,49,True,False,False,False,False,False,0.997970852,False
C01_SPEED_SENSOR_SPOOFING,380,380,391,1.22824895,1.90724492,1.50859535,0.00194609223,10,49,True,False,False,False,False,False,0.996764017,False
C01_SPEED_SENSOR_SPOOFING,381,381,392,1.22652149,1.90444529,1.50435507,0.00215716031,10,49,True,False,False,False,False,False,0.995300874,False
C01_SPEED_SENSOR_SPOOFING,382,382,393,1.22464144,1.90109384,1.49974656,0.00237084273,10,49,True,False,False,False,False,False,0.99354934,False
C01_SPEED_SENSOR_SPOOFING,383,383,394,1.22261178,1.89723158,1.49477971,0.00258344132,10,49,True,False,False,False,False,False,0.991530846,False
C01_SPEED_SENSOR_SPOOFING,384,384,395,1.22043371,1.89281762,1.48945856,0.00279740104,10,49,True,False,False,False,False,False,0.989224021,False
C01_SPEED_SENSOR_SPOOFING,385,385,396,1.21811128,1.88789272,1.48379505,0.00300861406,10,49,True,False,False,False,False,False,0.986650174,False
C01_SPEED_SENSOR_SPOOFING,386,386,397,1.21564639,1.88249779,1.47779608,0.00322029064,10,49,True,False,False,False,False,False,0.983830674,False
C01_SPEED_SENSOR_SPOOFING,387,387,398,1.21303952,1.87657154,1.47146499,0.0034319472,10,49,True,False,False,False,False,False,0.981426235,False
C01_SPEED_SENSOR_SPOOFING,388,388,399,1.21029532,1.87011397,1.46481478,0.00363915064,10,49,True,False,False,False,False,False,0.979206005,False
C01_SPEED_SENSOR_SPOOFING,389,389,400,1.2074157,1.86316597,1.45785272,0.00384732033,10,49,True,False,False,False,False,False,0.976876209,False
C01_SPEED_SENSOR_SPOOFING,390,390,401,1.20440459,1.85572755,1.45059037,0.00405115308,10,49,True,False,False,False,False,False,0.974440031,False
C01_SPEED_SENSOR_SPOOFING,391,391,402,1.20126426,1.84775782,1.44303584,0.00425278395,10,49,True,False,False,False,False,False,0.971899304,False
C01_SPEED_SENSOR_SPOOFING,392,392,403,1.19799888,1.83933854,1.43520141,0.00445354218,10,49,True,False,False,False,False,False,0.969257403,False
C01_SPEED_SENSOR_SPOOFING,393,393,404,1.19461119,1.83040822,1.42709601,0.00464967219,10,49,True,False,False,False,False,False,0.966516546,False
C01_SPEED_SENSOR_SPOOFING,394,394,405,1.19110501,1.82102847,1.41873121,0.00484514795,10,49,True,False,False,False,False,False,0.96367982,False
C01_SPEED_SENSOR_SPOOFING,395,395,406,1.18748271,1.8111378,1.41011512,0.00503712101,10,49,True,False,False,False,False,False,0.960749154,False
C01_SPEED_SENSOR_SPOOFING,396,396,407,1.18374956,1.80081797,1.40126288,0.00522626052,10,49,True,False,False,False,False,False,0.957728791,False
C01_SPEED_SENSOR_SPOOFING,397,397,408,1.17990863,1.79002821,1.39218438,0.00541140884,10,49,True,False,False,False,False,False,0.95462124,False
C01_SPEED_SENSOR_SPOOFING,398,398,409,1.17596328,1.77874792,1.38288951,0.00559394294,10,49,True,False,False,False,False,False,0.9514292,False
C01_SPEED_SENSOR_SPOOFING,399,399,410,1.17191875,1.76705885,1.37339365,0.00577368401,10,49,True,False,False,False,False,False,0.948156915,False
C01_SPEED_SENSOR_SPOOFING,400,400,411,1.16777885,1.75487947,1.36370742,0.00594710885,10,49,True,False,False,False,False,False,0.944807472,False
C01_SPEED_SENSOR_SPOOFING,401,401,412,1.16354811,1.74231184,1.35384417,0.00612059282,10,49,True,False,False,False,False,False,0.941384536,False
C01_SPEED_SENSOR_SPOOFING,402,402,413,1.15923023,1.72929454,1.34381473,0.00628832821,10,49,True,False,False,False,False,False,0.937891096,False
C01_SPEED_SENSOR_SPOOFING,403,403,414,1.15482974,1.71584809,1.33363175,0.00645301212,10,49,True,False,False,False,False,False,0.934330818,False
C01_SPEED_SENSOR_SPOOFING,404,404,415,1.15035117,1.70201337,1.32330775,0.0066151754,10,49,True,False,False,False,False,False,0.930707367,False
C01_SPEED_SENSOR_SPOOFING,405,405,416,1.1457994,1.68774962,1.31285632,0.0067707058,10,49,True,False,False,False,False,False,0.927024696,False
C01_SPEED_SENSOR_SPOOFING,406,406,417,1.14117944,1.67307711,1.30229044,0.00692229625,10,49,True,False,False,False,False,False,0.923286858,False
C01_SPEED_SENSOR_SPOOFING,407,407,418,1.13649547,1.65803671,1.29162192,0.00707236445,10,49,True,False,False,False,False,False,0.919497226,False
C01_SPEED_SENSOR_SPOOFING,408,408,419,1.13175237,1.64262855,1.28086352,0.007217295,10,49,True,False,False,False,False,False,0.915659757,False
C01_SPEED_SENSOR_SPOOFING,409,409,420,1.12695491,1.62681162,1.2700274,0.00735665252,10,49,True,False,False,False,False,False,0.911778307,False
C01_SPEED_SENSOR_SPOOFING,410,410,421,1.1221081,1.61064732,1.25912654,0.00749361981,10,49,True,False,False,False,False,False,0.907856928,False
C01_SPEED_SENSOR_SPOOFING,411,411,422,1.1172173,1.59415603,1.24817455,0.00762537913,10,49,True,False,False,False,False,False,0.90389996,False
C01_SPEED_SENSOR_SPOOFING,412,412,423,1.11228645,1.57727647,1.23718107,0.00775249582,10,49,True,False,False,False,False,False,0.899910585,False
C01_SPEED_SENSOR_SPOOFING,413,413,424,1.10732126,1.56009042,1.22616041,0.0078762183,10,49,True,False,False,False,False,False,0.895893433,False
C01_SPEED_SENSOR_SPOOFING,414,414,425,1.10232663,1.542557,1.21512413,0.0079942178,10,49,True,False,False,False,False,False,0.891852459,False
C01_SPEED_SENSOR_SPOOFING,415,415,426,1.09730804,1.52469647,1.20408487,0.00810732227,10,49,True,False,False,False,False,False,0.887792098,False
C01_SPEED_SENSOR_SPOOFING,416,416,427,1.09227037,1.50657046,1.19305456,0.00821787026,10,49,True,False,False,False,False,False,0.883716306,False
C01_SPEED_SENSOR_SPOOFING,417,417,428,1.08721793,1.48813784,1.18204272,0.00832349621,10,49,True,False,False,False,False,False,0.879628554,False
C01_SPEED_SENSOR_SPOOFING,418,418,429,1.08215582,1.46937823,1.17106128,0.00842261687,10,49,True,False,False,False,False,False,0.87553299,False
C01_SPEED_SENSOR_SPOOFING,419,419,430,1.07708991,1.45037341,1.16012275,0.00851924345,10,49,True,False,False,False,False,False,0.87143434,False
C01_SPEED_SENSOR_SPOOFING,420,420,431,1.0720253,1.43110299,1.14923835,0.0086091524,10,49,True,False,False,False,False,False,0.867336751,False
C01_SPEED_SENSOR_SPOOFING,421,421,432,1.06696618,1.41154635,1.13841677,0.0086951144,10,49,True,False,False,False,False,False,0.863243598,False
C01_SPEED_SENSOR_SPOOFING,422,422,433,1.06191838,1.3917855,1.12767076,0.00877680536,10,49,True,False,False,False,False,False,0.859159608,False
C01_SPEED_SENSOR_SPOOFING,423,423,434,1.05688584,1.37175894,1.11700761,0.00885365438,10,49,True,False,False,False,False,False,0.855087963,False
C01_SPEED_SENSOR_SPOOFING,424,424,435,1.0518738,1.35150754,1.10643852,0.00892553944,10,49,True,False,False,False,False,False,0.851032907,False
C01_SPEED_SENSOR_SPOOFING,425,425,436,1.04688764,1.33105183,1.09597361,0.00899242889,10,49,True,False,False,False,False,False,0.84699878,False
C01_SPEED_SENSOR_SPOOFING,426,426,437,1.04193127,1.31039178,1.08562076,0.00905521773,10,49,True,False,False,False,False,False,0.842988766,False
C01_SPEED_SENSOR_SPOOFING,427,427,438,1.03700984,1.2895273,1.07538939,0.00911222305,10,49,True,False,False,False,False,False,0.83900701,False
C01_SPEED_SENSOR_SPOOFING,428,428,439,1.03212738,1.26847899,1.06528699,0.0091659762,10,49,True,False,False,False,False,False,0.835056793,False
C01_SPEED_SENSOR_SPOOFING,429,429,440,1.02728915,1.24726713,1.05532289,0.00921389088,10,49,True,False,False,False,False,False,0.831142358,False
C01_SPEED_SENSOR_SPOOFING,430,430,441,1.02249873,1.22587144,1.04550374,0.00925689284,10,49,True,False,False,False,False,False,0.827266599,False
C01_SPEED_SENSOR_SPOOFING,431,431,442,1.01776135,1.20437348,1.03583825,0.009296529,10,49,True,False,False,False,False,False,0.823433759,False
C01_SPEED_SENSOR_SPOOFING,432,432,443,1.01307988,1.18269169,1.02633083,0.00933043566,10,49,True,False,False,False,False,False,0.819646153,False
C01_SPEED_SENSOR_SPOOFING,433,433,444,1.00845969,1.16090775,1.01699102,0.00935933925,10,49,True,False,False,False,False,False,0.815908122,False
C01_SPEED_SENSOR_SPOOFING,434,434,445,1.00390387,1.13898063,1.00782299,0.00938331429,10,49,True,False,False,False,False,False,0.812222172,False
C01_SPEED_SENSOR_SPOOFING,435,435,446,0.999416649,1.11695147,0.998833656,0.00940315798,10,49,True,False,False,False,False,False,0.808591728,False
C01_SPEED_SENSOR_SPOOFING,436,436,447,0.995001256,1.09484041,0.990027547,0.00941969454,10,49,True,False,False,False,False,False,0.805019394,False
C01_SPEED_SENSOR_SPOOFING,437,437,448,0.990661383,1.07262731,0.981410027,0.0094296122,10,49,True,False,False,False,False,False,0.80564577,False
C01_SPEED_SENSOR_SPOOFING,438,438,449,0.986400485,1.05035281,0.972985923,0.00943622459,10,49,True,False,False,False,False,False,0.806210718,False
C01_SPEED_SENSOR_SPOOFING,439,439,450,0.982221246,1.02797616,0.964758575,0.0094370516,10,49,True,False,False,False,False,False,0.806281376,False
C01_SPEED_SENSOR_SPOOFING,440,440,451,0.97812748,1.00557911,0.956733406,0.00943457149,10,49,True,False,False,False,False,False,0.806069481,False
C01_SPEED_SENSOR_SPOOFING,441,441,452,0.974121332,1.0000453,0.948912382,0.00942712743,10,49,True,False,False,False,False,False,0.805433476,False
C01_SPEED_SENSOR_SPOOFING,442,442,453,0.970205903,1.0000453,0.941299498,0.00941555295,10,49,True,False,False,False,False,False,0.804444578,False
C01_SPEED_SENSOR_SPOOFING,443,443,454,0.96638304,1.0000453,0.933896184,0.0093998285,10,49,True,False,False,False,False,False,0.803101115,False
C01_SPEED_SENSOR_SPOOFING,444,444,455,0.962655485,1.0000453,0.926705599,0.00938081555,10,49,True,False,False,False,False,False,0.801476689,False
C01_SPEED_SENSOR_SPOOFING,445,445,456,0.959025145,1.0000453,0.919729173,0.00935601816,10,49,True,False,False,False,False,False,0.799358053,False
C01_SPEED_SENSOR_SPOOFING,446,446,457,0.955493629,1.0000453,0.912968099,0.00932789035,10,49,True,False,False,False,False,False,0.796954874,False
C01_SPEED_SENSOR_SPOOFING,447,447,458,0.952063024,1.0000453,0.906423986,0.00929478649,10,49,True,False,False,False,False,False,0.794126551,False
C01_SPEED_SENSOR_SPOOFING,448,448,459,0.948734879,1.0000453,0.900097907,0.00925922859,10,49,True,False,False,False,False,False,0.791088561,False
C01_SPEED_SENSOR_SPOOFING,449,449,460,0.94550997,1.0000453,0.893989146,0.00921951048,10,49,True,False,False,False,False,False,0.787695131,False
C01_SPEED_SENSOR_SPOOFING,450,450,461,0.942389846,1.0000453,0.888098598,0.00917484704,10,49,True,False,False,False,False,False,0.783879183,False
C01_SPEED_SENSOR_SPOOFING,451,451,462,0.939375162,1.0000453,0.882425725,0.00912767742,10,49,True,False,False,False,False,False,0.779849112,False
C01_SPEED_SENSOR_SPOOFING,452,452,463,0.936466813,1.0000453,0.876970112,0.00907557551,10,49,True,False,False,False,False,False,0.775397637,False
C01_SPEED_SENSOR_SPOOFING,453,453,464,0.933665216,1.0000453,0.871730745,0.00902097393,10,49,True,False,False,False,False,False,0.770732595,False
C01_SPEED_SENSOR_SPOOFING,454,454,465,0.93097049,1.0000453,0.866706014,0.00896219444,10,49,True,False,False,False,False,False,0.765710602,False
C01_SPEED_SENSOR_SPOOFING,455,455,466,0.928382933,1.0000453,0.861894906,0.0089001311,10,49,True,False,False,False,False,False,0.760408044,False
C01_SPEED_SENSOR_SPOOFING,456,456,467,0.925902665,1.0000453,0.857295692,0.0088356249,10,49,True,False,False,False,False,False,0.754896774,False
C01_SPEED_SENSOR_SPOOFING,457,457,468,0.92352891,1.0000453,0.852905691,0.0087661352,10,49,True,False,False,False,False,False,0.748959723,False
C01_SPEED_SENSOR_SPOOFING,458,458,469,0.921261489,1.0000453,0.848722756,0.00869494118,10,49,True,False,False,False,False,False,0.745359226,False
C01_SPEED_SENSOR_SPOOFING,459,459,470,0.919099927,1.0000453,0.844744682,0.0086196484,10,49,True,False,False,False,False,False,0.743610384,False
C01_SPEED_SENSOR_SPOOFING,460,460,471,0.917043269,1.0000453,0.84096837,0.00854101405,10,49,True,False,False,False,False,False,0.741946416,False
C01_SPEED_SENSOR_SPOOFING,461,461,472,0.91509074,1.0000453,0.837391078,0.00846075453,10,49,True,False,False,False,False,False,0.740366696,False
C01_SPEED_SENSOR_SPOOFING,462,462,473,0.913240671,1.0000453,0.834008574,0.00837788638,10,49,True,False,False,False,False,False,0.738869873,False
C01_SPEED_SENSOR_SPOOFING,463,463,474,0.911492288,1.0000453,0.830818236,0.00829265732,10,49,True,False,False,False,False,False,0.73745532,False
C01_SPEED_SENSOR_SPOOFING,464,464,475,0.909843922,1.0000453,0.82781595,0.00820407178,10,49,True,False,False,False,False,False,0.736121686,False
C01_SPEED_SENSOR_SPOOFING,465,465,476,0.908294082,1.0000453,0.82499814,0.00811219122,10,49,True,False,False,False,False,False,0.734867767,False
C01_SPEED_SENSOR_SPOOFING,466,466,477,0.906841099,1.0000453,0.822360814,0.00801942311,10,49,True,False,False,False,False,False,0.733692211,False
C01_SPEED_SENSOR_SPOOFING,467,467,478,0.905483127,1.0000453,0.819899678,0.00792419817,10,49,True,False,False,False,False,False,0.732593525,False
C01_SPEED_SENSOR_SPOOFING,468,468,479,0.904218256,1.0000453,0.817610621,0.00782737508,10,49,True,False,False,False,False,False,0.731570165,False
C01_SPEED_SENSOR_SPOOFING,469,469,480,0.903044343,1.0000453,0.815489113,0.00772638153,10,49,True,False,False,False,False,False,0.730620394,False
C01_SPEED_SENSOR_SPOOFING,470,470,481,0.90195936,1.0000453,0.813530684,0.00762616051,10,49,True,False,False,False,False,False,0.729742573,False
C01_SPEED_SENSOR_SPOOFING,471,471,482,0.900960982,1.0000453,0.811730742,0.00752273714,10,49,True,False,False,False,False,False,0.728934822,False
C01_SPEED_SENSOR_SPOOFING,472,472,483,0.900047004,1.0000453,0.810084581,0.00741838198,10,49,True,False,False,False,False,False,0.728195356,False
C01_SPEED_SENSOR_SPOOFING,473,473,484,0.899214983,1.0000453,0.808587611,0.00730986986,10,49,True,False,False,False,False,False,0.727522198,False
C01_SPEED_SENSOR_SPOOFING,474,474,485,0.898462653,1.0000453,0.807235122,0.00720214704,10,49,True,False,False,False,False,False,0.726913515,False
C01_SPEED_SENSOR_SPOOFING,475,475,486,0.897787452,1.0000453,0.806022346,0.00709278788,10,49,True,False,False,False,False,False,0.726367234,False
C01_SPEED_SENSOR_SPOOFING,476,476,487,0.897186756,1.0000453,0.804944038,0.00698343897,10,49,True,False,False,False,False,False,0.725881233,False
C01_SPEED_SENSOR_SPOOFING,477,477,488,0.896657884,1.0000453,0.803995311,0.00687075872,10,49,True,False,False,False,False,False,0.725453342,False
C01_SPEED_SENSOR_SPOOFING,478,478,489,0.896198511,1.0000453,0.803171754,0.00675727567,10,49,True,False,False,False,False,False,0.72508168,False
C01_SPEED_SENSOR_SPOOFING,479,479,490,0.895805836,1.0000453,0.802468061,0.00664373254,10,49,True,False,False,False,False,False,0.72476398,False
C01_SPEED_SENSOR_SPOOFING,480,480,491,0.895477295,1.0000453,0.801879585,0.00653104158,10,49,True,False,False,False,False,False,0.72449817,False
C01_SPEED_SENSOR_SPOOFING,481,481,492,0.895210087,1.0000453,0.801401079,0.00641495781,10,49,True,False,False,False,False,False,0.724281982,False
C01_SPEED_SENSOR_SPOOFING,482,482,493,0.895001769,1.0000453,0.801028132,0.0062998482,10,49,True,False,False,False,False,False,0.724113439,False
C01_SPEED_SENSOR_SPOOFING,483,483,494,0.894849539,1.0000453,0.800755739,0.00618447363,10,49,True,False,False,False,False,False,0.723990275,False
C01_SPEED_SENSOR_SPOOFING,484,484,495,0.894750953,1.0000453,0.80057925,0.00606859103,10,49,True,False,False,False,False,False,0.723910513,False
C01_SPEED_SENSOR_SPOOFING,485,485,496,0.894703269,1.0000453,0.800493956,0.00595166907,10,49,True,False,False,False,False,False,0.723871934,False
C01_SPEED_SENSOR_SPOOFING,486,486,497,0.894703984,1.0000453,0.800495207,0.00583478902,10,49,True,False,False,False,False,False,0.723872512,False
C01_SPEED_SENSOR_SPOOFING,487,487,498,0.894750595,1.0000453,0.800578654,0.00571776694,10,49,True,False,False,False,False,False,0.723910224,False
C01_SPEED_SENSOR_SPOOFING,488,488,499,0.894840717,1.0000453,0.800739884,0.00560246129,10,49,True,False,False,False,False,False,0.723983138,False
C01_SPEED_SENSOR_SPOOFING,489,489,500,0.89497155,1.0000453,0.800974071,0.00548575213,10,49,True,False,False,False,False,False,0.72408899,False
C01_SPEED_SENSOR_SPOOFING,490,490,501,0.895141006,1.0000453,0.801277459,0.00537037803,10,49,True,False,False,False,False,False,0.72422609,False
C01_SPEED_SENSOR_SPOOFING,491,491,502,0.895346642,1.0000453,0.801645577,0.00525414152,10,49,True,False,False,False,False,False,0.724392463,False
C01_SPEED_SENSOR_SPOOFING,492,492,503,0.895586193,1.0000453,0.802074611,0.00513964333,10,49,True,False,False,False,False,False,0.724586275,False
C01_SPEED_SENSOR_SPOOFING,493,493,504,0.895857453,1.0000453,0.802560627,0.00502598193,10,49,True,False,False,False,False,False,0.724805742,False
C01_SPEED_SENSOR_SPOOFING,494,494,505,0.896158278,1.0000453,0.803099632,0.00491128443,10,49,True,False,False,False,False,False,0.725049129,False
C01_SPEED_SENSOR_SPOOFING,495,495,506,0.896486402,1.0000453,0.803687871,0.00479931198,10,49,True,False,False,False,False,False,0.725314602,False
C01_SPEED_SENSOR_SPOOFING,496,496,507,0.896840096,1.0000453,0.804322124,0.00468875188,10,49,True,False,False,False,False,False,0.725600762,False
C01_SPEED_SENSOR_SPOOFING,497,497,508,0.897217155,1.0000453,0.804998577,0.00457838969,10,49,True,False,False,False,False,False,0.725905827,False
C01_SPEED_SENSOR_SPOOFING,498,498,509,0.89761585,1.0000453,0.80571425,0.00446874183,10,49,True,False,False,False,False,False,0.726228397,False
C01_SPEED_SENSOR_SPOOFING,499,499,510,0.898034275,1.0000453,0.806465566,0.00435982179,10,49,True,False,False,False,False,False,0.726566929,False
C01_SPEED_SENSOR_SPOOFING,500,500,511,0.898470879,1.0000453,0.807249904,0.00425523845,10,49,True,False,False,False,False,False,0.72692017,False
C01_SPEED_SENSOR_SPOOFING,501,501,512,0.898923695,1.0000453,0.808063805,0.00414814893,10,49,True,False,False,False,False,False,0.727286527,False
C01_SPEED_SENSOR_SPOOFING,502,502,513,0.899391413,1.0000453,0.808904946,0.00404498214,10,49,True,False,False,False,False,False,0.727664941,False
C01_SPEED_SENSOR_SPOOFING,503,503,514,0.899872422,1.0000453,0.809770405,0.00394198112,10,49,True,False,False,False,False,False,0.728054108,False
C01_SPEED_SENSOR_SPOOFING,504,504,515,0.900365531,1.0000453,0.810658097,0.00384204509,10,49,True,False,False,False,False,False,0.728453065,False
C01_SPEED_SENSOR_SPOOFING,505,505,516,0.900869191,1.0000453,0.81156534,0.00374380569,10,49,True,False,False,False,False,False,0.728860557,False
C01_SPEED_SENSOR_SPOOFING,506,506,517,0.901382387,1.0000453,0.812490165,0.00364730833,10,49,True,False,False,False,False,False,0.729275765,False
C01_SPEED_SENSOR_SPOOFING,507,507,518,0.90190357,1.0000453,0.813430071,0.00355066941,10,49,True,False,False,False,False,False,0.729697436,False
C01_SPEED_SENSOR_SPOOFING,508,508,519,0.902431846,1.0000453,0.814383268,0.00345822633,10,49,True,False,False,False,False,False,0.730124844,False
C01_SPEED_SENSOR_SPOOFING,509,509,520,0.902966142,1.0000453,0.81534785,0.00336671644,10,49,True,False,False,False,False,False,0.730557124,False
C01_SPEED_SENSOR_SPOOFING,510,510,521,0.903505743,1.0000453,0.816322625,0.00327905035,10,49,True,False,False,False,False,False,0.730993695,False
C01_SPEED_SENSOR_SPOOFING,511,511,522,0.904049575,1.0000453,0.817305684,0.00319147483,10,49,True,False,False,False,False,False,0.731433691,False
C01_SPEED_SENSOR_SPOOFING,512,512,523,0.904596925,1.0000453,0.818295598,0.00310906139,10,49,True,False,False,False,False,False,0.731876531,False
C01_SPEED_SENSOR_SPOOFING,513,513,524,0.905147254,1.0000453,0.819291532,0.00302639068,10,49,True,False,False,False,False,False,0.732321783,False
C01_SPEED_SENSOR_SPOOFING,514,514,525,0.905699611,1.0000453,0.820291817,0.00294804992,10,49,True,False,False,False,False,False,0.732768675,False
C01_SPEED_SENSOR_SPOOFING,515,515,526,0.906253695,1.0000453,0.821295738,0.00286956015,10,49,True,False,False,False,False,False,0.733216964,False
C01_SPEED_SENSOR_SPOOFING,516,516,527,0.906808674,1.0000453,0.822301924,0.00279430067,10,49,True,False,False,False,False,False,0.733665978,False
C01_SPEED_SENSOR_SPOOFING,517,517,528,0.90736407,1.0000453,0.823309541,0.00272163469,10,49,True,False,False,False,False,False,0.734115328,False
C01_SPEED_SENSOR_SPOOFING,518,518,529,0.907919586,1.0000453,0.824317992,0.00265235477,10,49,True,False,False,False,False,False,0.734564776,False
C01_SPEED_SENSOR_SPOOFING,519,519,530,0.90847528,1.0000453,0.825327337,0.00258534914,10,49,True,False,False,False,False,False,0.735014368,False
C01_SPEED_SENSOR_SPOOFING,520,520,531,0.909030557,1.0000453,0.826336503,0.00252187531,10,49,True,False,False,False,False,False,0.735463622,False
C01_SPEED_SENSOR_SPOOFING,521,521,532,0.909585357,1.0000453,0.82734549,0.00245890394,10,49,True,False,False,False,False,False,0.735912491,False
C01_SPEED_SENSOR_SPOOFING,522,522,533,0.910139441,1.0000453,0.828353822,0.00240103924,10,49,True,False,False,False,False,False,0.73636078,False
C01_SPEED_SENSOR_SPOOFING,523,523,534,0.91069299,1.0000453,0.829361677,0.00234478689,10,49,True,False,False,False,False,False,0.736808636,False
C01_SPEED_SENSOR_SPOOFING,524,524,535,0.911245644,1.0000453,0.830368638,0.00229188567,10,49,True,False,False,False,False,False,0.737255769,False
C01_SPEED_SENSOR_SPOOFING,525,525,536,0.911797583,1.0000453,0.831374824,0.00224071415,10,49,True,False,False,False,False,False,0.737702323,False
C01_SPEED_SENSOR_SPOOFING,526,526,537,0.912348866,1.0000453,0.832380474,0.00219450425,10,49,True,False,False,False,False,False,0.738148346,False
C01_SPEED_SENSOR_SPOOFING,527,527,538,0.912899554,1.0000453,0.833385646,0.00214921706,10,49,True,False,False,False,False,False,0.738593887,False
C01_SPEED_SENSOR_SPOOFING,528,528,539,0.913449943,1.0000453,0.834390819,0.00210807566,10,49,True,False,False,False,False,False,0.739039187,False
C01_SPEED_SENSOR_SPOOFING,529,529,540,0.914000332,1.0000453,0.835396647,0.00207023253,10,49,True,False,False,False,False,False,0.739484487,False
C01_SPEED_SENSOR_SPOOFING,530,530,541,0.914550662,1.0000453,0.836402953,0.00203328859,10,49,True,False,False,False,False,False,0.739929739,False
C01_SPEED_SENSOR_SPOOFING,531,531,542,0.915101528,1.0000453,0.837410808,0.00200126623,10,49,True,False,False,False,False,False,0.740375425,False
C01_SPEED_SENSOR_SPOOFING,532,532,543,0.915652931,1.0000453,0.838420272,0.0019710043,10,49,True,False,False,False,False,False,0.740821544,False
C01_SPEED_SENSOR_SPOOFING,533,533,544,0.916205227,1.0000453,0.839432061,0.00194238906,10,49,True,False,False,False,False,False,0.741268388,False
C01_SPEED_SENSOR_SPOOFING,534,534,545,0.916759133,1.0000453,0.840447307,0.00191872485,10,49,True,False,False,False,False,False,0.741716533,False
C01_SPEED_SENSOR_SPOOFING,535,535,546,0.917314649,1.0000453,0.841466188,0.00189679873,10,49,True,False,False,False,False,False,0.74216598,False
C01_SPEED_SENSOR_SPOOFING,536,536,547,0.91787231,1.0000453,0.8424896,0.00187831291,10,49,True,False,False,False,False,False,0.742617163,False
C01_SPEED_SENSOR_SPOOFING,537,537,548,0.918432951,1.0000453,0.843519032,0.00186223886,10,49,True,False,False,False,False,False,0.743070758,False
C01_SPEED_SENSOR_SPOOFING,538,538,549,0.918996513,1.0000453,0.844554603,0.00184963492,10,49,True,False,False,False,False,False,0.743526715,False
C01_SPEED_SENSOR_SPOOFING,539,539,550,0.919564188,1.0000453,0.84559828,0.00184033706,10,49,True,False,False,False,False,False,0.743986,False
C01_SPEED_SENSOR_SPOOFING,540,540,551,0.920136213,1.0000453,0.84665066,0.001832732,10,49,True,False,False,False,False,False,0.744448806,False
C01_SPEED_SENSOR_SPOOFING,541,541,552,0.920713246,1.0000453,0.847712874,0.00183020229,10,49,True,False,False,False,False,False,0.744915662,False
C01_SPEED_SENSOR_SPOOFING,542,542,553,0.921295702,1.0000453,0.848785818,0.00182683242,10,49,True,False,False,False,False,False,0.745386906,False
C01_SPEED_SENSOR_SPOOFING,543,543,554,0.921884298,1.0000453,0.849870622,0.00182851823,10,49,True,False,False,False,False,False,0.745863118,False
C01_SPEED_SENSOR_SPOOFING,544,544,555,0.922479749,1.0000453,0.850968897,0.00183356612,10,49,True,False,False,False,False,False,0.746344875,False
C01_SPEED_SENSOR_SPOOFING,545,545,556,0.923083007,1.0000453,0.852082253,0.00184034125,10,49,True,False,False,False,False,False,0.74683295,False
C01_SPEED_SENSOR_SPOOFING,546,546,557,0.923694074,1.0000453,0.853210747,0.0018487341,10,49,True,False,False,False,False,False,0.747327342,False
C01_SPEED_SENSOR_SPOOFING,547,547,558,0.924313843,1.0000453,0.85435605,0.00186047761,10,49,True,False,False,False,False,False,0.747828774,False
C01_SPEED_SENSOR_SPOOFING,548,548,559,0.924943328,1.0000453,0.855520189,0.00187481078,10,49,True,False,False,False,False,False,0.748338068,False
C01_SPEED_SENSOR_SPOOFING,549,549,560,0.925583124,1.0000453,0.856704116,0.00189245085,10,49,True,False,False,False,False,False,0.748855703,False
C01_SPEED_SENSOR_SPOOFING,550,550,561,0.926233768,1.0000453,0.857908964,0.00191009487,10,49,True,False,False,False,False,False,0.749382116,False
C01_SPEED_SENSOR_SPOOFING,551,551,562,0.926895797,1.0000453,0.859135866,0.0019310863,10,49,True,False,False,False,False,False,0.74991774,False
C01_SPEED_SENSOR_SPOOFING,552,552,563,0.927570522,1.0000453,0.860387087,0.00195470965,10,49,True,False,False,False,False,False,0.750463635,False
C01_SPEED_SENSOR_SPOOFING,553,553,564,0.928258002,1.0000453,0.861662865,0.00198059482,10,49,True,False,False,False,False,False,0.75101985,False
C01_SPEED_SENSOR_SPOOFING,554,554,565,0.928959489,1.0000453,0.862965763,0.00200828235,10,49,True,False,False,False,False,False,0.751587398,False
C01_SPEED_SENSOR_SPOOFING,555,555,566,0.929675817,1.0000453,0.864297152,0.00203852751,10,49,True,False,False,False,False,False,0.752166953,False
C01_SPEED_SENSOR_SPOOFING,556,556,567,0.930407286,1.0000453,0.865657747,0.00206872681,10,49,True,False,False,False,False,False,0.752758757,False
C01_SPEED_SENSOR_SPOOFING,557,557,568,0.931154847,1.0000453,0.867049336,0.00210386608,10,49,True,False,False,False,False,False,0.753363582,False
C01_SPEED_SENSOR_SPOOFING,558,558,569,0.931919336,1.0000453,0.868473649,0.00213887542,10,49,True,False,False,False,False,False,0.753982103,False
C01_SPEED_SENSOR_SPOOFING,559,559,570,0.932701766,1.0000453,0.869932592,0.00217662379,10,49,True,False,False,False,False,False,0.754615139,False
C01_SPEED_SENSOR_SPOOFING,560,560,571,0.933502316,1.0000453,0.871426582,0.00221419195,10,49,True,False,False,False,False,False,0.755262834,False
C01_SPEED_SENSOR_SPOOFING,561,561,572,0.93432188,1.0000453,0.872957408,0.00225504721,10,49,True,False,False,False,False,False,0.755925914,False
C01_SPEED_SENSOR_SPOOFING,562,562,573,0.935161769,1.0000453,0.874527574,0.00229764124,10,49,True,False,False,False,False,False,0.756605438,False
C01_SPEED_SENSOR_SPOOFING,563,563,574,0.936022341,1.0000453,0.876137853,0.00234028744,10,49,True,False,False,False,False,False,0.757301695,False
C01_SPEED_SENSOR_SPOOFING,564,564,575,0.936903894,1.0000453,0.877788961,0.0023843043,10,49,True,False,False,False,False,False,0.758014927,False
C01_SPEED_SENSOR_SPOOFING,565,565,576,0.93780762,1.0000453,0.879483104,0.00242925948,10,49,True,False,False,False,False,False,0.758746099,False
C01_SPEED_SENSOR_SPOOFING,566,566,577,0.938734233,1.0000453,0.88122195,0.00247604772,10,49,True,False,False,False,False,False,0.759495788,False
C01_SPEED_SENSOR_SPOOFING,567,567,578,0.939684033,1.0000453,0.883006096,0.00252338126,10,49,True,False,False,False,False,False,0.760264237,False
C01_SPEED_SENSOR_SPOOFING,568,568,579,0.940658331,1.0000453,0.884838045,0.0025717637,10,49,True,False,False,False,False,False,0.761052506,False
C01_SPEED_SENSOR_SPOOFING,569,569,580,0.941657245,1.0000453,0.886718392,0.00262157014,10,49,True,False,False,False,False,False,0.761860691,False
C01_SPEED_SENSOR_SPOOFING,570,570,581,0.942681909,1.0000453,0.888649166,0.00267073093,10,49,True,False,False,False,False,False,0.762689709,False
C01_SPEED_SENSOR_SPOOFING,571,571,582,0.94373256,1.0000453,0.890631139,0.00272221304,10,49,True,False,False,False,False,False,0.763539753,False
C01_SPEED_SENSOR_SPOOFING,572,572,583,0.944810331,1.0000453,0.892666578,0.00277375779,10,49,True,False,False,False,False,False,0.764411738,False
C01_SPEED_SENSOR_SPOOFING,573,573,584,0.945915461,1.0000453,0.894756019,0.00282445503,10,49,True,False,False,False,False,False,0.765305859,False
C01_SPEED_SENSOR_SPOOFING,574,574,585,0.947048306,1.0000453,0.896900475,0.00287596812,10,49,True,False,False,False,False,False,0.766222403,False
C01_SPEED_SENSOR_SPOOFING,575,575,586,0.948209703,1.0000453,0.899101675,0.00292902184,10,49,True,False,False,False,False,False,0.767162047,False
C01_SPEED_SENSOR_SPOOFING,576,576,587,0.949400246,1.0000453,0.901360869,0.0029812071,10,49,True,False,False,False,False,False,0.768125272,False
C01_SPEED_SENSOR_SPOOFING,577,577,588,0.95062083,1.0000453,0.903679967,0.00303359842,10,49,True,False,False,False,False,False,0.769112802,False
C01_SPEED_SENSOR_SPOOFING,578,578,589,0.951871037,1.0000453,0.906058431,0.00308572012,10,49,True,False,False,False,False,False,0.7701243,False
C01_SPEED_SENSOR_SPOOFING,579,579,590,0.953151882,1.0000453,0.908498466,0.00313714449,10,49,True,False,False,False,False,False,0.771160584,False
C01_SPEED_SENSOR_SPOOFING,580,580,591,0.954463542,1.0000453,0.911000609,0.00318937399,10,49,True,False,False,False,False,False,0.772221801,False
C01_SPEED_SENSOR_SPOOFING,581,581,592,0.955806255,1.0000453,0.913565636,0.00323985773,10,49,True,False,False,False,False,False,0.773308142,False
C01_SPEED_SENSOR_SPOOFING,582,582,593,0.957180619,1.0000453,0.916194737,0.00329041155,10,49,True,False,False,False,False,False,0.77442009,False
C01_SPEED_SENSOR_SPOOFING,583,583,594,0.958586633,1.0000453,0.91888839,0.00334014045,10,49,True,False,False,False,False,False,0.775557644,False
C01_SPEED_SENSOR_SPOOFING,584,584,595,0.960024714,1.0000453,0.921647429,0.00338981138,10,49,True,False,False,False,False,False,0.776721144,False
C01_SPEED_SENSOR_SPOOFING,585,585,596,0.961494863,1.0000453,0.924472392,0.00343778543,10,49,True,False,False,False,False,False,0.777910588,False
C01_SPEED_SENSOR_SPOOFING,586,586,597,0.962997615,1.0000453,0.927364409,0.00348585681,10,49,True,False,False,False,False,False,0.77912641,False
C01_SPEED_SENSOR_SPOOFING,587,587,598,0.964532852,1.0000453,0.930323601,0.00353301363,10,49,True,False,False,False,False,False,0.780368514,False
C01_SPEED_SENSOR_SPOOFING,588,588,599,0.966100752,1.0000453,0.933350682,0.00357774552,10,49,True,False,False,False,False,False,0.781637045,False
C02_BRAKE_ACCELERATOR_ATTACK,0,0,11,0.895549953,1.0000453,0.802009761,0.0119638974,10,49,True,False,False,False,False,False,1.02216964,True
C02_BRAKE_ACCELERATOR_ATTACK,1,1,12,0.895800948,1.0000453,0.8024593,0.0119316438,10,49,True,False,False,False,False,False,1.01941397,True
C02_BRAKE_ACCELERATOR_ATTACK,2,2,13,0.896225452,1.0000453,0.803220034,0.0118952477,10,49,True,False,False,False,False,False,1.01630436,True
C02_BRAKE_ACCELERATOR_ATTACK,3,3,14,0.896821678,1.0000453,0.804289162,0.0118538812,10,49,True,False,False,False,False,False,1.01277009,True
C02_BRAKE_ACCELERATOR_ATTACK,4,4,15,0.89758718,1.0000453,0.805662751,0.0118067479,10,49,True,False,False,False,False,False,1.00874313,True
C02_BRAKE_ACCELERATOR_ATTACK,5,5,16,0.898519278,1.0000453,0.807336867,0.0117546376,10,49,True,False,False,False,False,False,1.00429093,True
C02_BRAKE_ACCELERATOR_ATTACK,6,6,17,0.89961493,1.0000453,0.809307039,0.0116975661,10,49,True,False,False,False,False,False,0.999414873,False
C02_BRAKE_ACCELERATOR_ATTACK,7,7,18,0.90087074,1.0000453,0.811568141,0.0116355568,10,49,True,False,False,False,False,False,0.99411693,False
C02_BRAKE_ACCELERATOR_ATTACK,8,8,19,0.902283192,1.0000453,0.814114928,0.0115685333,10,49,True,False,False,False,False,False,0.988390581,False
C02_BRAKE_ACCELERATOR_ATTACK,9,9,20,0.903847873,1.0000453,0.816941023,0.0114957681,10,49,True,False,False,False,False,False,0.982173682,False
C02_BRAKE_ACCELERATOR_ATTACK,10,10,21,0.905560613,1.0000453,0.820040047,0.0114188911,10,49,True,False,False,False,False,False,0.975605481,False
C02_BRAKE_ACCELERATOR_ATTACK,11,11,22,0.907417119,1.0000453,0.823405802,0.011336945,10,49,True,False,False,False,False,False,0.968604179,False
C02_BRAKE_ACCELERATOR_ATTACK,12,12,23,0.909412146,1.0000453,0.82703048,0.0112509532,10,49,True,False,False,False,False,False,0.961257224,False
C02_BRAKE_ACCELERATOR_ATTACK,13,13,24,0.911541045,1.0000453,0.830907106,0.0111599537,10,49,True,False,False,False,False,False,0.95348242,False
C02_BRAKE_ACCELERATOR_ATTACK,14,14,25,0.913798094,1.0000453,0.835026979,0.0110631846,10,49,True,False,False,False,False,False,0.945214679,False
C02_BRAKE_ACCELERATOR_ATTACK,15,15,26,0.91617769,1.0000453,0.839381576,0.0109623428,10,49,True,False,False,False,False,False,0.936598977,False
C02_BRAKE_ACCELERATOR_ATTACK,16,16,27,0.918674588,1.0000453,0.843963027,0.0108580934,10,49,True,False,False,False,False,False,0.927692128,False
C02_BRAKE_ACCELERATOR_ATTACK,17,17,28,0.921282411,1.0000453,0.84876132,0.0107473452,10,49,True,False,False,False,False,False,0.918230038,False
C02_BRAKE_ACCELERATOR_ATTACK,18,18,29,0.923995554,1.0000453,0.853767812,0.0106340498,10,49,True,False,False,False,False,False,0.908550324,False
C02_BRAKE_ACCELERATOR_ATTACK,19,19,30,0.92680794,1.0000453,0.858972967,0.010515729,10,49,True,False,False,False,False,False,0.898441249,False
C02_BRAKE_ACCELERATOR_ATTACK,20,20,31,0.929713488,1.0000453,0.864367127,0.0103949774,10,49,True,False,False,False,False,False,0.888124495,False
C02_BRAKE_ACCELERATOR_ATTACK,21,21,32,0.932705224,1.0000453,0.869939089,0.0102677783,10,49,True,False,False,False,False,False,0.877256877,False
C02_BRAKE_ACCELERATOR_ATTACK,22,22,33,0.935777545,1.0000453,0.875679612,0.0101370355,10,49,True,False,False,False,False,False,0.866086495,False
C02_BRAKE_ACCELERATOR_ATTACK,23,23,34,0.938923419,1.0000453,0.881577134,0.0100022834,10,49,True,False,False,False,False,False,0.854573563,False
C02_BRAKE_ACCELERATOR_ATTACK,24,24,35,0.942136526,1.0000453,0.887621224,0.00986334588,10,49,True,False,False,False,False,False,0.842703042,False
C02_BRAKE_ACCELERATOR_ATTACK,25,25,36,0.94541055,1.0000453,0.893801153,0.00972195901,10,49,True,False,False,False,False,False,0.830623252,False
C02_BRAKE_ACCELERATOR_ATTACK,26,26,37,0.948738933,1.0000453,0.900105596,0.00957655907,10,49,True,False,False,False,False,False,0.818200594,False
C02_BRAKE_ACCELERATOR_ATTACK,27,27,38,0.952115297,1.0000453,0.906523585,0.0094260443,10,49,True,False,False,False,False,False,0.805340936,False
C02_BRAKE_ACCELERATOR_ATTACK,28,28,39,0.955533206,1.0000453,0.913043678,0.00927485991,10,49,True,False,False,False,False,False,0.792424068,False
C02_BRAKE_ACCELERATOR_ATTACK,29,29,40,0.958986521,1.0000453,0.919655204,0.00911860634,10,49,True,False,False,False,False,False,0.779074098,False
C02_BRAKE_ACCELERATOR_ATTACK,30,30,41,0.962468922,1.0000453,0.926346421,0.0089590149,10,49,True,False,False,False,False,False,0.778698663,False
C02_BRAKE_ACCELERATOR_ATTACK,31,31,42,0.965973735,1.0000453,0.93310529,0.00879526976,10,49,True,False,False,False,False,False,0.78153428,False
C02_BRAKE_ACCELERATOR_ATTACK,32,32,43,0.969494641,1.0000453,0.939919829,0.00863098167,10,49,True,False,False,False,False,False,0.784382917,False
C02_BRAKE_ACCELERATOR_ATTACK,33,33,44,0.973026633,1.0000453,0.94678086,0.00846227538,10,49,True,False,False,False,False,False,0.787240524,False
C02_BRAKE_ACCELERATOR_ATTACK,34,34,45,0.976562917,1.0000453,0.953675151,0.00829127431,10,49,True,False,False,False,False,False,0.790101603,False
C02_BRAKE_ACCELERATOR_ATTACK,35,35,46,0.980098486,1.0000453,0.960592985,0.00811848603,10,49,True,False,False,False,False,False,0.792962104,False
C02_BRAKE_ACCELERATOR_ATTACK,36,36,47,0.983626962,1.01420283,0.967521966,0.00794165861,10,49,True,False,False,False,False,False,0.795816865,False
C02_BRAKE_ACCELERATOR_ATTACK,37,37,48,0.987142384,1.03079629,0.974450111,0.00776259042,10,49,True,False,False,False,False,False,0.798661066,False
C02_BRAKE_ACCELERATOR_ATTACK,38,38,49,0.990640044,1.04698098,0.981367707,0.00758175086,10,49,True,False,False,False,False,False,0.801490896,False
C02_BRAKE_ACCELERATOR_ATTACK,39,39,50,0.994114518,1.06273663,0.988263726,0.00739836507,10,49,True,False,False,False,False,False,0.804301966,False
C02_BRAKE_ACCELERATOR_ATTACK,40,40,51,0.997560441,1.07804263,0.995126784,0.00721259881,10,49,True,False,False,False,False,False,0.807089938,False
C02_BRAKE_ACCELERATOR_ATTACK,41,41,52,1.00097299,1.09291947,1.00194681,0.00702511054,10,49,True,False,False,False,False,False,0.809850904,False
C02_BRAKE_ACCELERATOR_ATTACK,42,42,53,1.00434744,1.10736728,1.00871384,0.00683681155,10,49,True,False,False,False,False,False,0.812581055,False
C02_BRAKE_ACCELERATOR_ATTACK,43,43,54,1.00767875,1.12132454,1.01541638,0.00664556352,10,49,True,False,False,False,False,False,0.815276292,False
C02_BRAKE_ACCELERATOR_ATTACK,44,44,55,1.01096296,1.13487315,1.02204621,0.00645313272,10,49,True,False,False,False,False,False,0.817933431,False
C02_BRAKE_ACCELERATOR_ATTACK,45,45,56,1.01419532,1.14795172,1.02859223,0.00625932869,10,49,True,False,False,False,False,False,0.820548617,False
C02_BRAKE_ACCELERATOR_ATTACK,46,46,57,1.01737154,1.16056025,1.03504479,0.00606215792,10,49,True,False,False,False,False,False,0.823118375,False
C02_BRAKE_ACCELERATOR_ATTACK,47,47,58,1.02048779,1.17276013,1.04139543,0.00586653454,10,49,True,False,False,False,False,False,0.825639619,False
C02_BRAKE_ACCELERATOR_ATTACK,48,48,59,1.02354026,1.18446958,1.04763472,0.00566978613,10,49,True,False,False,False,False,False,0.828109265,False
C02_BRAKE_ACCELERATOR_ATTACK,49,49,60,1.02652621,1.19574988,1.053756,0.00547192292,10,49,True,False,False,False,False,False,0.830525092,False
C02_BRAKE_ACCELERATOR_ATTACK,50,50,61,1.02944148,1.20656013,1.05974972,0.00527255936,10,49,True,False,False,False,False,False,0.832883725,False
C02_BRAKE_ACCELERATOR_ATTACK,51,51,62,1.03228283,1.21692085,1.06560779,0.0050733299,10,49,True,False,False,False,False,False,0.835182561,False
C02_BRAKE_ACCELERATOR_ATTACK,52,52,63,1.03504717,1.22681141,1.07132268,0.00487257075,10,49,True,False,False,False,False,False,0.837419092,False
C02_BRAKE_ACCELERATOR_ATTACK,53,53,64,1.03773201,1.23627305,1.07688761,0.00467151171,10,49,True,False,False,False,False,False,0.839591292,False
C02_BRAKE_ACCELERATOR_ATTACK,54,54,65,1.04033351,1.24524415,1.08229375,0.00447135698,10,49,True,False,False,False,False,False,0.841696074,False
C02_BRAKE_ACCELERATOR_ATTACK,55,55,66,1.04285061,1.25378609,1.08753729,0.00426987233,10,49,True,False,False,False,False,False,0.843732572,False
C02_BRAKE_ACCELERATOR_ATTACK,56,56,67,1.04528058,1.26189888,1.09261143,0.00407015253,10,49,True,False,False,False,False,False,0.845698566,False
C02_BRAKE_ACCELERATOR_ATTACK,57,57,68,1.04762137,1.26954162,1.09751058,0.00387109164,10,49,True,False,False,False,False,False,0.847592417,False
C02_BRAKE_ACCELERATOR_ATTACK,58,58,69,1.04987133,1.27673483,1.10222983,0.00367010571,10,49,True,False,False,False,False,False,0.849412775,False
C02_BRAKE_ACCELERATOR_ATTACK,59,59,70,1.05202734,1.28345811,1.10676146,0.00347091653,10,49,True,False,False,False,False,False,0.851157132,False
C02_BRAKE_ACCELERATOR_ATTACK,60,60,71,1.05408871,1.28975213,1.11110294,0.0032714915,10,49,True,False,False,False,False,False,0.852824909,False
C02_BRAKE_ACCELERATOR_ATTACK,61,61,72,1.05605376,1.2956171,1.11524963,0.0030740723,10,49,True,False,False,False,False,False,0.854414756,False
C02_BRAKE_ACCELERATOR_ATTACK,62,62,73,1.05792201,1.30105281,1.11919892,0.00287768082,10,49,True,False,False,False,False,False,0.855926288,False
C02_BRAKE_ACCELERATOR_ATTACK,63,63,74,1.05969119,1.30601859,1.12294543,0.00268260017,10,49,True,False,False,False,False,False,0.857357671,False
C02_BRAKE_ACCELERATOR_ATTACK,64,64,75,1.06136131,1.31057572,1.12648773,0.00248814281,10,49,True,False,False,False,False,False,0.858708907,False
C02_BRAKE_ACCELERATOR_ATTACK,65,65,76,1.06293094,1.31470358,1.12982225,0.00229758816,10,49,True,False,False,False,False,False,0.859978836,False
C02_BRAKE_ACCELERATOR_ATTACK,66,66,77,1.06440043,1.31840241,1.13294816,0.00210773479,10,49,True,False,False,False,False,False,0.86116775,False
C02_BRAKE_ACCELERATOR_ATTACK,67,67,78,1.06576836,1.32167208,1.13586211,0.00191879086,10,49,True,False,False,False,False,False,0.862274489,False
C02_BRAKE_ACCELERATOR_ATTACK,68,68,79,1.06703424,1.32453299,1.13856196,0.00173407025,10,49,True,False,False,False,False,False,0.86329867,False
C02_BRAKE_ACCELERATOR_ATTACK,69,69,80,1.06819844,1.32698524,1.14104795,0.00155305874,10,49,True,False,False,False,False,False,0.86424058,False
C02_BRAKE_ACCELERATOR_ATTACK,70,70,81,1.06926095,1.32902873,1.14331901,0.00137820281,10,49,True,False,False,False,False,False,0.86510022,False
C02_BRAKE_ACCELERATOR_ATTACK,71,71,82,1.07022238,1.33066356,1.14537585,0.00120834995,10,49,True,False,False,False,False,False,0.865878073,False
C02_BRAKE_ACCELERATOR_ATTACK,72,72,83,1.07108259,1.33191013,1.14721787,0.00104559469,10,49,True,False,False,False,False,False,0.866574041,False
C02_BRAKE_ACCELERATOR_ATTACK,73,73,84,1.0718416,1.33274794,1.14884436,0.000893360702,10,49,True,False,False,False,False,False,0.867188125,False
C02_BRAKE_ACCELERATOR_ATTACK,74,74,85,1.07250023,1.33321798,1.15025663,0.000760239665,10,49,True,False,False,False,False,False,0.867720999,False
C02_BRAKE_ACCELERATOR_ATTACK,75,75,86,1.0730598,1.33332014,1.15145743,0.000650180504,10,49,True,False,False,False,False,False,0.868173726,False
C02_BRAKE_ACCELERATOR_ATTACK,76,76,87,1.07352078,1.33332014,1.15244699,0.000578386069,10,49,True,False,False,False,False,False,0.86854669,False
C02_BRAKE_ACCELERATOR_ATTACK,77,77,88,1.07388401,1.33332014,1.15322697,0.000557336549,10,49,True,False,False,False,False,False,0.868840567,False
C02_BRAKE_ACCELERATOR_ATTACK,78,78,89,1.07415044,1.33332014,1.15379906,0.000590964453,10,49,True,False,False,False,False,False,0.869056128,False
C02_BRAKE_ACCELERATOR_ATTACK,79,79,90,1.07432103,1.33332014,1.15416563,0.000668953755,10,49,True,False,False,False,False,False,0.869194145,False
C02_BRAKE_ACCELERATOR_ATTACK,80,80,91,1.07439756,1.33332014,1.15433013,0.000774358283,10,49,True,False,False,False,False,False,0.869256064,False
C02_BRAKE_ACCELERATOR_ATTACK,81,81,92,1.07438159,1.33332014,1.1542958,0.00089635211,10,49,True,False,False,False,False,False,0.86924314,False
C02_BRAKE_ACCELERATOR_ATTACK,82,82,93,1.07427442,1.33332014,1.15406549,0.00102934428,10,49,True,False,False,False,False,False,0.869156433,False
C02_BRAKE_ACCELERATOR_ATTACK,83,83,94,1.07407725,1.33332014,1.15364194,0.00116891111,10,49,True,False,False,False,False,False,0.868996909,False
C02_BRAKE_ACCELERATOR_ATTACK,84,84,95,1.07379234,1.33332014,1.15302992,0.00130862813,10,49,True,False,False,False,False,False,0.868766398,False
C02_BRAKE_ACCELERATOR_ATTACK,85,85,96,1.07342148,1.33332014,1.15223372,0.00145026669,10,49,True,False,False,False,False,False,0.868466349,False
C02_BRAKE_ACCELERATOR_ATTACK,86,86,97,1.07296622,1.33332014,1.15125656,0.00159181457,10,49,True,False,False,False,False,False,0.868098014,False
C02_BRAKE_ACCELERATOR_ATTACK,87,87,98,1.07242763,1.33303404,1.15010107,0.00173365313,10,49,True,False,False,False,False,False,0.867662262,False
C02_BRAKE_ACCELERATOR_ATTACK,88,88,99,1.07180893,1.33238006,1.14877427,0.00187121844,10,49,True,False,False,False,False,False,0.867161698,False
C02_BRAKE_ACCELERATOR_ATTACK,89,89,100,1.0711118,1.33135831,1.14728057,0.00200688234,10,49,True,False,False,False,False,False,0.86659767,False
C02_BRAKE_ACCELERATOR_ATTACK,90,90,101,1.07033873,1.32996869,1.14562488,0.00214055227,10,49,True,False,False,False,False,False,0.865972206,False
C02_BRAKE_ACCELERATOR_ATTACK,91,91,102,1.06949186,1.3282522,1.14381278,0.00227211416,10,49,True,False,False,False,False,False,0.86528704,False
C02_BRAKE_ACCELERATOR_ATTACK,92,92,103,1.06857336,1.32620871,1.14184904,0.00240060361,10,49,True,False,False,False,False,False,0.864543909,False
C02_BRAKE_ACCELERATOR_ATTACK,93,93,104,1.06758487,1.32381773,1.13973749,0.00252662157,10,49,True,False,False,False,False,False,0.863744163,False
C02_BRAKE_ACCELERATOR_ATTACK,94,94,105,1.06652939,1.32107937,1.13748503,0.00264815846,10,49,True,False,False,False,False,False,0.862890213,False
C02_BRAKE_ACCELERATOR_ATTACK,95,95,106,1.06540954,1.31805503,1.13509738,0.00276812236,10,49,True,False,False,False,False,False,0.861984181,False
C02_BRAKE_ACCELERATOR_ATTACK,96,96,107,1.06422722,1.31470358,1.13257968,0.00288339215,10,49,True,False,False,False,False,False,0.861027611,False
C02_BRAKE_ACCELERATOR_ATTACK,97,97,108,1.0629853,1.31104565,1.12993777,0.00299571222,10,49,True,False,False,False,False,False,0.860022816,False
C02_BRAKE_ACCELERATOR_ATTACK,98,98,109,1.0616858,1.30706084,1.12717664,0.00310450839,10,49,True,False,False,False,False,False,0.858971438,False
C02_BRAKE_ACCELERATOR_ATTACK,99,99,110,1.06033206,1.3028307,1.12430418,0.00321051572,10,49,True,False,False,False,False,False,0.857876175,False
C02_BRAKE_ACCELERATOR_ATTACK,100,100,111,1.05892611,1.29831445,1.12132442,0.00331254164,10,49,True,False,False,False,False,False,0.856738669,False
C02_BRAKE_ACCELERATOR_ATTACK,101,101,112,1.05747032,1.29351223,1.11824346,0.0034106872,10,49,True,False,False,False,False,False,0.855560847,False
C02_BRAKE_ACCELERATOR_ATTACK,102,102,113,1.05596733,1.28844428,1.11506701,0.00350571307,10,49,True,False,False,False,False,False,0.854344832,False
C02_BRAKE_ACCELERATOR_ATTACK,103,103,114,1.05442011,1.28313112,1.11180186,0.00359651842,10,49,True,False,False,False,False,False,0.853093034,False
C02_BRAKE_ACCELERATOR_ATTACK,104,104,115,1.05283058,1.27755225,1.10845232,0.00368435867,10,49,True,False,False,False,False,False,0.851806998,False
C02_BRAKE_ACCELERATOR_ATTACK,105,105,116,1.05120206,1.27174866,1.10502577,0.00376793486,10,49,True,False,False,False,False,False,0.850489423,False
C02_BRAKE_ACCELERATOR_ATTACK,106,106,117,1.04953623,1.26569974,1.10152626,0.00384845724,10,49,True,False,False,False,False,False,0.84914166,False
C02_BRAKE_ACCELERATOR_ATTACK,107,107,118,1.04783618,1.25944662,1.09796059,0.0039255959,10,49,True,False,False,False,False,False,0.847766216,False
C02_BRAKE_ACCELERATOR_ATTACK,108,108,119,1.04610419,1.25296867,1.09433401,0.00399779854,10,49,True,False,False,False,False,False,0.846364925,False
C02_BRAKE_ACCELERATOR_ATTACK,109,109,120,1.04434276,1.24626589,1.09065175,0.00406693527,10,49,True,False,False,False,False,False,0.84493981,False
C02_BRAKE_ACCELERATOR_ATTACK,110,110,121,1.04255474,1.23937917,1.0869205,0.00413184427,10,49,True,False,False,False,False,False,0.843493188,False
C02_BRAKE_ACCELERATOR_ATTACK,111,111,122,1.0407424,1.23230851,1.08314466,0.00419437233,10,49,True,False,False,False,False,False,0.842026891,False
C02_BRAKE_ACCELERATOR_ATTACK,112,112,123,1.03890765,1.22505403,1.07932901,0.00425278023,10,49,True,False,False,False,False,False,0.840542461,False
C02_BRAKE_ACCELERATOR_ATTACK,113,113,124,1.03705323,1.2176156,1.07547939,0.00430712057,10,49,True,False,False,False,False,False,0.839042117,False
C02_BRAKE_ACCELERATOR_ATTACK,114,114,125,1.03518176,1.21003413,1.07160139,0.00435809093,10,49,True,False,False,False,False,False,0.837527981,False
C02_BRAKE_ACCELERATOR_ATTACK,115,115,126,1.03329539,1.20226872,1.06769943,0.00440420024,10,49,True,False,False,False,False,False,0.83600179,False
C02_BRAKE_ACCELERATOR_ATTACK,116,116,127,1.03139651,1.19438064,1.06377864,0.00444867183,10,49,True,False,False,False,False,False,0.834465471,False
C02_BRAKE_ACCELERATOR_ATTACK,117,117,128,1.02948725,1.18632913,1.0598439,0.00448737713,10,49,True,False,False,False,False,False,0.832920761,False
C02_BRAKE_ACCELERATOR_ATTACK,118,118,129,1.02756989,1.17815506,1.05589986,0.00452364422,10,49,True,False,False,False,False,False,0.831369493,False
C02_BRAKE_ACCELERATOR_ATTACK,119,119,130,1.02564657,1.16987884,1.05195081,0.00455741771,10,49,True,False,False,False,False,False,0.829813403,False
C02_BRAKE_ACCELERATOR_ATTACK,120,120,131,1.02371871,1.16145945,1.0480001,0.00458628405,10,49,True,False,False,False,False,False,0.828253647,False
C02_BRAKE_ACCELERATOR_ATTACK,121,121,132,1.02178931,1.15295839,1.04405344,0.00461264933,10,49,True,False,False,False,False,False,0.826692638,False
C02_BRAKE_ACCELERATOR_ATTACK,122,122,133,1.01985967,1.14433467,1.04011369,0.00463493355,10,49,True,False,False,False,False,False,0.825131435,False
C02_BRAKE_ACCELERATOR_ATTACK,123,123,134,1.01793194,1.1356293,1.0361855,0.00465390692,10,49,True,False,False,False,False,False,0.823571776,False
C02_BRAKE_ACCELERATOR_ATTACK,124,124,135,1.01600826,1.12684214,1.03227282,0.0046695848,10,49,True,False,False,False,False,False,0.822015396,False
C02_BRAKE_ACCELERATOR_ATTACK,125,125,136,1.01409006,1.11799359,1.02837861,0.0046827849,10,49,True,False,False,False,False,False,0.820463453,False
C02_BRAKE_ACCELERATOR_ATTACK,126,126,137,1.01217902,1.10908389,1.02450633,0.0046926802,10,49,True,False,False,False,False,False,0.818917297,False
C02_BRAKE_ACCELERATOR_ATTACK,127,127,138,1.01027668,1.10009229,1.02065897,0.00469845999,10,49,True,False,False,False,False,False,0.817378181,False
C02_BRAKE_ACCELERATOR_ATTACK,128,128,139,1.0083847,1.09108031,1.01683962,0.00470341276,10,49,True,False,False,False,False,False,0.815847456,False
C02_BRAKE_ACCELERATOR_ATTACK,129,129,140,1.00650454,1.08200705,1.01305127,0.00470341276,10,49,True,False,False,False,False,False,0.81432628,False
C02_BRAKE_ACCELERATOR_ATTACK,130,130,141,1.0046376,1.0728929,1.00929677,0.00470093451,10,49,True,False,False,False,False,False,0.812815809,False
C02_BRAKE_ACCELERATOR_ATTACK,131,131,142,1.0027858,1.06375837,1.00557947,0.00469515799,10,49,True,False,False,False,False,False,0.811317587,False
C02_BRAKE_ACCELERATOR_ATTACK,132,132,143,1.00094986,1.05460334,1.00190067,0.00468772044,10,49,True,False,False,False,False,False,0.809832193,False
C02_BRAKE_ACCELERATOR_ATTACK,133,133,144,0.999131501,1.04542792,0.998263717,0.0046761618,10,49,True,False,False,False,False,False,0.808361025,False
C02_BRAKE_ACCELERATOR_ATTACK,134,134,145,0.997331262,1.0362525,0.994669676,0.00466375798,10,49,True,False,False,False,False,False,0.806904517,False
C02_BRAKE_ACCELERATOR_ATTACK,135,135,146,0.995550513,1.02707708,0.991120875,0.004648061,10,49,True,False,False,False,False,False,0.805463778,False
C02_BRAKE_ACCELERATOR_ATTACK,136,136,147,0.993790269,1.01790166,0.987619102,0.00462987274,10,49,True,False,False,False,False,False,0.804039628,False
C02_BRAKE_ACCELERATOR_ATTACK,137,137,148,0.992051303,1.00874662,0.984165788,0.00461002858,10,49,True,False,False,False,False,False,0.802632694,False
C02_BRAKE_ACCELERATOR_ATTACK,138,138,149,0.990334809,1.0000453,0.980763078,0.00458690757,10,49,True,False,False,False,False,False,0.801243941,False
C02_BRAKE_ACCELERATOR_ATTACK,139,139,150,0.988641322,1.0000453,0.977411687,0.0045612501,10,49,True,False,False,False,False,False,0.799873802,False
C02_BRAKE_ACCELERATOR_ATTACK,140,140,151,0.986972034,1.0000453,0.974113762,0.00453479961,10,49,True,False,False,False,False,False,0.798523242,False
C02_BRAKE_ACCELERATOR_ATTACK,141,141,152,0.985327303,1.0000453,0.970869899,0.00450504012,10,49,True,False,False,False,False,False,0.79719255,False
C02_BRAKE_ACCELERATOR_ATTACK,142,142,153,0.983707607,1.0000453,0.967680693,0.00447526528,10,49,True,False,False,False,False,False,0.795882112,False
C02_BRAKE_ACCELERATOR_ATTACK,143,143,154,0.982113361,1.0000453,0.964546621,0.0044421535,10,49,True,False,False,False,False,False,0.794592266,False
C02_BRAKE_ACCELERATOR_ATTACK,144,144,155,0.980545521,1.0000453,0.961469471,0.00440827338,10,49,True,False,False,False,False,False,0.793323783,False
C02_BRAKE_ACCELERATOR_ATTACK,145,145,156,0.979003847,1.0000453,0.958448529,0.0043718135,10,49,True,False,False,False,False,False,0.792076471,False
C02_BRAKE_ACCELERATOR_ATTACK,146,146,157,0.97748965,1.0000453,0.955486,0.00433377083,10,49,True,False,False,False,False,False,0.790851389,False
C02_BRAKE_ACCELERATOR_ATTACK,147,147,158,0.976002574,1.0000453,0.952580988,0.00429484434,10,49,True,False,False,False,False,False,0.78964825,False
C02_BRAKE_ACCELERATOR_ATTACK,148,148,159,0.974542916,1.0000453,0.949733913,0.00425423216,10,49,True,False,False,False,False,False,0.788467293,False
C02_BRAKE_ACCELERATOR_ATTACK,149,149,160,0.973111331,1.0000453,0.946945608,0.0042128833,10,49,True,False,False,False,False,False,0.787309051,False
C02_BRAKE_ACCELERATOR_ATTACK,150,150,161,0.971707106,1.0000453,0.944214702,0.00417060964,10,49,True,False,False,False,False,False,0.786172942,False
C02_BRAKE_ACCELERATOR_ATTACK,151,151,162,0.970330834,1.0000453,0.94154197,0.00412670709,10,49,True,False,False,False,False,False,0.785059451,False
C02_BRAKE_ACCELERATOR_ATTACK,152,152,163,0.968982458,1.0000453,0.938926995,0.0040828255,10,49,True,False,False,False,False,False,0.783968529,False
C02_BRAKE_ACCELERATOR_ATTACK,153,153,164,0.967661619,1.0000453,0.936369002,0.00403719721,10,49,True,False,False,False,False,False,0.782899886,False
C02_BRAKE_ACCELERATOR_ATTACK,154,154,165,0.966369092,1.0000453,0.933869243,0.00399000989,10,49,True,False,False,False,False,False,0.78185415,False
C02_BRAKE_ACCELERATOR_ATTACK,155,155,166,0.965104222,1.0000453,0.931426167,0.00394358579,10,49,True,False,False,False,False,False,0.780830789,False
C02_BRAKE_ACCELERATOR_ATTACK,156,156,167,0.963866711,1.0000453,0.929039061,0.00389626436,10,49,True,False,False,False,False,False,0.779829563,False
C02_BRAKE_ACCELERATOR_ATTACK,157,157,168,0.962656617,1.0000453,0.926707804,0.00384903583,10,49,True,False,False,False,False,False,0.778850521,False
C02_BRAKE_ACCELERATOR_ATTACK,158,158,169,0.961473167,1.0000453,0.924430668,0.00380167598,10,49,True,False,False,False,False,False,0.777893034,False
C02_BRAKE_ACCELERATOR_ATTACK,159,159,170,0.960316956,1.0000453,0.922208607,0.0037519671,10,49,True,False,False,False,False,False,0.776957586,False
C02_BRAKE_ACCELERATOR_ATTACK,160,160,171,0.95918715,1.0000453,0.920039952,0.00370465149,10,49,True,False,False,False,False,False,0.776043501,False
C02_BRAKE_ACCELERATOR_ATTACK,161,161,172,0.958082974,1.0000453,0.917923033,0.00365641923,10,49,True,False,False,False,False,False,0.775150152,False
C02_BRAKE_ACCELERATOR_ATTACK,162,162,173,0.957004786,1.0000453,0.91585815,0.00360827451,10,49,True,False,False,False,False,False,0.774277829,False
C02_BRAKE_ACCELERATOR_ATTACK,163,163,174,0.95595181,1.0000453,0.91384387,0.00356009696,10,49,True,False,False,False,False,False,0.773425905,False
C02_BRAKE_ACCELERATOR_ATTACK,164,164,175,0.954923749,1.0000453,0.91187942,0.00351188588,10,49,True,False,False,False,False,False,0.772594138,False
C02_BRAKE_ACCELERATOR_ATTACK,165,165,176,0.953920007,1.0000453,0.909963429,0.00346621149,10,49,True,False,False,False,False,False,0.771782046,False
C02_BRAKE_ACCELERATOR_ATTACK,166,166,177,0.95293963,1.0000453,0.908093989,0.00341963931,10,49,True,False,False,False,False,False,0.770988859,False
C02_BRAKE_ACCELERATOR_ATTACK,167,167,178,0.951982617,1.0000453,0.906270921,0.00337305455,10,49,True,False,False,False,False,False,0.770214575,False
C02_BRAKE_ACCELERATOR_ATTACK,168,168,179,0.951048374,1.0000453,0.904493034,0.00332813198,10,49,True,False,False,False,False,False,0.769458713,False
C02_BRAKE_ACCELERATOR_ATTACK,169,169,180,0.950136244,1.0000453,0.902758837,0.00328231766,10,49,True,False,False,False,False,False,0.768720742,False
C02_BRAKE_ACCELERATOR_ATTACK,170,170,181,0.949245691,1.0000453,0.901067436,0.0032407511,10,49,True,False,False,False,False,False,0.768000227,False
C02_BRAKE_ACCELERATOR_ATTACK,171,171,182,0.948375463,1.0000453,0.899416029,0.00319821993,10,49,True,False,False,False,False,False,0.767296158,False
C02_BRAKE_ACCELERATOR_ATTACK,172,172,183,0.94752574,1.0000453,0.897804976,0.00315572927,10,49,True,False,False,False,False,False,0.766608677,False
C02_BRAKE_ACCELERATOR_ATTACK,173,173,184,0.946695685,1.0000453,0.896232665,0.00311573525,10,49,True,False,False,False,False,False,0.76593711,False
C02_BRAKE_ACCELERATOR_ATTACK,174,174,185,0.945884526,1.0000453,0.894697487,0.00307659246,10,49,True,False,False,False,False,False,0.76528083,False
C02_BRAKE_ACCELERATOR_ATTACK,175,175,186,0.945091307,1.0000453,0.893197596,0.003039876,10,49,True,False,False,False,False,False,0.764639066,False
C02_BRAKE_ACCELERATOR_ATTACK,176,176,187,0.944315553,1.0000453,0.891731858,0.00300315558,10,49,True,False,False,False,False,False,0.764011431,False
C02_BRAKE_ACCELERATOR_ATTACK,177,177,188,0.943556428,1.0000453,0.890298784,0.00296889711,10,49,True,False,False,False,False,False,0.763397251,False
C02_BRAKE_ACCELERATOR_ATTACK,178,178,189,0.942813456,1.0000453,0.88889724,0.00293634227,10,49,True,False,False,False,False,False,0.762796139,False
C02_BRAKE_ACCELERATOR_ATTACK,179,179,190,0.942085505,1.0000453,0.887525141,0.00290540978,10,49,True,False,False,False,False,False,0.76220718,False
C02_BRAKE_ACCELERATOR_ATTACK,180,180,191,0.941372275,1.0000453,0.886181712,0.00287621282,10,49,True,False,False,False,False,False,0.761630132,False
C02_BRAKE_ACCELERATOR_ATTACK,181,181,192,0.940672517,1.0000453,0.884864748,0.00284858583,10,49,True,False,False,False,False,False,0.761063983,False
C02_BRAKE_ACCELERATOR_ATTACK,182,182,193,0.939985812,1.0000453,0.883573353,0.00282263733,10,49,True,False,False,False,False,False,0.760508395,False
C02_BRAKE_ACCELERATOR_ATTACK,183,183,194,0.939311683,1.0000453,0.882306457,0.0027992588,10,49,True,False,False,False,False,False,0.759962982,False
C02_BRAKE_ACCELERATOR_ATTACK,184,184,195,0.938648582,1.0000453,0.881061137,0.00277912943,10,49,True,False,False,False,False,False,0.759426491,False
C02_BRAKE_ACCELERATOR_ATTACK,185,185,196,0.93799597,1.0000453,0.87983644,0.00276072952,10,49,True,False,False,False,False,False,0.758898487,False
C02_BRAKE_ACCELERATOR_ATTACK,186,186,197,0.937353253,1.0000453,0.878631175,0.00274313847,10,49,True,False,False,False,False,False,0.758378488,False
C02_BRAKE_ACCELERATOR_ATTACK,187,187,198,0.936719775,1.0000453,0.87744391,0.00272890949,10,49,True,False,False,False,False,False,0.757865963,False
C02_BRAKE_ACCELERATOR_ATTACK,188,188,199,0.936094582,1.0000453,0.876273036,0.00271633477,10,49,True,False,False,False,False,False,0.757360142,False
C02_BRAKE_ACCELERATOR_ATTACK,189,189,200,0.935477138,1.0000453,0.875117421,0.00270628324,10,49,True,False,False,False,False,False,0.75686059,False
C02_BRAKE_ACCELERATOR_ATTACK,190,190,201,0.93486625,1.0000453,0.873974919,0.00269956142,10,49,True,False,False,False,False,False,0.756366343,False
C02_BRAKE_ACCELERATOR_ATTACK,191,191,202,0.93426156,1.0000453,0.872844636,0.00269537303,10,49,True,False,False,False,False,False,0.755877111,False
C02_BRAKE_ACCELERATOR_ATTACK,192,192,203,0.933662057,1.0000453,0.871724784,0.00269285659,10,49,True,False,False,False,False,False,0.755392075,False
C02_BRAKE_ACCELERATOR_ATTACK,193,193,204,0.933066845,1.0000453,0.870613694,0.0026945374,10,49,True,False,False,False,False,False,0.75491051,False
C02_BRAKE_ACCELERATOR_ATTACK,194,194,205,0.932475507,1.0000453,0.869510591,0.00269788411,10,49,True,False,False,False,False,False,0.75443208,False
C02_BRAKE_ACCELERATOR_ATTACK,195,195,206,0.93188715,1.0000453,0.868413627,0.00270293024,10,49,True,False,False,False,False,False,0.753956062,False
C02_BRAKE_ACCELERATOR_ATTACK,196,196,207,0.931301177,1.0000453,0.867321849,0.00271217222,10,49,True,False,False,False,False,False,0.753481972,False
C02_BRAKE_ACCELERATOR_ATTACK,197,197,208,0.930716932,1.0000453,0.866234004,0.00272390898,10,49,True,False,False,False,False,False,0.753009281,False
C02_BRAKE_ACCELERATOR_ATTACK,198,198,209,0.930133641,1.0000453,0.865148544,0.00273816381,10,49,True,False,False,False,False,False,0.752537361,False
C02_BRAKE_ACCELERATOR_ATTACK,199,199,210,0.929550469,1.0000453,0.864064097,0.00275578676,10,49,True,False,False,False,False,False,0.752065538,False
C02_BRAKE_ACCELERATOR_ATTACK,200,200,211,0.928967059,1.0000453,0.862979829,0.00277588866,10,49,True,False,False,False,False,False,0.751593522,False
C02_BRAKE_ACCELERATOR_ATTACK,201,201,212,0.928382218,1.0000453,0.861893535,0.00279946229,10,49,True,False,False,False,False,False,0.751120349,False
C02_BRAKE_ACCELERATOR_ATTACK,202,202,213,0.927796125,1.0000453,0.86080569,0.00282458216,10,49,True,False,False,False,False,False,0.750646162,False
C02_BRAKE_ACCELERATOR_ATTACK,203,203,214,0.927207589,1.0000453,0.859713912,0.00285481685,10,49,True,False,False,False,False,False,0.750169999,False
C02_BRAKE_ACCELERATOR_ATTACK,204,204,215,0.926616311,1.0000453,0.858617842,0.00288501917,10,49,True,False,False,False,False,False,0.749691617,False
C02_BRAKE_ACCELERATOR_ATTACK,205,205,216,0.926021814,1.0000453,0.857516408,0.00292107603,10,49,True,False,False,False,False,False,0.749210632,False
C02_BRAKE_ACCELERATOR_ATTACK,206,206,217,0.925423324,1.0000453,0.856408358,0.00295880134,10,49,True,False,False,False,False,False,0.748726415,False
C02_BRAKE_ACCELERATOR_ATTACK,207,207,218,0.924820602,1.0000453,0.855293095,0.00299906568,10,49,True,False,False,False,False,False,0.748238774,False
C02_BRAKE_ACCELERATOR_ATTACK,208,208,219,0.924213171,1.0000453,0.854170024,0.00304260291,10,49,True,False,False,False,False,False,0.747747324,False
C02_BRAKE_ACCELERATOR_ATTACK,209,209,220,0.923600435,1.0000453,0.853037715,0.0030903921,10,49,True,False,False,False,False,False,0.747251582,False
C02_BRAKE_ACCELERATOR_ATTACK,210,210,221,0.922982037,1.0000453,0.851895869,0.00313980528,10,49,True,False,False,False,False,False,0.746751258,False
C02_BRAKE_ACCELERATOR_ATTACK,211,211,222,0.922357738,1.0000453,0.85074383,0.00319337845,10,49,True,False,False,False,False,False,0.746246161,False
C02_BRAKE_ACCELERATOR_ATTACK,212,212,223,0.921727061,1.0000453,0.849580824,0.00324787176,10,49,True,False,False,False,False,False,0.745735903,False
C02_BRAKE_ACCELERATOR_ATTACK,213,213,224,0.921090364,1.0000453,0.848407447,0.0033071842,10,49,True,False,False,False,False,False,0.745220775,False
C02_BRAKE_ACCELERATOR_ATTACK,214,214,225,0.920446694,1.0000453,0.84722209,0.00336748292,10,49,True,False,False,False,False,False,0.744700004,False
C02_BRAKE_ACCELERATOR_ATTACK,215,215,226,0.919796467,1.0000453,0.846025527,0.00343264639,10,49,True,False,False,False,False,False,0.744173929,False
C02_BRAKE_ACCELERATOR_ATTACK,216,216,227,0.919139266,1.0000453,0.844817042,0.00349869393,10,49,True,False,False,False,False,False,0.743642212,False
C02_BRAKE_ACCELERATOR_ATTACK,217,217,228,0.918475211,1.0000453,0.843596697,0.00356892147,10,49,True,False,False,False,False,False,0.743104949,False
C02_BRAKE_ACCELERATOR_ATTACK,218,218,229,0.91780442,1.0000453,0.842364967,0.00364067289,10,49,True,False,False,False,False,False,0.742562236,False
C02_BRAKE_ACCELERATOR_ATTACK,219,219,230,0.917126715,1.0000453,0.841121376,0.00371666765,10,49,True,False,False,False,False,False,0.74201393,False
C02_BRAKE_ACCELERATOR_ATTACK,220,220,231,0.916442156,1.0000453,0.839866221,0.00379443495,10,49,True,False,False,False,False,False,0.741460078,False
C02_BRAKE_ACCELERATOR_ATTACK,221,221,232,0.915751398,1.0000453,0.838600576,0.00387448468,10,49,True,False,False,False,False,False,0.74090121,False
C02_BRAKE_ACCELERATOR_ATTACK,222,222,233,0.915054321,1.0000453,0.83732444,0.00395714445,10,49,True,False,False,False,False,False,0.740337231,False
C02_BRAKE_ACCELERATOR_ATTACK,223,223,234,0.914351702,1.0000453,0.836039007,0.00404217001,10,49,True,False,False,False,False,False,0.739768767,False
C02_BRAKE_ACCELERATOR_ATTACK,224,224,235,0.913643599,1.0000453,0.834744573,0.00413062377,10,49,True,False,False,False,False,False,0.739195867,False
C02_BRAKE_ACCELERATOR_ATTACK,225,225,236,0.912930489,1.0000453,0.833442092,0.00422058813,10,49,True,False,False,False,False,False,0.738618915,False
C02_BRAKE_ACCELERATOR_ATTACK,226,226,237,0.912212968,1.0000453,0.832132518,0.0043140715,10,49,True,False,False,False,False,False,0.738038395,False
C02_BRAKE_ACCELERATOR_ATTACK,227,227,238,0.911491871,1.0000453,0.830817461,0.0044080345,10,49,True,False,False,False,False,False,0.737454982,False
C02_BRAKE_ACCELERATOR_ATTACK,228,228,239,0.910767794,1.0000453,0.829497993,0.00450470205,10,49,True,False,False,False,False,False,0.736869157,False
C02_BRAKE_ACCELERATOR_ATTACK,229,229,240,0.910041511,1.0000453,0.828175545,0.00460546883,10,49,True,False,False,False,False,False,0.736281548,False
C02_BRAKE_ACCELERATOR_ATTACK,230,230,241,0.909313858,1.0000453,0.826851726,0.00470530475,10,49,True,False,False,False,False,False,0.73569283,False
C02_BRAKE_ACCELERATOR_ATTACK,231,231,242,0.908585906,1.0000453,0.825528383,0.00480864057,10,49,True,False,False,False,False,False,0.735103871,False
C02_BRAKE_ACCELERATOR_ATTACK,232,232,243,0.907858729,1.0000453,0.824207485,0.00491520576,10,49,True,False,False,False,False,False,0.734515539,False
C02_BRAKE_ACCELERATOR_ATTACK,233,233,244,0.90713352,1.0000453,0.822891176,0.00502071995,10,49,True,False,False,False,False,False,0.733928798,False
C02_BRAKE_ACCELERATOR_ATTACK,234,234,245,0.90641135,1.0000453,0.821581483,0.00513053034,10,49,True,False,False,False,False,False,0.733344517,False
C02_BRAKE_ACCELERATOR_ATTACK,235,235,246,0.905693591,1.0000453,0.82028091,0.0052403342,10,49,True,False,False,False,False,False,0.732763804,False
C02_BRAKE_ACCELERATOR_ATTACK,236,236,247,0.904981732,1.0000453,0.818991899,0.00535342516,10,49,True,False,False,False,False,False,0.732187865,False
C02_BRAKE_ACCELERATOR_ATTACK,237,237,248,0.904277146,1.0000453,0.817717195,0.00546571426,10,49,True,False,False,False,False,False,0.73161781,False
C02_BRAKE_ACCELERATOR_ATTACK,238,238,249,0.903581738,1.0000453,0.816459954,0.00558196614,10,49,True,False,False,False,False,False,0.731055181,False
C02_BRAKE_ACCELERATOR_ATTACK,239,239,250,0.902896941,1.0000453,0.815222859,0.00569735654,10,49,True,False,False,False,False,False,0.730501136,False
C02_BRAKE_ACCELERATOR_ATTACK,240,240,251,0.902224481,1.0000453,0.814009011,0.00581464544,10,49,True,False,False,False,False,False,0.729957073,False
C02_BRAKE_ACCELERATOR_ATTACK,241,241,252,0.901566446,1.0000453,0.812822044,0.0059350701,10,49,True,False,False,False,False,False,0.729424681,False
C02_BRAKE_ACCELERATOR_ATTACK,242,242,253,0.900924623,1.0000453,0.811665177,0.00605381932,10,49,True,False,False,False,False,False,0.728905405,False
C02_BRAKE_ACCELERATOR_ATTACK,243,243,254,0.900301158,1.0000453,0.810542226,0.0061734817,10,49,True,False,False,False,False,False,0.728400983,False
C02_BRAKE_ACCELERATOR_ATTACK,244,244,255,0.899698317,1.0000453,0.809457064,0.00629623933,10,49,True,False,False,False,False,False,0.727913246,False
C02_BRAKE_ACCELERATOR_ATTACK,245,245,256,0.899118006,1.0000453,0.808413148,0.00641836552,10,49,True,False,False,False,False,False,0.727443737,False
C02_BRAKE_ACCELERATOR_ATTACK,246,246,257,0.898562729,1.0000453,0.807414949,0.00654207496,10,49,True,False,False,False,False,False,0.726994483,False
C02_BRAKE_ACCELERATOR_ATTACK,247,247,258,0.898034751,1.0000453,0.80646646,0.00666405028,10,49,True,False,False,False,False,False,0.726567315,False
C02_BRAKE_ACCELERATOR_ATTACK,248,248,259,0.897536874,1.0000453,0.80557245,0.00678761536,10,49,True,False,False,False,False,False,0.7261645,False
C02_BRAKE_ACCELERATOR_ATTACK,249,249,260,0.897071302,1.0000453,0.804736912,0.00691216672,10,49,True,False,False,False,False,False,0.725787823,False
C02_BRAKE_ACCELERATOR_ATTACK,250,250,261,0.896640778,1.0000453,0.803964674,0.00703735929,10,49,True,False,False,False,False,False,0.725439502,False
C02_BRAKE_ACCELERATOR_ATTACK,251,251,262,0.896247804,1.0000453,0.803260088,0.00716096023,10,49,True,False,False,False,False,False,0.725121561,False
C02_BRAKE_ACCELERATOR_ATTACK,252,252,263,0.895895302,1.0000453,0.802628398,0.00728553906,10,49,True,False,False,False,False,False,0.724836365,False
C02_BRAKE_ACCELERATOR_ATTACK,253,253,264,0.895586073,1.0000453,0.802074373,0.0074089691,10,49,True,False,False,False,False,False,0.724586179,False
C02_BRAKE_ACCELERATOR_ATTACK,254,254,265,0.895322859,1.0000453,0.801603019,0.00753427576,10,49,True,False,False,False,False,False,0.724373222,False
C02_BRAKE_ACCELERATOR_ATTACK,255,255,266,0.895108581,1.0000453,0.801219344,0.00765693793,10,49,True,False,False,False,False,False,0.724199857,False
C02_BRAKE_ACCELERATOR_ATTACK,256,256,267,0.894946098,1.0000453,0.800928533,0.00777968811,10,49,True,False,False,False,False,False,0.724068398,False
C02_BRAKE_ACCELERATOR_ATTACK,257,257,268,0.894838572,1.0000453,0.80073607,0.00790162757,10,49,True,False,False,False,False,False,0.723981402,False
C02_BRAKE_ACCELERATOR_ATTACK,258,258,269,0.894788802,1.0000453,0.80064702,0.0080242753,10,49,True,False,False,False,False,False,0.723941135,False
C02_BRAKE_ACCELERATOR_ATTACK,259,259,270,0.894799829,1.0000453,0.800666749,0.00814522523,10,49,True,False,False,False,False,False,0.723950056,False
C02_BRAKE_ACCELERATOR_ATTACK,260,260,271,0.894874692,1.0000453,0.800800741,0.00826552697,10,49,True,False,False,False,False,False,0.724010626,False
C02_BRAKE_ACCELERATOR_ATTACK,261,261,272,0.895016432,1.0000453,0.801054418,0.00838492066,10,49,True,False,False,False,False,False,0.724125302,False
C02_BRAKE_ACCELERATOR_ATTACK,262,262,273,0.895227969,1.0000453,0.801433146,0.00850253645,10,49,True,False,False,False,False,False,0.726438414,False
C02_BRAKE_ACCELERATOR_ATTACK,263,263,274,0.895512342,1.0000453,0.801942408,0.00861776527,10,49,True,False,False,False,False,False,0.736283316,False
C02_BRAKE_ACCELERATOR_ATTACK,264,264,275,0.895872533,1.0000453,0.802587569,0.00873456988,10,49,True,False,False,False,False,False,0.74626285,False
C02_BRAKE_ACCELERATOR_ATTACK,265,265,276,0.896311522,1.0000453,0.80337429,0.00884734653,10,49,True,False,False,False,False,False,0.755898244,False
C02_BRAKE_ACCELERATOR_ATTACK,266,266,277,0.896831989,1.0000453,0.80430764,0.0089590922,10,49,True,False,False,False,False,False,0.765445554,False
C02_BRAKE_ACCELERATOR_ATTACK,267,267,278,0.897437036,1.0000453,0.805393279,0.00907016266,10,49,True,False,False,False,False,False,0.774935175,False
C02_BRAKE_ACCELERATOR_ATTACK,268,268,279,0.898129404,1.0000453,0.806636393,0.00917869434,10,49,True,False,False,False,False,False,0.784207888,False
C02_BRAKE_ACCELERATOR_ATTACK,269,269,280,0.898911715,1.0000453,0.808042228,0.00928559341,10,49,True,False,False,False,False,False,0.793341114,False
C02_BRAKE_ACCELERATOR_ATTACK,270,270,281,0.899786592,1.0000453,0.80961591,0.00938990247,10,49,True,False,False,False,False,False,0.802253056,False
C02_BRAKE_ACCELERATOR_ATTACK,271,271,282,0.900756657,1.0000453,0.811362505,0.00949185248,10,49,True,False,False,False,False,False,0.810963446,False
C02_BRAKE_ACCELERATOR_ATTACK,272,272,283,0.901824296,1.0000453,0.81328702,0.00959126838,10,49,True,False,False,False,False,False,0.819457326,False
C02_BRAKE_ACCELERATOR_ATTACK,273,273,284,0.902991593,1.0000453,0.815393865,0.00968895759,10,49,True,False,False,False,False,False,0.827803682,False
C02_BRAKE_ACCELERATOR_ATTACK,274,274,285,0.904261231,1.0000453,0.817688406,0.00978503004,10,49,True,False,False,False,False,False,0.836011905,False
C02_BRAKE_ACCELERATOR_ATTACK,275,275,286,0.90563488,1.0000453,0.820174575,0.00987611618,10,49,True,False,False,False,False,False,0.843794109,False
C02_BRAKE_ACCELERATOR_ATTACK,276,276,287,0.907114565,1.0000453,0.822856843,0.00996555947,10,49,True,False,False,False,False,False,0.851435951,False
C02_BRAKE_ACCELERATOR_ATTACK,277,277,288,0.908702075,1.0000453,0.825739503,0.0100532919,10,49,True,False,False,False,False,False,0.858931622,False
C02_BRAKE_ACCELERATOR_ATTACK,278,278,289,0.910399258,1.0000453,0.828826845,0.010136974,10,49,True,False,False,False,False,False,0.866081243,False
C02_BRAKE_ACCELERATOR_ATTACK,279,279,290,0.912207186,1.0000453,0.832121909,0.0102172745,10,49,True,False,False,False,False,False,0.872941945,False
C02_BRAKE_ACCELERATOR_ATTACK,280,280,291,0.914127409,1.0000453,0.835628927,0.0102951517,10,49,True,False,False,False,False,False,0.879595605,False
C02_BRAKE_ACCELERATOR_ATTACK,281,281,292,0.916161001,1.0000453,0.839350998,0.0103704864,10,49,True,False,False,False,False,False,0.886032038,False
C02_BRAKE_ACCELERATOR_ATTACK,282,282,293,0.918308794,1.0000453,0.843291044,0.0104408571,10,49,True,False,False,False,False,False,0.892044362,False
C02_BRAKE_ACCELERATOR_ATTACK,283,283,294,0.920571506,1.0000453,0.847451866,0.0105087431,10,49,True,False,False,False,False,False,0.897844392,False
C02_BRAKE_ACCELERATOR_ATTACK,284,284,295,0.922949672,1.0000453,0.851836085,0.0105733043,10,49,True,False,False,False,False,False,0.903360358,False
C02_BRAKE_ACCELERATOR_ATTACK,285,285,296,0.925444007,1.0000453,0.856446624,0.0106346142,10,49,True,False,False,False,False,False,0.908598543,False
C02_BRAKE_ACCELERATOR_ATTACK,286,286,297,0.928053975,1.0000453,0.861284196,0.0106916856,10,49,True,False,False,False,False,False,0.913474605,False
C02_BRAKE_ACCELERATOR_ATTACK,287,287,298,0.930779994,1.0000453,0.866351366,0.0107454937,10,49,True,False,False,False,False,False,0.918071852,False
C02_BRAKE_ACCELERATOR_ATTACK,288,288,299,0.933621526,1.0000453,0.871649206,0.0107951565,10,49,True,False,False,False,False,False,0.922314933,False
C02_BRAKE_ACCELERATOR_ATTACK,289,289,300,0.936577976,1.0000453,0.877178252,0.0108398469,10,49,True,False,False,False,False,False,0.926133189,False
C02_BRAKE_ACCELERATOR_ATTACK,290,290,301,0.939648509,1.0000453,0.882939339,0.010882047,10,49,True,False,False,False,False,False,0.929738673,False
C02_BRAKE_ACCELERATOR_ATTACK,291,291,302,0.942832589,1.0000453,0.888933241,0.0109193036,10,49,True,False,False,False,False,False,0.932921799,False
C02_BRAKE_ACCELERATOR_ATTACK,292,292,303,0.946128488,1.0000453,0.895159066,0.0109524103,10,49,True,False,False,False,False,False,0.935750361,False
C02_BRAKE_ACCELERATOR_ATTACK,293,293,304,0.949534655,1.0000453,0.901616096,0.0109813577,10,49,True,False,False,False,False,False,0.938223562,False
C02_BRAKE_ACCELERATOR_ATTACK,294,294,305,0.953050256,1.0000453,0.908304811,0.0110070193,10,49,True,False,False,False,False,False,0.940416039,False
C02_BRAKE_ACCELERATOR_ATTACK,295,295,306,0.956673265,1.0000453,0.915223777,0.0110285403,10,49,True,False,False,False,False,False,0.942254747,False
C02_BRAKE_ACCELERATOR_ATTACK,296,296,307,0.960401356,1.0000453,0.922370732,0.0110434387,10,49,True,False,False,False,False,False,0.943527631,False
C02_BRAKE_ACCELERATOR_ATTACK,297,297,308,0.964231789,1.0000453,0.929742992,0.0110558448,10,49,True,False,False,False,False,False,0.944587586,False
C02_BRAKE_ACCELERATOR_ATTACK,298,298,309,0.968163013,1.0000453,0.937339664,0.0110632936,10,49,True,False,False,False,False,False,0.945223988,False
C02_BRAKE_ACCELERATOR_ATTACK,299,299,310,0.972191751,1.0000453,0.945156813,0.0110657755,10,49,True,False,False,False,False,False,0.945436043,False
C02_BRAKE_ACCELERATOR_ATTACK,300,300,311,0.976315677,1.0000453,0.953192353,0.0110657755,10,49,True,False,False,False,False,False,0.945436043,False
C02_BRAKE_ACCELERATOR_ATTACK,301,301,312,0.980531156,1.02315354,0.961441338,0.0110583343,10,49,True,False,False,False,False,False,0.944800277,False
C02_BRAKE_ACCELERATOR_ATTACK,302,302,313,0.984835207,1.04626584,0.969900429,0.0110475766,10,49,True,False,False,False,False,False,0.943881162,False
C02_BRAKE_ACCELERATOR_ATTACK,303,303,314,0.989223897,1.06925547,0.978563905,0.0110310409,10,49,True,False,False,False,False,False,0.942468393,False
C02_BRAKE_ACCELERATOR_ATTACK,304,304,315,0.993694663,1.09220433,0.987429082,0.0110128373,10,49,True,False,False,False,False,False,0.940913114,False
C02_BRAKE_ACCELERATOR_ATTACK,305,305,316,0.998243093,1.11498964,0.996489286,0.0109863728,10,49,True,False,False,False,False,False,0.938652047,False
C02_BRAKE_ACCELERATOR_ATTACK,306,306,317,1.00286555,1.13769317,1.00573921,0.0109565733,10,49,True,False,False,False,False,False,0.93610604,False
C02_BRAKE_ACCELERATOR_ATTACK,307,307,318,1.00755751,1.16025376,1.01517224,0.0109226648,10,49,True,False,False,False,False,False,0.933208968,False
C02_BRAKE_ACCELERATOR_ATTACK,308,308,319,1.01231503,1.1826508,1.0247817,0.010882983,10,49,True,False,False,False,False,False,0.929818641,False
C02_BRAKE_ACCELERATOR_ATTACK,309,309,320,1.01713336,1.20488441,1.03456032,0.0108375084,10,49,True,False,False,False,False,False,0.925933388,False
C02_BRAKE_ACCELERATOR_ATTACK,310,310,321,1.02200866,1.22699535,1.04450178,0.0107895304,10,49,True,False,False,False,False,False,0.92183425,False
C02_BRAKE_ACCELERATOR_ATTACK,311,311,322,1.02693665,1.24892247,1.05459881,0.0107349074,10,49,True,False,False,False,False,False,0.917167378,False
C02_BRAKE_ACCELERATOR_ATTACK,312,312,323,1.0319109,1.27062476,1.0648402,0.0106762629,10,49,True,False,False,False,False,False,0.912156922,False
C02_BRAKE_ACCELERATOR_ATTACK,313,313,324,1.03692865,1.29216349,1.07522094,0.0106125725,10,49,True,False,False,False,False,False,0.906715355,False
C02_BRAKE_ACCELERATOR_ATTACK,314,314,325,1.04198372,1.31347752,1.08573008,0.0105448235,10,49,True,False,False,False,False,False,0.900927021,False
C02_BRAKE_ACCELERATOR_ATTACK,315,315,326,1.04707229,1.3345871,1.09636045,0.0104703531,10,49,True,False,False,False,False,False,0.894564429,False
C02_BRAKE_ACCELERATOR_ATTACK,316,316,327,1.05218828,1.35547197,1.10710025,0.0103934864,10,49,True,False,False,False,False,False,0.887997103,False
C02_BRAKE_ACCELERATOR_ATTACK,317,317,328,1.05732715,1.37609112,1.11794078,0.0103091588,10,49,True,False,False,False,False,False,0.88079234,False
C02_BRAKE_ACCELERATOR_ATTACK,318,318,329,1.06248355,1.39648557,1.1288712,0.0102214953,10,49,True,False,False,False,False,False,0.873302557,False
C02_BRAKE_ACCELERATOR_ATTACK,319,319,330,1.06765223,1.41661429,1.13988125,0.0101297572,10,49,True,False,False,False,False,False,0.865464654,False
C02_BRAKE_ACCELERATOR_ATTACK,320,320,331,1.07282865,1.43647742,1.15096128,0.010033913,10,49,True,False,False,False,False,False,0.867986713,False
C02_BRAKE_ACCELERATOR_ATTACK,321,321,332,1.07800663,1.45601356,1.16209841,0.0099298181,10,49,True,False,False,False,False,False,0.872176025,False
C02_BRAKE_ACCELERATOR_ATTACK,322,322,333,1.08318138,1.47530448,1.17328191,0.00982314814,10,49,True,False,False,False,False,False,0.876362732,False
C02_BRAKE_ACCELERATOR_ATTACK,323,323,334,1.08834696,1.49426842,1.18449914,0.00971251819,10,49,True,False,False,False,False,False,0.880542013,False
C02_BRAKE_ACCELERATOR_ATTACK,324,324,335,1.09349895,1.51292574,1.19573998,0.0095960144,10,49,True,False,False,False,False,False,0.884710298,False
C02_BRAKE_ACCELERATOR_ATTACK,325,325,336,1.09863234,1.53129709,1.2069931,0.00947699603,10,49,True,False,False,False,False,False,0.888863538,False
C02_BRAKE_ACCELERATOR_ATTACK,326,326,337,1.10374129,1.54930055,1.21824491,0.00935144909,10,49,True,False,False,False,False,False,0.892997006,False
C02_BRAKE_ACCELERATOR_ATTACK,327,327,338,1.10882008,1.56695664,1.22948205,0.00922095682,10,49,True,False,False,False,False,False,0.897106073,False
C02_BRAKE_ACCELERATOR_ATTACK,328,328,339,1.11386395,1.58428574,1.24069297,0.0090880096,10,49,True,False,False,False,False,False,0.90118688,False
C02_BRAKE_ACCELERATOR_ATTACK,329,329,340,1.11886764,1.60122657,1.25186479,0.00894848257,10,49,True,False,False,False,False,False,0.905235185,False
C02_BRAKE_ACCELERATOR_ATTACK,330,330,341,1.12382567,1.61782002,1.26298416,0.00880560093,10,49,True,False,False,False,False,False,0.90924655,False
C02_BRAKE_ACCELERATOR_ATTACK,331,331,342,1.12873352,1.63404572,1.27403939,0.00865854695,10,49,True,False,False,False,False,False,0.91321731,False
C02_BRAKE_ACCELERATOR_ATTACK,332,332,343,1.13358581,1.64988303,1.28501689,0.00850923546,10,49,True,False,False,False,False,False,0.917143126,False
C02_BRAKE_ACCELERATOR_ATTACK,333,333,344,1.13837814,1.66531169,1.29590487,0.00835322589,10,49,True,False,False,False,False,False,0.921020428,False
C02_BRAKE_ACCELERATOR_ATTACK,334,334,345,1.14310503,1.68035197,1.30668914,0.00819481071,10,49,True,False,False,False,False,False,0.924844781,False
C02_BRAKE_ACCELERATOR_ATTACK,335,335,346,1.14776218,1.69498372,1.31735814,0.00803228281,10,49,True,False,False,False,False,False,0.928612711,False
C02_BRAKE_ACCELERATOR_ATTACK,336,336,347,1.15234494,1.70920658,1.32789874,0.00786462147,10,49,True,False,False,False,False,False,0.932320458,False
C02_BRAKE_ACCELERATOR_ATTACK,337,337,348,1.15684712,1.72298002,1.33829534,0.00769397989,10,49,True,False,False,False,False,False,0.935963006,False
C02_BRAKE_ACCELERATOR_ATTACK,338,338,349,1.16126573,1.7363447,1.34853804,0.00752083212,10,49,True,False,False,False,False,False,0.939537944,False
C02_BRAKE_ACCELERATOR_ATTACK,339,339,350,1.16559541,1.74923933,1.35861278,0.00734199816,10,49,True,False,False,False,False,False,0.943040932,False
C02_BRAKE_ACCELERATOR_ATTACK,340,340,351,1.16983199,1.76170492,1.36850691,0.00716163218,10,49,True,False,False,False,False,False,0.946468595,False
C02_BRAKE_ACCELERATOR_ATTACK,341,341,352,1.17397165,1.77372086,1.37820947,0.00697707804,10,49,True,False,False,False,False,False,0.949817845,False
C02_BRAKE_ACCELERATOR_ATTACK,342,342,353,1.17800963,1.78526676,1.38770664,0.00678846845,10,49,True,False,False,False,False,False,0.953084825,False
C02_BRAKE_ACCELERATOR_ATTACK,343,343,354,1.18194151,1.79634261,1.39698577,0.00659666164,10,49,True,False,False,False,False,False,0.956265966,False
C02_BRAKE_ACCELERATOR_ATTACK,344,344,355,1.18576455,1.80698943,1.40603745,0.006403937,10,49,True,False,False,False,False,False,0.95935905,False
C02_BRAKE_ACCELERATOR_ATTACK,345,345,356,1.18947363,1.81710494,1.41484761,0.00620582467,10,49,True,False,False,False,False,False,0.962359931,False
C02_BRAKE_ACCELERATOR_ATTACK,346,346,357,1.19306576,1.82677078,1.423406,0.00600590371,10,49,True,False,False,False,False,False,0.965266195,False
C02_BRAKE_ACCELERATOR_ATTACK,347,347,358,1.19653666,1.83592582,1.43170011,0.00580206839,10,49,True,False,False,False,False,False,0.968074373,False
C02_BRAKE_ACCELERATOR_ATTACK,348,348,359,1.19988334,1.84461081,1.43972015,0.00559754251,10,49,True,False,False,False,False,False,0.970782051,False
C02_BRAKE_ACCELERATOR_ATTACK,349,349,360,1.20310271,1.85278487,1.44745612,0.0053889649,10,49,True,False,False,False,False,False,0.973386724,False
C02_BRAKE_ACCELERATOR_ATTACK,350,350,361,1.20619047,1.86044812,1.4548955,0.00517925201,10,49,True,False,False,False,False,False,0.975884917,False
C02_BRAKE_ACCELERATOR_ATTACK,351,351,362,1.20914507,1.86762094,1.46203184,0.00496697985,10,49,True,False,False,False,False,False,0.978275379,False
C02_BRAKE_ACCELERATOR_ATTACK,352,352,363,1.21196294,1.87428284,1.46885407,0.00475243852,10,49,True,False,False,False,False,False,0.980555214,False
C02_BRAKE_ACCELERATOR_ATTACK,353,353,364,1.21464062,1.88041341,1.47535181,0.00453598564,10,49,True,False,False,False,False,False,0.982741339,False
C02_BRAKE_ACCELERATOR_ATTACK,354,354,365,1.21717656,1.88605356,1.48151886,0.00431879656,10,49,True,False,False,False,False,False,0.985688992,False
C02_BRAKE_ACCELERATOR_ATTACK,355,355,366,1.21956813,1.8911624,1.48734629,0.00409748685,10,49,True,False,False,False,False,False,0.98835897,False
C02_BRAKE_ACCELERATOR_ATTACK,356,356,367,1.22181141,1.89573979,1.49282324,0.00387734314,10,49,True,False,False,False,False,False,0.990751209,False
C02_BRAKE_ACCELERATOR_ATTACK,357,357,368,1.22390628,1.8998065,1.4979465,0.0036546581,10,49,True,False,False,False,False,False,0.99287655,False
C02_BRAKE_ACCELERATOR_ATTACK,358,358,369,1.22584951,1.90334177,1.50270689,0.00343214651,10,49,True,False,False,False,False,False,0.994724153,False
C02_BRAKE_ACCELERATOR_ATTACK,359,359,370,1.22764015,1.90636623,1.50710046,0.00320814829,10,49,True,False,False,False,False,False,0.996304795,False
C02_BRAKE_ACCELERATOR_ATTACK,360,360,371,1.22927547,1.90883887,1.51111829,0.00298399408,10,49,True,False,False,False,False,False,0.997597045,False
C02_BRAKE_ACCELERATOR_ATTACK,361,361,372,1.23075426,1.91078019,1.51475608,0.00276037585,10,49,True,False,False,False,False,False,0.998611619,False
C02_BRAKE_ACCELERATOR_ATTACK,362,362,373,1.23207629,1.91223109,1.51801193,0.00253715855,10,49,True,False,False,False,False,False,0.999369886,False
C02_BRAKE_ACCELERATOR_ATTACK,363,363,374,1.23323846,1.91308939,1.52087724,0.00231391913,10,49,True,False,False,False,False,False,0.999818454,False
C02_BRAKE_ACCELERATOR_ATTACK,364,364,375,1.23424017,1.91343677,1.52334893,0.0020939603,10,49,True,False,False,False,False,False,1,False
C02_BRAKE_ACCELERATOR_ATTACK,365,365,376,1.23508167,1.91343677,1.52542663,0.00187546038,10,49,True,False,False,False,False,False,1,False
C02_BRAKE_ACCELERATOR_ATTACK,366,366,377,1.23576117,1.91343677,1.52710569,0.00166197587,10,49,True,False,False,False,False,False,1,False
C02_BRAKE_ACCELERATOR_ATTACK,367,367,378,1.2362783,1.91343677,1.52838409,0.00145568,10,49,True,False,False,False,False,False,1.00045582,True
C02_BRAKE_ACCELERATOR_ATTACK,368,368,379,1.23663259,1.91343677,1.52926028,0.00125870435,10,49,True,False,False,False,False,False,1.00102936,True
C02_BRAKE_ACCELERATOR_ATTACK,369,369,380,1.23682344,1.91343677,1.52973223,0.0010782337,10,49,True,False,False,False,False,False,1.00133829,True
C02_BRAKE_ACCELERATOR_ATTACK,370,370,381,1.23685181,1.91343677,1.52980232,0.000921057188,10,49,True,False,False,False,False,False,1.00138417,True
C02_BRAKE_ACCELERATOR_ATTACK,371,371,382,1.23671651,1.91343677,1.52946782,0.000806819065,10,49,True,False,False,False,False,False,1.00116522,True
C02_BRAKE_ACCELERATOR_ATTACK,372,372,383,1.23641872,1.91343677,1.52873123,0.000751154788,10,49,True,False,False,False,False,False,1.00068305,True
C02_BRAKE_ACCELERATOR_ATTACK,373,373,384,1.23595822,1.91343677,1.52759278,0.000766634766,10,49,True,False,False,False,False,False,1,False
C02_BRAKE_ACCELERATOR_ATTACK,374,374,385,1.2353344,1.91343677,1.52605116,0.000852601253,10,49,True,False,False,False,False,False,1,False
C02_BRAKE_ACCELERATOR_ATTACK,375,375,386,1.23455095,1.91343677,1.52411604,0.000983644277,10,49,True,False,False,False,False,False,1,False
C02_BRAKE_ACCELERATOR_ATTACK,376,376,387,1.23360753,1.91327333,1.52178741,0.00114814565,10,49,True,False,False,False,False,False,0.999914585,False
C02_BRAKE_ACCELERATOR_ATTACK,377,377,388,1.23250389,1.91257846,1.51906586,0.00133426394,10,49,True,False,False,False,False,False,0.999551432,False
C02_BRAKE_ACCELERATOR_ATTACK,378,378,389,1.23124182,1.91133201,1.5159564,0.00153147138,10,49,True,False,False,False,False,False,0.998900011,False
C02_BRAKE_ACCELERATOR_ATTACK,379,379,390,1.22982323,1.90955412,1.51246524,0.00173541263,10,49,True,False,False,False,False,False,0.997970852,False
C02_BRAKE_ACCELERATOR_ATTACK,380,380,391,1.22824895,1.90724492,1.50859535,0.00194609223,10,49,True,False,False,False,False,False,0.996764017,False
C02_BRAKE_ACCELERATOR_ATTACK,381,381,392,1.22652149,1.90444529,1.50435507,0.00215716031,10,49,True,False,False,False,False,False,0.995300874,False
C02_BRAKE_ACCELERATOR_ATTACK,382,382,393,1.22464144,1.90109384,1.49974656,0.00237084273,10,49,True,False,False,False,False,False,0.99354934,False
C02_BRAKE_ACCELERATOR_ATTACK,383,383,394,1.22261178,1.89723158,1.49477971,0.00258344132,10,49,True,False,False,False,False,False,0.991530846,False
C02_BRAKE_ACCELERATOR_ATTACK,384,384,395,1.22043371,1.89281762,1.48945856,0.00279740104,10,49,True,False,False,False,False,False,0.989224021,False
C02_BRAKE_ACCELERATOR_ATTACK,385,385,396,1.21811128,1.88789272,1.48379505,0.00300861406,10,49,True,False,False,False,False,False,0.986650174,False
C02_BRAKE_ACCELERATOR_ATTACK,386,386,397,1.21564639,1.88249779,1.47779608,0.00322029064,10,49,True,False,False,False,False,False,0.983830674,False
C02_BRAKE_ACCELERATOR_ATTACK,387,387,398,1.21303952,1.87657154,1.47146499,0.0034319472,10,49,True,False,False,False,False,False,0.981426235,False
C02_BRAKE_ACCELERATOR_ATTACK,388,388,399,1.21029532,1.87011397,1.46481478,0.00363915064,10,49,True,False,False,False,False,False,0.979206005,False
C02_BRAKE_ACCELERATOR_ATTACK,389,389,400,1.2074157,1.86316597,1.45785272,0.00384732033,10,49,True,False,False,False,False,False,0.976876209,False
C02_BRAKE_ACCELERATOR_ATTACK,390,390,401,1.20440459,1.85572755,1.45059037,0.00405115308,10,49,True,False,False,False,False,False,0.974440031,False
C02_BRAKE_ACCELERATOR_ATTACK,391,391,402,1.20126426,1.84775782,1.44303584,0.00425278395,10,49,True,False,False,False,False,False,0.971899304,False
C02_BRAKE_ACCELERATOR_ATTACK,392,392,403,1.19799888,1.83933854,1.43520141,0.00445354218,10,49,True,False,False,False,False,False,0.969257403,False
C02_BRAKE_ACCELERATOR_ATTACK,393,393,404,1.19461119,1.83040822,1.42709601,0.00464967219,10,49,True,False,False,False,False,False,0.966516546,False
C02_BRAKE_ACCELERATOR_ATTACK,394,394,405,1.19110501,1.82102847,1.41873121,0.00484514795,10,49,True,False,False,False,False,False,0.96367982,False
C02_BRAKE_ACCELERATOR_ATTACK,395,395,406,1.18748271,1.8111378,1.41011512,0.00503712101,10,49,True,False,False,False,False,False,0.960749154,False
C02_BRAKE_ACCELERATOR_ATTACK,396,396,407,1.18374956,1.80081797,1.40126288,0.00522626052,10,49,True,False,False,False,False,False,0.957728791,False
C02_BRAKE_ACCELERATOR_ATTACK,397,397,408,1.17990863,1.79002821,1.39218438,0.00541140884,10,49,True,False,False,False,False,False,0.95462124,False
C02_BRAKE_ACCELERATOR_ATTACK,398,398,409,1.17596328,1.77874792,1.38288951,0.00559394294,10,49,True,False,False,False,False,False,0.9514292,False
C02_BRAKE_ACCELERATOR_ATTACK,399,399,410,1.17191875,1.76705885,1.37339365,0.00577368401,10,49,True,False,False,False,False,False,0.948156915,False
C02_BRAKE_ACCELERATOR_ATTACK,400,400,411,1.16777885,1.75487947,1.36370742,0.00594710885,10,49,True,False,False,False,False,False,0.944807472,False
C02_BRAKE_ACCELERATOR_ATTACK,401,401,412,1.16354811,1.74231184,1.35384417,0.00612059282,10,49,True,False,False,False,False,False,0.941384536,False
C02_BRAKE_ACCELERATOR_ATTACK,402,402,413,1.15923023,1.72929454,1.34381473,0.00628832821,10,49,True,False,False,False,False,False,0.937891096,False
C02_BRAKE_ACCELERATOR_ATTACK,403,403,414,1.15482974,1.71584809,1.33363175,0.00645301212,10,49,True,False,False,False,False,False,0.934330818,False
C02_BRAKE_ACCELERATOR_ATTACK,404,404,415,1.15035117,1.70201337,1.32330775,0.0066151754,10,49,True,False,False,False,False,False,0.930707367,False
C02_BRAKE_ACCELERATOR_ATTACK,405,405,416,1.1457994,1.68774962,1.31285632,0.0067707058,10,49,True,False,False,False,False,False,0.927024696,False
C02_BRAKE_ACCELERATOR_ATTACK,406,406,417,1.14117944,1.67307711,1.30229044,0.00692229625,10,49,True,False,False,False,False,False,0.923286858,False
C02_BRAKE_ACCELERATOR_ATTACK,407,407,418,1.13649547,1.65803671,1.29162192,0.00707236445,10,49,True,False,False,False,False,False,0.919497226,False
C02_BRAKE_ACCELERATOR_ATTACK,408,408,419,1.13175237,1.64262855,1.28086352,0.007217295,10,49,True,False,False,False,False,False,0.915659757,False
C02_BRAKE_ACCELERATOR_ATTACK,409,409,420,1.12695491,1.62681162,1.2700274,0.00735665252,10,49,True,False,False,False,False,False,0.911778307,False
C02_BRAKE_ACCELERATOR_ATTACK,410,410,421,1.1221081,1.61064732,1.25912654,0.00749361981,10,49,True,False,False,False,False,False,0.907856928,False
C02_BRAKE_ACCELERATOR_ATTACK,411,411,422,1.1172173,1.59415603,1.24817455,0.00762537913,10,49,True,False,False,False,False,False,0.90389996,False
C02_BRAKE_ACCELERATOR_ATTACK,412,412,423,1.11228645,1.57727647,1.23718107,0.00775249582,10,49,True,False,False,False,False,False,0.899910585,False
C02_BRAKE_ACCELERATOR_ATTACK,413,413,424,1.10732126,1.56009042,1.22616041,0.0078762183,10,49,True,False,False,False,False,False,0.895893433,False
C02_BRAKE_ACCELERATOR_ATTACK,414,414,425,1.10232663,1.542557,1.21512413,0.0079942178,10,49,True,False,False,False,False,False,0.891852459,False
C02_BRAKE_ACCELERATOR_ATTACK,415,415,426,1.09730804,1.52469647,1.20408487,0.00810732227,10,49,True,False,False,False,False,False,0.887792098,False
C02_BRAKE_ACCELERATOR_ATTACK,416,416,427,1.09227037,1.50657046,1.19305456,0.00821787026,10,49,True,False,False,False,False,False,0.883716306,False
C02_BRAKE_ACCELERATOR_ATTACK,417,417,428,1.08721793,1.48813784,1.18204272,0.00832349621,10,49,True,False,False,False,False,False,0.879628554,False
C02_BRAKE_ACCELERATOR_ATTACK,418,418,429,1.08215582,1.46937823,1.17106128,0.00842261687,10,49,True,False,False,False,False,False,0.87553299,False
C02_BRAKE_ACCELERATOR_ATTACK,419,419,430,1.07708991,1.45037341,1.16012275,0.00851924345,10,49,True,False,False,False,False,False,0.87143434,False
C02_BRAKE_ACCELERATOR_ATTACK,420,420,431,1.0720253,1.43110299,1.14923835,0.0086091524,10,49,True,False,False,False,False,False,0.867336751,False
C02_BRAKE_ACCELERATOR_ATTACK,421,421,432,1.06696618,1.41154635,1.13841677,0.0086951144,10,49,True,False,False,False,False,False,0.863243598,False
C02_BRAKE_ACCELERATOR_ATTACK,422,422,433,1.06191838,1.3917855,1.12767076,0.00877680536,10,49,True,False,False,False,False,False,0.859159608,False
C02_BRAKE_ACCELERATOR_ATTACK,423,423,434,1.05688584,1.37175894,1.11700761,0.00885365438,10,49,True,False,False,False,False,False,0.855087963,False
C02_BRAKE_ACCELERATOR_ATTACK,424,424,435,1.0518738,1.35150754,1.10643852,0.00892553944,10,49,True,False,False,False,False,False,0.851032907,False
C02_BRAKE_ACCELERATOR_ATTACK,425,425,436,1.04688764,1.33105183,1.09597361,0.00899242889,10,49,True,False,False,False,False,False,0.84699878,False
C02_BRAKE_ACCELERATOR_ATTACK,426,426,437,1.04193127,1.31039178,1.08562076,0.00905521773,10,49,True,False,False,False,False,False,0.842988766,False
C02_BRAKE_ACCELERATOR_ATTACK,427,427,438,1.03700984,1.2895273,1.07538939,0.00911222305,10,49,True,False,False,False,False,False,0.83900701,False
C02_BRAKE_ACCELERATOR_ATTACK,428,428,439,1.03212738,1.26847899,1.06528699,0.0091659762,10,49,True,False,False,False,False,False,0.835056793,False
C02_BRAKE_ACCELERATOR_ATTACK,429,429,440,1.02728915,1.24726713,1.05532289,0.00921389088,10,49,True,False,False,False,False,False,0.831142358,False
C02_BRAKE_ACCELERATOR_ATTACK,430,430,441,1.02249873,1.22587144,1.04550374,0.00925689284,10,49,True,False,False,False,False,False,0.827266599,False
C02_BRAKE_ACCELERATOR_ATTACK,431,431,442,1.01776135,1.20437348,1.03583825,0.009296529,10,49,True,False,False,False,False,False,0.823433759,False
C02_BRAKE_ACCELERATOR_ATTACK,432,432,443,1.01307988,1.18269169,1.02633083,0.00933043566,10,49,True,False,False,False,False,False,0.819646153,False
C02_BRAKE_ACCELERATOR_ATTACK,433,433,444,1.00845969,1.16090775,1.01699102,0.00935933925,10,49,True,False,False,False,False,False,0.815908122,False
C02_BRAKE_ACCELERATOR_ATTACK,434,434,445,1.00390387,1.13898063,1.00782299,0.00938331429,10,49,True,False,False,False,False,False,0.812222172,False
C02_BRAKE_ACCELERATOR_ATTACK,435,435,446,0.999416649,1.11695147,0.998833656,0.00940315798,10,49,True,False,False,False,False,False,0.808591728,False
C02_BRAKE_ACCELERATOR_ATTACK,436,436,447,0.995001256,1.09484041,0.990027547,0.00941969454,10,49,True,False,False,False,False,False,0.805019394,False
C02_BRAKE_ACCELERATOR_ATTACK,437,437,448,0.990661383,1.07262731,0.981410027,0.0094296122,10,49,True,False,False,False,False,False,0.80564577,False
C02_BRAKE_ACCELERATOR_ATTACK,438,438,449,0.986400485,1.05035281,0.972985923,0.00943622459,10,49,True,False,False,False,False,False,0.806210718,False
C02_BRAKE_ACCELERATOR_ATTACK,439,439,450,0.982221246,1.02797616,0.964758575,0.0094370516,10,49,True,False,False,False,False,False,0.806281376,False
C02_BRAKE_ACCELERATOR_ATTACK,440,440,451,0.97812748,1.00557911,0.956733406,0.00943457149,10,49,True,False,False,False,False,False,0.806069481,False
C02_BRAKE_ACCELERATOR_ATTACK,441,441,452,0.974121332,1.0000453,0.948912382,0.00942712743,10,49,True,False,False,False,False,False,0.805433476,False
C02_BRAKE_ACCELERATOR_ATTACK,442,442,453,0.970205903,1.0000453,0.941299498,0.00941555295,10,49,True,False,False,False,False,False,0.804444578,False
C02_BRAKE_ACCELERATOR_ATTACK,443,443,454,0.96638304,1.0000453,0.933896184,0.0093998285,10,49,True,False,False,False,False,False,0.803101115,False
C02_BRAKE_ACCELERATOR_ATTACK,444,444,455,0.962655485,1.0000453,0.926705599,0.00938081555,10,49,True,False,False,False,False,False,0.801476689,False
C02_BRAKE_ACCELERATOR_ATTACK,445,445,456,0.959025145,1.0000453,0.919729173,0.00935601816,10,49,True,False,False,False,False,False,0.799358053,False
C02_BRAKE_ACCELERATOR_ATTACK,446,446,457,0.955493629,1.0000453,0.912968099,0.00932789035,10,49,True,False,False,False,False,False,0.796954874,False
C02_BRAKE_ACCELERATOR_ATTACK,447,447,458,0.952063024,1.0000453,0.906423986,0.00929478649,10,49,True,False,False,False,False,False,0.794126551,False
C02_BRAKE_ACCELERATOR_ATTACK,448,448,459,0.948734879,1.0000453,0.900097907,0.00925922859,10,49,True,False,False,False,False,False,0.791088561,False
C02_BRAKE_ACCELERATOR_ATTACK,449,449,460,0.94550997,1.0000453,0.893989146,0.00921951048,10,49,True,False,False,False,False,False,0.787695131,False
C02_BRAKE_ACCELERATOR_ATTACK,450,450,461,0.942389846,1.0000453,0.888098598,0.00917484704,10,49,True,False,False,False,False,False,0.783879183,False
C02_BRAKE_ACCELERATOR_ATTACK,451,451,462,0.939375162,1.0000453,0.882425725,0.00912767742,10,49,True,False,False,False,False,False,0.779849112,False
C02_BRAKE_ACCELERATOR_ATTACK,452,452,463,0.936466813,1.0000453,0.876970112,0.00907557551,10,49,True,False,False,False,False,False,0.775397637,False
C02_BRAKE_ACCELERATOR_ATTACK,453,453,464,0.933665216,1.0000453,0.871730745,0.00902097393,10,49,True,False,False,False,False,False,0.770732595,False
C02_BRAKE_ACCELERATOR_ATTACK,454,454,465,0.93097049,1.0000453,0.866706014,0.00896219444,10,49,True,False,False,False,False,False,0.765710602,False
C02_BRAKE_ACCELERATOR_ATTACK,455,455,466,0.928382933,1.0000453,0.861894906,0.0089001311,10,49,True,False,False,False,False,False,0.760408044,False
C02_BRAKE_ACCELERATOR_ATTACK,456,456,467,0.925902665,1.0000453,0.857295692,0.0088356249,10,49,True,False,False,False,False,False,0.754896774,False
C02_BRAKE_ACCELERATOR_ATTACK,457,457,468,0.92352891,1.0000453,0.852905691,0.0087661352,10,49,True,False,False,False,False,False,0.748959723,False
C02_BRAKE_ACCELERATOR_ATTACK,458,458,469,0.921261489,1.0000453,0.848722756,0.00869494118,10,49,True,False,False,False,False,False,0.745359226,False
C02_BRAKE_ACCELERATOR_ATTACK,459,459,470,0.919099927,1.0000453,0.844744682,0.0086196484,10,49,True,False,False,False,False,False,0.743610384,False
C02_BRAKE_ACCELERATOR_ATTACK,460,460,471,0.917043269,1.0000453,0.84096837,0.00854101405,10,49,True,False,False,False,False,False,0.741946416,False
C02_BRAKE_ACCELERATOR_ATTACK,461,461,472,0.91509074,1.0000453,0.837391078,0.00846075453,10,49,True,False,False,False,False,False,0.740366696,False
C02_BRAKE_ACCELERATOR_ATTACK,462,462,473,0.913240671,1.0000453,0.834008574,0.00837788638,10,49,True,False,False,False,False,False,0.738869873,False
C02_BRAKE_ACCELERATOR_ATTACK,463,463,474,0.911492288,1.0000453,0.830818236,0.00829265732,10,49,True,False,False,False,False,False,0.73745532,False
C02_BRAKE_ACCELERATOR_ATTACK,464,464,475,0.909843922,1.0000453,0.82781595,0.00820407178,10,49,True,False,False,False,False,False,0.736121686,False
C02_BRAKE_ACCELERATOR_ATTACK,465,465,476,0.908294082,1.0000453,0.82499814,0.00811219122,10,49,True,False,False,False,False,False,0.734867767,False
C02_BRAKE_ACCELERATOR_ATTACK,466,466,477,0.906841099,1.0000453,0.822360814,0.00801942311,10,49,True,False,False,False,False,False,0.733692211,False
C02_BRAKE_ACCELERATOR_ATTACK,467,467,478,0.905483127,1.0000453,0.819899678,0.00792419817,10,49,True,False,False,False,False,False,0.732593525,False
C02_BRAKE_ACCELERATOR_ATTACK,468,468,479,0.904218256,1.0000453,0.817610621,0.00782737508,10,49,True,False,False,False,False,False,0.731570165,False
C02_BRAKE_ACCELERATOR_ATTACK,469,469,480,0.903044343,1.0000453,0.815489113,0.00772638153,10,49,True,False,False,False,False,False,0.730620394,False
C02_BRAKE_ACCELERATOR_ATTACK,470,470,481,0.90195936,1.0000453,0.813530684,0.00762616051,10,49,True,False,False,False,False,False,0.729742573,False
C02_BRAKE_ACCELERATOR_ATTACK,471,471,482,0.900960982,1.0000453,0.811730742,0.00752273714,10,49,True,False,False,False,False,False,0.728934822,False
C02_BRAKE_ACCELERATOR_ATTACK,472,472,483,0.900047004,1.0000453,0.810084581,0.00741838198,10,49,True,False,False,False,False,False,0.728195356,False
C02_BRAKE_ACCELERATOR_ATTACK,473,473,484,0.899214983,1.0000453,0.808587611,0.00730986986,10,49,True,False,False,False,False,False,0.727522198,False
C02_BRAKE_ACCELERATOR_ATTACK,474,474,485,0.898462653,1.0000453,0.807235122,0.00720214704,10,49,True,False,False,False,False,False,0.726913515,False
C02_BRAKE_ACCELERATOR_ATTACK,475,475,486,0.897787452,1.0000453,0.806022346,0.00709278788,10,49,True,False,False,False,False,False,0.726367234,False
C02_BRAKE_ACCELERATOR_ATTACK,476,476,487,0.897186756,1.0000453,0.804944038,0.00698343897,10,49,True,False,False,False,False,False,0.725881233,False
C02_BRAKE_ACCELERATOR_ATTACK,477,477,488,0.896657884,1.0000453,0.803995311,0.00687075872,10,49,True,False,False,False,False,False,0.725453342,False
C02_BRAKE_ACCELERATOR_ATTACK,478,478,489,0.896198511,1.0000453,0.803171754,0.00675727567,10,49,True,False,False,False,False,False,0.72508168,False
C02_BRAKE_ACCELERATOR_ATTACK,479,479,490,0.895805836,1.0000453,0.802468061,0.00664373254,10,49,True,False,False,False,False,False,0.72476398,False
C02_BRAKE_ACCELERATOR_ATTACK,480,480,491,0.895477295,1.0000453,0.801879585,0.00653104158,10,49,True,False,False,False,False,False,0.72449817,False
C02_BRAKE_ACCELERATOR_ATTACK,481,481,492,0.895210087,1.0000453,0.801401079,0.00641495781,10,49,True,False,False,False,False,False,0.724281982,False
C02_BRAKE_ACCELERATOR_ATTACK,482,482,493,0.895001769,1.0000453,0.801028132,0.0062998482,10,49,True,False,False,False,False,False,0.724113439,False
C02_BRAKE_ACCELERATOR_ATTACK,483,483,494,0.894849539,1.0000453,0.800755739,0.00618447363,10,49,True,False,False,False,False,False,0.723990275,False
C02_BRAKE_ACCELERATOR_ATTACK,484,484,495,0.894750953,1.0000453,0.80057925,0.00606859103,10,49,True,False,False,False,False,False,0.723910513,False
C02_BRAKE_ACCELERATOR_ATTACK,485,485,496,0.894703269,1.0000453,0.800493956,0.00595166907,10,49,True,False,False,False,False,False,0.723871934,False
C02_BRAKE_ACCELERATOR_ATTACK,486,486,497,0.894703984,1.0000453,0.800495207,0.00583478902,10,49,True,False,False,False,False,False,0.723872512,False
C02_BRAKE_ACCELERATOR_ATTACK,487,487,498,0.894750595,1.0000453,0.800578654,0.00571776694,10,49,True,False,False,False,False,False,0.723910224,False
C02_BRAKE_ACCELERATOR_ATTACK,488,488,499,0.894840717,1.0000453,0.800739884,0.00560246129,10,49,True,False,False,False,False,False,0.723983138,False
C02_BRAKE_ACCELERATOR_ATTACK,489,489,500,0.89497155,1.0000453,0.800974071,0.00548575213,10,49,True,False,False,False,False,False,0.72408899,False
C02_BRAKE_ACCELERATOR_ATTACK,490,490,501,0.895141006,1.0000453,0.801277459,0.00537037803,10,49,True,False,False,False,False,False,0.72422609,False
C02_BRAKE_ACCELERATOR_ATTACK,491,491,502,0.895346642,1.0000453,0.801645577,0.00525414152,10,49,True,False,False,False,False,False,0.724392463,False
C02_BRAKE_ACCELERATOR_ATTACK,492,492,503,0.895586193,1.0000453,0.802074611,0.00513964333,10,49,True,False,False,False,False,False,0.724586275,False
C02_BRAKE_ACCELERATOR_ATTACK,493,493,504,0.895857453,1.0000453,0.802560627,0.00502598193,10,49,True,False,False,False,False,False,0.724805742,False
C02_BRAKE_ACCELERATOR_ATTACK,494,494,505,0.896158278,1.0000453,0.803099632,0.00491128443,10,49,True,False,False,False,False,False,0.725049129,False
C02_BRAKE_ACCELERATOR_ATTACK,495,495,506,0.896486402,1.0000453,0.803687871,0.00479931198,10,49,True,False,False,False,False,False,0.725314602,False
C02_BRAKE_ACCELERATOR_ATTACK,496,496,507,0.896840096,1.0000453,0.804322124,0.00468875188,10,49,True,False,False,False,False,False,0.725600762,False
C02_BRAKE_ACCELERATOR_ATTACK,497,497,508,0.897217155,1.0000453,0.804998577,0.00457838969,10,49,True,False,False,False,False,False,0.725905827,False
C02_BRAKE_ACCELERATOR_ATTACK,498,498,509,0.89761585,1.0000453,0.80571425,0.00446874183,10,49,True,False,False,False,False,False,0.726228397,False
C02_BRAKE_ACCELERATOR_ATTACK,499,499,510,0.898034275,1.0000453,0.806465566,0.00435982179,10,49,True,False,False,False,False,False,0.726566929,False
C02_BRAKE_ACCELERATOR_ATTACK,500,500,511,0.898470879,1.0000453,0.807249904,0.00425523845,10,49,True,False,False,False,False,False,0.72692017,False
C02_BRAKE_ACCELERATOR_ATTACK,501,501,512,0.898923695,1.0000453,0.808063805,0.00414814893,10,49,True,False,False,False,False,False,0.727286527,False
C02_BRAKE_ACCELERATOR_ATTACK,502,502,513,0.899391413,1.0000453,0.808904946,0.00404498214,10,49,True,False,False,False,False,False,0.727664941,False
C02_BRAKE_ACCELERATOR_ATTACK,503,503,514,0.899872422,1.0000453,0.809770405,0.00394198112,10,49,True,False,False,False,False,False,0.728054108,False
C02_BRAKE_ACCELERATOR_ATTACK,504,504,515,0.900365531,1.0000453,0.810658097,0.00384204509,10,49,True,False,False,False,False,False,0.728453065,False
C02_BRAKE_ACCELERATOR_ATTACK,505,505,516,0.900869191,1.0000453,0.81156534,0.00374380569,10,49,True,False,False,False,False,False,0.728860557,False
C02_BRAKE_ACCELERATOR_ATTACK,506,506,517,0.901382387,1.0000453,0.812490165,0.00364730833,10,49,True,False,False,False,False,False,0.729275765,False
C02_BRAKE_ACCELERATOR_ATTACK,507,507,518,0.90190357,1.0000453,0.813430071,0.00355066941,10,49,True,False,False,False,False,False,0.729697436,False
C02_BRAKE_ACCELERATOR_ATTACK,508,508,519,0.902431846,1.0000453,0.814383268,0.00345822633,10,49,True,False,False,False,False,False,0.730124844,False
C02_BRAKE_ACCELERATOR_ATTACK,509,509,520,0.902966142,1.0000453,0.81534785,0.00336671644,10,49,True,False,False,False,False,False,0.730557124,False
C02_BRAKE_ACCELERATOR_ATTACK,510,510,521,0.903505743,1.0000453,0.816322625,0.00327905035,10,49,True,False,False,False,False,False,0.730993695,False
C02_BRAKE_ACCELERATOR_ATTACK,511,511,522,0.904049575,1.0000453,0.817305684,0.00319147483,10,49,True,False,False,False,False,False,0.731433691,False
C02_BRAKE_ACCELERATOR_ATTACK,512,512,523,0.904596925,1.0000453,0.818295598,0.00310906139,10,49,True,False,False,False,False,False,0.731876531,False
C02_BRAKE_ACCELERATOR_ATTACK,513,513,524,0.905147254,1.0000453,0.819291532,0.00302639068,10,49,True,False,False,False,False,False,0.732321783,False
C02_BRAKE_ACCELERATOR_ATTACK,514,514,525,0.905699611,1.0000453,0.820291817,0.00294804992,10,49,True,False,False,False,False,False,0.732768675,False
C02_BRAKE_ACCELERATOR_ATTACK,515,515,526,0.906253695,1.0000453,0.821295738,0.00286956015,10,49,True,False,False,False,False,False,0.733216964,False
C02_BRAKE_ACCELERATOR_ATTACK,516,516,527,0.906808674,1.0000453,0.822301924,0.00279430067,10,49,True,False,False,False,False,False,0.733665978,False
C02_BRAKE_ACCELERATOR_ATTACK,517,517,528,0.90736407,1.0000453,0.823309541,0.00272163469,10,49,True,False,False,False,False,False,0.734115328,False
C02_BRAKE_ACCELERATOR_ATTACK,518,518,529,0.907919586,1.0000453,0.824317992,0.00265235477,10,49,True,False,False,False,False,False,0.734564776,False
C02_BRAKE_ACCELERATOR_ATTACK,519,519,530,0.90847528,1.0000453,0.825327337,0.00258534914,10,49,True,False,False,False,False,False,0.735014368,False
C02_BRAKE_ACCELERATOR_ATTACK,520,520,531,0.909030557,1.0000453,0.826336503,0.00252187531,10,49,True,False,False,False,False,False,0.735463622,False
C02_BRAKE_ACCELERATOR_ATTACK,521,521,532,0.909585357,1.0000453,0.82734549,0.00245890394,10,49,True,False,False,False,False,False,0.735912491,False
C02_BRAKE_ACCELERATOR_ATTACK,522,522,533,0.910139441,1.0000453,0.828353822,0.00240103924,10,49,True,False,False,False,False,False,0.73636078,False
C02_BRAKE_ACCELERATOR_ATTACK,523,523,534,0.91069299,1.0000453,0.829361677,0.00234478689,10,49,True,False,False,False,False,False,0.736808636,False
C02_BRAKE_ACCELERATOR_ATTACK,524,524,535,0.911245644,1.0000453,0.830368638,0.00229188567,10,49,True,False,False,False,False,False,0.737255769,False
C02_BRAKE_ACCELERATOR_ATTACK,525,525,536,0.911797583,1.0000453,0.831374824,0.00224071415,10,49,True,False,False,False,False,False,0.737702323,False
C02_BRAKE_ACCELERATOR_ATTACK,526,526,537,0.912348866,1.0000453,0.832380474,0.00219450425,10,49,True,False,False,False,False,False,0.738148346,False
C02_BRAKE_ACCELERATOR_ATTACK,527,527,538,0.912899554,1.0000453,0.833385646,0.00214921706,10,49,True,False,False,False,False,False,0.738593887,False
C02_BRAKE_ACCELERATOR_ATTACK,528,528,539,0.913449943,1.0000453,0.834390819,0.00210807566,10,49,True,False,False,False,False,False,0.739039187,False
C02_BRAKE_ACCELERATOR_ATTACK,529,529,540,0.914000332,1.0000453,0.835396647,0.00207023253,10,49,True,False,False,False,False,False,0.739484487,False
C02_BRAKE_ACCELERATOR_ATTACK,530,530,541,0.914550662,1.0000453,0.836402953,0.00203328859,10,49,True,False,False,False,False,False,0.739929739,False
C02_BRAKE_ACCELERATOR_ATTACK,531,531,542,0.915101528,1.0000453,0.837410808,0.00200126623,10,49,True,False,False,False,False,False,0.740375425,False
C02_BRAKE_ACCELERATOR_ATTACK,532,532,543,0.915652931,1.0000453,0.838420272,0.0019710043,10,49,True,False,False,False,False,False,0.740821544,False
C02_BRAKE_ACCELERATOR_ATTACK,533,533,544,0.916205227,1.0000453,0.839432061,0.00194238906,10,49,True,False,False,False,False,False,0.741268388,False
C02_BRAKE_ACCELERATOR_ATTACK,534,534,545,0.916759133,1.0000453,0.840447307,0.00191872485,10,49,True,False,False,False,False,False,0.741716533,False
C02_BRAKE_ACCELERATOR_ATTACK,535,535,546,0.917314649,1.0000453,0.841466188,0.00189679873,10,49,True,False,False,False,False,False,0.74216598,False
C02_BRAKE_ACCELERATOR_ATTACK,536,536,547,0.91787231,1.0000453,0.8424896,0.00187831291,10,49,True,False,False,False,False,False,0.742617163,False
C02_BRAKE_ACCELERATOR_ATTACK,537,537,548,0.918432951,1.0000453,0.843519032,0.00186223886,10,49,True,False,False,False,False,False,0.743070758,False
C02_BRAKE_ACCELERATOR_ATTACK,538,538,549,0.918996513,1.0000453,0.844554603,0.00184963492,10,49,True,False,False,False,False,False,0.743526715,False
C02_BRAKE_ACCELERATOR_ATTACK,539,539,550,0.919564188,1.0000453,0.84559828,0.00184033706,10,49,True,False,False,False,False,False,0.743986,False
C02_BRAKE_ACCELERATOR_ATTACK,540,540,551,0.920136213,1.0000453,0.84665066,0.001832732,10,49,True,False,False,False,False,False,0.744448806,False
C02_BRAKE_ACCELERATOR_ATTACK,541,541,552,0.920713246,1.0000453,0.847712874,0.00183020229,10,49,True,False,False,False,False,False,0.744915662,False
C02_BRAKE_ACCELERATOR_ATTACK,542,542,553,0.921295702,1.0000453,0.848785818,0.00182683242,10,49,True,False,False,False,False,False,0.745386906,False
C02_BRAKE_ACCELERATOR_ATTACK,543,543,554,0.921884298,1.0000453,0.849870622,0.00182851823,10,49,True,False,False,False,False,False,0.745863118,False
C02_BRAKE_ACCELERATOR_ATTACK,544,544,555,0.922479749,1.0000453,0.850968897,0.00183356612,10,49,True,False,False,False,False,False,0.746344875,False
C02_BRAKE_ACCELERATOR_ATTACK,545,545,556,0.923083007,1.0000453,0.852082253,0.00184034125,10,49,True,False,False,False,False,False,0.74683295,False
C02_BRAKE_ACCELERATOR_ATTACK,546,546,557,0.923694074,1.0000453,0.853210747,0.0018487341,10,49,True,False,False,False,False,False,0.747327342,False
C02_BRAKE_ACCELERATOR_ATTACK,547,547,558,0.924313843,1.0000453,0.85435605,0.00186047761,10,49,True,False,False,False,False,False,0.747828774,False
C02_BRAKE_ACCELERATOR_ATTACK,548,548,559,0.924943328,1.0000453,0.855520189,0.00187481078,10,49,True,False,False,False,False,False,0.748338068,False
C02_BRAKE_ACCELERATOR_ATTACK,549,549,560,0.925583124,1.0000453,0.856704116,0.00189245085,10,49,True,False,False,False,False,False,0.748855703,False
C02_BRAKE_ACCELERATOR_ATTACK,550,550,561,0.926233768,1.0000453,0.857908964,0.00191009487,10,49,True,False,False,False,False,False,0.749382116,False
C02_BRAKE_ACCELERATOR_ATTACK,551,551,562,0.926895797,1.0000453,0.859135866,0.0019310863,10,49,True,False,False,False,False,False,0.74991774,False
C02_BRAKE_ACCELERATOR_ATTACK,552,552,563,0.927570522,1.0000453,0.860387087,0.00195470965,10,49,True,False,False,False,False,False,0.750463635,False
C02_BRAKE_ACCELERATOR_ATTACK,553,553,564,0.928258002,1.0000453,0.861662865,0.00198059482,10,49,True,False,False,False,False,False,0.75101985,False
C02_BRAKE_ACCELERATOR_ATTACK,554,554,565,0.928959489,1.0000453,0.862965763,0.00200828235,10,49,True,False,False,False,False,False,0.751587398,False
C02_BRAKE_ACCELERATOR_ATTACK,555,555,566,0.929675817,1.0000453,0.864297152,0.00203852751,10,49,True,False,False,False,False,False,0.752166953,False
C02_BRAKE_ACCELERATOR_ATTACK,556,556,567,0.930407286,1.0000453,0.865657747,0.00206872681,10,49,True,False,False,False,False,False,0.752758757,False
C02_BRAKE_ACCELERATOR_ATTACK,557,557,568,0.931154847,1.0000453,0.867049336,0.00210386608,10,49,True,False,False,False,False,False,0.753363582,False
C02_BRAKE_ACCELERATOR_ATTACK,558,558,569,0.931919336,1.0000453,0.868473649,0.00213887542,10,49,True,False,False,False,False,False,0.753982103,False
C02_BRAKE_ACCELERATOR_ATTACK,559,559,570,0.932701766,1.0000453,0.869932592,0.00217662379,10,49,True,False,False,False,False,False,0.754615139,False
C02_BRAKE_ACCELERATOR_ATTACK,560,560,571,0.933502316,1.0000453,0.871426582,0.00221419195,10,49,True,False,False,False,False,False,0.755262834,False
C02_BRAKE_ACCELERATOR_ATTACK,561,561,572,0.93432188,1.0000453,0.872957408,0.00225504721,10,49,True,False,False,False,False,False,0.755925914,False
C02_BRAKE_ACCELERATOR_ATTACK,562,562,573,0.935161769,1.0000453,0.874527574,0.00229764124,10,49,True,False,False,False,False,False,0.756605438,False
C02_BRAKE_ACCELERATOR_ATTACK,563,563,574,0.936022341,1.0000453,0.876137853,0.00234028744,10,49,True,False,False,False,False,False,0.757301695,False
C02_BRAKE_ACCELERATOR_ATTACK,564,564,575,0.936903894,1.0000453,0.877788961,0.0023843043,10,49,True,False,False,False,False,False,0.758014927,False
C02_BRAKE_ACCELERATOR_ATTACK,565,565,576,0.93780762,1.0000453,0.879483104,0.00242925948,10,49,True,False,False,False,False,False,0.758746099,False
C02_BRAKE_ACCELERATOR_ATTACK,566,566,577,0.938734233,1.0000453,0.88122195,0.00247604772,10,49,True,False,False,False,False,False,0.759495788,False
C02_BRAKE_ACCELERATOR_ATTACK,567,567,578,0.939684033,1.0000453,0.883006096,0.00252338126,10,49,True,False,False,False,False,False,0.760264237,False
C02_BRAKE_ACCELERATOR_ATTACK,568,568,579,0.940658331,1.0000453,0.884838045,0.0025717637,10,49,True,False,False,False,False,False,0.761052506,False
C02_BRAKE_ACCELERATOR_ATTACK,569,569,580,0.941657245,1.0000453,0.886718392,0.00262157014,10,49,True,False,False,False,False,False,0.761860691,False
C02_BRAKE_ACCELERATOR_ATTACK,570,570,581,0.942681909,1.0000453,0.888649166,0.00267073093,10,49,True,False,False,False,False,False,0.762689709,False
C02_BRAKE_ACCELERATOR_ATTACK,571,571,582,0.94373256,1.0000453,0.890631139,0.00272221304,10,49,True,False,False,False,False,False,0.763539753,False
C02_BRAKE_ACCELERATOR_ATTACK,572,572,583,0.944810331,1.0000453,0.892666578,0.00277375779,10,49,True,False,False,False,False,False,0.764411738,False
C02_BRAKE_ACCELERATOR_ATTACK,573,573,584,0.945915461,1.0000453,0.894756019,0.00282445503,10,49,True,False,False,False,False,False,0.765305859,False
C02_BRAKE_ACCELERATOR_ATTACK,574,574,585,0.947048306,1.0000453,0.896900475,0.00287596812,10,49,True,False,False,False,False,False,0.766222403,False
C02_BRAKE_ACCELERATOR_ATTACK,575,575,586,0.948209703,1.0000453,0.899101675,0.00292902184,10,49,True,False,False,False,False,False,0.767162047,False
C02_BRAKE_ACCELERATOR_ATTACK,576,576,587,0.949400246,1.0000453,0.901360869,0.0029812071,10,49,True,False,False,False,False,False,0.768125272,False
C02_BRAKE_ACCELERATOR_ATTACK,577,577,588,0.95062083,1.0000453,0.903679967,0.00303359842,10,49,True,False,False,False,False,False,0.769112802,False
C02_BRAKE_ACCELERATOR_ATTACK,578,578,589,0.951871037,1.0000453,0.906058431,0.00308572012,10,49,True,False,False,False,False,False,0.7701243,False
C02_BRAKE_ACCELERATOR_ATTACK,579,579,590,0.953151882,1.0000453,0.908498466,0.00313714449,10,49,True,False,False,False,False,False,0.771160584,False
C02_BRAKE_ACCELERATOR_ATTACK,580,580,591,0.954463542,1.0000453,0.911000609,0.00318937399,10,49,True,False,False,False,False,False,0.772221801,False
C02_BRAKE_ACCELERATOR_ATTACK,581,581,592,0.955806255,1.0000453,0.913565636,0.00323985773,10,49,True,False,False,False,False,False,0.773308142,False
C02_BRAKE_ACCELERATOR_ATTACK,582,582,593,0.957180619,1.0000453,0.916194737,0.00329041155,10,49,True,False,False,False,False,False,0.77442009,False
C02_BRAKE_ACCELERATOR_ATTACK,583,583,594,0.958586633,1.0000453,0.91888839,0.00334014045,10,49,True,False,False,False,False,False,0.775557644,False
C02_BRAKE_ACCELERATOR_ATTACK,584,584,595,0.960024714,1.0000453,0.921647429,0.00338981138,10,49,True,False,False,False,False,False,0.776721144,False
C02_BRAKE_ACCELERATOR_ATTACK,585,585,596,0.961494863,1.0000453,0.924472392,0.00343778543,10,49,True,False,False,False,False,False,0.777910588,False
C02_BRAKE_ACCELERATOR_ATTACK,586,586,597,0.962997615,1.0000453,0.927364409,0.00348585681,10,49,True,False,False,False,False,False,0.77912641,False
C02_BRAKE_ACCELERATOR_ATTACK,587,587,598,0.964532852,1.0000453,0.930323601,0.00353301363,10,49,True,False,False,False,False,False,0.780368514,False
C02_BRAKE_ACCELERATOR_ATTACK,588,588,599,0.966100752,1.0000453,0.933350682,0.00357774552,10,49,True,False,False,False,False,False,0.781637045,False
C03_TORQUE_DYNAMICS_ATTACK,0,0,11,0.895549953,1.0000453,0.802009761,0.0119638974,10,49,True,False,False,False,False,False,1.02216964,True
C03_TORQUE_DYNAMICS_ATTACK,1,1,12,0.895800948,1.0000453,0.8024593,0.0119316438,10,49,True,False,False,False,False,False,1.01941397,True
C03_TORQUE_DYNAMICS_ATTACK,2,2,13,0.896225452,1.0000453,0.803220034,0.0118952477,10,49,True,False,False,False,False,False,1.01630436,True
C03_TORQUE_DYNAMICS_ATTACK,3,3,14,0.896821678,1.0000453,0.804289162,0.0118538812,10,49,True,False,False,False,False,False,1.01277009,True
C03_TORQUE_DYNAMICS_ATTACK,4,4,15,0.89758718,1.0000453,0.805662751,0.0118067479,10,49,True,False,False,False,False,False,1.00874313,True
C03_TORQUE_DYNAMICS_ATTACK,5,5,16,0.898519278,1.0000453,0.807336867,0.0117546376,10,49,True,False,False,False,False,False,1.00429093,True
C03_TORQUE_DYNAMICS_ATTACK,6,6,17,0.89961493,1.0000453,0.809307039,0.0116975661,10,49,True,False,False,False,False,False,0.999414873,False
C03_TORQUE_DYNAMICS_ATTACK,7,7,18,0.90087074,1.0000453,0.811568141,0.0116355568,10,49,True,False,False,False,False,False,0.99411693,False
C03_TORQUE_DYNAMICS_ATTACK,8,8,19,0.902283192,1.0000453,0.814114928,0.0115685333,10,49,True,False,False,False,False,False,0.988390581,False
C03_TORQUE_DYNAMICS_ATTACK,9,9,20,0.903847873,1.0000453,0.816941023,0.0114957681,10,49,True,False,False,False,False,False,0.982173682,False
C03_TORQUE_DYNAMICS_ATTACK,10,10,21,0.905560613,1.0000453,0.820040047,0.0114188911,10,49,True,False,False,False,False,False,0.975605481,False
C03_TORQUE_DYNAMICS_ATTACK,11,11,22,0.907417119,1.0000453,0.823405802,0.011336945,10,49,True,False,False,False,False,False,0.968604179,False
C03_TORQUE_DYNAMICS_ATTACK,12,12,23,0.909412146,1.0000453,0.82703048,0.0112509532,10,49,True,False,False,False,False,False,0.961257224,False
C03_TORQUE_DYNAMICS_ATTACK,13,13,24,0.911541045,1.0000453,0.830907106,0.0111599537,10,49,True,False,False,False,False,False,0.95348242,False
C03_TORQUE_DYNAMICS_ATTACK,14,14,25,0.913798094,1.0000453,0.835026979,0.0110631846,10,49,True,False,False,False,False,False,0.945214679,False
C03_TORQUE_DYNAMICS_ATTACK,15,15,26,0.91617769,1.0000453,0.839381576,0.0109623428,10,49,True,False,False,False,False,False,0.936598977,False
C03_TORQUE_DYNAMICS_ATTACK,16,16,27,0.918674588,1.0000453,0.843963027,0.0108580934,10,49,True,False,False,False,False,False,0.927692128,False
C03_TORQUE_DYNAMICS_ATTACK,17,17,28,0.921282411,1.0000453,0.84876132,0.0107473452,10,49,True,False,False,False,False,False,0.918230038,False
C03_TORQUE_DYNAMICS_ATTACK,18,18,29,0.923995554,1.0000453,0.853767812,0.0106340498,10,49,True,False,False,False,False,False,0.908550324,False
C03_TORQUE_DYNAMICS_ATTACK,19,19,30,0.92680794,1.0000453,0.858972967,0.010515729,10,49,True,False,False,False,False,False,0.898441249,False
C03_TORQUE_DYNAMICS_ATTACK,20,20,31,0.929713488,1.0000453,0.864367127,0.0103949774,10,49,True,False,False,False,False,False,0.888124495,False
C03_TORQUE_DYNAMICS_ATTACK,21,21,32,0.932705224,1.0000453,0.869939089,0.0102677783,10,49,True,False,False,False,False,False,0.877256877,False
C03_TORQUE_DYNAMICS_ATTACK,22,22,33,0.935777545,1.0000453,0.875679612,0.0101370355,10,49,True,False,False,False,False,False,0.866086495,False
C03_TORQUE_DYNAMICS_ATTACK,23,23,34,0.938923419,1.0000453,0.881577134,0.0100022834,10,49,True,False,False,False,False,False,0.854573563,False
C03_TORQUE_DYNAMICS_ATTACK,24,24,35,0.942136526,1.0000453,0.887621224,0.00986334588,10,49,True,False,False,False,False,False,0.842703042,False
C03_TORQUE_DYNAMICS_ATTACK,25,25,36,0.94541055,1.0000453,0.893801153,0.00972195901,10,49,True,False,False,False,False,False,0.830623252,False
C03_TORQUE_DYNAMICS_ATTACK,26,26,37,0.948738933,1.0000453,0.900105596,0.00957655907,10,49,True,False,False,False,False,False,0.818200594,False
C03_TORQUE_DYNAMICS_ATTACK,27,27,38,0.952115297,1.0000453,0.906523585,0.0094260443,10,49,True,False,False,False,False,False,0.805340936,False
C03_TORQUE_DYNAMICS_ATTACK,28,28,39,0.955533206,1.0000453,0.913043678,0.00927485991,10,49,True,False,False,False,False,False,0.792424068,False
C03_TORQUE_DYNAMICS_ATTACK,29,29,40,0.958986521,1.0000453,0.919655204,0.00911860634,10,49,True,False,False,False,False,False,0.779074098,False
C03_TORQUE_DYNAMICS_ATTACK,30,30,41,0.962468922,1.0000453,0.926346421,0.0089590149,10,49,True,False,False,False,False,False,0.778698663,False
C03_TORQUE_DYNAMICS_ATTACK,31,31,42,0.965973735,1.0000453,0.93310529,0.00879526976,10,49,True,False,False,False,False,False,0.78153428,False
C03_TORQUE_DYNAMICS_ATTACK,32,32,43,0.969494641,1.0000453,0.939919829,0.00863098167,10,49,True,False,False,False,False,False,0.784382917,False
C03_TORQUE_DYNAMICS_ATTACK,33,33,44,0.973026633,1.0000453,0.94678086,0.00846227538,10,49,True,False,False,False,False,False,0.787240524,False
C03_TORQUE_DYNAMICS_ATTACK,34,34,45,0.976562917,1.0000453,0.953675151,0.00829127431,10,49,True,False,False,False,False,False,0.790101603,False
C03_TORQUE_DYNAMICS_ATTACK,35,35,46,0.980098486,1.0000453,0.960592985,0.00811848603,10,49,True,False,False,False,False,False,0.792962104,False
C03_TORQUE_DYNAMICS_ATTACK,36,36,47,0.983626962,1.01420283,0.967521966,0.00794165861,10,49,True,False,False,False,False,False,0.795816865,False
C03_TORQUE_DYNAMICS_ATTACK,37,37,48,0.987142384,1.03079629,0.974450111,0.00776259042,10,49,True,False,False,False,False,False,0.798661066,False
C03_TORQUE_DYNAMICS_ATTACK,38,38,49,0.990640044,1.04698098,0.981367707,0.00758175086,10,49,True,False,False,False,False,False,0.801490896,False
C03_TORQUE_DYNAMICS_ATTACK,39,39,50,0.994114518,1.06273663,0.988263726,0.00739836507,10,49,True,False,False,False,False,False,0.804301966,False
C03_TORQUE_DYNAMICS_ATTACK,40,40,51,0.997560441,1.07804263,0.995126784,0.00721259881,10,49,True,False,False,False,False,False,0.807089938,False
C03_TORQUE_DYNAMICS_ATTACK,41,41,52,1.00097299,1.09291947,1.00194681,0.00702511054,10,49,True,False,False,False,False,False,0.809850904,False
C03_TORQUE_DYNAMICS_ATTACK,42,42,53,1.00434744,1.10736728,1.00871384,0.00683681155,10,49,True,False,False,False,False,False,0.812581055,False
C03_TORQUE_DYNAMICS_ATTACK,43,43,54,1.00767875,1.12132454,1.01541638,0.00664556352,10,49,True,False,False,False,False,False,0.815276292,False
C03_TORQUE_DYNAMICS_ATTACK,44,44,55,1.01096296,1.13487315,1.02204621,0.00645313272,10,49,True,False,False,False,False,False,0.817933431,False
C03_TORQUE_DYNAMICS_ATTACK,45,45,56,1.01419532,1.14795172,1.02859223,0.00625932869,10,49,True,False,False,False,False,False,0.820548617,False
C03_TORQUE_DYNAMICS_ATTACK,46,46,57,1.01737154,1.16056025,1.03504479,0.00606215792,10,49,True,False,False,False,False,False,0.823118375,False
C03_TORQUE_DYNAMICS_ATTACK,47,47,58,1.02048779,1.17276013,1.04139543,0.00586653454,10,49,True,False,False,False,False,False,0.825639619,False
C03_TORQUE_DYNAMICS_ATTACK,48,48,59,1.02354026,1.18446958,1.04763472,0.00566978613,10,49,True,False,False,False,False,False,0.828109265,False
C03_TORQUE_DYNAMICS_ATTACK,49,49,60,1.02652621,1.19574988,1.053756,0.00547192292,10,49,True,False,False,False,False,False,0.830525092,False
C03_TORQUE_DYNAMICS_ATTACK,50,50,61,1.02944148,1.20656013,1.05974972,0.00527255936,10,49,True,False,False,False,False,False,0.832883725,False
C03_TORQUE_DYNAMICS_ATTACK,51,51,62,1.03228283,1.21692085,1.06560779,0.0050733299,10,49,True,False,False,False,False,False,0.835182561,False
C03_TORQUE_DYNAMICS_ATTACK,52,52,63,1.03504717,1.22681141,1.07132268,0.00487257075,10,49,True,False,False,False,False,False,0.837419092,False
C03_TORQUE_DYNAMICS_ATTACK,53,53,64,1.03773201,1.23627305,1.07688761,0.00467151171,10,49,True,False,False,False,False,False,0.839591292,False
C03_TORQUE_DYNAMICS_ATTACK,54,54,65,1.04033351,1.24524415,1.08229375,0.00447135698,10,49,True,False,False,False,False,False,0.841696074,False
C03_TORQUE_DYNAMICS_ATTACK,55,55,66,1.04285061,1.25378609,1.08753729,0.00426987233,10,49,True,False,False,False,False,False,0.843732572,False
C03_TORQUE_DYNAMICS_ATTACK,56,56,67,1.04528058,1.26189888,1.09261143,0.00407015253,10,49,True,False,False,False,False,False,0.845698566,False
C03_TORQUE_DYNAMICS_ATTACK,57,57,68,1.04762137,1.26954162,1.09751058,0.00387109164,10,49,True,False,False,False,False,False,0.847592417,False
C03_TORQUE_DYNAMICS_ATTACK,58,58,69,1.04987133,1.27673483,1.10222983,0.00367010571,10,49,True,False,False,False,False,False,0.849412775,False
C03_TORQUE_DYNAMICS_ATTACK,59,59,70,1.05202734,1.28345811,1.10676146,0.00347091653,10,49,True,False,False,False,False,False,0.851157132,False
C03_TORQUE_DYNAMICS_ATTACK,60,60,71,1.05408871,1.28975213,1.11110294,0.0032714915,10,49,True,False,False,False,False,False,0.852824909,False
C03_TORQUE_DYNAMICS_ATTACK,61,61,72,1.05605376,1.2956171,1.11524963,0.0030740723,10,49,True,False,False,False,False,False,0.854414756,False
C03_TORQUE_DYNAMICS_ATTACK,62,62,73,1.05792201,1.30105281,1.11919892,0.00287768082,10,49,True,False,False,False,False,False,0.855926288,False
C03_TORQUE_DYNAMICS_ATTACK,63,63,74,1.05969119,1.30601859,1.12294543,0.00268260017,10,49,True,False,False,False,False,False,0.857357671,False
C03_TORQUE_DYNAMICS_ATTACK,64,64,75,1.06136131,1.31057572,1.12648773,0.00248814281,10,49,True,False,False,False,False,False,0.858708907,False
C03_TORQUE_DYNAMICS_ATTACK,65,65,76,1.06293094,1.31470358,1.12982225,0.00229758816,10,49,True,False,False,False,False,False,0.859978836,False
C03_TORQUE_DYNAMICS_ATTACK,66,66,77,1.06440043,1.31840241,1.13294816,0.00210773479,10,49,True,False,False,False,False,False,0.86116775,False
C03_TORQUE_DYNAMICS_ATTACK,67,67,78,1.06576836,1.32167208,1.13586211,0.00191879086,10,49,True,False,False,False,False,False,0.862274489,False
C03_TORQUE_DYNAMICS_ATTACK,68,68,79,1.06703424,1.32453299,1.13856196,0.00173407025,10,49,True,False,False,False,False,False,0.86329867,False
C03_TORQUE_DYNAMICS_ATTACK,69,69,80,1.06819844,1.32698524,1.14104795,0.00155305874,10,49,True,False,False,False,False,False,0.86424058,False
C03_TORQUE_DYNAMICS_ATTACK,70,70,81,1.06926095,1.32902873,1.14331901,0.00137820281,10,49,True,False,False,False,False,False,0.86510022,False
C03_TORQUE_DYNAMICS_ATTACK,71,71,82,1.07022238,1.33066356,1.14537585,0.00120834995,10,49,True,False,False,False,False,False,0.865878073,False
C03_TORQUE_DYNAMICS_ATTACK,72,72,83,1.07108259,1.33191013,1.14721787,0.00104559469,10,49,True,False,False,False,False,False,0.866574041,False
C03_TORQUE_DYNAMICS_ATTACK,73,73,84,1.0718416,1.33274794,1.14884436,0.000893360702,10,49,True,False,False,False,False,False,0.867188125,False
C03_TORQUE_DYNAMICS_ATTACK,74,74,85,1.07250023,1.33321798,1.15025663,0.000760239665,10,49,True,False,False,False,False,False,0.867720999,False
C03_TORQUE_DYNAMICS_ATTACK,75,75,86,1.0730598,1.33332014,1.15145743,0.000650180504,10,49,True,False,False,False,False,False,0.868173726,False
C03_TORQUE_DYNAMICS_ATTACK,76,76,87,1.07352078,1.33332014,1.15244699,0.000578386069,10,49,True,False,False,False,False,False,0.86854669,False
C03_TORQUE_DYNAMICS_ATTACK,77,77,88,1.07388401,1.33332014,1.15322697,0.000557336549,10,49,True,False,False,False,False,False,0.868840567,False
C03_TORQUE_DYNAMICS_ATTACK,78,78,89,1.07415044,1.33332014,1.15379906,0.000590964453,10,49,True,False,False,False,False,False,0.869056128,False
C03_TORQUE_DYNAMICS_ATTACK,79,79,90,1.07432103,1.33332014,1.15416563,0.000668953755,10,49,True,False,False,False,False,False,0.869194145,False
C03_TORQUE_DYNAMICS_ATTACK,80,80,91,1.07439756,1.33332014,1.15433013,0.000774358283,10,49,True,False,False,False,False,False,0.869256064,False
C03_TORQUE_DYNAMICS_ATTACK,81,81,92,1.07438159,1.33332014,1.1542958,0.00089635211,10,49,True,False,False,False,False,False,0.86924314,False
C03_TORQUE_DYNAMICS_ATTACK,82,82,93,1.07427442,1.33332014,1.15406549,0.00102934428,10,49,True,False,False,False,False,False,0.869156433,False
C03_TORQUE_DYNAMICS_ATTACK,83,83,94,1.07407725,1.33332014,1.15364194,0.00116891111,10,49,True,False,False,False,False,False,0.868996909,False
C03_TORQUE_DYNAMICS_ATTACK,84,84,95,1.07379234,1.33332014,1.15302992,0.00130862813,10,49,True,False,False,False,False,False,0.868766398,False
C03_TORQUE_DYNAMICS_ATTACK,85,85,96,1.07342148,1.33332014,1.15223372,0.00145026669,10,49,True,False,False,False,False,False,0.868466349,False
C03_TORQUE_DYNAMICS_ATTACK,86,86,97,1.07296622,1.33332014,1.15125656,0.00159181457,10,49,True,False,False,False,False,False,0.868098014,False
C03_TORQUE_DYNAMICS_ATTACK,87,87,98,1.07242763,1.33303404,1.15010107,0.00173365313,10,49,True,False,False,False,False,False,0.867662262,False
C03_TORQUE_DYNAMICS_ATTACK,88,88,99,1.07180893,1.33238006,1.14877427,0.00187121844,10,49,True,False,False,False,False,False,0.867161698,False
C03_TORQUE_DYNAMICS_ATTACK,89,89,100,1.0711118,1.33135831,1.14728057,0.00200688234,10,49,True,False,False,False,False,False,0.86659767,False
C03_TORQUE_DYNAMICS_ATTACK,90,90,101,1.07033873,1.32996869,1.14562488,0.00214055227,10,49,True,False,False,False,False,False,0.865972206,False
C03_TORQUE_DYNAMICS_ATTACK,91,91,102,1.06949186,1.3282522,1.14381278,0.00227211416,10,49,True,False,False,False,False,False,0.86528704,False
C03_TORQUE_DYNAMICS_ATTACK,92,92,103,1.06857336,1.32620871,1.14184904,0.00240060361,10,49,True,False,False,False,False,False,0.864543909,False
C03_TORQUE_DYNAMICS_ATTACK,93,93,104,1.06758487,1.32381773,1.13973749,0.00252662157,10,49,True,False,False,False,False,False,0.863744163,False
C03_TORQUE_DYNAMICS_ATTACK,94,94,105,1.06652939,1.32107937,1.13748503,0.00264815846,10,49,True,False,False,False,False,False,0.862890213,False
C03_TORQUE_DYNAMICS_ATTACK,95,95,106,1.06540954,1.31805503,1.13509738,0.00276812236,10,49,True,False,False,False,False,False,0.861984181,False
C03_TORQUE_DYNAMICS_ATTACK,96,96,107,1.06422722,1.31470358,1.13257968,0.00288339215,10,49,True,False,False,False,False,False,0.861027611,False
C03_TORQUE_DYNAMICS_ATTACK,97,97,108,1.0629853,1.31104565,1.12993777,0.00299571222,10,49,True,False,False,False,False,False,0.860022816,False
C03_TORQUE_DYNAMICS_ATTACK,98,98,109,1.0616858,1.30706084,1.12717664,0.00310450839,10,49,True,False,False,False,False,False,0.858971438,False
C03_TORQUE_DYNAMICS_ATTACK,99,99,110,1.06033206,1.3028307,1.12430418,0.00321051572,10,49,True,False,False,False,False,False,0.857876175,False
C03_TORQUE_DYNAMICS_ATTACK,100,100,111,1.05892611,1.29831445,1.12132442,0.00331254164,10,49,True,False,False,False,False,False,0.856738669,False
C03_TORQUE_DYNAMICS_ATTACK,101,101,112,1.05747032,1.29351223,1.11824346,0.0034106872,10,49,True,False,False,False,False,False,0.855560847,False
C03_TORQUE_DYNAMICS_ATTACK,102,102,113,1.05596733,1.28844428,1.11506701,0.00350571307,10,49,True,False,False,False,False,False,0.854344832,False
C03_TORQUE_DYNAMICS_ATTACK,103,103,114,1.05442011,1.28313112,1.11180186,0.00359651842,10,49,True,False,False,False,False,False,0.853093034,False
C03_TORQUE_DYNAMICS_ATTACK,104,104,115,1.05283058,1.27755225,1.10845232,0.00368435867,10,49,True,False,False,False,False,False,0.851806998,False
C03_TORQUE_DYNAMICS_ATTACK,105,105,116,1.05120206,1.27174866,1.10502577,0.00376793486,10,49,True,False,False,False,False,False,0.850489423,False
C03_TORQUE_DYNAMICS_ATTACK,106,106,117,1.04953623,1.26569974,1.10152626,0.00384845724,10,49,True,False,False,False,False,False,0.84914166,False
C03_TORQUE_DYNAMICS_ATTACK,107,107,118,1.04783618,1.25944662,1.09796059,0.0039255959,10,49,True,False,False,False,False,False,0.847766216,False
C03_TORQUE_DYNAMICS_ATTACK,108,108,119,1.04610419,1.25296867,1.09433401,0.00399779854,10,49,True,False,False,False,False,False,0.846364925,False
C03_TORQUE_DYNAMICS_ATTACK,109,109,120,1.04434276,1.24626589,1.09065175,0.00406693527,10,49,True,False,False,False,False,False,0.84493981,False
C03_TORQUE_DYNAMICS_ATTACK,110,110,121,1.04255474,1.23937917,1.0869205,0.00413184427,10,49,True,False,False,False,False,False,0.843493188,False
C03_TORQUE_DYNAMICS_ATTACK,111,111,122,1.0407424,1.23230851,1.08314466,0.00419437233,10,49,True,False,False,False,False,False,0.842026891,False
C03_TORQUE_DYNAMICS_ATTACK,112,112,123,1.03890765,1.22505403,1.07932901,0.00425278023,10,49,True,False,False,False,False,False,0.840542461,False
C03_TORQUE_DYNAMICS_ATTACK,113,113,124,1.03705323,1.2176156,1.07547939,0.00430712057,10,49,True,False,False,False,False,False,0.839042117,False
C03_TORQUE_DYNAMICS_ATTACK,114,114,125,1.03518176,1.21003413,1.07160139,0.00435809093,10,49,True,False,False,False,False,False,0.837527981,False
C03_TORQUE_DYNAMICS_ATTACK,115,115,126,1.03329539,1.20226872,1.06769943,0.00440420024,10,49,True,False,False,False,False,False,0.83600179,False
C03_TORQUE_DYNAMICS_ATTACK,116,116,127,1.03139651,1.19438064,1.06377864,0.00444867183,10,49,True,False,False,False,False,False,0.834465471,False
C03_TORQUE_DYNAMICS_ATTACK,117,117,128,1.02948725,1.18632913,1.0598439,0.00448737713,10,49,True,False,False,False,False,False,0.832920761,False
C03_TORQUE_DYNAMICS_ATTACK,118,118,129,1.02756989,1.17815506,1.05589986,0.00452364422,10,49,True,False,False,False,False,False,0.831369493,False
C03_TORQUE_DYNAMICS_ATTACK,119,119,130,1.02564657,1.16987884,1.05195081,0.00455741771,10,49,True,False,False,False,False,False,0.829813403,False
C03_TORQUE_DYNAMICS_ATTACK,120,120,131,1.02371871,1.16145945,1.0480001,0.00458628405,10,49,True,False,False,False,False,False,0.828253647,False
C03_TORQUE_DYNAMICS_ATTACK,121,121,132,1.02178931,1.15295839,1.04405344,0.00461264933,10,49,True,False,False,False,False,False,0.826692638,False
C03_TORQUE_DYNAMICS_ATTACK,122,122,133,1.01985967,1.14433467,1.04011369,0.00463493355,10,49,True,False,False,False,False,False,0.825131435,False
C03_TORQUE_DYNAMICS_ATTACK,123,123,134,1.01793194,1.1356293,1.0361855,0.00465390692,10,49,True,False,False,False,False,False,0.823571776,False
C03_TORQUE_DYNAMICS_ATTACK,124,124,135,1.01600826,1.12684214,1.03227282,0.0046695848,10,49,True,False,False,False,False,False,0.822015396,False
C03_TORQUE_DYNAMICS_ATTACK,125,125,136,1.01409006,1.11799359,1.02837861,0.0046827849,10,49,True,False,False,False,False,False,0.820463453,False
C03_TORQUE_DYNAMICS_ATTACK,126,126,137,1.01217902,1.10908389,1.02450633,0.0046926802,10,49,True,False,False,False,False,False,0.818917297,False
C03_TORQUE_DYNAMICS_ATTACK,127,127,138,1.01027668,1.10009229,1.02065897,0.00469845999,10,49,True,False,False,False,False,False,0.817378181,False
C03_TORQUE_DYNAMICS_ATTACK,128,128,139,1.0083847,1.09108031,1.01683962,0.00470341276,10,49,True,False,False,False,False,False,0.815847456,False
C03_TORQUE_DYNAMICS_ATTACK,129,129,140,1.04584646,2.40993237,1.09379494,0.191266984,10,49,True,False,False,False,False,False,16.3414394,True
C03_TORQUE_DYNAMICS_ATTACK,130,130,141,1.08182847,2.40993237,1.17035294,0.191266924,10,49,True,False,False,False,False,False,16.3414343,True
C03_TORQUE_DYNAMICS_ATTACK,131,131,142,1.11647666,2.40993237,1.24652016,0.191266775,10,49,True,False,False,False,False,False,16.3414216,True
C03_TORQUE_DYNAMICS_ATTACK,132,132,143,1.14991236,2.40993237,1.32229853,0.191266596,10,49,True,False,False,False,False,False,16.3414063,True
C03_TORQUE_DYNAMICS_ATTACK,133,133,144,1.1822418,2.40993237,1.39769566,0.191266313,10,49,True,False,False,False,False,False,16.3413821,True
C03_TORQUE_DYNAMICS_ATTACK,134,134,145,1.21355462,2.40993237,1.47271478,0.191266,10,49,True,False,False,False,False,False,16.3413554,True
C03_TORQUE_DYNAMICS_ATTACK,135,135,146,1.24392891,2.40993237,1.54735923,0.191265643,10,49,True,False,False,False,False,False,16.3413248,True
C03_TORQUE_DYNAMICS_ATTACK,136,136,147,1.2734344,2.40993237,1.62163508,0.191265196,10,49,True,False,False,False,False,False,16.3412866,True
C03_TORQUE_DYNAMICS_ATTACK,137,137,148,1.30213165,2.40993237,1.69554698,0.191264719,10,49,True,False,False,False,False,False,16.3412459,True
C03_TORQUE_DYNAMICS_ATTACK,138,138,149,1.33007574,2.40993237,1.76910162,0.191264153,10,49,True,False,False,False,False,False,16.3411975,True
C03_TORQUE_DYNAMICS_ATTACK,139,139,150,1.35731459,2.40993237,1.84230292,0.191263542,10,49,True,False,False,False,False,False,16.3411453,True
C03_TORQUE_DYNAMICS_ATTACK,140,140,151,1.38389254,2.40993237,1.91515839,0.00453399355,10,49,True,False,False,False,False,False,1.25947845,True
C03_TORQUE_DYNAMICS_ATTACK,141,141,152,1.38091505,2.40087938,1.90692639,0.00450502802,10,49,True,False,False,False,False,False,1.25474718,True
C03_TORQUE_DYNAMICS_ATTACK,142,142,153,1.37796474,2.3918879,1.8987869,0.00447525363,10,49,True,False,False,False,False,False,1.25004805,True
C03_TORQUE_DYNAMICS_ATTACK,143,143,154,1.37504292,2.38291693,1.8907429,0.00444214139,10,49,True,False,False,False,False,False,1.24535964,True
C03_TORQUE_DYNAMICS_ATTACK,144,144,155,1.37215137,2.37402749,1.88279927,0.00440826127,10,49,True,False,False,False,False,False,1.24071384,True
C03_TORQUE_DYNAMICS_ATTACK,145,145,156,1.36929035,2.36517906,1.87495601,0.00437267078,10,49,True,False,False,False,False,False,1.23608948,True
C03_TORQUE_DYNAMICS_ATTACK,146,146,157,1.36646175,2.3563714,1.86721778,0.00433376431,10,49,True,False,False,False,False,False,1.23148642,True
C03_TORQUE_DYNAMICS_ATTACK,147,147,158,1.36366689,2.34764552,1.85958743,0.00429483783,10,49,True,False,False,False,False,False,1.2269261,True
C03_TORQUE_DYNAMICS_ATTACK,148,148,159,1.36090624,2.33898091,1.8520658,0.00425422518,10,49,True,False,False,False,False,False,1.22239781,True
C03_TORQUE_DYNAMICS_ATTACK,149,149,160,1.33113194,2.33041859,1.77191234,0.193866447,10,49,True,False,False,False,False,False,16.5635319,True
C03_TORQUE_DYNAMICS_ATTACK,150,150,161,1.30085516,2.32191753,1.69222403,0.193865523,10,49,True,False,False,False,False,False,16.563453,True
C03_TORQUE_DYNAMICS_ATTACK,151,151,162,1.27003884,2.31351876,1.61299872,0.193864599,10,49,True,False,False,False,False,False,16.563374,True
C03_TORQUE_DYNAMICS_ATTACK,152,152,163,1.23864067,2.30518103,1.53423059,0.19386366,10,49,True,False,False,False,False,False,16.5632938,True
C03_TORQUE_DYNAMICS_ATTACK,153,153,164,1.20661378,2.29692531,1.45591688,0.193862706,10,49,True,False,False,False,False,False,16.5632124,True
C03_TORQUE_DYNAMICS_ATTACK,154,154,165,1.17390561,2.28877163,1.3780545,0.193861723,10,49,True,False,False,False,False,False,16.5631283,True
C03_TORQUE_DYNAMICS_ATTACK,155,155,166,1.14045477,2.28072,1.30063713,0.193860769,10,49,True,False,False,False,False,False,16.5630469,True
C03_TORQUE_DYNAMICS_ATTACK,156,156,167,1.10619128,2.27275038,1.22365904,0.193859816,10,49,True,False,False,False,False,False,16.5629654,True
C03_TORQUE_DYNAMICS_ATTACK,157,157,168,1.07103527,2.26490307,1.14711654,0.193858877,10,49,True,False,False,False,False,False,16.5628852,True
C03_TORQUE_DYNAMICS_ATTACK,158,158,169,1.03489208,2.25713778,1.07100153,0.193857923,10,49,True,False,False,False,False,False,16.5628037,True
C03_TORQUE_DYNAMICS_ATTACK,159,159,170,0.997653067,2.24947453,0.995311677,0.193856969,10,49,True,False,False,False,False,False,16.5627222,True
C03_TORQUE_DYNAMICS_ATTACK,160,160,171,0.95918715,1.0000453,0.920039952,0.00370465149,10,49,True,False,False,False,False,False,0.776043501,False
C03_TORQUE_DYNAMICS_ATTACK,161,161,172,0.958082974,1.0000453,0.917923033,0.00365641923,10,49,True,False,False,False,False,False,0.775150152,False
C03_TORQUE_DYNAMICS_ATTACK,162,162,173,0.957004786,1.0000453,0.91585815,0.00360827451,10,49,True,False,False,False,False,False,0.774277829,False
C03_TORQUE_DYNAMICS_ATTACK,163,163,174,0.95595181,1.0000453,0.91384387,0.00356009696,10,49,True,False,False,False,False,False,0.773425905,False
C03_TORQUE_DYNAMICS_ATTACK,164,164,175,0.954923749,1.0000453,0.91187942,0.00351188588,10,49,True,False,False,False,False,False,0.772594138,False
C03_TORQUE_DYNAMICS_ATTACK,165,165,176,0.953920007,1.0000453,0.909963429,0.00346621149,10,49,True,False,False,False,False,False,0.771782046,False
C03_TORQUE_DYNAMICS_ATTACK,166,166,177,0.95293963,1.0000453,0.908093989,0.00341963931,10,49,True,False,False,False,False,False,0.770988859,False
C03_TORQUE_DYNAMICS_ATTACK,167,167,178,0.951982617,1.0000453,0.906270921,0.00337305455,10,49,True,False,False,False,False,False,0.770214575,False
C03_TORQUE_DYNAMICS_ATTACK,168,168,179,0.951048374,1.0000453,0.904493034,0.00332813198,10,49,True,False,False,False,False,False,0.769458713,False
C03_TORQUE_DYNAMICS_ATTACK,169,169,180,0.950136244,1.0000453,0.902758837,0.00328231766,10,49,True,False,False,False,False,False,0.768720742,False
C03_TORQUE_DYNAMICS_ATTACK,170,170,181,0.949245691,1.0000453,0.901067436,0.0032407511,10,49,True,False,False,False,False,False,0.768000227,False
C03_TORQUE_DYNAMICS_ATTACK,171,171,182,0.948375463,1.0000453,0.899416029,0.00319821993,10,49,True,False,False,False,False,False,0.767296158,False
C03_TORQUE_DYNAMICS_ATTACK,172,172,183,0.94752574,1.0000453,0.897804976,0.00315572927,10,49,True,False,False,False,False,False,0.766608677,False
C03_TORQUE_DYNAMICS_ATTACK,173,173,184,0.946695685,1.0000453,0.896232665,0.00311573525,10,49,True,False,False,False,False,False,0.76593711,False
C03_TORQUE_DYNAMICS_ATTACK,174,174,185,0.945884526,1.0000453,0.894697487,0.00307659246,10,49,True,False,False,False,False,False,0.76528083,False
C03_TORQUE_DYNAMICS_ATTACK,175,175,186,0.945091307,1.0000453,0.893197596,0.003039876,10,49,True,False,False,False,False,False,0.764639066,False
C03_TORQUE_DYNAMICS_ATTACK,176,176,187,0.944315553,1.0000453,0.891731858,0.00300315558,10,49,True,False,False,False,False,False,0.764011431,False
C03_TORQUE_DYNAMICS_ATTACK,177,177,188,0.943556428,1.0000453,0.890298784,0.00296889711,10,49,True,False,False,False,False,False,0.763397251,False
C03_TORQUE_DYNAMICS_ATTACK,178,178,189,0.942813456,1.0000453,0.88889724,0.00293634227,10,49,True,False,False,False,False,False,0.762796139,False
C03_TORQUE_DYNAMICS_ATTACK,179,179,190,0.942085505,1.0000453,0.887525141,0.00290540978,10,49,True,False,False,False,False,False,0.76220718,False
C03_TORQUE_DYNAMICS_ATTACK,180,180,191,0.941372275,1.0000453,0.886181712,0.00287621282,10,49,True,False,False,False,False,False,0.761630132,False
C03_TORQUE_DYNAMICS_ATTACK,181,181,192,0.940672517,1.0000453,0.884864748,0.00284858583,10,49,True,False,False,False,False,False,0.761063983,False
C03_TORQUE_DYNAMICS_ATTACK,182,182,193,0.939985812,1.0000453,0.883573353,0.00282263733,10,49,True,False,False,False,False,False,0.760508395,False
C03_TORQUE_DYNAMICS_ATTACK,183,183,194,0.939311683,1.0000453,0.882306457,0.0027992588,10,49,True,False,False,False,False,False,0.759962982,False
C03_TORQUE_DYNAMICS_ATTACK,184,184,195,0.938648582,1.0000453,0.881061137,0.00277912943,10,49,True,False,False,False,False,False,0.759426491,False
C03_TORQUE_DYNAMICS_ATTACK,185,185,196,0.93799597,1.0000453,0.87983644,0.00276072952,10,49,True,False,False,False,False,False,0.758898487,False
C03_TORQUE_DYNAMICS_ATTACK,186,186,197,0.937353253,1.0000453,0.878631175,0.00274313847,10,49,True,False,False,False,False,False,0.758378488,False
C03_TORQUE_DYNAMICS_ATTACK,187,187,198,0.936719775,1.0000453,0.87744391,0.00272890949,10,49,True,False,False,False,False,False,0.757865963,False
C03_TORQUE_DYNAMICS_ATTACK,188,188,199,0.936094582,1.0000453,0.876273036,0.00271633477,10,49,True,False,False,False,False,False,0.757360142,False
C03_TORQUE_DYNAMICS_ATTACK,189,189,200,0.935477138,1.0000453,0.875117421,0.00270628324,10,49,True,False,False,False,False,False,0.75686059,False
C03_TORQUE_DYNAMICS_ATTACK,190,190,201,0.93486625,1.0000453,0.873974919,0.00269956142,10,49,True,False,False,False,False,False,0.756366343,False
C03_TORQUE_DYNAMICS_ATTACK,191,191,202,0.93426156,1.0000453,0.872844636,0.00269537303,10,49,True,False,False,False,False,False,0.755877111,False
C03_TORQUE_DYNAMICS_ATTACK,192,192,203,0.933662057,1.0000453,0.871724784,0.00269285659,10,49,True,False,False,False,False,False,0.755392075,False
C03_TORQUE_DYNAMICS_ATTACK,193,193,204,0.933066845,1.0000453,0.870613694,0.0026945374,10,49,True,False,False,False,False,False,0.75491051,False
C03_TORQUE_DYNAMICS_ATTACK,194,194,205,0.932475507,1.0000453,0.869510591,0.00269788411,10,49,True,False,False,False,False,False,0.75443208,False
C03_TORQUE_DYNAMICS_ATTACK,195,195,206,0.93188715,1.0000453,0.868413627,0.00270293024,10,49,True,False,False,False,False,False,0.753956062,False
C03_TORQUE_DYNAMICS_ATTACK,196,196,207,0.931301177,1.0000453,0.867321849,0.00271217222,10,49,True,False,False,False,False,False,0.753481972,False
C03_TORQUE_DYNAMICS_ATTACK,197,197,208,0.930716932,1.0000453,0.866234004,0.00272390898,10,49,True,False,False,False,False,False,0.753009281,False
C03_TORQUE_DYNAMICS_ATTACK,198,198,209,0.930133641,1.0000453,0.865148544,0.00273816381,10,49,True,False,False,False,False,False,0.752537361,False
C03_TORQUE_DYNAMICS_ATTACK,199,199,210,0.929550469,1.0000453,0.864064097,0.00275578676,10,49,True,False,False,False,False,False,0.752065538,False
C03_TORQUE_DYNAMICS_ATTACK,200,200,211,0.928967059,1.0000453,0.862979829,0.00277588866,10,49,True,False,False,False,False,False,0.751593522,False
C03_TORQUE_DYNAMICS_ATTACK,201,201,212,0.928382218,1.0000453,0.861893535,0.00279946229,10,49,True,False,False,False,False,False,0.751120349,False
C03_TORQUE_DYNAMICS_ATTACK,202,202,213,0.927796125,1.0000453,0.86080569,0.00282458216,10,49,True,False,False,False,False,False,0.750646162,False
C03_TORQUE_DYNAMICS_ATTACK,203,203,214,0.927207589,1.0000453,0.859713912,0.00285481685,10,49,True,False,False,False,False,False,0.750169999,False
C03_TORQUE_DYNAMICS_ATTACK,204,204,215,0.926616311,1.0000453,0.858617842,0.00288501917,10,49,True,False,False,False,False,False,0.749691617,False
C03_TORQUE_DYNAMICS_ATTACK,205,205,216,0.926021814,1.0000453,0.857516408,0.00292107603,10,49,True,False,False,False,False,False,0.749210632,False
C03_TORQUE_DYNAMICS_ATTACK,206,206,217,0.925423324,1.0000453,0.856408358,0.00295880134,10,49,True,False,False,False,False,False,0.748726415,False
C03_TORQUE_DYNAMICS_ATTACK,207,207,218,0.924820602,1.0000453,0.855293095,0.00299906568,10,49,True,False,False,False,False,False,0.748238774,False
C03_TORQUE_DYNAMICS_ATTACK,208,208,219,0.924213171,1.0000453,0.854170024,0.00304260291,10,49,True,False,False,False,False,False,0.747747324,False
C03_TORQUE_DYNAMICS_ATTACK,209,209,220,0.923600435,1.0000453,0.853037715,0.0030903921,10,49,True,False,False,False,False,False,0.747251582,False
C03_TORQUE_DYNAMICS_ATTACK,210,210,221,0.922982037,1.0000453,0.851895869,0.00313980528,10,49,True,False,False,False,False,False,0.746751258,False
C03_TORQUE_DYNAMICS_ATTACK,211,211,222,0.922357738,1.0000453,0.85074383,0.00319337845,10,49,True,False,False,False,False,False,0.746246161,False
C03_TORQUE_DYNAMICS_ATTACK,212,212,223,0.921727061,1.0000453,0.849580824,0.00324787176,10,49,True,False,False,False,False,False,0.745735903,False
C03_TORQUE_DYNAMICS_ATTACK,213,213,224,0.921090364,1.0000453,0.848407447,0.0033071842,10,49,True,False,False,False,False,False,0.745220775,False
C03_TORQUE_DYNAMICS_ATTACK,214,214,225,0.920446694,1.0000453,0.84722209,0.00336748292,10,49,True,False,False,False,False,False,0.744700004,False
C03_TORQUE_DYNAMICS_ATTACK,215,215,226,0.919796467,1.0000453,0.846025527,0.00343264639,10,49,True,False,False,False,False,False,0.744173929,False
C03_TORQUE_DYNAMICS_ATTACK,216,216,227,0.919139266,1.0000453,0.844817042,0.00349869393,10,49,True,False,False,False,False,False,0.743642212,False
C03_TORQUE_DYNAMICS_ATTACK,217,217,228,0.918475211,1.0000453,0.843596697,0.00356892147,10,49,True,False,False,False,False,False,0.743104949,False
C03_TORQUE_DYNAMICS_ATTACK,218,218,229,0.91780442,1.0000453,0.842364967,0.00364067289,10,49,True,False,False,False,False,False,0.742562236,False
C03_TORQUE_DYNAMICS_ATTACK,219,219,230,0.917126715,1.0000453,0.841121376,0.00371666765,10,49,True,False,False,False,False,False,0.74201393,False
C03_TORQUE_DYNAMICS_ATTACK,220,220,231,0.916442156,1.0000453,0.839866221,0.00379443495,10,49,True,False,False,False,False,False,0.741460078,False
C03_TORQUE_DYNAMICS_ATTACK,221,221,232,0.915751398,1.0000453,0.838600576,0.00387448468,10,49,True,False,False,False,False,False,0.74090121,False
C03_TORQUE_DYNAMICS_ATTACK,222,222,233,0.915054321,1.0000453,0.83732444,0.00395714445,10,49,True,False,False,False,False,False,0.740337231,False
C03_TORQUE_DYNAMICS_ATTACK,223,223,234,0.914351702,1.0000453,0.836039007,0.00404217001,10,49,True,False,False,False,False,False,0.739768767,False
C03_TORQUE_DYNAMICS_ATTACK,224,224,235,0.913643599,1.0000453,0.834744573,0.00413062377,10,49,True,False,False,False,False,False,0.739195867,False
C03_TORQUE_DYNAMICS_ATTACK,225,225,236,0.912930489,1.0000453,0.833442092,0.00422058813,10,49,True,False,False,False,False,False,0.738618915,False
C03_TORQUE_DYNAMICS_ATTACK,226,226,237,0.912212968,1.0000453,0.832132518,0.0043140715,10,49,True,False,False,False,False,False,0.738038395,False
C03_TORQUE_DYNAMICS_ATTACK,227,227,238,0.911491871,1.0000453,0.830817461,0.0044080345,10,49,True,False,False,False,False,False,0.737454982,False
C03_TORQUE_DYNAMICS_ATTACK,228,228,239,0.910767794,1.0000453,0.829497993,0.00450470205,10,49,True,False,False,False,False,False,0.736869157,False
C03_TORQUE_DYNAMICS_ATTACK,229,229,240,0.910041511,1.0000453,0.828175545,0.00460546883,10,49,True,False,False,False,False,False,0.736281548,False
C03_TORQUE_DYNAMICS_ATTACK,230,230,241,0.909313858,1.0000453,0.826851726,0.00470530475,10,49,True,False,False,False,False,False,0.73569283,False
C03_TORQUE_DYNAMICS_ATTACK,231,231,242,0.908585906,1.0000453,0.825528383,0.00480864057,10,49,True,False,False,False,False,False,0.735103871,False
C03_TORQUE_DYNAMICS_ATTACK,232,232,243,0.907858729,1.0000453,0.824207485,0.00491520576,10,49,True,False,False,False,False,False,0.734515539,False
C03_TORQUE_DYNAMICS_ATTACK,233,233,244,0.90713352,1.0000453,0.822891176,0.00502071995,10,49,True,False,False,False,False,False,0.733928798,False
C03_TORQUE_DYNAMICS_ATTACK,234,234,245,0.90641135,1.0000453,0.821581483,0.00513053034,10,49,True,False,False,False,False,False,0.733344517,False
C03_TORQUE_DYNAMICS_ATTACK,235,235,246,0.905693591,1.0000453,0.82028091,0.0052403342,10,49,True,False,False,False,False,False,0.732763804,False
C03_TORQUE_DYNAMICS_ATTACK,236,236,247,0.904981732,1.0000453,0.818991899,0.00535342516,10,49,True,False,False,False,False,False,0.732187865,False
C03_TORQUE_DYNAMICS_ATTACK,237,237,248,0.904277146,1.0000453,0.817717195,0.00546571426,10,49,True,False,False,False,False,False,0.73161781,False
C03_TORQUE_DYNAMICS_ATTACK,238,238,249,0.903581738,1.0000453,0.816459954,0.00558196614,10,49,True,False,False,False,False,False,0.731055181,False
C03_TORQUE_DYNAMICS_ATTACK,239,239,250,0.902896941,1.0000453,0.815222859,0.00569735654,10,49,True,False,False,False,False,False,0.730501136,False
C03_TORQUE_DYNAMICS_ATTACK,240,240,251,0.902224481,1.0000453,0.814009011,0.00581464544,10,49,True,False,False,False,False,False,0.729957073,False
C03_TORQUE_DYNAMICS_ATTACK,241,241,252,0.901566446,1.0000453,0.812822044,0.0059350701,10,49,True,False,False,False,False,False,0.729424681,False
C03_TORQUE_DYNAMICS_ATTACK,242,242,253,0.900924623,1.0000453,0.811665177,0.00605381932,10,49,True,False,False,False,False,False,0.728905405,False
C03_TORQUE_DYNAMICS_ATTACK,243,243,254,0.900301158,1.0000453,0.810542226,0.0061734817,10,49,True,False,False,False,False,False,0.728400983,False
C03_TORQUE_DYNAMICS_ATTACK,244,244,255,0.899698317,1.0000453,0.809457064,0.00629623933,10,49,True,False,False,False,False,False,0.727913246,False
C03_TORQUE_DYNAMICS_ATTACK,245,245,256,0.899118006,1.0000453,0.808413148,0.00641836552,10,49,True,False,False,False,False,False,0.727443737,False
C03_TORQUE_DYNAMICS_ATTACK,246,246,257,0.898562729,1.0000453,0.807414949,0.00654207496,10,49,True,False,False,False,False,False,0.726994483,False
C03_TORQUE_DYNAMICS_ATTACK,247,247,258,0.898034751,1.0000453,0.80646646,0.00666405028,10,49,True,False,False,False,False,False,0.726567315,False
C03_TORQUE_DYNAMICS_ATTACK,248,248,259,0.897536874,1.0000453,0.80557245,0.00678761536,10,49,True,False,False,False,False,False,0.7261645,False
C03_TORQUE_DYNAMICS_ATTACK,249,249,260,0.897071302,1.0000453,0.804736912,0.00691216672,10,49,True,False,False,False,False,False,0.725787823,False
C03_TORQUE_DYNAMICS_ATTACK,250,250,261,0.896640778,1.0000453,0.803964674,0.00703735929,10,49,True,False,False,False,False,False,0.725439502,False
C03_TORQUE_DYNAMICS_ATTACK,251,251,262,0.896247804,1.0000453,0.803260088,0.00716096023,10,49,True,False,False,False,False,False,0.725121561,False
C03_TORQUE_DYNAMICS_ATTACK,252,252,263,0.895895302,1.0000453,0.802628398,0.00728553906,10,49,True,False,False,False,False,False,0.724836365,False
C03_TORQUE_DYNAMICS_ATTACK,253,253,264,0.895586073,1.0000453,0.802074373,0.0074089691,10,49,True,False,False,False,False,False,0.724586179,False
C03_TORQUE_DYNAMICS_ATTACK,254,254,265,0.895322859,1.0000453,0.801603019,0.00753427576,10,49,True,False,False,False,False,False,0.724373222,False
C03_TORQUE_DYNAMICS_ATTACK,255,255,266,0.895108581,1.0000453,0.801219344,0.00765693793,10,49,True,False,False,False,False,False,0.724199857,False
C03_TORQUE_DYNAMICS_ATTACK,256,256,267,0.894946098,1.0000453,0.800928533,0.00777968811,10,49,True,False,False,False,False,False,0.724068398,False
C03_TORQUE_DYNAMICS_ATTACK,257,257,268,0.894838572,1.0000453,0.80073607,0.00790162757,10,49,True,False,False,False,False,False,0.723981402,False
C03_TORQUE_DYNAMICS_ATTACK,258,258,269,0.894788802,1.0000453,0.80064702,0.0080242753,10,49,True,False,False,False,False,False,0.723941135,False
C03_TORQUE_DYNAMICS_ATTACK,259,259,270,0.894799829,1.0000453,0.800666749,0.00814522523,10,49,True,False,False,False,False,False,0.723950056,False
C03_TORQUE_DYNAMICS_ATTACK,260,260,271,0.894874692,1.0000453,0.800800741,0.00826552697,10,49,True,False,False,False,False,False,0.724010626,False
C03_TORQUE_DYNAMICS_ATTACK,261,261,272,0.895016432,1.0000453,0.801054418,0.00838492066,10,49,True,False,False,False,False,False,0.724125302,False
C03_TORQUE_DYNAMICS_ATTACK,262,262,273,0.895227969,1.0000453,0.801433146,0.00850253645,10,49,True,False,False,False,False,False,0.726438414,False
C03_TORQUE_DYNAMICS_ATTACK,263,263,274,0.895512342,1.0000453,0.801942408,0.00861776527,10,49,True,False,False,False,False,False,0.736283316,False
C03_TORQUE_DYNAMICS_ATTACK,264,264,275,0.895872533,1.0000453,0.802587569,0.00873456988,10,49,True,False,False,False,False,False,0.74626285,False
C03_TORQUE_DYNAMICS_ATTACK,265,265,276,0.896311522,1.0000453,0.80337429,0.00884734653,10,49,True,False,False,False,False,False,0.755898244,False
C03_TORQUE_DYNAMICS_ATTACK,266,266,277,0.896831989,1.0000453,0.80430764,0.0089590922,10,49,True,False,False,False,False,False,0.765445554,False
C03_TORQUE_DYNAMICS_ATTACK,267,267,278,0.897437036,1.0000453,0.805393279,0.00907016266,10,49,True,False,False,False,False,False,0.774935175,False
C03_TORQUE_DYNAMICS_ATTACK,268,268,279,0.898129404,1.0000453,0.806636393,0.00917869434,10,49,True,False,False,False,False,False,0.784207888,False
C03_TORQUE_DYNAMICS_ATTACK,269,269,280,0.898911715,1.0000453,0.808042228,0.00928559341,10,49,True,False,False,False,False,False,0.793341114,False
C03_TORQUE_DYNAMICS_ATTACK,270,270,281,0.899786592,1.0000453,0.80961591,0.00938990247,10,49,True,False,False,False,False,False,0.802253056,False
C03_TORQUE_DYNAMICS_ATTACK,271,271,282,0.900756657,1.0000453,0.811362505,0.00949185248,10,49,True,False,False,False,False,False,0.810963446,False
C03_TORQUE_DYNAMICS_ATTACK,272,272,283,0.901824296,1.0000453,0.81328702,0.00959126838,10,49,True,False,False,False,False,False,0.819457326,False
C03_TORQUE_DYNAMICS_ATTACK,273,273,284,0.902991593,1.0000453,0.815393865,0.00968895759,10,49,True,False,False,False,False,False,0.827803682,False
C03_TORQUE_DYNAMICS_ATTACK,274,274,285,0.904261231,1.0000453,0.817688406,0.00978503004,10,49,True,False,False,False,False,False,0.836011905,False
C03_TORQUE_DYNAMICS_ATTACK,275,275,286,0.90563488,1.0000453,0.820174575,0.00987611618,10,49,True,False,False,False,False,False,0.843794109,False
C03_TORQUE_DYNAMICS_ATTACK,276,276,287,0.907114565,1.0000453,0.822856843,0.00996555947,10,49,True,False,False,False,False,False,0.851435951,False
C03_TORQUE_DYNAMICS_ATTACK,277,277,288,0.908702075,1.0000453,0.825739503,0.0100532919,10,49,True,False,False,False,False,False,0.858931622,False
C03_TORQUE_DYNAMICS_ATTACK,278,278,289,0.910399258,1.0000453,0.828826845,0.010136974,10,49,True,False,False,False,False,False,0.866081243,False
C03_TORQUE_DYNAMICS_ATTACK,279,279,290,0.912207186,1.0000453,0.832121909,0.0102172745,10,49,True,False,False,False,False,False,0.872941945,False
C03_TORQUE_DYNAMICS_ATTACK,280,280,291,0.914127409,1.0000453,0.835628927,0.0102951517,10,49,True,False,False,False,False,False,0.879595605,False
C03_TORQUE_DYNAMICS_ATTACK,281,281,292,0.916161001,1.0000453,0.839350998,0.0103704864,10,49,True,False,False,False,False,False,0.886032038,False
C03_TORQUE_DYNAMICS_ATTACK,282,282,293,0.918308794,1.0000453,0.843291044,0.0104408571,10,49,True,False,False,False,False,False,0.892044362,False
C03_TORQUE_DYNAMICS_ATTACK,283,283,294,0.920571506,1.0000453,0.847451866,0.0105087431,10,49,True,False,False,False,False,False,0.897844392,False
C03_TORQUE_DYNAMICS_ATTACK,284,284,295,0.922949672,1.0000453,0.851836085,0.0105733043,10,49,True,False,False,False,False,False,0.903360358,False
C03_TORQUE_DYNAMICS_ATTACK,285,285,296,0.925444007,1.0000453,0.856446624,0.0106346142,10,49,True,False,False,False,False,False,0.908598543,False
C03_TORQUE_DYNAMICS_ATTACK,286,286,297,0.928053975,1.0000453,0.861284196,0.0106916856,10,49,True,False,False,False,False,False,0.913474605,False
C03_TORQUE_DYNAMICS_ATTACK,287,287,298,0.930779994,1.0000453,0.866351366,0.0107454937,10,49,True,False,False,False,False,False,0.918071852,False
C03_TORQUE_DYNAMICS_ATTACK,288,288,299,0.933621526,1.0000453,0.871649206,0.0107951565,10,49,True,False,False,False,False,False,0.922314933,False
C03_TORQUE_DYNAMICS_ATTACK,289,289,300,0.936577976,1.0000453,0.877178252,0.0108398469,10,49,True,False,False,False,False,False,0.926133189,False
C03_TORQUE_DYNAMICS_ATTACK,290,290,301,0.939648509,1.0000453,0.882939339,0.010882047,10,49,True,False,False,False,False,False,0.929738673,False
C03_TORQUE_DYNAMICS_ATTACK,291,291,302,0.942832589,1.0000453,0.888933241,0.0109193036,10,49,True,False,False,False,False,False,0.932921799,False
C03_TORQUE_DYNAMICS_ATTACK,292,292,303,0.946128488,1.0000453,0.895159066,0.0109524103,10,49,True,False,False,False,False,False,0.935750361,False
C03_TORQUE_DYNAMICS_ATTACK,293,293,304,0.949534655,1.0000453,0.901616096,0.0109813577,10,49,True,False,False,False,False,False,0.938223562,False
C03_TORQUE_DYNAMICS_ATTACK,294,294,305,0.953050256,1.0000453,0.908304811,0.0110070193,10,49,True,False,False,False,False,False,0.940416039,False
C03_TORQUE_DYNAMICS_ATTACK,295,295,306,0.956673265,1.0000453,0.915223777,0.0110285403,10,49,True,False,False,False,False,False,0.942254747,False
C03_TORQUE_DYNAMICS_ATTACK,296,296,307,0.960401356,1.0000453,0.922370732,0.0110434387,10,49,True,False,False,False,False,False,0.943527631,False
C03_TORQUE_DYNAMICS_ATTACK,297,297,308,0.964231789,1.0000453,0.929742992,0.0110558448,10,49,True,False,False,False,False,False,0.944587586,False
C03_TORQUE_DYNAMICS_ATTACK,298,298,309,0.968163013,1.0000453,0.937339664,0.0110632936,10,49,True,False,False,False,False,False,0.945223988,False
C03_TORQUE_DYNAMICS_ATTACK,299,299,310,0.972191751,1.0000453,0.945156813,0.0110657755,10,49,True,False,False,False,False,False,0.945436043,False
C03_TORQUE_DYNAMICS_ATTACK,300,300,311,0.976315677,1.0000453,0.953192353,0.0110657755,10,49,True,False,False,False,False,False,0.945436043,False
C03_TORQUE_DYNAMICS_ATTACK,301,301,312,0.980531156,1.02315354,0.961441338,0.0110583343,10,49,True,False,False,False,False,False,0.944800277,False
C03_TORQUE_DYNAMICS_ATTACK,302,302,313,0.984835207,1.04626584,0.969900429,0.0110475766,10,49,True,False,False,False,False,False,0.943881162,False
C03_TORQUE_DYNAMICS_ATTACK,303,303,314,0.989223897,1.06925547,0.978563905,0.0110310409,10,49,True,False,False,False,False,False,0.942468393,False
C03_TORQUE_DYNAMICS_ATTACK,304,304,315,0.993694663,1.09220433,0.987429082,0.0110128373,10,49,True,False,False,False,False,False,0.940913114,False
C03_TORQUE_DYNAMICS_ATTACK,305,305,316,0.998243093,1.11498964,0.996489286,0.0109863728,10,49,True,False,False,False,False,False,0.938652047,False
C03_TORQUE_DYNAMICS_ATTACK,306,306,317,1.00286555,1.13769317,1.00573921,0.0109565733,10,49,True,False,False,False,False,False,0.93610604,False
C03_TORQUE_DYNAMICS_ATTACK,307,307,318,1.00755751,1.16025376,1.01517224,0.0109226648,10,49,True,False,False,False,False,False,0.933208968,False
C03_TORQUE_DYNAMICS_ATTACK,308,308,319,1.01231503,1.1826508,1.0247817,0.010882983,10,49,True,False,False,False,False,False,0.929818641,False
C03_TORQUE_DYNAMICS_ATTACK,309,309,320,1.01713336,1.20488441,1.03456032,0.0108375084,10,49,True,False,False,False,False,False,0.925933388,False
C03_TORQUE_DYNAMICS_ATTACK,310,310,321,1.02200866,1.22699535,1.04450178,0.0107895304,10,49,True,False,False,False,False,False,0.92183425,False
C03_TORQUE_DYNAMICS_ATTACK,311,311,322,1.02693665,1.24892247,1.05459881,0.0107349074,10,49,True,False,False,False,False,False,0.917167378,False
C03_TORQUE_DYNAMICS_ATTACK,312,312,323,1.0319109,1.27062476,1.0648402,0.0106762629,10,49,True,False,False,False,False,False,0.912156922,False
C03_TORQUE_DYNAMICS_ATTACK,313,313,324,1.03692865,1.29216349,1.07522094,0.0106125725,10,49,True,False,False,False,False,False,0.906715355,False
C03_TORQUE_DYNAMICS_ATTACK,314,314,325,1.04198372,1.31347752,1.08573008,0.0105448235,10,49,True,False,False,False,False,False,0.900927021,False
C03_TORQUE_DYNAMICS_ATTACK,315,315,326,1.04707229,1.3345871,1.09636045,0.0104703531,10,49,True,False,False,False,False,False,0.894564429,False
C03_TORQUE_DYNAMICS_ATTACK,316,316,327,1.05218828,1.35547197,1.10710025,0.0103934864,10,49,True,False,False,False,False,False,0.887997103,False
C03_TORQUE_DYNAMICS_ATTACK,317,317,328,1.05732715,1.37609112,1.11794078,0.0103091588,10,49,True,False,False,False,False,False,0.88079234,False
C03_TORQUE_DYNAMICS_ATTACK,318,318,329,1.06248355,1.39648557,1.1288712,0.0102214953,10,49,True,False,False,False,False,False,0.873302557,False
C03_TORQUE_DYNAMICS_ATTACK,319,319,330,1.06765223,1.41661429,1.13988125,0.0101297572,10,49,True,False,False,False,False,False,0.865464654,False
C03_TORQUE_DYNAMICS_ATTACK,320,320,331,1.07282865,1.43647742,1.15096128,0.010033913,10,49,True,False,False,False,False,False,0.867986713,False
C03_TORQUE_DYNAMICS_ATTACK,321,321,332,1.07800663,1.45601356,1.16209841,0.0099298181,10,49,True,False,False,False,False,False,0.872176025,False
C03_TORQUE_DYNAMICS_ATTACK,322,322,333,1.08318138,1.47530448,1.17328191,0.00982314814,10,49,True,False,False,False,False,False,0.876362732,False
C03_TORQUE_DYNAMICS_ATTACK,323,323,334,1.08834696,1.49426842,1.18449914,0.00971251819,10,49,True,False,False,False,False,False,0.880542013,False
C03_TORQUE_DYNAMICS_ATTACK,324,324,335,1.09349895,1.51292574,1.19573998,0.0095960144,10,49,True,False,False,False,False,False,0.884710298,False
C03_TORQUE_DYNAMICS_ATTACK,325,325,336,1.09863234,1.53129709,1.2069931,0.00947699603,10,49,True,False,False,False,False,False,0.888863538,False
C03_TORQUE_DYNAMICS_ATTACK,326,326,337,1.10374129,1.54930055,1.21824491,0.00935144909,10,49,True,False,False,False,False,False,0.892997006,False
C03_TORQUE_DYNAMICS_ATTACK,327,327,338,1.10882008,1.56695664,1.22948205,0.00922095682,10,49,True,False,False,False,False,False,0.897106073,False
C03_TORQUE_DYNAMICS_ATTACK,328,328,339,1.11386395,1.58428574,1.24069297,0.0090880096,10,49,True,False,False,False,False,False,0.90118688,False
C03_TORQUE_DYNAMICS_ATTACK,329,329,340,1.11886764,1.60122657,1.25186479,0.00894848257,10,49,True,False,False,False,False,False,0.905235185,False
C03_TORQUE_DYNAMICS_ATTACK,330,330,341,1.12382567,1.61782002,1.26298416,0.00880560093,10,49,True,False,False,False,False,False,0.90924655,False
C03_TORQUE_DYNAMICS_ATTACK,331,331,342,1.12873352,1.63404572,1.27403939,0.00865854695,10,49,True,False,False,False,False,False,0.91321731,False
C03_TORQUE_DYNAMICS_ATTACK,332,332,343,1.13358581,1.64988303,1.28501689,0.00850923546,10,49,True,False,False,False,False,False,0.917143126,False
C03_TORQUE_DYNAMICS_ATTACK,333,333,344,1.13837814,1.66531169,1.29590487,0.00835322589,10,49,True,False,False,False,False,False,0.921020428,False
C03_TORQUE_DYNAMICS_ATTACK,334,334,345,1.14310503,1.68035197,1.30668914,0.00819481071,10,49,True,False,False,False,False,False,0.924844781,False
C03_TORQUE_DYNAMICS_ATTACK,335,335,346,1.14776218,1.69498372,1.31735814,0.00803228281,10,49,True,False,False,False,False,False,0.928612711,False
C03_TORQUE_DYNAMICS_ATTACK,336,336,347,1.15234494,1.70920658,1.32789874,0.00786462147,10,49,True,False,False,False,False,False,0.932320458,False
C03_TORQUE_DYNAMICS_ATTACK,337,337,348,1.15684712,1.72298002,1.33829534,0.00769397989,10,49,True,False,False,False,False,False,0.935963006,False
C03_TORQUE_DYNAMICS_ATTACK,338,338,349,1.16126573,1.7363447,1.34853804,0.00752083212,10,49,True,False,False,False,False,False,0.939537944,False
C03_TORQUE_DYNAMICS_ATTACK,339,339,350,1.16559541,1.74923933,1.35861278,0.00734199816,10,49,True,False,False,False,False,False,0.943040932,False
C03_TORQUE_DYNAMICS_ATTACK,340,340,351,1.16983199,1.76170492,1.36850691,0.00716163218,10,49,True,False,False,False,False,False,0.946468595,False
C03_TORQUE_DYNAMICS_ATTACK,341,341,352,1.17397165,1.77372086,1.37820947,0.00697707804,10,49,True,False,False,False,False,False,0.949817845,False
C03_TORQUE_DYNAMICS_ATTACK,342,342,353,1.17800963,1.78526676,1.38770664,0.00678846845,10,49,True,False,False,False,False,False,0.953084825,False
C03_TORQUE_DYNAMICS_ATTACK,343,343,354,1.18194151,1.79634261,1.39698577,0.00659666164,10,49,True,False,False,False,False,False,0.956265966,False
C03_TORQUE_DYNAMICS_ATTACK,344,344,355,1.18576455,1.80698943,1.40603745,0.006403937,10,49,True,False,False,False,False,False,0.95935905,False
C03_TORQUE_DYNAMICS_ATTACK,345,345,356,1.18947363,1.81710494,1.41484761,0.00620582467,10,49,True,False,False,False,False,False,0.962359931,False
C03_TORQUE_DYNAMICS_ATTACK,346,346,357,1.19306576,1.82677078,1.423406,0.00600590371,10,49,True,False,False,False,False,False,0.965266195,False
C03_TORQUE_DYNAMICS_ATTACK,347,347,358,1.19653666,1.83592582,1.43170011,0.00580206839,10,49,True,False,False,False,False,False,0.968074373,False
C03_TORQUE_DYNAMICS_ATTACK,348,348,359,1.19988334,1.84461081,1.43972015,0.00559754251,10,49,True,False,False,False,False,False,0.970782051,False
C03_TORQUE_DYNAMICS_ATTACK,349,349,360,1.20310271,1.85278487,1.44745612,0.0053889649,10,49,True,False,False,False,False,False,0.973386724,False
C03_TORQUE_DYNAMICS_ATTACK,350,350,361,1.20619047,1.86044812,1.4548955,0.00517925201,10,49,True,False,False,False,False,False,0.975884917,False
C03_TORQUE_DYNAMICS_ATTACK,351,351,362,1.20914507,1.86762094,1.46203184,0.00496697985,10,49,True,False,False,False,False,False,0.978275379,False
C03_TORQUE_DYNAMICS_ATTACK,352,352,363,1.21196294,1.87428284,1.46885407,0.00475243852,10,49,True,False,False,False,False,False,0.980555214,False
C03_TORQUE_DYNAMICS_ATTACK,353,353,364,1.21464062,1.88041341,1.47535181,0.00453598564,10,49,True,False,False,False,False,False,0.982741339,False
C03_TORQUE_DYNAMICS_ATTACK,354,354,365,1.21717656,1.88605356,1.48151886,0.00431879656,10,49,True,False,False,False,False,False,0.985688992,False
C03_TORQUE_DYNAMICS_ATTACK,355,355,366,1.21956813,1.8911624,1.48734629,0.00409748685,10,49,True,False,False,False,False,False,0.98835897,False
C03_TORQUE_DYNAMICS_ATTACK,356,356,367,1.22181141,1.89573979,1.49282324,0.00387734314,10,49,True,False,False,False,False,False,0.990751209,False
C03_TORQUE_DYNAMICS_ATTACK,357,357,368,1.22390628,1.8998065,1.4979465,0.0036546581,10,49,True,False,False,False,False,False,0.99287655,False
C03_TORQUE_DYNAMICS_ATTACK,358,358,369,1.22584951,1.90334177,1.50270689,0.00343214651,10,49,True,False,False,False,False,False,0.994724153,False
C03_TORQUE_DYNAMICS_ATTACK,359,359,370,1.22764015,1.90636623,1.50710046,0.00320814829,10,49,True,False,False,False,False,False,0.996304795,False
C03_TORQUE_DYNAMICS_ATTACK,360,360,371,1.22927547,1.90883887,1.51111829,0.00298399408,10,49,True,False,False,False,False,False,0.997597045,False
C03_TORQUE_DYNAMICS_ATTACK,361,361,372,1.23075426,1.91078019,1.51475608,0.00276037585,10,49,True,False,False,False,False,False,0.998611619,False
C03_TORQUE_DYNAMICS_ATTACK,362,362,373,1.23207629,1.91223109,1.51801193,0.00253715855,10,49,True,False,False,False,False,False,0.999369886,False
C03_TORQUE_DYNAMICS_ATTACK,363,363,374,1.23323846,1.91308939,1.52087724,0.00231391913,10,49,True,False,False,False,False,False,0.999818454,False
C03_TORQUE_DYNAMICS_ATTACK,364,364,375,1.23424017,1.91343677,1.52334893,0.0020939603,10,49,True,False,False,False,False,False,1,False
C03_TORQUE_DYNAMICS_ATTACK,365,365,376,1.23508167,1.91343677,1.52542663,0.00187546038,10,49,True,False,False,False,False,False,1,False
C03_TORQUE_DYNAMICS_ATTACK,366,366,377,1.23576117,1.91343677,1.52710569,0.00166197587,10,49,True,False,False,False,False,False,1,False
C03_TORQUE_DYNAMICS_ATTACK,367,367,378,1.2362783,1.91343677,1.52838409,0.00145568,10,49,True,False,False,False,False,False,1.00045582,True
C03_TORQUE_DYNAMICS_ATTACK,368,368,379,1.23663259,1.91343677,1.52926028,0.00125870435,10,49,True,False,False,False,False,False,1.00102936,True
C03_TORQUE_DYNAMICS_ATTACK,369,369,380,1.23682344,1.91343677,1.52973223,0.0010782337,10,49,True,False,False,False,False,False,1.00133829,True
C03_TORQUE_DYNAMICS_ATTACK,370,370,381,1.23685181,1.91343677,1.52980232,0.000921057188,10,49,True,False,False,False,False,False,1.00138417,True
C03_TORQUE_DYNAMICS_ATTACK,371,371,382,1.23671651,1.91343677,1.52946782,0.000806819065,10,49,True,False,False,False,False,False,1.00116522,True
C03_TORQUE_DYNAMICS_ATTACK,372,372,383,1.23641872,1.91343677,1.52873123,0.000751154788,10,49,True,False,False,False,False,False,1.00068305,True
C03_TORQUE_DYNAMICS_ATTACK,373,373,384,1.23595822,1.91343677,1.52759278,0.000766634766,10,49,True,False,False,False,False,False,1,False
C03_TORQUE_DYNAMICS_ATTACK,374,374,385,1.2353344,1.91343677,1.52605116,0.000852601253,10,49,True,False,False,False,False,False,1,False
C03_TORQUE_DYNAMICS_ATTACK,375,375,386,1.23455095,1.91343677,1.52411604,0.000983644277,10,49,True,False,False,False,False,False,1,False
C03_TORQUE_DYNAMICS_ATTACK,376,376,387,1.23360753,1.91327333,1.52178741,0.00114814565,10,49,True,False,False,False,False,False,0.999914585,False
C03_TORQUE_DYNAMICS_ATTACK,377,377,388,1.23250389,1.91257846,1.51906586,0.00133426394,10,49,True,False,False,False,False,False,0.999551432,False
C03_TORQUE_DYNAMICS_ATTACK,378,378,389,1.23124182,1.91133201,1.5159564,0.00153147138,10,49,True,False,False,False,False,False,0.998900011,False
C03_TORQUE_DYNAMICS_ATTACK,379,379,390,1.22982323,1.90955412,1.51246524,0.00173541263,10,49,True,False,False,False,False,False,0.997970852,False
C03_TORQUE_DYNAMICS_ATTACK,380,380,391,1.22824895,1.90724492,1.50859535,0.00194609223,10,49,True,False,False,False,False,False,0.996764017,False
C03_TORQUE_DYNAMICS_ATTACK,381,381,392,1.22652149,1.90444529,1.50435507,0.00215716031,10,49,True,False,False,False,False,False,0.995300874,False
C03_TORQUE_DYNAMICS_ATTACK,382,382,393,1.22464144,1.90109384,1.49974656,0.00237084273,10,49,True,False,False,False,False,False,0.99354934,False
C03_TORQUE_DYNAMICS_ATTACK,383,383,394,1.22261178,1.89723158,1.49477971,0.00258344132,10,49,True,False,False,False,False,False,0.991530846,False
C03_TORQUE_DYNAMICS_ATTACK,384,384,395,1.22043371,1.89281762,1.48945856,0.00279740104,10,49,True,False,False,False,False,False,0.989224021,False
C03_TORQUE_DYNAMICS_ATTACK,385,385,396,1.21811128,1.88789272,1.48379505,0.00300861406,10,49,True,False,False,False,False,False,0.986650174,False
C03_TORQUE_DYNAMICS_ATTACK,386,386,397,1.21564639,1.88249779,1.47779608,0.00322029064,10,49,True,False,False,False,False,False,0.983830674,False
C03_TORQUE_DYNAMICS_ATTACK,387,387,398,1.21303952,1.87657154,1.47146499,0.0034319472,10,49,True,False,False,False,False,False,0.981426235,False
C03_TORQUE_DYNAMICS_ATTACK,388,388,399,1.21029532,1.87011397,1.46481478,0.00363915064,10,49,True,False,False,False,False,False,0.979206005,False
C03_TORQUE_DYNAMICS_ATTACK,389,389,400,1.2074157,1.86316597,1.45785272,0.00384732033,10,49,True,False,False,False,False,False,0.976876209,False
C03_TORQUE_DYNAMICS_ATTACK,390,390,401,1.20440459,1.85572755,1.45059037,0.00405115308,10,49,True,False,False,False,False,False,0.974440031,False
C03_TORQUE_DYNAMICS_ATTACK,391,391,402,1.20126426,1.84775782,1.44303584,0.00425278395,10,49,True,False,False,False,False,False,0.971899304,False
C03_TORQUE_DYNAMICS_ATTACK,392,392,403,1.19799888,1.83933854,1.43520141,0.00445354218,10,49,True,False,False,False,False,False,0.969257403,False
C03_TORQUE_DYNAMICS_ATTACK,393,393,404,1.19461119,1.83040822,1.42709601,0.00464967219,10,49,True,False,False,False,False,False,0.966516546,False
C03_TORQUE_DYNAMICS_ATTACK,394,394,405,1.19110501,1.82102847,1.41873121,0.00484514795,10,49,True,False,False,False,False,False,0.96367982,False
C03_TORQUE_DYNAMICS_ATTACK,395,395,406,1.18748271,1.8111378,1.41011512,0.00503712101,10,49,True,False,False,False,False,False,0.960749154,False
C03_TORQUE_DYNAMICS_ATTACK,396,396,407,1.18374956,1.80081797,1.40126288,0.00522626052,10,49,True,False,False,False,False,False,0.957728791,False
C03_TORQUE_DYNAMICS_ATTACK,397,397,408,1.17990863,1.79002821,1.39218438,0.00541140884,10,49,True,False,False,False,False,False,0.95462124,False
C03_TORQUE_DYNAMICS_ATTACK,398,398,409,1.17596328,1.77874792,1.38288951,0.00559394294,10,49,True,False,False,False,False,False,0.9514292,False
C03_TORQUE_DYNAMICS_ATTACK,399,399,410,1.17191875,1.76705885,1.37339365,0.00577368401,10,49,True,False,False,False,False,False,0.948156915,False
C03_TORQUE_DYNAMICS_ATTACK,400,400,411,1.16777885,1.75487947,1.36370742,0.00594710885,10,49,True,False,False,False,False,False,0.944807472,False
C03_TORQUE_DYNAMICS_ATTACK,401,401,412,1.16354811,1.74231184,1.35384417,0.00612059282,10,49,True,False,False,False,False,False,0.941384536,False
C03_TORQUE_DYNAMICS_ATTACK,402,402,413,1.15923023,1.72929454,1.34381473,0.00628832821,10,49,True,False,False,False,False,False,0.937891096,False
C03_TORQUE_DYNAMICS_ATTACK,403,403,414,1.15482974,1.71584809,1.33363175,0.00645301212,10,49,True,False,False,False,False,False,0.934330818,False
C03_TORQUE_DYNAMICS_ATTACK,404,404,415,1.15035117,1.70201337,1.32330775,0.0066151754,10,49,True,False,False,False,False,False,0.930707367,False
C03_TORQUE_DYNAMICS_ATTACK,405,405,416,1.1457994,1.68774962,1.31285632,0.0067707058,10,49,True,False,False,False,False,False,0.927024696,False
C03_TORQUE_DYNAMICS_ATTACK,406,406,417,1.14117944,1.67307711,1.30229044,0.00692229625,10,49,True,False,False,False,False,False,0.923286858,False
C03_TORQUE_DYNAMICS_ATTACK,407,407,418,1.13649547,1.65803671,1.29162192,0.00707236445,10,49,True,False,False,False,False,False,0.919497226,False
C03_TORQUE_DYNAMICS_ATTACK,408,408,419,1.13175237,1.64262855,1.28086352,0.007217295,10,49,True,False,False,False,False,False,0.915659757,False
C03_TORQUE_DYNAMICS_ATTACK,409,409,420,1.12695491,1.62681162,1.2700274,0.00735665252,10,49,True,False,False,False,False,False,0.911778307,False
C03_TORQUE_DYNAMICS_ATTACK,410,410,421,1.1221081,1.61064732,1.25912654,0.00749361981,10,49,True,False,False,False,False,False,0.907856928,False
C03_TORQUE_DYNAMICS_ATTACK,411,411,422,1.1172173,1.59415603,1.24817455,0.00762537913,10,49,True,False,False,False,False,False,0.90389996,False
C03_TORQUE_DYNAMICS_ATTACK,412,412,423,1.11228645,1.57727647,1.23718107,0.00775249582,10,49,True,False,False,False,False,False,0.899910585,False
C03_TORQUE_DYNAMICS_ATTACK,413,413,424,1.10732126,1.56009042,1.22616041,0.0078762183,10,49,True,False,False,False,False,False,0.895893433,False
C03_TORQUE_DYNAMICS_ATTACK,414,414,425,1.10232663,1.542557,1.21512413,0.0079942178,10,49,True,False,False,False,False,False,0.891852459,False
C03_TORQUE_DYNAMICS_ATTACK,415,415,426,1.09730804,1.52469647,1.20408487,0.00810732227,10,49,True,False,False,False,False,False,0.887792098,False
C03_TORQUE_DYNAMICS_ATTACK,416,416,427,1.09227037,1.50657046,1.19305456,0.00821787026,10,49,True,False,False,False,False,False,0.883716306,False
C03_TORQUE_DYNAMICS_ATTACK,417,417,428,1.08721793,1.48813784,1.18204272,0.00832349621,10,49,True,False,False,False,False,False,0.879628554,False
C03_TORQUE_DYNAMICS_ATTACK,418,418,429,1.08215582,1.46937823,1.17106128,0.00842261687,10,49,True,False,False,False,False,False,0.87553299,False
C03_TORQUE_DYNAMICS_ATTACK,419,419,430,1.07708991,1.45037341,1.16012275,0.00851924345,10,49,True,False,False,False,False,False,0.87143434,False
C03_TORQUE_DYNAMICS_ATTACK,420,420,431,1.0720253,1.43110299,1.14923835,0.0086091524,10,49,True,False,False,False,False,False,0.867336751,False
C03_TORQUE_DYNAMICS_ATTACK,421,421,432,1.06696618,1.41154635,1.13841677,0.0086951144,10,49,True,False,False,False,False,False,0.863243598,False
C03_TORQUE_DYNAMICS_ATTACK,422,422,433,1.06191838,1.3917855,1.12767076,0.00877680536,10,49,True,False,False,False,False,False,0.859159608,False
C03_TORQUE_DYNAMICS_ATTACK,423,423,434,1.05688584,1.37175894,1.11700761,0.00885365438,10,49,True,False,False,False,False,False,0.855087963,False
C03_TORQUE_DYNAMICS_ATTACK,424,424,435,1.0518738,1.35150754,1.10643852,0.00892553944,10,49,True,False,False,False,False,False,0.851032907,False
C03_TORQUE_DYNAMICS_ATTACK,425,425,436,1.04688764,1.33105183,1.09597361,0.00899242889,10,49,True,False,False,False,False,False,0.84699878,False
C03_TORQUE_DYNAMICS_ATTACK,426,426,437,1.04193127,1.31039178,1.08562076,0.00905521773,10,49,True,False,False,False,False,False,0.842988766,False
C03_TORQUE_DYNAMICS_ATTACK,427,427,438,1.03700984,1.2895273,1.07538939,0.00911222305,10,49,True,False,False,False,False,False,0.83900701,False
C03_TORQUE_DYNAMICS_ATTACK,428,428,439,1.03212738,1.26847899,1.06528699,0.0091659762,10,49,True,False,False,False,False,False,0.835056793,False
C03_TORQUE_DYNAMICS_ATTACK,429,429,440,1.02728915,1.24726713,1.05532289,0.00921389088,10,49,True,False,False,False,False,False,0.831142358,False
C03_TORQUE_DYNAMICS_ATTACK,430,430,441,1.02249873,1.22587144,1.04550374,0.00925689284,10,49,True,False,False,False,False,False,0.827266599,False
C03_TORQUE_DYNAMICS_ATTACK,431,431,442,1.01776135,1.20437348,1.03583825,0.009296529,10,49,True,False,False,False,False,False,0.823433759,False
C03_TORQUE_DYNAMICS_ATTACK,432,432,443,1.01307988,1.18269169,1.02633083,0.00933043566,10,49,True,False,False,False,False,False,0.819646153,False
C03_TORQUE_DYNAMICS_ATTACK,433,433,444,1.00845969,1.16090775,1.01699102,0.00935933925,10,49,True,False,False,False,False,False,0.815908122,False
C03_TORQUE_DYNAMICS_ATTACK,434,434,445,1.00390387,1.13898063,1.00782299,0.00938331429,10,49,True,False,False,False,False,False,0.812222172,False
C03_TORQUE_DYNAMICS_ATTACK,435,435,446,0.999416649,1.11695147,0.998833656,0.00940315798,10,49,True,False,False,False,False,False,0.808591728,False
C03_TORQUE_DYNAMICS_ATTACK,436,436,447,0.995001256,1.09484041,0.990027547,0.00941969454,10,49,True,False,False,False,False,False,0.805019394,False
C03_TORQUE_DYNAMICS_ATTACK,437,437,448,0.990661383,1.07262731,0.981410027,0.0094296122,10,49,True,False,False,False,False,False,0.80564577,False
C03_TORQUE_DYNAMICS_ATTACK,438,438,449,0.986400485,1.05035281,0.972985923,0.00943622459,10,49,True,False,False,False,False,False,0.806210718,False
C03_TORQUE_DYNAMICS_ATTACK,439,439,450,0.982221246,1.02797616,0.964758575,0.0094370516,10,49,True,False,False,False,False,False,0.806281376,False
C03_TORQUE_DYNAMICS_ATTACK,440,440,451,0.97812748,1.00557911,0.956733406,0.00943457149,10,49,True,False,False,False,False,False,0.806069481,False
C03_TORQUE_DYNAMICS_ATTACK,441,441,452,0.974121332,1.0000453,0.948912382,0.00942712743,10,49,True,False,False,False,False,False,0.805433476,False
C03_TORQUE_DYNAMICS_ATTACK,442,442,453,0.970205903,1.0000453,0.941299498,0.00941555295,10,49,True,False,False,False,False,False,0.804444578,False
C03_TORQUE_DYNAMICS_ATTACK,443,443,454,0.96638304,1.0000453,0.933896184,0.0093998285,10,49,True,False,False,False,False,False,0.803101115,False
C03_TORQUE_DYNAMICS_ATTACK,444,444,455,0.962655485,1.0000453,0.926705599,0.00938081555,10,49,True,False,False,False,False,False,0.801476689,False
C03_TORQUE_DYNAMICS_ATTACK,445,445,456,0.959025145,1.0000453,0.919729173,0.00935601816,10,49,True,False,False,False,False,False,0.799358053,False
C03_TORQUE_DYNAMICS_ATTACK,446,446,457,0.955493629,1.0000453,0.912968099,0.00932789035,10,49,True,False,False,False,False,False,0.796954874,False
C03_TORQUE_DYNAMICS_ATTACK,447,447,458,0.952063024,1.0000453,0.906423986,0.00929478649,10,49,True,False,False,False,False,False,0.794126551,False
C03_TORQUE_DYNAMICS_ATTACK,448,448,459,0.948734879,1.0000453,0.900097907,0.00925922859,10,49,True,False,False,False,False,False,0.791088561,False
C03_TORQUE_DYNAMICS_ATTACK,449,449,460,0.94550997,1.0000453,0.893989146,0.00921951048,10,49,True,False,False,False,False,False,0.787695131,False
C03_TORQUE_DYNAMICS_ATTACK,450,450,461,0.942389846,1.0000453,0.888098598,0.00917484704,10,49,True,False,False,False,False,False,0.783879183,False
C03_TORQUE_DYNAMICS_ATTACK,451,451,462,0.939375162,1.0000453,0.882425725,0.00912767742,10,49,True,False,False,False,False,False,0.779849112,False
C03_TORQUE_DYNAMICS_ATTACK,452,452,463,0.936466813,1.0000453,0.876970112,0.00907557551,10,49,True,False,False,False,False,False,0.775397637,False
C03_TORQUE_DYNAMICS_ATTACK,453,453,464,0.933665216,1.0000453,0.871730745,0.00902097393,10,49,True,False,False,False,False,False,0.770732595,False
C03_TORQUE_DYNAMICS_ATTACK,454,454,465,0.93097049,1.0000453,0.866706014,0.00896219444,10,49,True,False,False,False,False,False,0.765710602,False
C03_TORQUE_DYNAMICS_ATTACK,455,455,466,0.928382933,1.0000453,0.861894906,0.0089001311,10,49,True,False,False,False,False,False,0.760408044,False
C03_TORQUE_DYNAMICS_ATTACK,456,456,467,0.925902665,1.0000453,0.857295692,0.0088356249,10,49,True,False,False,False,False,False,0.754896774,False
C03_TORQUE_DYNAMICS_ATTACK,457,457,468,0.92352891,1.0000453,0.852905691,0.0087661352,10,49,True,False,False,False,False,False,0.748959723,False
C03_TORQUE_DYNAMICS_ATTACK,458,458,469,0.921261489,1.0000453,0.848722756,0.00869494118,10,49,True,False,False,False,False,False,0.745359226,False
C03_TORQUE_DYNAMICS_ATTACK,459,459,470,0.919099927,1.0000453,0.844744682,0.0086196484,10,49,True,False,False,False,False,False,0.743610384,False
C03_TORQUE_DYNAMICS_ATTACK,460,460,471,0.917043269,1.0000453,0.84096837,0.00854101405,10,49,True,False,False,False,False,False,0.741946416,False
C03_TORQUE_DYNAMICS_ATTACK,461,461,472,0.91509074,1.0000453,0.837391078,0.00846075453,10,49,True,False,False,False,False,False,0.740366696,False
C03_TORQUE_DYNAMICS_ATTACK,462,462,473,0.913240671,1.0000453,0.834008574,0.00837788638,10,49,True,False,False,False,False,False,0.738869873,False
C03_TORQUE_DYNAMICS_ATTACK,463,463,474,0.911492288,1.0000453,0.830818236,0.00829265732,10,49,True,False,False,False,False,False,0.73745532,False
C03_TORQUE_DYNAMICS_ATTACK,464,464,475,0.909843922,1.0000453,0.82781595,0.00820407178,10,49,True,False,False,False,False,False,0.736121686,False
C03_TORQUE_DYNAMICS_ATTACK,465,465,476,0.908294082,1.0000453,0.82499814,0.00811219122,10,49,True,False,False,False,False,False,0.734867767,False
C03_TORQUE_DYNAMICS_ATTACK,466,466,477,0.906841099,1.0000453,0.822360814,0.00801942311,10,49,True,False,False,False,False,False,0.733692211,False
C03_TORQUE_DYNAMICS_ATTACK,467,467,478,0.905483127,1.0000453,0.819899678,0.00792419817,10,49,True,False,False,False,False,False,0.732593525,False
C03_TORQUE_DYNAMICS_ATTACK,468,468,479,0.904218256,1.0000453,0.817610621,0.00782737508,10,49,True,False,False,False,False,False,0.731570165,False
C03_TORQUE_DYNAMICS_ATTACK,469,469,480,0.903044343,1.0000453,0.815489113,0.00772638153,10,49,True,False,False,False,False,False,0.730620394,False
C03_TORQUE_DYNAMICS_ATTACK,470,470,481,0.90195936,1.0000453,0.813530684,0.00762616051,10,49,True,False,False,False,False,False,0.729742573,False
C03_TORQUE_DYNAMICS_ATTACK,471,471,482,0.900960982,1.0000453,0.811730742,0.00752273714,10,49,True,False,False,False,False,False,0.728934822,False
C03_TORQUE_DYNAMICS_ATTACK,472,472,483,0.900047004,1.0000453,0.810084581,0.00741838198,10,49,True,False,False,False,False,False,0.728195356,False
C03_TORQUE_DYNAMICS_ATTACK,473,473,484,0.899214983,1.0000453,0.808587611,0.00730986986,10,49,True,False,False,False,False,False,0.727522198,False
C03_TORQUE_DYNAMICS_ATTACK,474,474,485,0.898462653,1.0000453,0.807235122,0.00720214704,10,49,True,False,False,False,False,False,0.726913515,False
C03_TORQUE_DYNAMICS_ATTACK,475,475,486,0.897787452,1.0000453,0.806022346,0.00709278788,10,49,True,False,False,False,False,False,0.726367234,False
C03_TORQUE_DYNAMICS_ATTACK,476,476,487,0.897186756,1.0000453,0.804944038,0.00698343897,10,49,True,False,False,False,False,False,0.725881233,False
C03_TORQUE_DYNAMICS_ATTACK,477,477,488,0.896657884,1.0000453,0.803995311,0.00687075872,10,49,True,False,False,False,False,False,0.725453342,False
C03_TORQUE_DYNAMICS_ATTACK,478,478,489,0.896198511,1.0000453,0.803171754,0.00675727567,10,49,True,False,False,False,False,False,0.72508168,False
C03_TORQUE_DYNAMICS_ATTACK,479,479,490,0.895805836,1.0000453,0.802468061,0.00664373254,10,49,True,False,False,False,False,False,0.72476398,False
C03_TORQUE_DYNAMICS_ATTACK,480,480,491,0.895477295,1.0000453,0.801879585,0.00653104158,10,49,True,False,False,False,False,False,0.72449817,False
C03_TORQUE_DYNAMICS_ATTACK,481,481,492,0.895210087,1.0000453,0.801401079,0.00641495781,10,49,True,False,False,False,False,False,0.724281982,False
C03_TORQUE_DYNAMICS_ATTACK,482,482,493,0.895001769,1.0000453,0.801028132,0.0062998482,10,49,True,False,False,False,False,False,0.724113439,False
C03_TORQUE_DYNAMICS_ATTACK,483,483,494,0.894849539,1.0000453,0.800755739,0.00618447363,10,49,True,False,False,False,False,False,0.723990275,False
C03_TORQUE_DYNAMICS_ATTACK,484,484,495,0.894750953,1.0000453,0.80057925,0.00606859103,10,49,True,False,False,False,False,False,0.723910513,False
C03_TORQUE_DYNAMICS_ATTACK,485,485,496,0.894703269,1.0000453,0.800493956,0.00595166907,10,49,True,False,False,False,False,False,0.723871934,False
C03_TORQUE_DYNAMICS_ATTACK,486,486,497,0.894703984,1.0000453,0.800495207,0.00583478902,10,49,True,False,False,False,False,False,0.723872512,False
C03_TORQUE_DYNAMICS_ATTACK,487,487,498,0.894750595,1.0000453,0.800578654,0.00571776694,10,49,True,False,False,False,False,False,0.723910224,False
C03_TORQUE_DYNAMICS_ATTACK,488,488,499,0.894840717,1.0000453,0.800739884,0.00560246129,10,49,True,False,False,False,False,False,0.723983138,False
C03_TORQUE_DYNAMICS_ATTACK,489,489,500,0.89497155,1.0000453,0.800974071,0.00548575213,10,49,True,False,False,False,False,False,0.72408899,False
C03_TORQUE_DYNAMICS_ATTACK,490,490,501,0.895141006,1.0000453,0.801277459,0.00537037803,10,49,True,False,False,False,False,False,0.72422609,False
C03_TORQUE_DYNAMICS_ATTACK,491,491,502,0.895346642,1.0000453,0.801645577,0.00525414152,10,49,True,False,False,False,False,False,0.724392463,False
C03_TORQUE_DYNAMICS_ATTACK,492,492,503,0.895586193,1.0000453,0.802074611,0.00513964333,10,49,True,False,False,False,False,False,0.724586275,False
C03_TORQUE_DYNAMICS_ATTACK,493,493,504,0.895857453,1.0000453,0.802560627,0.00502598193,10,49,True,False,False,False,False,False,0.724805742,False
C03_TORQUE_DYNAMICS_ATTACK,494,494,505,0.896158278,1.0000453,0.803099632,0.00491128443,10,49,True,False,False,False,False,False,0.725049129,False
C03_TORQUE_DYNAMICS_ATTACK,495,495,506,0.896486402,1.0000453,0.803687871,0.00479931198,10,49,True,False,False,False,False,False,0.725314602,False
C03_TORQUE_DYNAMICS_ATTACK,496,496,507,0.896840096,1.0000453,0.804322124,0.00468875188,10,49,True,False,False,False,False,False,0.725600762,False
C03_TORQUE_DYNAMICS_ATTACK,497,497,508,0.897217155,1.0000453,0.804998577,0.00457838969,10,49,True,False,False,False,False,False,0.725905827,False
C03_TORQUE_DYNAMICS_ATTACK,498,498,509,0.89761585,1.0000453,0.80571425,0.00446874183,10,49,True,False,False,False,False,False,0.726228397,False
C03_TORQUE_DYNAMICS_ATTACK,499,499,510,0.898034275,1.0000453,0.806465566,0.00435982179,10,49,True,False,False,False,False,False,0.726566929,False
C03_TORQUE_DYNAMICS_ATTACK,500,500,511,0.898470879,1.0000453,0.807249904,0.00425523845,10,49,True,False,False,False,False,False,0.72692017,False
C03_TORQUE_DYNAMICS_ATTACK,501,501,512,0.898923695,1.0000453,0.808063805,0.00414814893,10,49,True,False,False,False,False,False,0.727286527,False
C03_TORQUE_DYNAMICS_ATTACK,502,502,513,0.899391413,1.0000453,0.808904946,0.00404498214,10,49,True,False,False,False,False,False,0.727664941,False
C03_TORQUE_DYNAMICS_ATTACK,503,503,514,0.899872422,1.0000453,0.809770405,0.00394198112,10,49,True,False,False,False,False,False,0.728054108,False
C03_TORQUE_DYNAMICS_ATTACK,504,504,515,0.900365531,1.0000453,0.810658097,0.00384204509,10,49,True,False,False,False,False,False,0.728453065,False
C03_TORQUE_DYNAMICS_ATTACK,505,505,516,0.900869191,1.0000453,0.81156534,0.00374380569,10,49,True,False,False,False,False,False,0.728860557,False
C03_TORQUE_DYNAMICS_ATTACK,506,506,517,0.901382387,1.0000453,0.812490165,0.00364730833,10,49,True,False,False,False,False,False,0.729275765,False
C03_TORQUE_DYNAMICS_ATTACK,507,507,518,0.90190357,1.0000453,0.813430071,0.00355066941,10,49,True,False,False,False,False,False,0.729697436,False
C03_TORQUE_DYNAMICS_ATTACK,508,508,519,0.902431846,1.0000453,0.814383268,0.00345822633,10,49,True,False,False,False,False,False,0.730124844,False
C03_TORQUE_DYNAMICS_ATTACK,509,509,520,0.902966142,1.0000453,0.81534785,0.00336671644,10,49,True,False,False,False,False,False,0.730557124,False
C03_TORQUE_DYNAMICS_ATTACK,510,510,521,0.903505743,1.0000453,0.816322625,0.00327905035,10,49,True,False,False,False,False,False,0.730993695,False
C03_TORQUE_DYNAMICS_ATTACK,511,511,522,0.904049575,1.0000453,0.817305684,0.00319147483,10,49,True,False,False,False,False,False,0.731433691,False
C03_TORQUE_DYNAMICS_ATTACK,512,512,523,0.904596925,1.0000453,0.818295598,0.00310906139,10,49,True,False,False,False,False,False,0.731876531,False
C03_TORQUE_DYNAMICS_ATTACK,513,513,524,0.905147254,1.0000453,0.819291532,0.00302639068,10,49,True,False,False,False,False,False,0.732321783,False
C03_TORQUE_DYNAMICS_ATTACK,514,514,525,0.905699611,1.0000453,0.820291817,0.00294804992,10,49,True,False,False,False,False,False,0.732768675,False
C03_TORQUE_DYNAMICS_ATTACK,515,515,526,0.906253695,1.0000453,0.821295738,0.00286956015,10,49,True,False,False,False,False,False,0.733216964,False
C03_TORQUE_DYNAMICS_ATTACK,516,516,527,0.906808674,1.0000453,0.822301924,0.00279430067,10,49,True,False,False,False,False,False,0.733665978,False
C03_TORQUE_DYNAMICS_ATTACK,517,517,528,0.90736407,1.0000453,0.823309541,0.00272163469,10,49,True,False,False,False,False,False,0.734115328,False
C03_TORQUE_DYNAMICS_ATTACK,518,518,529,0.907919586,1.0000453,0.824317992,0.00265235477,10,49,True,False,False,False,False,False,0.734564776,False
C03_TORQUE_DYNAMICS_ATTACK,519,519,530,0.90847528,1.0000453,0.825327337,0.00258534914,10,49,True,False,False,False,False,False,0.735014368,False
C03_TORQUE_DYNAMICS_ATTACK,520,520,531,0.909030557,1.0000453,0.826336503,0.00252187531,10,49,True,False,False,False,False,False,0.735463622,False
C03_TORQUE_DYNAMICS_ATTACK,521,521,532,0.909585357,1.0000453,0.82734549,0.00245890394,10,49,True,False,False,False,False,False,0.735912491,False
C03_TORQUE_DYNAMICS_ATTACK,522,522,533,0.910139441,1.0000453,0.828353822,0.00240103924,10,49,True,False,False,False,False,False,0.73636078,False
C03_TORQUE_DYNAMICS_ATTACK,523,523,534,0.91069299,1.0000453,0.829361677,0.00234478689,10,49,True,False,False,False,False,False,0.736808636,False
C03_TORQUE_DYNAMICS_ATTACK,524,524,535,0.911245644,1.0000453,0.830368638,0.00229188567,10,49,True,False,False,False,False,False,0.737255769,False
C03_TORQUE_DYNAMICS_ATTACK,525,525,536,0.911797583,1.0000453,0.831374824,0.00224071415,10,49,True,False,False,False,False,False,0.737702323,False
C03_TORQUE_DYNAMICS_ATTACK,526,526,537,0.912348866,1.0000453,0.832380474,0.00219450425,10,49,True,False,False,False,False,False,0.738148346,False
C03_TORQUE_DYNAMICS_ATTACK,527,527,538,0.912899554,1.0000453,0.833385646,0.00214921706,10,49,True,False,False,False,False,False,0.738593887,False
C03_TORQUE_DYNAMICS_ATTACK,528,528,539,0.913449943,1.0000453,0.834390819,0.00210807566,10,49,True,False,False,False,False,False,0.739039187,False
C03_TORQUE_DYNAMICS_ATTACK,529,529,540,0.914000332,1.0000453,0.835396647,0.00207023253,10,49,True,False,False,False,False,False,0.739484487,False
C03_TORQUE_DYNAMICS_ATTACK,530,530,541,0.914550662,1.0000453,0.836402953,0.00203328859,10,49,True,False,False,False,False,False,0.739929739,False
C03_TORQUE_DYNAMICS_ATTACK,531,531,542,0.915101528,1.0000453,0.837410808,0.00200126623,10,49,True,False,False,False,False,False,0.740375425,False
C03_TORQUE_DYNAMICS_ATTACK,532,532,543,0.915652931,1.0000453,0.838420272,0.0019710043,10,49,True,False,False,False,False,False,0.740821544,False
C03_TORQUE_DYNAMICS_ATTACK,533,533,544,0.916205227,1.0000453,0.839432061,0.00194238906,10,49,True,False,False,False,False,False,0.741268388,False
C03_TORQUE_DYNAMICS_ATTACK,534,534,545,0.916759133,1.0000453,0.840447307,0.00191872485,10,49,True,False,False,False,False,False,0.741716533,False
C03_TORQUE_DYNAMICS_ATTACK,535,535,546,0.917314649,1.0000453,0.841466188,0.00189679873,10,49,True,False,False,False,False,False,0.74216598,False
C03_TORQUE_DYNAMICS_ATTACK,536,536,547,0.91787231,1.0000453,0.8424896,0.00187831291,10,49,True,False,False,False,False,False,0.742617163,False
C03_TORQUE_DYNAMICS_ATTACK,537,537,548,0.918432951,1.0000453,0.843519032,0.00186223886,10,49,True,False,False,False,False,False,0.743070758,False
C03_TORQUE_DYNAMICS_ATTACK,538,538,549,0.918996513,1.0000453,0.844554603,0.00184963492,10,49,True,False,False,False,False,False,0.743526715,False
C03_TORQUE_DYNAMICS_ATTACK,539,539,550,0.919564188,1.0000453,0.84559828,0.00184033706,10,49,True,False,False,False,False,False,0.743986,False
C03_TORQUE_DYNAMICS_ATTACK,540,540,551,0.920136213,1.0000453,0.84665066,0.001832732,10,49,True,False,False,False,False,False,0.744448806,False
C03_TORQUE_DYNAMICS_ATTACK,541,541,552,0.920713246,1.0000453,0.847712874,0.00183020229,10,49,True,False,False,False,False,False,0.744915662,False
C03_TORQUE_DYNAMICS_ATTACK,542,542,553,0.921295702,1.0000453,0.848785818,0.00182683242,10,49,True,False,False,False,False,False,0.745386906,False
C03_TORQUE_DYNAMICS_ATTACK,543,543,554,0.921884298,1.0000453,0.849870622,0.00182851823,10,49,True,False,False,False,False,False,0.745863118,False
C03_TORQUE_DYNAMICS_ATTACK,544,544,555,0.922479749,1.0000453,0.850968897,0.00183356612,10,49,True,False,False,False,False,False,0.746344875,False
C03_TORQUE_DYNAMICS_ATTACK,545,545,556,0.923083007,1.0000453,0.852082253,0.00184034125,10,49,True,False,False,False,False,False,0.74683295,False
C03_TORQUE_DYNAMICS_ATTACK,546,546,557,0.923694074,1.0000453,0.853210747,0.0018487341,10,49,True,False,False,False,False,False,0.747327342,False
C03_TORQUE_DYNAMICS_ATTACK,547,547,558,0.924313843,1.0000453,0.85435605,0.00186047761,10,49,True,False,False,False,False,False,0.747828774,False
C03_TORQUE_DYNAMICS_ATTACK,548,548,559,0.924943328,1.0000453,0.855520189,0.00187481078,10,49,True,False,False,False,False,False,0.748338068,False
C03_TORQUE_DYNAMICS_ATTACK,549,549,560,0.925583124,1.0000453,0.856704116,0.00189245085,10,49,True,False,False,False,False,False,0.748855703,False
C03_TORQUE_DYNAMICS_ATTACK,550,550,561,0.926233768,1.0000453,0.857908964,0.00191009487,10,49,True,False,False,False,False,False,0.749382116,False
C03_TORQUE_DYNAMICS_ATTACK,551,551,562,0.926895797,1.0000453,0.859135866,0.0019310863,10,49,True,False,False,False,False,False,0.74991774,False
C03_TORQUE_DYNAMICS_ATTACK,552,552,563,0.927570522,1.0000453,0.860387087,0.00195470965,10,49,True,False,False,False,False,False,0.750463635,False
C03_TORQUE_DYNAMICS_ATTACK,553,553,564,0.928258002,1.0000453,0.861662865,0.00198059482,10,49,True,False,False,False,False,False,0.75101985,False
C03_TORQUE_DYNAMICS_ATTACK,554,554,565,0.928959489,1.0000453,0.862965763,0.00200828235,10,49,True,False,False,False,False,False,0.751587398,False
C03_TORQUE_DYNAMICS_ATTACK,555,555,566,0.929675817,1.0000453,0.864297152,0.00203852751,10,49,True,False,False,False,False,False,0.752166953,False
C03_TORQUE_DYNAMICS_ATTACK,556,556,567,0.930407286,1.0000453,0.865657747,0.00206872681,10,49,True,False,False,False,False,False,0.752758757,False
C03_TORQUE_DYNAMICS_ATTACK,557,557,568,0.931154847,1.0000453,0.867049336,0.00210386608,10,49,True,False,False,False,False,False,0.753363582,False
C03_TORQUE_DYNAMICS_ATTACK,558,558,569,0.931919336,1.0000453,0.868473649,0.00213887542,10,49,True,False,False,False,False,False,0.753982103,False
C03_TORQUE_DYNAMICS_ATTACK,559,559,570,0.932701766,1.0000453,0.869932592,0.00217662379,10,49,True,False,False,False,False,False,0.754615139,False
C03_TORQUE_DYNAMICS_ATTACK,560,560,571,0.933502316,1.0000453,0.871426582,0.00221419195,10,49,True,False,False,False,False,False,0.755262834,False
C03_TORQUE_DYNAMICS_ATTACK,561,561,572,0.93432188,1.0000453,0.872957408,0.00225504721,10,49,True,False,False,False,False,False,0.755925914,False
C03_TORQUE_DYNAMICS_ATTACK,562,562,573,0.935161769,1.0000453,0.874527574,0.00229764124,10,49,True,False,False,False,False,False,0.756605438,False
C03_TORQUE_DYNAMICS_ATTACK,563,563,574,0.936022341,1.0000453,0.876137853,0.00234028744,10,49,True,False,False,False,False,False,0.757301695,False
C03_TORQUE_DYNAMICS_ATTACK,564,564,575,0.936903894,1.0000453,0.877788961,0.0023843043,10,49,True,False,False,False,False,False,0.758014927,False
C03_TORQUE_DYNAMICS_ATTACK,565,565,576,0.93780762,1.0000453,0.879483104,0.00242925948,10,49,True,False,False,False,False,False,0.758746099,False
C03_TORQUE_DYNAMICS_ATTACK,566,566,577,0.938734233,1.0000453,0.88122195,0.00247604772,10,49,True,False,False,False,False,False,0.759495788,False
C03_TORQUE_DYNAMICS_ATTACK,567,567,578,0.939684033,1.0000453,0.883006096,0.00252338126,10,49,True,False,False,False,False,False,0.760264237,False
C03_TORQUE_DYNAMICS_ATTACK,568,568,579,0.940658331,1.0000453,0.884838045,0.0025717637,10,49,True,False,False,False,False,False,0.761052506,False
C03_TORQUE_DYNAMICS_ATTACK,569,569,580,0.941657245,1.0000453,0.886718392,0.00262157014,10,49,True,False,False,False,False,False,0.761860691,False
C03_TORQUE_DYNAMICS_ATTACK,570,570,581,0.942681909,1.0000453,0.888649166,0.00267073093,10,49,True,False,False,False,False,False,0.762689709,False
C03_TORQUE_DYNAMICS_ATTACK,571,571,582,0.94373256,1.0000453,0.890631139,0.00272221304,10,49,True,False,False,False,False,False,0.763539753,False
C03_TORQUE_DYNAMICS_ATTACK,572,572,583,0.944810331,1.0000453,0.892666578,0.00277375779,10,49,True,False,False,False,False,False,0.764411738,False
C03_TORQUE_DYNAMICS_ATTACK,573,573,584,0.945915461,1.0000453,0.894756019,0.00282445503,10,49,True,False,False,False,False,False,0.765305859,False
C03_TORQUE_DYNAMICS_ATTACK,574,574,585,0.947048306,1.0000453,0.896900475,0.00287596812,10,49,True,False,False,False,False,False,0.766222403,False
C03_TORQUE_DYNAMICS_ATTACK,575,575,586,0.948209703,1.0000453,0.899101675,0.00292902184,10,49,True,False,False,False,False,False,0.767162047,False
C03_TORQUE_DYNAMICS_ATTACK,576,576,587,0.949400246,1.0000453,0.901360869,0.0029812071,10,49,True,False,False,False,False,False,0.768125272,False
C03_TORQUE_DYNAMICS_ATTACK,577,577,588,0.95062083,1.0000453,0.903679967,0.00303359842,10,49,True,False,False,False,False,False,0.769112802,False
C03_TORQUE_DYNAMICS_ATTACK,578,578,589,0.951871037,1.0000453,0.906058431,0.00308572012,10,49,True,False,False,False,False,False,0.7701243,False
C03_TORQUE_DYNAMICS_ATTACK,579,579,590,0.953151882,1.0000453,0.908498466,0.00313714449,10,49,True,False,False,False,False,False,0.771160584,False
C03_TORQUE_DYNAMICS_ATTACK,580,580,591,0.954463542,1.0000453,0.911000609,0.00318937399,10,49,True,False,False,False,False,False,0.772221801,False
C03_TORQUE_DYNAMICS_ATTACK,581,581,592,0.955806255,1.0000453,0.913565636,0.00323985773,10,49,True,False,False,False,False,False,0.773308142,False
C03_TORQUE_DYNAMICS_ATTACK,582,582,593,0.957180619,1.0000453,0.916194737,0.00329041155,10,49,True,False,False,False,False,False,0.77442009,False
C03_TORQUE_DYNAMICS_ATTACK,583,583,594,0.958586633,1.0000453,0.91888839,0.00334014045,10,49,True,False,False,False,False,False,0.775557644,False
C03_TORQUE_DYNAMICS_ATTACK,584,584,595,0.960024714,1.0000453,0.921647429,0.00338981138,10,49,True,False,False,False,False,False,0.776721144,False
C03_TORQUE_DYNAMICS_ATTACK,585,585,596,0.961494863,1.0000453,0.924472392,0.00343778543,10,49,True,False,False,False,False,False,0.777910588,False
C03_TORQUE_DYNAMICS_ATTACK,586,586,597,0.962997615,1.0000453,0.927364409,0.00348585681,10,49,True,False,False,False,False,False,0.77912641,False
C03_TORQUE_DYNAMICS_ATTACK,587,587,598,0.964532852,1.0000453,0.930323601,0.00353301363,10,49,True,False,False,False,False,False,0.780368514,False
C03_TORQUE_DYNAMICS_ATTACK,588,588,599,0.966100752,1.0000453,0.933350682,0.00357774552,10,49,True,False,False,False,False,False,0.781637045,False
C04_HV_POWER_ATTACK,0,0,11,0.895549953,1.0000453,0.802009761,0.0119638974,10,49,True,False,False,False,False,False,1.02216964,True
C04_HV_POWER_ATTACK,1,1,12,0.895800948,1.0000453,0.8024593,0.0119316438,10,49,True,False,False,False,False,False,1.01941397,True
C04_HV_POWER_ATTACK,2,2,13,0.896225452,1.0000453,0.803220034,0.0118952477,10,49,True,False,False,False,False,False,1.01630436,True
C04_HV_POWER_ATTACK,3,3,14,0.896821678,1.0000453,0.804289162,0.0118538812,10,49,True,False,False,False,False,False,1.01277009,True
C04_HV_POWER_ATTACK,4,4,15,0.89758718,1.0000453,0.805662751,0.0118067479,10,49,True,False,False,False,False,False,1.00874313,True
C04_HV_POWER_ATTACK,5,5,16,0.898519278,1.0000453,0.807336867,0.0117546376,10,49,True,False,False,False,False,False,1.00429093,True
C04_HV_POWER_ATTACK,6,6,17,0.89961493,1.0000453,0.809307039,0.0116975661,10,49,True,False,False,False,False,False,0.999414873,False
C04_HV_POWER_ATTACK,7,7,18,0.90087074,1.0000453,0.811568141,0.0116355568,10,49,True,False,False,False,False,False,0.99411693,False
C04_HV_POWER_ATTACK,8,8,19,0.902283192,1.0000453,0.814114928,0.0115685333,10,49,True,False,False,False,False,False,0.988390581,False
C04_HV_POWER_ATTACK,9,9,20,0.903847873,1.0000453,0.816941023,0.0114957681,10,49,True,False,False,False,False,False,0.982173682,False
C04_HV_POWER_ATTACK,10,10,21,0.905560613,1.0000453,0.820040047,0.0114188911,10,49,True,False,False,False,False,False,0.975605481,False
C04_HV_POWER_ATTACK,11,11,22,0.907417119,1.0000453,0.823405802,0.011336945,10,49,True,False,False,False,False,False,0.968604179,False
C04_HV_POWER_ATTACK,12,12,23,0.909412146,1.0000453,0.82703048,0.0112509532,10,49,True,False,False,False,False,False,0.961257224,False
C04_HV_POWER_ATTACK,13,13,24,0.911541045,1.0000453,0.830907106,0.0111599537,10,49,True,False,False,False,False,False,0.95348242,False
C04_HV_POWER_ATTACK,14,14,25,0.913798094,1.0000453,0.835026979,0.0110631846,10,49,True,False,False,False,False,False,0.945214679,False
C04_HV_POWER_ATTACK,15,15,26,0.91617769,1.0000453,0.839381576,0.0109623428,10,49,True,False,False,False,False,False,0.936598977,False
C04_HV_POWER_ATTACK,16,16,27,0.918674588,1.0000453,0.843963027,0.0108580934,10,49,True,False,False,False,False,False,0.927692128,False
C04_HV_POWER_ATTACK,17,17,28,0.921282411,1.0000453,0.84876132,0.0107473452,10,49,True,False,False,False,False,False,0.918230038,False
C04_HV_POWER_ATTACK,18,18,29,0.923995554,1.0000453,0.853767812,0.0106340498,10,49,True,False,False,False,False,False,0.908550324,False
C04_HV_POWER_ATTACK,19,19,30,0.92680794,1.0000453,0.858972967,0.010515729,10,49,True,False,False,False,False,False,0.898441249,False
C04_HV_POWER_ATTACK,20,20,31,0.929713488,1.0000453,0.864367127,0.0103949774,10,49,True,False,False,False,False,False,0.888124495,False
C04_HV_POWER_ATTACK,21,21,32,0.932705224,1.0000453,0.869939089,0.0102677783,10,49,True,False,False,False,False,False,0.877256877,False
C04_HV_POWER_ATTACK,22,22,33,0.935777545,1.0000453,0.875679612,0.0101370355,10,49,True,False,False,False,False,False,0.866086495,False
C04_HV_POWER_ATTACK,23,23,34,0.938923419,1.0000453,0.881577134,0.0100022834,10,49,True,False,False,False,False,False,0.854573563,False
C04_HV_POWER_ATTACK,24,24,35,0.942136526,1.0000453,0.887621224,0.00986334588,10,49,True,False,False,False,False,False,0.842703042,False
C04_HV_POWER_ATTACK,25,25,36,0.94541055,1.0000453,0.893801153,0.00972195901,10,49,True,False,False,False,False,False,0.830623252,False
C04_HV_POWER_ATTACK,26,26,37,0.948738933,1.0000453,0.900105596,0.00957655907,10,49,True,False,False,False,False,False,0.818200594,False
C04_HV_POWER_ATTACK,27,27,38,0.952115297,1.0000453,0.906523585,0.0094260443,10,49,True,False,False,False,False,False,0.805340936,False
C04_HV_POWER_ATTACK,28,28,39,0.955533206,1.0000453,0.913043678,0.00927485991,10,49,True,False,False,False,False,False,0.792424068,False
C04_HV_POWER_ATTACK,29,29,40,0.958986521,1.0000453,0.919655204,0.00911860634,10,49,True,False,False,False,False,False,0.779074098,False
C04_HV_POWER_ATTACK,30,30,41,0.962468922,1.0000453,0.926346421,0.0089590149,10,49,True,False,False,False,False,False,0.778698663,False
C04_HV_POWER_ATTACK,31,31,42,0.965973735,1.0000453,0.93310529,0.00879526976,10,49,True,False,False,False,False,False,0.78153428,False
C04_HV_POWER_ATTACK,32,32,43,0.969494641,1.0000453,0.939919829,0.00863098167,10,49,True,False,False,False,False,False,0.784382917,False
C04_HV_POWER_ATTACK,33,33,44,0.973026633,1.0000453,0.94678086,0.00846227538,10,49,True,False,False,False,False,False,0.787240524,False
C04_HV_POWER_ATTACK,34,34,45,0.976562917,1.0000453,0.953675151,0.00829127431,10,49,True,False,False,False,False,False,0.790101603,False
C04_HV_POWER_ATTACK,35,35,46,0.980098486,1.0000453,0.960592985,0.00811848603,10,49,True,False,False,False,False,False,0.792962104,False
C04_HV_POWER_ATTACK,36,36,47,0.983626962,1.01420283,0.967521966,0.00794165861,10,49,True,False,False,False,False,False,0.795816865,False
C04_HV_POWER_ATTACK,37,37,48,0.987142384,1.03079629,0.974450111,0.00776259042,10,49,True,False,False,False,False,False,0.798661066,False
C04_HV_POWER_ATTACK,38,38,49,0.990640044,1.04698098,0.981367707,0.00758175086,10,49,True,False,False,False,False,False,0.801490896,False
C04_HV_POWER_ATTACK,39,39,50,0.994114518,1.06273663,0.988263726,0.00739836507,10,49,True,False,False,False,False,False,0.804301966,False
C04_HV_POWER_ATTACK,40,40,51,0.997560441,1.07804263,0.995126784,0.00721259881,10,49,True,False,False,False,False,False,0.807089938,False
C04_HV_POWER_ATTACK,41,41,52,1.00097299,1.09291947,1.00194681,0.00702511054,10,49,True,False,False,False,False,False,0.809850904,False
C04_HV_POWER_ATTACK,42,42,53,1.00434744,1.10736728,1.00871384,0.00683681155,10,49,True,False,False,False,False,False,0.812581055,False
C04_HV_POWER_ATTACK,43,43,54,1.00767875,1.12132454,1.01541638,0.00664556352,10,49,True,False,False,False,False,False,0.815276292,False
C04_HV_POWER_ATTACK,44,44,55,1.01096296,1.13487315,1.02204621,0.00645313272,10,49,True,False,False,False,False,False,0.817933431,False
C04_HV_POWER_ATTACK,45,45,56,1.01419532,1.14795172,1.02859223,0.00625932869,10,49,True,False,False,False,False,False,0.820548617,False
C04_HV_POWER_ATTACK,46,46,57,1.01737154,1.16056025,1.03504479,0.00606215792,10,49,True,False,False,False,False,False,0.823118375,False
C04_HV_POWER_ATTACK,47,47,58,1.02048779,1.17276013,1.04139543,0.00586653454,10,49,True,False,False,False,False,False,0.825639619,False
C04_HV_POWER_ATTACK,48,48,59,1.02354026,1.18446958,1.04763472,0.00566978613,10,49,True,False,False,False,False,False,0.828109265,False
C04_HV_POWER_ATTACK,49,49,60,1.02652621,1.19574988,1.053756,0.00547192292,10,49,True,False,False,False,False,False,0.830525092,False
C04_HV_POWER_ATTACK,50,50,61,1.02944148,1.20656013,1.05974972,0.00527255936,10,49,True,False,False,False,False,False,0.832883725,False
C04_HV_POWER_ATTACK,51,51,62,1.03228283,1.21692085,1.06560779,0.0050733299,10,49,True,False,False,False,False,False,0.835182561,False
C04_HV_POWER_ATTACK,52,52,63,1.03504717,1.22681141,1.07132268,0.00487257075,10,49,True,False,False,False,False,False,0.837419092,False
C04_HV_POWER_ATTACK,53,53,64,1.03773201,1.23627305,1.07688761,0.00467151171,10,49,True,False,False,False,False,False,0.839591292,False
C04_HV_POWER_ATTACK,54,54,65,1.04033351,1.24524415,1.08229375,0.00447135698,10,49,True,False,False,False,False,False,0.841696074,False
C04_HV_POWER_ATTACK,55,55,66,1.04285061,1.25378609,1.08753729,0.00426987233,10,49,True,False,False,False,False,False,0.843732572,False
C04_HV_POWER_ATTACK,56,56,67,1.04528058,1.26189888,1.09261143,0.00407015253,10,49,True,False,False,False,False,False,0.845698566,False
C04_HV_POWER_ATTACK,57,57,68,1.04762137,1.26954162,1.09751058,0.00387109164,10,49,True,False,False,False,False,False,0.847592417,False
C04_HV_POWER_ATTACK,58,58,69,1.04987133,1.27673483,1.10222983,0.00367010571,10,49,True,False,False,False,False,False,0.849412775,False
C04_HV_POWER_ATTACK,59,59,70,1.05202734,1.28345811,1.10676146,0.00347091653,10,49,True,False,False,False,False,False,0.851157132,False
C04_HV_POWER_ATTACK,60,60,71,1.05408871,1.28975213,1.11110294,0.0032714915,10,49,True,False,False,False,False,False,0.852824909,False
C04_HV_POWER_ATTACK,61,61,72,1.05605376,1.2956171,1.11524963,0.0030740723,10,49,True,False,False,False,False,False,0.854414756,False
C04_HV_POWER_ATTACK,62,62,73,1.05792201,1.30105281,1.11919892,0.00287768082,10,49,True,False,False,False,False,False,0.855926288,False
C04_HV_POWER_ATTACK,63,63,74,1.05969119,1.30601859,1.12294543,0.00268260017,10,49,True,False,False,False,False,False,0.857357671,False
C04_HV_POWER_ATTACK,64,64,75,1.06136131,1.31057572,1.12648773,0.00248814281,10,49,True,False,False,False,False,False,0.858708907,False
C04_HV_POWER_ATTACK,65,65,76,1.06293094,1.31470358,1.12982225,0.00229758816,10,49,True,False,False,False,False,False,0.859978836,False
C04_HV_POWER_ATTACK,66,66,77,1.06440043,1.31840241,1.13294816,0.00210773479,10,49,True,False,False,False,False,False,0.86116775,False
C04_HV_POWER_ATTACK,67,67,78,1.06576836,1.32167208,1.13586211,0.00191879086,10,49,True,False,False,False,False,False,0.862274489,False
C04_HV_POWER_ATTACK,68,68,79,1.06703424,1.32453299,1.13856196,0.00173407025,10,49,True,False,False,False,False,False,0.86329867,False
C04_HV_POWER_ATTACK,69,69,80,1.06819844,1.32698524,1.14104795,0.00155305874,10,49,True,False,False,False,False,False,0.86424058,False
C04_HV_POWER_ATTACK,70,70,81,1.06926095,1.32902873,1.14331901,0.00137820281,10,49,True,False,False,False,False,False,0.86510022,False
C04_HV_POWER_ATTACK,71,71,82,1.07022238,1.33066356,1.14537585,0.00120834995,10,49,True,False,False,False,False,False,0.865878073,False
C04_HV_POWER_ATTACK,72,72,83,1.07108259,1.33191013,1.14721787,0.00104559469,10,49,True,False,False,False,False,False,0.866574041,False
C04_HV_POWER_ATTACK,73,73,84,1.0718416,1.33274794,1.14884436,0.000893360702,10,49,True,False,False,False,False,False,0.867188125,False
C04_HV_POWER_ATTACK,74,74,85,1.07250023,1.33321798,1.15025663,0.000760239665,10,49,True,False,False,False,False,False,0.867720999,False
C04_HV_POWER_ATTACK,75,75,86,1.0730598,1.33332014,1.15145743,0.000650180504,10,49,True,False,False,False,False,False,0.868173726,False
C04_HV_POWER_ATTACK,76,76,87,1.07352078,1.33332014,1.15244699,0.000578386069,10,49,True,False,False,False,False,False,0.86854669,False
C04_HV_POWER_ATTACK,77,77,88,1.07388401,1.33332014,1.15322697,0.000557336549,10,49,True,False,False,False,False,False,0.868840567,False
C04_HV_POWER_ATTACK,78,78,89,1.07415044,1.33332014,1.15379906,0.000590964453,10,49,True,False,False,False,False,False,0.869056128,False
C04_HV_POWER_ATTACK,79,79,90,1.07432103,1.33332014,1.15416563,0.000668953755,10,49,True,False,False,False,False,False,0.869194145,False
C04_HV_POWER_ATTACK,80,80,91,1.07439756,1.33332014,1.15433013,0.000774358283,10,49,True,False,False,False,False,False,0.869256064,False
C04_HV_POWER_ATTACK,81,81,92,1.07438159,1.33332014,1.1542958,0.00089635211,10,49,True,False,False,False,False,False,0.86924314,False
C04_HV_POWER_ATTACK,82,82,93,1.07427442,1.33332014,1.15406549,0.00102934428,10,49,True,False,False,False,False,False,0.869156433,False
C04_HV_POWER_ATTACK,83,83,94,1.07407725,1.33332014,1.15364194,0.00116891111,10,49,True,False,False,False,False,False,0.868996909,False
C04_HV_POWER_ATTACK,84,84,95,1.07379234,1.33332014,1.15302992,0.00130862813,10,49,True,False,False,False,False,False,0.868766398,False
C04_HV_POWER_ATTACK,85,85,96,1.07342148,1.33332014,1.15223372,0.00145026669,10,49,True,False,False,False,False,False,0.868466349,False
C04_HV_POWER_ATTACK,86,86,97,1.07296622,1.33332014,1.15125656,0.00159181457,10,49,True,False,False,False,False,False,0.868098014,False
C04_HV_POWER_ATTACK,87,87,98,1.07242763,1.33303404,1.15010107,0.00173365313,10,49,True,False,False,False,False,False,0.867662262,False
C04_HV_POWER_ATTACK,88,88,99,1.07180893,1.33238006,1.14877427,0.00187121844,10,49,True,False,False,False,False,False,0.867161698,False
C04_HV_POWER_ATTACK,89,89,100,1.0711118,1.33135831,1.14728057,0.00200688234,10,49,True,False,False,False,False,False,0.86659767,False
C04_HV_POWER_ATTACK,90,90,101,1.07033873,1.32996869,1.14562488,0.00214055227,10,49,True,False,False,False,False,False,0.865972206,False
C04_HV_POWER_ATTACK,91,91,102,1.06949186,1.3282522,1.14381278,0.00227211416,10,49,True,False,False,False,False,False,0.86528704,False
C04_HV_POWER_ATTACK,92,92,103,1.06857336,1.32620871,1.14184904,0.00240060361,10,49,True,False,False,False,False,False,0.864543909,False
C04_HV_POWER_ATTACK,93,93,104,1.06758487,1.32381773,1.13973749,0.00252662157,10,49,True,False,False,False,False,False,0.863744163,False
C04_HV_POWER_ATTACK,94,94,105,1.06652939,1.32107937,1.13748503,0.00264815846,10,49,True,False,False,False,False,False,0.862890213,False
C04_HV_POWER_ATTACK,95,95,106,1.06540954,1.31805503,1.13509738,0.00276812236,10,49,True,False,False,False,False,False,0.861984181,False
C04_HV_POWER_ATTACK,96,96,107,1.06422722,1.31470358,1.13257968,0.00288339215,10,49,True,False,False,False,False,False,0.861027611,False
C04_HV_POWER_ATTACK,97,97,108,1.0629853,1.31104565,1.12993777,0.00299571222,10,49,True,False,False,False,False,False,0.860022816,False
C04_HV_POWER_ATTACK,98,98,109,1.0616858,1.30706084,1.12717664,0.00310450839,10,49,True,False,False,False,False,False,0.858971438,False
C04_HV_POWER_ATTACK,99,99,110,1.06033206,1.3028307,1.12430418,0.00321051572,10,49,True,False,False,False,False,False,0.857876175,False
C04_HV_POWER_ATTACK,100,100,111,1.05892611,1.29831445,1.12132442,0.00331254164,10,49,True,False,False,False,False,False,0.856738669,False
C04_HV_POWER_ATTACK,101,101,112,1.05747032,1.29351223,1.11824346,0.0034106872,10,49,True,False,False,False,False,False,0.855560847,False
C04_HV_POWER_ATTACK,102,102,113,1.05596733,1.28844428,1.11506701,0.00350571307,10,49,True,False,False,False,False,False,0.854344832,False
C04_HV_POWER_ATTACK,103,103,114,1.05442011,1.28313112,1.11180186,0.00359651842,10,49,True,False,False,False,False,False,0.853093034,False
C04_HV_POWER_ATTACK,104,104,115,1.05283058,1.27755225,1.10845232,0.00368435867,10,49,True,False,False,False,False,False,0.851806998,False
C04_HV_POWER_ATTACK,105,105,116,1.05120206,1.27174866,1.10502577,0.00376793486,10,49,True,False,False,False,False,False,0.850489423,False
C04_HV_POWER_ATTACK,106,106,117,1.04953623,1.26569974,1.10152626,0.00384845724,10,49,True,False,False,False,False,False,0.84914166,False
C04_HV_POWER_ATTACK,107,107,118,1.04783618,1.25944662,1.09796059,0.0039255959,10,49,True,False,False,False,False,False,0.847766216,False
C04_HV_POWER_ATTACK,108,108,119,1.04610419,1.25296867,1.09433401,0.00399779854,10,49,True,False,False,False,False,False,0.846364925,False
C04_HV_POWER_ATTACK,109,109,120,1.04434276,1.24626589,1.09065175,0.00406693527,10,49,True,False,False,False,False,False,0.84493981,False
C04_HV_POWER_ATTACK,110,110,121,1.04255474,1.23937917,1.0869205,0.00413184427,10,49,True,False,False,False,False,False,0.843493188,False
C04_HV_POWER_ATTACK,111,111,122,1.0407424,1.23230851,1.08314466,0.00419437233,10,49,True,False,False,False,False,False,0.842026891,False
C04_HV_POWER_ATTACK,112,112,123,1.03890765,1.22505403,1.07932901,0.00425278023,10,49,True,False,False,False,False,False,0.840542461,False
C04_HV_POWER_ATTACK,113,113,124,1.03705323,1.2176156,1.07547939,0.00430712057,10,49,True,False,False,False,False,False,0.839042117,False
C04_HV_POWER_ATTACK,114,114,125,1.03518176,1.21003413,1.07160139,0.00435809093,10,49,True,False,False,False,False,False,0.837527981,False
C04_HV_POWER_ATTACK,115,115,126,1.03329539,1.20226872,1.06769943,0.00440420024,10,49,True,False,False,False,False,False,0.83600179,False
C04_HV_POWER_ATTACK,116,116,127,1.03139651,1.19438064,1.06377864,0.00444867183,10,49,True,False,False,False,False,False,0.834465471,False
C04_HV_POWER_ATTACK,117,117,128,1.02948725,1.18632913,1.0598439,0.00448737713,10,49,True,False,False,False,False,False,0.832920761,False
C04_HV_POWER_ATTACK,118,118,129,1.02756989,1.17815506,1.05589986,0.00452364422,10,49,True,False,False,False,False,False,0.831369493,False
C04_HV_POWER_ATTACK,119,119,130,1.02564657,1.16987884,1.05195081,0.00455741771,10,49,True,False,False,False,False,False,0.829813403,False
C04_HV_POWER_ATTACK,120,120,131,1.02371871,1.16145945,1.0480001,0.00458628405,10,49,True,False,False,False,False,False,0.828253647,False
C04_HV_POWER_ATTACK,121,121,132,1.02178931,1.15295839,1.04405344,0.00461264933,10,49,True,False,False,False,False,False,0.826692638,False
C04_HV_POWER_ATTACK,122,122,133,1.01985967,1.14433467,1.04011369,0.00463493355,10,49,True,False,False,False,False,False,0.825131435,False
C04_HV_POWER_ATTACK,123,123,134,1.01793194,1.1356293,1.0361855,0.00465390692,10,49,True,False,False,False,False,False,0.823571776,False
C04_HV_POWER_ATTACK,124,124,135,1.01600826,1.12684214,1.03227282,0.0046695848,10,49,True,False,False,False,False,False,0.822015396,False
C04_HV_POWER_ATTACK,125,125,136,1.01409006,1.11799359,1.02837861,0.0046827849,10,49,True,False,False,False,False,False,0.820463453,False
C04_HV_POWER_ATTACK,126,126,137,1.01217902,1.10908389,1.02450633,0.0046926802,10,49,True,False,False,False,False,False,0.818917297,False
C04_HV_POWER_ATTACK,127,127,138,1.01027668,1.10009229,1.02065897,0.00469845999,10,49,True,False,False,False,False,False,0.817378181,False
C04_HV_POWER_ATTACK,128,128,139,1.0083847,1.09108031,1.01683962,0.00470341276,10,49,True,False,False,False,False,False,0.815847456,False
C04_HV_POWER_ATTACK,129,129,140,1.00650454,1.08200705,1.01305127,0.00470341276,10,49,True,False,False,False,False,False,0.81432628,False
C04_HV_POWER_ATTACK,130,130,141,1.0046376,1.0728929,1.00929677,0.00470093451,10,49,True,False,False,False,False,False,0.812815809,False
C04_HV_POWER_ATTACK,131,131,142,1.0027858,1.06375837,1.00557947,0.00469515799,10,49,True,False,False,False,False,False,0.811317587,False
C04_HV_POWER_ATTACK,132,132,143,1.00094986,1.05460334,1.00190067,0.00468772044,10,49,True,False,False,False,False,False,0.809832193,False
C04_HV_POWER_ATTACK,133,133,144,0.999131501,1.04542792,0.998263717,0.0046761618,10,49,True,False,False,False,False,False,0.808361025,False
C04_HV_POWER_ATTACK,134,134,145,0.997331262,1.0362525,0.994669676,0.00466375798,10,49,True,False,False,False,False,False,0.806904517,False
C04_HV_POWER_ATTACK,135,135,146,0.995550513,1.02707708,0.991120875,0.004648061,10,49,True,False,False,False,False,False,0.805463778,False
C04_HV_POWER_ATTACK,136,136,147,0.993790269,1.01790166,0.987619102,0.00462987274,10,49,True,False,False,False,False,False,0.804039628,False
C04_HV_POWER_ATTACK,137,137,148,0.992051303,1.00874662,0.984165788,0.00461002858,10,49,True,False,False,False,False,False,0.802632694,False
C04_HV_POWER_ATTACK,138,138,149,0.990334809,1.0000453,0.980763078,0.00458690757,10,49,True,False,False,False,False,False,0.801243941,False
C04_HV_POWER_ATTACK,139,139,150,0.988641322,1.0000453,0.977411687,0.0045612501,10,49,True,False,False,False,False,False,0.799873802,False
C04_HV_POWER_ATTACK,140,140,151,0.986972034,1.0000453,0.974113762,0.00453479961,10,49,True,False,False,False,False,False,0.798523242,False
C04_HV_POWER_ATTACK,141,141,152,0.985327303,1.0000453,0.970869899,0.00450504012,10,49,True,False,False,False,False,False,0.79719255,False
C04_HV_POWER_ATTACK,142,142,153,0.983707607,1.0000453,0.967680693,0.00447526528,10,49,True,False,False,False,False,False,0.795882112,False
C04_HV_POWER_ATTACK,143,143,154,0.982113361,1.0000453,0.964546621,0.0044421535,10,49,True,False,False,False,False,False,0.794592266,False
C04_HV_POWER_ATTACK,144,144,155,0.980545521,1.0000453,0.961469471,0.00440827338,10,49,True,False,False,False,False,False,0.793323783,False
C04_HV_POWER_ATTACK,145,145,156,0.979003847,1.0000453,0.958448529,0.0043718135,10,49,True,False,False,False,False,False,0.792076471,False
C04_HV_POWER_ATTACK,146,146,157,0.97748965,1.0000453,0.955486,0.00433377083,10,49,True,False,False,False,False,False,0.790851389,False
C04_HV_POWER_ATTACK,147,147,158,0.976002574,1.0000453,0.952580988,0.00429484434,10,49,True,False,False,False,False,False,0.78964825,False
C04_HV_POWER_ATTACK,148,148,159,0.974542916,1.0000453,0.949733913,0.00425423216,10,49,True,False,False,False,False,False,0.788467293,False
C04_HV_POWER_ATTACK,149,149,160,0.973111331,1.0000453,0.946945608,0.0042128833,10,49,True,False,False,False,False,False,0.787309051,False
C04_HV_POWER_ATTACK,150,150,161,0.971707106,1.0000453,0.944214702,0.00417060964,10,49,True,False,False,False,False,False,0.786172942,False
C04_HV_POWER_ATTACK,151,151,162,0.970330834,1.0000453,0.94154197,0.00412670709,10,49,True,False,False,False,False,False,0.785059451,False
C04_HV_POWER_ATTACK,152,152,163,0.968982458,1.0000453,0.938926995,0.0040828255,10,49,True,False,False,False,False,False,0.783968529,False
C04_HV_POWER_ATTACK,153,153,164,0.967661619,1.0000453,0.936369002,0.00403719721,10,49,True,False,False,False,False,False,0.782899886,False
C04_HV_POWER_ATTACK,154,154,165,0.966369092,1.0000453,0.933869243,0.00399000989,10,49,True,False,False,False,False,False,0.78185415,False
C04_HV_POWER_ATTACK,155,155,166,0.965104222,1.0000453,0.931426167,0.00394358579,10,49,True,False,False,False,False,False,0.780830789,False
C04_HV_POWER_ATTACK,156,156,167,0.963866711,1.0000453,0.929039061,0.00389626436,10,49,True,False,False,False,False,False,0.779829563,False
C04_HV_POWER_ATTACK,157,157,168,0.962656617,1.0000453,0.926707804,0.00384903583,10,49,True,False,False,False,False,False,0.778850521,False
C04_HV_POWER_ATTACK,158,158,169,0.961473167,1.0000453,0.924430668,0.00380167598,10,49,True,False,False,False,False,False,0.777893034,False
C04_HV_POWER_ATTACK,159,159,170,0.960316956,1.0000453,0.922208607,0.0037519671,10,49,True,False,False,False,False,False,0.776957586,False
C04_HV_POWER_ATTACK,160,160,171,0.95918715,1.0000453,0.920039952,0.00370465149,10,49,True,False,False,False,False,False,0.776043501,False
C04_HV_POWER_ATTACK,161,161,172,0.958082974,1.0000453,0.917923033,0.00365641923,10,49,True,False,False,False,False,False,0.775150152,False
C04_HV_POWER_ATTACK,162,162,173,0.957004786,1.0000453,0.91585815,0.00360827451,10,49,True,False,False,False,False,False,0.774277829,False
C04_HV_POWER_ATTACK,163,163,174,0.95595181,1.0000453,0.91384387,0.00356009696,10,49,True,False,False,False,False,False,0.773425905,False
C04_HV_POWER_ATTACK,164,164,175,0.954923749,1.0000453,0.91187942,0.00351188588,10,49,True,False,False,False,False,False,0.772594138,False
C04_HV_POWER_ATTACK,165,165,176,0.953920007,1.0000453,0.909963429,0.00346621149,10,49,True,False,False,False,False,False,0.771782046,False
C04_HV_POWER_ATTACK,166,166,177,0.95293963,1.0000453,0.908093989,0.00341963931,10,49,True,False,False,False,False,False,0.770988859,False
C04_HV_POWER_ATTACK,167,167,178,0.951982617,1.0000453,0.906270921,0.00337305455,10,49,True,False,False,False,False,False,0.770214575,False
C04_HV_POWER_ATTACK,168,168,179,0.951048374,1.0000453,0.904493034,0.00332813198,10,49,True,False,False,False,False,False,0.769458713,False
C04_HV_POWER_ATTACK,169,169,180,0.950136244,1.0000453,0.902758837,0.00328231766,10,49,True,False,False,False,False,False,0.768720742,False
C04_HV_POWER_ATTACK,170,170,181,0.949245691,1.0000453,0.901067436,0.0032407511,10,49,True,False,False,False,False,False,0.768000227,False
C04_HV_POWER_ATTACK,171,171,182,0.948375463,1.0000453,0.899416029,0.00319821993,10,49,True,False,False,False,False,False,0.767296158,False
C04_HV_POWER_ATTACK,172,172,183,0.94752574,1.0000453,0.897804976,0.00315572927,10,49,True,False,False,False,False,False,0.766608677,False
C04_HV_POWER_ATTACK,173,173,184,0.946695685,1.0000453,0.896232665,0.00311573525,10,49,True,False,False,False,False,False,0.76593711,False
C04_HV_POWER_ATTACK,174,174,185,0.945884526,1.0000453,0.894697487,0.00307659246,10,49,True,False,False,False,False,False,0.76528083,False
C04_HV_POWER_ATTACK,175,175,186,0.945091307,1.0000453,0.893197596,0.003039876,10,49,True,False,False,False,False,False,0.764639066,False
C04_HV_POWER_ATTACK,176,176,187,0.944315553,1.0000453,0.891731858,0.00300315558,10,49,True,False,False,False,False,False,0.764011431,False
C04_HV_POWER_ATTACK,177,177,188,0.943556428,1.0000453,0.890298784,0.00296889711,10,49,True,False,False,False,False,False,0.763397251,False
C04_HV_POWER_ATTACK,178,178,189,0.942813456,1.0000453,0.88889724,0.00293634227,10,49,True,False,False,False,False,False,0.762796139,False
C04_HV_POWER_ATTACK,179,179,190,0.942085505,1.0000453,0.887525141,0.00290540978,10,49,True,False,False,False,False,False,0.76220718,False
C04_HV_POWER_ATTACK,180,180,191,0.941372275,1.0000453,0.886181712,0.00287621282,10,49,True,False,False,False,False,False,0.761630132,False
C04_HV_POWER_ATTACK,181,181,192,0.940672517,1.0000453,0.884864748,0.00284858583,10,49,True,False,False,False,False,False,0.761063983,False
C04_HV_POWER_ATTACK,182,182,193,0.939985812,1.0000453,0.883573353,0.00282263733,10,49,True,False,False,False,False,False,0.760508395,False
C04_HV_POWER_ATTACK,183,183,194,0.939311683,1.0000453,0.882306457,0.0027992588,10,49,True,False,False,False,False,False,0.759962982,False
C04_HV_POWER_ATTACK,184,184,195,0.938648582,1.0000453,0.881061137,0.00277912943,10,49,True,False,False,False,False,False,0.759426491,False
C04_HV_POWER_ATTACK,185,185,196,0.93799597,1.0000453,0.87983644,0.00276072952,10,49,True,False,False,False,False,False,0.758898487,False
C04_HV_POWER_ATTACK,186,186,197,0.937353253,1.0000453,0.878631175,0.00274313847,10,49,True,False,False,False,False,False,0.758378488,False
C04_HV_POWER_ATTACK,187,187,198,0.936719775,1.0000453,0.87744391,0.00272890949,10,49,True,False,False,False,False,False,0.757865963,False
C04_HV_POWER_ATTACK,188,188,199,0.936094582,1.0000453,0.876273036,0.00271633477,10,49,True,False,False,False,False,False,0.757360142,False
C04_HV_POWER_ATTACK,189,189,200,0.935477138,1.0000453,0.875117421,0.00270628324,10,49,True,False,False,False,False,False,0.75686059,False
C04_HV_POWER_ATTACK,190,190,201,0.93486625,1.0000453,0.873974919,0.00269956142,10,49,True,False,False,False,False,False,0.756366343,False
C04_HV_POWER_ATTACK,191,191,202,0.93426156,1.0000453,0.872844636,0.00269537303,10,49,True,False,False,False,False,False,0.755877111,False
C04_HV_POWER_ATTACK,192,192,203,0.933662057,1.0000453,0.871724784,0.00269285659,10,49,True,False,False,False,False,False,0.755392075,False
C04_HV_POWER_ATTACK,193,193,204,0.933066845,1.0000453,0.870613694,0.0026945374,10,49,True,False,False,False,False,False,0.75491051,False
C04_HV_POWER_ATTACK,194,194,205,0.932475507,1.0000453,0.869510591,0.00269788411,10,49,True,False,False,False,False,False,0.75443208,False
C04_HV_POWER_ATTACK,195,195,206,0.93188715,1.0000453,0.868413627,0.00270293024,10,49,True,False,False,False,False,False,0.753956062,False
C04_HV_POWER_ATTACK,196,196,207,0.931301177,1.0000453,0.867321849,0.00271217222,10,49,True,False,False,False,False,False,0.753481972,False
C04_HV_POWER_ATTACK,197,197,208,0.930716932,1.0000453,0.866234004,0.00272390898,10,49,True,False,False,False,False,False,0.753009281,False
C04_HV_POWER_ATTACK,198,198,209,0.930133641,1.0000453,0.865148544,0.00273816381,10,49,True,False,False,False,False,False,0.752537361,False
C04_HV_POWER_ATTACK,199,199,210,0.929550469,1.0000453,0.864064097,0.00275578676,10,49,True,False,False,False,False,False,0.752065538,False
C04_HV_POWER_ATTACK,200,200,211,0.928967059,1.0000453,0.862979829,0.00277588866,10,49,True,False,False,False,False,False,0.751593522,False
C04_HV_POWER_ATTACK,201,201,212,0.928382218,1.0000453,0.861893535,0.00279946229,10,49,True,False,False,False,False,False,0.751120349,False
C04_HV_POWER_ATTACK,202,202,213,0.927796125,1.0000453,0.86080569,0.00282458216,10,49,True,False,False,False,False,False,0.750646162,False
C04_HV_POWER_ATTACK,203,203,214,0.927207589,1.0000453,0.859713912,0.00285481685,10,49,True,False,False,False,False,False,0.750169999,False
C04_HV_POWER_ATTACK,204,204,215,0.926616311,1.0000453,0.858617842,0.00288501917,10,49,True,False,False,False,False,False,0.749691617,False
C04_HV_POWER_ATTACK,205,205,216,0.926021814,1.0000453,0.857516408,0.00292107603,10,49,True,False,False,False,False,False,0.749210632,False
C04_HV_POWER_ATTACK,206,206,217,0.925423324,1.0000453,0.856408358,0.00295880134,10,49,True,False,False,False,False,False,0.748726415,False
C04_HV_POWER_ATTACK,207,207,218,0.924820602,1.0000453,0.855293095,0.00299906568,10,49,True,False,False,False,False,False,0.748238774,False
C04_HV_POWER_ATTACK,208,208,219,0.924213171,1.0000453,0.854170024,0.00304260291,10,49,True,False,False,False,False,False,0.747747324,False
C04_HV_POWER_ATTACK,209,209,220,0.923600435,1.0000453,0.853037715,0.0030903921,10,49,True,False,False,False,False,False,0.747251582,False
C04_HV_POWER_ATTACK,210,210,221,0.922982037,1.0000453,0.851895869,0.00313980528,10,49,True,False,False,False,False,False,0.746751258,False
C04_HV_POWER_ATTACK,211,211,222,0.922357738,1.0000453,0.85074383,0.00319337845,10,49,True,False,False,False,False,False,0.746246161,False
C04_HV_POWER_ATTACK,212,212,223,0.921727061,1.0000453,0.849580824,0.00324787176,10,49,True,False,False,False,False,False,0.745735903,False
C04_HV_POWER_ATTACK,213,213,224,0.921090364,1.0000453,0.848407447,0.0033071842,10,49,True,False,False,False,False,False,0.745220775,False
C04_HV_POWER_ATTACK,214,214,225,0.920446694,1.0000453,0.84722209,0.00336748292,10,49,True,False,False,False,False,False,0.744700004,False
C04_HV_POWER_ATTACK,215,215,226,0.919796467,1.0000453,0.846025527,0.00343264639,10,49,True,False,False,False,False,False,0.744173929,False
C04_HV_POWER_ATTACK,216,216,227,0.919139266,1.0000453,0.844817042,0.00349869393,10,49,True,False,False,False,False,False,0.743642212,False
C04_HV_POWER_ATTACK,217,217,228,0.918475211,1.0000453,0.843596697,0.00356892147,10,49,True,False,False,False,False,False,0.743104949,False
C04_HV_POWER_ATTACK,218,218,229,0.91780442,1.0000453,0.842364967,0.00364067289,10,49,True,False,False,False,False,False,0.742562236,False
C04_HV_POWER_ATTACK,219,219,230,0.917126715,1.0000453,0.841121376,0.00371666765,10,49,True,False,False,False,False,False,0.74201393,False
C04_HV_POWER_ATTACK,220,220,231,0.916442156,1.0000453,0.839866221,0.00379443495,10,49,True,False,False,False,False,False,0.741460078,False
C04_HV_POWER_ATTACK,221,221,232,0.915751398,1.0000453,0.838600576,0.00387448468,10,49,True,False,False,False,False,False,0.74090121,False
C04_HV_POWER_ATTACK,222,222,233,0.915054321,1.0000453,0.83732444,0.00395714445,10,49,True,False,False,False,False,False,0.740337231,False
C04_HV_POWER_ATTACK,223,223,234,0.914351702,1.0000453,0.836039007,0.00404217001,10,49,True,False,False,False,False,False,0.739768767,False
C04_HV_POWER_ATTACK,224,224,235,0.913643599,1.0000453,0.834744573,0.00413062377,10,49,True,False,False,False,False,False,0.739195867,False
C04_HV_POWER_ATTACK,225,225,236,0.912930489,1.0000453,0.833442092,0.00422058813,10,49,True,False,False,False,False,False,0.738618915,False
C04_HV_POWER_ATTACK,226,226,237,0.912212968,1.0000453,0.832132518,0.0043140715,10,49,True,False,False,False,False,False,0.738038395,False
C04_HV_POWER_ATTACK,227,227,238,0.911491871,1.0000453,0.830817461,0.0044080345,10,49,True,False,False,False,False,False,0.737454982,False
C04_HV_POWER_ATTACK,228,228,239,0.910767794,1.0000453,0.829497993,0.00450470205,10,49,True,False,False,False,False,False,0.736869157,False
C04_HV_POWER_ATTACK,229,229,240,0.910041511,1.0000453,0.828175545,0.00460546883,10,49,True,False,False,False,False,False,0.736281548,False
C04_HV_POWER_ATTACK,230,230,241,0.909313858,1.0000453,0.826851726,0.00470530475,10,49,True,False,False,False,False,False,0.73569283,False
C04_HV_POWER_ATTACK,231,231,242,0.908585906,1.0000453,0.825528383,0.00480864057,10,49,True,False,False,False,False,False,0.735103871,False
C04_HV_POWER_ATTACK,232,232,243,0.907858729,1.0000453,0.824207485,0.00491520576,10,49,True,False,False,False,False,False,0.734515539,False
C04_HV_POWER_ATTACK,233,233,244,0.90713352,1.0000453,0.822891176,0.00502071995,10,49,True,False,False,False,False,False,0.733928798,False
C04_HV_POWER_ATTACK,234,234,245,0.90641135,1.0000453,0.821581483,0.00513053034,10,49,True,False,False,False,False,False,0.733344517,False
C04_HV_POWER_ATTACK,235,235,246,0.905693591,1.0000453,0.82028091,0.0052403342,10,49,True,False,False,False,False,False,0.732763804,False
C04_HV_POWER_ATTACK,236,236,247,0.904981732,1.0000453,0.818991899,0.00535342516,10,49,True,False,False,False,False,False,0.732187865,False
C04_HV_POWER_ATTACK,237,237,248,0.904277146,1.0000453,0.817717195,0.00546571426,10,49,True,False,False,False,False,False,0.73161781,False
C04_HV_POWER_ATTACK,238,238,249,0.903581738,1.0000453,0.816459954,0.00558196614,10,49,True,False,False,False,False,False,0.731055181,False
C04_HV_POWER_ATTACK,239,239,250,0.902896941,1.0000453,0.815222859,0.00569735654,10,49,True,False,False,False,False,False,0.730501136,False
C04_HV_POWER_ATTACK,240,240,251,0.902224481,1.0000453,0.814009011,0.00581464544,10,49,True,False,False,False,False,False,0.729957073,False
C04_HV_POWER_ATTACK,241,241,252,0.901566446,1.0000453,0.812822044,0.0059350701,10,49,True,False,False,False,False,False,0.729424681,False
C04_HV_POWER_ATTACK,242,242,253,0.900924623,1.0000453,0.811665177,0.00605381932,10,49,True,False,False,False,False,False,0.728905405,False
C04_HV_POWER_ATTACK,243,243,254,0.900301158,1.0000453,0.810542226,0.0061734817,10,49,True,False,False,False,False,False,0.728400983,False
C04_HV_POWER_ATTACK,244,244,255,0.899698317,1.0000453,0.809457064,0.00629623933,10,49,True,False,False,False,False,False,0.727913246,False
C04_HV_POWER_ATTACK,245,245,256,0.899118006,1.0000453,0.808413148,0.00641836552,10,49,True,False,False,False,False,False,0.727443737,False
C04_HV_POWER_ATTACK,246,246,257,0.898562729,1.0000453,0.807414949,0.00654207496,10,49,True,False,False,False,False,False,0.726994483,False
C04_HV_POWER_ATTACK,247,247,258,0.898034751,1.0000453,0.80646646,0.00666405028,10,49,True,False,False,False,False,False,0.726567315,False
C04_HV_POWER_ATTACK,248,248,259,0.897536874,1.0000453,0.80557245,0.00678761536,10,49,True,False,False,False,False,False,0.7261645,False
C04_HV_POWER_ATTACK,249,249,260,0.897071302,1.0000453,0.804736912,0.00691216672,10,49,True,False,False,False,False,False,0.725787823,False
C04_HV_POWER_ATTACK,250,250,261,0.896640778,1.0000453,0.803964674,0.00703735929,10,49,True,False,False,False,False,False,0.725439502,False
C04_HV_POWER_ATTACK,251,251,262,0.896247804,1.0000453,0.803260088,0.00716096023,10,49,True,False,False,False,False,False,0.725121561,False
C04_HV_POWER_ATTACK,252,252,263,0.895895302,1.0000453,0.802628398,0.00728553906,10,49,True,False,False,False,False,False,0.724836365,False
C04_HV_POWER_ATTACK,253,253,264,0.895586073,1.0000453,0.802074373,0.0074089691,10,49,True,False,False,False,False,False,0.724586179,False
C04_HV_POWER_ATTACK,254,254,265,0.895322859,1.0000453,0.801603019,0.00753427576,10,49,True,False,False,False,False,False,0.724373222,False
C04_HV_POWER_ATTACK,255,255,266,0.895108581,1.0000453,0.801219344,0.00765693793,10,49,True,False,False,False,False,False,0.724199857,False
C04_HV_POWER_ATTACK,256,256,267,0.894946098,1.0000453,0.800928533,0.00777968811,10,49,True,False,False,False,False,False,0.724068398,False
C04_HV_POWER_ATTACK,257,257,268,0.894838572,1.0000453,0.80073607,0.00790162757,10,49,True,False,False,False,False,False,0.723981402,False
C04_HV_POWER_ATTACK,258,258,269,0.894788802,1.0000453,0.80064702,0.0080242753,10,49,True,False,False,False,False,False,0.723941135,False
C04_HV_POWER_ATTACK,259,259,270,0.894799829,1.0000453,0.800666749,0.00814522523,10,49,True,False,False,False,False,False,0.723950056,False
C04_HV_POWER_ATTACK,260,260,271,0.894874692,1.0000453,0.800800741,0.00826552697,10,49,True,False,False,False,False,False,0.724010626,False
C04_HV_POWER_ATTACK,261,261,272,0.895016432,1.0000453,0.801054418,0.00838492066,10,49,True,False,False,False,False,False,0.724125302,False
C04_HV_POWER_ATTACK,262,262,273,0.895227969,1.0000453,0.801433146,0.00850253645,10,49,True,False,False,False,False,False,0.726438414,False
C04_HV_POWER_ATTACK,263,263,274,0.895512342,1.0000453,0.801942408,0.00861776527,10,49,True,False,False,False,False,False,0.736283316,False
C04_HV_POWER_ATTACK,264,264,275,0.895872533,1.0000453,0.802587569,0.00873456988,10,49,True,False,False,False,False,False,0.74626285,False
C04_HV_POWER_ATTACK,265,265,276,0.896311522,1.0000453,0.80337429,0.00884734653,10,49,True,False,False,False,False,False,0.755898244,False
C04_HV_POWER_ATTACK,266,266,277,0.896831989,1.0000453,0.80430764,0.0089590922,10,49,True,False,False,False,False,False,0.765445554,False
C04_HV_POWER_ATTACK,267,267,278,0.897437036,1.0000453,0.805393279,0.00907016266,10,49,True,False,False,False,False,False,0.774935175,False
C04_HV_POWER_ATTACK,268,268,279,0.898129404,1.0000453,0.806636393,0.00917869434,10,49,True,False,False,False,False,False,0.784207888,False
C04_HV_POWER_ATTACK,269,269,280,0.898911715,1.0000453,0.808042228,0.00928559341,10,49,True,False,False,False,False,False,0.793341114,False
C04_HV_POWER_ATTACK,270,270,281,0.899786592,1.0000453,0.80961591,0.00938990247,10,49,True,False,False,False,False,False,0.802253056,False
C04_HV_POWER_ATTACK,271,271,282,0.900756657,1.0000453,0.811362505,0.00949185248,10,49,True,False,False,False,False,False,0.810963446,False
C04_HV_POWER_ATTACK,272,272,283,0.901824296,1.0000453,0.81328702,0.00959126838,10,49,True,False,False,False,False,False,0.819457326,False
C04_HV_POWER_ATTACK,273,273,284,0.902991593,1.0000453,0.815393865,0.00968895759,10,49,True,False,False,False,False,False,0.827803682,False
C04_HV_POWER_ATTACK,274,274,285,0.904261231,1.0000453,0.817688406,0.00978503004,10,49,True,False,False,False,False,False,0.836011905,False
C04_HV_POWER_ATTACK,275,275,286,0.90563488,1.0000453,0.820174575,0.00987611618,10,49,True,False,False,False,False,False,0.843794109,False
C04_HV_POWER_ATTACK,276,276,287,0.907114565,1.0000453,0.822856843,0.00996555947,10,49,True,False,False,False,False,False,0.851435951,False
C04_HV_POWER_ATTACK,277,277,288,0.908702075,1.0000453,0.825739503,0.0100532919,10,49,True,False,False,False,False,False,0.858931622,False
C04_HV_POWER_ATTACK,278,278,289,0.910399258,1.0000453,0.828826845,0.010136974,10,49,True,False,False,False,False,False,0.866081243,False
C04_HV_POWER_ATTACK,279,279,290,0.912207186,1.0000453,0.832121909,0.0102172745,10,49,True,False,False,False,False,False,0.872941945,False
C04_HV_POWER_ATTACK,280,280,291,0.914127409,1.0000453,0.835628927,0.0102951517,10,49,True,False,False,False,False,False,0.879595605,False
C04_HV_POWER_ATTACK,281,281,292,0.916161001,1.0000453,0.839350998,0.0103704864,10,49,True,False,False,False,False,False,0.886032038,False
C04_HV_POWER_ATTACK,282,282,293,0.918308794,1.0000453,0.843291044,0.0104408571,10,49,True,False,False,False,False,False,0.892044362,False
C04_HV_POWER_ATTACK,283,283,294,0.920571506,1.0000453,0.847451866,0.0105087431,10,49,True,False,False,False,False,False,0.897844392,False
C04_HV_POWER_ATTACK,284,284,295,0.922949672,1.0000453,0.851836085,0.0105733043,10,49,True,False,False,False,False,False,0.903360358,False
C04_HV_POWER_ATTACK,285,285,296,0.925444007,1.0000453,0.856446624,0.0106346142,10,49,True,False,False,False,False,False,0.908598543,False
C04_HV_POWER_ATTACK,286,286,297,0.928053975,1.0000453,0.861284196,0.0106916856,10,49,True,False,False,False,False,False,0.913474605,False
C04_HV_POWER_ATTACK,287,287,298,0.930779994,1.0000453,0.866351366,0.0107454937,10,49,True,False,False,False,False,False,0.918071852,False
C04_HV_POWER_ATTACK,288,288,299,0.933621526,1.0000453,0.871649206,0.0107951565,10,49,True,False,False,False,False,False,0.922314933,False
C04_HV_POWER_ATTACK,289,289,300,0.936577976,1.0000453,0.877178252,0.0108398469,10,49,True,False,False,False,False,False,0.926133189,False
C04_HV_POWER_ATTACK,290,290,301,0.939648509,1.0000453,0.882939339,0.010882047,10,49,True,False,False,False,False,False,0.929738673,False
C04_HV_POWER_ATTACK,291,291,302,0.942832589,1.0000453,0.888933241,0.0109193036,10,49,True,False,False,False,False,False,0.932921799,False
C04_HV_POWER_ATTACK,292,292,303,0.946128488,1.0000453,0.895159066,0.0109524103,10,49,True,False,False,False,False,False,0.935750361,False
C04_HV_POWER_ATTACK,293,293,304,0.949534655,1.0000453,0.901616096,0.0109813577,10,49,True,False,False,False,False,False,0.938223562,False
C04_HV_POWER_ATTACK,294,294,305,0.953050256,1.0000453,0.908304811,0.0110070193,10,49,True,False,False,False,False,False,0.940416039,False
C04_HV_POWER_ATTACK,295,295,306,0.956673265,1.0000453,0.915223777,0.0110285403,10,49,True,False,False,False,False,False,0.942254747,False
C04_HV_POWER_ATTACK,296,296,307,0.960401356,1.0000453,0.922370732,0.0110434387,10,49,True,False,False,False,False,False,0.943527631,False
C04_HV_POWER_ATTACK,297,297,308,0.964231789,1.0000453,0.929742992,0.0110558448,10,49,True,False,False,False,False,False,0.944587586,False
C04_HV_POWER_ATTACK,298,298,309,0.968163013,1.0000453,0.937339664,0.0110632936,10,49,True,False,False,False,False,False,0.945223988,False
C04_HV_POWER_ATTACK,299,299,310,0.972191751,1.0000453,0.945156813,0.0110657755,10,49,True,False,False,False,False,False,0.945436043,False
C04_HV_POWER_ATTACK,300,300,311,0.976315677,1.0000453,0.953192353,0.0110657755,10,49,True,False,False,False,False,False,0.945436043,False
C04_HV_POWER_ATTACK,301,301,312,0.980531156,1.02315354,0.961441338,0.0110583343,10,49,True,False,False,False,False,False,0.944800277,False
C04_HV_POWER_ATTACK,302,302,313,0.984835207,1.04626584,0.969900429,0.0110475766,10,49,True,False,False,False,False,False,0.943881162,False
C04_HV_POWER_ATTACK,303,303,314,0.989223897,1.06925547,0.978563905,0.0110310409,10,49,True,False,False,False,False,False,0.942468393,False
C04_HV_POWER_ATTACK,304,304,315,0.993694663,1.09220433,0.987429082,0.0110128373,10,49,True,False,False,False,False,False,0.940913114,False
C04_HV_POWER_ATTACK,305,305,316,0.998243093,1.11498964,0.996489286,0.0109863728,10,49,True,False,False,False,False,False,0.938652047,False
C04_HV_POWER_ATTACK,306,306,317,1.00286555,1.13769317,1.00573921,0.0109565733,10,49,True,False,False,False,False,False,0.93610604,False
C04_HV_POWER_ATTACK,307,307,318,1.00755751,1.16025376,1.01517224,0.0109226648,10,49,True,False,False,False,False,False,0.933208968,False
C04_HV_POWER_ATTACK,308,308,319,1.01231503,1.1826508,1.0247817,0.010882983,10,49,True,False,False,False,False,False,0.929818641,False
C04_HV_POWER_ATTACK,309,309,320,1.01713336,1.20488441,1.03456032,0.0108375084,10,49,True,False,False,False,False,False,0.925933388,False
C04_HV_POWER_ATTACK,310,310,321,1.02200866,1.22699535,1.04450178,0.0107895304,10,49,True,False,False,False,False,False,0.92183425,False
C04_HV_POWER_ATTACK,311,311,322,1.02693665,1.24892247,1.05459881,0.0107349074,10,49,True,False,False,False,False,False,0.917167378,False
C04_HV_POWER_ATTACK,312,312,323,1.0319109,1.27062476,1.0648402,0.0106762629,10,49,True,False,False,False,False,False,0.912156922,False
C04_HV_POWER_ATTACK,313,313,324,1.03692865,1.29216349,1.07522094,0.0106125725,10,49,True,False,False,False,False,False,0.906715355,False
C04_HV_POWER_ATTACK,314,314,325,1.04198372,1.31347752,1.08573008,0.0105448235,10,49,True,False,False,False,False,False,0.900927021,False
C04_HV_POWER_ATTACK,315,315,326,1.04707229,1.3345871,1.09636045,0.0104703531,10,49,True,False,False,False,False,False,0.894564429,False
C04_HV_POWER_ATTACK,316,316,327,1.05218828,1.35547197,1.10710025,0.0103934864,10,49,True,False,False,False,False,False,0.887997103,False
C04_HV_POWER_ATTACK,317,317,328,1.05732715,1.37609112,1.11794078,0.0103091588,10,49,True,False,False,False,False,False,0.88079234,False
C04_HV_POWER_ATTACK,318,318,329,1.06248355,1.39648557,1.1288712,0.0102214953,10,49,True,False,False,False,False,False,0.873302557,False
C04_HV_POWER_ATTACK,319,319,330,1.06765223,1.41661429,1.13988125,0.0101297572,10,49,True,False,False,False,False,False,0.865464654,False
C04_HV_POWER_ATTACK,320,320,331,1.07282865,1.43647742,1.15096128,0.010033913,10,49,True,False,False,False,False,False,0.867986713,False
C04_HV_POWER_ATTACK,321,321,332,1.07800663,1.45601356,1.16209841,0.0099298181,10,49,True,False,False,False,False,False,0.872176025,False
C04_HV_POWER_ATTACK,322,322,333,1.08318138,1.47530448,1.17328191,0.00982314814,10,49,True,False,False,False,False,False,0.876362732,False
C04_HV_POWER_ATTACK,323,323,334,1.08834696,1.49426842,1.18449914,0.00971251819,10,49,True,False,False,False,False,False,0.880542013,False
C04_HV_POWER_ATTACK,324,324,335,1.09349895,1.51292574,1.19573998,0.0095960144,10,49,True,False,False,False,False,False,0.884710298,False
C04_HV_POWER_ATTACK,325,325,336,1.09863234,1.53129709,1.2069931,0.00947699603,10,49,True,False,False,False,False,False,0.888863538,False
C04_HV_POWER_ATTACK,326,326,337,1.10374129,1.54930055,1.21824491,0.00935144909,10,49,True,False,False,False,False,False,0.892997006,False
C04_HV_POWER_ATTACK,327,327,338,1.10882008,1.56695664,1.22948205,0.00922095682,10,49,True,False,False,False,False,False,0.897106073,False
C04_HV_POWER_ATTACK,328,328,339,1.11386395,1.58428574,1.24069297,0.0090880096,10,49,True,False,False,False,False,False,0.90118688,False
C04_HV_POWER_ATTACK,329,329,340,1.11886764,1.60122657,1.25186479,0.00894848257,10,49,True,False,False,False,False,False,0.905235185,False
C04_HV_POWER_ATTACK,330,330,341,1.12382567,1.61782002,1.26298416,0.00880560093,10,49,True,False,False,False,False,False,0.90924655,False
C04_HV_POWER_ATTACK,331,331,342,1.12873352,1.63404572,1.27403939,0.00865854695,10,49,True,False,False,False,False,False,0.91321731,False
C04_HV_POWER_ATTACK,332,332,343,1.13358581,1.64988303,1.28501689,0.00850923546,10,49,True,False,False,False,False,False,0.917143126,False
C04_HV_POWER_ATTACK,333,333,344,1.13837814,1.66531169,1.29590487,0.00835322589,10,49,True,False,False,False,False,False,0.921020428,False
C04_HV_POWER_ATTACK,334,334,345,1.14310503,1.68035197,1.30668914,0.00819481071,10,49,True,False,False,False,False,False,0.924844781,False
C04_HV_POWER_ATTACK,335,335,346,1.14776218,1.69498372,1.31735814,0.00803228281,10,49,True,False,False,False,False,False,0.928612711,False
C04_HV_POWER_ATTACK,336,336,347,1.15234494,1.70920658,1.32789874,0.00786462147,10,49,True,False,False,False,False,False,0.932320458,False
C04_HV_POWER_ATTACK,337,337,348,1.15684712,1.72298002,1.33829534,0.00769397989,10,49,True,False,False,False,False,False,0.935963006,False
C04_HV_POWER_ATTACK,338,338,349,1.16126573,1.7363447,1.34853804,0.00752083212,10,49,True,False,False,False,False,False,0.939537944,False
C04_HV_POWER_ATTACK,339,339,350,1.16559541,1.74923933,1.35861278,0.00734199816,10,49,True,False,False,False,False,False,0.943040932,False
C04_HV_POWER_ATTACK,340,340,351,1.16983199,1.76170492,1.36850691,0.00716163218,10,49,True,False,False,False,False,False,0.946468595,False
C04_HV_POWER_ATTACK,341,341,352,1.17397165,1.77372086,1.37820947,0.00697707804,10,49,True,False,False,False,False,False,0.949817845,False
C04_HV_POWER_ATTACK,342,342,353,1.17800963,1.78526676,1.38770664,0.00678846845,10,49,True,False,False,False,False,False,0.953084825,False
C04_HV_POWER_ATTACK,343,343,354,1.18194151,1.79634261,1.39698577,0.00659666164,10,49,True,False,False,False,False,False,0.956265966,False
C04_HV_POWER_ATTACK,344,344,355,1.18576455,1.80698943,1.40603745,0.006403937,10,49,True,False,False,False,False,False,0.95935905,False
C04_HV_POWER_ATTACK,345,345,356,1.18947363,1.81710494,1.41484761,0.00620582467,10,49,True,False,False,False,False,False,0.962359931,False
C04_HV_POWER_ATTACK,346,346,357,1.19306576,1.82677078,1.423406,0.00600590371,10,49,True,False,False,False,False,False,0.965266195,False
C04_HV_POWER_ATTACK,347,347,358,1.19653666,1.83592582,1.43170011,0.00580206839,10,49,True,False,False,False,False,False,0.968074373,False
C04_HV_POWER_ATTACK,348,348,359,1.19988334,1.84461081,1.43972015,0.00559754251,10,49,True,False,False,False,False,False,0.970782051,False
C04_HV_POWER_ATTACK,349,349,360,1.20310271,1.85278487,1.44745612,0.0053889649,10,49,True,False,False,False,False,False,0.973386724,False
C04_HV_POWER_ATTACK,350,350,361,1.20619047,1.86044812,1.4548955,0.00517925201,10,49,True,False,False,False,False,False,0.975884917,False
C04_HV_POWER_ATTACK,351,351,362,1.20914507,1.86762094,1.46203184,0.00496697985,10,49,True,False,False,False,False,False,0.978275379,False
C04_HV_POWER_ATTACK,352,352,363,1.21196294,1.87428284,1.46885407,0.00475243852,10,49,True,False,False,False,False,False,0.980555214,False
C04_HV_POWER_ATTACK,353,353,364,1.21464062,1.88041341,1.47535181,0.00453598564,10,49,True,False,False,False,False,False,0.982741339,False
C04_HV_POWER_ATTACK,354,354,365,1.21717656,1.88605356,1.48151886,0.00431879656,10,49,True,False,False,False,False,False,0.985688992,False
C04_HV_POWER_ATTACK,355,355,366,1.21956813,1.8911624,1.48734629,0.00409748685,10,49,True,False,False,False,False,False,0.98835897,False
C04_HV_POWER_ATTACK,356,356,367,1.22181141,1.89573979,1.49282324,0.00387734314,10,49,True,False,False,False,False,False,0.990751209,False
C04_HV_POWER_ATTACK,357,357,368,1.22390628,1.8998065,1.4979465,0.0036546581,10,49,True,False,False,False,False,False,0.99287655,False
C04_HV_POWER_ATTACK,358,358,369,1.22584951,1.90334177,1.50270689,0.00343214651,10,49,True,False,False,False,False,False,0.994724153,False
C04_HV_POWER_ATTACK,359,359,370,1.22764015,1.90636623,1.50710046,0.00320814829,10,49,True,False,False,False,False,False,0.996304795,False
C04_HV_POWER_ATTACK,360,360,371,1.22927547,1.90883887,1.51111829,0.00298399408,10,49,True,False,False,False,False,False,0.997597045,False
C04_HV_POWER_ATTACK,361,361,372,1.23075426,1.91078019,1.51475608,0.00276037585,10,49,True,False,False,False,False,False,0.998611619,False
C04_HV_POWER_ATTACK,362,362,373,1.23207629,1.91223109,1.51801193,0.00253715855,10,49,True,False,False,False,False,False,0.999369886,False
C04_HV_POWER_ATTACK,363,363,374,1.23323846,1.91308939,1.52087724,0.00231391913,10,49,True,False,False,False,False,False,0.999818454,False
C04_HV_POWER_ATTACK,364,364,375,1.23424017,1.91343677,1.52334893,0.0020939603,10,49,True,False,False,False,False,False,1,False
C04_HV_POWER_ATTACK,365,365,376,1.23508167,1.91343677,1.52542663,0.00187546038,10,49,True,False,False,False,False,False,1,False
C04_HV_POWER_ATTACK,366,366,377,1.23576117,1.91343677,1.52710569,0.00166197587,10,49,True,False,False,False,False,False,1,False
C04_HV_POWER_ATTACK,367,367,378,1.2362783,1.91343677,1.52838409,0.00145568,10,49,True,False,False,False,False,False,1.00045582,True
C04_HV_POWER_ATTACK,368,368,379,1.23663259,1.91343677,1.52926028,0.00125870435,10,49,True,False,False,False,False,False,1.00102936,True
C04_HV_POWER_ATTACK,369,369,380,1.23682344,1.91343677,1.52973223,0.0010782337,10,49,True,False,False,False,False,False,1.00133829,True
C04_HV_POWER_ATTACK,370,370,381,1.23685181,1.91343677,1.52980232,0.000921057188,10,49,True,False,False,False,False,False,1.00138417,True
C04_HV_POWER_ATTACK,371,371,382,1.23671651,1.91343677,1.52946782,0.000806819065,10,49,True,False,False,False,False,False,1.00116522,True
C04_HV_POWER_ATTACK,372,372,383,1.23641872,1.91343677,1.52873123,0.000751154788,10,49,True,False,False,False,False,False,1.00068305,True
C04_HV_POWER_ATTACK,373,373,384,1.23595822,1.91343677,1.52759278,0.000766634766,10,49,True,False,False,False,False,False,1,False
C04_HV_POWER_ATTACK,374,374,385,1.2353344,1.91343677,1.52605116,0.000852601253,10,49,True,False,False,False,False,False,1,False
C04_HV_POWER_ATTACK,375,375,386,1.23455095,1.91343677,1.52411604,0.000983644277,10,49,True,False,False,False,False,False,1,False
C04_HV_POWER_ATTACK,376,376,387,1.23360753,1.91327333,1.52178741,0.00114814565,10,49,True,False,False,False,False,False,0.999914585,False
C04_HV_POWER_ATTACK,377,377,388,1.23250389,1.91257846,1.51906586,0.00133426394,10,49,True,False,False,False,False,False,0.999551432,False
C04_HV_POWER_ATTACK,378,378,389,1.23124182,1.91133201,1.5159564,0.00153147138,10,49,True,False,False,False,False,False,0.998900011,False
C04_HV_POWER_ATTACK,379,379,390,1.22982323,1.90955412,1.51246524,0.00173541263,10,49,True,False,False,False,False,False,0.997970852,False
C04_HV_POWER_ATTACK,380,380,391,1.22824895,1.90724492,1.50859535,0.00194609223,10,49,True,False,False,False,False,False,0.996764017,False
C04_HV_POWER_ATTACK,381,381,392,1.22652149,1.90444529,1.50435507,0.00215716031,10,49,True,False,False,False,False,False,0.995300874,False
C04_HV_POWER_ATTACK,382,382,393,1.22464144,1.90109384,1.49974656,0.00237084273,10,49,True,False,False,False,False,False,0.99354934,False
C04_HV_POWER_ATTACK,383,383,394,1.22261178,1.89723158,1.49477971,0.00258344132,10,49,True,False,False,False,False,False,0.991530846,False
C04_HV_POWER_ATTACK,384,384,395,1.22043371,1.89281762,1.48945856,0.00279740104,10,49,True,False,False,False,False,False,0.989224021,False
C04_HV_POWER_ATTACK,385,385,396,1.21811128,1.88789272,1.48379505,0.00300861406,10,49,True,False,False,False,False,False,0.986650174,False
C04_HV_POWER_ATTACK,386,386,397,1.21564639,1.88249779,1.47779608,0.00322029064,10,49,True,False,False,False,False,False,0.983830674,False
C04_HV_POWER_ATTACK,387,387,398,1.21303952,1.87657154,1.47146499,0.0034319472,10,49,True,False,False,False,False,False,0.981426235,False
C04_HV_POWER_ATTACK,388,388,399,1.21029532,1.87011397,1.46481478,0.00363915064,10,49,True,False,False,False,False,False,0.979206005,False
C04_HV_POWER_ATTACK,389,389,400,1.2074157,1.86316597,1.45785272,0.00384732033,10,49,True,False,False,False,False,False,0.976876209,False
C04_HV_POWER_ATTACK,390,390,401,1.20440459,1.85572755,1.45059037,0.00405115308,10,49,True,False,False,False,False,False,0.974440031,False
C04_HV_POWER_ATTACK,391,391,402,1.20126426,1.84775782,1.44303584,0.00425278395,10,49,True,False,False,False,False,False,0.971899304,False
C04_HV_POWER_ATTACK,392,392,403,1.19799888,1.83933854,1.43520141,0.00445354218,10,49,True,False,False,False,False,False,0.969257403,False
C04_HV_POWER_ATTACK,393,393,404,1.19461119,1.83040822,1.42709601,0.00464967219,10,49,True,False,False,False,False,False,0.966516546,False
C04_HV_POWER_ATTACK,394,394,405,1.19110501,1.82102847,1.41873121,0.00484514795,10,49,True,False,False,False,False,False,0.96367982,False
C04_HV_POWER_ATTACK,395,395,406,1.18748271,1.8111378,1.41011512,0.00503712101,10,49,True,False,False,False,False,False,0.960749154,False
C04_HV_POWER_ATTACK,396,396,407,1.18374956,1.80081797,1.40126288,0.00522626052,10,49,True,False,False,False,False,False,0.957728791,False
C04_HV_POWER_ATTACK,397,397,408,1.17990863,1.79002821,1.39218438,0.00541140884,10,49,True,False,False,False,False,False,0.95462124,False
C04_HV_POWER_ATTACK,398,398,409,1.17596328,1.77874792,1.38288951,0.00559394294,10,49,True,False,False,False,False,False,0.9514292,False
C04_HV_POWER_ATTACK,399,399,410,1.17191875,1.76705885,1.37339365,0.00577368401,10,49,True,False,False,False,False,False,0.948156915,False
C04_HV_POWER_ATTACK,400,400,411,1.16777885,1.75487947,1.36370742,0.00594710885,10,49,True,False,False,False,False,False,0.944807472,False
C04_HV_POWER_ATTACK,401,401,412,1.16354811,1.74231184,1.35384417,0.00612059282,10,49,True,False,False,False,False,False,0.941384536,False
C04_HV_POWER_ATTACK,402,402,413,1.15923023,1.72929454,1.34381473,0.00628832821,10,49,True,False,False,False,False,False,0.937891096,False
C04_HV_POWER_ATTACK,403,403,414,1.15482974,1.71584809,1.33363175,0.00645301212,10,49,True,False,False,False,False,False,0.934330818,False
C04_HV_POWER_ATTACK,404,404,415,1.15035117,1.70201337,1.32330775,0.0066151754,10,49,True,False,False,False,False,False,0.930707367,False
C04_HV_POWER_ATTACK,405,405,416,1.1457994,1.68774962,1.31285632,0.0067707058,10,49,True,False,False,False,False,False,0.927024696,False
C04_HV_POWER_ATTACK,406,406,417,1.14117944,1.67307711,1.30229044,0.00692229625,10,49,True,False,False,False,False,False,0.923286858,False
C04_HV_POWER_ATTACK,407,407,418,1.13649547,1.65803671,1.29162192,0.00707236445,10,49,True,False,False,False,False,False,0.919497226,False
C04_HV_POWER_ATTACK,408,408,419,1.13175237,1.64262855,1.28086352,0.007217295,10,49,True,False,False,False,False,False,0.915659757,False
C04_HV_POWER_ATTACK,409,409,420,1.12695491,1.62681162,1.2700274,0.00735665252,10,49,True,False,False,False,False,False,0.911778307,False
C04_HV_POWER_ATTACK,410,410,421,1.1221081,1.61064732,1.25912654,0.00749361981,10,49,True,False,False,False,False,False,0.907856928,False
C04_HV_POWER_ATTACK,411,411,422,1.1172173,1.59415603,1.24817455,0.00762537913,10,49,True,False,False,False,False,False,0.90389996,False
C04_HV_POWER_ATTACK,412,412,423,1.11228645,1.57727647,1.23718107,0.00775249582,10,49,True,False,False,False,False,False,0.899910585,False
C04_HV_POWER_ATTACK,413,413,424,1.10732126,1.56009042,1.22616041,0.0078762183,10,49,True,False,False,False,False,False,0.895893433,False
C04_HV_POWER_ATTACK,414,414,425,1.10232663,1.542557,1.21512413,0.0079942178,10,49,True,False,False,False,False,False,0.891852459,False
C04_HV_POWER_ATTACK,415,415,426,1.09730804,1.52469647,1.20408487,0.00810732227,10,49,True,False,False,False,False,False,0.887792098,False
C04_HV_POWER_ATTACK,416,416,427,1.09227037,1.50657046,1.19305456,0.00821787026,10,49,True,False,False,False,False,False,0.883716306,False
C04_HV_POWER_ATTACK,417,417,428,1.08721793,1.48813784,1.18204272,0.00832349621,10,49,True,False,False,False,False,False,0.879628554,False
C04_HV_POWER_ATTACK,418,418,429,1.08215582,1.46937823,1.17106128,0.00842261687,10,49,True,False,False,False,False,False,0.87553299,False
C04_HV_POWER_ATTACK,419,419,430,1.07708991,1.45037341,1.16012275,0.00851924345,10,49,True,False,False,False,False,False,0.87143434,False
C04_HV_POWER_ATTACK,420,420,431,1.0720253,1.43110299,1.14923835,0.0086091524,10,49,True,False,False,False,False,False,0.867336751,False
C04_HV_POWER_ATTACK,421,421,432,1.06696618,1.41154635,1.13841677,0.0086951144,10,49,True,False,False,False,False,False,0.863243598,False
C04_HV_POWER_ATTACK,422,422,433,1.06191838,1.3917855,1.12767076,0.00877680536,10,49,True,False,False,False,False,False,0.859159608,False
C04_HV_POWER_ATTACK,423,423,434,1.05688584,1.37175894,1.11700761,0.00885365438,10,49,True,False,False,False,False,False,0.855087963,False
C04_HV_POWER_ATTACK,424,424,435,1.0518738,1.35150754,1.10643852,0.00892553944,10,49,True,False,False,False,False,False,0.851032907,False
C04_HV_POWER_ATTACK,425,425,436,1.04688764,1.33105183,1.09597361,0.00899242889,10,49,True,False,False,False,False,False,0.84699878,False
C04_HV_POWER_ATTACK,426,426,437,1.04193127,1.31039178,1.08562076,0.00905521773,10,49,True,False,False,False,False,False,0.842988766,False
C04_HV_POWER_ATTACK,427,427,438,1.03700984,1.2895273,1.07538939,0.00911222305,10,49,True,False,False,False,False,False,0.83900701,False
C04_HV_POWER_ATTACK,428,428,439,1.03212738,1.26847899,1.06528699,0.0091659762,10,49,True,False,False,False,False,False,0.835056793,False
C04_HV_POWER_ATTACK,429,429,440,1.02728915,1.24726713,1.05532289,0.00921389088,10,49,True,False,False,False,False,False,0.831142358,False
C04_HV_POWER_ATTACK,430,430,441,1.02249873,1.22587144,1.04550374,0.00925689284,10,49,True,False,False,False,False,False,0.827266599,False
C04_HV_POWER_ATTACK,431,431,442,1.01776135,1.20437348,1.03583825,0.009296529,10,49,True,False,False,False,False,False,0.823433759,False
C04_HV_POWER_ATTACK,432,432,443,1.01307988,1.18269169,1.02633083,0.00933043566,10,49,True,False,False,False,False,False,0.819646153,False
C04_HV_POWER_ATTACK,433,433,444,1.00845969,1.16090775,1.01699102,0.00935933925,10,49,True,False,False,False,False,False,0.815908122,False
C04_HV_POWER_ATTACK,434,434,445,1.00390387,1.13898063,1.00782299,0.00938331429,10,49,True,False,False,False,False,False,0.812222172,False
C04_HV_POWER_ATTACK,435,435,446,0.999416649,1.11695147,0.998833656,0.00940315798,10,49,True,False,False,False,False,False,0.808591728,False
C04_HV_POWER_ATTACK,436,436,447,0.995001256,1.09484041,0.990027547,0.00941969454,10,49,True,False,False,False,False,False,0.805019394,False
C04_HV_POWER_ATTACK,437,437,448,0.990661383,1.07262731,0.981410027,0.0094296122,10,49,True,False,False,False,False,False,0.80564577,False
C04_HV_POWER_ATTACK,438,438,449,0.986400485,1.05035281,0.972985923,0.00943622459,10,49,True,False,False,False,False,False,0.806210718,False
C04_HV_POWER_ATTACK,439,439,450,0.982221246,1.02797616,0.964758575,0.0094370516,10,49,True,False,False,False,False,False,0.806281376,False
C04_HV_POWER_ATTACK,440,440,451,0.97812748,1.00557911,0.956733406,0.00943457149,10,49,True,False,False,False,False,False,0.806069481,False
C04_HV_POWER_ATTACK,441,441,452,0.974121332,1.0000453,0.948912382,0.00942712743,10,49,True,False,False,False,False,False,0.805433476,False
C04_HV_POWER_ATTACK,442,442,453,0.970205903,1.0000453,0.941299498,0.00941555295,10,49,True,False,False,False,False,False,0.804444578,False
C04_HV_POWER_ATTACK,443,443,454,0.96638304,1.0000453,0.933896184,0.0093998285,10,49,True,False,False,False,False,False,0.803101115,False
C04_HV_POWER_ATTACK,444,444,455,0.962655485,1.0000453,0.926705599,0.00938081555,10,49,True,False,False,False,False,False,0.801476689,False
C04_HV_POWER_ATTACK,445,445,456,0.959025145,1.0000453,0.919729173,0.00935601816,10,49,True,False,False,False,False,False,0.799358053,False
C04_HV_POWER_ATTACK,446,446,457,0.955493629,1.0000453,0.912968099,0.00932789035,10,49,True,False,False,False,False,False,0.796954874,False
C04_HV_POWER_ATTACK,447,447,458,0.952063024,1.0000453,0.906423986,0.00929478649,10,49,True,False,False,False,False,False,0.794126551,False
C04_HV_POWER_ATTACK,448,448,459,0.948734879,1.0000453,0.900097907,0.00925922859,10,49,True,False,False,False,False,False,0.791088561,False
C04_HV_POWER_ATTACK,449,449,460,0.94550997,1.0000453,0.893989146,0.00921951048,10,49,True,False,False,False,False,False,0.787695131,False
C04_HV_POWER_ATTACK,450,450,461,0.942389846,1.0000453,0.888098598,0.00917484704,10,49,True,False,False,False,False,False,0.783879183,False
C04_HV_POWER_ATTACK,451,451,462,0.939375162,1.0000453,0.882425725,0.00912767742,10,49,True,False,False,False,False,False,0.779849112,False
C04_HV_POWER_ATTACK,452,452,463,0.936466813,1.0000453,0.876970112,0.00907557551,10,49,True,False,False,False,False,False,0.775397637,False
C04_HV_POWER_ATTACK,453,453,464,0.933665216,1.0000453,0.871730745,0.00902097393,10,49,True,False,False,False,False,False,0.770732595,False
C04_HV_POWER_ATTACK,454,454,465,0.93097049,1.0000453,0.866706014,0.00896219444,10,49,True,False,False,False,False,False,0.765710602,False
C04_HV_POWER_ATTACK,455,455,466,0.928382933,1.0000453,0.861894906,0.0089001311,10,49,True,False,False,False,False,False,0.760408044,False
C04_HV_POWER_ATTACK,456,456,467,0.925902665,1.0000453,0.857295692,0.0088356249,10,49,True,False,False,False,False,False,0.754896774,False
C04_HV_POWER_ATTACK,457,457,468,0.92352891,1.0000453,0.852905691,0.0087661352,10,49,True,False,False,False,False,False,0.748959723,False
C04_HV_POWER_ATTACK,458,458,469,0.921261489,1.0000453,0.848722756,0.00869494118,10,49,True,False,False,False,False,False,0.745359226,False
C04_HV_POWER_ATTACK,459,459,470,0.919099927,1.0000453,0.844744682,0.0086196484,10,49,True,False,False,False,False,False,0.743610384,False
C04_HV_POWER_ATTACK,460,460,471,0.917043269,1.0000453,0.84096837,0.00854101405,10,49,True,False,False,False,False,False,0.741946416,False
C04_HV_POWER_ATTACK,461,461,472,0.91509074,1.0000453,0.837391078,0.00846075453,10,49,True,False,False,False,False,False,0.740366696,False
C04_HV_POWER_ATTACK,462,462,473,0.913240671,1.0000453,0.834008574,0.00837788638,10,49,True,False,False,False,False,False,0.738869873,False
C04_HV_POWER_ATTACK,463,463,474,0.911492288,1.0000453,0.830818236,0.00829265732,10,49,True,False,False,False,False,False,0.73745532,False
C04_HV_POWER_ATTACK,464,464,475,0.909843922,1.0000453,0.82781595,0.00820407178,10,49,True,False,False,False,False,False,0.736121686,False
C04_HV_POWER_ATTACK,465,465,476,0.908294082,1.0000453,0.82499814,0.00811219122,10,49,True,False,False,False,False,False,0.734867767,False
C04_HV_POWER_ATTACK,466,466,477,0.906841099,1.0000453,0.822360814,0.00801942311,10,49,True,False,False,False,False,False,0.733692211,False
C04_HV_POWER_ATTACK,467,467,478,0.905483127,1.0000453,0.819899678,0.00792419817,10,49,True,False,False,False,False,False,0.732593525,False
C04_HV_POWER_ATTACK,468,468,479,0.904218256,1.0000453,0.817610621,0.00782737508,10,49,True,False,False,False,False,False,0.731570165,False
C04_HV_POWER_ATTACK,469,469,480,0.903044343,1.0000453,0.815489113,0.00772638153,10,49,True,False,False,False,False,False,0.730620394,False
C04_HV_POWER_ATTACK,470,470,481,0.90195936,1.0000453,0.813530684,0.00762616051,10,49,True,False,False,False,False,False,0.729742573,False
C04_HV_POWER_ATTACK,471,471,482,0.900960982,1.0000453,0.811730742,0.00752273714,10,49,True,False,False,False,False,False,0.728934822,False
C04_HV_POWER_ATTACK,472,472,483,0.900047004,1.0000453,0.810084581,0.00741838198,10,49,True,False,False,False,False,False,0.728195356,False
C04_HV_POWER_ATTACK,473,473,484,0.899214983,1.0000453,0.808587611,0.00730986986,10,49,True,False,False,False,False,False,0.727522198,False
C04_HV_POWER_ATTACK,474,474,485,0.898462653,1.0000453,0.807235122,0.00720214704,10,49,True,False,False,False,False,False,0.726913515,False
C04_HV_POWER_ATTACK,475,475,486,0.897787452,1.0000453,0.806022346,0.00709278788,10,49,True,False,False,False,False,False,0.726367234,False
C04_HV_POWER_ATTACK,476,476,487,0.897186756,1.0000453,0.804944038,0.00698343897,10,49,True,False,False,False,False,False,0.725881233,False
C04_HV_POWER_ATTACK,477,477,488,0.896657884,1.0000453,0.803995311,0.00687075872,10,49,True,False,False,False,False,False,0.725453342,False
C04_HV_POWER_ATTACK,478,478,489,0.896198511,1.0000453,0.803171754,0.00675727567,10,49,True,False,False,False,False,False,0.72508168,False
C04_HV_POWER_ATTACK,479,479,490,0.895805836,1.0000453,0.802468061,0.00664373254,10,49,True,False,False,False,False,False,0.72476398,False
C04_HV_POWER_ATTACK,480,480,491,0.895477295,1.0000453,0.801879585,0.00653104158,10,49,True,False,False,False,False,False,0.72449817,False
C04_HV_POWER_ATTACK,481,481,492,0.895210087,1.0000453,0.801401079,0.00641495781,10,49,True,False,False,False,False,False,0.724281982,False
C04_HV_POWER_ATTACK,482,482,493,0.895001769,1.0000453,0.801028132,0.0062998482,10,49,True,False,False,False,False,False,0.724113439,False
C04_HV_POWER_ATTACK,483,483,494,0.894849539,1.0000453,0.800755739,0.00618447363,10,49,True,False,False,False,False,False,0.723990275,False
C04_HV_POWER_ATTACK,484,484,495,0.894750953,1.0000453,0.80057925,0.00606859103,10,49,True,False,False,False,False,False,0.723910513,False
C04_HV_POWER_ATTACK,485,485,496,0.894703269,1.0000453,0.800493956,0.00595166907,10,49,True,False,False,False,False,False,0.723871934,False
C04_HV_POWER_ATTACK,486,486,497,0.894703984,1.0000453,0.800495207,0.00583478902,10,49,True,False,False,False,False,False,0.723872512,False
C04_HV_POWER_ATTACK,487,487,498,0.894750595,1.0000453,0.800578654,0.00571776694,10,49,True,False,False,False,False,False,0.723910224,False
C04_HV_POWER_ATTACK,488,488,499,0.894840717,1.0000453,0.800739884,0.00560246129,10,49,True,False,False,False,False,False,0.723983138,False
C04_HV_POWER_ATTACK,489,489,500,0.89497155,1.0000453,0.800974071,0.00548575213,10,49,True,False,False,False,False,False,0.72408899,False
C04_HV_POWER_ATTACK,490,490,501,0.895141006,1.0000453,0.801277459,0.00537037803,10,49,True,False,False,False,False,False,0.72422609,False
C04_HV_POWER_ATTACK,491,491,502,0.895346642,1.0000453,0.801645577,0.00525414152,10,49,True,False,False,False,False,False,0.724392463,False
C04_HV_POWER_ATTACK,492,492,503,0.895586193,1.0000453,0.802074611,0.00513964333,10,49,True,False,False,False,False,False,0.724586275,False
C04_HV_POWER_ATTACK,493,493,504,0.895857453,1.0000453,0.802560627,0.00502598193,10,49,True,False,False,False,False,False,0.724805742,False
C04_HV_POWER_ATTACK,494,494,505,0.896158278,1.0000453,0.803099632,0.00491128443,10,49,True,False,False,False,False,False,0.725049129,False
C04_HV_POWER_ATTACK,495,495,506,0.896486402,1.0000453,0.803687871,0.00479931198,10,49,True,False,False,False,False,False,0.725314602,False
C04_HV_POWER_ATTACK,496,496,507,0.896840096,1.0000453,0.804322124,0.00468875188,10,49,True,False,False,False,False,False,0.725600762,False
C04_HV_POWER_ATTACK,497,497,508,0.897217155,1.0000453,0.804998577,0.00457838969,10,49,True,False,False,False,False,False,0.725905827,False
C04_HV_POWER_ATTACK,498,498,509,0.89761585,1.0000453,0.80571425,0.00446874183,10,49,True,False,False,False,False,False,0.726228397,False
C04_HV_POWER_ATTACK,499,499,510,0.898034275,1.0000453,0.806465566,0.00435982179,10,49,True,False,False,False,False,False,0.726566929,False
C04_HV_POWER_ATTACK,500,500,511,0.898470879,1.0000453,0.807249904,0.00425523845,10,49,True,False,False,False,False,False,0.72692017,False
C04_HV_POWER_ATTACK,501,501,512,0.898923695,1.0000453,0.808063805,0.00414814893,10,49,True,False,False,False,False,False,0.727286527,False
C04_HV_POWER_ATTACK,502,502,513,0.899391413,1.0000453,0.808904946,0.00404498214,10,49,True,False,False,False,False,False,0.727664941,False
C04_HV_POWER_ATTACK,503,503,514,0.899872422,1.0000453,0.809770405,0.00394198112,10,49,True,False,False,False,False,False,0.728054108,False
C04_HV_POWER_ATTACK,504,504,515,0.900365531,1.0000453,0.810658097,0.00384204509,10,49,True,False,False,False,False,False,0.728453065,False
C04_HV_POWER_ATTACK,505,505,516,0.900869191,1.0000453,0.81156534,0.00374380569,10,49,True,False,False,False,False,False,0.728860557,False
C04_HV_POWER_ATTACK,506,506,517,0.901382387,1.0000453,0.812490165,0.00364730833,10,49,True,False,False,False,False,False,0.729275765,False
C04_HV_POWER_ATTACK,507,507,518,0.90190357,1.0000453,0.813430071,0.00355066941,10,49,True,False,False,False,False,False,0.729697436,False
C04_HV_POWER_ATTACK,508,508,519,0.902431846,1.0000453,0.814383268,0.00345822633,10,49,True,False,False,False,False,False,0.730124844,False
C04_HV_POWER_ATTACK,509,509,520,0.902966142,1.0000453,0.81534785,0.00336671644,10,49,True,False,False,False,False,False,0.730557124,False
C04_HV_POWER_ATTACK,510,510,521,0.903505743,1.0000453,0.816322625,0.00327905035,10,49,True,False,False,False,False,False,0.730993695,False
C04_HV_POWER_ATTACK,511,511,522,0.904049575,1.0000453,0.817305684,0.00319147483,10,49,True,False,False,False,False,False,0.731433691,False
C04_HV_POWER_ATTACK,512,512,523,0.904596925,1.0000453,0.818295598,0.00310906139,10,49,True,False,False,False,False,False,0.731876531,False
C04_HV_POWER_ATTACK,513,513,524,0.905147254,1.0000453,0.819291532,0.00302639068,10,49,True,False,False,False,False,False,0.732321783,False
C04_HV_POWER_ATTACK,514,514,525,0.905699611,1.0000453,0.820291817,0.00294804992,10,49,True,False,False,False,False,False,0.732768675,False
C04_HV_POWER_ATTACK,515,515,526,0.906253695,1.0000453,0.821295738,0.00286956015,10,49,True,False,False,False,False,False,0.733216964,False
C04_HV_POWER_ATTACK,516,516,527,0.906808674,1.0000453,0.822301924,0.00279430067,10,49,True,False,False,False,False,False,0.733665978,False
C04_HV_POWER_ATTACK,517,517,528,0.90736407,1.0000453,0.823309541,0.00272163469,10,49,True,False,False,False,False,False,0.734115328,False
C04_HV_POWER_ATTACK,518,518,529,0.907919586,1.0000453,0.824317992,0.00265235477,10,49,True,False,False,False,False,False,0.734564776,False
C04_HV_POWER_ATTACK,519,519,530,0.90847528,1.0000453,0.825327337,0.00258534914,10,49,True,False,False,False,False,False,0.735014368,False
C04_HV_POWER_ATTACK,520,520,531,0.909030557,1.0000453,0.826336503,0.00252187531,10,49,True,False,False,False,False,False,0.735463622,False
C04_HV_POWER_ATTACK,521,521,532,0.909585357,1.0000453,0.82734549,0.00245890394,10,49,True,False,False,False,False,False,0.735912491,False
C04_HV_POWER_ATTACK,522,522,533,0.910139441,1.0000453,0.828353822,0.00240103924,10,49,True,False,False,False,False,False,0.73636078,False
C04_HV_POWER_ATTACK,523,523,534,0.91069299,1.0000453,0.829361677,0.00234478689,10,49,True,False,False,False,False,False,0.736808636,False
C04_HV_POWER_ATTACK,524,524,535,0.911245644,1.0000453,0.830368638,0.00229188567,10,49,True,False,False,False,False,False,0.737255769,False
C04_HV_POWER_ATTACK,525,525,536,0.911797583,1.0000453,0.831374824,0.00224071415,10,49,True,False,False,False,False,False,0.737702323,False
C04_HV_POWER_ATTACK,526,526,537,0.912348866,1.0000453,0.832380474,0.00219450425,10,49,True,False,False,False,False,False,0.738148346,False
C04_HV_POWER_ATTACK,527,527,538,0.912899554,1.0000453,0.833385646,0.00214921706,10,49,True,False,False,False,False,False,0.738593887,False
C04_HV_POWER_ATTACK,528,528,539,0.913449943,1.0000453,0.834390819,0.00210807566,10,49,True,False,False,False,False,False,0.739039187,False
C04_HV_POWER_ATTACK,529,529,540,0.914000332,1.0000453,0.835396647,0.00207023253,10,49,True,False,False,False,False,False,0.739484487,False
C04_HV_POWER_ATTACK,530,530,541,0.914550662,1.0000453,0.836402953,0.00203328859,10,49,True,False,False,False,False,False,0.739929739,False
C04_HV_POWER_ATTACK,531,531,542,0.915101528,1.0000453,0.837410808,0.00200126623,10,49,True,False,False,False,False,False,0.740375425,False
C04_HV_POWER_ATTACK,532,532,543,0.915652931,1.0000453,0.838420272,0.0019710043,10,49,True,False,False,False,False,False,0.740821544,False
C04_HV_POWER_ATTACK,533,533,544,0.916205227,1.0000453,0.839432061,0.00194238906,10,49,True,False,False,False,False,False,0.741268388,False
C04_HV_POWER_ATTACK,534,534,545,0.916759133,1.0000453,0.840447307,0.00191872485,10,49,True,False,False,False,False,False,0.741716533,False
C04_HV_POWER_ATTACK,535,535,546,0.917314649,1.0000453,0.841466188,0.00189679873,10,49,True,False,False,False,False,False,0.74216598,False
C04_HV_POWER_ATTACK,536,536,547,0.91787231,1.0000453,0.8424896,0.00187831291,10,49,True,False,False,False,False,False,0.742617163,False
C04_HV_POWER_ATTACK,537,537,548,0.918432951,1.0000453,0.843519032,0.00186223886,10,49,True,False,False,False,False,False,0.743070758,False
C04_HV_POWER_ATTACK,538,538,549,0.918996513,1.0000453,0.844554603,0.00184963492,10,49,True,False,False,False,False,False,0.743526715,False
C04_HV_POWER_ATTACK,539,539,550,0.919564188,1.0000453,0.84559828,0.00184033706,10,49,True,False,False,False,False,False,0.743986,False
C04_HV_POWER_ATTACK,540,540,551,0.920136213,1.0000453,0.84665066,0.001832732,10,49,True,False,False,False,False,False,0.744448806,False
C04_HV_POWER_ATTACK,541,541,552,0.920713246,1.0000453,0.847712874,0.00183020229,10,49,True,False,False,False,False,False,0.744915662,False
C04_HV_POWER_ATTACK,542,542,553,0.921295702,1.0000453,0.848785818,0.00182683242,10,49,True,False,False,False,False,False,0.745386906,False
C04_HV_POWER_ATTACK,543,543,554,0.921884298,1.0000453,0.849870622,0.00182851823,10,49,True,False,False,False,False,False,0.745863118,False
C04_HV_POWER_ATTACK,544,544,555,0.922479749,1.0000453,0.850968897,0.00183356612,10,49,True,False,False,False,False,False,0.746344875,False
C04_HV_POWER_ATTACK,545,545,556,0.923083007,1.0000453,0.852082253,0.00184034125,10,49,True,False,False,False,False,False,0.74683295,False
C04_HV_POWER_ATTACK,546,546,557,0.923694074,1.0000453,0.853210747,0.0018487341,10,49,True,False,False,False,False,False,0.747327342,False
C04_HV_POWER_ATTACK,547,547,558,0.924313843,1.0000453,0.85435605,0.00186047761,10,49,True,False,False,False,False,False,0.747828774,False
C04_HV_POWER_ATTACK,548,548,559,0.924943328,1.0000453,0.855520189,0.00187481078,10,49,True,False,False,False,False,False,0.748338068,False
C04_HV_POWER_ATTACK,549,549,560,0.925583124,1.0000453,0.856704116,0.00189245085,10,49,True,False,False,False,False,False,0.748855703,False
C04_HV_POWER_ATTACK,550,550,561,0.926233768,1.0000453,0.857908964,0.00191009487,10,49,True,False,False,False,False,False,0.749382116,False
C04_HV_POWER_ATTACK,551,551,562,0.926895797,1.0000453,0.859135866,0.0019310863,10,49,True,False,False,False,False,False,0.74991774,False
C04_HV_POWER_ATTACK,552,552,563,0.927570522,1.0000453,0.860387087,0.00195470965,10,49,True,False,False,False,False,False,0.750463635,False
C04_HV_POWER_ATTACK,553,553,564,0.928258002,1.0000453,0.861662865,0.00198059482,10,49,True,False,False,False,False,False,0.75101985,False
C04_HV_POWER_ATTACK,554,554,565,0.928959489,1.0000453,0.862965763,0.00200828235,10,49,True,False,False,False,False,False,0.751587398,False
C04_HV_POWER_ATTACK,555,555,566,0.929675817,1.0000453,0.864297152,0.00203852751,10,49,True,False,False,False,False,False,0.752166953,False
C04_HV_POWER_ATTACK,556,556,567,0.930407286,1.0000453,0.865657747,0.00206872681,10,49,True,False,False,False,False,False,0.752758757,False
C04_HV_POWER_ATTACK,557,557,568,0.931154847,1.0000453,0.867049336,0.00210386608,10,49,True,False,False,False,False,False,0.753363582,False
C04_HV_POWER_ATTACK,558,558,569,0.931919336,1.0000453,0.868473649,0.00213887542,10,49,True,False,False,False,False,False,0.753982103,False
C04_HV_POWER_ATTACK,559,559,570,0.932701766,1.0000453,0.869932592,0.00217662379,10,49,True,False,False,False,False,False,0.754615139,False
C04_HV_POWER_ATTACK,560,560,571,0.933502316,1.0000453,0.871426582,0.00221419195,10,49,True,False,False,False,False,False,0.755262834,False
C04_HV_POWER_ATTACK,561,561,572,0.93432188,1.0000453,0.872957408,0.00225504721,10,49,True,False,False,False,False,False,0.755925914,False
C04_HV_POWER_ATTACK,562,562,573,0.935161769,1.0000453,0.874527574,0.00229764124,10,49,True,False,False,False,False,False,0.756605438,False
C04_HV_POWER_ATTACK,563,563,574,0.936022341,1.0000453,0.876137853,0.00234028744,10,49,True,False,False,False,False,False,0.757301695,False
C04_HV_POWER_ATTACK,564,564,575,0.936903894,1.0000453,0.877788961,0.0023843043,10,49,True,False,False,False,False,False,0.758014927,False
C04_HV_POWER_ATTACK,565,565,576,0.93780762,1.0000453,0.879483104,0.00242925948,10,49,True,False,False,False,False,False,0.758746099,False
C04_HV_POWER_ATTACK,566,566,577,0.938734233,1.0000453,0.88122195,0.00247604772,10,49,True,False,False,False,False,False,0.759495788,False
C04_HV_POWER_ATTACK,567,567,578,0.939684033,1.0000453,0.883006096,0.00252338126,10,49,True,False,False,False,False,False,0.760264237,False
C04_HV_POWER_ATTACK,568,568,579,0.940658331,1.0000453,0.884838045,0.0025717637,10,49,True,False,False,False,False,False,0.761052506,False
C04_HV_POWER_ATTACK,569,569,580,0.941657245,1.0000453,0.886718392,0.00262157014,10,49,True,False,False,False,False,False,0.761860691,False
C04_HV_POWER_ATTACK,570,570,581,0.942681909,1.0000453,0.888649166,0.00267073093,10,49,True,False,False,False,False,False,0.762689709,False
C04_HV_POWER_ATTACK,571,571,582,0.94373256,1.0000453,0.890631139,0.00272221304,10,49,True,False,False,False,False,False,0.763539753,False
C04_HV_POWER_ATTACK,572,572,583,0.944810331,1.0000453,0.892666578,0.00277375779,10,49,True,False,False,False,False,False,0.764411738,False
C04_HV_POWER_ATTACK,573,573,584,0.945915461,1.0000453,0.894756019,0.00282445503,10,49,True,False,False,False,False,False,0.765305859,False
C04_HV_POWER_ATTACK,574,574,585,0.947048306,1.0000453,0.896900475,0.00287596812,10,49,True,False,False,False,False,False,0.766222403,False
C04_HV_POWER_ATTACK,575,575,586,0.948209703,1.0000453,0.899101675,0.00292902184,10,49,True,False,False,False,False,False,0.767162047,False
C04_HV_POWER_ATTACK,576,576,587,0.949400246,1.0000453,0.901360869,0.0029812071,10,49,True,False,False,False,False,False,0.768125272,False
C04_HV_POWER_ATTACK,577,577,588,0.95062083,1.0000453,0.903679967,0.00303359842,10,49,True,False,False,False,False,False,0.769112802,False
C04_HV_POWER_ATTACK,578,578,589,0.951871037,1.0000453,0.906058431,0.00308572012,10,49,True,False,False,False,False,False,0.7701243,False
C04_HV_POWER_ATTACK,579,579,590,0.953151882,1.0000453,0.908498466,0.00313714449,10,49,True,False,False,False,False,False,0.771160584,False
C04_HV_POWER_ATTACK,580,580,591,0.954463542,1.0000453,0.911000609,0.00318937399,10,49,True,False,False,False,False,False,0.772221801,False
C04_HV_POWER_ATTACK,581,581,592,0.955806255,1.0000453,0.913565636,0.00323985773,10,49,True,False,False,False,False,False,0.773308142,False
C04_HV_POWER_ATTACK,582,582,593,0.957180619,1.0000453,0.916194737,0.00329041155,10,49,True,False,False,False,False,False,0.77442009,False
C04_HV_POWER_ATTACK,583,583,594,0.958586633,1.0000453,0.91888839,0.00334014045,10,49,True,False,False,False,False,False,0.775557644,False
C04_HV_POWER_ATTACK,584,584,595,0.960024714,1.0000453,0.921647429,0.00338981138,10,49,True,False,False,False,False,False,0.776721144,False
C04_HV_POWER_ATTACK,585,585,596,0.961494863,1.0000453,0.924472392,0.00343778543,10,49,True,False,False,False,False,False,0.777910588,False
C04_HV_POWER_ATTACK,586,586,597,0.962997615,1.0000453,0.927364409,0.00348585681,10,49,True,False,False,False,False,False,0.77912641,False
C04_HV_POWER_ATTACK,587,587,598,0.964532852,1.0000453,0.930323601,0.00353301363,10,49,True,False,False,False,False,False,0.780368514,False
C04_HV_POWER_ATTACK,588,588,599,0.966100752,1.0000453,0.933350682,0.00357774552,10,49,True,False,False,False,False,False,0.781637045,False
C05_BATTERY_THERMAL_ATTACK,0,0,11,0.895549953,1.0000453,0.802009761,0.0119638974,10,49,True,False,False,False,False,False,1.02216964,True
C05_BATTERY_THERMAL_ATTACK,1,1,12,0.895800948,1.0000453,0.8024593,0.0119316438,10,49,True,False,False,False,False,False,1.01941397,True
C05_BATTERY_THERMAL_ATTACK,2,2,13,0.896225452,1.0000453,0.803220034,0.0118952477,10,49,True,False,False,False,False,False,1.01630436,True
C05_BATTERY_THERMAL_ATTACK,3,3,14,0.896821678,1.0000453,0.804289162,0.0118538812,10,49,True,False,False,False,False,False,1.01277009,True
C05_BATTERY_THERMAL_ATTACK,4,4,15,0.89758718,1.0000453,0.805662751,0.0118067479,10,49,True,False,False,False,False,False,1.00874313,True
C05_BATTERY_THERMAL_ATTACK,5,5,16,0.898519278,1.0000453,0.807336867,0.0117546376,10,49,True,False,False,False,False,False,1.00429093,True
C05_BATTERY_THERMAL_ATTACK,6,6,17,0.89961493,1.0000453,0.809307039,0.0116975661,10,49,True,False,False,False,False,False,0.999414873,False
C05_BATTERY_THERMAL_ATTACK,7,7,18,0.90087074,1.0000453,0.811568141,0.0116355568,10,49,True,False,False,False,False,False,0.99411693,False
C05_BATTERY_THERMAL_ATTACK,8,8,19,0.902283192,1.0000453,0.814114928,0.0115685333,10,49,True,False,False,False,False,False,0.988390581,False
C05_BATTERY_THERMAL_ATTACK,9,9,20,0.903847873,1.0000453,0.816941023,0.0114957681,10,49,True,False,False,False,False,False,0.982173682,False
C05_BATTERY_THERMAL_ATTACK,10,10,21,0.905560613,1.0000453,0.820040047,0.0114188911,10,49,True,False,False,False,False,False,0.975605481,False
C05_BATTERY_THERMAL_ATTACK,11,11,22,0.907417119,1.0000453,0.823405802,0.011336945,10,49,True,False,False,False,False,False,0.968604179,False
C05_BATTERY_THERMAL_ATTACK,12,12,23,0.909412146,1.0000453,0.82703048,0.0112509532,10,49,True,False,False,False,False,False,0.961257224,False
C05_BATTERY_THERMAL_ATTACK,13,13,24,0.911541045,1.0000453,0.830907106,0.0111599537,10,49,True,False,False,False,False,False,0.95348242,False
C05_BATTERY_THERMAL_ATTACK,14,14,25,0.913798094,1.0000453,0.835026979,0.0110631846,10,49,True,False,False,False,False,False,0.945214679,False
C05_BATTERY_THERMAL_ATTACK,15,15,26,0.91617769,1.0000453,0.839381576,0.0109623428,10,49,True,False,False,False,False,False,0.936598977,False
C05_BATTERY_THERMAL_ATTACK,16,16,27,0.918674588,1.0000453,0.843963027,0.0108580934,10,49,True,False,False,False,False,False,0.927692128,False
C05_BATTERY_THERMAL_ATTACK,17,17,28,0.921282411,1.0000453,0.84876132,0.0107473452,10,49,True,False,False,False,False,False,0.918230038,False
C05_BATTERY_THERMAL_ATTACK,18,18,29,0.923995554,1.0000453,0.853767812,0.0106340498,10,49,True,False,False,False,False,False,0.908550324,False
C05_BATTERY_THERMAL_ATTACK,19,19,30,0.92680794,1.0000453,0.858972967,0.010515729,10,49,True,False,False,False,False,False,0.898441249,False
C05_BATTERY_THERMAL_ATTACK,20,20,31,0.929713488,1.0000453,0.864367127,0.0103949774,10,49,True,False,False,False,False,False,0.888124495,False
C05_BATTERY_THERMAL_ATTACK,21,21,32,0.932705224,1.0000453,0.869939089,0.0102677783,10,49,True,False,False,False,False,False,0.877256877,False
C05_BATTERY_THERMAL_ATTACK,22,22,33,0.935777545,1.0000453,0.875679612,0.0101370355,10,49,True,False,False,False,False,False,0.866086495,False
C05_BATTERY_THERMAL_ATTACK,23,23,34,0.938923419,1.0000453,0.881577134,0.0100022834,10,49,True,False,False,False,False,False,0.854573563,False
C05_BATTERY_THERMAL_ATTACK,24,24,35,0.942136526,1.0000453,0.887621224,0.00986334588,10,49,True,False,False,False,False,False,0.842703042,False
C05_BATTERY_THERMAL_ATTACK,25,25,36,0.94541055,1.0000453,0.893801153,0.00972195901,10,49,True,False,False,False,False,False,0.830623252,False
C05_BATTERY_THERMAL_ATTACK,26,26,37,0.948738933,1.0000453,0.900105596,0.00957655907,10,49,True,False,False,False,False,False,0.818200594,False
C05_BATTERY_THERMAL_ATTACK,27,27,38,0.952115297,1.0000453,0.906523585,0.0094260443,10,49,True,False,False,False,False,False,0.805340936,False
C05_BATTERY_THERMAL_ATTACK,28,28,39,0.955533206,1.0000453,0.913043678,0.00927485991,10,49,True,False,False,False,False,False,0.792424068,False
C05_BATTERY_THERMAL_ATTACK,29,29,40,0.958986521,1.0000453,0.919655204,0.00911860634,10,49,True,False,False,False,False,False,0.779074098,False
C05_BATTERY_THERMAL_ATTACK,30,30,41,0.962468922,1.0000453,0.926346421,0.0089590149,10,49,True,False,False,False,False,False,0.778698663,False
C05_BATTERY_THERMAL_ATTACK,31,31,42,0.965973735,1.0000453,0.93310529,0.00879526976,10,49,True,False,False,False,False,False,0.78153428,False
C05_BATTERY_THERMAL_ATTACK,32,32,43,0.969494641,1.0000453,0.939919829,0.00863098167,10,49,True,False,False,False,False,False,0.784382917,False
C05_BATTERY_THERMAL_ATTACK,33,33,44,0.973026633,1.0000453,0.94678086,0.00846227538,10,49,True,False,False,False,False,False,0.787240524,False
C05_BATTERY_THERMAL_ATTACK,34,34,45,0.976562917,1.0000453,0.953675151,0.00829127431,10,49,True,False,False,False,False,False,0.790101603,False
C05_BATTERY_THERMAL_ATTACK,35,35,46,0.980098486,1.0000453,0.960592985,0.00811848603,10,49,True,False,False,False,False,False,0.792962104,False
C05_BATTERY_THERMAL_ATTACK,36,36,47,0.983626962,1.01420283,0.967521966,0.00794165861,10,49,True,False,False,False,False,False,0.795816865,False
C05_BATTERY_THERMAL_ATTACK,37,37,48,0.987142384,1.03079629,0.974450111,0.00776259042,10,49,True,False,False,False,False,False,0.798661066,False
C05_BATTERY_THERMAL_ATTACK,38,38,49,0.990640044,1.04698098,0.981367707,0.00758175086,10,49,True,False,False,False,False,False,0.801490896,False
C05_BATTERY_THERMAL_ATTACK,39,39,50,0.994114518,1.06273663,0.988263726,0.00739836507,10,49,True,False,False,False,False,False,0.804301966,False
C05_BATTERY_THERMAL_ATTACK,40,40,51,0.997560441,1.07804263,0.995126784,0.00721259881,10,49,True,False,False,False,False,False,0.807089938,False
C05_BATTERY_THERMAL_ATTACK,41,41,52,1.00097299,1.09291947,1.00194681,0.00702511054,10,49,True,False,False,False,False,False,0.809850904,False
C05_BATTERY_THERMAL_ATTACK,42,42,53,1.00434744,1.10736728,1.00871384,0.00683681155,10,49,True,False,False,False,False,False,0.812581055,False
C05_BATTERY_THERMAL_ATTACK,43,43,54,1.00767875,1.12132454,1.01541638,0.00664556352,10,49,True,False,False,False,False,False,0.815276292,False
C05_BATTERY_THERMAL_ATTACK,44,44,55,1.01096296,1.13487315,1.02204621,0.00645313272,10,49,True,False,False,False,False,False,0.817933431,False
C05_BATTERY_THERMAL_ATTACK,45,45,56,1.01419532,1.14795172,1.02859223,0.00625932869,10,49,True,False,False,False,False,False,0.820548617,False
C05_BATTERY_THERMAL_ATTACK,46,46,57,1.01737154,1.16056025,1.03504479,0.00606215792,10,49,True,False,False,False,False,False,0.823118375,False
C05_BATTERY_THERMAL_ATTACK,47,47,58,1.02048779,1.17276013,1.04139543,0.00586653454,10,49,True,False,False,False,False,False,0.825639619,False
C05_BATTERY_THERMAL_ATTACK,48,48,59,1.02354026,1.18446958,1.04763472,0.00566978613,10,49,True,False,False,False,False,False,0.828109265,False
C05_BATTERY_THERMAL_ATTACK,49,49,60,1.02652621,1.19574988,1.053756,0.00547192292,10,49,True,False,False,False,False,False,0.830525092,False
C05_BATTERY_THERMAL_ATTACK,50,50,61,1.02944148,1.20656013,1.05974972,0.00527255936,10,49,True,False,False,False,False,False,0.832883725,False
C05_BATTERY_THERMAL_ATTACK,51,51,62,1.03228283,1.21692085,1.06560779,0.0050733299,10,49,True,False,False,False,False,False,0.835182561,False
C05_BATTERY_THERMAL_ATTACK,52,52,63,1.03504717,1.22681141,1.07132268,0.00487257075,10,49,True,False,False,False,False,False,0.837419092,False
C05_BATTERY_THERMAL_ATTACK,53,53,64,1.03773201,1.23627305,1.07688761,0.00467151171,10,49,True,False,False,False,False,False,0.839591292,False
C05_BATTERY_THERMAL_ATTACK,54,54,65,1.04033351,1.24524415,1.08229375,0.00447135698,10,49,True,False,False,False,False,False,0.841696074,False
C05_BATTERY_THERMAL_ATTACK,55,55,66,1.04285061,1.25378609,1.08753729,0.00426987233,10,49,True,False,False,False,False,False,0.843732572,False
C05_BATTERY_THERMAL_ATTACK,56,56,67,1.04528058,1.26189888,1.09261143,0.00407015253,10,49,True,False,False,False,False,False,0.845698566,False
C05_BATTERY_THERMAL_ATTACK,57,57,68,1.04762137,1.26954162,1.09751058,0.00387109164,10,49,True,False,False,False,False,False,0.847592417,False
C05_BATTERY_THERMAL_ATTACK,58,58,69,1.04987133,1.27673483,1.10222983,0.00367010571,10,49,True,False,False,False,False,False,0.849412775,False
C05_BATTERY_THERMAL_ATTACK,59,59,70,1.05202734,1.28345811,1.10676146,0.00347091653,10,49,True,False,False,False,False,False,0.851157132,False
C05_BATTERY_THERMAL_ATTACK,60,60,71,1.05408871,1.28975213,1.11110294,0.0032714915,10,49,True,False,False,False,False,False,0.852824909,False
C05_BATTERY_THERMAL_ATTACK,61,61,72,1.05605376,1.2956171,1.11524963,0.0030740723,10,49,True,False,False,False,False,False,0.854414756,False
C05_BATTERY_THERMAL_ATTACK,62,62,73,1.05792201,1.30105281,1.11919892,0.00287768082,10,49,True,False,False,False,False,False,0.855926288,False
C05_BATTERY_THERMAL_ATTACK,63,63,74,1.05969119,1.30601859,1.12294543,0.00268260017,10,49,True,False,False,False,False,False,0.857357671,False
C05_BATTERY_THERMAL_ATTACK,64,64,75,1.06136131,1.31057572,1.12648773,0.00248814281,10,49,True,False,False,False,False,False,0.858708907,False
C05_BATTERY_THERMAL_ATTACK,65,65,76,1.06293094,1.31470358,1.12982225,0.00229758816,10,49,True,False,False,False,False,False,0.859978836,False
C05_BATTERY_THERMAL_ATTACK,66,66,77,1.06440043,1.31840241,1.13294816,0.00210773479,10,49,True,False,False,False,False,False,0.86116775,False
C05_BATTERY_THERMAL_ATTACK,67,67,78,1.06576836,1.32167208,1.13586211,0.00191879086,10,49,True,False,False,False,False,False,0.862274489,False
C05_BATTERY_THERMAL_ATTACK,68,68,79,1.06703424,1.32453299,1.13856196,0.00173407025,10,49,True,False,False,False,False,False,0.86329867,False
C05_BATTERY_THERMAL_ATTACK,69,69,80,1.06819844,1.32698524,1.14104795,0.00155305874,10,49,True,False,False,False,False,False,0.86424058,False
C05_BATTERY_THERMAL_ATTACK,70,70,81,1.06926095,1.32902873,1.14331901,0.00137820281,10,49,True,False,False,False,False,False,0.86510022,False
C05_BATTERY_THERMAL_ATTACK,71,71,82,1.07022238,1.33066356,1.14537585,0.00120834995,10,49,True,False,False,False,False,False,0.865878073,False
C05_BATTERY_THERMAL_ATTACK,72,72,83,1.07108259,1.33191013,1.14721787,0.00104559469,10,49,True,False,False,False,False,False,0.866574041,False
C05_BATTERY_THERMAL_ATTACK,73,73,84,1.0718416,1.33274794,1.14884436,0.000893360702,10,49,True,False,False,False,False,False,0.867188125,False
C05_BATTERY_THERMAL_ATTACK,74,74,85,1.07250023,1.33321798,1.15025663,0.000760239665,10,49,True,False,False,False,False,False,0.867720999,False
C05_BATTERY_THERMAL_ATTACK,75,75,86,1.0730598,1.33332014,1.15145743,0.000650180504,10,49,True,False,False,False,False,False,0.868173726,False
C05_BATTERY_THERMAL_ATTACK,76,76,87,1.07352078,1.33332014,1.15244699,0.000578386069,10,49,True,False,False,False,False,False,0.86854669,False
C05_BATTERY_THERMAL_ATTACK,77,77,88,1.07388401,1.33332014,1.15322697,0.000557336549,10,49,True,False,False,False,False,False,0.868840567,False
C05_BATTERY_THERMAL_ATTACK,78,78,89,1.07415044,1.33332014,1.15379906,0.000590964453,10,49,True,False,False,False,False,False,0.869056128,False
C05_BATTERY_THERMAL_ATTACK,79,79,90,1.07432103,1.33332014,1.15416563,0.000668953755,10,49,True,False,False,False,False,False,0.869194145,False
C05_BATTERY_THERMAL_ATTACK,80,80,91,1.07439756,1.33332014,1.15433013,0.000774358283,10,49,True,False,False,False,False,False,0.869256064,False
C05_BATTERY_THERMAL_ATTACK,81,81,92,1.07438159,1.33332014,1.1542958,0.00089635211,10,49,True,False,False,False,False,False,0.86924314,False
C05_BATTERY_THERMAL_ATTACK,82,82,93,1.07427442,1.33332014,1.15406549,0.00102934428,10,49,True,False,False,False,False,False,0.869156433,False
C05_BATTERY_THERMAL_ATTACK,83,83,94,1.07407725,1.33332014,1.15364194,0.00116891111,10,49,True,False,False,False,False,False,0.868996909,False
C05_BATTERY_THERMAL_ATTACK,84,84,95,1.07379234,1.33332014,1.15302992,0.00130862813,10,49,True,False,False,False,False,False,0.868766398,False
C05_BATTERY_THERMAL_ATTACK,85,85,96,1.07342148,1.33332014,1.15223372,0.00145026669,10,49,True,False,False,False,False,False,0.868466349,False
C05_BATTERY_THERMAL_ATTACK,86,86,97,1.07296622,1.33332014,1.15125656,0.00159181457,10,49,True,False,False,False,False,False,0.868098014,False
C05_BATTERY_THERMAL_ATTACK,87,87,98,1.07242763,1.33303404,1.15010107,0.00173365313,10,49,True,False,False,False,False,False,0.867662262,False
C05_BATTERY_THERMAL_ATTACK,88,88,99,1.07180893,1.33238006,1.14877427,0.00187121844,10,49,True,False,False,False,False,False,0.867161698,False
C05_BATTERY_THERMAL_ATTACK,89,89,100,1.0711118,1.33135831,1.14728057,0.00200688234,10,49,True,False,False,False,False,False,0.86659767,False
C05_BATTERY_THERMAL_ATTACK,90,90,101,1.07033873,1.32996869,1.14562488,0.00214055227,10,49,True,False,False,False,False,False,0.865972206,False
C05_BATTERY_THERMAL_ATTACK,91,91,102,1.06949186,1.3282522,1.14381278,0.00227211416,10,49,True,False,False,False,False,False,0.86528704,False
C05_BATTERY_THERMAL_ATTACK,92,92,103,1.06857336,1.32620871,1.14184904,0.00240060361,10,49,True,False,False,False,False,False,0.864543909,False
C05_BATTERY_THERMAL_ATTACK,93,93,104,1.06758487,1.32381773,1.13973749,0.00252662157,10,49,True,False,False,False,False,False,0.863744163,False
C05_BATTERY_THERMAL_ATTACK,94,94,105,1.06652939,1.32107937,1.13748503,0.00264815846,10,49,True,False,False,False,False,False,0.862890213,False
C05_BATTERY_THERMAL_ATTACK,95,95,106,1.06540954,1.31805503,1.13509738,0.00276812236,10,49,True,False,False,False,False,False,0.861984181,False
C05_BATTERY_THERMAL_ATTACK,96,96,107,1.06422722,1.31470358,1.13257968,0.00288339215,10,49,True,False,False,False,False,False,0.861027611,False
C05_BATTERY_THERMAL_ATTACK,97,97,108,1.0629853,1.31104565,1.12993777,0.00299571222,10,49,True,False,False,False,False,False,0.860022816,False
C05_BATTERY_THERMAL_ATTACK,98,98,109,1.0616858,1.30706084,1.12717664,0.00310450839,10,49,True,False,False,False,False,False,0.858971438,False
C05_BATTERY_THERMAL_ATTACK,99,99,110,1.06033206,1.3028307,1.12430418,0.00321051572,10,49,True,False,False,False,False,False,0.857876175,False
C05_BATTERY_THERMAL_ATTACK,100,100,111,1.05892611,1.29831445,1.12132442,0.00331254164,10,49,True,False,False,False,False,False,0.856738669,False
C05_BATTERY_THERMAL_ATTACK,101,101,112,1.05747032,1.29351223,1.11824346,0.0034106872,10,49,True,False,False,False,False,False,0.855560847,False
C05_BATTERY_THERMAL_ATTACK,102,102,113,1.05596733,1.28844428,1.11506701,0.00350571307,10,49,True,False,False,False,False,False,0.854344832,False
C05_BATTERY_THERMAL_ATTACK,103,103,114,1.05442011,1.28313112,1.11180186,0.00359651842,10,49,True,False,False,False,False,False,0.853093034,False
C05_BATTERY_THERMAL_ATTACK,104,104,115,1.05283058,1.27755225,1.10845232,0.00368435867,10,49,True,False,False,False,False,False,0.851806998,False
C05_BATTERY_THERMAL_ATTACK,105,105,116,1.05120206,1.27174866,1.10502577,0.00376793486,10,49,True,False,False,False,False,False,0.850489423,False
C05_BATTERY_THERMAL_ATTACK,106,106,117,1.04953623,1.26569974,1.10152626,0.00384845724,10,49,True,False,False,False,False,False,0.84914166,False
C05_BATTERY_THERMAL_ATTACK,107,107,118,1.04783618,1.25944662,1.09796059,0.0039255959,10,49,True,False,False,False,False,False,0.847766216,False
C05_BATTERY_THERMAL_ATTACK,108,108,119,1.04610419,1.25296867,1.09433401,0.00399779854,10,49,True,False,False,False,False,False,0.846364925,False
C05_BATTERY_THERMAL_ATTACK,109,109,120,1.04434276,1.24626589,1.09065175,0.00406693527,10,49,True,False,False,False,False,False,0.84493981,False
C05_BATTERY_THERMAL_ATTACK,110,110,121,1.04255474,1.23937917,1.0869205,0.00413184427,10,49,True,False,False,False,False,False,0.843493188,False
C05_BATTERY_THERMAL_ATTACK,111,111,122,1.0407424,1.23230851,1.08314466,0.00419437233,10,49,True,False,False,False,False,False,0.842026891,False
C05_BATTERY_THERMAL_ATTACK,112,112,123,1.03890765,1.22505403,1.07932901,0.00425278023,10,49,True,False,False,False,False,False,0.840542461,False
C05_BATTERY_THERMAL_ATTACK,113,113,124,1.03705323,1.2176156,1.07547939,0.00430712057,10,49,True,False,False,False,False,False,0.839042117,False
C05_BATTERY_THERMAL_ATTACK,114,114,125,1.03518176,1.21003413,1.07160139,0.00435809093,10,49,True,False,False,False,False,False,0.837527981,False
C05_BATTERY_THERMAL_ATTACK,115,115,126,1.03329539,1.20226872,1.06769943,0.00440420024,10,49,True,False,False,False,False,False,0.83600179,False
C05_BATTERY_THERMAL_ATTACK,116,116,127,1.03139651,1.19438064,1.06377864,0.00444867183,10,49,True,False,False,False,False,False,0.834465471,False
C05_BATTERY_THERMAL_ATTACK,117,117,128,1.02948725,1.18632913,1.0598439,0.00448737713,10,49,True,False,False,False,False,False,0.832920761,False
C05_BATTERY_THERMAL_ATTACK,118,118,129,1.02756989,1.17815506,1.05589986,0.00452364422,10,49,True,False,False,False,False,False,0.831369493,False
C05_BATTERY_THERMAL_ATTACK,119,119,130,1.02564657,1.16987884,1.05195081,0.00455741771,10,49,True,False,False,False,False,False,0.829813403,False
C05_BATTERY_THERMAL_ATTACK,120,120,131,1.02371871,1.16145945,1.0480001,0.00458628405,10,49,True,False,False,False,False,False,0.828253647,False
C05_BATTERY_THERMAL_ATTACK,121,121,132,1.02178931,1.15295839,1.04405344,0.00461264933,10,49,True,False,False,False,False,False,0.826692638,False
C05_BATTERY_THERMAL_ATTACK,122,122,133,1.01985967,1.14433467,1.04011369,0.00463493355,10,49,True,False,False,False,False,False,0.825131435,False
C05_BATTERY_THERMAL_ATTACK,123,123,134,1.01793194,1.1356293,1.0361855,0.00465390692,10,49,True,False,False,False,False,False,0.823571776,False
C05_BATTERY_THERMAL_ATTACK,124,124,135,1.01600826,1.12684214,1.03227282,0.0046695848,10,49,True,False,False,False,False,False,0.822015396,False
C05_BATTERY_THERMAL_ATTACK,125,125,136,1.01409006,1.11799359,1.02837861,0.0046827849,10,49,True,False,False,False,False,False,0.820463453,False
C05_BATTERY_THERMAL_ATTACK,126,126,137,1.01217902,1.10908389,1.02450633,0.0046926802,10,49,True,False,False,False,False,False,0.818917297,False
C05_BATTERY_THERMAL_ATTACK,127,127,138,1.01027668,1.10009229,1.02065897,0.00469845999,10,49,True,False,False,False,False,False,0.817378181,False
C05_BATTERY_THERMAL_ATTACK,128,128,139,1.0083847,1.09108031,1.01683962,0.00470341276,10,49,True,False,False,False,False,False,0.815847456,False
C05_BATTERY_THERMAL_ATTACK,129,129,140,1.00650454,1.08200705,1.01305127,0.00470341276,10,49,True,False,False,False,False,False,0.81432628,False
C05_BATTERY_THERMAL_ATTACK,130,130,141,1.0046376,1.0728929,1.00929677,0.00470093451,10,49,True,False,False,False,False,False,0.812815809,False
C05_BATTERY_THERMAL_ATTACK,131,131,142,1.0027858,1.06375837,1.00557947,0.00469515799,10,49,True,False,False,False,False,False,0.811317587,False
C05_BATTERY_THERMAL_ATTACK,132,132,143,1.00094986,1.05460334,1.00190067,0.00468772044,10,49,True,False,False,False,False,False,0.809832193,False
C05_BATTERY_THERMAL_ATTACK,133,133,144,0.999131501,1.04542792,0.998263717,0.0046761618,10,49,True,False,False,False,False,False,0.808361025,False
C05_BATTERY_THERMAL_ATTACK,134,134,145,0.997331262,1.0362525,0.994669676,0.00466375798,10,49,True,False,False,False,False,False,0.806904517,False
C05_BATTERY_THERMAL_ATTACK,135,135,146,0.995550513,1.02707708,0.991120875,0.004648061,10,49,True,False,False,False,False,False,0.805463778,False
C05_BATTERY_THERMAL_ATTACK,136,136,147,0.993790269,1.01790166,0.987619102,0.00462987274,10,49,True,False,False,False,False,False,0.804039628,False
C05_BATTERY_THERMAL_ATTACK,137,137,148,0.992051303,1.00874662,0.984165788,0.00461002858,10,49,True,False,False,False,False,False,0.802632694,False
C05_BATTERY_THERMAL_ATTACK,138,138,149,0.990334809,1.0000453,0.980763078,0.00458690757,10,49,True,False,False,False,False,False,0.801243941,False
C05_BATTERY_THERMAL_ATTACK,139,139,150,0.988641322,1.0000453,0.977411687,0.0045612501,10,49,True,False,False,False,False,False,0.799873802,False
C05_BATTERY_THERMAL_ATTACK,140,140,151,0.986972034,1.0000453,0.974113762,0.00453479961,10,49,True,False,False,False,False,False,0.798523242,False
C05_BATTERY_THERMAL_ATTACK,141,141,152,0.985327303,1.0000453,0.970869899,0.00450504012,10,49,True,False,False,False,False,False,0.79719255,False
C05_BATTERY_THERMAL_ATTACK,142,142,153,0.983707607,1.0000453,0.967680693,0.00447526528,10,49,True,False,False,False,False,False,0.795882112,False
C05_BATTERY_THERMAL_ATTACK,143,143,154,0.982113361,1.0000453,0.964546621,0.0044421535,10,49,True,False,False,False,False,False,0.794592266,False
C05_BATTERY_THERMAL_ATTACK,144,144,155,0.980545521,1.0000453,0.961469471,0.00440827338,10,49,True,False,False,False,False,False,0.793323783,False
C05_BATTERY_THERMAL_ATTACK,145,145,156,0.979003847,1.0000453,0.958448529,0.0043718135,10,49,True,False,False,False,False,False,0.792076471,False
C05_BATTERY_THERMAL_ATTACK,146,146,157,0.97748965,1.0000453,0.955486,0.00433377083,10,49,True,False,False,False,False,False,0.790851389,False
C05_BATTERY_THERMAL_ATTACK,147,147,158,0.976002574,1.0000453,0.952580988,0.00429484434,10,49,True,False,False,False,False,False,0.78964825,False
C05_BATTERY_THERMAL_ATTACK,148,148,159,0.974542916,1.0000453,0.949733913,0.00425423216,10,49,True,False,False,False,False,False,0.788467293,False
C05_BATTERY_THERMAL_ATTACK,149,149,160,0.973111331,1.0000453,0.946945608,0.0042128833,10,49,True,False,False,False,False,False,0.787309051,False
C05_BATTERY_THERMAL_ATTACK,150,150,161,0.971707106,1.0000453,0.944214702,0.00417060964,10,49,True,False,False,False,False,False,0.786172942,False
C05_BATTERY_THERMAL_ATTACK,151,151,162,0.970330834,1.0000453,0.94154197,0.00412670709,10,49,True,False,False,False,False,False,0.785059451,False
C05_BATTERY_THERMAL_ATTACK,152,152,163,0.968982458,1.0000453,0.938926995,0.0040828255,10,49,True,False,False,False,False,False,0.783968529,False
C05_BATTERY_THERMAL_ATTACK,153,153,164,0.967661619,1.0000453,0.936369002,0.00403719721,10,49,True,False,False,False,False,False,0.782899886,False
C05_BATTERY_THERMAL_ATTACK,154,154,165,0.966369092,1.0000453,0.933869243,0.00399000989,10,49,True,False,False,False,False,False,0.78185415,False
C05_BATTERY_THERMAL_ATTACK,155,155,166,0.965104222,1.0000453,0.931426167,0.00394358579,10,49,True,False,False,False,False,False,0.780830789,False
C05_BATTERY_THERMAL_ATTACK,156,156,167,0.963866711,1.0000453,0.929039061,0.00389626436,10,49,True,False,False,False,False,False,0.779829563,False
C05_BATTERY_THERMAL_ATTACK,157,157,168,0.962656617,1.0000453,0.926707804,0.00384903583,10,49,True,False,False,False,False,False,0.778850521,False
C05_BATTERY_THERMAL_ATTACK,158,158,169,0.961473167,1.0000453,0.924430668,0.00380167598,10,49,True,False,False,False,False,False,0.777893034,False
C05_BATTERY_THERMAL_ATTACK,159,159,170,0.960316956,1.0000453,0.922208607,0.0037519671,10,49,True,False,False,False,False,False,0.776957586,False
C05_BATTERY_THERMAL_ATTACK,160,160,171,0.95918715,1.0000453,0.920039952,0.00370465149,10,49,True,False,False,False,False,False,0.776043501,False
C05_BATTERY_THERMAL_ATTACK,161,161,172,0.958082974,1.0000453,0.917923033,0.00365641923,10,49,True,False,False,False,False,False,0.775150152,False
C05_BATTERY_THERMAL_ATTACK,162,162,173,0.957004786,1.0000453,0.91585815,0.00360827451,10,49,True,False,False,False,False,False,0.774277829,False
C05_BATTERY_THERMAL_ATTACK,163,163,174,0.95595181,1.0000453,0.91384387,0.00356009696,10,49,True,False,False,False,False,False,0.773425905,False
C05_BATTERY_THERMAL_ATTACK,164,164,175,0.954923749,1.0000453,0.91187942,0.00351188588,10,49,True,False,False,False,False,False,0.772594138,False
C05_BATTERY_THERMAL_ATTACK,165,165,176,0.953920007,1.0000453,0.909963429,0.00346621149,10,49,True,False,False,False,False,False,0.771782046,False
C05_BATTERY_THERMAL_ATTACK,166,166,177,0.95293963,1.0000453,0.908093989,0.00341963931,10,49,True,False,False,False,False,False,0.770988859,False
C05_BATTERY_THERMAL_ATTACK,167,167,178,0.951982617,1.0000453,0.906270921,0.00337305455,10,49,True,False,False,False,False,False,0.770214575,False
C05_BATTERY_THERMAL_ATTACK,168,168,179,0.951048374,1.0000453,0.904493034,0.00332813198,10,49,True,False,False,False,False,False,0.769458713,False
C05_BATTERY_THERMAL_ATTACK,169,169,180,0.950136244,1.0000453,0.902758837,0.00328231766,10,49,True,False,False,False,False,False,0.768720742,False
C05_BATTERY_THERMAL_ATTACK,170,170,181,0.949245691,1.0000453,0.901067436,0.0032407511,10,49,True,False,False,False,False,False,0.768000227,False
C05_BATTERY_THERMAL_ATTACK,171,171,182,0.948375463,1.0000453,0.899416029,0.00319821993,10,49,True,False,False,False,False,False,0.767296158,False
C05_BATTERY_THERMAL_ATTACK,172,172,183,0.94752574,1.0000453,0.897804976,0.00315572927,10,49,True,False,False,False,False,False,0.766608677,False
C05_BATTERY_THERMAL_ATTACK,173,173,184,0.946695685,1.0000453,0.896232665,0.00311573525,10,49,True,False,False,False,False,False,0.76593711,False
C05_BATTERY_THERMAL_ATTACK,174,174,185,0.945884526,1.0000453,0.894697487,0.00307659246,10,49,True,False,False,False,False,False,0.76528083,False
C05_BATTERY_THERMAL_ATTACK,175,175,186,0.945091307,1.0000453,0.893197596,0.003039876,10,49,True,False,False,False,False,False,0.764639066,False
C05_BATTERY_THERMAL_ATTACK,176,176,187,0.944315553,1.0000453,0.891731858,0.00300315558,10,49,True,False,False,False,False,False,0.764011431,False
C05_BATTERY_THERMAL_ATTACK,177,177,188,0.943556428,1.0000453,0.890298784,0.00296889711,10,49,True,False,False,False,False,False,0.763397251,False
C05_BATTERY_THERMAL_ATTACK,178,178,189,0.942813456,1.0000453,0.88889724,0.00293634227,10,49,True,False,False,False,False,False,0.762796139,False
C05_BATTERY_THERMAL_ATTACK,179,179,190,0.942085505,1.0000453,0.887525141,0.00290540978,10,49,True,False,False,False,False,False,0.76220718,False
C05_BATTERY_THERMAL_ATTACK,180,180,191,0.941372275,1.0000453,0.886181712,0.00287621282,10,49,True,False,False,False,False,False,0.761630132,False
C05_BATTERY_THERMAL_ATTACK,181,181,192,0.940672517,1.0000453,0.884864748,0.00284858583,10,49,True,False,False,False,False,False,0.761063983,False
C05_BATTERY_THERMAL_ATTACK,182,182,193,0.939985812,1.0000453,0.883573353,0.00282263733,10,49,True,False,False,False,False,False,0.760508395,False
C05_BATTERY_THERMAL_ATTACK,183,183,194,0.939311683,1.0000453,0.882306457,0.0027992588,10,49,True,False,False,False,False,False,0.759962982,False
C05_BATTERY_THERMAL_ATTACK,184,184,195,0.938648582,1.0000453,0.881061137,0.00277912943,10,49,True,False,False,False,False,False,0.759426491,False
C05_BATTERY_THERMAL_ATTACK,185,185,196,0.93799597,1.0000453,0.87983644,0.00276072952,10,49,True,False,False,False,False,False,0.758898487,False
C05_BATTERY_THERMAL_ATTACK,186,186,197,0.937353253,1.0000453,0.878631175,0.00274313847,10,49,True,False,False,False,False,False,0.758378488,False
C05_BATTERY_THERMAL_ATTACK,187,187,198,0.936719775,1.0000453,0.87744391,0.00272890949,10,49,True,False,False,False,False,False,0.757865963,False
C05_BATTERY_THERMAL_ATTACK,188,188,199,0.936094582,1.0000453,0.876273036,0.00271633477,10,49,True,False,False,False,False,False,0.757360142,False
C05_BATTERY_THERMAL_ATTACK,189,189,200,0.935477138,1.0000453,0.875117421,0.00270628324,10,49,True,False,False,False,False,False,0.75686059,False
C05_BATTERY_THERMAL_ATTACK,190,190,201,0.93486625,1.0000453,0.873974919,0.00269956142,10,49,True,False,False,False,False,False,0.756366343,False
C05_BATTERY_THERMAL_ATTACK,191,191,202,0.93426156,1.0000453,0.872844636,0.00269537303,10,49,True,False,False,False,False,False,0.755877111,False
C05_BATTERY_THERMAL_ATTACK,192,192,203,0.933662057,1.0000453,0.871724784,0.00269285659,10,49,True,False,False,False,False,False,0.755392075,False
C05_BATTERY_THERMAL_ATTACK,193,193,204,0.933066845,1.0000453,0.870613694,0.0026945374,10,49,True,False,False,False,False,False,0.75491051,False
C05_BATTERY_THERMAL_ATTACK,194,194,205,0.932475507,1.0000453,0.869510591,0.00269788411,10,49,True,False,False,False,False,False,0.75443208,False
C05_BATTERY_THERMAL_ATTACK,195,195,206,0.93188715,1.0000453,0.868413627,0.00270293024,10,49,True,False,False,False,False,False,0.753956062,False
C05_BATTERY_THERMAL_ATTACK,196,196,207,0.931301177,1.0000453,0.867321849,0.00271217222,10,49,True,False,False,False,False,False,0.753481972,False
C05_BATTERY_THERMAL_ATTACK,197,197,208,0.930716932,1.0000453,0.866234004,0.00272390898,10,49,True,False,False,False,False,False,0.753009281,False
C05_BATTERY_THERMAL_ATTACK,198,198,209,0.930133641,1.0000453,0.865148544,0.00273816381,10,49,True,False,False,False,False,False,0.752537361,False
C05_BATTERY_THERMAL_ATTACK,199,199,210,0.929550469,1.0000453,0.864064097,0.00275578676,10,49,True,False,False,False,False,False,0.752065538,False
C05_BATTERY_THERMAL_ATTACK,200,200,211,0.928967059,1.0000453,0.862979829,0.00277588866,10,49,True,False,False,False,False,False,0.751593522,False
C05_BATTERY_THERMAL_ATTACK,201,201,212,0.928382218,1.0000453,0.861893535,0.00279946229,10,49,True,False,False,False,False,False,0.751120349,False
C05_BATTERY_THERMAL_ATTACK,202,202,213,0.927796125,1.0000453,0.86080569,0.00282458216,10,49,True,False,False,False,False,False,0.750646162,False
C05_BATTERY_THERMAL_ATTACK,203,203,214,0.927207589,1.0000453,0.859713912,0.00285481685,10,49,True,False,False,False,False,False,0.750169999,False
C05_BATTERY_THERMAL_ATTACK,204,204,215,0.926616311,1.0000453,0.858617842,0.00288501917,10,49,True,False,False,False,False,False,0.749691617,False
C05_BATTERY_THERMAL_ATTACK,205,205,216,0.926021814,1.0000453,0.857516408,0.00292107603,10,49,True,False,False,False,False,False,0.749210632,False
C05_BATTERY_THERMAL_ATTACK,206,206,217,0.925423324,1.0000453,0.856408358,0.00295880134,10,49,True,False,False,False,False,False,0.748726415,False
C05_BATTERY_THERMAL_ATTACK,207,207,218,0.924820602,1.0000453,0.855293095,0.00299906568,10,49,True,False,False,False,False,False,0.748238774,False
C05_BATTERY_THERMAL_ATTACK,208,208,219,0.924213171,1.0000453,0.854170024,0.00304260291,10,49,True,False,False,False,False,False,0.747747324,False
C05_BATTERY_THERMAL_ATTACK,209,209,220,0.923600435,1.0000453,0.853037715,0.0030903921,10,49,True,False,False,False,False,False,0.747251582,False
C05_BATTERY_THERMAL_ATTACK,210,210,221,0.922982037,1.0000453,0.851895869,0.00313980528,10,49,True,False,False,False,False,False,0.746751258,False
C05_BATTERY_THERMAL_ATTACK,211,211,222,0.922357738,1.0000453,0.85074383,0.00319337845,10,49,True,False,False,False,False,False,0.746246161,False
C05_BATTERY_THERMAL_ATTACK,212,212,223,0.921727061,1.0000453,0.849580824,0.00324787176,10,49,True,False,False,False,False,False,0.745735903,False
C05_BATTERY_THERMAL_ATTACK,213,213,224,0.921090364,1.0000453,0.848407447,0.0033071842,10,49,True,False,False,False,False,False,0.745220775,False
C05_BATTERY_THERMAL_ATTACK,214,214,225,0.920446694,1.0000453,0.84722209,0.00336748292,10,49,True,False,False,False,False,False,0.744700004,False
C05_BATTERY_THERMAL_ATTACK,215,215,226,0.919796467,1.0000453,0.846025527,0.00343264639,10,49,True,False,False,False,False,False,0.744173929,False
C05_BATTERY_THERMAL_ATTACK,216,216,227,0.919139266,1.0000453,0.844817042,0.00349869393,10,49,True,False,False,False,False,False,0.743642212,False
C05_BATTERY_THERMAL_ATTACK,217,217,228,0.918475211,1.0000453,0.843596697,0.00356892147,10,49,True,False,False,False,False,False,0.743104949,False
C05_BATTERY_THERMAL_ATTACK,218,218,229,0.91780442,1.0000453,0.842364967,0.00364067289,10,49,True,False,False,False,False,False,0.742562236,False
C05_BATTERY_THERMAL_ATTACK,219,219,230,0.917126715,1.0000453,0.841121376,0.00371666765,10,49,True,False,False,False,False,False,0.74201393,False
C05_BATTERY_THERMAL_ATTACK,220,220,231,0.916442156,1.0000453,0.839866221,0.00379443495,10,49,True,False,False,False,False,False,0.741460078,False
C05_BATTERY_THERMAL_ATTACK,221,221,232,0.915751398,1.0000453,0.838600576,0.00387448468,10,49,True,False,False,False,False,False,0.74090121,False
C05_BATTERY_THERMAL_ATTACK,222,222,233,0.915054321,1.0000453,0.83732444,0.00395714445,10,49,True,False,False,False,False,False,0.740337231,False
C05_BATTERY_THERMAL_ATTACK,223,223,234,0.914351702,1.0000453,0.836039007,0.00404217001,10,49,True,False,False,False,False,False,0.739768767,False
C05_BATTERY_THERMAL_ATTACK,224,224,235,0.913643599,1.0000453,0.834744573,0.00413062377,10,49,True,False,False,False,False,False,0.739195867,False
C05_BATTERY_THERMAL_ATTACK,225,225,236,0.912930489,1.0000453,0.833442092,0.00422058813,10,49,True,False,False,False,False,False,0.738618915,False
C05_BATTERY_THERMAL_ATTACK,226,226,237,0.912212968,1.0000453,0.832132518,0.0043140715,10,49,True,False,False,False,False,False,0.738038395,False
C05_BATTERY_THERMAL_ATTACK,227,227,238,0.911491871,1.0000453,0.830817461,0.0044080345,10,49,True,False,False,False,False,False,0.737454982,False
C05_BATTERY_THERMAL_ATTACK,228,228,239,0.910767794,1.0000453,0.829497993,0.00450470205,10,49,True,False,False,False,False,False,0.736869157,False
C05_BATTERY_THERMAL_ATTACK,229,229,240,0.910041511,1.0000453,0.828175545,0.00460546883,10,49,True,False,False,False,False,False,0.736281548,False
C05_BATTERY_THERMAL_ATTACK,230,230,241,0.909313858,1.0000453,0.826851726,0.00470530475,10,49,True,False,False,False,False,False,0.73569283,False
C05_BATTERY_THERMAL_ATTACK,231,231,242,0.908585906,1.0000453,0.825528383,0.00480864057,10,49,True,False,False,False,False,False,0.735103871,False
C05_BATTERY_THERMAL_ATTACK,232,232,243,0.907858729,1.0000453,0.824207485,0.00491520576,10,49,True,False,False,False,False,False,0.734515539,False
C05_BATTERY_THERMAL_ATTACK,233,233,244,0.90713352,1.0000453,0.822891176,0.00502071995,10,49,True,False,False,False,False,False,0.733928798,False
C05_BATTERY_THERMAL_ATTACK,234,234,245,0.90641135,1.0000453,0.821581483,0.00513053034,10,49,True,False,False,False,False,False,0.733344517,False
C05_BATTERY_THERMAL_ATTACK,235,235,246,0.905693591,1.0000453,0.82028091,0.0052403342,10,49,True,False,False,False,False,False,0.732763804,False
C05_BATTERY_THERMAL_ATTACK,236,236,247,0.904981732,1.0000453,0.818991899,0.00535342516,10,49,True,False,False,False,False,False,0.732187865,False
C05_BATTERY_THERMAL_ATTACK,237,237,248,0.904277146,1.0000453,0.817717195,0.00546571426,10,49,True,False,False,False,False,False,0.73161781,False
C05_BATTERY_THERMAL_ATTACK,238,238,249,0.903581738,1.0000453,0.816459954,0.00558196614,10,49,True,False,False,False,False,False,0.731055181,False
C05_BATTERY_THERMAL_ATTACK,239,239,250,0.902896941,1.0000453,0.815222859,0.00569735654,10,49,True,False,False,False,False,False,0.730501136,False
C05_BATTERY_THERMAL_ATTACK,240,240,251,0.902224481,1.0000453,0.814009011,0.00581464544,10,49,True,False,False,False,False,False,0.729957073,False
C05_BATTERY_THERMAL_ATTACK,241,241,252,0.901566446,1.0000453,0.812822044,0.0059350701,10,49,True,False,False,False,False,False,0.729424681,False
C05_BATTERY_THERMAL_ATTACK,242,242,253,0.900924623,1.0000453,0.811665177,0.00605381932,10,49,True,False,False,False,False,False,0.728905405,False
C05_BATTERY_THERMAL_ATTACK,243,243,254,0.900301158,1.0000453,0.810542226,0.0061734817,10,49,True,False,False,False,False,False,0.728400983,False
C05_BATTERY_THERMAL_ATTACK,244,244,255,0.899698317,1.0000453,0.809457064,0.00629623933,10,49,True,False,False,False,False,False,0.727913246,False
C05_BATTERY_THERMAL_ATTACK,245,245,256,0.899118006,1.0000453,0.808413148,0.00641836552,10,49,True,False,False,False,False,False,0.727443737,False
C05_BATTERY_THERMAL_ATTACK,246,246,257,0.898562729,1.0000453,0.807414949,0.00654207496,10,49,True,False,False,False,False,False,0.726994483,False
C05_BATTERY_THERMAL_ATTACK,247,247,258,0.898034751,1.0000453,0.80646646,0.00666405028,10,49,True,False,False,False,False,False,0.726567315,False
C05_BATTERY_THERMAL_ATTACK,248,248,259,0.897536874,1.0000453,0.80557245,0.00678761536,10,49,True,False,False,False,False,False,0.7261645,False
C05_BATTERY_THERMAL_ATTACK,249,249,260,0.897071302,1.0000453,0.804736912,0.00691216672,10,49,True,False,False,False,False,False,0.725787823,False
C05_BATTERY_THERMAL_ATTACK,250,250,261,0.896640778,1.0000453,0.803964674,0.00703735929,10,49,True,False,False,False,False,False,0.725439502,False
C05_BATTERY_THERMAL_ATTACK,251,251,262,0.896247804,1.0000453,0.803260088,0.00716096023,10,49,True,False,False,False,False,False,0.725121561,False
C05_BATTERY_THERMAL_ATTACK,252,252,263,0.895895302,1.0000453,0.802628398,0.00728553906,10,49,True,False,False,False,False,False,0.724836365,False
C05_BATTERY_THERMAL_ATTACK,253,253,264,0.895586073,1.0000453,0.802074373,0.0074089691,10,49,True,False,False,False,False,False,0.724586179,False
C05_BATTERY_THERMAL_ATTACK,254,254,265,0.895322859,1.0000453,0.801603019,0.00753427576,10,49,True,False,False,False,False,False,0.724373222,False
C05_BATTERY_THERMAL_ATTACK,255,255,266,0.895108581,1.0000453,0.801219344,0.00765693793,10,49,True,False,False,False,False,False,0.724199857,False
C05_BATTERY_THERMAL_ATTACK,256,256,267,0.894946098,1.0000453,0.800928533,0.00777968811,10,49,True,False,False,False,False,False,0.724068398,False
C05_BATTERY_THERMAL_ATTACK,257,257,268,0.894838572,1.0000453,0.80073607,0.00790162757,10,49,True,False,False,False,False,False,0.723981402,False
C05_BATTERY_THERMAL_ATTACK,258,258,269,0.894788802,1.0000453,0.80064702,0.0080242753,10,49,True,False,False,False,False,False,0.723941135,False
C05_BATTERY_THERMAL_ATTACK,259,259,270,0.894799829,1.0000453,0.800666749,0.00814522523,10,49,True,False,False,False,False,False,0.723950056,False
C05_BATTERY_THERMAL_ATTACK,260,260,271,0.894874692,1.0000453,0.800800741,0.00826552697,10,49,True,False,False,False,False,False,0.724010626,False
C05_BATTERY_THERMAL_ATTACK,261,261,272,0.895016432,1.0000453,0.801054418,0.00838492066,10,49,True,False,False,False,False,False,0.724125302,False
C05_BATTERY_THERMAL_ATTACK,262,262,273,0.895227969,1.0000453,0.801433146,0.00850253645,10,49,True,False,False,False,False,False,0.726438414,False
C05_BATTERY_THERMAL_ATTACK,263,263,274,0.895512342,1.0000453,0.801942408,0.00861776527,10,49,True,False,False,False,False,False,0.736283316,False
C05_BATTERY_THERMAL_ATTACK,264,264,275,0.895872533,1.0000453,0.802587569,0.00873456988,10,49,True,False,False,False,False,False,0.74626285,False
C05_BATTERY_THERMAL_ATTACK,265,265,276,0.896311522,1.0000453,0.80337429,0.00884734653,10,49,True,False,False,False,False,False,0.755898244,False
C05_BATTERY_THERMAL_ATTACK,266,266,277,0.896831989,1.0000453,0.80430764,0.0089590922,10,49,True,False,False,False,False,False,0.765445554,False
C05_BATTERY_THERMAL_ATTACK,267,267,278,0.897437036,1.0000453,0.805393279,0.00907016266,10,49,True,False,False,False,False,False,0.774935175,False
C05_BATTERY_THERMAL_ATTACK,268,268,279,0.898129404,1.0000453,0.806636393,0.00917869434,10,49,True,False,False,False,False,False,0.784207888,False
C05_BATTERY_THERMAL_ATTACK,269,269,280,0.898911715,1.0000453,0.808042228,0.00928559341,10,49,True,False,False,False,False,False,0.793341114,False
C05_BATTERY_THERMAL_ATTACK,270,270,281,0.899786592,1.0000453,0.80961591,0.00938990247,10,49,True,False,False,False,False,False,0.802253056,False
C05_BATTERY_THERMAL_ATTACK,271,271,282,0.900756657,1.0000453,0.811362505,0.00949185248,10,49,True,False,False,False,False,False,0.810963446,False
C05_BATTERY_THERMAL_ATTACK,272,272,283,0.901824296,1.0000453,0.81328702,0.00959126838,10,49,True,False,False,False,False,False,0.819457326,False
C05_BATTERY_THERMAL_ATTACK,273,273,284,0.902991593,1.0000453,0.815393865,0.00968895759,10,49,True,False,False,False,False,False,0.827803682,False
C05_BATTERY_THERMAL_ATTACK,274,274,285,0.904261231,1.0000453,0.817688406,0.00978503004,10,49,True,False,False,False,False,False,0.836011905,False
C05_BATTERY_THERMAL_ATTACK,275,275,286,0.90563488,1.0000453,0.820174575,0.00987611618,10,49,True,False,False,False,False,False,0.843794109,False
C05_BATTERY_THERMAL_ATTACK,276,276,287,0.907114565,1.0000453,0.822856843,0.00996555947,10,49,True,False,False,False,False,False,0.851435951,False
C05_BATTERY_THERMAL_ATTACK,277,277,288,0.908702075,1.0000453,0.825739503,0.0100532919,10,49,True,False,False,False,False,False,0.858931622,False
C05_BATTERY_THERMAL_ATTACK,278,278,289,0.910399258,1.0000453,0.828826845,0.010136974,10,49,True,False,False,False,False,False,0.866081243,False
C05_BATTERY_THERMAL_ATTACK,279,279,290,0.912207186,1.0000453,0.832121909,0.0102172745,10,49,True,False,False,False,False,False,0.872941945,False
C05_BATTERY_THERMAL_ATTACK,280,280,291,0.914127409,1.0000453,0.835628927,0.0102951517,10,49,True,False,False,False,False,False,0.879595605,False
C05_BATTERY_THERMAL_ATTACK,281,281,292,0.916161001,1.0000453,0.839350998,0.0103704864,10,49,True,False,False,False,False,False,0.886032038,False
C05_BATTERY_THERMAL_ATTACK,282,282,293,0.918308794,1.0000453,0.843291044,0.0104408571,10,49,True,False,False,False,False,False,0.892044362,False
C05_BATTERY_THERMAL_ATTACK,283,283,294,0.920571506,1.0000453,0.847451866,0.0105087431,10,49,True,False,False,False,False,False,0.897844392,False
C05_BATTERY_THERMAL_ATTACK,284,284,295,0.922949672,1.0000453,0.851836085,0.0105733043,10,49,True,False,False,False,False,False,0.903360358,False
C05_BATTERY_THERMAL_ATTACK,285,285,296,0.925444007,1.0000453,0.856446624,0.0106346142,10,49,True,False,False,False,False,False,0.908598543,False
C05_BATTERY_THERMAL_ATTACK,286,286,297,0.928053975,1.0000453,0.861284196,0.0106916856,10,49,True,False,False,False,False,False,0.913474605,False
C05_BATTERY_THERMAL_ATTACK,287,287,298,0.930779994,1.0000453,0.866351366,0.0107454937,10,49,True,False,False,False,False,False,0.918071852,False
C05_BATTERY_THERMAL_ATTACK,288,288,299,0.933621526,1.0000453,0.871649206,0.0107951565,10,49,True,False,False,False,False,False,0.922314933,False
C05_BATTERY_THERMAL_ATTACK,289,289,300,0.936577976,1.0000453,0.877178252,0.0108398469,10,49,True,False,False,False,False,False,0.926133189,False
C05_BATTERY_THERMAL_ATTACK,290,290,301,0.939648509,1.0000453,0.882939339,0.010882047,10,49,True,False,False,False,False,False,0.929738673,False
C05_BATTERY_THERMAL_ATTACK,291,291,302,0.942832589,1.0000453,0.888933241,0.0109193036,10,49,True,False,False,False,False,False,0.932921799,False
C05_BATTERY_THERMAL_ATTACK,292,292,303,0.946128488,1.0000453,0.895159066,0.0109524103,10,49,True,False,False,False,False,False,0.935750361,False
C05_BATTERY_THERMAL_ATTACK,293,293,304,0.949534655,1.0000453,0.901616096,0.0109813577,10,49,True,False,False,False,False,False,0.938223562,False
C05_BATTERY_THERMAL_ATTACK,294,294,305,0.953050256,1.0000453,0.908304811,0.0110070193,10,49,True,False,False,False,False,False,0.940416039,False
C05_BATTERY_THERMAL_ATTACK,295,295,306,0.956673265,1.0000453,0.915223777,0.0110285403,10,49,True,False,False,False,False,False,0.942254747,False
C05_BATTERY_THERMAL_ATTACK,296,296,307,0.960401356,1.0000453,0.922370732,0.0110434387,10,49,True,False,False,False,False,False,0.943527631,False
C05_BATTERY_THERMAL_ATTACK,297,297,308,0.964231789,1.0000453,0.929742992,0.0110558448,10,49,True,False,False,False,False,False,0.944587586,False
C05_BATTERY_THERMAL_ATTACK,298,298,309,0.968163013,1.0000453,0.937339664,0.0110632936,10,49,True,False,False,False,False,False,0.945223988,False
C05_BATTERY_THERMAL_ATTACK,299,299,310,0.972191751,1.0000453,0.945156813,0.0110657755,10,49,True,False,False,False,False,False,0.945436043,False
C05_BATTERY_THERMAL_ATTACK,300,300,311,0.976315677,1.0000453,0.953192353,0.0110657755,10,49,True,False,False,False,False,False,0.945436043,False
C05_BATTERY_THERMAL_ATTACK,301,301,312,0.980531156,1.02315354,0.961441338,0.0110583343,10,49,True,False,False,False,False,False,0.944800277,False
C05_BATTERY_THERMAL_ATTACK,302,302,313,0.984835207,1.04626584,0.969900429,0.0110475766,10,49,True,False,False,False,False,False,0.943881162,False
C05_BATTERY_THERMAL_ATTACK,303,303,314,0.989223897,1.06925547,0.978563905,0.0110310409,10,49,True,False,False,False,False,False,0.942468393,False
C05_BATTERY_THERMAL_ATTACK,304,304,315,0.993694663,1.09220433,0.987429082,0.0110128373,10,49,True,False,False,False,False,False,0.940913114,False
C05_BATTERY_THERMAL_ATTACK,305,305,316,0.998243093,1.11498964,0.996489286,0.0109863728,10,49,True,False,False,False,False,False,0.938652047,False
C05_BATTERY_THERMAL_ATTACK,306,306,317,1.00286555,1.13769317,1.00573921,0.0109565733,10,49,True,False,False,False,False,False,0.93610604,False
C05_BATTERY_THERMAL_ATTACK,307,307,318,1.00755751,1.16025376,1.01517224,0.0109226648,10,49,True,False,False,False,False,False,0.933208968,False
C05_BATTERY_THERMAL_ATTACK,308,308,319,1.01231503,1.1826508,1.0247817,0.010882983,10,49,True,False,False,False,False,False,0.929818641,False
C05_BATTERY_THERMAL_ATTACK,309,309,320,1.01713336,1.20488441,1.03456032,0.0108375084,10,49,True,False,False,False,False,False,0.925933388,False
C05_BATTERY_THERMAL_ATTACK,310,310,321,1.02200866,1.22699535,1.04450178,0.0107895304,10,49,True,False,False,False,False,False,0.92183425,False
C05_BATTERY_THERMAL_ATTACK,311,311,322,1.02693665,1.24892247,1.05459881,0.0107349074,10,49,True,False,False,False,False,False,0.917167378,False
C05_BATTERY_THERMAL_ATTACK,312,312,323,1.0319109,1.27062476,1.0648402,0.0106762629,10,49,True,False,False,False,False,False,0.912156922,False
C05_BATTERY_THERMAL_ATTACK,313,313,324,1.03692865,1.29216349,1.07522094,0.0106125725,10,49,True,False,False,False,False,False,0.906715355,False
C05_BATTERY_THERMAL_ATTACK,314,314,325,1.04198372,1.31347752,1.08573008,0.0105448235,10,49,True,False,False,False,False,False,0.900927021,False
C05_BATTERY_THERMAL_ATTACK,315,315,326,1.04707229,1.3345871,1.09636045,0.0104703531,10,49,True,False,False,False,False,False,0.894564429,False
C05_BATTERY_THERMAL_ATTACK,316,316,327,1.05218828,1.35547197,1.10710025,0.0103934864,10,49,True,False,False,False,False,False,0.887997103,False
C05_BATTERY_THERMAL_ATTACK,317,317,328,1.05732715,1.37609112,1.11794078,0.0103091588,10,49,True,False,False,False,False,False,0.88079234,False
C05_BATTERY_THERMAL_ATTACK,318,318,329,1.06248355,1.39648557,1.1288712,0.0102214953,10,49,True,False,False,False,False,False,0.873302557,False
C05_BATTERY_THERMAL_ATTACK,319,319,330,1.06765223,1.41661429,1.13988125,0.0101297572,10,49,True,False,False,False,False,False,0.865464654,False
C05_BATTERY_THERMAL_ATTACK,320,320,331,1.07282865,1.43647742,1.15096128,0.010033913,10,49,True,False,False,False,False,False,0.867986713,False
C05_BATTERY_THERMAL_ATTACK,321,321,332,1.07800663,1.45601356,1.16209841,0.0099298181,10,49,True,False,False,False,False,False,0.872176025,False
C05_BATTERY_THERMAL_ATTACK,322,322,333,1.08318138,1.47530448,1.17328191,0.00982314814,10,49,True,False,False,False,False,False,0.876362732,False
C05_BATTERY_THERMAL_ATTACK,323,323,334,1.08834696,1.49426842,1.18449914,0.00971251819,10,49,True,False,False,False,False,False,0.880542013,False
C05_BATTERY_THERMAL_ATTACK,324,324,335,1.09349895,1.51292574,1.19573998,0.0095960144,10,49,True,False,False,False,False,False,0.884710298,False
C05_BATTERY_THERMAL_ATTACK,325,325,336,1.09863234,1.53129709,1.2069931,0.00947699603,10,49,True,False,False,False,False,False,0.888863538,False
C05_BATTERY_THERMAL_ATTACK,326,326,337,1.10374129,1.54930055,1.21824491,0.00935144909,10,49,True,False,False,False,False,False,0.892997006,False
C05_BATTERY_THERMAL_ATTACK,327,327,338,1.10882008,1.56695664,1.22948205,0.00922095682,10,49,True,False,False,False,False,False,0.897106073,False
C05_BATTERY_THERMAL_ATTACK,328,328,339,1.11386395,1.58428574,1.24069297,0.0090880096,10,49,True,False,False,False,False,False,0.90118688,False
C05_BATTERY_THERMAL_ATTACK,329,329,340,1.11886764,1.60122657,1.25186479,0.00894848257,10,49,True,False,False,False,False,False,0.905235185,False
C05_BATTERY_THERMAL_ATTACK,330,330,341,1.12382567,1.61782002,1.26298416,0.00880560093,10,49,True,False,False,False,False,False,0.90924655,False
C05_BATTERY_THERMAL_ATTACK,331,331,342,1.12873352,1.63404572,1.27403939,0.00865854695,10,49,True,False,False,False,False,False,0.91321731,False
C05_BATTERY_THERMAL_ATTACK,332,332,343,1.13358581,1.64988303,1.28501689,0.00850923546,10,49,True,False,False,False,False,False,0.917143126,False
C05_BATTERY_THERMAL_ATTACK,333,333,344,1.13837814,1.66531169,1.29590487,0.00835322589,10,49,True,False,False,False,False,False,0.921020428,False
C05_BATTERY_THERMAL_ATTACK,334,334,345,1.14310503,1.68035197,1.30668914,0.00819481071,10,49,True,False,False,False,False,False,0.924844781,False
C05_BATTERY_THERMAL_ATTACK,335,335,346,1.14776218,1.69498372,1.31735814,0.00803228281,10,49,True,False,False,False,False,False,0.928612711,False
C05_BATTERY_THERMAL_ATTACK,336,336,347,1.15234494,1.70920658,1.32789874,0.00786462147,10,49,True,False,False,False,False,False,0.932320458,False
C05_BATTERY_THERMAL_ATTACK,337,337,348,1.15684712,1.72298002,1.33829534,0.00769397989,10,49,True,False,False,False,False,False,0.935963006,False
C05_BATTERY_THERMAL_ATTACK,338,338,349,1.16126573,1.7363447,1.34853804,0.00752083212,10,49,True,False,False,False,False,False,0.939537944,False
C05_BATTERY_THERMAL_ATTACK,339,339,350,1.16559541,1.74923933,1.35861278,0.00734199816,10,49,True,False,False,False,False,False,0.943040932,False
C05_BATTERY_THERMAL_ATTACK,340,340,351,1.16983199,1.76170492,1.36850691,0.00716163218,10,49,True,False,False,False,False,False,0.946468595,False
C05_BATTERY_THERMAL_ATTACK,341,341,352,1.17397165,1.77372086,1.37820947,0.00697707804,10,49,True,False,False,False,False,False,0.949817845,False
C05_BATTERY_THERMAL_ATTACK,342,342,353,1.17800963,1.78526676,1.38770664,0.00678846845,10,49,True,False,False,False,False,False,0.953084825,False
C05_BATTERY_THERMAL_ATTACK,343,343,354,1.18194151,1.79634261,1.39698577,0.00659666164,10,49,True,False,False,False,False,False,0.956265966,False
C05_BATTERY_THERMAL_ATTACK,344,344,355,1.18576455,1.80698943,1.40603745,0.006403937,10,49,True,False,False,False,False,False,0.95935905,False
C05_BATTERY_THERMAL_ATTACK,345,345,356,1.18947363,1.81710494,1.41484761,0.00620582467,10,49,True,False,False,False,False,False,0.962359931,False
C05_BATTERY_THERMAL_ATTACK,346,346,357,1.19306576,1.82677078,1.423406,0.00600590371,10,49,True,False,False,False,False,False,0.965266195,False
C05_BATTERY_THERMAL_ATTACK,347,347,358,1.19653666,1.83592582,1.43170011,0.00580206839,10,49,True,False,False,False,False,False,0.968074373,False
C05_BATTERY_THERMAL_ATTACK,348,348,359,1.19988334,1.84461081,1.43972015,0.00559754251,10,49,True,False,False,False,False,False,0.970782051,False
C05_BATTERY_THERMAL_ATTACK,349,349,360,1.20310271,1.85278487,1.44745612,0.0053889649,10,49,True,False,False,False,False,False,0.973386724,False
C05_BATTERY_THERMAL_ATTACK,350,350,361,1.20619047,1.86044812,1.4548955,0.00517925201,10,49,True,False,False,False,False,False,0.975884917,False
C05_BATTERY_THERMAL_ATTACK,351,351,362,1.20914507,1.86762094,1.46203184,0.00496697985,10,49,True,False,False,False,False,False,0.978275379,False
C05_BATTERY_THERMAL_ATTACK,352,352,363,1.21196294,1.87428284,1.46885407,0.00475243852,10,49,True,False,False,False,False,False,0.980555214,False
C05_BATTERY_THERMAL_ATTACK,353,353,364,1.21464062,1.88041341,1.47535181,0.00453598564,10,49,True,False,False,False,False,False,0.982741339,False
C05_BATTERY_THERMAL_ATTACK,354,354,365,1.21717656,1.88605356,1.48151886,0.00431879656,10,49,True,False,False,False,False,False,0.985688992,False
C05_BATTERY_THERMAL_ATTACK,355,355,366,1.21956813,1.8911624,1.48734629,0.00409748685,10,49,True,False,False,False,False,False,0.98835897,False
C05_BATTERY_THERMAL_ATTACK,356,356,367,1.22181141,1.89573979,1.49282324,0.00387734314,10,49,True,False,False,False,False,False,0.990751209,False
C05_BATTERY_THERMAL_ATTACK,357,357,368,1.22390628,1.8998065,1.4979465,0.0036546581,10,49,True,False,False,False,False,False,0.99287655,False
C05_BATTERY_THERMAL_ATTACK,358,358,369,1.22584951,1.90334177,1.50270689,0.00343214651,10,49,True,False,False,False,False,False,0.994724153,False
C05_BATTERY_THERMAL_ATTACK,359,359,370,1.22764015,1.90636623,1.50710046,0.00320814829,10,49,True,False,False,False,False,False,0.996304795,False
C05_BATTERY_THERMAL_ATTACK,360,360,371,1.22927547,1.90883887,1.51111829,0.00298399408,10,49,True,False,False,False,False,False,0.997597045,False
C05_BATTERY_THERMAL_ATTACK,361,361,372,1.23075426,1.91078019,1.51475608,0.00276037585,10,49,True,False,False,False,False,False,0.998611619,False
C05_BATTERY_THERMAL_ATTACK,362,362,373,1.23207629,1.91223109,1.51801193,0.00253715855,10,49,True,False,False,False,False,False,0.999369886,False
C05_BATTERY_THERMAL_ATTACK,363,363,374,1.23323846,1.91308939,1.52087724,0.00231391913,10,49,True,False,False,False,False,False,0.999818454,False
C05_BATTERY_THERMAL_ATTACK,364,364,375,1.23424017,1.91343677,1.52334893,0.0020939603,10,49,True,False,False,False,False,False,1,False
C05_BATTERY_THERMAL_ATTACK,365,365,376,1.23508167,1.91343677,1.52542663,0.00187546038,10,49,True,False,False,False,False,False,1,False
C05_BATTERY_THERMAL_ATTACK,366,366,377,1.23576117,1.91343677,1.52710569,0.00166197587,10,49,True,False,False,False,False,False,1,False
C05_BATTERY_THERMAL_ATTACK,367,367,378,1.2362783,1.91343677,1.52838409,0.00145568,10,49,True,False,False,False,False,False,1.00045582,True
C05_BATTERY_THERMAL_ATTACK,368,368,379,1.23663259,1.91343677,1.52926028,0.00125870435,10,49,True,False,False,False,False,False,1.00102936,True
C05_BATTERY_THERMAL_ATTACK,369,369,380,1.23682344,1.91343677,1.52973223,0.0010782337,10,49,True,False,False,False,False,False,1.00133829,True
C05_BATTERY_THERMAL_ATTACK,370,370,381,1.23685181,1.91343677,1.52980232,0.000921057188,10,49,True,False,False,False,False,False,1.00138417,True
C05_BATTERY_THERMAL_ATTACK,371,371,382,1.23671651,1.91343677,1.52946782,0.000806819065,10,49,True,False,False,False,False,False,1.00116522,True
C05_BATTERY_THERMAL_ATTACK,372,372,383,1.23641872,1.91343677,1.52873123,0.000751154788,10,49,True,False,False,False,False,False,1.00068305,True
C05_BATTERY_THERMAL_ATTACK,373,373,384,1.23595822,1.91343677,1.52759278,0.000766634766,10,49,True,False,False,False,False,False,1,False
C05_BATTERY_THERMAL_ATTACK,374,374,385,1.2353344,1.91343677,1.52605116,0.000852601253,10,49,True,False,False,False,False,False,1,False
C05_BATTERY_THERMAL_ATTACK,375,375,386,1.23455095,1.91343677,1.52411604,0.000983644277,10,49,True,False,False,False,False,False,1,False
C05_BATTERY_THERMAL_ATTACK,376,376,387,1.23360753,1.91327333,1.52178741,0.00114814565,10,49,True,False,False,False,False,False,0.999914585,False
C05_BATTERY_THERMAL_ATTACK,377,377,388,1.23250389,1.91257846,1.51906586,0.00133426394,10,49,True,False,False,False,False,False,0.999551432,False
C05_BATTERY_THERMAL_ATTACK,378,378,389,1.23124182,1.91133201,1.5159564,0.00153147138,10,49,True,False,False,False,False,False,0.998900011,False
C05_BATTERY_THERMAL_ATTACK,379,379,390,1.22982323,1.90955412,1.51246524,0.00173541263,10,49,True,False,False,False,False,False,0.997970852,False
C05_BATTERY_THERMAL_ATTACK,380,380,391,1.22824895,1.90724492,1.50859535,0.00194609223,10,49,True,False,False,False,False,False,0.996764017,False
C05_BATTERY_THERMAL_ATTACK,381,381,392,1.22652149,1.90444529,1.50435507,0.00215716031,10,49,True,False,False,False,False,False,0.995300874,False
C05_BATTERY_THERMAL_ATTACK,382,382,393,1.22464144,1.90109384,1.49974656,0.00237084273,10,49,True,False,False,False,False,False,0.99354934,False
C05_BATTERY_THERMAL_ATTACK,383,383,394,1.22261178,1.89723158,1.49477971,0.00258344132,10,49,True,False,False,False,False,False,0.991530846,False
C05_BATTERY_THERMAL_ATTACK,384,384,395,1.22043371,1.89281762,1.48945856,0.00279740104,10,49,True,False,False,False,False,False,0.989224021,False
C05_BATTERY_THERMAL_ATTACK,385,385,396,1.21811128,1.88789272,1.48379505,0.00300861406,10,49,True,False,False,False,False,False,0.986650174,False
C05_BATTERY_THERMAL_ATTACK,386,386,397,1.21564639,1.88249779,1.47779608,0.00322029064,10,49,True,False,False,False,False,False,0.983830674,False
C05_BATTERY_THERMAL_ATTACK,387,387,398,1.21303952,1.87657154,1.47146499,0.0034319472,10,49,True,False,False,False,False,False,0.981426235,False
C05_BATTERY_THERMAL_ATTACK,388,388,399,1.21029532,1.87011397,1.46481478,0.00363915064,10,49,True,False,False,False,False,False,0.979206005,False
C05_BATTERY_THERMAL_ATTACK,389,389,400,1.2074157,1.86316597,1.45785272,0.00384732033,10,49,True,False,False,False,False,False,0.976876209,False
C05_BATTERY_THERMAL_ATTACK,390,390,401,1.20440459,1.85572755,1.45059037,0.00405115308,10,49,True,False,False,False,False,False,0.974440031,False
C05_BATTERY_THERMAL_ATTACK,391,391,402,1.20126426,1.84775782,1.44303584,0.00425278395,10,49,True,False,False,False,False,False,0.971899304,False
C05_BATTERY_THERMAL_ATTACK,392,392,403,1.19799888,1.83933854,1.43520141,0.00445354218,10,49,True,False,False,False,False,False,0.969257403,False
C05_BATTERY_THERMAL_ATTACK,393,393,404,1.19461119,1.83040822,1.42709601,0.00464967219,10,49,True,False,False,False,False,False,0.966516546,False
C05_BATTERY_THERMAL_ATTACK,394,394,405,1.19110501,1.82102847,1.41873121,0.00484514795,10,49,True,False,False,False,False,False,0.96367982,False
C05_BATTERY_THERMAL_ATTACK,395,395,406,1.18748271,1.8111378,1.41011512,0.00503712101,10,49,True,False,False,False,False,False,0.960749154,False
C05_BATTERY_THERMAL_ATTACK,396,396,407,1.18374956,1.80081797,1.40126288,0.00522626052,10,49,True,False,False,False,False,False,0.957728791,False
C05_BATTERY_THERMAL_ATTACK,397,397,408,1.17990863,1.79002821,1.39218438,0.00541140884,10,49,True,False,False,False,False,False,0.95462124,False
C05_BATTERY_THERMAL_ATTACK,398,398,409,1.17596328,1.77874792,1.38288951,0.00559394294,10,49,True,False,False,False,False,False,0.9514292,False
C05_BATTERY_THERMAL_ATTACK,399,399,410,1.17191875,1.76705885,1.37339365,0.00577368401,10,49,True,False,False,False,False,False,0.948156915,False
C05_BATTERY_THERMAL_ATTACK,400,400,411,1.16777885,1.75487947,1.36370742,0.00594710885,10,49,True,False,False,False,False,False,0.944807472,False
C05_BATTERY_THERMAL_ATTACK,401,401,412,1.16354811,1.74231184,1.35384417,0.00612059282,10,49,True,False,False,False,False,False,0.941384536,False
C05_BATTERY_THERMAL_ATTACK,402,402,413,1.15923023,1.72929454,1.34381473,0.00628832821,10,49,True,False,False,False,False,False,0.937891096,False
C05_BATTERY_THERMAL_ATTACK,403,403,414,1.15482974,1.71584809,1.33363175,0.00645301212,10,49,True,False,False,False,False,False,0.934330818,False
C05_BATTERY_THERMAL_ATTACK,404,404,415,1.15035117,1.70201337,1.32330775,0.0066151754,10,49,True,False,False,False,False,False,0.930707367,False
C05_BATTERY_THERMAL_ATTACK,405,405,416,1.1457994,1.68774962,1.31285632,0.0067707058,10,49,True,False,False,False,False,False,0.927024696,False
C05_BATTERY_THERMAL_ATTACK,406,406,417,1.14117944,1.67307711,1.30229044,0.00692229625,10,49,True,False,False,False,False,False,0.923286858,False
C05_BATTERY_THERMAL_ATTACK,407,407,418,1.13649547,1.65803671,1.29162192,0.00707236445,10,49,True,False,False,False,False,False,0.919497226,False
C05_BATTERY_THERMAL_ATTACK,408,408,419,1.13175237,1.64262855,1.28086352,0.007217295,10,49,True,False,False,False,False,False,0.915659757,False
C05_BATTERY_THERMAL_ATTACK,409,409,420,1.12695491,1.62681162,1.2700274,0.00735665252,10,49,True,False,False,False,False,False,0.911778307,False
C05_BATTERY_THERMAL_ATTACK,410,410,421,1.1221081,1.61064732,1.25912654,0.00749361981,10,49,True,False,False,False,False,False,0.907856928,False
C05_BATTERY_THERMAL_ATTACK,411,411,422,1.1172173,1.59415603,1.24817455,0.00762537913,10,49,True,False,False,False,False,False,0.90389996,False
C05_BATTERY_THERMAL_ATTACK,412,412,423,1.11228645,1.57727647,1.23718107,0.00775249582,10,49,True,False,False,False,False,False,0.899910585,False
C05_BATTERY_THERMAL_ATTACK,413,413,424,1.10732126,1.56009042,1.22616041,0.0078762183,10,49,True,False,False,False,False,False,0.895893433,False
C05_BATTERY_THERMAL_ATTACK,414,414,425,1.10232663,1.542557,1.21512413,0.0079942178,10,49,True,False,False,False,False,False,0.891852459,False
C05_BATTERY_THERMAL_ATTACK,415,415,426,1.09730804,1.52469647,1.20408487,0.00810732227,10,49,True,False,False,False,False,False,0.887792098,False
C05_BATTERY_THERMAL_ATTACK,416,416,427,1.09227037,1.50657046,1.19305456,0.00821787026,10,49,True,False,False,False,False,False,0.883716306,False
C05_BATTERY_THERMAL_ATTACK,417,417,428,1.08721793,1.48813784,1.18204272,0.00832349621,10,49,True,False,False,False,False,False,0.879628554,False
C05_BATTERY_THERMAL_ATTACK,418,418,429,1.08215582,1.46937823,1.17106128,0.00842261687,10,49,True,False,False,False,False,False,0.87553299,False
C05_BATTERY_THERMAL_ATTACK,419,419,430,1.07708991,1.45037341,1.16012275,0.00851924345,10,49,True,False,False,False,False,False,0.87143434,False
C05_BATTERY_THERMAL_ATTACK,420,420,431,1.0720253,1.43110299,1.14923835,0.0086091524,10,49,True,False,False,False,False,False,0.867336751,False
C05_BATTERY_THERMAL_ATTACK,421,421,432,1.06696618,1.41154635,1.13841677,0.0086951144,10,49,True,False,False,False,False,False,0.863243598,False
C05_BATTERY_THERMAL_ATTACK,422,422,433,1.06191838,1.3917855,1.12767076,0.00877680536,10,49,True,False,False,False,False,False,0.859159608,False
C05_BATTERY_THERMAL_ATTACK,423,423,434,1.05688584,1.37175894,1.11700761,0.00885365438,10,49,True,False,False,False,False,False,0.855087963,False
C05_BATTERY_THERMAL_ATTACK,424,424,435,1.0518738,1.35150754,1.10643852,0.00892553944,10,49,True,False,False,False,False,False,0.851032907,False
C05_BATTERY_THERMAL_ATTACK,425,425,436,1.04688764,1.33105183,1.09597361,0.00899242889,10,49,True,False,False,False,False,False,0.84699878,False
C05_BATTERY_THERMAL_ATTACK,426,426,437,1.04193127,1.31039178,1.08562076,0.00905521773,10,49,True,False,False,False,False,False,0.842988766,False
C05_BATTERY_THERMAL_ATTACK,427,427,438,1.03700984,1.2895273,1.07538939,0.00911222305,10,49,True,False,False,False,False,False,0.83900701,False
C05_BATTERY_THERMAL_ATTACK,428,428,439,1.03212738,1.26847899,1.06528699,0.0091659762,10,49,True,False,False,False,False,False,0.835056793,False
C05_BATTERY_THERMAL_ATTACK,429,429,440,1.02728915,1.24726713,1.05532289,0.00921389088,10,49,True,False,False,False,False,False,0.831142358,False
C05_BATTERY_THERMAL_ATTACK,430,430,441,1.02249873,1.22587144,1.04550374,0.00925689284,10,49,True,False,False,False,False,False,0.827266599,False
C05_BATTERY_THERMAL_ATTACK,431,431,442,1.01776135,1.20437348,1.03583825,0.009296529,10,49,True,False,False,False,False,False,0.823433759,False
C05_BATTERY_THERMAL_ATTACK,432,432,443,1.01307988,1.18269169,1.02633083,0.00933043566,10,49,True,False,False,False,False,False,0.819646153,False
C05_BATTERY_THERMAL_ATTACK,433,433,444,1.00845969,1.16090775,1.01699102,0.00935933925,10,49,True,False,False,False,False,False,0.815908122,False
C05_BATTERY_THERMAL_ATTACK,434,434,445,1.00390387,1.13898063,1.00782299,0.00938331429,10,49,True,False,False,False,False,False,0.812222172,False
C05_BATTERY_THERMAL_ATTACK,435,435,446,0.999416649,1.11695147,0.998833656,0.00940315798,10,49,True,False,False,False,False,False,0.808591728,False
C05_BATTERY_THERMAL_ATTACK,436,436,447,0.995001256,1.09484041,0.990027547,0.00941969454,10,49,True,False,False,False,False,False,0.805019394,False
C05_BATTERY_THERMAL_ATTACK,437,437,448,0.990661383,1.07262731,0.981410027,0.0094296122,10,49,True,False,False,False,False,False,0.80564577,False
C05_BATTERY_THERMAL_ATTACK,438,438,449,0.986400485,1.05035281,0.972985923,0.00943622459,10,49,True,False,False,False,False,False,0.806210718,False
C05_BATTERY_THERMAL_ATTACK,439,439,450,0.982221246,1.02797616,0.964758575,0.0094370516,10,49,True,False,False,False,False,False,0.806281376,False
C05_BATTERY_THERMAL_ATTACK,440,440,451,0.97812748,1.00557911,0.956733406,0.00943457149,10,49,True,False,False,False,False,False,0.806069481,False
C05_BATTERY_THERMAL_ATTACK,441,441,452,0.974121332,1.0000453,0.948912382,0.00942712743,10,49,True,False,False,False,False,False,0.805433476,False
C05_BATTERY_THERMAL_ATTACK,442,442,453,0.970205903,1.0000453,0.941299498,0.00941555295,10,49,True,False,False,False,False,False,0.804444578,False
C05_BATTERY_THERMAL_ATTACK,443,443,454,0.96638304,1.0000453,0.933896184,0.0093998285,10,49,True,False,False,False,False,False,0.803101115,False
C05_BATTERY_THERMAL_ATTACK,444,444,455,0.962655485,1.0000453,0.926705599,0.00938081555,10,49,True,False,False,False,False,False,0.801476689,False
C05_BATTERY_THERMAL_ATTACK,445,445,456,0.959025145,1.0000453,0.919729173,0.00935601816,10,49,True,False,False,False,False,False,0.799358053,False
C05_BATTERY_THERMAL_ATTACK,446,446,457,0.955493629,1.0000453,0.912968099,0.00932789035,10,49,True,False,False,False,False,False,0.796954874,False
C05_BATTERY_THERMAL_ATTACK,447,447,458,0.952063024,1.0000453,0.906423986,0.00929478649,10,49,True,False,False,False,False,False,0.794126551,False
C05_BATTERY_THERMAL_ATTACK,448,448,459,0.948734879,1.0000453,0.900097907,0.00925922859,10,49,True,False,False,False,False,False,0.791088561,False
C05_BATTERY_THERMAL_ATTACK,449,449,460,0.94550997,1.0000453,0.893989146,0.00921951048,10,49,True,False,False,False,False,False,0.787695131,False
C05_BATTERY_THERMAL_ATTACK,450,450,461,0.942389846,1.0000453,0.888098598,0.00917484704,10,49,True,False,False,False,False,False,0.783879183,False
C05_BATTERY_THERMAL_ATTACK,451,451,462,0.939375162,1.0000453,0.882425725,0.00912767742,10,49,True,False,False,False,False,False,0.779849112,False
C05_BATTERY_THERMAL_ATTACK,452,452,463,0.936466813,1.0000453,0.876970112,0.00907557551,10,49,True,False,False,False,False,False,0.775397637,False
C05_BATTERY_THERMAL_ATTACK,453,453,464,0.933665216,1.0000453,0.871730745,0.00902097393,10,49,True,False,False,False,False,False,0.770732595,False
C05_BATTERY_THERMAL_ATTACK,454,454,465,0.93097049,1.0000453,0.866706014,0.00896219444,10,49,True,False,False,False,False,False,0.765710602,False
C05_BATTERY_THERMAL_ATTACK,455,455,466,0.928382933,1.0000453,0.861894906,0.0089001311,10,49,True,False,False,False,False,False,0.760408044,False
C05_BATTERY_THERMAL_ATTACK,456,456,467,0.925902665,1.0000453,0.857295692,0.0088356249,10,49,True,False,False,False,False,False,0.754896774,False
C05_BATTERY_THERMAL_ATTACK,457,457,468,0.92352891,1.0000453,0.852905691,0.0087661352,10,49,True,False,False,False,False,False,0.748959723,False
C05_BATTERY_THERMAL_ATTACK,458,458,469,0.921261489,1.0000453,0.848722756,0.00869494118,10,49,True,False,False,False,False,False,0.745359226,False
C05_BATTERY_THERMAL_ATTACK,459,459,470,0.919099927,1.0000453,0.844744682,0.0086196484,10,49,True,False,False,False,False,False,0.743610384,False
C05_BATTERY_THERMAL_ATTACK,460,460,471,0.917043269,1.0000453,0.84096837,0.00854101405,10,49,True,False,False,False,False,False,0.741946416,False
C05_BATTERY_THERMAL_ATTACK,461,461,472,0.91509074,1.0000453,0.837391078,0.00846075453,10,49,True,False,False,False,False,False,0.740366696,False
C05_BATTERY_THERMAL_ATTACK,462,462,473,0.913240671,1.0000453,0.834008574,0.00837788638,10,49,True,False,False,False,False,False,0.738869873,False
C05_BATTERY_THERMAL_ATTACK,463,463,474,0.911492288,1.0000453,0.830818236,0.00829265732,10,49,True,False,False,False,False,False,0.73745532,False
C05_BATTERY_THERMAL_ATTACK,464,464,475,0.909843922,1.0000453,0.82781595,0.00820407178,10,49,True,False,False,False,False,False,0.736121686,False
C05_BATTERY_THERMAL_ATTACK,465,465,476,0.908294082,1.0000453,0.82499814,0.00811219122,10,49,True,False,False,False,False,False,0.734867767,False
C05_BATTERY_THERMAL_ATTACK,466,466,477,0.906841099,1.0000453,0.822360814,0.00801942311,10,49,True,False,False,False,False,False,0.733692211,False
C05_BATTERY_THERMAL_ATTACK,467,467,478,0.905483127,1.0000453,0.819899678,0.00792419817,10,49,True,False,False,False,False,False,0.732593525,False
C05_BATTERY_THERMAL_ATTACK,468,468,479,0.904218256,1.0000453,0.817610621,0.00782737508,10,49,True,False,False,False,False,False,0.731570165,False
C05_BATTERY_THERMAL_ATTACK,469,469,480,0.903044343,1.0000453,0.815489113,0.00772638153,10,49,True,False,False,False,False,False,0.730620394,False
C05_BATTERY_THERMAL_ATTACK,470,470,481,0.90195936,1.0000453,0.813530684,0.00762616051,10,49,True,False,False,False,False,False,0.729742573,False
C05_BATTERY_THERMAL_ATTACK,471,471,482,0.900960982,1.0000453,0.811730742,0.00752273714,10,49,True,False,False,False,False,False,0.728934822,False
C05_BATTERY_THERMAL_ATTACK,472,472,483,0.900047004,1.0000453,0.810084581,0.00741838198,10,49,True,False,False,False,False,False,0.728195356,False
C05_BATTERY_THERMAL_ATTACK,473,473,484,0.899214983,1.0000453,0.808587611,0.00730986986,10,49,True,False,False,False,False,False,0.727522198,False
C05_BATTERY_THERMAL_ATTACK,474,474,485,0.898462653,1.0000453,0.807235122,0.00720214704,10,49,True,False,False,False,False,False,0.726913515,False
C05_BATTERY_THERMAL_ATTACK,475,475,486,0.897787452,1.0000453,0.806022346,0.00709278788,10,49,True,False,False,False,False,False,0.726367234,False
C05_BATTERY_THERMAL_ATTACK,476,476,487,0.897186756,1.0000453,0.804944038,0.00698343897,10,49,True,False,False,False,False,False,0.725881233,False
C05_BATTERY_THERMAL_ATTACK,477,477,488,0.896657884,1.0000453,0.803995311,0.00687075872,10,49,True,False,False,False,False,False,0.725453342,False
C05_BATTERY_THERMAL_ATTACK,478,478,489,0.896198511,1.0000453,0.803171754,0.00675727567,10,49,True,False,False,False,False,False,0.72508168,False
C05_BATTERY_THERMAL_ATTACK,479,479,490,0.895805836,1.0000453,0.802468061,0.00664373254,10,49,True,False,False,False,False,False,0.72476398,False
C05_BATTERY_THERMAL_ATTACK,480,480,491,0.895477295,1.0000453,0.801879585,0.00653104158,10,49,True,False,False,False,False,False,0.72449817,False
C05_BATTERY_THERMAL_ATTACK,481,481,492,0.895210087,1.0000453,0.801401079,0.00641495781,10,49,True,False,False,False,False,False,0.724281982,False
C05_BATTERY_THERMAL_ATTACK,482,482,493,0.895001769,1.0000453,0.801028132,0.0062998482,10,49,True,False,False,False,False,False,0.724113439,False
C05_BATTERY_THERMAL_ATTACK,483,483,494,0.894849539,1.0000453,0.800755739,0.00618447363,10,49,True,False,False,False,False,False,0.723990275,False
C05_BATTERY_THERMAL_ATTACK,484,484,495,0.894750953,1.0000453,0.80057925,0.00606859103,10,49,True,False,False,False,False,False,0.723910513,False
C05_BATTERY_THERMAL_ATTACK,485,485,496,0.894703269,1.0000453,0.800493956,0.00595166907,10,49,True,False,False,False,False,False,0.723871934,False
C05_BATTERY_THERMAL_ATTACK,486,486,497,0.894703984,1.0000453,0.800495207,0.00583478902,10,49,True,False,False,False,False,False,0.723872512,False
C05_BATTERY_THERMAL_ATTACK,487,487,498,0.894750595,1.0000453,0.800578654,0.00571776694,10,49,True,False,False,False,False,False,0.723910224,False
C05_BATTERY_THERMAL_ATTACK,488,488,499,0.894840717,1.0000453,0.800739884,0.00560246129,10,49,True,False,False,False,False,False,0.723983138,False
C05_BATTERY_THERMAL_ATTACK,489,489,500,0.89497155,1.0000453,0.800974071,0.00548575213,10,49,True,False,False,False,False,False,0.72408899,False
C05_BATTERY_THERMAL_ATTACK,490,490,501,0.895141006,1.0000453,0.801277459,0.00537037803,10,49,True,False,False,False,False,False,0.72422609,False
C05_BATTERY_THERMAL_ATTACK,491,491,502,0.895346642,1.0000453,0.801645577,0.00525414152,10,49,True,False,False,False,False,False,0.724392463,False
C05_BATTERY_THERMAL_ATTACK,492,492,503,0.895586193,1.0000453,0.802074611,0.00513964333,10,49,True,False,False,False,False,False,0.724586275,False
C05_BATTERY_THERMAL_ATTACK,493,493,504,0.895857453,1.0000453,0.802560627,0.00502598193,10,49,True,False,False,False,False,False,0.724805742,False
C05_BATTERY_THERMAL_ATTACK,494,494,505,0.896158278,1.0000453,0.803099632,0.00491128443,10,49,True,False,False,False,False,False,0.725049129,False
C05_BATTERY_THERMAL_ATTACK,495,495,506,0.896486402,1.0000453,0.803687871,0.00479931198,10,49,True,False,False,False,False,False,0.725314602,False
C05_BATTERY_THERMAL_ATTACK,496,496,507,0.896840096,1.0000453,0.804322124,0.00468875188,10,49,True,False,False,False,False,False,0.725600762,False
C05_BATTERY_THERMAL_ATTACK,497,497,508,0.897217155,1.0000453,0.804998577,0.00457838969,10,49,True,False,False,False,False,False,0.725905827,False
C05_BATTERY_THERMAL_ATTACK,498,498,509,0.89761585,1.0000453,0.80571425,0.00446874183,10,49,True,False,False,False,False,False,0.726228397,False
C05_BATTERY_THERMAL_ATTACK,499,499,510,0.898034275,1.0000453,0.806465566,0.00435982179,10,49,True,False,False,False,False,False,0.726566929,False
C05_BATTERY_THERMAL_ATTACK,500,500,511,0.898470879,1.0000453,0.807249904,0.00425523845,10,49,True,False,False,False,False,False,0.72692017,False
C05_BATTERY_THERMAL_ATTACK,501,501,512,0.898923695,1.0000453,0.808063805,0.00414814893,10,49,True,False,False,False,False,False,0.727286527,False
C05_BATTERY_THERMAL_ATTACK,502,502,513,0.899391413,1.0000453,0.808904946,0.00404498214,10,49,True,False,False,False,False,False,0.727664941,False
C05_BATTERY_THERMAL_ATTACK,503,503,514,0.899872422,1.0000453,0.809770405,0.00394198112,10,49,True,False,False,False,False,False,0.728054108,False
C05_BATTERY_THERMAL_ATTACK,504,504,515,0.900365531,1.0000453,0.810658097,0.00384204509,10,49,True,False,False,False,False,False,0.728453065,False
C05_BATTERY_THERMAL_ATTACK,505,505,516,0.900869191,1.0000453,0.81156534,0.00374380569,10,49,True,False,False,False,False,False,0.728860557,False
C05_BATTERY_THERMAL_ATTACK,506,506,517,0.901382387,1.0000453,0.812490165,0.00364730833,10,49,True,False,False,False,False,False,0.729275765,False
C05_BATTERY_THERMAL_ATTACK,507,507,518,0.90190357,1.0000453,0.813430071,0.00355066941,10,49,True,False,False,False,False,False,0.729697436,False
C05_BATTERY_THERMAL_ATTACK,508,508,519,0.902431846,1.0000453,0.814383268,0.00345822633,10,49,True,False,False,False,False,False,0.730124844,False
C05_BATTERY_THERMAL_ATTACK,509,509,520,0.902966142,1.0000453,0.81534785,0.00336671644,10,49,True,False,False,False,False,False,0.730557124,False
C05_BATTERY_THERMAL_ATTACK,510,510,521,0.903505743,1.0000453,0.816322625,0.00327905035,10,49,True,False,False,False,False,False,0.730993695,False
C05_BATTERY_THERMAL_ATTACK,511,511,522,0.904049575,1.0000453,0.817305684,0.00319147483,10,49,True,False,False,False,False,False,0.731433691,False
C05_BATTERY_THERMAL_ATTACK,512,512,523,0.904596925,1.0000453,0.818295598,0.00310906139,10,49,True,False,False,False,False,False,0.731876531,False
C05_BATTERY_THERMAL_ATTACK,513,513,524,0.905147254,1.0000453,0.819291532,0.00302639068,10,49,True,False,False,False,False,False,0.732321783,False
C05_BATTERY_THERMAL_ATTACK,514,514,525,0.905699611,1.0000453,0.820291817,0.00294804992,10,49,True,False,False,False,False,False,0.732768675,False
C05_BATTERY_THERMAL_ATTACK,515,515,526,0.906253695,1.0000453,0.821295738,0.00286956015,10,49,True,False,False,False,False,False,0.733216964,False
C05_BATTERY_THERMAL_ATTACK,516,516,527,0.906808674,1.0000453,0.822301924,0.00279430067,10,49,True,False,False,False,False,False,0.733665978,False
C05_BATTERY_THERMAL_ATTACK,517,517,528,0.90736407,1.0000453,0.823309541,0.00272163469,10,49,True,False,False,False,False,False,0.734115328,False
C05_BATTERY_THERMAL_ATTACK,518,518,529,0.907919586,1.0000453,0.824317992,0.00265235477,10,49,True,False,False,False,False,False,0.734564776,False
C05_BATTERY_THERMAL_ATTACK,519,519,530,0.90847528,1.0000453,0.825327337,0.00258534914,10,49,True,False,False,False,False,False,0.735014368,False
C05_BATTERY_THERMAL_ATTACK,520,520,531,0.909030557,1.0000453,0.826336503,0.00252187531,10,49,True,False,False,False,False,False,0.735463622,False
C05_BATTERY_THERMAL_ATTACK,521,521,532,0.909585357,1.0000453,0.82734549,0.00245890394,10,49,True,False,False,False,False,False,0.735912491,False
C05_BATTERY_THERMAL_ATTACK,522,522,533,0.910139441,1.0000453,0.828353822,0.00240103924,10,49,True,False,False,False,False,False,0.73636078,False
C05_BATTERY_THERMAL_ATTACK,523,523,534,0.91069299,1.0000453,0.829361677,0.00234478689,10,49,True,False,False,False,False,False,0.736808636,False
C05_BATTERY_THERMAL_ATTACK,524,524,535,0.911245644,1.0000453,0.830368638,0.00229188567,10,49,True,False,False,False,False,False,0.737255769,False
C05_BATTERY_THERMAL_ATTACK,525,525,536,0.911797583,1.0000453,0.831374824,0.00224071415,10,49,True,False,False,False,False,False,0.737702323,False
C05_BATTERY_THERMAL_ATTACK,526,526,537,0.912348866,1.0000453,0.832380474,0.00219450425,10,49,True,False,False,False,False,False,0.738148346,False
C05_BATTERY_THERMAL_ATTACK,527,527,538,0.912899554,1.0000453,0.833385646,0.00214921706,10,49,True,False,False,False,False,False,0.738593887,False
C05_BATTERY_THERMAL_ATTACK,528,528,539,0.913449943,1.0000453,0.834390819,0.00210807566,10,49,True,False,False,False,False,False,0.739039187,False
C05_BATTERY_THERMAL_ATTACK,529,529,540,0.914000332,1.0000453,0.835396647,0.00207023253,10,49,True,False,False,False,False,False,0.739484487,False
C05_BATTERY_THERMAL_ATTACK,530,530,541,0.914550662,1.0000453,0.836402953,0.00203328859,10,49,True,False,False,False,False,False,0.739929739,False
C05_BATTERY_THERMAL_ATTACK,531,531,542,0.915101528,1.0000453,0.837410808,0.00200126623,10,49,True,False,False,False,False,False,0.740375425,False
C05_BATTERY_THERMAL_ATTACK,532,532,543,0.915652931,1.0000453,0.838420272,0.0019710043,10,49,True,False,False,False,False,False,0.740821544,False
C05_BATTERY_THERMAL_ATTACK,533,533,544,0.916205227,1.0000453,0.839432061,0.00194238906,10,49,True,False,False,False,False,False,0.741268388,False
C05_BATTERY_THERMAL_ATTACK,534,534,545,0.916759133,1.0000453,0.840447307,0.00191872485,10,49,True,False,False,False,False,False,0.741716533,False
C05_BATTERY_THERMAL_ATTACK,535,535,546,0.917314649,1.0000453,0.841466188,0.00189679873,10,49,True,False,False,False,False,False,0.74216598,False
C05_BATTERY_THERMAL_ATTACK,536,536,547,0.91787231,1.0000453,0.8424896,0.00187831291,10,49,True,False,False,False,False,False,0.742617163,False
C05_BATTERY_THERMAL_ATTACK,537,537,548,0.918432951,1.0000453,0.843519032,0.00186223886,10,49,True,False,False,False,False,False,0.743070758,False
C05_BATTERY_THERMAL_ATTACK,538,538,549,0.918996513,1.0000453,0.844554603,0.00184963492,10,49,True,False,False,False,False,False,0.743526715,False
C05_BATTERY_THERMAL_ATTACK,539,539,550,0.919564188,1.0000453,0.84559828,0.00184033706,10,49,True,False,False,False,False,False,0.743986,False
C05_BATTERY_THERMAL_ATTACK,540,540,551,0.920136213,1.0000453,0.84665066,0.001832732,10,49,True,False,False,False,False,False,0.744448806,False
C05_BATTERY_THERMAL_ATTACK,541,541,552,0.920713246,1.0000453,0.847712874,0.00183020229,10,49,True,False,False,False,False,False,0.744915662,False
C05_BATTERY_THERMAL_ATTACK,542,542,553,0.921295702,1.0000453,0.848785818,0.00182683242,10,49,True,False,False,False,False,False,0.745386906,False
C05_BATTERY_THERMAL_ATTACK,543,543,554,0.921884298,1.0000453,0.849870622,0.00182851823,10,49,True,False,False,False,False,False,0.745863118,False
C05_BATTERY_THERMAL_ATTACK,544,544,555,0.922479749,1.0000453,0.850968897,0.00183356612,10,49,True,False,False,False,False,False,0.746344875,False
C05_BATTERY_THERMAL_ATTACK,545,545,556,0.923083007,1.0000453,0.852082253,0.00184034125,10,49,True,False,False,False,False,False,0.74683295,False
C05_BATTERY_THERMAL_ATTACK,546,546,557,0.923694074,1.0000453,0.853210747,0.0018487341,10,49,True,False,False,False,False,False,0.747327342,False
C05_BATTERY_THERMAL_ATTACK,547,547,558,0.924313843,1.0000453,0.85435605,0.00186047761,10,49,True,False,False,False,False,False,0.747828774,False
C05_BATTERY_THERMAL_ATTACK,548,548,559,0.924943328,1.0000453,0.855520189,0.00187481078,10,49,True,False,False,False,False,False,0.748338068,False
C05_BATTERY_THERMAL_ATTACK,549,549,560,0.925583124,1.0000453,0.856704116,0.00189245085,10,49,True,False,False,False,False,False,0.748855703,False
C05_BATTERY_THERMAL_ATTACK,550,550,561,0.926233768,1.0000453,0.857908964,0.00191009487,10,49,True,False,False,False,False,False,0.749382116,False
C05_BATTERY_THERMAL_ATTACK,551,551,562,0.926895797,1.0000453,0.859135866,0.0019310863,10,49,True,False,False,False,False,False,0.74991774,False
C05_BATTERY_THERMAL_ATTACK,552,552,563,0.927570522,1.0000453,0.860387087,0.00195470965,10,49,True,False,False,False,False,False,0.750463635,False
C05_BATTERY_THERMAL_ATTACK,553,553,564,0.928258002,1.0000453,0.861662865,0.00198059482,10,49,True,False,False,False,False,False,0.75101985,False
C05_BATTERY_THERMAL_ATTACK,554,554,565,0.928959489,1.0000453,0.862965763,0.00200828235,10,49,True,False,False,False,False,False,0.751587398,False
C05_BATTERY_THERMAL_ATTACK,555,555,566,0.929675817,1.0000453,0.864297152,0.00203852751,10,49,True,False,False,False,False,False,0.752166953,False
C05_BATTERY_THERMAL_ATTACK,556,556,567,0.930407286,1.0000453,0.865657747,0.00206872681,10,49,True,False,False,False,False,False,0.752758757,False
C05_BATTERY_THERMAL_ATTACK,557,557,568,0.931154847,1.0000453,0.867049336,0.00210386608,10,49,True,False,False,False,False,False,0.753363582,False
C05_BATTERY_THERMAL_ATTACK,558,558,569,0.931919336,1.0000453,0.868473649,0.00213887542,10,49,True,False,False,False,False,False,0.753982103,False
C05_BATTERY_THERMAL_ATTACK,559,559,570,0.932701766,1.0000453,0.869932592,0.00217662379,10,49,True,False,False,False,False,False,0.754615139,False
C05_BATTERY_THERMAL_ATTACK,560,560,571,0.933502316,1.0000453,0.871426582,0.00221419195,10,49,True,False,False,False,False,False,0.755262834,False
C05_BATTERY_THERMAL_ATTACK,561,561,572,0.93432188,1.0000453,0.872957408,0.00225504721,10,49,True,False,False,False,False,False,0.755925914,False
C05_BATTERY_THERMAL_ATTACK,562,562,573,0.935161769,1.0000453,0.874527574,0.00229764124,10,49,True,False,False,False,False,False,0.756605438,False
C05_BATTERY_THERMAL_ATTACK,563,563,574,0.936022341,1.0000453,0.876137853,0.00234028744,10,49,True,False,False,False,False,False,0.757301695,False
C05_BATTERY_THERMAL_ATTACK,564,564,575,0.936903894,1.0000453,0.877788961,0.0023843043,10,49,True,False,False,False,False,False,0.758014927,False
C05_BATTERY_THERMAL_ATTACK,565,565,576,0.93780762,1.0000453,0.879483104,0.00242925948,10,49,True,False,False,False,False,False,0.758746099,False
C05_BATTERY_THERMAL_ATTACK,566,566,577,0.938734233,1.0000453,0.88122195,0.00247604772,10,49,True,False,False,False,False,False,0.759495788,False
C05_BATTERY_THERMAL_ATTACK,567,567,578,0.939684033,1.0000453,0.883006096,0.00252338126,10,49,True,False,False,False,False,False,0.760264237,False
C05_BATTERY_THERMAL_ATTACK,568,568,579,0.940658331,1.0000453,0.884838045,0.0025717637,10,49,True,False,False,False,False,False,0.761052506,False
C05_BATTERY_THERMAL_ATTACK,569,569,580,0.941657245,1.0000453,0.886718392,0.00262157014,10,49,True,False,False,False,False,False,0.761860691,False
C05_BATTERY_THERMAL_ATTACK,570,570,581,0.942681909,1.0000453,0.888649166,0.00267073093,10,49,True,False,False,False,False,False,0.762689709,False
C05_BATTERY_THERMAL_ATTACK,571,571,582,0.94373256,1.0000453,0.890631139,0.00272221304,10,49,True,False,False,False,False,False,0.763539753,False
C05_BATTERY_THERMAL_ATTACK,572,572,583,0.944810331,1.0000453,0.892666578,0.00277375779,10,49,True,False,False,False,False,False,0.764411738,False
C05_BATTERY_THERMAL_ATTACK,573,573,584,0.945915461,1.0000453,0.894756019,0.00282445503,10,49,True,False,False,False,False,False,0.765305859,False
C05_BATTERY_THERMAL_ATTACK,574,574,585,0.947048306,1.0000453,0.896900475,0.00287596812,10,49,True,False,False,False,False,False,0.766222403,False
C05_BATTERY_THERMAL_ATTACK,575,575,586,0.948209703,1.0000453,0.899101675,0.00292902184,10,49,True,False,False,False,False,False,0.767162047,False
C05_BATTERY_THERMAL_ATTACK,576,576,587,0.949400246,1.0000453,0.901360869,0.0029812071,10,49,True,False,False,False,False,False,0.768125272,False
C05_BATTERY_THERMAL_ATTACK,577,577,588,0.95062083,1.0000453,0.903679967,0.00303359842,10,49,True,False,False,False,False,False,0.769112802,False
C05_BATTERY_THERMAL_ATTACK,578,578,589,0.951871037,1.0000453,0.906058431,0.00308572012,10,49,True,False,False,False,False,False,0.7701243,False
C05_BATTERY_THERMAL_ATTACK,579,579,590,0.953151882,1.0000453,0.908498466,0.00313714449,10,49,True,False,False,False,False,False,0.771160584,False
C05_BATTERY_THERMAL_ATTACK,580,580,591,0.954463542,1.0000453,0.911000609,0.00318937399,10,49,True,False,False,False,False,False,0.772221801,False
C05_BATTERY_THERMAL_ATTACK,581,581,592,0.955806255,1.0000453,0.913565636,0.00323985773,10,49,True,False,False,False,False,False,0.773308142,False
C05_BATTERY_THERMAL_ATTACK,582,582,593,0.957180619,1.0000453,0.916194737,0.00329041155,10,49,True,False,False,False,False,False,0.77442009,False
C05_BATTERY_THERMAL_ATTACK,583,583,594,0.958586633,1.0000453,0.91888839,0.00334014045,10,49,True,False,False,False,False,False,0.775557644,False
C05_BATTERY_THERMAL_ATTACK,584,584,595,0.960024714,1.0000453,0.921647429,0.00338981138,10,49,True,False,False,False,False,False,0.776721144,False
C05_BATTERY_THERMAL_ATTACK,585,585,596,0.961494863,1.0000453,0.924472392,0.00343778543,10,49,True,False,False,False,False,False,0.777910588,False
C05_BATTERY_THERMAL_ATTACK,586,586,597,0.962997615,1.0000453,0.927364409,0.00348585681,10,49,True,False,False,False,False,False,0.77912641,False
C05_BATTERY_THERMAL_ATTACK,587,587,598,0.964532852,1.0000453,0.930323601,0.00353301363,10,49,True,False,False,False,False,False,0.780368514,False
C05_BATTERY_THERMAL_ATTACK,588,588,599,0.966100752,1.0000453,0.933350682,0.00357774552,10,49,True,False,False,False,False,False,0.781637045,False
C06_HV_CONTACTOR_ATTACK,0,0,11,0.895549953,1.0000453,0.802009761,0.0119638974,10,49,True,False,False,False,False,False,1.02216964,True
C06_HV_CONTACTOR_ATTACK,1,1,12,0.895800948,1.0000453,0.8024593,0.0119316438,10,49,True,False,False,False,False,False,1.01941397,True
C06_HV_CONTACTOR_ATTACK,2,2,13,0.896225452,1.0000453,0.803220034,0.0118952477,10,49,True,False,False,False,False,False,1.01630436,True
C06_HV_CONTACTOR_ATTACK,3,3,14,0.896821678,1.0000453,0.804289162,0.0118538812,10,49,True,False,False,False,False,False,1.01277009,True
C06_HV_CONTACTOR_ATTACK,4,4,15,0.89758718,1.0000453,0.805662751,0.0118067479,10,49,True,False,False,False,False,False,1.00874313,True
C06_HV_CONTACTOR_ATTACK,5,5,16,0.898519278,1.0000453,0.807336867,0.0117546376,10,49,True,False,False,False,False,False,1.00429093,True
C06_HV_CONTACTOR_ATTACK,6,6,17,0.89961493,1.0000453,0.809307039,0.0116975661,10,49,True,False,False,False,False,False,0.999414873,False
C06_HV_CONTACTOR_ATTACK,7,7,18,0.90087074,1.0000453,0.811568141,0.0116355568,10,49,True,False,False,False,False,False,0.99411693,False
C06_HV_CONTACTOR_ATTACK,8,8,19,0.902283192,1.0000453,0.814114928,0.0115685333,10,49,True,False,False,False,False,False,0.988390581,False
C06_HV_CONTACTOR_ATTACK,9,9,20,0.903847873,1.0000453,0.816941023,0.0114957681,10,49,True,False,False,False,False,False,0.982173682,False
C06_HV_CONTACTOR_ATTACK,10,10,21,0.905560613,1.0000453,0.820040047,0.0114188911,10,49,True,False,False,False,False,False,0.975605481,False
C06_HV_CONTACTOR_ATTACK,11,11,22,0.907417119,1.0000453,0.823405802,0.011336945,10,49,True,False,False,False,False,False,0.968604179,False
C06_HV_CONTACTOR_ATTACK,12,12,23,0.909412146,1.0000453,0.82703048,0.0112509532,10,49,True,False,False,False,False,False,0.961257224,False
C06_HV_CONTACTOR_ATTACK,13,13,24,0.911541045,1.0000453,0.830907106,0.0111599537,10,49,True,False,False,False,False,False,0.95348242,False
C06_HV_CONTACTOR_ATTACK,14,14,25,0.913798094,1.0000453,0.835026979,0.0110631846,10,49,True,False,False,False,False,False,0.945214679,False
C06_HV_CONTACTOR_ATTACK,15,15,26,0.91617769,1.0000453,0.839381576,0.0109623428,10,49,True,False,False,False,False,False,0.936598977,False
C06_HV_CONTACTOR_ATTACK,16,16,27,0.918674588,1.0000453,0.843963027,0.0108580934,10,49,True,False,False,False,False,False,0.927692128,False
C06_HV_CONTACTOR_ATTACK,17,17,28,0.921282411,1.0000453,0.84876132,0.0107473452,10,49,True,False,False,False,False,False,0.918230038,False
C06_HV_CONTACTOR_ATTACK,18,18,29,0.923995554,1.0000453,0.853767812,0.0106340498,10,49,True,False,False,False,False,False,0.908550324,False
C06_HV_CONTACTOR_ATTACK,19,19,30,0.92680794,1.0000453,0.858972967,0.010515729,10,49,True,False,False,False,False,False,0.898441249,False
C06_HV_CONTACTOR_ATTACK,20,20,31,0.929713488,1.0000453,0.864367127,0.0103949774,10,49,True,False,False,False,False,False,0.888124495,False
C06_HV_CONTACTOR_ATTACK,21,21,32,0.932705224,1.0000453,0.869939089,0.0102677783,10,49,True,False,False,False,False,False,0.877256877,False
C06_HV_CONTACTOR_ATTACK,22,22,33,0.935777545,1.0000453,0.875679612,0.0101370355,10,49,True,False,False,False,False,False,0.866086495,False
C06_HV_CONTACTOR_ATTACK,23,23,34,0.938923419,1.0000453,0.881577134,0.0100022834,10,49,True,False,False,False,False,False,0.854573563,False
C06_HV_CONTACTOR_ATTACK,24,24,35,0.942136526,1.0000453,0.887621224,0.00986334588,10,49,True,False,False,False,False,False,0.842703042,False
C06_HV_CONTACTOR_ATTACK,25,25,36,0.94541055,1.0000453,0.893801153,0.00972195901,10,49,True,False,False,False,False,False,0.830623252,False
C06_HV_CONTACTOR_ATTACK,26,26,37,0.948738933,1.0000453,0.900105596,0.00957655907,10,49,True,False,False,False,False,False,0.818200594,False
C06_HV_CONTACTOR_ATTACK,27,27,38,0.952115297,1.0000453,0.906523585,0.0094260443,10,49,True,False,False,False,False,False,0.805340936,False
C06_HV_CONTACTOR_ATTACK,28,28,39,0.955533206,1.0000453,0.913043678,0.00927485991,10,49,True,False,False,False,False,False,0.792424068,False
C06_HV_CONTACTOR_ATTACK,29,29,40,0.958986521,1.0000453,0.919655204,0.00911860634,10,49,True,False,False,False,False,False,0.779074098,False
C06_HV_CONTACTOR_ATTACK,30,30,41,0.962468922,1.0000453,0.926346421,0.0089590149,10,49,True,False,False,False,False,False,0.778698663,False
C06_HV_CONTACTOR_ATTACK,31,31,42,0.965973735,1.0000453,0.93310529,0.00879526976,10,49,True,False,False,False,False,False,0.78153428,False
C06_HV_CONTACTOR_ATTACK,32,32,43,0.969494641,1.0000453,0.939919829,0.00863098167,10,49,True,False,False,False,False,False,0.784382917,False
C06_HV_CONTACTOR_ATTACK,33,33,44,0.973026633,1.0000453,0.94678086,0.00846227538,10,49,True,False,False,False,False,False,0.787240524,False
C06_HV_CONTACTOR_ATTACK,34,34,45,0.976562917,1.0000453,0.953675151,0.00829127431,10,49,True,False,False,False,False,False,0.790101603,False
C06_HV_CONTACTOR_ATTACK,35,35,46,0.980098486,1.0000453,0.960592985,0.00811848603,10,49,True,False,False,False,False,False,0.792962104,False
C06_HV_CONTACTOR_ATTACK,36,36,47,0.983626962,1.01420283,0.967521966,0.00794165861,10,49,True,False,False,False,False,False,0.795816865,False
C06_HV_CONTACTOR_ATTACK,37,37,48,0.987142384,1.03079629,0.974450111,0.00776259042,10,49,True,False,False,False,False,False,0.798661066,False
C06_HV_CONTACTOR_ATTACK,38,38,49,0.990640044,1.04698098,0.981367707,0.00758175086,10,49,True,False,False,False,False,False,0.801490896,False
C06_HV_CONTACTOR_ATTACK,39,39,50,0.994114518,1.06273663,0.988263726,0.00739836507,10,49,True,False,False,False,False,False,0.804301966,False
C06_HV_CONTACTOR_ATTACK,40,40,51,0.997560441,1.07804263,0.995126784,0.00721259881,10,49,True,False,False,False,False,False,0.807089938,False
C06_HV_CONTACTOR_ATTACK,41,41,52,1.00097299,1.09291947,1.00194681,0.00702511054,10,49,True,False,False,False,False,False,0.809850904,False
C06_HV_CONTACTOR_ATTACK,42,42,53,1.00434744,1.10736728,1.00871384,0.00683681155,10,49,True,False,False,False,False,False,0.812581055,False
C06_HV_CONTACTOR_ATTACK,43,43,54,1.00767875,1.12132454,1.01541638,0.00664556352,10,49,True,False,False,False,False,False,0.815276292,False
C06_HV_CONTACTOR_ATTACK,44,44,55,1.01096296,1.13487315,1.02204621,0.00645313272,10,49,True,False,False,False,False,False,0.817933431,False
C06_HV_CONTACTOR_ATTACK,45,45,56,1.01419532,1.14795172,1.02859223,0.00625932869,10,49,True,False,False,False,False,False,0.820548617,False
C06_HV_CONTACTOR_ATTACK,46,46,57,1.01737154,1.16056025,1.03504479,0.00606215792,10,49,True,False,False,False,False,False,0.823118375,False
C06_HV_CONTACTOR_ATTACK,47,47,58,1.02048779,1.17276013,1.04139543,0.00586653454,10,49,True,False,False,False,False,False,0.825639619,False
C06_HV_CONTACTOR_ATTACK,48,48,59,1.02354026,1.18446958,1.04763472,0.00566978613,10,49,True,False,False,False,False,False,0.828109265,False
C06_HV_CONTACTOR_ATTACK,49,49,60,1.02652621,1.19574988,1.053756,0.00547192292,10,49,True,False,False,False,False,False,0.830525092,False
C06_HV_CONTACTOR_ATTACK,50,50,61,1.02944148,1.20656013,1.05974972,0.00527255936,10,49,True,False,False,False,False,False,0.832883725,False
C06_HV_CONTACTOR_ATTACK,51,51,62,1.03228283,1.21692085,1.06560779,0.0050733299,10,49,True,False,False,False,False,False,0.835182561,False
C06_HV_CONTACTOR_ATTACK,52,52,63,1.03504717,1.22681141,1.07132268,0.00487257075,10,49,True,False,False,False,False,False,0.837419092,False
C06_HV_CONTACTOR_ATTACK,53,53,64,1.03773201,1.23627305,1.07688761,0.00467151171,10,49,True,False,False,False,False,False,0.839591292,False
C06_HV_CONTACTOR_ATTACK,54,54,65,1.04033351,1.24524415,1.08229375,0.00447135698,10,49,True,False,False,False,False,False,0.841696074,False
C06_HV_CONTACTOR_ATTACK,55,55,66,1.04285061,1.25378609,1.08753729,0.00426987233,10,49,True,False,False,False,False,False,0.843732572,False
C06_HV_CONTACTOR_ATTACK,56,56,67,1.04528058,1.26189888,1.09261143,0.00407015253,10,49,True,False,False,False,False,False,0.845698566,False
C06_HV_CONTACTOR_ATTACK,57,57,68,1.04762137,1.26954162,1.09751058,0.00387109164,10,49,True,False,False,False,False,False,0.847592417,False
C06_HV_CONTACTOR_ATTACK,58,58,69,1.04987133,1.27673483,1.10222983,0.00367010571,10,49,True,False,False,False,False,False,0.849412775,False
C06_HV_CONTACTOR_ATTACK,59,59,70,1.05202734,1.28345811,1.10676146,0.00347091653,10,49,True,False,False,False,False,False,0.851157132,False
C06_HV_CONTACTOR_ATTACK,60,60,71,1.05408871,1.28975213,1.11110294,0.0032714915,10,49,True,False,False,False,False,False,0.852824909,False
C06_HV_CONTACTOR_ATTACK,61,61,72,1.05605376,1.2956171,1.11524963,0.0030740723,10,49,True,False,False,False,False,False,0.854414756,False
C06_HV_CONTACTOR_ATTACK,62,62,73,1.05792201,1.30105281,1.11919892,0.00287768082,10,49,True,False,False,False,False,False,0.855926288,False
C06_HV_CONTACTOR_ATTACK,63,63,74,1.05969119,1.30601859,1.12294543,0.00268260017,10,49,True,False,False,False,False,False,0.857357671,False
C06_HV_CONTACTOR_ATTACK,64,64,75,1.06136131,1.31057572,1.12648773,0.00248814281,10,49,True,False,False,False,False,False,0.858708907,False
C06_HV_CONTACTOR_ATTACK,65,65,76,1.06293094,1.31470358,1.12982225,0.00229758816,10,49,True,False,False,False,False,False,0.859978836,False
C06_HV_CONTACTOR_ATTACK,66,66,77,1.06440043,1.31840241,1.13294816,0.00210773479,10,49,True,False,False,False,False,False,0.86116775,False
C06_HV_CONTACTOR_ATTACK,67,67,78,1.06576836,1.32167208,1.13586211,0.00191879086,10,49,True,False,False,False,False,False,0.862274489,False
C06_HV_CONTACTOR_ATTACK,68,68,79,1.06703424,1.32453299,1.13856196,0.00173407025,10,49,True,False,False,False,False,False,0.86329867,False
C06_HV_CONTACTOR_ATTACK,69,69,80,1.06819844,1.32698524,1.14104795,0.00155305874,10,49,True,False,False,False,False,False,0.86424058,False
C06_HV_CONTACTOR_ATTACK,70,70,81,1.06926095,1.32902873,1.14331901,0.00137820281,10,49,True,False,False,False,False,False,0.86510022,False
C06_HV_CONTACTOR_ATTACK,71,71,82,1.07022238,1.33066356,1.14537585,0.00120834995,10,49,True,False,False,False,False,False,0.865878073,False
C06_HV_CONTACTOR_ATTACK,72,72,83,1.07108259,1.33191013,1.14721787,0.00104559469,10,49,True,False,False,False,False,False,0.866574041,False
C06_HV_CONTACTOR_ATTACK,73,73,84,1.0718416,1.33274794,1.14884436,0.000893360702,10,49,True,False,False,False,False,False,0.867188125,False
C06_HV_CONTACTOR_ATTACK,74,74,85,1.07250023,1.33321798,1.15025663,0.000760239665,10,49,True,False,False,False,False,False,0.867720999,False
C06_HV_CONTACTOR_ATTACK,75,75,86,1.0730598,1.33332014,1.15145743,0.000650180504,10,49,True,False,False,False,False,False,0.868173726,False
C06_HV_CONTACTOR_ATTACK,76,76,87,1.07352078,1.33332014,1.15244699,0.000578386069,10,49,True,False,False,False,False,False,0.86854669,False
C06_HV_CONTACTOR_ATTACK,77,77,88,1.07388401,1.33332014,1.15322697,0.000557336549,10,49,True,False,False,False,False,False,0.868840567,False
C06_HV_CONTACTOR_ATTACK,78,78,89,1.07415044,1.33332014,1.15379906,0.000590964453,10,49,True,False,False,False,False,False,0.869056128,False
C06_HV_CONTACTOR_ATTACK,79,79,90,1.07432103,1.33332014,1.15416563,0.000668953755,10,49,True,False,False,False,False,False,0.869194145,False
C06_HV_CONTACTOR_ATTACK,80,80,91,1.07439756,1.33332014,1.15433013,0.000774358283,10,49,True,False,False,False,False,False,0.869256064,False
C06_HV_CONTACTOR_ATTACK,81,81,92,1.07438159,1.33332014,1.1542958,0.00089635211,10,49,True,False,False,False,False,False,0.86924314,False
C06_HV_CONTACTOR_ATTACK,82,82,93,1.07427442,1.33332014,1.15406549,0.00102934428,10,49,True,False,False,False,False,False,0.869156433,False
C06_HV_CONTACTOR_ATTACK,83,83,94,1.07407725,1.33332014,1.15364194,0.00116891111,10,49,True,False,False,False,False,False,0.868996909,False
C06_HV_CONTACTOR_ATTACK,84,84,95,1.07379234,1.33332014,1.15302992,0.00130862813,10,49,True,False,False,False,False,False,0.868766398,False
C06_HV_CONTACTOR_ATTACK,85,85,96,1.07342148,1.33332014,1.15223372,0.00145026669,10,49,True,False,False,False,False,False,0.868466349,False
C06_HV_CONTACTOR_ATTACK,86,86,97,1.07296622,1.33332014,1.15125656,0.00159181457,10,49,True,False,False,False,False,False,0.868098014,False
C06_HV_CONTACTOR_ATTACK,87,87,98,1.07242763,1.33303404,1.15010107,0.00173365313,10,49,True,False,False,False,False,False,0.867662262,False
C06_HV_CONTACTOR_ATTACK,88,88,99,1.07180893,1.33238006,1.14877427,0.00187121844,10,49,True,False,False,False,False,False,0.867161698,False
C06_HV_CONTACTOR_ATTACK,89,89,100,1.0711118,1.33135831,1.14728057,0.00200688234,10,49,True,False,False,False,False,False,0.86659767,False
C06_HV_CONTACTOR_ATTACK,90,90,101,1.07033873,1.32996869,1.14562488,0.00214055227,10,49,True,False,False,False,False,False,0.865972206,False
C06_HV_CONTACTOR_ATTACK,91,91,102,1.06949186,1.3282522,1.14381278,0.00227211416,10,49,True,False,False,False,False,False,0.86528704,False
C06_HV_CONTACTOR_ATTACK,92,92,103,1.06857336,1.32620871,1.14184904,0.00240060361,10,49,True,False,False,False,False,False,0.864543909,False
C06_HV_CONTACTOR_ATTACK,93,93,104,1.06758487,1.32381773,1.13973749,0.00252662157,10,49,True,False,False,False,False,False,0.863744163,False
C06_HV_CONTACTOR_ATTACK,94,94,105,1.06652939,1.32107937,1.13748503,0.00264815846,10,49,True,False,False,False,False,False,0.862890213,False
C06_HV_CONTACTOR_ATTACK,95,95,106,1.06540954,1.31805503,1.13509738,0.00276812236,10,49,True,False,False,False,False,False,0.861984181,False
C06_HV_CONTACTOR_ATTACK,96,96,107,1.06422722,1.31470358,1.13257968,0.00288339215,10,49,True,False,False,False,False,False,0.861027611,False
C06_HV_CONTACTOR_ATTACK,97,97,108,1.0629853,1.31104565,1.12993777,0.00299571222,10,49,True,False,False,False,False,False,0.860022816,False
C06_HV_CONTACTOR_ATTACK,98,98,109,1.0616858,1.30706084,1.12717664,0.00310450839,10,49,True,False,False,False,False,False,0.858971438,False
C06_HV_CONTACTOR_ATTACK,99,99,110,1.06033206,1.3028307,1.12430418,0.00321051572,10,49,True,False,False,False,False,False,0.857876175,False
C06_HV_CONTACTOR_ATTACK,100,100,111,1.05892611,1.29831445,1.12132442,0.00331254164,10,49,True,False,False,False,False,False,0.856738669,False
C06_HV_CONTACTOR_ATTACK,101,101,112,1.05747032,1.29351223,1.11824346,0.0034106872,10,49,True,False,False,False,False,False,0.855560847,False
C06_HV_CONTACTOR_ATTACK,102,102,113,1.05596733,1.28844428,1.11506701,0.00350571307,10,49,True,False,False,False,False,False,0.854344832,False
C06_HV_CONTACTOR_ATTACK,103,103,114,1.05442011,1.28313112,1.11180186,0.00359651842,10,49,True,False,False,False,False,False,0.853093034,False
C06_HV_CONTACTOR_ATTACK,104,104,115,1.05283058,1.27755225,1.10845232,0.00368435867,10,49,True,False,False,False,False,False,0.851806998,False
C06_HV_CONTACTOR_ATTACK,105,105,116,1.05120206,1.27174866,1.10502577,0.00376793486,10,49,True,False,False,False,False,False,0.850489423,False
C06_HV_CONTACTOR_ATTACK,106,106,117,1.04953623,1.26569974,1.10152626,0.00384845724,10,49,True,False,False,False,False,False,0.84914166,False
C06_HV_CONTACTOR_ATTACK,107,107,118,1.04783618,1.25944662,1.09796059,0.0039255959,10,49,True,False,False,False,False,False,0.847766216,False
C06_HV_CONTACTOR_ATTACK,108,108,119,1.04610419,1.25296867,1.09433401,0.00399779854,10,49,True,False,False,False,False,False,0.846364925,False
C06_HV_CONTACTOR_ATTACK,109,109,120,1.04434276,1.24626589,1.09065175,0.00406693527,10,49,True,False,False,False,False,False,0.84493981,False
C06_HV_CONTACTOR_ATTACK,110,110,121,1.04255474,1.23937917,1.0869205,0.00413184427,10,49,True,False,False,False,False,False,0.843493188,False
C06_HV_CONTACTOR_ATTACK,111,111,122,1.0407424,1.23230851,1.08314466,0.00419437233,10,49,True,False,False,False,False,False,0.842026891,False
C06_HV_CONTACTOR_ATTACK,112,112,123,1.03890765,1.22505403,1.07932901,0.00425278023,10,49,True,False,False,False,False,False,0.840542461,False
C06_HV_CONTACTOR_ATTACK,113,113,124,1.03705323,1.2176156,1.07547939,0.00430712057,10,49,True,False,False,False,False,False,0.839042117,False
C06_HV_CONTACTOR_ATTACK,114,114,125,1.03518176,1.21003413,1.07160139,0.00435809093,10,49,True,False,False,False,False,False,0.837527981,False
C06_HV_CONTACTOR_ATTACK,115,115,126,1.03329539,1.20226872,1.06769943,0.00440420024,10,49,True,False,False,False,False,False,0.83600179,False
C06_HV_CONTACTOR_ATTACK,116,116,127,1.03139651,1.19438064,1.06377864,0.00444867183,10,49,True,False,False,False,False,False,0.834465471,False
C06_HV_CONTACTOR_ATTACK,117,117,128,1.02948725,1.18632913,1.0598439,0.00448737713,10,49,True,False,False,False,False,False,0.832920761,False
C06_HV_CONTACTOR_ATTACK,118,118,129,1.02756989,1.17815506,1.05589986,0.00452364422,10,49,True,False,False,False,False,False,0.831369493,False
C06_HV_CONTACTOR_ATTACK,119,119,130,1.02564657,1.16987884,1.05195081,0.00455741771,10,49,True,False,False,False,False,False,0.829813403,False
C06_HV_CONTACTOR_ATTACK,120,120,131,1.02371871,1.16145945,1.0480001,0.00458628405,10,49,True,False,False,False,False,False,0.828253647,False
C06_HV_CONTACTOR_ATTACK,121,121,132,1.02178931,1.15295839,1.04405344,0.00461264933,10,49,True,False,False,False,False,False,0.826692638,False
C06_HV_CONTACTOR_ATTACK,122,122,133,1.01985967,1.14433467,1.04011369,0.00463493355,10,49,True,False,False,False,False,False,0.825131435,False
C06_HV_CONTACTOR_ATTACK,123,123,134,1.01793194,1.1356293,1.0361855,0.00465390692,10,49,True,False,False,False,False,False,0.823571776,False
C06_HV_CONTACTOR_ATTACK,124,124,135,1.01600826,1.12684214,1.03227282,0.0046695848,10,49,True,False,False,False,False,False,0.822015396,False
C06_HV_CONTACTOR_ATTACK,125,125,136,1.01409006,1.11799359,1.02837861,0.0046827849,10,49,True,False,False,False,False,False,0.820463453,False
C06_HV_CONTACTOR_ATTACK,126,126,137,1.01217902,1.10908389,1.02450633,0.0046926802,10,49,True,False,False,False,False,False,0.818917297,False
C06_HV_CONTACTOR_ATTACK,127,127,138,1.01027668,1.10009229,1.02065897,0.00469845999,10,49,True,False,False,False,False,False,0.817378181,False
C06_HV_CONTACTOR_ATTACK,128,128,139,1.0083847,1.09108031,1.01683962,0.00470341276,10,49,True,False,False,False,False,False,0.815847456,False
C06_HV_CONTACTOR_ATTACK,129,129,140,1.00650454,1.08200705,1.01305127,0.00470341276,10,49,True,False,False,False,False,False,0.81432628,False
C06_HV_CONTACTOR_ATTACK,130,130,141,1.0046376,1.0728929,1.00929677,0.00470093451,10,49,True,False,False,False,False,False,0.812815809,False
C06_HV_CONTACTOR_ATTACK,131,131,142,1.0027858,1.06375837,1.00557947,0.00469515799,10,49,True,False,False,False,False,False,0.811317587,False
C06_HV_CONTACTOR_ATTACK,132,132,143,1.00094986,1.05460334,1.00190067,0.00468772044,10,49,True,False,False,False,False,False,0.809832193,False
C06_HV_CONTACTOR_ATTACK,133,133,144,0.999131501,1.04542792,0.998263717,0.0046761618,10,49,True,False,False,False,False,False,0.808361025,False
C06_HV_CONTACTOR_ATTACK,134,134,145,0.997331262,1.0362525,0.994669676,0.00466375798,10,49,True,False,False,False,False,False,0.806904517,False
C06_HV_CONTACTOR_ATTACK,135,135,146,0.995550513,1.02707708,0.991120875,0.004648061,10,49,True,False,False,False,False,False,0.805463778,False
C06_HV_CONTACTOR_ATTACK,136,136,147,0.993790269,1.01790166,0.987619102,0.00462987274,10,49,True,False,False,False,False,False,0.804039628,False
C06_HV_CONTACTOR_ATTACK,137,137,148,0.992051303,1.00874662,0.984165788,0.00461002858,10,49,True,False,False,False,False,False,0.802632694,False
C06_HV_CONTACTOR_ATTACK,138,138,149,0.990334809,1.0000453,0.980763078,0.00458690757,10,49,True,False,False,False,False,False,0.801243941,False
C06_HV_CONTACTOR_ATTACK,139,139,150,0.988641322,1.0000453,0.977411687,0.0045612501,10,49,True,False,False,False,False,False,0.799873802,False
C06_HV_CONTACTOR_ATTACK,140,140,151,0.986972034,1.0000453,0.974113762,0.00453479961,10,49,True,False,False,False,False,False,0.798523242,False
C06_HV_CONTACTOR_ATTACK,141,141,152,0.985327303,1.0000453,0.970869899,0.00450504012,10,49,True,False,False,False,False,False,0.79719255,False
C06_HV_CONTACTOR_ATTACK,142,142,153,0.983707607,1.0000453,0.967680693,0.00447526528,10,49,True,False,False,False,False,False,0.795882112,False
C06_HV_CONTACTOR_ATTACK,143,143,154,0.982113361,1.0000453,0.964546621,0.0044421535,10,49,True,False,False,False,False,False,0.794592266,False
C06_HV_CONTACTOR_ATTACK,144,144,155,0.980545521,1.0000453,0.961469471,0.00440827338,10,49,True,False,False,False,False,False,0.793323783,False
C06_HV_CONTACTOR_ATTACK,145,145,156,0.979003847,1.0000453,0.958448529,0.0043718135,10,49,True,False,False,False,False,False,0.792076471,False
C06_HV_CONTACTOR_ATTACK,146,146,157,0.97748965,1.0000453,0.955486,0.00433377083,10,49,True,False,False,False,False,False,0.790851389,False
C06_HV_CONTACTOR_ATTACK,147,147,158,0.976002574,1.0000453,0.952580988,0.00429484434,10,49,True,False,False,False,False,False,0.78964825,False
C06_HV_CONTACTOR_ATTACK,148,148,159,0.974542916,1.0000453,0.949733913,0.00425423216,10,49,True,False,False,False,False,False,0.788467293,False
C06_HV_CONTACTOR_ATTACK,149,149,160,0.973111331,1.0000453,0.946945608,0.0042128833,10,49,True,False,False,False,False,False,0.787309051,False
C06_HV_CONTACTOR_ATTACK,150,150,161,0.971707106,1.0000453,0.944214702,0.00417060964,10,49,True,False,False,False,False,False,0.786172942,False
C06_HV_CONTACTOR_ATTACK,151,151,162,0.970330834,1.0000453,0.94154197,0.00412670709,10,49,True,False,False,False,False,False,0.785059451,False
C06_HV_CONTACTOR_ATTACK,152,152,163,0.968982458,1.0000453,0.938926995,0.0040828255,10,49,True,False,False,False,False,False,0.783968529,False
C06_HV_CONTACTOR_ATTACK,153,153,164,0.967661619,1.0000453,0.936369002,0.00403719721,10,49,True,False,False,False,False,False,0.782899886,False
C06_HV_CONTACTOR_ATTACK,154,154,165,0.966369092,1.0000453,0.933869243,0.00399000989,10,49,True,False,False,False,False,False,0.78185415,False
C06_HV_CONTACTOR_ATTACK,155,155,166,0.965104222,1.0000453,0.931426167,0.00394358579,10,49,True,False,False,False,False,False,0.780830789,False
C06_HV_CONTACTOR_ATTACK,156,156,167,0.963866711,1.0000453,0.929039061,0.00389626436,10,49,True,False,False,False,False,False,0.779829563,False
C06_HV_CONTACTOR_ATTACK,157,157,168,0.962656617,1.0000453,0.926707804,0.00384903583,10,49,True,False,False,False,False,False,0.778850521,False
C06_HV_CONTACTOR_ATTACK,158,158,169,0.961473167,1.0000453,0.924430668,0.00380167598,10,49,True,False,False,False,False,False,0.777893034,False
C06_HV_CONTACTOR_ATTACK,159,159,170,0.960316956,1.0000453,0.922208607,0.0037519671,10,49,True,False,False,False,False,False,0.776957586,False
C06_HV_CONTACTOR_ATTACK,160,160,171,0.95918715,1.0000453,0.920039952,0.00370465149,10,49,True,False,False,False,False,False,0.776043501,False
C06_HV_CONTACTOR_ATTACK,161,161,172,0.958082974,1.0000453,0.917923033,0.00365641923,10,49,True,False,False,False,False,False,0.775150152,False
C06_HV_CONTACTOR_ATTACK,162,162,173,0.957004786,1.0000453,0.91585815,0.00360827451,10,49,True,False,False,False,False,False,0.774277829,False
C06_HV_CONTACTOR_ATTACK,163,163,174,0.95595181,1.0000453,0.91384387,0.00356009696,10,49,True,False,False,False,False,False,0.773425905,False
C06_HV_CONTACTOR_ATTACK,164,164,175,0.954923749,1.0000453,0.91187942,0.00351188588,10,49,True,False,False,False,False,False,0.772594138,False
C06_HV_CONTACTOR_ATTACK,165,165,176,0.953920007,1.0000453,0.909963429,0.00346621149,10,49,True,False,False,False,False,False,0.771782046,False
C06_HV_CONTACTOR_ATTACK,166,166,177,0.95293963,1.0000453,0.908093989,0.00341963931,10,49,True,False,False,False,False,False,0.770988859,False
C06_HV_CONTACTOR_ATTACK,167,167,178,0.951982617,1.0000453,0.906270921,0.00337305455,10,49,True,False,False,False,False,False,0.770214575,False
C06_HV_CONTACTOR_ATTACK,168,168,179,0.951048374,1.0000453,0.904493034,0.00332813198,10,49,True,False,False,False,False,False,0.769458713,False
C06_HV_CONTACTOR_ATTACK,169,169,180,0.950136244,1.0000453,0.902758837,0.00328231766,10,49,True,False,False,False,False,False,0.768720742,False
C06_HV_CONTACTOR_ATTACK,170,170,181,0.949245691,1.0000453,0.901067436,0.0032407511,10,49,True,False,False,False,False,False,0.768000227,False
C06_HV_CONTACTOR_ATTACK,171,171,182,0.948375463,1.0000453,0.899416029,0.00319821993,10,49,True,False,False,False,False,False,0.767296158,False
C06_HV_CONTACTOR_ATTACK,172,172,183,0.94752574,1.0000453,0.897804976,0.00315572927,10,49,True,False,False,False,False,False,0.766608677,False
C06_HV_CONTACTOR_ATTACK,173,173,184,0.946695685,1.0000453,0.896232665,0.00311573525,10,49,True,False,False,False,False,False,0.76593711,False
C06_HV_CONTACTOR_ATTACK,174,174,185,0.945884526,1.0000453,0.894697487,0.00307659246,10,49,True,False,False,False,False,False,0.76528083,False
C06_HV_CONTACTOR_ATTACK,175,175,186,0.945091307,1.0000453,0.893197596,0.003039876,10,49,True,False,False,False,False,False,0.764639066,False
C06_HV_CONTACTOR_ATTACK,176,176,187,0.944315553,1.0000453,0.891731858,0.00300315558,10,49,True,False,False,False,False,False,0.764011431,False
C06_HV_CONTACTOR_ATTACK,177,177,188,0.943556428,1.0000453,0.890298784,0.00296889711,10,49,True,False,False,False,False,False,0.763397251,False
C06_HV_CONTACTOR_ATTACK,178,178,189,0.942813456,1.0000453,0.88889724,0.00293634227,10,49,True,False,False,False,False,False,0.762796139,False
C06_HV_CONTACTOR_ATTACK,179,179,190,0.942085505,1.0000453,0.887525141,0.00290540978,10,49,True,False,False,False,False,False,0.76220718,False
C06_HV_CONTACTOR_ATTACK,180,180,191,0.941372275,1.0000453,0.886181712,0.00287621282,10,49,True,False,False,False,False,False,0.761630132,False
C06_HV_CONTACTOR_ATTACK,181,181,192,0.940672517,1.0000453,0.884864748,0.00284858583,10,49,True,False,False,False,False,False,0.761063983,False
C06_HV_CONTACTOR_ATTACK,182,182,193,0.939985812,1.0000453,0.883573353,0.00282263733,10,49,True,False,False,False,False,False,0.760508395,False
C06_HV_CONTACTOR_ATTACK,183,183,194,0.939311683,1.0000453,0.882306457,0.0027992588,10,49,True,False,False,False,False,False,0.759962982,False
C06_HV_CONTACTOR_ATTACK,184,184,195,0.938648582,1.0000453,0.881061137,0.00277912943,10,49,True,False,False,False,False,False,0.759426491,False
C06_HV_CONTACTOR_ATTACK,185,185,196,0.93799597,1.0000453,0.87983644,0.00276072952,10,49,True,False,False,False,False,False,0.758898487,False
C06_HV_CONTACTOR_ATTACK,186,186,197,0.937353253,1.0000453,0.878631175,0.00274313847,10,49,True,False,False,False,False,False,0.758378488,False
C06_HV_CONTACTOR_ATTACK,187,187,198,0.936719775,1.0000453,0.87744391,0.00272890949,10,49,True,False,False,False,False,False,0.757865963,False
C06_HV_CONTACTOR_ATTACK,188,188,199,0.936094582,1.0000453,0.876273036,0.00271633477,10,49,True,False,False,False,False,False,0.757360142,False
C06_HV_CONTACTOR_ATTACK,189,189,200,0.935477138,1.0000453,0.875117421,0.00270628324,10,49,True,False,False,False,False,False,0.75686059,False
C06_HV_CONTACTOR_ATTACK,190,190,201,0.93486625,1.0000453,0.873974919,0.00269956142,10,49,True,False,False,False,False,False,0.756366343,False
C06_HV_CONTACTOR_ATTACK,191,191,202,0.93426156,1.0000453,0.872844636,0.00269537303,10,49,True,False,False,False,False,False,0.755877111,False
C06_HV_CONTACTOR_ATTACK,192,192,203,0.933662057,1.0000453,0.871724784,0.00269285659,10,49,True,False,False,False,False,False,0.755392075,False
C06_HV_CONTACTOR_ATTACK,193,193,204,0.933066845,1.0000453,0.870613694,0.0026945374,10,49,True,False,False,False,False,False,0.75491051,False
C06_HV_CONTACTOR_ATTACK,194,194,205,0.932475507,1.0000453,0.869510591,0.00269788411,10,49,True,False,False,False,False,False,0.75443208,False
C06_HV_CONTACTOR_ATTACK,195,195,206,0.93188715,1.0000453,0.868413627,0.00270293024,10,49,True,False,False,False,False,False,0.753956062,False
C06_HV_CONTACTOR_ATTACK,196,196,207,0.931301177,1.0000453,0.867321849,0.00271217222,10,49,True,False,False,False,False,False,0.753481972,False
C06_HV_CONTACTOR_ATTACK,197,197,208,0.930716932,1.0000453,0.866234004,0.00272390898,10,49,True,False,False,False,False,False,0.753009281,False
C06_HV_CONTACTOR_ATTACK,198,198,209,0.930133641,1.0000453,0.865148544,0.00273816381,10,49,True,False,False,False,False,False,0.752537361,False
C06_HV_CONTACTOR_ATTACK,199,199,210,0.929550469,1.0000453,0.864064097,0.00275578676,10,49,True,False,False,False,False,False,0.752065538,False
C06_HV_CONTACTOR_ATTACK,200,200,211,0.928967059,1.0000453,0.862979829,0.00277588866,10,49,True,False,False,False,False,False,0.751593522,False
C06_HV_CONTACTOR_ATTACK,201,201,212,0.928382218,1.0000453,0.861893535,0.00279946229,10,49,True,False,False,False,False,False,0.751120349,False
C06_HV_CONTACTOR_ATTACK,202,202,213,0.927796125,1.0000453,0.86080569,0.00282458216,10,49,True,False,False,False,False,False,0.750646162,False
C06_HV_CONTACTOR_ATTACK,203,203,214,0.927207589,1.0000453,0.859713912,0.00285481685,10,49,True,False,False,False,False,False,0.750169999,False
C06_HV_CONTACTOR_ATTACK,204,204,215,0.926616311,1.0000453,0.858617842,0.00288501917,10,49,True,False,False,False,False,False,0.749691617,False
C06_HV_CONTACTOR_ATTACK,205,205,216,0.926021814,1.0000453,0.857516408,0.00292107603,10,49,True,False,False,False,False,False,0.749210632,False
C06_HV_CONTACTOR_ATTACK,206,206,217,0.925423324,1.0000453,0.856408358,0.00295880134,10,49,True,False,False,False,False,False,0.748726415,False
C06_HV_CONTACTOR_ATTACK,207,207,218,0.924820602,1.0000453,0.855293095,0.00299906568,10,49,True,False,False,False,False,False,0.748238774,False
C06_HV_CONTACTOR_ATTACK,208,208,219,0.924213171,1.0000453,0.854170024,0.00304260291,10,49,True,False,False,False,False,False,0.747747324,False
C06_HV_CONTACTOR_ATTACK,209,209,220,0.923600435,1.0000453,0.853037715,0.0030903921,10,49,True,False,False,False,False,False,0.747251582,False
C06_HV_CONTACTOR_ATTACK,210,210,221,0.922982037,1.0000453,0.851895869,0.00313980528,10,49,True,False,False,False,False,False,0.746751258,False
C06_HV_CONTACTOR_ATTACK,211,211,222,0.922357738,1.0000453,0.85074383,0.00319337845,10,49,True,False,False,False,False,False,0.746246161,False
C06_HV_CONTACTOR_ATTACK,212,212,223,0.921727061,1.0000453,0.849580824,0.00324787176,10,49,True,False,False,False,False,False,0.745735903,False
C06_HV_CONTACTOR_ATTACK,213,213,224,0.921090364,1.0000453,0.848407447,0.0033071842,10,49,True,False,False,False,False,False,0.745220775,False
C06_HV_CONTACTOR_ATTACK,214,214,225,0.920446694,1.0000453,0.84722209,0.00336748292,10,49,True,False,False,False,False,False,0.744700004,False
C06_HV_CONTACTOR_ATTACK,215,215,226,0.919796467,1.0000453,0.846025527,0.00343264639,10,49,True,False,False,False,False,False,0.744173929,False
C06_HV_CONTACTOR_ATTACK,216,216,227,0.919139266,1.0000453,0.844817042,0.00349869393,10,49,True,False,False,False,False,False,0.743642212,False
C06_HV_CONTACTOR_ATTACK,217,217,228,0.918475211,1.0000453,0.843596697,0.00356892147,10,49,True,False,False,False,False,False,0.743104949,False
C06_HV_CONTACTOR_ATTACK,218,218,229,0.91780442,1.0000453,0.842364967,0.00364067289,10,49,True,False,False,False,False,False,0.742562236,False
C06_HV_CONTACTOR_ATTACK,219,219,230,0.917126715,1.0000453,0.841121376,0.00371666765,10,49,True,False,False,False,False,False,0.74201393,False
C06_HV_CONTACTOR_ATTACK,220,220,231,0.916442156,1.0000453,0.839866221,0.00379443495,10,49,True,False,False,False,False,False,0.741460078,False
C06_HV_CONTACTOR_ATTACK,221,221,232,0.915751398,1.0000453,0.838600576,0.00387448468,10,49,True,False,False,False,False,False,0.74090121,False
C06_HV_CONTACTOR_ATTACK,222,222,233,0.915054321,1.0000453,0.83732444,0.00395714445,10,49,True,False,False,False,False,False,0.740337231,False
C06_HV_CONTACTOR_ATTACK,223,223,234,0.914351702,1.0000453,0.836039007,0.00404217001,10,49,True,False,False,False,False,False,0.739768767,False
C06_HV_CONTACTOR_ATTACK,224,224,235,0.913643599,1.0000453,0.834744573,0.00413062377,10,49,True,False,False,False,False,False,0.739195867,False
C06_HV_CONTACTOR_ATTACK,225,225,236,0.912930489,1.0000453,0.833442092,0.00422058813,10,49,True,False,False,False,False,False,0.738618915,False
C06_HV_CONTACTOR_ATTACK,226,226,237,0.912212968,1.0000453,0.832132518,0.0043140715,10,49,True,False,False,False,False,False,0.738038395,False
C06_HV_CONTACTOR_ATTACK,227,227,238,0.911491871,1.0000453,0.830817461,0.0044080345,10,49,True,False,False,False,False,False,0.737454982,False
C06_HV_CONTACTOR_ATTACK,228,228,239,0.910767794,1.0000453,0.829497993,0.00450470205,10,49,True,False,False,False,False,False,0.736869157,False
C06_HV_CONTACTOR_ATTACK,229,229,240,0.910041511,1.0000453,0.828175545,0.00460546883,10,49,True,False,False,False,False,False,0.736281548,False
C06_HV_CONTACTOR_ATTACK,230,230,241,0.909313858,1.0000453,0.826851726,0.00470530475,10,49,True,False,False,False,False,False,0.73569283,False
C06_HV_CONTACTOR_ATTACK,231,231,242,0.908585906,1.0000453,0.825528383,0.00480864057,10,49,True,False,False,False,False,False,0.735103871,False
C06_HV_CONTACTOR_ATTACK,232,232,243,0.907858729,1.0000453,0.824207485,0.00491520576,10,49,True,False,False,False,False,False,0.734515539,False
C06_HV_CONTACTOR_ATTACK,233,233,244,0.90713352,1.0000453,0.822891176,0.00502071995,10,49,True,False,False,False,False,False,0.733928798,False
C06_HV_CONTACTOR_ATTACK,234,234,245,0.90641135,1.0000453,0.821581483,0.00513053034,10,49,True,False,False,False,False,False,0.733344517,False
C06_HV_CONTACTOR_ATTACK,235,235,246,0.905693591,1.0000453,0.82028091,0.0052403342,10,49,True,False,False,False,False,False,0.732763804,False
C06_HV_CONTACTOR_ATTACK,236,236,247,0.904981732,1.0000453,0.818991899,0.00535342516,10,49,True,False,False,False,False,False,0.732187865,False
C06_HV_CONTACTOR_ATTACK,237,237,248,0.904277146,1.0000453,0.817717195,0.00546571426,10,49,True,False,False,False,False,False,0.73161781,False
C06_HV_CONTACTOR_ATTACK,238,238,249,0.903581738,1.0000453,0.816459954,0.00558196614,10,49,True,False,False,False,False,False,0.731055181,False
C06_HV_CONTACTOR_ATTACK,239,239,250,0.902896941,1.0000453,0.815222859,0.00569735654,10,49,True,False,False,False,False,False,0.730501136,False
C06_HV_CONTACTOR_ATTACK,240,240,251,0.902224481,1.0000453,0.814009011,0.00581464544,10,49,True,False,False,False,False,False,0.729957073,False
C06_HV_CONTACTOR_ATTACK,241,241,252,0.901566446,1.0000453,0.812822044,0.0059350701,10,49,True,False,False,False,False,False,0.729424681,False
C06_HV_CONTACTOR_ATTACK,242,242,253,0.900924623,1.0000453,0.811665177,0.00605381932,10,49,True,False,False,False,False,False,0.728905405,False
C06_HV_CONTACTOR_ATTACK,243,243,254,0.900301158,1.0000453,0.810542226,0.0061734817,10,49,True,False,False,False,False,False,0.728400983,False
C06_HV_CONTACTOR_ATTACK,244,244,255,0.899698317,1.0000453,0.809457064,0.00629623933,10,49,True,False,False,False,False,False,0.727913246,False
C06_HV_CONTACTOR_ATTACK,245,245,256,0.899118006,1.0000453,0.808413148,0.00641836552,10,49,True,False,False,False,False,False,0.727443737,False
C06_HV_CONTACTOR_ATTACK,246,246,257,0.898562729,1.0000453,0.807414949,0.00654207496,10,49,True,False,False,False,False,False,0.726994483,False
C06_HV_CONTACTOR_ATTACK,247,247,258,0.898034751,1.0000453,0.80646646,0.00666405028,10,49,True,False,False,False,False,False,0.726567315,False
C06_HV_CONTACTOR_ATTACK,248,248,259,0.897536874,1.0000453,0.80557245,0.00678761536,10,49,True,False,False,False,False,False,0.7261645,False
C06_HV_CONTACTOR_ATTACK,249,249,260,0.897071302,1.0000453,0.804736912,0.00691216672,10,49,True,False,False,False,False,False,0.725787823,False
C06_HV_CONTACTOR_ATTACK,250,250,261,0.896640778,1.0000453,0.803964674,0.00703735929,10,49,True,False,False,False,False,False,0.725439502,False
C06_HV_CONTACTOR_ATTACK,251,251,262,0.896247804,1.0000453,0.803260088,0.00716096023,10,49,True,False,False,False,False,False,0.725121561,False
C06_HV_CONTACTOR_ATTACK,252,252,263,0.895895302,1.0000453,0.802628398,0.00728553906,10,49,True,False,False,False,False,False,0.724836365,False
C06_HV_CONTACTOR_ATTACK,253,253,264,0.895586073,1.0000453,0.802074373,0.0074089691,10,49,True,False,False,False,False,False,0.724586179,False
C06_HV_CONTACTOR_ATTACK,254,254,265,0.895322859,1.0000453,0.801603019,0.00753427576,10,49,True,False,False,False,False,False,0.724373222,False
C06_HV_CONTACTOR_ATTACK,255,255,266,0.895108581,1.0000453,0.801219344,0.00765693793,10,49,True,False,False,False,False,False,0.724199857,False
C06_HV_CONTACTOR_ATTACK,256,256,267,0.894946098,1.0000453,0.800928533,0.00777968811,10,49,True,False,False,False,False,False,0.724068398,False
C06_HV_CONTACTOR_ATTACK,257,257,268,0.894838572,1.0000453,0.80073607,0.00790162757,10,49,True,False,False,False,False,False,0.723981402,False
C06_HV_CONTACTOR_ATTACK,258,258,269,0.894788802,1.0000453,0.80064702,0.0080242753,10,49,True,False,False,False,False,False,0.723941135,False
C06_HV_CONTACTOR_ATTACK,259,259,270,0.894799829,1.0000453,0.800666749,0.00814522523,10,49,True,False,False,False,False,False,0.723950056,False
C06_HV_CONTACTOR_ATTACK,260,260,271,0.894874692,1.0000453,0.800800741,0.00826552697,10,49,True,False,False,False,False,False,0.724010626,False
C06_HV_CONTACTOR_ATTACK,261,261,272,0.895016432,1.0000453,0.801054418,0.00838492066,10,49,True,False,False,False,False,False,0.724125302,False
C06_HV_CONTACTOR_ATTACK,262,262,273,0.895227969,1.0000453,0.801433146,0.00850253645,10,49,True,False,False,False,False,False,0.726438414,False
C06_HV_CONTACTOR_ATTACK,263,263,274,0.895512342,1.0000453,0.801942408,0.00861776527,10,49,True,False,False,False,False,False,0.736283316,False
C06_HV_CONTACTOR_ATTACK,264,264,275,0.895872533,1.0000453,0.802587569,0.00873456988,10,49,True,False,False,False,False,False,0.74626285,False
C06_HV_CONTACTOR_ATTACK,265,265,276,0.896311522,1.0000453,0.80337429,0.00884734653,10,49,True,False,False,False,False,False,0.755898244,False
C06_HV_CONTACTOR_ATTACK,266,266,277,0.896831989,1.0000453,0.80430764,0.0089590922,10,49,True,False,False,False,False,False,0.765445554,False
C06_HV_CONTACTOR_ATTACK,267,267,278,0.897437036,1.0000453,0.805393279,0.00907016266,10,49,True,False,False,False,False,False,0.774935175,False
C06_HV_CONTACTOR_ATTACK,268,268,279,0.898129404,1.0000453,0.806636393,0.00917869434,10,49,True,False,False,False,False,False,0.784207888,False
C06_HV_CONTACTOR_ATTACK,269,269,280,0.898911715,1.0000453,0.808042228,0.00928559341,10,49,True,False,False,False,False,False,0.793341114,False
C06_HV_CONTACTOR_ATTACK,270,270,281,0.899786592,1.0000453,0.80961591,0.00938990247,10,49,True,False,False,False,False,False,0.802253056,False
C06_HV_CONTACTOR_ATTACK,271,271,282,0.900756657,1.0000453,0.811362505,0.00949185248,10,49,True,False,False,False,False,False,0.810963446,False
C06_HV_CONTACTOR_ATTACK,272,272,283,0.901824296,1.0000453,0.81328702,0.00959126838,10,49,True,False,False,False,False,False,0.819457326,False
C06_HV_CONTACTOR_ATTACK,273,273,284,0.902991593,1.0000453,0.815393865,0.00968895759,10,49,True,False,False,False,False,False,0.827803682,False
C06_HV_CONTACTOR_ATTACK,274,274,285,0.904261231,1.0000453,0.817688406,0.00978503004,10,49,True,False,False,False,False,False,0.836011905,False
C06_HV_CONTACTOR_ATTACK,275,275,286,0.90563488,1.0000453,0.820174575,0.00987611618,10,49,True,False,False,False,False,False,0.843794109,False
C06_HV_CONTACTOR_ATTACK,276,276,287,0.907114565,1.0000453,0.822856843,0.00996555947,10,49,True,False,False,False,False,False,0.851435951,False
C06_HV_CONTACTOR_ATTACK,277,277,288,0.908702075,1.0000453,0.825739503,0.0100532919,10,49,True,False,False,False,False,False,0.858931622,False
C06_HV_CONTACTOR_ATTACK,278,278,289,0.910399258,1.0000453,0.828826845,0.010136974,10,49,True,False,False,False,False,False,0.866081243,False
C06_HV_CONTACTOR_ATTACK,279,279,290,0.912207186,1.0000453,0.832121909,0.0102172745,10,49,True,False,False,False,False,False,0.872941945,False
C06_HV_CONTACTOR_ATTACK,280,280,291,0.914127409,1.0000453,0.835628927,0.0102951517,10,49,True,False,False,False,False,False,0.879595605,False
C06_HV_CONTACTOR_ATTACK,281,281,292,0.916161001,1.0000453,0.839350998,0.0103704864,10,49,True,False,False,False,False,False,0.886032038,False
C06_HV_CONTACTOR_ATTACK,282,282,293,0.918308794,1.0000453,0.843291044,0.0104408571,10,49,True,False,False,False,False,False,0.892044362,False
C06_HV_CONTACTOR_ATTACK,283,283,294,0.920571506,1.0000453,0.847451866,0.0105087431,10,49,True,False,False,False,False,False,0.897844392,False
C06_HV_CONTACTOR_ATTACK,284,284,295,0.922949672,1.0000453,0.851836085,0.0105733043,10,49,True,False,False,False,False,False,0.903360358,False
C06_HV_CONTACTOR_ATTACK,285,285,296,0.925444007,1.0000453,0.856446624,0.0106346142,10,49,True,False,False,False,False,False,0.908598543,False
C06_HV_CONTACTOR_ATTACK,286,286,297,0.928053975,1.0000453,0.861284196,0.0106916856,10,49,True,False,False,False,False,False,0.913474605,False
C06_HV_CONTACTOR_ATTACK,287,287,298,0.930779994,1.0000453,0.866351366,0.0107454937,10,49,True,False,False,False,False,False,0.918071852,False
C06_HV_CONTACTOR_ATTACK,288,288,299,0.933621526,1.0000453,0.871649206,0.0107951565,10,49,True,False,False,False,False,False,0.922314933,False
C06_HV_CONTACTOR_ATTACK,289,289,300,0.936577976,1.0000453,0.877178252,0.0108398469,10,49,True,False,False,False,False,False,0.926133189,False
C06_HV_CONTACTOR_ATTACK,290,290,301,0.939648509,1.0000453,0.882939339,0.010882047,10,49,True,False,False,False,False,False,0.929738673,False
C06_HV_CONTACTOR_ATTACK,291,291,302,0.942832589,1.0000453,0.888933241,0.0109193036,10,49,True,False,False,False,False,False,0.932921799,False
C06_HV_CONTACTOR_ATTACK,292,292,303,0.946128488,1.0000453,0.895159066,0.0109524103,10,49,True,False,False,False,False,False,0.935750361,False
C06_HV_CONTACTOR_ATTACK,293,293,304,0.949534655,1.0000453,0.901616096,0.0109813577,10,49,True,False,False,False,False,False,0.938223562,False
C06_HV_CONTACTOR_ATTACK,294,294,305,0.953050256,1.0000453,0.908304811,0.0110070193,10,49,True,False,False,False,False,False,0.940416039,False
C06_HV_CONTACTOR_ATTACK,295,295,306,0.956673265,1.0000453,0.915223777,0.0110285403,10,49,True,False,False,False,False,False,0.942254747,False
C06_HV_CONTACTOR_ATTACK,296,296,307,0.960401356,1.0000453,0.922370732,0.0110434387,10,49,True,False,False,False,False,False,0.943527631,False
C06_HV_CONTACTOR_ATTACK,297,297,308,0.964231789,1.0000453,0.929742992,0.0110558448,10,49,True,False,False,False,False,False,0.944587586,False
C06_HV_CONTACTOR_ATTACK,298,298,309,0.968163013,1.0000453,0.937339664,0.0110632936,10,49,True,False,False,False,False,False,0.945223988,False
C06_HV_CONTACTOR_ATTACK,299,299,310,0.972191751,1.0000453,0.945156813,0.0110657755,10,49,True,False,False,False,False,False,0.945436043,False
C06_HV_CONTACTOR_ATTACK,300,300,311,0.976315677,1.0000453,0.953192353,0.0110657755,10,49,True,False,False,False,False,False,0.945436043,False
C06_HV_CONTACTOR_ATTACK,301,301,312,0.980531156,1.02315354,0.961441338,0.0110583343,10,49,True,False,False,False,False,False,0.944800277,False
C06_HV_CONTACTOR_ATTACK,302,302,313,0.984835207,1.04626584,0.969900429,0.0110475766,10,49,True,False,False,False,False,False,0.943881162,False
C06_HV_CONTACTOR_ATTACK,303,303,314,0.989223897,1.06925547,0.978563905,0.0110310409,10,49,True,False,False,False,False,False,0.942468393,False
C06_HV_CONTACTOR_ATTACK,304,304,315,0.993694663,1.09220433,0.987429082,0.0110128373,10,49,True,False,False,False,False,False,0.940913114,False
C06_HV_CONTACTOR_ATTACK,305,305,316,0.998243093,1.11498964,0.996489286,0.0109863728,10,49,True,False,False,False,False,False,0.938652047,False
C06_HV_CONTACTOR_ATTACK,306,306,317,1.00286555,1.13769317,1.00573921,0.0109565733,10,49,True,False,False,False,False,False,0.93610604,False
C06_HV_CONTACTOR_ATTACK,307,307,318,1.00755751,1.16025376,1.01517224,0.0109226648,10,49,True,False,False,False,False,False,0.933208968,False
C06_HV_CONTACTOR_ATTACK,308,308,319,1.01231503,1.1826508,1.0247817,0.010882983,10,49,True,False,False,False,False,False,0.929818641,False
C06_HV_CONTACTOR_ATTACK,309,309,320,1.01713336,1.20488441,1.03456032,0.0108375084,10,49,True,False,False,False,False,False,0.925933388,False
C06_HV_CONTACTOR_ATTACK,310,310,321,1.02200866,1.22699535,1.04450178,0.0107895304,10,49,True,False,False,False,False,False,0.92183425,False
C06_HV_CONTACTOR_ATTACK,311,311,322,1.02693665,1.24892247,1.05459881,0.0107349074,10,49,True,False,False,False,False,False,0.917167378,False
C06_HV_CONTACTOR_ATTACK,312,312,323,1.0319109,1.27062476,1.0648402,0.0106762629,10,49,True,False,False,False,False,False,0.912156922,False
C06_HV_CONTACTOR_ATTACK,313,313,324,1.03692865,1.29216349,1.07522094,0.0106125725,10,49,True,False,False,False,False,False,0.906715355,False
C06_HV_CONTACTOR_ATTACK,314,314,325,1.04198372,1.31347752,1.08573008,0.0105448235,10,49,True,False,False,False,False,False,0.900927021,False
C06_HV_CONTACTOR_ATTACK,315,315,326,1.04707229,1.3345871,1.09636045,0.0104703531,10,49,True,False,False,False,False,False,0.894564429,False
C06_HV_CONTACTOR_ATTACK,316,316,327,1.05218828,1.35547197,1.10710025,0.0103934864,10,49,True,False,False,False,False,False,0.887997103,False
C06_HV_CONTACTOR_ATTACK,317,317,328,1.05732715,1.37609112,1.11794078,0.0103091588,10,49,True,False,False,False,False,False,0.88079234,False
C06_HV_CONTACTOR_ATTACK,318,318,329,1.06248355,1.39648557,1.1288712,0.0102214953,10,49,True,False,False,False,False,False,0.873302557,False
C06_HV_CONTACTOR_ATTACK,319,319,330,1.06765223,1.41661429,1.13988125,0.0101297572,10,49,True,False,False,False,False,False,0.865464654,False
C06_HV_CONTACTOR_ATTACK,320,320,331,1.07282865,1.43647742,1.15096128,0.010033913,10,49,True,False,False,False,False,False,0.867986713,False
C06_HV_CONTACTOR_ATTACK,321,321,332,1.07800663,1.45601356,1.16209841,0.0099298181,10,49,True,False,False,False,False,False,0.872176025,False
C06_HV_CONTACTOR_ATTACK,322,322,333,1.08318138,1.47530448,1.17328191,0.00982314814,10,49,True,False,False,False,False,False,0.876362732,False
C06_HV_CONTACTOR_ATTACK,323,323,334,1.08834696,1.49426842,1.18449914,0.00971251819,10,49,True,False,False,False,False,False,0.880542013,False
C06_HV_CONTACTOR_ATTACK,324,324,335,1.09349895,1.51292574,1.19573998,0.0095960144,10,49,True,False,False,False,False,False,0.884710298,False
C06_HV_CONTACTOR_ATTACK,325,325,336,1.09863234,1.53129709,1.2069931,0.00947699603,10,49,True,False,False,False,False,False,0.888863538,False
C06_HV_CONTACTOR_ATTACK,326,326,337,1.10374129,1.54930055,1.21824491,0.00935144909,10,49,True,False,False,False,False,False,0.892997006,False
C06_HV_CONTACTOR_ATTACK,327,327,338,1.10882008,1.56695664,1.22948205,0.00922095682,10,49,True,False,False,False,False,False,0.897106073,False
C06_HV_CONTACTOR_ATTACK,328,328,339,1.11386395,1.58428574,1.24069297,0.0090880096,10,49,True,False,False,False,False,False,0.90118688,False
C06_HV_CONTACTOR_ATTACK,329,329,340,1.11886764,1.60122657,1.25186479,0.00894848257,10,49,True,False,False,False,False,False,0.905235185,False
C06_HV_CONTACTOR_ATTACK,330,330,341,1.12382567,1.61782002,1.26298416,0.00880560093,10,49,True,False,False,False,False,False,0.90924655,False
C06_HV_CONTACTOR_ATTACK,331,331,342,1.12873352,1.63404572,1.27403939,0.00865854695,10,49,True,False,False,False,False,False,0.91321731,False
C06_HV_CONTACTOR_ATTACK,332,332,343,1.13358581,1.64988303,1.28501689,0.00850923546,10,49,True,False,False,False,False,False,0.917143126,False
C06_HV_CONTACTOR_ATTACK,333,333,344,1.13837814,1.66531169,1.29590487,0.00835322589,10,49,True,False,False,False,False,False,0.921020428,False
C06_HV_CONTACTOR_ATTACK,334,334,345,1.14310503,1.68035197,1.30668914,0.00819481071,10,49,True,False,False,False,False,False,0.924844781,False
C06_HV_CONTACTOR_ATTACK,335,335,346,1.14776218,1.69498372,1.31735814,0.00803228281,10,49,True,False,False,False,False,False,0.928612711,False
C06_HV_CONTACTOR_ATTACK,336,336,347,1.15234494,1.70920658,1.32789874,0.00786462147,10,49,True,False,False,False,False,False,0.932320458,False
C06_HV_CONTACTOR_ATTACK,337,337,348,1.15684712,1.72298002,1.33829534,0.00769397989,10,49,True,False,False,False,False,False,0.935963006,False
C06_HV_CONTACTOR_ATTACK,338,338,349,1.16126573,1.7363447,1.34853804,0.00752083212,10,49,True,False,False,False,False,False,0.939537944,False
C06_HV_CONTACTOR_ATTACK,339,339,350,1.16559541,1.74923933,1.35861278,0.00734199816,10,49,True,False,False,False,False,False,0.943040932,False
C06_HV_CONTACTOR_ATTACK,340,340,351,1.16983199,1.76170492,1.36850691,0.00716163218,10,49,True,False,False,False,False,False,0.946468595,False
C06_HV_CONTACTOR_ATTACK,341,341,352,1.17397165,1.77372086,1.37820947,0.00697707804,10,49,True,False,False,False,False,False,0.949817845,False
C06_HV_CONTACTOR_ATTACK,342,342,353,1.17800963,1.78526676,1.38770664,0.00678846845,10,49,True,False,False,False,False,False,0.953084825,False
C06_HV_CONTACTOR_ATTACK,343,343,354,1.18194151,1.79634261,1.39698577,0.00659666164,10,49,True,False,False,False,False,False,0.956265966,False
C06_HV_CONTACTOR_ATTACK,344,344,355,1.18576455,1.80698943,1.40603745,0.006403937,10,49,True,False,False,False,False,False,0.95935905,False
C06_HV_CONTACTOR_ATTACK,345,345,356,1.18947363,1.81710494,1.41484761,0.00620582467,10,49,True,False,False,False,False,False,0.962359931,False
C06_HV_CONTACTOR_ATTACK,346,346,357,1.19306576,1.82677078,1.423406,0.00600590371,10,49,True,False,False,False,False,False,0.965266195,False
C06_HV_CONTACTOR_ATTACK,347,347,358,1.19653666,1.83592582,1.43170011,0.00580206839,10,49,True,False,False,False,False,False,0.968074373,False
C06_HV_CONTACTOR_ATTACK,348,348,359,1.19988334,1.84461081,1.43972015,0.00559754251,10,49,True,False,False,False,False,False,0.970782051,False
C06_HV_CONTACTOR_ATTACK,349,349,360,1.20310271,1.85278487,1.44745612,0.0053889649,10,49,True,False,False,False,False,False,0.973386724,False
C06_HV_CONTACTOR_ATTACK,350,350,361,1.20619047,1.86044812,1.4548955,0.00517925201,10,49,True,False,False,False,False,False,0.975884917,False
C06_HV_CONTACTOR_ATTACK,351,351,362,1.20914507,1.86762094,1.46203184,0.00496697985,10,49,True,False,False,False,False,False,0.978275379,False
C06_HV_CONTACTOR_ATTACK,352,352,363,1.21196294,1.87428284,1.46885407,0.00475243852,10,49,True,False,False,False,False,False,0.980555214,False
C06_HV_CONTACTOR_ATTACK,353,353,364,1.21464062,1.88041341,1.47535181,0.00453598564,10,49,True,False,False,False,False,False,0.982741339,False
C06_HV_CONTACTOR_ATTACK,354,354,365,1.21717656,1.88605356,1.48151886,0.00431879656,10,49,True,False,False,False,False,False,0.985688992,False
C06_HV_CONTACTOR_ATTACK,355,355,366,1.21956813,1.8911624,1.48734629,0.00409748685,10,49,True,False,False,False,False,False,0.98835897,False
C06_HV_CONTACTOR_ATTACK,356,356,367,1.22181141,1.89573979,1.49282324,0.00387734314,10,49,True,False,False,False,False,False,0.990751209,False
C06_HV_CONTACTOR_ATTACK,357,357,368,1.22390628,1.8998065,1.4979465,0.0036546581,10,49,True,False,False,False,False,False,0.99287655,False
C06_HV_CONTACTOR_ATTACK,358,358,369,1.22584951,1.90334177,1.50270689,0.00343214651,10,49,True,False,False,False,False,False,0.994724153,False
C06_HV_CONTACTOR_ATTACK,359,359,370,1.22764015,1.90636623,1.50710046,0.00320814829,10,49,True,False,False,False,False,False,0.996304795,False
C06_HV_CONTACTOR_ATTACK,360,360,371,1.22927547,1.90883887,1.51111829,0.00298399408,10,49,True,False,False,False,False,False,0.997597045,False
C06_HV_CONTACTOR_ATTACK,361,361,372,1.23075426,1.91078019,1.51475608,0.00276037585,10,49,True,False,False,False,False,False,0.998611619,False
C06_HV_CONTACTOR_ATTACK,362,362,373,1.23207629,1.91223109,1.51801193,0.00253715855,10,49,True,False,False,False,False,False,0.999369886,False
C06_HV_CONTACTOR_ATTACK,363,363,374,1.23323846,1.91308939,1.52087724,0.00231391913,10,49,True,False,False,False,False,False,0.999818454,False
C06_HV_CONTACTOR_ATTACK,364,364,375,1.23424017,1.91343677,1.52334893,0.0020939603,10,49,True,False,False,False,False,False,1,False
C06_HV_CONTACTOR_ATTACK,365,365,376,1.23508167,1.91343677,1.52542663,0.00187546038,10,49,True,False,False,False,False,False,1,False
C06_HV_CONTACTOR_ATTACK,366,366,377,1.23576117,1.91343677,1.52710569,0.00166197587,10,49,True,False,False,False,False,False,1,False
C06_HV_CONTACTOR_ATTACK,367,367,378,1.2362783,1.91343677,1.52838409,0.00145568,10,49,True,False,False,False,False,False,1.00045582,True
C06_HV_CONTACTOR_ATTACK,368,368,379,1.23663259,1.91343677,1.52926028,0.00125870435,10,49,True,False,False,False,False,False,1.00102936,True
C06_HV_CONTACTOR_ATTACK,369,369,380,1.23682344,1.91343677,1.52973223,0.0010782337,10,49,True,False,False,False,False,False,1.00133829,True
C06_HV_CONTACTOR_ATTACK,370,370,381,1.23685181,1.91343677,1.52980232,0.000921057188,10,49,True,False,False,False,False,False,1.00138417,True
C06_HV_CONTACTOR_ATTACK,371,371,382,1.23671651,1.91343677,1.52946782,0.000806819065,10,49,True,False,False,False,False,False,1.00116522,True
C06_HV_CONTACTOR_ATTACK,372,372,383,1.23641872,1.91343677,1.52873123,0.000751154788,10,49,True,False,False,False,False,False,1.00068305,True
C06_HV_CONTACTOR_ATTACK,373,373,384,1.23595822,1.91343677,1.52759278,0.000766634766,10,49,True,False,False,False,False,False,1,False
C06_HV_CONTACTOR_ATTACK,374,374,385,1.2353344,1.91343677,1.52605116,0.000852601253,10,49,True,False,False,False,False,False,1,False
C06_HV_CONTACTOR_ATTACK,375,375,386,1.23455095,1.91343677,1.52411604,0.000983644277,10,49,True,False,False,False,False,False,1,False
C06_HV_CONTACTOR_ATTACK,376,376,387,1.23360753,1.91327333,1.52178741,0.00114814565,10,49,True,False,False,False,False,False,0.999914585,False
C06_HV_CONTACTOR_ATTACK,377,377,388,1.23250389,1.91257846,1.51906586,0.00133426394,10,49,True,False,False,False,False,False,0.999551432,False
C06_HV_CONTACTOR_ATTACK,378,378,389,1.23124182,1.91133201,1.5159564,0.00153147138,10,49,True,False,False,False,False,False,0.998900011,False
C06_HV_CONTACTOR_ATTACK,379,379,390,1.22982323,1.90955412,1.51246524,0.00173541263,10,49,True,False,False,False,False,False,0.997970852,False
C06_HV_CONTACTOR_ATTACK,380,380,391,1.22824895,1.90724492,1.50859535,0.00194609223,10,49,True,False,False,False,False,False,0.996764017,False
C06_HV_CONTACTOR_ATTACK,381,381,392,1.22652149,1.90444529,1.50435507,0.00215716031,10,49,True,False,False,False,False,False,0.995300874,False
C06_HV_CONTACTOR_ATTACK,382,382,393,1.22464144,1.90109384,1.49974656,0.00237084273,10,49,True,False,False,False,False,False,0.99354934,False
C06_HV_CONTACTOR_ATTACK,383,383,394,1.22261178,1.89723158,1.49477971,0.00258344132,10,49,True,False,False,False,False,False,0.991530846,False
C06_HV_CONTACTOR_ATTACK,384,384,395,1.22043371,1.89281762,1.48945856,0.00279740104,10,49,True,False,False,False,False,False,0.989224021,False
C06_HV_CONTACTOR_ATTACK,385,385,396,1.21811128,1.88789272,1.48379505,0.00300861406,10,49,True,False,False,False,False,False,0.986650174,False
C06_HV_CONTACTOR_ATTACK,386,386,397,1.21564639,1.88249779,1.47779608,0.00322029064,10,49,True,False,False,False,False,False,0.983830674,False
C06_HV_CONTACTOR_ATTACK,387,387,398,1.21303952,1.87657154,1.47146499,0.0034319472,10,49,True,False,False,False,False,False,0.981426235,False
C06_HV_CONTACTOR_ATTACK,388,388,399,1.21029532,1.87011397,1.46481478,0.00363915064,10,49,True,False,False,False,False,False,0.979206005,False
C06_HV_CONTACTOR_ATTACK,389,389,400,1.2074157,1.86316597,1.45785272,0.00384732033,10,49,True,False,False,False,False,False,0.976876209,False
C06_HV_CONTACTOR_ATTACK,390,390,401,1.20440459,1.85572755,1.45059037,0.00405115308,10,49,True,False,False,False,False,False,0.974440031,False
C06_HV_CONTACTOR_ATTACK,391,391,402,1.20126426,1.84775782,1.44303584,0.00425278395,10,49,True,False,False,False,False,False,0.971899304,False
C06_HV_CONTACTOR_ATTACK,392,392,403,1.19799888,1.83933854,1.43520141,0.00445354218,10,49,True,False,False,False,False,False,0.969257403,False
C06_HV_CONTACTOR_ATTACK,393,393,404,1.19461119,1.83040822,1.42709601,0.00464967219,10,49,True,False,False,False,False,False,0.966516546,False
C06_HV_CONTACTOR_ATTACK,394,394,405,1.19110501,1.82102847,1.41873121,0.00484514795,10,49,True,False,False,False,False,False,0.96367982,False
C06_HV_CONTACTOR_ATTACK,395,395,406,1.18748271,1.8111378,1.41011512,0.00503712101,10,49,True,False,False,False,False,False,0.960749154,False
C06_HV_CONTACTOR_ATTACK,396,396,407,1.18374956,1.80081797,1.40126288,0.00522626052,10,49,True,False,False,False,False,False,0.957728791,False
C06_HV_CONTACTOR_ATTACK,397,397,408,1.17990863,1.79002821,1.39218438,0.00541140884,10,49,True,False,False,False,False,False,0.95462124,False
C06_HV_CONTACTOR_ATTACK,398,398,409,1.17596328,1.77874792,1.38288951,0.00559394294,10,49,True,False,False,False,False,False,0.9514292,False
C06_HV_CONTACTOR_ATTACK,399,399,410,1.17191875,1.76705885,1.37339365,0.00577368401,10,49,True,False,False,False,False,False,0.948156915,False
C06_HV_CONTACTOR_ATTACK,400,400,411,1.16777885,1.75487947,1.36370742,0.00594710885,10,49,True,False,False,False,False,False,0.944807472,False
C06_HV_CONTACTOR_ATTACK,401,401,412,1.16354811,1.74231184,1.35384417,0.00612059282,10,49,True,False,False,False,False,False,0.941384536,False
C06_HV_CONTACTOR_ATTACK,402,402,413,1.15923023,1.72929454,1.34381473,0.00628832821,10,49,True,False,False,False,False,False,0.937891096,False
C06_HV_CONTACTOR_ATTACK,403,403,414,1.15482974,1.71584809,1.33363175,0.00645301212,10,49,True,False,False,False,False,False,0.934330818,False
C06_HV_CONTACTOR_ATTACK,404,404,415,1.15035117,1.70201337,1.32330775,0.0066151754,10,49,True,False,False,False,False,False,0.930707367,False
C06_HV_CONTACTOR_ATTACK,405,405,416,1.1457994,1.68774962,1.31285632,0.0067707058,10,49,True,False,False,False,False,False,0.927024696,False
C06_HV_CONTACTOR_ATTACK,406,406,417,1.14117944,1.67307711,1.30229044,0.00692229625,10,49,True,False,False,False,False,False,0.923286858,False
C06_HV_CONTACTOR_ATTACK,407,407,418,1.13649547,1.65803671,1.29162192,0.00707236445,10,49,True,False,False,False,False,False,0.919497226,False
C06_HV_CONTACTOR_ATTACK,408,408,419,1.13175237,1.64262855,1.28086352,0.007217295,10,49,True,False,False,False,False,False,0.915659757,False
C06_HV_CONTACTOR_ATTACK,409,409,420,1.12695491,1.62681162,1.2700274,0.00735665252,10,49,True,False,False,False,False,False,0.911778307,False
C06_HV_CONTACTOR_ATTACK,410,410,421,1.1221081,1.61064732,1.25912654,0.00749361981,10,49,True,False,False,False,False,False,0.907856928,False
C06_HV_CONTACTOR_ATTACK,411,411,422,1.1172173,1.59415603,1.24817455,0.00762537913,10,49,True,False,False,False,False,False,0.90389996,False
C06_HV_CONTACTOR_ATTACK,412,412,423,1.11228645,1.57727647,1.23718107,0.00775249582,10,49,True,False,False,False,False,False,0.899910585,False
C06_HV_CONTACTOR_ATTACK,413,413,424,1.10732126,1.56009042,1.22616041,0.0078762183,10,49,True,False,False,False,False,False,0.895893433,False
C06_HV_CONTACTOR_ATTACK,414,414,425,1.10232663,1.542557,1.21512413,0.0079942178,10,49,True,False,False,False,False,False,0.891852459,False
C06_HV_CONTACTOR_ATTACK,415,415,426,1.09730804,1.52469647,1.20408487,0.00810732227,10,49,True,False,False,False,False,False,0.887792098,False
C06_HV_CONTACTOR_ATTACK,416,416,427,1.09227037,1.50657046,1.19305456,0.00821787026,10,49,True,False,False,False,False,False,0.883716306,False
C06_HV_CONTACTOR_ATTACK,417,417,428,1.08721793,1.48813784,1.18204272,0.00832349621,10,49,True,False,False,False,False,False,0.879628554,False
C06_HV_CONTACTOR_ATTACK,418,418,429,1.08215582,1.46937823,1.17106128,0.00842261687,10,49,True,False,False,False,False,False,0.87553299,False
C06_HV_CONTACTOR_ATTACK,419,419,430,1.07708991,1.45037341,1.16012275,0.00851924345,10,49,True,False,False,False,False,False,0.87143434,False
C06_HV_CONTACTOR_ATTACK,420,420,431,1.0720253,1.43110299,1.14923835,0.0086091524,10,49,True,False,False,False,False,False,0.867336751,False
C06_HV_CONTACTOR_ATTACK,421,421,432,1.06696618,1.41154635,1.13841677,0.0086951144,10,49,True,False,False,False,False,False,0.863243598,False
C06_HV_CONTACTOR_ATTACK,422,422,433,1.06191838,1.3917855,1.12767076,0.00877680536,10,49,True,False,False,False,False,False,0.859159608,False
C06_HV_CONTACTOR_ATTACK,423,423,434,1.05688584,1.37175894,1.11700761,0.00885365438,10,49,True,False,False,False,False,False,0.855087963,False
C06_HV_CONTACTOR_ATTACK,424,424,435,1.0518738,1.35150754,1.10643852,0.00892553944,10,49,True,False,False,False,False,False,0.851032907,False
C06_HV_CONTACTOR_ATTACK,425,425,436,1.04688764,1.33105183,1.09597361,0.00899242889,10,49,True,False,False,False,False,False,0.84699878,False
C06_HV_CONTACTOR_ATTACK,426,426,437,1.04193127,1.31039178,1.08562076,0.00905521773,10,49,True,False,False,False,False,False,0.842988766,False
C06_HV_CONTACTOR_ATTACK,427,427,438,1.03700984,1.2895273,1.07538939,0.00911222305,10,49,True,False,False,False,False,False,0.83900701,False
C06_HV_CONTACTOR_ATTACK,428,428,439,1.03212738,1.26847899,1.06528699,0.0091659762,10,49,True,False,False,False,False,False,0.835056793,False
C06_HV_CONTACTOR_ATTACK,429,429,440,1.02728915,1.24726713,1.05532289,0.00921389088,10,49,True,False,False,False,False,False,0.831142358,False
C06_HV_CONTACTOR_ATTACK,430,430,441,1.02249873,1.22587144,1.04550374,0.00925689284,10,49,True,False,False,False,False,False,0.827266599,False
C06_HV_CONTACTOR_ATTACK,431,431,442,1.01776135,1.20437348,1.03583825,0.009296529,10,49,True,False,False,False,False,False,0.823433759,False
C06_HV_CONTACTOR_ATTACK,432,432,443,1.01307988,1.18269169,1.02633083,0.00933043566,10,49,True,False,False,False,False,False,0.819646153,False
C06_HV_CONTACTOR_ATTACK,433,433,444,1.00845969,1.16090775,1.01699102,0.00935933925,10,49,True,False,False,False,False,False,0.815908122,False
C06_HV_CONTACTOR_ATTACK,434,434,445,1.00390387,1.13898063,1.00782299,0.00938331429,10,49,True,False,False,False,False,False,0.812222172,False
C06_HV_CONTACTOR_ATTACK,435,435,446,0.999416649,1.11695147,0.998833656,0.00940315798,10,49,True,False,False,False,False,False,0.808591728,False
C06_HV_CONTACTOR_ATTACK,436,436,447,0.995001256,1.09484041,0.990027547,0.00941969454,10,49,True,False,False,False,False,False,0.805019394,False
C06_HV_CONTACTOR_ATTACK,437,437,448,0.990661383,1.07262731,0.981410027,0.0094296122,10,49,True,False,False,False,False,False,0.80564577,False
C06_HV_CONTACTOR_ATTACK,438,438,449,0.986400485,1.05035281,0.972985923,0.00943622459,10,49,True,False,False,False,False,False,0.806210718,False
C06_HV_CONTACTOR_ATTACK,439,439,450,0.982221246,1.02797616,0.964758575,0.0094370516,10,49,True,False,False,False,False,False,0.806281376,False
C06_HV_CONTACTOR_ATTACK,440,440,451,0.97812748,1.00557911,0.956733406,0.00943457149,10,49,True,False,False,False,False,False,0.806069481,False
C06_HV_CONTACTOR_ATTACK,441,441,452,0.974121332,1.0000453,0.948912382,0.00942712743,10,49,True,False,False,False,False,False,0.805433476,False
C06_HV_CONTACTOR_ATTACK,442,442,453,0.970205903,1.0000453,0.941299498,0.00941555295,10,49,True,False,False,False,False,False,0.804444578,False
C06_HV_CONTACTOR_ATTACK,443,443,454,0.96638304,1.0000453,0.933896184,0.0093998285,10,49,True,False,False,False,False,False,0.803101115,False
C06_HV_CONTACTOR_ATTACK,444,444,455,0.962655485,1.0000453,0.926705599,0.00938081555,10,49,True,False,False,False,False,False,0.801476689,False
C06_HV_CONTACTOR_ATTACK,445,445,456,0.959025145,1.0000453,0.919729173,0.00935601816,10,49,True,False,False,False,False,False,0.799358053,False
C06_HV_CONTACTOR_ATTACK,446,446,457,0.955493629,1.0000453,0.912968099,0.00932789035,10,49,True,False,False,False,False,False,0.796954874,False
C06_HV_CONTACTOR_ATTACK,447,447,458,0.952063024,1.0000453,0.906423986,0.00929478649,10,49,True,False,False,False,False,False,0.794126551,False
C06_HV_CONTACTOR_ATTACK,448,448,459,0.948734879,1.0000453,0.900097907,0.00925922859,10,49,True,False,False,False,False,False,0.791088561,False
C06_HV_CONTACTOR_ATTACK,449,449,460,0.94550997,1.0000453,0.893989146,0.00921951048,10,49,True,False,False,False,False,False,0.787695131,False
C06_HV_CONTACTOR_ATTACK,450,450,461,0.942389846,1.0000453,0.888098598,0.00917484704,10,49,True,False,False,False,False,False,0.783879183,False
C06_HV_CONTACTOR_ATTACK,451,451,462,0.939375162,1.0000453,0.882425725,0.00912767742,10,49,True,False,False,False,False,False,0.779849112,False
C06_HV_CONTACTOR_ATTACK,452,452,463,0.936466813,1.0000453,0.876970112,0.00907557551,10,49,True,False,False,False,False,False,0.775397637,False
C06_HV_CONTACTOR_ATTACK,453,453,464,0.933665216,1.0000453,0.871730745,0.00902097393,10,49,True,False,False,False,False,False,0.770732595,False
C06_HV_CONTACTOR_ATTACK,454,454,465,0.93097049,1.0000453,0.866706014,0.00896219444,10,49,True,False,False,False,False,False,0.765710602,False
C06_HV_CONTACTOR_ATTACK,455,455,466,0.928382933,1.0000453,0.861894906,0.0089001311,10,49,True,False,False,False,False,False,0.760408044,False
C06_HV_CONTACTOR_ATTACK,456,456,467,0.925902665,1.0000453,0.857295692,0.0088356249,10,49,True,False,False,False,False,False,0.754896774,False
C06_HV_CONTACTOR_ATTACK,457,457,468,0.92352891,1.0000453,0.852905691,0.0087661352,10,49,True,False,False,False,False,False,0.748959723,False
C06_HV_CONTACTOR_ATTACK,458,458,469,0.921261489,1.0000453,0.848722756,0.00869494118,10,49,True,False,False,False,False,False,0.745359226,False
C06_HV_CONTACTOR_ATTACK,459,459,470,0.919099927,1.0000453,0.844744682,0.0086196484,10,49,True,False,False,False,False,False,0.743610384,False
C06_HV_CONTACTOR_ATTACK,460,460,471,0.917043269,1.0000453,0.84096837,0.00854101405,10,49,True,False,False,False,False,False,0.741946416,False
C06_HV_CONTACTOR_ATTACK,461,461,472,0.91509074,1.0000453,0.837391078,0.00846075453,10,49,True,False,False,False,False,False,0.740366696,False
C06_HV_CONTACTOR_ATTACK,462,462,473,0.913240671,1.0000453,0.834008574,0.00837788638,10,49,True,False,False,False,False,False,0.738869873,False
C06_HV_CONTACTOR_ATTACK,463,463,474,0.911492288,1.0000453,0.830818236,0.00829265732,10,49,True,False,False,False,False,False,0.73745532,False
C06_HV_CONTACTOR_ATTACK,464,464,475,0.909843922,1.0000453,0.82781595,0.00820407178,10,49,True,False,False,False,False,False,0.736121686,False
C06_HV_CONTACTOR_ATTACK,465,465,476,0.908294082,1.0000453,0.82499814,0.00811219122,10,49,True,False,False,False,False,False,0.734867767,False
C06_HV_CONTACTOR_ATTACK,466,466,477,0.906841099,1.0000453,0.822360814,0.00801942311,10,49,True,False,False,False,False,False,0.733692211,False
C06_HV_CONTACTOR_ATTACK,467,467,478,0.905483127,1.0000453,0.819899678,0.00792419817,10,49,True,False,False,False,False,False,0.732593525,False
C06_HV_CONTACTOR_ATTACK,468,468,479,0.904218256,1.0000453,0.817610621,0.00782737508,10,49,True,False,False,False,False,False,0.731570165,False
C06_HV_CONTACTOR_ATTACK,469,469,480,0.903044343,1.0000453,0.815489113,0.00772638153,10,49,True,False,False,False,False,False,0.730620394,False
C06_HV_CONTACTOR_ATTACK,470,470,481,0.90195936,1.0000453,0.813530684,0.00762616051,10,49,True,False,False,False,False,False,0.729742573,False
C06_HV_CONTACTOR_ATTACK,471,471,482,0.900960982,1.0000453,0.811730742,0.00752273714,10,49,True,False,False,False,False,False,0.728934822,False
C06_HV_CONTACTOR_ATTACK,472,472,483,0.900047004,1.0000453,0.810084581,0.00741838198,10,49,True,False,False,False,False,False,0.728195356,False
C06_HV_CONTACTOR_ATTACK,473,473,484,0.899214983,1.0000453,0.808587611,0.00730986986,10,49,True,False,False,False,False,False,0.727522198,False
C06_HV_CONTACTOR_ATTACK,474,474,485,0.898462653,1.0000453,0.807235122,0.00720214704,10,49,True,False,False,False,False,False,0.726913515,False
C06_HV_CONTACTOR_ATTACK,475,475,486,0.897787452,1.0000453,0.806022346,0.00709278788,10,49,True,False,False,False,False,False,0.726367234,False
C06_HV_CONTACTOR_ATTACK,476,476,487,0.897186756,1.0000453,0.804944038,0.00698343897,10,49,True,False,False,False,False,False,0.725881233,False
C06_HV_CONTACTOR_ATTACK,477,477,488,0.896657884,1.0000453,0.803995311,0.00687075872,10,49,True,False,False,False,False,False,0.725453342,False
C06_HV_CONTACTOR_ATTACK,478,478,489,0.896198511,1.0000453,0.803171754,0.00675727567,10,49,True,False,False,False,False,False,0.72508168,False
C06_HV_CONTACTOR_ATTACK,479,479,490,0.895805836,1.0000453,0.802468061,0.00664373254,10,49,True,False,False,False,False,False,0.72476398,False
C06_HV_CONTACTOR_ATTACK,480,480,491,0.895477295,1.0000453,0.801879585,0.00653104158,10,49,True,False,False,False,False,False,0.72449817,False
C06_HV_CONTACTOR_ATTACK,481,481,492,0.895210087,1.0000453,0.801401079,0.00641495781,10,49,True,False,False,False,False,False,0.724281982,False
C06_HV_CONTACTOR_ATTACK,482,482,493,0.895001769,1.0000453,0.801028132,0.0062998482,10,49,True,False,False,False,False,False,0.724113439,False
C06_HV_CONTACTOR_ATTACK,483,483,494,0.894849539,1.0000453,0.800755739,0.00618447363,10,49,True,False,False,False,False,False,0.723990275,False
C06_HV_CONTACTOR_ATTACK,484,484,495,0.894750953,1.0000453,0.80057925,0.00606859103,10,49,True,False,False,False,False,False,0.723910513,False
C06_HV_CONTACTOR_ATTACK,485,485,496,0.894703269,1.0000453,0.800493956,0.00595166907,10,49,True,False,False,False,False,False,0.723871934,False
C06_HV_CONTACTOR_ATTACK,486,486,497,0.894703984,1.0000453,0.800495207,0.00583478902,10,49,True,False,False,False,False,False,0.723872512,False
C06_HV_CONTACTOR_ATTACK,487,487,498,0.894750595,1.0000453,0.800578654,0.00571776694,10,49,True,False,False,False,False,False,0.723910224,False
C06_HV_CONTACTOR_ATTACK,488,488,499,0.894840717,1.0000453,0.800739884,0.00560246129,10,49,True,False,False,False,False,False,0.723983138,False
C06_HV_CONTACTOR_ATTACK,489,489,500,0.89497155,1.0000453,0.800974071,0.00548575213,10,49,True,False,False,False,False,False,0.72408899,False
C06_HV_CONTACTOR_ATTACK,490,490,501,0.895141006,1.0000453,0.801277459,0.00537037803,10,49,True,False,False,False,False,False,0.72422609,False
C06_HV_CONTACTOR_ATTACK,491,491,502,0.895346642,1.0000453,0.801645577,0.00525414152,10,49,True,False,False,False,False,False,0.724392463,False
C06_HV_CONTACTOR_ATTACK,492,492,503,0.895586193,1.0000453,0.802074611,0.00513964333,10,49,True,False,False,False,False,False,0.724586275,False
C06_HV_CONTACTOR_ATTACK,493,493,504,0.895857453,1.0000453,0.802560627,0.00502598193,10,49,True,False,False,False,False,False,0.724805742,False
C06_HV_CONTACTOR_ATTACK,494,494,505,0.896158278,1.0000453,0.803099632,0.00491128443,10,49,True,False,False,False,False,False,0.725049129,False
C06_HV_CONTACTOR_ATTACK,495,495,506,0.896486402,1.0000453,0.803687871,0.00479931198,10,49,True,False,False,False,False,False,0.725314602,False
C06_HV_CONTACTOR_ATTACK,496,496,507,0.896840096,1.0000453,0.804322124,0.00468875188,10,49,True,False,False,False,False,False,0.725600762,False
C06_HV_CONTACTOR_ATTACK,497,497,508,0.897217155,1.0000453,0.804998577,0.00457838969,10,49,True,False,False,False,False,False,0.725905827,False
C06_HV_CONTACTOR_ATTACK,498,498,509,0.89761585,1.0000453,0.80571425,0.00446874183,10,49,True,False,False,False,False,False,0.726228397,False
C06_HV_CONTACTOR_ATTACK,499,499,510,0.898034275,1.0000453,0.806465566,0.00435982179,10,49,True,False,False,False,False,False,0.726566929,False
C06_HV_CONTACTOR_ATTACK,500,500,511,0.898470879,1.0000453,0.807249904,0.00425523845,10,49,True,False,False,False,False,False,0.72692017,False
C06_HV_CONTACTOR_ATTACK,501,501,512,0.898923695,1.0000453,0.808063805,0.00414814893,10,49,True,False,False,False,False,False,0.727286527,False
C06_HV_CONTACTOR_ATTACK,502,502,513,0.899391413,1.0000453,0.808904946,0.00404498214,10,49,True,False,False,False,False,False,0.727664941,False
C06_HV_CONTACTOR_ATTACK,503,503,514,0.899872422,1.0000453,0.809770405,0.00394198112,10,49,True,False,False,False,False,False,0.728054108,False
C06_HV_CONTACTOR_ATTACK,504,504,515,0.900365531,1.0000453,0.810658097,0.00384204509,10,49,True,False,False,False,False,False,0.728453065,False
C06_HV_CONTACTOR_ATTACK,505,505,516,0.900869191,1.0000453,0.81156534,0.00374380569,10,49,True,False,False,False,False,False,0.728860557,False
C06_HV_CONTACTOR_ATTACK,506,506,517,0.901382387,1.0000453,0.812490165,0.00364730833,10,49,True,False,False,False,False,False,0.729275765,False
C06_HV_CONTACTOR_ATTACK,507,507,518,0.90190357,1.0000453,0.813430071,0.00355066941,10,49,True,False,False,False,False,False,0.729697436,False
C06_HV_CONTACTOR_ATTACK,508,508,519,0.902431846,1.0000453,0.814383268,0.00345822633,10,49,True,False,False,False,False,False,0.730124844,False
C06_HV_CONTACTOR_ATTACK,509,509,520,0.902966142,1.0000453,0.81534785,0.00336671644,10,49,True,False,False,False,False,False,0.730557124,False
C06_HV_CONTACTOR_ATTACK,510,510,521,0.903505743,1.0000453,0.816322625,0.00327905035,10,49,True,False,False,False,False,False,0.730993695,False
C06_HV_CONTACTOR_ATTACK,511,511,522,0.904049575,1.0000453,0.817305684,0.00319147483,10,49,True,False,False,False,False,False,0.731433691,False
C06_HV_CONTACTOR_ATTACK,512,512,523,0.904596925,1.0000453,0.818295598,0.00310906139,10,49,True,False,False,False,False,False,0.731876531,False
C06_HV_CONTACTOR_ATTACK,513,513,524,0.905147254,1.0000453,0.819291532,0.00302639068,10,49,True,False,False,False,False,False,0.732321783,False
C06_HV_CONTACTOR_ATTACK,514,514,525,0.905699611,1.0000453,0.820291817,0.00294804992,10,49,True,False,False,False,False,False,0.732768675,False
C06_HV_CONTACTOR_ATTACK,515,515,526,0.906253695,1.0000453,0.821295738,0.00286956015,10,49,True,False,False,False,False,False,0.733216964,False
C06_HV_CONTACTOR_ATTACK,516,516,527,0.906808674,1.0000453,0.822301924,0.00279430067,10,49,True,False,False,False,False,False,0.733665978,False
C06_HV_CONTACTOR_ATTACK,517,517,528,0.90736407,1.0000453,0.823309541,0.00272163469,10,49,True,False,False,False,False,False,0.734115328,False
C06_HV_CONTACTOR_ATTACK,518,518,529,0.907919586,1.0000453,0.824317992,0.00265235477,10,49,True,False,False,False,False,False,0.734564776,False
C06_HV_CONTACTOR_ATTACK,519,519,530,0.90847528,1.0000453,0.825327337,0.00258534914,10,49,True,False,False,False,False,False,0.735014368,False
C06_HV_CONTACTOR_ATTACK,520,520,531,0.909030557,1.0000453,0.826336503,0.00252187531,10,49,True,False,False,False,False,False,0.735463622,False
C06_HV_CONTACTOR_ATTACK,521,521,532,0.909585357,1.0000453,0.82734549,0.00245890394,10,49,True,False,False,False,False,False,0.735912491,False
C06_HV_CONTACTOR_ATTACK,522,522,533,0.910139441,1.0000453,0.828353822,0.00240103924,10,49,True,False,False,False,False,False,0.73636078,False
C06_HV_CONTACTOR_ATTACK,523,523,534,0.91069299,1.0000453,0.829361677,0.00234478689,10,49,True,False,False,False,False,False,0.736808636,False
C06_HV_CONTACTOR_ATTACK,524,524,535,0.911245644,1.0000453,0.830368638,0.00229188567,10,49,True,False,False,False,False,False,0.737255769,False
C06_HV_CONTACTOR_ATTACK,525,525,536,0.911797583,1.0000453,0.831374824,0.00224071415,10,49,True,False,False,False,False,False,0.737702323,False
C06_HV_CONTACTOR_ATTACK,526,526,537,0.912348866,1.0000453,0.832380474,0.00219450425,10,49,True,False,False,False,False,False,0.738148346,False
C06_HV_CONTACTOR_ATTACK,527,527,538,0.912899554,1.0000453,0.833385646,0.00214921706,10,49,True,False,False,False,False,False,0.738593887,False
C06_HV_CONTACTOR_ATTACK,528,528,539,0.913449943,1.0000453,0.834390819,0.00210807566,10,49,True,False,False,False,False,False,0.739039187,False
C06_HV_CONTACTOR_ATTACK,529,529,540,0.914000332,1.0000453,0.835396647,0.00207023253,10,49,True,False,False,False,False,False,0.739484487,False
C06_HV_CONTACTOR_ATTACK,530,530,541,0.914550662,1.0000453,0.836402953,0.00203328859,10,49,True,False,False,False,False,False,0.739929739,False
C06_HV_CONTACTOR_ATTACK,531,531,542,0.915101528,1.0000453,0.837410808,0.00200126623,10,49,True,False,False,False,False,False,0.740375425,False
C06_HV_CONTACTOR_ATTACK,532,532,543,0.915652931,1.0000453,0.838420272,0.0019710043,10,49,True,False,False,False,False,False,0.740821544,False
C06_HV_CONTACTOR_ATTACK,533,533,544,0.916205227,1.0000453,0.839432061,0.00194238906,10,49,True,False,False,False,False,False,0.741268388,False
C06_HV_CONTACTOR_ATTACK,534,534,545,0.916759133,1.0000453,0.840447307,0.00191872485,10,49,True,False,False,False,False,False,0.741716533,False
C06_HV_CONTACTOR_ATTACK,535,535,546,0.917314649,1.0000453,0.841466188,0.00189679873,10,49,True,False,False,False,False,False,0.74216598,False
C06_HV_CONTACTOR_ATTACK,536,536,547,0.91787231,1.0000453,0.8424896,0.00187831291,10,49,True,False,False,False,False,False,0.742617163,False
C06_HV_CONTACTOR_ATTACK,537,537,548,0.918432951,1.0000453,0.843519032,0.00186223886,10,49,True,False,False,False,False,False,0.743070758,False
C06_HV_CONTACTOR_ATTACK,538,538,549,0.918996513,1.0000453,0.844554603,0.00184963492,10,49,True,False,False,False,False,False,0.743526715,False
C06_HV_CONTACTOR_ATTACK,539,539,550,0.919564188,1.0000453,0.84559828,0.00184033706,10,49,True,False,False,False,False,False,0.743986,False
C06_HV_CONTACTOR_ATTACK,540,540,551,0.920136213,1.0000453,0.84665066,0.001832732,10,49,True,False,False,False,False,False,0.744448806,False
C06_HV_CONTACTOR_ATTACK,541,541,552,0.920713246,1.0000453,0.847712874,0.00183020229,10,49,True,False,False,False,False,False,0.744915662,False
C06_HV_CONTACTOR_ATTACK,542,542,553,0.921295702,1.0000453,0.848785818,0.00182683242,10,49,True,False,False,False,False,False,0.745386906,False
C06_HV_CONTACTOR_ATTACK,543,543,554,0.921884298,1.0000453,0.849870622,0.00182851823,10,49,True,False,False,False,False,False,0.745863118,False
C06_HV_CONTACTOR_ATTACK,544,544,555,0.922479749,1.0000453,0.850968897,0.00183356612,10,49,True,False,False,False,False,False,0.746344875,False
C06_HV_CONTACTOR_ATTACK,545,545,556,0.923083007,1.0000453,0.852082253,0.00184034125,10,49,True,False,False,False,False,False,0.74683295,False
C06_HV_CONTACTOR_ATTACK,546,546,557,0.923694074,1.0000453,0.853210747,0.0018487341,10,49,True,False,False,False,False,False,0.747327342,False
C06_HV_CONTACTOR_ATTACK,547,547,558,0.924313843,1.0000453,0.85435605,0.00186047761,10,49,True,False,False,False,False,False,0.747828774,False
C06_HV_CONTACTOR_ATTACK,548,548,559,0.924943328,1.0000453,0.855520189,0.00187481078,10,49,True,False,False,False,False,False,0.748338068,False
C06_HV_CONTACTOR_ATTACK,549,549,560,0.925583124,1.0000453,0.856704116,0.00189245085,10,49,True,False,False,False,False,False,0.748855703,False
C06_HV_CONTACTOR_ATTACK,550,550,561,0.926233768,1.0000453,0.857908964,0.00191009487,10,49,True,False,False,False,False,False,0.749382116,False
C06_HV_CONTACTOR_ATTACK,551,551,562,0.926895797,1.0000453,0.859135866,0.0019310863,10,49,True,False,False,False,False,False,0.74991774,False
C06_HV_CONTACTOR_ATTACK,552,552,563,0.927570522,1.0000453,0.860387087,0.00195470965,10,49,True,False,False,False,False,False,0.750463635,False
C06_HV_CONTACTOR_ATTACK,553,553,564,0.928258002,1.0000453,0.861662865,0.00198059482,10,49,True,False,False,False,False,False,0.75101985,False
C06_HV_CONTACTOR_ATTACK,554,554,565,0.928959489,1.0000453,0.862965763,0.00200828235,10,49,True,False,False,False,False,False,0.751587398,False
C06_HV_CONTACTOR_ATTACK,555,555,566,0.929675817,1.0000453,0.864297152,0.00203852751,10,49,True,False,False,False,False,False,0.752166953,False
C06_HV_CONTACTOR_ATTACK,556,556,567,0.930407286,1.0000453,0.865657747,0.00206872681,10,49,True,False,False,False,False,False,0.752758757,False
C06_HV_CONTACTOR_ATTACK,557,557,568,0.931154847,1.0000453,0.867049336,0.00210386608,10,49,True,False,False,False,False,False,0.753363582,False
C06_HV_CONTACTOR_ATTACK,558,558,569,0.931919336,1.0000453,0.868473649,0.00213887542,10,49,True,False,False,False,False,False,0.753982103,False
C06_HV_CONTACTOR_ATTACK,559,559,570,0.932701766,1.0000453,0.869932592,0.00217662379,10,49,True,False,False,False,False,False,0.754615139,False
C06_HV_CONTACTOR_ATTACK,560,560,571,0.933502316,1.0000453,0.871426582,0.00221419195,10,49,True,False,False,False,False,False,0.755262834,False
C06_HV_CONTACTOR_ATTACK,561,561,572,0.93432188,1.0000453,0.872957408,0.00225504721,10,49,True,False,False,False,False,False,0.755925914,False
C06_HV_CONTACTOR_ATTACK,562,562,573,0.935161769,1.0000453,0.874527574,0.00229764124,10,49,True,False,False,False,False,False,0.756605438,False
C06_HV_CONTACTOR_ATTACK,563,563,574,0.936022341,1.0000453,0.876137853,0.00234028744,10,49,True,False,False,False,False,False,0.757301695,False
C06_HV_CONTACTOR_ATTACK,564,564,575,0.936903894,1.0000453,0.877788961,0.0023843043,10,49,True,False,False,False,False,False,0.758014927,False
C06_HV_CONTACTOR_ATTACK,565,565,576,0.93780762,1.0000453,0.879483104,0.00242925948,10,49,True,False,False,False,False,False,0.758746099,False
C06_HV_CONTACTOR_ATTACK,566,566,577,0.938734233,1.0000453,0.88122195,0.00247604772,10,49,True,False,False,False,False,False,0.759495788,False
C06_HV_CONTACTOR_ATTACK,567,567,578,0.939684033,1.0000453,0.883006096,0.00252338126,10,49,True,False,False,False,False,False,0.760264237,False
C06_HV_CONTACTOR_ATTACK,568,568,579,0.940658331,1.0000453,0.884838045,0.0025717637,10,49,True,False,False,False,False,False,0.761052506,False
C06_HV_CONTACTOR_ATTACK,569,569,580,0.941657245,1.0000453,0.886718392,0.00262157014,10,49,True,False,False,False,False,False,0.761860691,False
C06_HV_CONTACTOR_ATTACK,570,570,581,0.942681909,1.0000453,0.888649166,0.00267073093,10,49,True,False,False,False,False,False,0.762689709,False
C06_HV_CONTACTOR_ATTACK,571,571,582,0.94373256,1.0000453,0.890631139,0.00272221304,10,49,True,False,False,False,False,False,0.763539753,False
C06_HV_CONTACTOR_ATTACK,572,572,583,0.944810331,1.0000453,0.892666578,0.00277375779,10,49,True,False,False,False,False,False,0.764411738,False
C06_HV_CONTACTOR_ATTACK,573,573,584,0.945915461,1.0000453,0.894756019,0.00282445503,10,49,True,False,False,False,False,False,0.765305859,False
C06_HV_CONTACTOR_ATTACK,574,574,585,0.947048306,1.0000453,0.896900475,0.00287596812,10,49,True,False,False,False,False,False,0.766222403,False
C06_HV_CONTACTOR_ATTACK,575,575,586,0.948209703,1.0000453,0.899101675,0.00292902184,10,49,True,False,False,False,False,False,0.767162047,False
C06_HV_CONTACTOR_ATTACK,576,576,587,0.949400246,1.0000453,0.901360869,0.0029812071,10,49,True,False,False,False,False,False,0.768125272,False
C06_HV_CONTACTOR_ATTACK,577,577,588,0.95062083,1.0000453,0.903679967,0.00303359842,10,49,True,False,False,False,False,False,0.769112802,False
C06_HV_CONTACTOR_ATTACK,578,578,589,0.951871037,1.0000453,0.906058431,0.00308572012,10,49,True,False,False,False,False,False,0.7701243,False
C06_HV_CONTACTOR_ATTACK,579,579,590,0.953151882,1.0000453,0.908498466,0.00313714449,10,49,True,False,False,False,False,False,0.771160584,False
C06_HV_CONTACTOR_ATTACK,580,580,591,0.954463542,1.0000453,0.911000609,0.00318937399,10,49,True,False,False,False,False,False,0.772221801,False
C06_HV_CONTACTOR_ATTACK,581,581,592,0.955806255,1.0000453,0.913565636,0.00323985773,10,49,True,False,False,False,False,False,0.773308142,False
C06_HV_CONTACTOR_ATTACK,582,582,593,0.957180619,1.0000453,0.916194737,0.00329041155,10,49,True,False,False,False,False,False,0.77442009,False
C06_HV_CONTACTOR_ATTACK,583,583,594,0.958586633,1.0000453,0.91888839,0.00334014045,10,49,True,False,False,False,False,False,0.775557644,False
C06_HV_CONTACTOR_ATTACK,584,584,595,0.960024714,1.0000453,0.921647429,0.00338981138,10,49,True,False,False,False,False,False,0.776721144,False
C06_HV_CONTACTOR_ATTACK,585,585,596,0.961494863,1.0000453,0.924472392,0.00343778543,10,49,True,False,False,False,False,False,0.777910588,False
C06_HV_CONTACTOR_ATTACK,586,586,597,0.962997615,1.0000453,0.927364409,0.00348585681,10,49,True,False,False,False,False,False,0.77912641,False
C06_HV_CONTACTOR_ATTACK,587,587,598,0.964532852,1.0000453,0.930323601,0.00353301363,10,49,True,False,False,False,False,False,0.780368514,False
C06_HV_CONTACTOR_ATTACK,588,588,599,0.966100752,1.0000453,0.933350682,0.00357774552,10,49,True,False,False,False,False,False,0.781637045,False
C07_HEARTBEAT_INTEGRITY_ATTACK,0,0,11,0.895549953,1.0000453,0.802009761,0.0119638974,10,49,True,False,False,False,False,False,1.02216964,True
C07_HEARTBEAT_INTEGRITY_ATTACK,1,1,12,0.895800948,1.0000453,0.8024593,0.0119316438,10,49,True,False,False,False,False,False,1.01941397,True
C07_HEARTBEAT_INTEGRITY_ATTACK,2,2,13,0.896225452,1.0000453,0.803220034,0.0118952477,10,49,True,False,False,False,False,False,1.01630436,True
C07_HEARTBEAT_INTEGRITY_ATTACK,3,3,14,0.896821678,1.0000453,0.804289162,0.0118538812,10,49,True,False,False,False,False,False,1.01277009,True
C07_HEARTBEAT_INTEGRITY_ATTACK,4,4,15,0.89758718,1.0000453,0.805662751,0.0118067479,10,49,True,False,False,False,False,False,1.00874313,True
C07_HEARTBEAT_INTEGRITY_ATTACK,5,5,16,0.898519278,1.0000453,0.807336867,0.0117546376,10,49,True,False,False,False,False,False,1.00429093,True
C07_HEARTBEAT_INTEGRITY_ATTACK,6,6,17,0.89961493,1.0000453,0.809307039,0.0116975661,10,49,True,False,False,False,False,False,0.999414873,False
C07_HEARTBEAT_INTEGRITY_ATTACK,7,7,18,0.90087074,1.0000453,0.811568141,0.0116355568,10,49,True,False,False,False,False,False,0.99411693,False
C07_HEARTBEAT_INTEGRITY_ATTACK,8,8,19,0.902283192,1.0000453,0.814114928,0.0115685333,10,49,True,False,False,False,False,False,0.988390581,False
C07_HEARTBEAT_INTEGRITY_ATTACK,9,9,20,0.903847873,1.0000453,0.816941023,0.0114957681,10,49,True,False,False,False,False,False,0.982173682,False
C07_HEARTBEAT_INTEGRITY_ATTACK,10,10,21,0.905560613,1.0000453,0.820040047,0.0114188911,10,49,True,False,False,False,False,False,0.975605481,False
C07_HEARTBEAT_INTEGRITY_ATTACK,11,11,22,0.907417119,1.0000453,0.823405802,0.011336945,10,49,True,False,False,False,False,False,0.968604179,False
C07_HEARTBEAT_INTEGRITY_ATTACK,12,12,23,0.909412146,1.0000453,0.82703048,0.0112509532,10,49,True,False,False,False,False,False,0.961257224,False
C07_HEARTBEAT_INTEGRITY_ATTACK,13,13,24,0.911541045,1.0000453,0.830907106,0.0111599537,10,49,True,False,False,False,False,False,0.95348242,False
C07_HEARTBEAT_INTEGRITY_ATTACK,14,14,25,0.913798094,1.0000453,0.835026979,0.0110631846,10,49,True,False,False,False,False,False,0.945214679,False
C07_HEARTBEAT_INTEGRITY_ATTACK,15,15,26,0.91617769,1.0000453,0.839381576,0.0109623428,10,49,True,False,False,False,False,False,0.936598977,False
C07_HEARTBEAT_INTEGRITY_ATTACK,16,16,27,0.918674588,1.0000453,0.843963027,0.0108580934,10,49,True,False,False,False,False,False,0.927692128,False
C07_HEARTBEAT_INTEGRITY_ATTACK,17,17,28,0.921282411,1.0000453,0.84876132,0.0107473452,10,49,True,False,False,False,False,False,0.918230038,False
C07_HEARTBEAT_INTEGRITY_ATTACK,18,18,29,0.923995554,1.0000453,0.853767812,0.0106340498,10,49,True,False,False,False,False,False,0.908550324,False
C07_HEARTBEAT_INTEGRITY_ATTACK,19,19,30,0.92680794,1.0000453,0.858972967,0.010515729,10,49,True,False,False,False,False,False,0.898441249,False
C07_HEARTBEAT_INTEGRITY_ATTACK,20,20,31,0.929713488,1.0000453,0.864367127,0.0103949774,10,49,True,False,False,False,False,False,0.888124495,False
C07_HEARTBEAT_INTEGRITY_ATTACK,21,21,32,0.932705224,1.0000453,0.869939089,0.0102677783,10,49,True,False,False,False,False,False,0.877256877,False
C07_HEARTBEAT_INTEGRITY_ATTACK,22,22,33,0.935777545,1.0000453,0.875679612,0.0101370355,10,49,True,False,False,False,False,False,0.866086495,False
C07_HEARTBEAT_INTEGRITY_ATTACK,23,23,34,0.938923419,1.0000453,0.881577134,0.0100022834,10,49,True,False,False,False,False,False,0.854573563,False
C07_HEARTBEAT_INTEGRITY_ATTACK,24,24,35,0.942136526,1.0000453,0.887621224,0.00986334588,10,49,True,False,False,False,False,False,0.842703042,False
C07_HEARTBEAT_INTEGRITY_ATTACK,25,25,36,0.94541055,1.0000453,0.893801153,0.00972195901,10,49,True,False,False,False,False,False,0.830623252,False
C07_HEARTBEAT_INTEGRITY_ATTACK,26,26,37,0.948738933,1.0000453,0.900105596,0.00957655907,10,49,True,False,False,False,False,False,0.818200594,False
C07_HEARTBEAT_INTEGRITY_ATTACK,27,27,38,0.952115297,1.0000453,0.906523585,0.0094260443,10,49,True,False,False,False,False,False,0.805340936,False
C07_HEARTBEAT_INTEGRITY_ATTACK,28,28,39,0.955533206,1.0000453,0.913043678,0.00927485991,10,49,True,False,False,False,False,False,0.792424068,False
C07_HEARTBEAT_INTEGRITY_ATTACK,29,29,40,0.958986521,1.0000453,0.919655204,0.00911860634,10,49,True,False,False,False,False,False,0.779074098,False
C07_HEARTBEAT_INTEGRITY_ATTACK,30,30,41,0.962468922,1.0000453,0.926346421,0.0089590149,10,49,True,False,False,False,False,False,0.778698663,False
C07_HEARTBEAT_INTEGRITY_ATTACK,31,31,42,0.965973735,1.0000453,0.93310529,0.00879526976,10,49,True,False,False,False,False,False,0.78153428,False
C07_HEARTBEAT_INTEGRITY_ATTACK,32,32,43,0.969494641,1.0000453,0.939919829,0.00863098167,10,49,True,False,False,False,False,False,0.784382917,False
C07_HEARTBEAT_INTEGRITY_ATTACK,33,33,44,0.973026633,1.0000453,0.94678086,0.00846227538,10,49,True,False,False,False,False,False,0.787240524,False
C07_HEARTBEAT_INTEGRITY_ATTACK,34,34,45,0.976562917,1.0000453,0.953675151,0.00829127431,10,49,True,False,False,False,False,False,0.790101603,False
C07_HEARTBEAT_INTEGRITY_ATTACK,35,35,46,0.980098486,1.0000453,0.960592985,0.00811848603,10,49,True,False,False,False,False,False,0.792962104,False
C07_HEARTBEAT_INTEGRITY_ATTACK,36,36,47,0.983626962,1.01420283,0.967521966,0.00794165861,10,49,True,False,False,False,False,False,0.795816865,False
C07_HEARTBEAT_INTEGRITY_ATTACK,37,37,48,0.987142384,1.03079629,0.974450111,0.00776259042,10,49,True,False,False,False,False,False,0.798661066,False
C07_HEARTBEAT_INTEGRITY_ATTACK,38,38,49,0.990640044,1.04698098,0.981367707,0.00758175086,10,49,True,False,False,False,False,False,0.801490896,False
C07_HEARTBEAT_INTEGRITY_ATTACK,39,39,50,0.994114518,1.06273663,0.988263726,0.00739836507,10,49,True,False,False,False,False,False,0.804301966,False
C07_HEARTBEAT_INTEGRITY_ATTACK,40,40,51,0.997560441,1.07804263,0.995126784,0.00721259881,10,49,True,False,False,False,False,False,0.807089938,False
C07_HEARTBEAT_INTEGRITY_ATTACK,41,41,52,1.00097299,1.09291947,1.00194681,0.00702511054,10,49,True,False,False,False,False,False,0.809850904,False
C07_HEARTBEAT_INTEGRITY_ATTACK,42,42,53,1.00434744,1.10736728,1.00871384,0.00683681155,10,49,True,False,False,False,False,False,0.812581055,False
C07_HEARTBEAT_INTEGRITY_ATTACK,43,43,54,1.00767875,1.12132454,1.01541638,0.00664556352,10,49,True,False,False,False,False,False,0.815276292,False
C07_HEARTBEAT_INTEGRITY_ATTACK,44,44,55,1.01096296,1.13487315,1.02204621,0.00645313272,10,49,True,False,False,False,False,False,0.817933431,False
C07_HEARTBEAT_INTEGRITY_ATTACK,45,45,56,1.01419532,1.14795172,1.02859223,0.00625932869,10,49,True,False,False,False,False,False,0.820548617,False
C07_HEARTBEAT_INTEGRITY_ATTACK,46,46,57,1.01737154,1.16056025,1.03504479,0.00606215792,10,49,True,False,False,False,False,False,0.823118375,False
C07_HEARTBEAT_INTEGRITY_ATTACK,47,47,58,1.02048779,1.17276013,1.04139543,0.00586653454,10,49,True,False,False,False,False,False,0.825639619,False
C07_HEARTBEAT_INTEGRITY_ATTACK,48,48,59,1.02354026,1.18446958,1.04763472,0.00566978613,10,49,True,False,False,False,False,False,0.828109265,False
C07_HEARTBEAT_INTEGRITY_ATTACK,49,49,60,1.02652621,1.19574988,1.053756,0.00547192292,10,49,True,False,False,False,False,False,0.830525092,False
C07_HEARTBEAT_INTEGRITY_ATTACK,50,50,61,1.02944148,1.20656013,1.05974972,0.00527255936,10,49,True,False,False,False,False,False,0.832883725,False
C07_HEARTBEAT_INTEGRITY_ATTACK,51,51,62,1.03228283,1.21692085,1.06560779,0.0050733299,10,49,True,False,False,False,False,False,0.835182561,False
C07_HEARTBEAT_INTEGRITY_ATTACK,52,52,63,1.03504717,1.22681141,1.07132268,0.00487257075,10,49,True,False,False,False,False,False,0.837419092,False
C07_HEARTBEAT_INTEGRITY_ATTACK,53,53,64,1.03773201,1.23627305,1.07688761,0.00467151171,10,49,True,False,False,False,False,False,0.839591292,False
C07_HEARTBEAT_INTEGRITY_ATTACK,54,54,65,1.04033351,1.24524415,1.08229375,0.00447135698,10,49,True,False,False,False,False,False,0.841696074,False
C07_HEARTBEAT_INTEGRITY_ATTACK,55,55,66,1.04285061,1.25378609,1.08753729,0.00426987233,10,49,True,False,False,False,False,False,0.843732572,False
C07_HEARTBEAT_INTEGRITY_ATTACK,56,56,67,1.04528058,1.26189888,1.09261143,0.00407015253,10,49,True,False,False,False,False,False,0.845698566,False
C07_HEARTBEAT_INTEGRITY_ATTACK,57,57,68,1.04762137,1.26954162,1.09751058,0.00387109164,10,49,True,False,False,False,False,False,0.847592417,False
C07_HEARTBEAT_INTEGRITY_ATTACK,58,58,69,1.04987133,1.27673483,1.10222983,0.00367010571,10,49,True,False,False,False,False,False,0.849412775,False
C07_HEARTBEAT_INTEGRITY_ATTACK,59,59,70,1.05202734,1.28345811,1.10676146,0.00347091653,10,49,True,False,False,False,False,False,0.851157132,False
C07_HEARTBEAT_INTEGRITY_ATTACK,60,60,71,1.05408871,1.28975213,1.11110294,0.0032714915,10,49,True,False,False,False,False,False,0.852824909,False
C07_HEARTBEAT_INTEGRITY_ATTACK,61,61,72,1.05605376,1.2956171,1.11524963,0.0030740723,10,49,True,False,False,False,False,False,0.854414756,False
C07_HEARTBEAT_INTEGRITY_ATTACK,62,62,73,1.05792201,1.30105281,1.11919892,0.00287768082,10,49,True,False,False,False,False,False,0.855926288,False
C07_HEARTBEAT_INTEGRITY_ATTACK,63,63,74,1.05969119,1.30601859,1.12294543,0.00268260017,10,49,True,False,False,False,False,False,0.857357671,False
C07_HEARTBEAT_INTEGRITY_ATTACK,64,64,75,1.06136131,1.31057572,1.12648773,0.00248814281,10,49,True,False,False,False,False,False,0.858708907,False
C07_HEARTBEAT_INTEGRITY_ATTACK,65,65,76,1.06293094,1.31470358,1.12982225,0.00229758816,10,49,True,False,False,False,False,False,0.859978836,False
C07_HEARTBEAT_INTEGRITY_ATTACK,66,66,77,1.06440043,1.31840241,1.13294816,0.00210773479,10,49,True,False,False,False,False,False,0.86116775,False
C07_HEARTBEAT_INTEGRITY_ATTACK,67,67,78,1.06576836,1.32167208,1.13586211,0.00191879086,10,49,True,False,False,False,False,False,0.862274489,False
C07_HEARTBEAT_INTEGRITY_ATTACK,68,68,79,1.06703424,1.32453299,1.13856196,0.00173407025,10,49,True,False,False,False,False,False,0.86329867,False
C07_HEARTBEAT_INTEGRITY_ATTACK,69,69,80,1.06819844,1.32698524,1.14104795,0.00155305874,10,49,True,False,False,False,False,False,0.86424058,False
C07_HEARTBEAT_INTEGRITY_ATTACK,70,70,81,1.06926095,1.32902873,1.14331901,0.00137820281,10,49,True,False,False,False,False,False,0.86510022,False
C07_HEARTBEAT_INTEGRITY_ATTACK,71,71,82,1.07022238,1.33066356,1.14537585,0.00120834995,10,49,True,False,False,False,False,False,0.865878073,False
C07_HEARTBEAT_INTEGRITY_ATTACK,72,72,83,1.07108259,1.33191013,1.14721787,0.00104559469,10,49,True,False,False,False,False,False,0.866574041,False
C07_HEARTBEAT_INTEGRITY_ATTACK,73,73,84,1.0718416,1.33274794,1.14884436,0.000893360702,10,49,True,False,False,False,False,False,0.867188125,False
C07_HEARTBEAT_INTEGRITY_ATTACK,74,74,85,1.07250023,1.33321798,1.15025663,0.000760239665,10,49,True,False,False,False,False,False,0.867720999,False
C07_HEARTBEAT_INTEGRITY_ATTACK,75,75,86,1.0730598,1.33332014,1.15145743,0.000650180504,10,49,True,False,False,False,False,False,0.868173726,False
C07_HEARTBEAT_INTEGRITY_ATTACK,76,76,87,1.07352078,1.33332014,1.15244699,0.000578386069,10,49,True,False,False,False,False,False,0.86854669,False
C07_HEARTBEAT_INTEGRITY_ATTACK,77,77,88,1.07388401,1.33332014,1.15322697,0.000557336549,10,49,True,False,False,False,False,False,0.868840567,False
C07_HEARTBEAT_INTEGRITY_ATTACK,78,78,89,1.07415044,1.33332014,1.15379906,0.000590964453,10,49,True,False,False,False,False,False,0.869056128,False
C07_HEARTBEAT_INTEGRITY_ATTACK,79,79,90,1.07432103,1.33332014,1.15416563,0.000668953755,10,49,True,False,False,False,False,False,0.869194145,False
C07_HEARTBEAT_INTEGRITY_ATTACK,80,80,91,1.07439756,1.33332014,1.15433013,0.000774358283,10,49,True,False,False,False,False,False,0.869256064,False
C07_HEARTBEAT_INTEGRITY_ATTACK,81,81,92,1.07438159,1.33332014,1.1542958,0.00089635211,10,49,True,False,False,False,False,False,0.86924314,False
C07_HEARTBEAT_INTEGRITY_ATTACK,82,82,93,1.07427442,1.33332014,1.15406549,0.00102934428,10,49,True,False,False,False,False,False,0.869156433,False
C07_HEARTBEAT_INTEGRITY_ATTACK,83,83,94,1.07407725,1.33332014,1.15364194,0.00116891111,10,49,True,False,False,False,False,False,0.868996909,False
C07_HEARTBEAT_INTEGRITY_ATTACK,84,84,95,1.07379234,1.33332014,1.15302992,0.00130862813,10,49,True,False,False,False,False,False,0.868766398,False
C07_HEARTBEAT_INTEGRITY_ATTACK,85,85,96,1.07342148,1.33332014,1.15223372,0.00145026669,10,49,True,False,False,False,False,False,0.868466349,False
C07_HEARTBEAT_INTEGRITY_ATTACK,86,86,97,1.07296622,1.33332014,1.15125656,0.00159181457,10,49,True,False,False,False,False,False,0.868098014,False
C07_HEARTBEAT_INTEGRITY_ATTACK,87,87,98,1.07242763,1.33303404,1.15010107,0.00173365313,10,49,True,False,False,False,False,False,0.867662262,False
C07_HEARTBEAT_INTEGRITY_ATTACK,88,88,99,1.07180893,1.33238006,1.14877427,0.00187121844,10,49,True,False,False,False,False,False,0.867161698,False
C07_HEARTBEAT_INTEGRITY_ATTACK,89,89,100,1.0711118,1.33135831,1.14728057,0.00200688234,10,49,True,False,False,False,False,False,0.86659767,False
C07_HEARTBEAT_INTEGRITY_ATTACK,90,90,101,1.07033873,1.32996869,1.14562488,0.00214055227,10,49,True,False,False,False,False,False,0.865972206,False
C07_HEARTBEAT_INTEGRITY_ATTACK,91,91,102,1.06949186,1.3282522,1.14381278,0.00227211416,10,49,True,False,False,False,False,False,0.86528704,False
C07_HEARTBEAT_INTEGRITY_ATTACK,92,92,103,1.06857336,1.32620871,1.14184904,0.00240060361,10,49,True,False,False,False,False,False,0.864543909,False
C07_HEARTBEAT_INTEGRITY_ATTACK,93,93,104,1.06758487,1.32381773,1.13973749,0.00252662157,10,49,True,False,False,False,False,False,0.863744163,False
C07_HEARTBEAT_INTEGRITY_ATTACK,94,94,105,1.06652939,1.32107937,1.13748503,0.00264815846,10,49,True,False,False,False,False,False,0.862890213,False
C07_HEARTBEAT_INTEGRITY_ATTACK,95,95,106,1.06540954,1.31805503,1.13509738,0.00276812236,10,49,True,False,False,False,False,False,0.861984181,False
C07_HEARTBEAT_INTEGRITY_ATTACK,96,96,107,1.06422722,1.31470358,1.13257968,0.00288339215,10,49,True,False,False,False,False,False,0.861027611,False
C07_HEARTBEAT_INTEGRITY_ATTACK,97,97,108,1.0629853,1.31104565,1.12993777,0.00299571222,10,49,True,False,False,False,False,False,0.860022816,False
C07_HEARTBEAT_INTEGRITY_ATTACK,98,98,109,1.0616858,1.30706084,1.12717664,0.00310450839,10,49,True,False,False,False,False,False,0.858971438,False
C07_HEARTBEAT_INTEGRITY_ATTACK,99,99,110,1.06033206,1.3028307,1.12430418,0.00321051572,10,49,True,False,False,False,False,False,0.857876175,False
C07_HEARTBEAT_INTEGRITY_ATTACK,100,100,111,1.05892611,1.29831445,1.12132442,0.00331254164,10,49,True,False,False,False,False,False,0.856738669,False
C07_HEARTBEAT_INTEGRITY_ATTACK,101,101,112,1.05747032,1.29351223,1.11824346,0.0034106872,10,49,True,False,False,False,False,False,0.855560847,False
C07_HEARTBEAT_INTEGRITY_ATTACK,102,102,113,1.05596733,1.28844428,1.11506701,0.00350571307,10,49,True,False,False,False,False,False,0.854344832,False
C07_HEARTBEAT_INTEGRITY_ATTACK,103,103,114,1.05442011,1.28313112,1.11180186,0.00359651842,10,49,True,False,False,False,False,False,0.853093034,False
C07_HEARTBEAT_INTEGRITY_ATTACK,104,104,115,1.05283058,1.27755225,1.10845232,0.00368435867,10,49,True,False,False,False,False,False,0.851806998,False
C07_HEARTBEAT_INTEGRITY_ATTACK,105,105,116,1.05120206,1.27174866,1.10502577,0.00376793486,10,49,True,False,False,False,False,False,0.850489423,False
C07_HEARTBEAT_INTEGRITY_ATTACK,106,106,117,1.04953623,1.26569974,1.10152626,0.00384845724,10,49,True,False,False,False,False,False,0.84914166,False
C07_HEARTBEAT_INTEGRITY_ATTACK,107,107,118,1.04783618,1.25944662,1.09796059,0.0039255959,10,49,True,False,False,False,False,False,0.847766216,False
C07_HEARTBEAT_INTEGRITY_ATTACK,108,108,119,1.04610419,1.25296867,1.09433401,0.00399779854,10,49,True,False,False,False,False,False,0.846364925,False
C07_HEARTBEAT_INTEGRITY_ATTACK,109,109,120,1.04434276,1.24626589,1.09065175,0.00406693527,10,49,True,False,False,False,False,False,0.84493981,False
C07_HEARTBEAT_INTEGRITY_ATTACK,110,110,121,1.04255474,1.23937917,1.0869205,0.00413184427,10,49,True,False,False,False,False,False,0.843493188,False
C07_HEARTBEAT_INTEGRITY_ATTACK,111,111,122,1.0407424,1.23230851,1.08314466,0.00419437233,10,49,True,False,False,False,False,False,0.842026891,False
C07_HEARTBEAT_INTEGRITY_ATTACK,112,112,123,1.03890765,1.22505403,1.07932901,0.00425278023,10,49,True,False,False,False,False,False,0.840542461,False
C07_HEARTBEAT_INTEGRITY_ATTACK,113,113,124,1.03705323,1.2176156,1.07547939,0.00430712057,10,49,True,False,False,False,False,False,0.839042117,False
C07_HEARTBEAT_INTEGRITY_ATTACK,114,114,125,1.03518176,1.21003413,1.07160139,0.00435809093,10,49,True,False,False,False,False,False,0.837527981,False
C07_HEARTBEAT_INTEGRITY_ATTACK,115,115,126,1.03329539,1.20226872,1.06769943,0.00440420024,10,49,True,False,False,False,False,False,0.83600179,False
C07_HEARTBEAT_INTEGRITY_ATTACK,116,116,127,1.03139651,1.19438064,1.06377864,0.00444867183,10,49,True,False,False,False,False,False,0.834465471,False
C07_HEARTBEAT_INTEGRITY_ATTACK,117,117,128,1.02948725,1.18632913,1.0598439,0.00448737713,10,49,True,False,False,False,False,False,0.832920761,False
C07_HEARTBEAT_INTEGRITY_ATTACK,118,118,129,1.02756989,1.17815506,1.05589986,0.00452364422,10,49,True,False,False,False,False,False,0.831369493,False
C07_HEARTBEAT_INTEGRITY_ATTACK,119,119,130,1.02564657,1.16987884,1.05195081,0.00455741771,10,49,True,False,False,False,False,False,0.829813403,False
C07_HEARTBEAT_INTEGRITY_ATTACK,120,120,131,1.02371871,1.16145945,1.0480001,0.00458628405,10,49,True,False,False,False,False,False,0.828253647,False
C07_HEARTBEAT_INTEGRITY_ATTACK,121,121,132,1.02178931,1.15295839,1.04405344,0.00461264933,10,49,True,False,False,False,False,False,0.826692638,False
C07_HEARTBEAT_INTEGRITY_ATTACK,122,122,133,1.01985967,1.14433467,1.04011369,0.00463493355,10,49,True,False,False,False,False,False,0.825131435,False
C07_HEARTBEAT_INTEGRITY_ATTACK,123,123,134,1.01793194,1.1356293,1.0361855,0.00465390692,10,49,True,False,False,False,False,False,0.823571776,False
C07_HEARTBEAT_INTEGRITY_ATTACK,124,124,135,1.01600826,1.12684214,1.03227282,0.0046695848,10,49,True,False,False,False,False,False,0.822015396,False
C07_HEARTBEAT_INTEGRITY_ATTACK,125,125,136,1.01409006,1.11799359,1.02837861,0.0046827849,10,49,True,False,False,False,False,False,0.820463453,False
C07_HEARTBEAT_INTEGRITY_ATTACK,126,126,137,1.01217902,1.10908389,1.02450633,0.0046926802,10,49,True,False,False,False,False,False,0.818917297,False
C07_HEARTBEAT_INTEGRITY_ATTACK,127,127,138,1.01027668,1.10009229,1.02065897,0.00469845999,10,49,True,False,False,False,False,False,0.817378181,False
C07_HEARTBEAT_INTEGRITY_ATTACK,128,128,139,1.0083847,1.09108031,1.01683962,0.00470341276,10,49,True,False,False,False,False,False,0.815847456,False
C07_HEARTBEAT_INTEGRITY_ATTACK,129,129,140,784.604187,5121.6626,615603.688,819.527771,10,49,True,False,False,False,False,False,402964.345,True
C07_HEARTBEAT_INTEGRITY_ATTACK,130,130,141,1109.59729,5121.6626,1231206.12,819.527771,10,49,True,False,False,False,False,False,805927.871,True
C07_HEARTBEAT_INTEGRITY_ATTACK,131,131,142,1358.97339,5121.6626,1846808.62,819.527771,10,49,True,False,False,False,False,False,1208891.44,True
C07_HEARTBEAT_INTEGRITY_ATTACK,132,132,143,1569.20703,5121.6626,2462410.75,819.527771,10,49,True,False,False,False,False,False,1611854.76,True
C07_HEARTBEAT_INTEGRITY_ATTACK,133,133,144,1754.42688,5121.6626,3078013.5,819.527771,10,49,True,False,False,False,False,False,2014818.49,True
C07_HEARTBEAT_INTEGRITY_ATTACK,134,134,145,1921.8783,5121.6626,3693616,819.527771,10,49,True,False,False,False,False,False,2417782.06,True
C07_HEARTBEAT_INTEGRITY_ATTACK,135,135,146,2075.86572,5121.6626,4309218,819.527771,10,49,True,False,False,False,False,False,2820745.3,True
C07_HEARTBEAT_INTEGRITY_ATTACK,136,136,147,2219.19385,5121.6626,4924821,819.527771,10,49,True,False,False,False,False,False,3223709.19,True
C07_HEARTBEAT_INTEGRITY_ATTACK,137,137,148,2353.8103,5121.6626,5540423.5,819.527771,10,49,True,False,False,False,False,False,3626672.76,True
C07_HEARTBEAT_INTEGRITY_ATTACK,138,138,149,2481.13403,5121.6626,6156026.5,819.527771,10,49,True,False,False,False,False,False,4029636.66,True
C07_HEARTBEAT_INTEGRITY_ATTACK,139,139,150,2602.23535,5121.6626,6771629,819.527771,10,49,True,False,False,False,False,False,4432600.22,True
C07_HEARTBEAT_INTEGRITY_ATTACK,140,140,151,2717.94629,5121.6626,7387232,0.00453479961,10,49,True,False,False,False,False,False,4835564.12,True
C07_HEARTBEAT_INTEGRITY_ATTACK,141,141,152,2717.94629,5121.6626,7387232,0.00450504012,10,49,True,False,False,False,False,False,4835564.12,True
C07_HEARTBEAT_INTEGRITY_ATTACK,142,142,153,2717.94629,5121.6626,7387232,0.00447526528,10,49,True,False,False,False,False,False,4835564.12,True
C07_HEARTBEAT_INTEGRITY_ATTACK,143,143,154,2717.94629,5121.6626,7387232,0.0044421535,10,49,True,False,False,False,False,False,4835564.12,True
C07_HEARTBEAT_INTEGRITY_ATTACK,144,144,155,2717.94629,5121.6626,7387232,0.00440827338,10,49,True,False,False,False,False,False,4835564.12,True
C07_HEARTBEAT_INTEGRITY_ATTACK,145,145,156,2717.94629,5121.6626,7387232,0.0043718135,10,49,True,False,False,False,False,False,4835564.12,True
C07_HEARTBEAT_INTEGRITY_ATTACK,146,146,157,2717.94629,5121.6626,7387232,0.00433377083,10,49,True,False,False,False,False,False,4835564.12,True
C07_HEARTBEAT_INTEGRITY_ATTACK,147,147,158,2717.94629,5121.6626,7387232,0.00429484434,10,49,True,False,False,False,False,False,4835564.12,True
C07_HEARTBEAT_INTEGRITY_ATTACK,148,148,159,2717.94629,5121.6626,7387232,0.00425423216,10,49,True,False,False,False,False,False,4835564.12,True
C07_HEARTBEAT_INTEGRITY_ATTACK,149,149,160,2602.23535,5121.6626,6771629,819.527771,10,49,True,False,False,False,False,False,4432600.22,True
C07_HEARTBEAT_INTEGRITY_ATTACK,150,150,161,2481.13403,5121.6626,6156026.5,819.527771,10,49,True,False,False,False,False,False,4029636.66,True
C07_HEARTBEAT_INTEGRITY_ATTACK,151,151,162,2353.8103,5121.6626,5540423.5,819.527771,10,49,True,False,False,False,False,False,3626672.76,True
C07_HEARTBEAT_INTEGRITY_ATTACK,152,152,163,2219.19385,5121.6626,4924821.5,819.527771,10,49,True,False,False,False,False,False,3223709.52,True
C07_HEARTBEAT_INTEGRITY_ATTACK,153,153,164,2075.86572,5121.6626,4309218.5,819.527771,10,49,True,False,False,False,False,False,2820745.63,True
C07_HEARTBEAT_INTEGRITY_ATTACK,154,154,165,1921.8783,5121.6626,3693616.25,819.527771,10,49,True,False,False,False,False,False,2417782.22,True
C07_HEARTBEAT_INTEGRITY_ATTACK,155,155,166,1754.42688,5121.6626,3078013.5,819.527771,10,49,True,False,False,False,False,False,2014818.49,True
C07_HEARTBEAT_INTEGRITY_ATTACK,156,156,167,1569.20703,5121.6626,2462410.75,819.527771,10,49,True,False,False,False,False,False,1611854.76,True
C07_HEARTBEAT_INTEGRITY_ATTACK,157,157,168,1358.97327,5121.6626,1846808.25,819.527771,10,49,True,False,False,False,False,False,1208891.19,True
C07_HEARTBEAT_INTEGRITY_ATTACK,158,158,169,1109.59717,5121.6626,1231205.88,819.527771,10,49,True,False,False,False,False,False,805927.708,True
C07_HEARTBEAT_INTEGRITY_ATTACK,159,159,170,784.604065,5121.6626,615603.562,819.527771,10,49,True,False,False,False,False,False,402964.263,True
C07_HEARTBEAT_INTEGRITY_ATTACK,160,160,171,0.95918715,1.0000453,0.920039952,0.00370465149,10,49,True,False,False,False,False,False,0.776043501,False
C07_HEARTBEAT_INTEGRITY_ATTACK,161,161,172,0.958082974,1.0000453,0.917923033,0.00365641923,10,49,True,False,False,False,False,False,0.775150152,False
C07_HEARTBEAT_INTEGRITY_ATTACK,162,162,173,0.957004786,1.0000453,0.91585815,0.00360827451,10,49,True,False,False,False,False,False,0.774277829,False
C07_HEARTBEAT_INTEGRITY_ATTACK,163,163,174,0.95595181,1.0000453,0.91384387,0.00356009696,10,49,True,False,False,False,False,False,0.773425905,False
C07_HEARTBEAT_INTEGRITY_ATTACK,164,164,175,0.954923749,1.0000453,0.91187942,0.00351188588,10,49,True,False,False,False,False,False,0.772594138,False
C07_HEARTBEAT_INTEGRITY_ATTACK,165,165,176,0.953920007,1.0000453,0.909963429,0.00346621149,10,49,True,False,False,False,False,False,0.771782046,False
C07_HEARTBEAT_INTEGRITY_ATTACK,166,166,177,0.95293963,1.0000453,0.908093989,0.00341963931,10,49,True,False,False,False,False,False,0.770988859,False
C07_HEARTBEAT_INTEGRITY_ATTACK,167,167,178,0.951982617,1.0000453,0.906270921,0.00337305455,10,49,True,False,False,False,False,False,0.770214575,False
C07_HEARTBEAT_INTEGRITY_ATTACK,168,168,179,0.951048374,1.0000453,0.904493034,0.00332813198,10,49,True,False,False,False,False,False,0.769458713,False
C07_HEARTBEAT_INTEGRITY_ATTACK,169,169,180,0.950136244,1.0000453,0.902758837,0.00328231766,10,49,True,False,False,False,False,False,0.768720742,False
C07_HEARTBEAT_INTEGRITY_ATTACK,170,170,181,0.949245691,1.0000453,0.901067436,0.0032407511,10,49,True,False,False,False,False,False,0.768000227,False
C07_HEARTBEAT_INTEGRITY_ATTACK,171,171,182,0.948375463,1.0000453,0.899416029,0.00319821993,10,49,True,False,False,False,False,False,0.767296158,False
C07_HEARTBEAT_INTEGRITY_ATTACK,172,172,183,0.94752574,1.0000453,0.897804976,0.00315572927,10,49,True,False,False,False,False,False,0.766608677,False
C07_HEARTBEAT_INTEGRITY_ATTACK,173,173,184,0.946695685,1.0000453,0.896232665,0.00311573525,10,49,True,False,False,False,False,False,0.76593711,False
C07_HEARTBEAT_INTEGRITY_ATTACK,174,174,185,0.945884526,1.0000453,0.894697487,0.00307659246,10,49,True,False,False,False,False,False,0.76528083,False
C07_HEARTBEAT_INTEGRITY_ATTACK,175,175,186,0.945091307,1.0000453,0.893197596,0.003039876,10,49,True,False,False,False,False,False,0.764639066,False
C07_HEARTBEAT_INTEGRITY_ATTACK,176,176,187,0.944315553,1.0000453,0.891731858,0.00300315558,10,49,True,False,False,False,False,False,0.764011431,False
C07_HEARTBEAT_INTEGRITY_ATTACK,177,177,188,0.943556428,1.0000453,0.890298784,0.00296889711,10,49,True,False,False,False,False,False,0.763397251,False
C07_HEARTBEAT_INTEGRITY_ATTACK,178,178,189,0.942813456,1.0000453,0.88889724,0.00293634227,10,49,True,False,False,False,False,False,0.762796139,False
C07_HEARTBEAT_INTEGRITY_ATTACK,179,179,190,0.942085505,1.0000453,0.887525141,0.00290540978,10,49,True,False,False,False,False,False,0.76220718,False
C07_HEARTBEAT_INTEGRITY_ATTACK,180,180,191,0.941372275,1.0000453,0.886181712,0.00287621282,10,49,True,False,False,False,False,False,0.761630132,False
C07_HEARTBEAT_INTEGRITY_ATTACK,181,181,192,0.940672517,1.0000453,0.884864748,0.00284858583,10,49,True,False,False,False,False,False,0.761063983,False
C07_HEARTBEAT_INTEGRITY_ATTACK,182,182,193,0.939985812,1.0000453,0.883573353,0.00282263733,10,49,True,False,False,False,False,False,0.760508395,False
C07_HEARTBEAT_INTEGRITY_ATTACK,183,183,194,0.939311683,1.0000453,0.882306457,0.0027992588,10,49,True,False,False,False,False,False,0.759962982,False
C07_HEARTBEAT_INTEGRITY_ATTACK,184,184,195,0.938648582,1.0000453,0.881061137,0.00277912943,10,49,True,False,False,False,False,False,0.759426491,False
C07_HEARTBEAT_INTEGRITY_ATTACK,185,185,196,0.93799597,1.0000453,0.87983644,0.00276072952,10,49,True,False,False,False,False,False,0.758898487,False
C07_HEARTBEAT_INTEGRITY_ATTACK,186,186,197,0.937353253,1.0000453,0.878631175,0.00274313847,10,49,True,False,False,False,False,False,0.758378488,False
C07_HEARTBEAT_INTEGRITY_ATTACK,187,187,198,0.936719775,1.0000453,0.87744391,0.00272890949,10,49,True,False,False,False,False,False,0.757865963,False
C07_HEARTBEAT_INTEGRITY_ATTACK,188,188,199,0.936094582,1.0000453,0.876273036,0.00271633477,10,49,True,False,False,False,False,False,0.757360142,False
C07_HEARTBEAT_INTEGRITY_ATTACK,189,189,200,0.935477138,1.0000453,0.875117421,0.00270628324,10,49,True,False,False,False,False,False,0.75686059,False
C07_HEARTBEAT_INTEGRITY_ATTACK,190,190,201,0.93486625,1.0000453,0.873974919,0.00269956142,10,49,True,False,False,False,False,False,0.756366343,False
C07_HEARTBEAT_INTEGRITY_ATTACK,191,191,202,0.93426156,1.0000453,0.872844636,0.00269537303,10,49,True,False,False,False,False,False,0.755877111,False
C07_HEARTBEAT_INTEGRITY_ATTACK,192,192,203,0.933662057,1.0000453,0.871724784,0.00269285659,10,49,True,False,False,False,False,False,0.755392075,False
C07_HEARTBEAT_INTEGRITY_ATTACK,193,193,204,0.933066845,1.0000453,0.870613694,0.0026945374,10,49,True,False,False,False,False,False,0.75491051,False
C07_HEARTBEAT_INTEGRITY_ATTACK,194,194,205,0.932475507,1.0000453,0.869510591,0.00269788411,10,49,True,False,False,False,False,False,0.75443208,False
C07_HEARTBEAT_INTEGRITY_ATTACK,195,195,206,0.93188715,1.0000453,0.868413627,0.00270293024,10,49,True,False,False,False,False,False,0.753956062,False
C07_HEARTBEAT_INTEGRITY_ATTACK,196,196,207,0.931301177,1.0000453,0.867321849,0.00271217222,10,49,True,False,False,False,False,False,0.753481972,False
C07_HEARTBEAT_INTEGRITY_ATTACK,197,197,208,0.930716932,1.0000453,0.866234004,0.00272390898,10,49,True,False,False,False,False,False,0.753009281,False
C07_HEARTBEAT_INTEGRITY_ATTACK,198,198,209,0.930133641,1.0000453,0.865148544,0.00273816381,10,49,True,False,False,False,False,False,0.752537361,False
C07_HEARTBEAT_INTEGRITY_ATTACK,199,199,210,0.929550469,1.0000453,0.864064097,0.00275578676,10,49,True,False,False,False,False,False,0.752065538,False
C07_HEARTBEAT_INTEGRITY_ATTACK,200,200,211,0.928967059,1.0000453,0.862979829,0.00277588866,10,49,True,False,False,False,False,False,0.751593522,False
C07_HEARTBEAT_INTEGRITY_ATTACK,201,201,212,0.928382218,1.0000453,0.861893535,0.00279946229,10,49,True,False,False,False,False,False,0.751120349,False
C07_HEARTBEAT_INTEGRITY_ATTACK,202,202,213,0.927796125,1.0000453,0.86080569,0.00282458216,10,49,True,False,False,False,False,False,0.750646162,False
C07_HEARTBEAT_INTEGRITY_ATTACK,203,203,214,0.927207589,1.0000453,0.859713912,0.00285481685,10,49,True,False,False,False,False,False,0.750169999,False
C07_HEARTBEAT_INTEGRITY_ATTACK,204,204,215,0.926616311,1.0000453,0.858617842,0.00288501917,10,49,True,False,False,False,False,False,0.749691617,False
C07_HEARTBEAT_INTEGRITY_ATTACK,205,205,216,0.926021814,1.0000453,0.857516408,0.00292107603,10,49,True,False,False,False,False,False,0.749210632,False
C07_HEARTBEAT_INTEGRITY_ATTACK,206,206,217,0.925423324,1.0000453,0.856408358,0.00295880134,10,49,True,False,False,False,False,False,0.748726415,False
C07_HEARTBEAT_INTEGRITY_ATTACK,207,207,218,0.924820602,1.0000453,0.855293095,0.00299906568,10,49,True,False,False,False,False,False,0.748238774,False
C07_HEARTBEAT_INTEGRITY_ATTACK,208,208,219,0.924213171,1.0000453,0.854170024,0.00304260291,10,49,True,False,False,False,False,False,0.747747324,False
C07_HEARTBEAT_INTEGRITY_ATTACK,209,209,220,0.923600435,1.0000453,0.853037715,0.0030903921,10,49,True,False,False,False,False,False,0.747251582,False
C07_HEARTBEAT_INTEGRITY_ATTACK,210,210,221,0.922982037,1.0000453,0.851895869,0.00313980528,10,49,True,False,False,False,False,False,0.746751258,False
C07_HEARTBEAT_INTEGRITY_ATTACK,211,211,222,0.922357738,1.0000453,0.85074383,0.00319337845,10,49,True,False,False,False,False,False,0.746246161,False
C07_HEARTBEAT_INTEGRITY_ATTACK,212,212,223,0.921727061,1.0000453,0.849580824,0.00324787176,10,49,True,False,False,False,False,False,0.745735903,False
C07_HEARTBEAT_INTEGRITY_ATTACK,213,213,224,0.921090364,1.0000453,0.848407447,0.0033071842,10,49,True,False,False,False,False,False,0.745220775,False
C07_HEARTBEAT_INTEGRITY_ATTACK,214,214,225,0.920446694,1.0000453,0.84722209,0.00336748292,10,49,True,False,False,False,False,False,0.744700004,False
C07_HEARTBEAT_INTEGRITY_ATTACK,215,215,226,0.919796467,1.0000453,0.846025527,0.00343264639,10,49,True,False,False,False,False,False,0.744173929,False
C07_HEARTBEAT_INTEGRITY_ATTACK,216,216,227,0.919139266,1.0000453,0.844817042,0.00349869393,10,49,True,False,False,False,False,False,0.743642212,False
C07_HEARTBEAT_INTEGRITY_ATTACK,217,217,228,0.918475211,1.0000453,0.843596697,0.00356892147,10,49,True,False,False,False,False,False,0.743104949,False
C07_HEARTBEAT_INTEGRITY_ATTACK,218,218,229,0.91780442,1.0000453,0.842364967,0.00364067289,10,49,True,False,False,False,False,False,0.742562236,False
C07_HEARTBEAT_INTEGRITY_ATTACK,219,219,230,0.917126715,1.0000453,0.841121376,0.00371666765,10,49,True,False,False,False,False,False,0.74201393,False
C07_HEARTBEAT_INTEGRITY_ATTACK,220,220,231,0.916442156,1.0000453,0.839866221,0.00379443495,10,49,True,False,False,False,False,False,0.741460078,False
C07_HEARTBEAT_INTEGRITY_ATTACK,221,221,232,0.915751398,1.0000453,0.838600576,0.00387448468,10,49,True,False,False,False,False,False,0.74090121,False
C07_HEARTBEAT_INTEGRITY_ATTACK,222,222,233,0.915054321,1.0000453,0.83732444,0.00395714445,10,49,True,False,False,False,False,False,0.740337231,False
C07_HEARTBEAT_INTEGRITY_ATTACK,223,223,234,0.914351702,1.0000453,0.836039007,0.00404217001,10,49,True,False,False,False,False,False,0.739768767,False
C07_HEARTBEAT_INTEGRITY_ATTACK,224,224,235,0.913643599,1.0000453,0.834744573,0.00413062377,10,49,True,False,False,False,False,False,0.739195867,False
C07_HEARTBEAT_INTEGRITY_ATTACK,225,225,236,0.912930489,1.0000453,0.833442092,0.00422058813,10,49,True,False,False,False,False,False,0.738618915,False
C07_HEARTBEAT_INTEGRITY_ATTACK,226,226,237,0.912212968,1.0000453,0.832132518,0.0043140715,10,49,True,False,False,False,False,False,0.738038395,False
C07_HEARTBEAT_INTEGRITY_ATTACK,227,227,238,0.911491871,1.0000453,0.830817461,0.0044080345,10,49,True,False,False,False,False,False,0.737454982,False
C07_HEARTBEAT_INTEGRITY_ATTACK,228,228,239,0.910767794,1.0000453,0.829497993,0.00450470205,10,49,True,False,False,False,False,False,0.736869157,False
C07_HEARTBEAT_INTEGRITY_ATTACK,229,229,240,0.910041511,1.0000453,0.828175545,0.00460546883,10,49,True,False,False,False,False,False,0.736281548,False
C07_HEARTBEAT_INTEGRITY_ATTACK,230,230,241,0.909313858,1.0000453,0.826851726,0.00470530475,10,49,True,False,False,False,False,False,0.73569283,False
C07_HEARTBEAT_INTEGRITY_ATTACK,231,231,242,0.908585906,1.0000453,0.825528383,0.00480864057,10,49,True,False,False,False,False,False,0.735103871,False
C07_HEARTBEAT_INTEGRITY_ATTACK,232,232,243,0.907858729,1.0000453,0.824207485,0.00491520576,10,49,True,False,False,False,False,False,0.734515539,False
C07_HEARTBEAT_INTEGRITY_ATTACK,233,233,244,0.90713352,1.0000453,0.822891176,0.00502071995,10,49,True,False,False,False,False,False,0.733928798,False
C07_HEARTBEAT_INTEGRITY_ATTACK,234,234,245,0.90641135,1.0000453,0.821581483,0.00513053034,10,49,True,False,False,False,False,False,0.733344517,False
C07_HEARTBEAT_INTEGRITY_ATTACK,235,235,246,0.905693591,1.0000453,0.82028091,0.0052403342,10,49,True,False,False,False,False,False,0.732763804,False
C07_HEARTBEAT_INTEGRITY_ATTACK,236,236,247,0.904981732,1.0000453,0.818991899,0.00535342516,10,49,True,False,False,False,False,False,0.732187865,False
C07_HEARTBEAT_INTEGRITY_ATTACK,237,237,248,0.904277146,1.0000453,0.817717195,0.00546571426,10,49,True,False,False,False,False,False,0.73161781,False
C07_HEARTBEAT_INTEGRITY_ATTACK,238,238,249,0.903581738,1.0000453,0.816459954,0.00558196614,10,49,True,False,False,False,False,False,0.731055181,False
C07_HEARTBEAT_INTEGRITY_ATTACK,239,239,250,0.902896941,1.0000453,0.815222859,0.00569735654,10,49,True,False,False,False,False,False,0.730501136,False
C07_HEARTBEAT_INTEGRITY_ATTACK,240,240,251,0.902224481,1.0000453,0.814009011,0.00581464544,10,49,True,False,False,False,False,False,0.729957073,False
C07_HEARTBEAT_INTEGRITY_ATTACK,241,241,252,0.901566446,1.0000453,0.812822044,0.0059350701,10,49,True,False,False,False,False,False,0.729424681,False
C07_HEARTBEAT_INTEGRITY_ATTACK,242,242,253,0.900924623,1.0000453,0.811665177,0.00605381932,10,49,True,False,False,False,False,False,0.728905405,False
C07_HEARTBEAT_INTEGRITY_ATTACK,243,243,254,0.900301158,1.0000453,0.810542226,0.0061734817,10,49,True,False,False,False,False,False,0.728400983,False
C07_HEARTBEAT_INTEGRITY_ATTACK,244,244,255,0.899698317,1.0000453,0.809457064,0.00629623933,10,49,True,False,False,False,False,False,0.727913246,False
C07_HEARTBEAT_INTEGRITY_ATTACK,245,245,256,0.899118006,1.0000453,0.808413148,0.00641836552,10,49,True,False,False,False,False,False,0.727443737,False
C07_HEARTBEAT_INTEGRITY_ATTACK,246,246,257,0.898562729,1.0000453,0.807414949,0.00654207496,10,49,True,False,False,False,False,False,0.726994483,False
C07_HEARTBEAT_INTEGRITY_ATTACK,247,247,258,0.898034751,1.0000453,0.80646646,0.00666405028,10,49,True,False,False,False,False,False,0.726567315,False
C07_HEARTBEAT_INTEGRITY_ATTACK,248,248,259,0.897536874,1.0000453,0.80557245,0.00678761536,10,49,True,False,False,False,False,False,0.7261645,False
C07_HEARTBEAT_INTEGRITY_ATTACK,249,249,260,0.897071302,1.0000453,0.804736912,0.00691216672,10,49,True,False,False,False,False,False,0.725787823,False
C07_HEARTBEAT_INTEGRITY_ATTACK,250,250,261,0.896640778,1.0000453,0.803964674,0.00703735929,10,49,True,False,False,False,False,False,0.725439502,False
C07_HEARTBEAT_INTEGRITY_ATTACK,251,251,262,0.896247804,1.0000453,0.803260088,0.00716096023,10,49,True,False,False,False,False,False,0.725121561,False
C07_HEARTBEAT_INTEGRITY_ATTACK,252,252,263,0.895895302,1.0000453,0.802628398,0.00728553906,10,49,True,False,False,False,False,False,0.724836365,False
C07_HEARTBEAT_INTEGRITY_ATTACK,253,253,264,0.895586073,1.0000453,0.802074373,0.0074089691,10,49,True,False,False,False,False,False,0.724586179,False
C07_HEARTBEAT_INTEGRITY_ATTACK,254,254,265,0.895322859,1.0000453,0.801603019,0.00753427576,10,49,True,False,False,False,False,False,0.724373222,False
C07_HEARTBEAT_INTEGRITY_ATTACK,255,255,266,0.895108581,1.0000453,0.801219344,0.00765693793,10,49,True,False,False,False,False,False,0.724199857,False
C07_HEARTBEAT_INTEGRITY_ATTACK,256,256,267,0.894946098,1.0000453,0.800928533,0.00777968811,10,49,True,False,False,False,False,False,0.724068398,False
C07_HEARTBEAT_INTEGRITY_ATTACK,257,257,268,0.894838572,1.0000453,0.80073607,0.00790162757,10,49,True,False,False,False,False,False,0.723981402,False
C07_HEARTBEAT_INTEGRITY_ATTACK,258,258,269,0.894788802,1.0000453,0.80064702,0.0080242753,10,49,True,False,False,False,False,False,0.723941135,False
C07_HEARTBEAT_INTEGRITY_ATTACK,259,259,270,0.894799829,1.0000453,0.800666749,0.00814522523,10,49,True,False,False,False,False,False,0.723950056,False
C07_HEARTBEAT_INTEGRITY_ATTACK,260,260,271,0.894874692,1.0000453,0.800800741,0.00826552697,10,49,True,False,False,False,False,False,0.724010626,False
C07_HEARTBEAT_INTEGRITY_ATTACK,261,261,272,0.895016432,1.0000453,0.801054418,0.00838492066,10,49,True,False,False,False,False,False,0.724125302,False
C07_HEARTBEAT_INTEGRITY_ATTACK,262,262,273,0.895227969,1.0000453,0.801433146,0.00850253645,10,49,True,False,False,False,False,False,0.726438414,False
C07_HEARTBEAT_INTEGRITY_ATTACK,263,263,274,0.895512342,1.0000453,0.801942408,0.00861776527,10,49,True,False,False,False,False,False,0.736283316,False
C07_HEARTBEAT_INTEGRITY_ATTACK,264,264,275,0.895872533,1.0000453,0.802587569,0.00873456988,10,49,True,False,False,False,False,False,0.74626285,False
C07_HEARTBEAT_INTEGRITY_ATTACK,265,265,276,0.896311522,1.0000453,0.80337429,0.00884734653,10,49,True,False,False,False,False,False,0.755898244,False
C07_HEARTBEAT_INTEGRITY_ATTACK,266,266,277,0.896831989,1.0000453,0.80430764,0.0089590922,10,49,True,False,False,False,False,False,0.765445554,False
C07_HEARTBEAT_INTEGRITY_ATTACK,267,267,278,0.897437036,1.0000453,0.805393279,0.00907016266,10,49,True,False,False,False,False,False,0.774935175,False
C07_HEARTBEAT_INTEGRITY_ATTACK,268,268,279,0.898129404,1.0000453,0.806636393,0.00917869434,10,49,True,False,False,False,False,False,0.784207888,False
C07_HEARTBEAT_INTEGRITY_ATTACK,269,269,280,0.898911715,1.0000453,0.808042228,0.00928559341,10,49,True,False,False,False,False,False,0.793341114,False
C07_HEARTBEAT_INTEGRITY_ATTACK,270,270,281,0.899786592,1.0000453,0.80961591,0.00938990247,10,49,True,False,False,False,False,False,0.802253056,False
C07_HEARTBEAT_INTEGRITY_ATTACK,271,271,282,0.900756657,1.0000453,0.811362505,0.00949185248,10,49,True,False,False,False,False,False,0.810963446,False
C07_HEARTBEAT_INTEGRITY_ATTACK,272,272,283,0.901824296,1.0000453,0.81328702,0.00959126838,10,49,True,False,False,False,False,False,0.819457326,False
C07_HEARTBEAT_INTEGRITY_ATTACK,273,273,284,0.902991593,1.0000453,0.815393865,0.00968895759,10,49,True,False,False,False,False,False,0.827803682,False
C07_HEARTBEAT_INTEGRITY_ATTACK,274,274,285,0.904261231,1.0000453,0.817688406,0.00978503004,10,49,True,False,False,False,False,False,0.836011905,False
C07_HEARTBEAT_INTEGRITY_ATTACK,275,275,286,0.90563488,1.0000453,0.820174575,0.00987611618,10,49,True,False,False,False,False,False,0.843794109,False
C07_HEARTBEAT_INTEGRITY_ATTACK,276,276,287,0.907114565,1.0000453,0.822856843,0.00996555947,10,49,True,False,False,False,False,False,0.851435951,False
C07_HEARTBEAT_INTEGRITY_ATTACK,277,277,288,0.908702075,1.0000453,0.825739503,0.0100532919,10,49,True,False,False,False,False,False,0.858931622,False
C07_HEARTBEAT_INTEGRITY_ATTACK,278,278,289,0.910399258,1.0000453,0.828826845,0.010136974,10,49,True,False,False,False,False,False,0.866081243,False
C07_HEARTBEAT_INTEGRITY_ATTACK,279,279,290,0.912207186,1.0000453,0.832121909,0.0102172745,10,49,True,False,False,False,False,False,0.872941945,False
C07_HEARTBEAT_INTEGRITY_ATTACK,280,280,291,0.914127409,1.0000453,0.835628927,0.0102951517,10,49,True,False,False,False,False,False,0.879595605,False
C07_HEARTBEAT_INTEGRITY_ATTACK,281,281,292,0.916161001,1.0000453,0.839350998,0.0103704864,10,49,True,False,False,False,False,False,0.886032038,False
C07_HEARTBEAT_INTEGRITY_ATTACK,282,282,293,0.918308794,1.0000453,0.843291044,0.0104408571,10,49,True,False,False,False,False,False,0.892044362,False
C07_HEARTBEAT_INTEGRITY_ATTACK,283,283,294,0.920571506,1.0000453,0.847451866,0.0105087431,10,49,True,False,False,False,False,False,0.897844392,False
C07_HEARTBEAT_INTEGRITY_ATTACK,284,284,295,0.922949672,1.0000453,0.851836085,0.0105733043,10,49,True,False,False,False,False,False,0.903360358,False
C07_HEARTBEAT_INTEGRITY_ATTACK,285,285,296,0.925444007,1.0000453,0.856446624,0.0106346142,10,49,True,False,False,False,False,False,0.908598543,False
C07_HEARTBEAT_INTEGRITY_ATTACK,286,286,297,0.928053975,1.0000453,0.861284196,0.0106916856,10,49,True,False,False,False,False,False,0.913474605,False
C07_HEARTBEAT_INTEGRITY_ATTACK,287,287,298,0.930779994,1.0000453,0.866351366,0.0107454937,10,49,True,False,False,False,False,False,0.918071852,False
C07_HEARTBEAT_INTEGRITY_ATTACK,288,288,299,0.933621526,1.0000453,0.871649206,0.0107951565,10,49,True,False,False,False,False,False,0.922314933,False
C07_HEARTBEAT_INTEGRITY_ATTACK,289,289,300,0.936577976,1.0000453,0.877178252,0.0108398469,10,49,True,False,False,False,False,False,0.926133189,False
C07_HEARTBEAT_INTEGRITY_ATTACK,290,290,301,0.939648509,1.0000453,0.882939339,0.010882047,10,49,True,False,False,False,False,False,0.929738673,False
C07_HEARTBEAT_INTEGRITY_ATTACK,291,291,302,0.942832589,1.0000453,0.888933241,0.0109193036,10,49,True,False,False,False,False,False,0.932921799,False
C07_HEARTBEAT_INTEGRITY_ATTACK,292,292,303,0.946128488,1.0000453,0.895159066,0.0109524103,10,49,True,False,False,False,False,False,0.935750361,False
C07_HEARTBEAT_INTEGRITY_ATTACK,293,293,304,0.949534655,1.0000453,0.901616096,0.0109813577,10,49,True,False,False,False,False,False,0.938223562,False
C07_HEARTBEAT_INTEGRITY_ATTACK,294,294,305,0.953050256,1.0000453,0.908304811,0.0110070193,10,49,True,False,False,False,False,False,0.940416039,False
C07_HEARTBEAT_INTEGRITY_ATTACK,295,295,306,0.956673265,1.0000453,0.915223777,0.0110285403,10,49,True,False,False,False,False,False,0.942254747,False
C07_HEARTBEAT_INTEGRITY_ATTACK,296,296,307,0.960401356,1.0000453,0.922370732,0.0110434387,10,49,True,False,False,False,False,False,0.943527631,False
C07_HEARTBEAT_INTEGRITY_ATTACK,297,297,308,0.964231789,1.0000453,0.929742992,0.0110558448,10,49,True,False,False,False,False,False,0.944587586,False
C07_HEARTBEAT_INTEGRITY_ATTACK,298,298,309,0.968163013,1.0000453,0.937339664,0.0110632936,10,49,True,False,False,False,False,False,0.945223988,False
C07_HEARTBEAT_INTEGRITY_ATTACK,299,299,310,0.972191751,1.0000453,0.945156813,0.0110657755,10,49,True,False,False,False,False,False,0.945436043,False
C07_HEARTBEAT_INTEGRITY_ATTACK,300,300,311,0.976315677,1.0000453,0.953192353,0.0110657755,10,49,True,False,False,False,False,False,0.945436043,False
C07_HEARTBEAT_INTEGRITY_ATTACK,301,301,312,0.980531156,1.02315354,0.961441338,0.0110583343,10,49,True,False,False,False,False,False,0.944800277,False
C07_HEARTBEAT_INTEGRITY_ATTACK,302,302,313,0.984835207,1.04626584,0.969900429,0.0110475766,10,49,True,False,False,False,False,False,0.943881162,False
C07_HEARTBEAT_INTEGRITY_ATTACK,303,303,314,0.989223897,1.06925547,0.978563905,0.0110310409,10,49,True,False,False,False,False,False,0.942468393,False
C07_HEARTBEAT_INTEGRITY_ATTACK,304,304,315,0.993694663,1.09220433,0.987429082,0.0110128373,10,49,True,False,False,False,False,False,0.940913114,False
C07_HEARTBEAT_INTEGRITY_ATTACK,305,305,316,0.998243093,1.11498964,0.996489286,0.0109863728,10,49,True,False,False,False,False,False,0.938652047,False
C07_HEARTBEAT_INTEGRITY_ATTACK,306,306,317,1.00286555,1.13769317,1.00573921,0.0109565733,10,49,True,False,False,False,False,False,0.93610604,False
C07_HEARTBEAT_INTEGRITY_ATTACK,307,307,318,1.00755751,1.16025376,1.01517224,0.0109226648,10,49,True,False,False,False,False,False,0.933208968,False
C07_HEARTBEAT_INTEGRITY_ATTACK,308,308,319,1.01231503,1.1826508,1.0247817,0.010882983,10,49,True,False,False,False,False,False,0.929818641,False
C07_HEARTBEAT_INTEGRITY_ATTACK,309,309,320,1.01713336,1.20488441,1.03456032,0.0108375084,10,49,True,False,False,False,False,False,0.925933388,False
C07_HEARTBEAT_INTEGRITY_ATTACK,310,310,321,1.02200866,1.22699535,1.04450178,0.0107895304,10,49,True,False,False,False,False,False,0.92183425,False
C07_HEARTBEAT_INTEGRITY_ATTACK,311,311,322,1.02693665,1.24892247,1.05459881,0.0107349074,10,49,True,False,False,False,False,False,0.917167378,False
C07_HEARTBEAT_INTEGRITY_ATTACK,312,312,323,1.0319109,1.27062476,1.0648402,0.0106762629,10,49,True,False,False,False,False,False,0.912156922,False
C07_HEARTBEAT_INTEGRITY_ATTACK,313,313,324,1.03692865,1.29216349,1.07522094,0.0106125725,10,49,True,False,False,False,False,False,0.906715355,False
C07_HEARTBEAT_INTEGRITY_ATTACK,314,314,325,1.04198372,1.31347752,1.08573008,0.0105448235,10,49,True,False,False,False,False,False,0.900927021,False
C07_HEARTBEAT_INTEGRITY_ATTACK,315,315,326,1.04707229,1.3345871,1.09636045,0.0104703531,10,49,True,False,False,False,False,False,0.894564429,False
C07_HEARTBEAT_INTEGRITY_ATTACK,316,316,327,1.05218828,1.35547197,1.10710025,0.0103934864,10,49,True,False,False,False,False,False,0.887997103,False
C07_HEARTBEAT_INTEGRITY_ATTACK,317,317,328,1.05732715,1.37609112,1.11794078,0.0103091588,10,49,True,False,False,False,False,False,0.88079234,False
C07_HEARTBEAT_INTEGRITY_ATTACK,318,318,329,1.06248355,1.39648557,1.1288712,0.0102214953,10,49,True,False,False,False,False,False,0.873302557,False
C07_HEARTBEAT_INTEGRITY_ATTACK,319,319,330,1.06765223,1.41661429,1.13988125,0.0101297572,10,49,True,False,False,False,False,False,0.865464654,False
C07_HEARTBEAT_INTEGRITY_ATTACK,320,320,331,1.07282865,1.43647742,1.15096128,0.010033913,10,49,True,False,False,False,False,False,0.867986713,False
C07_HEARTBEAT_INTEGRITY_ATTACK,321,321,332,1.07800663,1.45601356,1.16209841,0.0099298181,10,49,True,False,False,False,False,False,0.872176025,False
C07_HEARTBEAT_INTEGRITY_ATTACK,322,322,333,1.08318138,1.47530448,1.17328191,0.00982314814,10,49,True,False,False,False,False,False,0.876362732,False
C07_HEARTBEAT_INTEGRITY_ATTACK,323,323,334,1.08834696,1.49426842,1.18449914,0.00971251819,10,49,True,False,False,False,False,False,0.880542013,False
C07_HEARTBEAT_INTEGRITY_ATTACK,324,324,335,1.09349895,1.51292574,1.19573998,0.0095960144,10,49,True,False,False,False,False,False,0.884710298,False
C07_HEARTBEAT_INTEGRITY_ATTACK,325,325,336,1.09863234,1.53129709,1.2069931,0.00947699603,10,49,True,False,False,False,False,False,0.888863538,False
C07_HEARTBEAT_INTEGRITY_ATTACK,326,326,337,1.10374129,1.54930055,1.21824491,0.00935144909,10,49,True,False,False,False,False,False,0.892997006,False
C07_HEARTBEAT_INTEGRITY_ATTACK,327,327,338,1.10882008,1.56695664,1.22948205,0.00922095682,10,49,True,False,False,False,False,False,0.897106073,False
C07_HEARTBEAT_INTEGRITY_ATTACK,328,328,339,1.11386395,1.58428574,1.24069297,0.0090880096,10,49,True,False,False,False,False,False,0.90118688,False
C07_HEARTBEAT_INTEGRITY_ATTACK,329,329,340,1.11886764,1.60122657,1.25186479,0.00894848257,10,49,True,False,False,False,False,False,0.905235185,False
C07_HEARTBEAT_INTEGRITY_ATTACK,330,330,341,1.12382567,1.61782002,1.26298416,0.00880560093,10,49,True,False,False,False,False,False,0.90924655,False
C07_HEARTBEAT_INTEGRITY_ATTACK,331,331,342,1.12873352,1.63404572,1.27403939,0.00865854695,10,49,True,False,False,False,False,False,0.91321731,False
C07_HEARTBEAT_INTEGRITY_ATTACK,332,332,343,1.13358581,1.64988303,1.28501689,0.00850923546,10,49,True,False,False,False,False,False,0.917143126,False
C07_HEARTBEAT_INTEGRITY_ATTACK,333,333,344,1.13837814,1.66531169,1.29590487,0.00835322589,10,49,True,False,False,False,False,False,0.921020428,False
C07_HEARTBEAT_INTEGRITY_ATTACK,334,334,345,1.14310503,1.68035197,1.30668914,0.00819481071,10,49,True,False,False,False,False,False,0.924844781,False
C07_HEARTBEAT_INTEGRITY_ATTACK,335,335,346,1.14776218,1.69498372,1.31735814,0.00803228281,10,49,True,False,False,False,False,False,0.928612711,False
C07_HEARTBEAT_INTEGRITY_ATTACK,336,336,347,1.15234494,1.70920658,1.32789874,0.00786462147,10,49,True,False,False,False,False,False,0.932320458,False
C07_HEARTBEAT_INTEGRITY_ATTACK,337,337,348,1.15684712,1.72298002,1.33829534,0.00769397989,10,49,True,False,False,False,False,False,0.935963006,False
C07_HEARTBEAT_INTEGRITY_ATTACK,338,338,349,1.16126573,1.7363447,1.34853804,0.00752083212,10,49,True,False,False,False,False,False,0.939537944,False
C07_HEARTBEAT_INTEGRITY_ATTACK,339,339,350,1.16559541,1.74923933,1.35861278,0.00734199816,10,49,True,False,False,False,False,False,0.943040932,False
C07_HEARTBEAT_INTEGRITY_ATTACK,340,340,351,1.16983199,1.76170492,1.36850691,0.00716163218,10,49,True,False,False,False,False,False,0.946468595,False
C07_HEARTBEAT_INTEGRITY_ATTACK,341,341,352,1.17397165,1.77372086,1.37820947,0.00697707804,10,49,True,False,False,False,False,False,0.949817845,False
C07_HEARTBEAT_INTEGRITY_ATTACK,342,342,353,1.17800963,1.78526676,1.38770664,0.00678846845,10,49,True,False,False,False,False,False,0.953084825,False
C07_HEARTBEAT_INTEGRITY_ATTACK,343,343,354,1.18194151,1.79634261,1.39698577,0.00659666164,10,49,True,False,False,False,False,False,0.956265966,False
C07_HEARTBEAT_INTEGRITY_ATTACK,344,344,355,1.18576455,1.80698943,1.40603745,0.006403937,10,49,True,False,False,False,False,False,0.95935905,False
C07_HEARTBEAT_INTEGRITY_ATTACK,345,345,356,1.18947363,1.81710494,1.41484761,0.00620582467,10,49,True,False,False,False,False,False,0.962359931,False
C07_HEARTBEAT_INTEGRITY_ATTACK,346,346,357,1.19306576,1.82677078,1.423406,0.00600590371,10,49,True,False,False,False,False,False,0.965266195,False
C07_HEARTBEAT_INTEGRITY_ATTACK,347,347,358,1.19653666,1.83592582,1.43170011,0.00580206839,10,49,True,False,False,False,False,False,0.968074373,False
C07_HEARTBEAT_INTEGRITY_ATTACK,348,348,359,1.19988334,1.84461081,1.43972015,0.00559754251,10,49,True,False,False,False,False,False,0.970782051,False
C07_HEARTBEAT_INTEGRITY_ATTACK,349,349,360,1.20310271,1.85278487,1.44745612,0.0053889649,10,49,True,False,False,False,False,False,0.973386724,False
C07_HEARTBEAT_INTEGRITY_ATTACK,350,350,361,1.20619047,1.86044812,1.4548955,0.00517925201,10,49,True,False,False,False,False,False,0.975884917,False
C07_HEARTBEAT_INTEGRITY_ATTACK,351,351,362,1.20914507,1.86762094,1.46203184,0.00496697985,10,49,True,False,False,False,False,False,0.978275379,False
C07_HEARTBEAT_INTEGRITY_ATTACK,352,352,363,1.21196294,1.87428284,1.46885407,0.00475243852,10,49,True,False,False,False,False,False,0.980555214,False
C07_HEARTBEAT_INTEGRITY_ATTACK,353,353,364,1.21464062,1.88041341,1.47535181,0.00453598564,10,49,True,False,False,False,False,False,0.982741339,False
C07_HEARTBEAT_INTEGRITY_ATTACK,354,354,365,1.21717656,1.88605356,1.48151886,0.00431879656,10,49,True,False,False,False,False,False,0.985688992,False
C07_HEARTBEAT_INTEGRITY_ATTACK,355,355,366,1.21956813,1.8911624,1.48734629,0.00409748685,10,49,True,False,False,False,False,False,0.98835897,False
C07_HEARTBEAT_INTEGRITY_ATTACK,356,356,367,1.22181141,1.89573979,1.49282324,0.00387734314,10,49,True,False,False,False,False,False,0.990751209,False
C07_HEARTBEAT_INTEGRITY_ATTACK,357,357,368,1.22390628,1.8998065,1.4979465,0.0036546581,10,49,True,False,False,False,False,False,0.99287655,False
C07_HEARTBEAT_INTEGRITY_ATTACK,358,358,369,1.22584951,1.90334177,1.50270689,0.00343214651,10,49,True,False,False,False,False,False,0.994724153,False
C07_HEARTBEAT_INTEGRITY_ATTACK,359,359,370,1.22764015,1.90636623,1.50710046,0.00320814829,10,49,True,False,False,False,False,False,0.996304795,False
C07_HEARTBEAT_INTEGRITY_ATTACK,360,360,371,1.22927547,1.90883887,1.51111829,0.00298399408,10,49,True,False,False,False,False,False,0.997597045,False
C07_HEARTBEAT_INTEGRITY_ATTACK,361,361,372,1.23075426,1.91078019,1.51475608,0.00276037585,10,49,True,False,False,False,False,False,0.998611619,False
C07_HEARTBEAT_INTEGRITY_ATTACK,362,362,373,1.23207629,1.91223109,1.51801193,0.00253715855,10,49,True,False,False,False,False,False,0.999369886,False
C07_HEARTBEAT_INTEGRITY_ATTACK,363,363,374,1.23323846,1.91308939,1.52087724,0.00231391913,10,49,True,False,False,False,False,False,0.999818454,False
C07_HEARTBEAT_INTEGRITY_ATTACK,364,364,375,1.23424017,1.91343677,1.52334893,0.0020939603,10,49,True,False,False,False,False,False,1,False
C07_HEARTBEAT_INTEGRITY_ATTACK,365,365,376,1.23508167,1.91343677,1.52542663,0.00187546038,10,49,True,False,False,False,False,False,1,False
C07_HEARTBEAT_INTEGRITY_ATTACK,366,366,377,1.23576117,1.91343677,1.52710569,0.00166197587,10,49,True,False,False,False,False,False,1,False
C07_HEARTBEAT_INTEGRITY_ATTACK,367,367,378,1.2362783,1.91343677,1.52838409,0.00145568,10,49,True,False,False,False,False,False,1.00045582,True
C07_HEARTBEAT_INTEGRITY_ATTACK,368,368,379,1.23663259,1.91343677,1.52926028,0.00125870435,10,49,True,False,False,False,False,False,1.00102936,True
C07_HEARTBEAT_INTEGRITY_ATTACK,369,369,380,1.23682344,1.91343677,1.52973223,0.0010782337,10,49,True,False,False,False,False,False,1.00133829,True
C07_HEARTBEAT_INTEGRITY_ATTACK,370,370,381,1.23685181,1.91343677,1.52980232,0.000921057188,10,49,True,False,False,False,False,False,1.00138417,True
C07_HEARTBEAT_INTEGRITY_ATTACK,371,371,382,1.23671651,1.91343677,1.52946782,0.000806819065,10,49,True,False,False,False,False,False,1.00116522,True
C07_HEARTBEAT_INTEGRITY_ATTACK,372,372,383,1.23641872,1.91343677,1.52873123,0.000751154788,10,49,True,False,False,False,False,False,1.00068305,True
C07_HEARTBEAT_INTEGRITY_ATTACK,373,373,384,1.23595822,1.91343677,1.52759278,0.000766634766,10,49,True,False,False,False,False,False,1,False
C07_HEARTBEAT_INTEGRITY_ATTACK,374,374,385,1.2353344,1.91343677,1.52605116,0.000852601253,10,49,True,False,False,False,False,False,1,False
C07_HEARTBEAT_INTEGRITY_ATTACK,375,375,386,1.23455095,1.91343677,1.52411604,0.000983644277,10,49,True,False,False,False,False,False,1,False
C07_HEARTBEAT_INTEGRITY_ATTACK,376,376,387,1.23360753,1.91327333,1.52178741,0.00114814565,10,49,True,False,False,False,False,False,0.999914585,False
C07_HEARTBEAT_INTEGRITY_ATTACK,377,377,388,1.23250389,1.91257846,1.51906586,0.00133426394,10,49,True,False,False,False,False,False,0.999551432,False
C07_HEARTBEAT_INTEGRITY_ATTACK,378,378,389,1.23124182,1.91133201,1.5159564,0.00153147138,10,49,True,False,False,False,False,False,0.998900011,False
C07_HEARTBEAT_INTEGRITY_ATTACK,379,379,390,1.22982323,1.90955412,1.51246524,0.00173541263,10,49,True,False,False,False,False,False,0.997970852,False
C07_HEARTBEAT_INTEGRITY_ATTACK,380,380,391,1.22824895,1.90724492,1.50859535,0.00194609223,10,49,True,False,False,False,False,False,0.996764017,False
C07_HEARTBEAT_INTEGRITY_ATTACK,381,381,392,1.22652149,1.90444529,1.50435507,0.00215716031,10,49,True,False,False,False,False,False,0.995300874,False
C07_HEARTBEAT_INTEGRITY_ATTACK,382,382,393,1.22464144,1.90109384,1.49974656,0.00237084273,10,49,True,False,False,False,False,False,0.99354934,False
C07_HEARTBEAT_INTEGRITY_ATTACK,383,383,394,1.22261178,1.89723158,1.49477971,0.00258344132,10,49,True,False,False,False,False,False,0.991530846,False
C07_HEARTBEAT_INTEGRITY_ATTACK,384,384,395,1.22043371,1.89281762,1.48945856,0.00279740104,10,49,True,False,False,False,False,False,0.989224021,False
C07_HEARTBEAT_INTEGRITY_ATTACK,385,385,396,1.21811128,1.88789272,1.48379505,0.00300861406,10,49,True,False,False,False,False,False,0.986650174,False
C07_HEARTBEAT_INTEGRITY_ATTACK,386,386,397,1.21564639,1.88249779,1.47779608,0.00322029064,10,49,True,False,False,False,False,False,0.983830674,False
C07_HEARTBEAT_INTEGRITY_ATTACK,387,387,398,1.21303952,1.87657154,1.47146499,0.0034319472,10,49,True,False,False,False,False,False,0.981426235,False
C07_HEARTBEAT_INTEGRITY_ATTACK,388,388,399,1.21029532,1.87011397,1.46481478,0.00363915064,10,49,True,False,False,False,False,False,0.979206005,False
C07_HEARTBEAT_INTEGRITY_ATTACK,389,389,400,1.2074157,1.86316597,1.45785272,0.00384732033,10,49,True,False,False,False,False,False,0.976876209,False
C07_HEARTBEAT_INTEGRITY_ATTACK,390,390,401,1.20440459,1.85572755,1.45059037,0.00405115308,10,49,True,False,False,False,False,False,0.974440031,False
C07_HEARTBEAT_INTEGRITY_ATTACK,391,391,402,1.20126426,1.84775782,1.44303584,0.00425278395,10,49,True,False,False,False,False,False,0.971899304,False
C07_HEARTBEAT_INTEGRITY_ATTACK,392,392,403,1.19799888,1.83933854,1.43520141,0.00445354218,10,49,True,False,False,False,False,False,0.969257403,False
C07_HEARTBEAT_INTEGRITY_ATTACK,393,393,404,1.19461119,1.83040822,1.42709601,0.00464967219,10,49,True,False,False,False,False,False,0.966516546,False
C07_HEARTBEAT_INTEGRITY_ATTACK,394,394,405,1.19110501,1.82102847,1.41873121,0.00484514795,10,49,True,False,False,False,False,False,0.96367982,False
C07_HEARTBEAT_INTEGRITY_ATTACK,395,395,406,1.18748271,1.8111378,1.41011512,0.00503712101,10,49,True,False,False,False,False,False,0.960749154,False
C07_HEARTBEAT_INTEGRITY_ATTACK,396,396,407,1.18374956,1.80081797,1.40126288,0.00522626052,10,49,True,False,False,False,False,False,0.957728791,False
C07_HEARTBEAT_INTEGRITY_ATTACK,397,397,408,1.17990863,1.79002821,1.39218438,0.00541140884,10,49,True,False,False,False,False,False,0.95462124,False
C07_HEARTBEAT_INTEGRITY_ATTACK,398,398,409,1.17596328,1.77874792,1.38288951,0.00559394294,10,49,True,False,False,False,False,False,0.9514292,False
C07_HEARTBEAT_INTEGRITY_ATTACK,399,399,410,1.17191875,1.76705885,1.37339365,0.00577368401,10,49,True,False,False,False,False,False,0.948156915,False
C07_HEARTBEAT_INTEGRITY_ATTACK,400,400,411,1.16777885,1.75487947,1.36370742,0.00594710885,10,49,True,False,False,False,False,False,0.944807472,False
C07_HEARTBEAT_INTEGRITY_ATTACK,401,401,412,1.16354811,1.74231184,1.35384417,0.00612059282,10,49,True,False,False,False,False,False,0.941384536,False
C07_HEARTBEAT_INTEGRITY_ATTACK,402,402,413,1.15923023,1.72929454,1.34381473,0.00628832821,10,49,True,False,False,False,False,False,0.937891096,False
C07_HEARTBEAT_INTEGRITY_ATTACK,403,403,414,1.15482974,1.71584809,1.33363175,0.00645301212,10,49,True,False,False,False,False,False,0.934330818,False
C07_HEARTBEAT_INTEGRITY_ATTACK,404,404,415,1.15035117,1.70201337,1.32330775,0.0066151754,10,49,True,False,False,False,False,False,0.930707367,False
C07_HEARTBEAT_INTEGRITY_ATTACK,405,405,416,1.1457994,1.68774962,1.31285632,0.0067707058,10,49,True,False,False,False,False,False,0.927024696,False
C07_HEARTBEAT_INTEGRITY_ATTACK,406,406,417,1.14117944,1.67307711,1.30229044,0.00692229625,10,49,True,False,False,False,False,False,0.923286858,False
C07_HEARTBEAT_INTEGRITY_ATTACK,407,407,418,1.13649547,1.65803671,1.29162192,0.00707236445,10,49,True,False,False,False,False,False,0.919497226,False
C07_HEARTBEAT_INTEGRITY_ATTACK,408,408,419,1.13175237,1.64262855,1.28086352,0.007217295,10,49,True,False,False,False,False,False,0.915659757,False
C07_HEARTBEAT_INTEGRITY_ATTACK,409,409,420,1.12695491,1.62681162,1.2700274,0.00735665252,10,49,True,False,False,False,False,False,0.911778307,False
C07_HEARTBEAT_INTEGRITY_ATTACK,410,410,421,1.1221081,1.61064732,1.25912654,0.00749361981,10,49,True,False,False,False,False,False,0.907856928,False
C07_HEARTBEAT_INTEGRITY_ATTACK,411,411,422,1.1172173,1.59415603,1.24817455,0.00762537913,10,49,True,False,False,False,False,False,0.90389996,False
C07_HEARTBEAT_INTEGRITY_ATTACK,412,412,423,1.11228645,1.57727647,1.23718107,0.00775249582,10,49,True,False,False,False,False,False,0.899910585,False
C07_HEARTBEAT_INTEGRITY_ATTACK,413,413,424,1.10732126,1.56009042,1.22616041,0.0078762183,10,49,True,False,False,False,False,False,0.895893433,False
C07_HEARTBEAT_INTEGRITY_ATTACK,414,414,425,1.10232663,1.542557,1.21512413,0.0079942178,10,49,True,False,False,False,False,False,0.891852459,False
C07_HEARTBEAT_INTEGRITY_ATTACK,415,415,426,1.09730804,1.52469647,1.20408487,0.00810732227,10,49,True,False,False,False,False,False,0.887792098,False
C07_HEARTBEAT_INTEGRITY_ATTACK,416,416,427,1.09227037,1.50657046,1.19305456,0.00821787026,10,49,True,False,False,False,False,False,0.883716306,False
C07_HEARTBEAT_INTEGRITY_ATTACK,417,417,428,1.08721793,1.48813784,1.18204272,0.00832349621,10,49,True,False,False,False,False,False,0.879628554,False
C07_HEARTBEAT_INTEGRITY_ATTACK,418,418,429,1.08215582,1.46937823,1.17106128,0.00842261687,10,49,True,False,False,False,False,False,0.87553299,False
C07_HEARTBEAT_INTEGRITY_ATTACK,419,419,430,1.07708991,1.45037341,1.16012275,0.00851924345,10,49,True,False,False,False,False,False,0.87143434,False
C07_HEARTBEAT_INTEGRITY_ATTACK,420,420,431,1.0720253,1.43110299,1.14923835,0.0086091524,10,49,True,False,False,False,False,False,0.867336751,False
C07_HEARTBEAT_INTEGRITY_ATTACK,421,421,432,1.06696618,1.41154635,1.13841677,0.0086951144,10,49,True,False,False,False,False,False,0.863243598,False
C07_HEARTBEAT_INTEGRITY_ATTACK,422,422,433,1.06191838,1.3917855,1.12767076,0.00877680536,10,49,True,False,False,False,False,False,0.859159608,False
C07_HEARTBEAT_INTEGRITY_ATTACK,423,423,434,1.05688584,1.37175894,1.11700761,0.00885365438,10,49,True,False,False,False,False,False,0.855087963,False
C07_HEARTBEAT_INTEGRITY_ATTACK,424,424,435,1.0518738,1.35150754,1.10643852,0.00892553944,10,49,True,False,False,False,False,False,0.851032907,False
C07_HEARTBEAT_INTEGRITY_ATTACK,425,425,436,1.04688764,1.33105183,1.09597361,0.00899242889,10,49,True,False,False,False,False,False,0.84699878,False
C07_HEARTBEAT_INTEGRITY_ATTACK,426,426,437,1.04193127,1.31039178,1.08562076,0.00905521773,10,49,True,False,False,False,False,False,0.842988766,False
C07_HEARTBEAT_INTEGRITY_ATTACK,427,427,438,1.03700984,1.2895273,1.07538939,0.00911222305,10,49,True,False,False,False,False,False,0.83900701,False
C07_HEARTBEAT_INTEGRITY_ATTACK,428,428,439,1.03212738,1.26847899,1.06528699,0.0091659762,10,49,True,False,False,False,False,False,0.835056793,False
C07_HEARTBEAT_INTEGRITY_ATTACK,429,429,440,1.02728915,1.24726713,1.05532289,0.00921389088,10,49,True,False,False,False,False,False,0.831142358,False
C07_HEARTBEAT_INTEGRITY_ATTACK,430,430,441,1.02249873,1.22587144,1.04550374,0.00925689284,10,49,True,False,False,False,False,False,0.827266599,False
C07_HEARTBEAT_INTEGRITY_ATTACK,431,431,442,1.01776135,1.20437348,1.03583825,0.009296529,10,49,True,False,False,False,False,False,0.823433759,False
C07_HEARTBEAT_INTEGRITY_ATTACK,432,432,443,1.01307988,1.18269169,1.02633083,0.00933043566,10,49,True,False,False,False,False,False,0.819646153,False
C07_HEARTBEAT_INTEGRITY_ATTACK,433,433,444,1.00845969,1.16090775,1.01699102,0.00935933925,10,49,True,False,False,False,False,False,0.815908122,False
C07_HEARTBEAT_INTEGRITY_ATTACK,434,434,445,1.00390387,1.13898063,1.00782299,0.00938331429,10,49,True,False,False,False,False,False,0.812222172,False
C07_HEARTBEAT_INTEGRITY_ATTACK,435,435,446,0.999416649,1.11695147,0.998833656,0.00940315798,10,49,True,False,False,False,False,False,0.808591728,False
C07_HEARTBEAT_INTEGRITY_ATTACK,436,436,447,0.995001256,1.09484041,0.990027547,0.00941969454,10,49,True,False,False,False,False,False,0.805019394,False
C07_HEARTBEAT_INTEGRITY_ATTACK,437,437,448,0.990661383,1.07262731,0.981410027,0.0094296122,10,49,True,False,False,False,False,False,0.80564577,False
C07_HEARTBEAT_INTEGRITY_ATTACK,438,438,449,0.986400485,1.05035281,0.972985923,0.00943622459,10,49,True,False,False,False,False,False,0.806210718,False
C07_HEARTBEAT_INTEGRITY_ATTACK,439,439,450,0.982221246,1.02797616,0.964758575,0.0094370516,10,49,True,False,False,False,False,False,0.806281376,False
C07_HEARTBEAT_INTEGRITY_ATTACK,440,440,451,0.97812748,1.00557911,0.956733406,0.00943457149,10,49,True,False,False,False,False,False,0.806069481,False
C07_HEARTBEAT_INTEGRITY_ATTACK,441,441,452,0.974121332,1.0000453,0.948912382,0.00942712743,10,49,True,False,False,False,False,False,0.805433476,False
C07_HEARTBEAT_INTEGRITY_ATTACK,442,442,453,0.970205903,1.0000453,0.941299498,0.00941555295,10,49,True,False,False,False,False,False,0.804444578,False
C07_HEARTBEAT_INTEGRITY_ATTACK,443,443,454,0.96638304,1.0000453,0.933896184,0.0093998285,10,49,True,False,False,False,False,False,0.803101115,False
C07_HEARTBEAT_INTEGRITY_ATTACK,444,444,455,0.962655485,1.0000453,0.926705599,0.00938081555,10,49,True,False,False,False,False,False,0.801476689,False
C07_HEARTBEAT_INTEGRITY_ATTACK,445,445,456,0.959025145,1.0000453,0.919729173,0.00935601816,10,49,True,False,False,False,False,False,0.799358053,False
C07_HEARTBEAT_INTEGRITY_ATTACK,446,446,457,0.955493629,1.0000453,0.912968099,0.00932789035,10,49,True,False,False,False,False,False,0.796954874,False
C07_HEARTBEAT_INTEGRITY_ATTACK,447,447,458,0.952063024,1.0000453,0.906423986,0.00929478649,10,49,True,False,False,False,False,False,0.794126551,False
C07_HEARTBEAT_INTEGRITY_ATTACK,448,448,459,0.948734879,1.0000453,0.900097907,0.00925922859,10,49,True,False,False,False,False,False,0.791088561,False
C07_HEARTBEAT_INTEGRITY_ATTACK,449,449,460,0.94550997,1.0000453,0.893989146,0.00921951048,10,49,True,False,False,False,False,False,0.787695131,False
C07_HEARTBEAT_INTEGRITY_ATTACK,450,450,461,0.942389846,1.0000453,0.888098598,0.00917484704,10,49,True,False,False,False,False,False,0.783879183,False
C07_HEARTBEAT_INTEGRITY_ATTACK,451,451,462,0.939375162,1.0000453,0.882425725,0.00912767742,10,49,True,False,False,False,False,False,0.779849112,False
C07_HEARTBEAT_INTEGRITY_ATTACK,452,452,463,0.936466813,1.0000453,0.876970112,0.00907557551,10,49,True,False,False,False,False,False,0.775397637,False
C07_HEARTBEAT_INTEGRITY_ATTACK,453,453,464,0.933665216,1.0000453,0.871730745,0.00902097393,10,49,True,False,False,False,False,False,0.770732595,False
C07_HEARTBEAT_INTEGRITY_ATTACK,454,454,465,0.93097049,1.0000453,0.866706014,0.00896219444,10,49,True,False,False,False,False,False,0.765710602,False
C07_HEARTBEAT_INTEGRITY_ATTACK,455,455,466,0.928382933,1.0000453,0.861894906,0.0089001311,10,49,True,False,False,False,False,False,0.760408044,False
C07_HEARTBEAT_INTEGRITY_ATTACK,456,456,467,0.925902665,1.0000453,0.857295692,0.0088356249,10,49,True,False,False,False,False,False,0.754896774,False
C07_HEARTBEAT_INTEGRITY_ATTACK,457,457,468,0.92352891,1.0000453,0.852905691,0.0087661352,10,49,True,False,False,False,False,False,0.748959723,False
C07_HEARTBEAT_INTEGRITY_ATTACK,458,458,469,0.921261489,1.0000453,0.848722756,0.00869494118,10,49,True,False,False,False,False,False,0.745359226,False
C07_HEARTBEAT_INTEGRITY_ATTACK,459,459,470,0.919099927,1.0000453,0.844744682,0.0086196484,10,49,True,False,False,False,False,False,0.743610384,False
C07_HEARTBEAT_INTEGRITY_ATTACK,460,460,471,0.917043269,1.0000453,0.84096837,0.00854101405,10,49,True,False,False,False,False,False,0.741946416,False
C07_HEARTBEAT_INTEGRITY_ATTACK,461,461,472,0.91509074,1.0000453,0.837391078,0.00846075453,10,49,True,False,False,False,False,False,0.740366696,False
C07_HEARTBEAT_INTEGRITY_ATTACK,462,462,473,0.913240671,1.0000453,0.834008574,0.00837788638,10,49,True,False,False,False,False,False,0.738869873,False
C07_HEARTBEAT_INTEGRITY_ATTACK,463,463,474,0.911492288,1.0000453,0.830818236,0.00829265732,10,49,True,False,False,False,False,False,0.73745532,False
C07_HEARTBEAT_INTEGRITY_ATTACK,464,464,475,0.909843922,1.0000453,0.82781595,0.00820407178,10,49,True,False,False,False,False,False,0.736121686,False
C07_HEARTBEAT_INTEGRITY_ATTACK,465,465,476,0.908294082,1.0000453,0.82499814,0.00811219122,10,49,True,False,False,False,False,False,0.734867767,False
C07_HEARTBEAT_INTEGRITY_ATTACK,466,466,477,0.906841099,1.0000453,0.822360814,0.00801942311,10,49,True,False,False,False,False,False,0.733692211,False
C07_HEARTBEAT_INTEGRITY_ATTACK,467,467,478,0.905483127,1.0000453,0.819899678,0.00792419817,10,49,True,False,False,False,False,False,0.732593525,False
C07_HEARTBEAT_INTEGRITY_ATTACK,468,468,479,0.904218256,1.0000453,0.817610621,0.00782737508,10,49,True,False,False,False,False,False,0.731570165,False
C07_HEARTBEAT_INTEGRITY_ATTACK,469,469,480,0.903044343,1.0000453,0.815489113,0.00772638153,10,49,True,False,False,False,False,False,0.730620394,False
C07_HEARTBEAT_INTEGRITY_ATTACK,470,470,481,0.90195936,1.0000453,0.813530684,0.00762616051,10,49,True,False,False,False,False,False,0.729742573,False
C07_HEARTBEAT_INTEGRITY_ATTACK,471,471,482,0.900960982,1.0000453,0.811730742,0.00752273714,10,49,True,False,False,False,False,False,0.728934822,False
C07_HEARTBEAT_INTEGRITY_ATTACK,472,472,483,0.900047004,1.0000453,0.810084581,0.00741838198,10,49,True,False,False,False,False,False,0.728195356,False
C07_HEARTBEAT_INTEGRITY_ATTACK,473,473,484,0.899214983,1.0000453,0.808587611,0.00730986986,10,49,True,False,False,False,False,False,0.727522198,False
C07_HEARTBEAT_INTEGRITY_ATTACK,474,474,485,0.898462653,1.0000453,0.807235122,0.00720214704,10,49,True,False,False,False,False,False,0.726913515,False
C07_HEARTBEAT_INTEGRITY_ATTACK,475,475,486,0.897787452,1.0000453,0.806022346,0.00709278788,10,49,True,False,False,False,False,False,0.726367234,False
C07_HEARTBEAT_INTEGRITY_ATTACK,476,476,487,0.897186756,1.0000453,0.804944038,0.00698343897,10,49,True,False,False,False,False,False,0.725881233,False
C07_HEARTBEAT_INTEGRITY_ATTACK,477,477,488,0.896657884,1.0000453,0.803995311,0.00687075872,10,49,True,False,False,False,False,False,0.725453342,False
C07_HEARTBEAT_INTEGRITY_ATTACK,478,478,489,0.896198511,1.0000453,0.803171754,0.00675727567,10,49,True,False,False,False,False,False,0.72508168,False
C07_HEARTBEAT_INTEGRITY_ATTACK,479,479,490,0.895805836,1.0000453,0.802468061,0.00664373254,10,49,True,False,False,False,False,False,0.72476398,False
C07_HEARTBEAT_INTEGRITY_ATTACK,480,480,491,0.895477295,1.0000453,0.801879585,0.00653104158,10,49,True,False,False,False,False,False,0.72449817,False
C07_HEARTBEAT_INTEGRITY_ATTACK,481,481,492,0.895210087,1.0000453,0.801401079,0.00641495781,10,49,True,False,False,False,False,False,0.724281982,False
C07_HEARTBEAT_INTEGRITY_ATTACK,482,482,493,0.895001769,1.0000453,0.801028132,0.0062998482,10,49,True,False,False,False,False,False,0.724113439,False
C07_HEARTBEAT_INTEGRITY_ATTACK,483,483,494,0.894849539,1.0000453,0.800755739,0.00618447363,10,49,True,False,False,False,False,False,0.723990275,False
C07_HEARTBEAT_INTEGRITY_ATTACK,484,484,495,0.894750953,1.0000453,0.80057925,0.00606859103,10,49,True,False,False,False,False,False,0.723910513,False
C07_HEARTBEAT_INTEGRITY_ATTACK,485,485,496,0.894703269,1.0000453,0.800493956,0.00595166907,10,49,True,False,False,False,False,False,0.723871934,False
C07_HEARTBEAT_INTEGRITY_ATTACK,486,486,497,0.894703984,1.0000453,0.800495207,0.00583478902,10,49,True,False,False,False,False,False,0.723872512,False
C07_HEARTBEAT_INTEGRITY_ATTACK,487,487,498,0.894750595,1.0000453,0.800578654,0.00571776694,10,49,True,False,False,False,False,False,0.723910224,False
C07_HEARTBEAT_INTEGRITY_ATTACK,488,488,499,0.894840717,1.0000453,0.800739884,0.00560246129,10,49,True,False,False,False,False,False,0.723983138,False
C07_HEARTBEAT_INTEGRITY_ATTACK,489,489,500,0.89497155,1.0000453,0.800974071,0.00548575213,10,49,True,False,False,False,False,False,0.72408899,False
C07_HEARTBEAT_INTEGRITY_ATTACK,490,490,501,0.895141006,1.0000453,0.801277459,0.00537037803,10,49,True,False,False,False,False,False,0.72422609,False
C07_HEARTBEAT_INTEGRITY_ATTACK,491,491,502,0.895346642,1.0000453,0.801645577,0.00525414152,10,49,True,False,False,False,False,False,0.724392463,False
C07_HEARTBEAT_INTEGRITY_ATTACK,492,492,503,0.895586193,1.0000453,0.802074611,0.00513964333,10,49,True,False,False,False,False,False,0.724586275,False
C07_HEARTBEAT_INTEGRITY_ATTACK,493,493,504,0.895857453,1.0000453,0.802560627,0.00502598193,10,49,True,False,False,False,False,False,0.724805742,False
C07_HEARTBEAT_INTEGRITY_ATTACK,494,494,505,0.896158278,1.0000453,0.803099632,0.00491128443,10,49,True,False,False,False,False,False,0.725049129,False
C07_HEARTBEAT_INTEGRITY_ATTACK,495,495,506,0.896486402,1.0000453,0.803687871,0.00479931198,10,49,True,False,False,False,False,False,0.725314602,False
C07_HEARTBEAT_INTEGRITY_ATTACK,496,496,507,0.896840096,1.0000453,0.804322124,0.00468875188,10,49,True,False,False,False,False,False,0.725600762,False
C07_HEARTBEAT_INTEGRITY_ATTACK,497,497,508,0.897217155,1.0000453,0.804998577,0.00457838969,10,49,True,False,False,False,False,False,0.725905827,False
C07_HEARTBEAT_INTEGRITY_ATTACK,498,498,509,0.89761585,1.0000453,0.80571425,0.00446874183,10,49,True,False,False,False,False,False,0.726228397,False
C07_HEARTBEAT_INTEGRITY_ATTACK,499,499,510,0.898034275,1.0000453,0.806465566,0.00435982179,10,49,True,False,False,False,False,False,0.726566929,False
C07_HEARTBEAT_INTEGRITY_ATTACK,500,500,511,0.898470879,1.0000453,0.807249904,0.00425523845,10,49,True,False,False,False,False,False,0.72692017,False
C07_HEARTBEAT_INTEGRITY_ATTACK,501,501,512,0.898923695,1.0000453,0.808063805,0.00414814893,10,49,True,False,False,False,False,False,0.727286527,False
C07_HEARTBEAT_INTEGRITY_ATTACK,502,502,513,0.899391413,1.0000453,0.808904946,0.00404498214,10,49,True,False,False,False,False,False,0.727664941,False
C07_HEARTBEAT_INTEGRITY_ATTACK,503,503,514,0.899872422,1.0000453,0.809770405,0.00394198112,10,49,True,False,False,False,False,False,0.728054108,False
C07_HEARTBEAT_INTEGRITY_ATTACK,504,504,515,0.900365531,1.0000453,0.810658097,0.00384204509,10,49,True,False,False,False,False,False,0.728453065,False
C07_HEARTBEAT_INTEGRITY_ATTACK,505,505,516,0.900869191,1.0000453,0.81156534,0.00374380569,10,49,True,False,False,False,False,False,0.728860557,False
C07_HEARTBEAT_INTEGRITY_ATTACK,506,506,517,0.901382387,1.0000453,0.812490165,0.00364730833,10,49,True,False,False,False,False,False,0.729275765,False
C07_HEARTBEAT_INTEGRITY_ATTACK,507,507,518,0.90190357,1.0000453,0.813430071,0.00355066941,10,49,True,False,False,False,False,False,0.729697436,False
C07_HEARTBEAT_INTEGRITY_ATTACK,508,508,519,0.902431846,1.0000453,0.814383268,0.00345822633,10,49,True,False,False,False,False,False,0.730124844,False
C07_HEARTBEAT_INTEGRITY_ATTACK,509,509,520,0.902966142,1.0000453,0.81534785,0.00336671644,10,49,True,False,False,False,False,False,0.730557124,False
C07_HEARTBEAT_INTEGRITY_ATTACK,510,510,521,0.903505743,1.0000453,0.816322625,0.00327905035,10,49,True,False,False,False,False,False,0.730993695,False
C07_HEARTBEAT_INTEGRITY_ATTACK,511,511,522,0.904049575,1.0000453,0.817305684,0.00319147483,10,49,True,False,False,False,False,False,0.731433691,False
C07_HEARTBEAT_INTEGRITY_ATTACK,512,512,523,0.904596925,1.0000453,0.818295598,0.00310906139,10,49,True,False,False,False,False,False,0.731876531,False
C07_HEARTBEAT_INTEGRITY_ATTACK,513,513,524,0.905147254,1.0000453,0.819291532,0.00302639068,10,49,True,False,False,False,False,False,0.732321783,False
C07_HEARTBEAT_INTEGRITY_ATTACK,514,514,525,0.905699611,1.0000453,0.820291817,0.00294804992,10,49,True,False,False,False,False,False,0.732768675,False
C07_HEARTBEAT_INTEGRITY_ATTACK,515,515,526,0.906253695,1.0000453,0.821295738,0.00286956015,10,49,True,False,False,False,False,False,0.733216964,False
C07_HEARTBEAT_INTEGRITY_ATTACK,516,516,527,0.906808674,1.0000453,0.822301924,0.00279430067,10,49,True,False,False,False,False,False,0.733665978,False
C07_HEARTBEAT_INTEGRITY_ATTACK,517,517,528,0.90736407,1.0000453,0.823309541,0.00272163469,10,49,True,False,False,False,False,False,0.734115328,False
C07_HEARTBEAT_INTEGRITY_ATTACK,518,518,529,0.907919586,1.0000453,0.824317992,0.00265235477,10,49,True,False,False,False,False,False,0.734564776,False
C07_HEARTBEAT_INTEGRITY_ATTACK,519,519,530,0.90847528,1.0000453,0.825327337,0.00258534914,10,49,True,False,False,False,False,False,0.735014368,False
C07_HEARTBEAT_INTEGRITY_ATTACK,520,520,531,0.909030557,1.0000453,0.826336503,0.00252187531,10,49,True,False,False,False,False,False,0.735463622,False
C07_HEARTBEAT_INTEGRITY_ATTACK,521,521,532,0.909585357,1.0000453,0.82734549,0.00245890394,10,49,True,False,False,False,False,False,0.735912491,False
C07_HEARTBEAT_INTEGRITY_ATTACK,522,522,533,0.910139441,1.0000453,0.828353822,0.00240103924,10,49,True,False,False,False,False,False,0.73636078,False
C07_HEARTBEAT_INTEGRITY_ATTACK,523,523,534,0.91069299,1.0000453,0.829361677,0.00234478689,10,49,True,False,False,False,False,False,0.736808636,False
C07_HEARTBEAT_INTEGRITY_ATTACK,524,524,535,0.911245644,1.0000453,0.830368638,0.00229188567,10,49,True,False,False,False,False,False,0.737255769,False
C07_HEARTBEAT_INTEGRITY_ATTACK,525,525,536,0.911797583,1.0000453,0.831374824,0.00224071415,10,49,True,False,False,False,False,False,0.737702323,False
C07_HEARTBEAT_INTEGRITY_ATTACK,526,526,537,0.912348866,1.0000453,0.832380474,0.00219450425,10,49,True,False,False,False,False,False,0.738148346,False
C07_HEARTBEAT_INTEGRITY_ATTACK,527,527,538,0.912899554,1.0000453,0.833385646,0.00214921706,10,49,True,False,False,False,False,False,0.738593887,False
C07_HEARTBEAT_INTEGRITY_ATTACK,528,528,539,0.913449943,1.0000453,0.834390819,0.00210807566,10,49,True,False,False,False,False,False,0.739039187,False
C07_HEARTBEAT_INTEGRITY_ATTACK,529,529,540,0.914000332,1.0000453,0.835396647,0.00207023253,10,49,True,False,False,False,False,False,0.739484487,False
C07_HEARTBEAT_INTEGRITY_ATTACK,530,530,541,0.914550662,1.0000453,0.836402953,0.00203328859,10,49,True,False,False,False,False,False,0.739929739,False
C07_HEARTBEAT_INTEGRITY_ATTACK,531,531,542,0.915101528,1.0000453,0.837410808,0.00200126623,10,49,True,False,False,False,False,False,0.740375425,False
C07_HEARTBEAT_INTEGRITY_ATTACK,532,532,543,0.915652931,1.0000453,0.838420272,0.0019710043,10,49,True,False,False,False,False,False,0.740821544,False
C07_HEARTBEAT_INTEGRITY_ATTACK,533,533,544,0.916205227,1.0000453,0.839432061,0.00194238906,10,49,True,False,False,False,False,False,0.741268388,False
C07_HEARTBEAT_INTEGRITY_ATTACK,534,534,545,0.916759133,1.0000453,0.840447307,0.00191872485,10,49,True,False,False,False,False,False,0.741716533,False
C07_HEARTBEAT_INTEGRITY_ATTACK,535,535,546,0.917314649,1.0000453,0.841466188,0.00189679873,10,49,True,False,False,False,False,False,0.74216598,False
C07_HEARTBEAT_INTEGRITY_ATTACK,536,536,547,0.91787231,1.0000453,0.8424896,0.00187831291,10,49,True,False,False,False,False,False,0.742617163,False
C07_HEARTBEAT_INTEGRITY_ATTACK,537,537,548,0.918432951,1.0000453,0.843519032,0.00186223886,10,49,True,False,False,False,False,False,0.743070758,False
C07_HEARTBEAT_INTEGRITY_ATTACK,538,538,549,0.918996513,1.0000453,0.844554603,0.00184963492,10,49,True,False,False,False,False,False,0.743526715,False
C07_HEARTBEAT_INTEGRITY_ATTACK,539,539,550,0.919564188,1.0000453,0.84559828,0.00184033706,10,49,True,False,False,False,False,False,0.743986,False
C07_HEARTBEAT_INTEGRITY_ATTACK,540,540,551,0.920136213,1.0000453,0.84665066,0.001832732,10,49,True,False,False,False,False,False,0.744448806,False
C07_HEARTBEAT_INTEGRITY_ATTACK,541,541,552,0.920713246,1.0000453,0.847712874,0.00183020229,10,49,True,False,False,False,False,False,0.744915662,False
C07_HEARTBEAT_INTEGRITY_ATTACK,542,542,553,0.921295702,1.0000453,0.848785818,0.00182683242,10,49,True,False,False,False,False,False,0.745386906,False
C07_HEARTBEAT_INTEGRITY_ATTACK,543,543,554,0.921884298,1.0000453,0.849870622,0.00182851823,10,49,True,False,False,False,False,False,0.745863118,False
C07_HEARTBEAT_INTEGRITY_ATTACK,544,544,555,0.922479749,1.0000453,0.850968897,0.00183356612,10,49,True,False,False,False,False,False,0.746344875,False
C07_HEARTBEAT_INTEGRITY_ATTACK,545,545,556,0.923083007,1.0000453,0.852082253,0.00184034125,10,49,True,False,False,False,False,False,0.74683295,False
C07_HEARTBEAT_INTEGRITY_ATTACK,546,546,557,0.923694074,1.0000453,0.853210747,0.0018487341,10,49,True,False,False,False,False,False,0.747327342,False
C07_HEARTBEAT_INTEGRITY_ATTACK,547,547,558,0.924313843,1.0000453,0.85435605,0.00186047761,10,49,True,False,False,False,False,False,0.747828774,False
C07_HEARTBEAT_INTEGRITY_ATTACK,548,548,559,0.924943328,1.0000453,0.855520189,0.00187481078,10,49,True,False,False,False,False,False,0.748338068,False
C07_HEARTBEAT_INTEGRITY_ATTACK,549,549,560,0.925583124,1.0000453,0.856704116,0.00189245085,10,49,True,False,False,False,False,False,0.748855703,False
C07_HEARTBEAT_INTEGRITY_ATTACK,550,550,561,0.926233768,1.0000453,0.857908964,0.00191009487,10,49,True,False,False,False,False,False,0.749382116,False
C07_HEARTBEAT_INTEGRITY_ATTACK,551,551,562,0.926895797,1.0000453,0.859135866,0.0019310863,10,49,True,False,False,False,False,False,0.74991774,False
C07_HEARTBEAT_INTEGRITY_ATTACK,552,552,563,0.927570522,1.0000453,0.860387087,0.00195470965,10,49,True,False,False,False,False,False,0.750463635,False
C07_HEARTBEAT_INTEGRITY_ATTACK,553,553,564,0.928258002,1.0000453,0.861662865,0.00198059482,10,49,True,False,False,False,False,False,0.75101985,False
C07_HEARTBEAT_INTEGRITY_ATTACK,554,554,565,0.928959489,1.0000453,0.862965763,0.00200828235,10,49,True,False,False,False,False,False,0.751587398,False
C07_HEARTBEAT_INTEGRITY_ATTACK,555,555,566,0.929675817,1.0000453,0.864297152,0.00203852751,10,49,True,False,False,False,False,False,0.752166953,False
C07_HEARTBEAT_INTEGRITY_ATTACK,556,556,567,0.930407286,1.0000453,0.865657747,0.00206872681,10,49,True,False,False,False,False,False,0.752758757,False
C07_HEARTBEAT_INTEGRITY_ATTACK,557,557,568,0.931154847,1.0000453,0.867049336,0.00210386608,10,49,True,False,False,False,False,False,0.753363582,False
C07_HEARTBEAT_INTEGRITY_ATTACK,558,558,569,0.931919336,1.0000453,0.868473649,0.00213887542,10,49,True,False,False,False,False,False,0.753982103,False
C07_HEARTBEAT_INTEGRITY_ATTACK,559,559,570,0.932701766,1.0000453,0.869932592,0.00217662379,10,49,True,False,False,False,False,False,0.754615139,False
C07_HEARTBEAT_INTEGRITY_ATTACK,560,560,571,0.933502316,1.0000453,0.871426582,0.00221419195,10,49,True,False,False,False,False,False,0.755262834,False
C07_HEARTBEAT_INTEGRITY_ATTACK,561,561,572,0.93432188,1.0000453,0.872957408,0.00225504721,10,49,True,False,False,False,False,False,0.755925914,False
C07_HEARTBEAT_INTEGRITY_ATTACK,562,562,573,0.935161769,1.0000453,0.874527574,0.00229764124,10,49,True,False,False,False,False,False,0.756605438,False
C07_HEARTBEAT_INTEGRITY_ATTACK,563,563,574,0.936022341,1.0000453,0.876137853,0.00234028744,10,49,True,False,False,False,False,False,0.757301695,False
C07_HEARTBEAT_INTEGRITY_ATTACK,564,564,575,0.936903894,1.0000453,0.877788961,0.0023843043,10,49,True,False,False,False,False,False,0.758014927,False
C07_HEARTBEAT_INTEGRITY_ATTACK,565,565,576,0.93780762,1.0000453,0.879483104,0.00242925948,10,49,True,False,False,False,False,False,0.758746099,False
C07_HEARTBEAT_INTEGRITY_ATTACK,566,566,577,0.938734233,1.0000453,0.88122195,0.00247604772,10,49,True,False,False,False,False,False,0.759495788,False
C07_HEARTBEAT_INTEGRITY_ATTACK,567,567,578,0.939684033,1.0000453,0.883006096,0.00252338126,10,49,True,False,False,False,False,False,0.760264237,False
C07_HEARTBEAT_INTEGRITY_ATTACK,568,568,579,0.940658331,1.0000453,0.884838045,0.0025717637,10,49,True,False,False,False,False,False,0.761052506,False
C07_HEARTBEAT_INTEGRITY_ATTACK,569,569,580,0.941657245,1.0000453,0.886718392,0.00262157014,10,49,True,False,False,False,False,False,0.761860691,False
C07_HEARTBEAT_INTEGRITY_ATTACK,570,570,581,0.942681909,1.0000453,0.888649166,0.00267073093,10,49,True,False,False,False,False,False,0.762689709,False
C07_HEARTBEAT_INTEGRITY_ATTACK,571,571,582,0.94373256,1.0000453,0.890631139,0.00272221304,10,49,True,False,False,False,False,False,0.763539753,False
C07_HEARTBEAT_INTEGRITY_ATTACK,572,572,583,0.944810331,1.0000453,0.892666578,0.00277375779,10,49,True,False,False,False,False,False,0.764411738,False
C07_HEARTBEAT_INTEGRITY_ATTACK,573,573,584,0.945915461,1.0000453,0.894756019,0.00282445503,10,49,True,False,False,False,False,False,0.765305859,False
C07_HEARTBEAT_INTEGRITY_ATTACK,574,574,585,0.947048306,1.0000453,0.896900475,0.00287596812,10,49,True,False,False,False,False,False,0.766222403,False
C07_HEARTBEAT_INTEGRITY_ATTACK,575,575,586,0.948209703,1.0000453,0.899101675,0.00292902184,10,49,True,False,False,False,False,False,0.767162047,False
C07_HEARTBEAT_INTEGRITY_ATTACK,576,576,587,0.949400246,1.0000453,0.901360869,0.0029812071,10,49,True,False,False,False,False,False,0.768125272,False
C07_HEARTBEAT_INTEGRITY_ATTACK,577,577,588,0.95062083,1.0000453,0.903679967,0.00303359842,10,49,True,False,False,False,False,False,0.769112802,False
C07_HEARTBEAT_INTEGRITY_ATTACK,578,578,589,0.951871037,1.0000453,0.906058431,0.00308572012,10,49,True,False,False,False,False,False,0.7701243,False
C07_HEARTBEAT_INTEGRITY_ATTACK,579,579,590,0.953151882,1.0000453,0.908498466,0.00313714449,10,49,True,False,False,False,False,False,0.771160584,False
C07_HEARTBEAT_INTEGRITY_ATTACK,580,580,591,0.954463542,1.0000453,0.911000609,0.00318937399,10,49,True,False,False,False,False,False,0.772221801,False
C07_HEARTBEAT_INTEGRITY_ATTACK,581,581,592,0.955806255,1.0000453,0.913565636,0.00323985773,10,49,True,False,False,False,False,False,0.773308142,False
C07_HEARTBEAT_INTEGRITY_ATTACK,582,582,593,0.957180619,1.0000453,0.916194737,0.00329041155,10,49,True,False,False,False,False,False,0.77442009,False
C07_HEARTBEAT_INTEGRITY_ATTACK,583,583,594,0.958586633,1.0000453,0.91888839,0.00334014045,10,49,True,False,False,False,False,False,0.775557644,False
C07_HEARTBEAT_INTEGRITY_ATTACK,584,584,595,0.960024714,1.0000453,0.921647429,0.00338981138,10,49,True,False,False,False,False,False,0.776721144,False
C07_HEARTBEAT_INTEGRITY_ATTACK,585,585,596,0.961494863,1.0000453,0.924472392,0.00343778543,10,49,True,False,False,False,False,False,0.777910588,False
C07_HEARTBEAT_INTEGRITY_ATTACK,586,586,597,0.962997615,1.0000453,0.927364409,0.00348585681,10,49,True,False,False,False,False,False,0.77912641,False
C07_HEARTBEAT_INTEGRITY_ATTACK,587,587,598,0.964532852,1.0000453,0.930323601,0.00353301363,10,49,True,False,False,False,False,False,0.780368514,False
C07_HEARTBEAT_INTEGRITY_ATTACK,588,588,599,0.966100752,1.0000453,0.933350682,0.00357774552,10,49,True,False,False,False,False,False,0.781637045,False
C08_SEQUENCE_GATEWAY_ATTACK,0,0,11,0.895549953,1.0000453,0.802009761,0.0119638974,10,49,True,False,False,False,False,False,1.02216964,True
C08_SEQUENCE_GATEWAY_ATTACK,1,1,12,0.895800948,1.0000453,0.8024593,0.0119316438,10,49,True,False,False,False,False,False,1.01941397,True
C08_SEQUENCE_GATEWAY_ATTACK,2,2,13,0.896225452,1.0000453,0.803220034,0.0118952477,10,49,True,False,False,False,False,False,1.01630436,True
C08_SEQUENCE_GATEWAY_ATTACK,3,3,14,0.896821678,1.0000453,0.804289162,0.0118538812,10,49,True,False,False,False,False,False,1.01277009,True
C08_SEQUENCE_GATEWAY_ATTACK,4,4,15,0.89758718,1.0000453,0.805662751,0.0118067479,10,49,True,False,False,False,False,False,1.00874313,True
C08_SEQUENCE_GATEWAY_ATTACK,5,5,16,0.898519278,1.0000453,0.807336867,0.0117546376,10,49,True,False,False,False,False,False,1.00429093,True
C08_SEQUENCE_GATEWAY_ATTACK,6,6,17,0.89961493,1.0000453,0.809307039,0.0116975661,10,49,True,False,False,False,False,False,0.999414873,False
C08_SEQUENCE_GATEWAY_ATTACK,7,7,18,0.90087074,1.0000453,0.811568141,0.0116355568,10,49,True,False,False,False,False,False,0.99411693,False
C08_SEQUENCE_GATEWAY_ATTACK,8,8,19,0.902283192,1.0000453,0.814114928,0.0115685333,10,49,True,False,False,False,False,False,0.988390581,False
C08_SEQUENCE_GATEWAY_ATTACK,9,9,20,0.903847873,1.0000453,0.816941023,0.0114957681,10,49,True,False,False,False,False,False,0.982173682,False
C08_SEQUENCE_GATEWAY_ATTACK,10,10,21,0.905560613,1.0000453,0.820040047,0.0114188911,10,49,True,False,False,False,False,False,0.975605481,False
C08_SEQUENCE_GATEWAY_ATTACK,11,11,22,0.907417119,1.0000453,0.823405802,0.011336945,10,49,True,False,False,False,False,False,0.968604179,False
C08_SEQUENCE_GATEWAY_ATTACK,12,12,23,0.909412146,1.0000453,0.82703048,0.0112509532,10,49,True,False,False,False,False,False,0.961257224,False
C08_SEQUENCE_GATEWAY_ATTACK,13,13,24,0.911541045,1.0000453,0.830907106,0.0111599537,10,49,True,False,False,False,False,False,0.95348242,False
C08_SEQUENCE_GATEWAY_ATTACK,14,14,25,0.913798094,1.0000453,0.835026979,0.0110631846,10,49,True,False,False,False,False,False,0.945214679,False
C08_SEQUENCE_GATEWAY_ATTACK,15,15,26,0.91617769,1.0000453,0.839381576,0.0109623428,10,49,True,False,False,False,False,False,0.936598977,False
C08_SEQUENCE_GATEWAY_ATTACK,16,16,27,0.918674588,1.0000453,0.843963027,0.0108580934,10,49,True,False,False,False,False,False,0.927692128,False
C08_SEQUENCE_GATEWAY_ATTACK,17,17,28,0.921282411,1.0000453,0.84876132,0.0107473452,10,49,True,False,False,False,False,False,0.918230038,False
C08_SEQUENCE_GATEWAY_ATTACK,18,18,29,0.923995554,1.0000453,0.853767812,0.0106340498,10,49,True,False,False,False,False,False,0.908550324,False
C08_SEQUENCE_GATEWAY_ATTACK,19,19,30,0.92680794,1.0000453,0.858972967,0.010515729,10,49,True,False,False,False,False,False,0.898441249,False
C08_SEQUENCE_GATEWAY_ATTACK,20,20,31,0.929713488,1.0000453,0.864367127,0.0103949774,10,49,True,False,False,False,False,False,0.888124495,False
C08_SEQUENCE_GATEWAY_ATTACK,21,21,32,0.932705224,1.0000453,0.869939089,0.0102677783,10,49,True,False,False,False,False,False,0.877256877,False
C08_SEQUENCE_GATEWAY_ATTACK,22,22,33,0.935777545,1.0000453,0.875679612,0.0101370355,10,49,True,False,False,False,False,False,0.866086495,False
C08_SEQUENCE_GATEWAY_ATTACK,23,23,34,0.938923419,1.0000453,0.881577134,0.0100022834,10,49,True,False,False,False,False,False,0.854573563,False
C08_SEQUENCE_GATEWAY_ATTACK,24,24,35,0.942136526,1.0000453,0.887621224,0.00986334588,10,49,True,False,False,False,False,False,0.842703042,False
C08_SEQUENCE_GATEWAY_ATTACK,25,25,36,0.94541055,1.0000453,0.893801153,0.00972195901,10,49,True,False,False,False,False,False,0.830623252,False
C08_SEQUENCE_GATEWAY_ATTACK,26,26,37,0.948738933,1.0000453,0.900105596,0.00957655907,10,49,True,False,False,False,False,False,0.818200594,False
C08_SEQUENCE_GATEWAY_ATTACK,27,27,38,0.952115297,1.0000453,0.906523585,0.0094260443,10,49,True,False,False,False,False,False,0.805340936,False
C08_SEQUENCE_GATEWAY_ATTACK,28,28,39,0.955533206,1.0000453,0.913043678,0.00927485991,10,49,True,False,False,False,False,False,0.792424068,False
C08_SEQUENCE_GATEWAY_ATTACK,29,29,40,0.958986521,1.0000453,0.919655204,0.00911860634,10,49,True,False,False,False,False,False,0.779074098,False
C08_SEQUENCE_GATEWAY_ATTACK,30,30,41,0.962468922,1.0000453,0.926346421,0.0089590149,10,49,True,False,False,False,False,False,0.778698663,False
C08_SEQUENCE_GATEWAY_ATTACK,31,31,42,0.965973735,1.0000453,0.93310529,0.00879526976,10,49,True,False,False,False,False,False,0.78153428,False
C08_SEQUENCE_GATEWAY_ATTACK,32,32,43,0.969494641,1.0000453,0.939919829,0.00863098167,10,49,True,False,False,False,False,False,0.784382917,False
C08_SEQUENCE_GATEWAY_ATTACK,33,33,44,0.973026633,1.0000453,0.94678086,0.00846227538,10,49,True,False,False,False,False,False,0.787240524,False
C08_SEQUENCE_GATEWAY_ATTACK,34,34,45,0.976562917,1.0000453,0.953675151,0.00829127431,10,49,True,False,False,False,False,False,0.790101603,False
C08_SEQUENCE_GATEWAY_ATTACK,35,35,46,0.980098486,1.0000453,0.960592985,0.00811848603,10,49,True,False,False,False,False,False,0.792962104,False
C08_SEQUENCE_GATEWAY_ATTACK,36,36,47,0.983626962,1.01420283,0.967521966,0.00794165861,10,49,True,False,False,False,False,False,0.795816865,False
C08_SEQUENCE_GATEWAY_ATTACK,37,37,48,0.987142384,1.03079629,0.974450111,0.00776259042,10,49,True,False,False,False,False,False,0.798661066,False
C08_SEQUENCE_GATEWAY_ATTACK,38,38,49,0.990640044,1.04698098,0.981367707,0.00758175086,10,49,True,False,False,False,False,False,0.801490896,False
C08_SEQUENCE_GATEWAY_ATTACK,39,39,50,0.994114518,1.06273663,0.988263726,0.00739836507,10,49,True,False,False,False,False,False,0.804301966,False
C08_SEQUENCE_GATEWAY_ATTACK,40,40,51,0.997560441,1.07804263,0.995126784,0.00721259881,10,49,True,False,False,False,False,False,0.807089938,False
C08_SEQUENCE_GATEWAY_ATTACK,41,41,52,1.00097299,1.09291947,1.00194681,0.00702511054,10,49,True,False,False,False,False,False,0.809850904,False
C08_SEQUENCE_GATEWAY_ATTACK,42,42,53,1.00434744,1.10736728,1.00871384,0.00683681155,10,49,True,False,False,False,False,False,0.812581055,False
C08_SEQUENCE_GATEWAY_ATTACK,43,43,54,1.00767875,1.12132454,1.01541638,0.00664556352,10,49,True,False,False,False,False,False,0.815276292,False
C08_SEQUENCE_GATEWAY_ATTACK,44,44,55,1.01096296,1.13487315,1.02204621,0.00645313272,10,49,True,False,False,False,False,False,0.817933431,False
C08_SEQUENCE_GATEWAY_ATTACK,45,45,56,1.01419532,1.14795172,1.02859223,0.00625932869,10,49,True,False,False,False,False,False,0.820548617,False
C08_SEQUENCE_GATEWAY_ATTACK,46,46,57,1.01737154,1.16056025,1.03504479,0.00606215792,10,49,True,False,False,False,False,False,0.823118375,False
C08_SEQUENCE_GATEWAY_ATTACK,47,47,58,1.02048779,1.17276013,1.04139543,0.00586653454,10,49,True,False,False,False,False,False,0.825639619,False
C08_SEQUENCE_GATEWAY_ATTACK,48,48,59,1.02354026,1.18446958,1.04763472,0.00566978613,10,49,True,False,False,False,False,False,0.828109265,False
C08_SEQUENCE_GATEWAY_ATTACK,49,49,60,1.02652621,1.19574988,1.053756,0.00547192292,10,49,True,False,False,False,False,False,0.830525092,False
C08_SEQUENCE_GATEWAY_ATTACK,50,50,61,1.02944148,1.20656013,1.05974972,0.00527255936,10,49,True,False,False,False,False,False,0.832883725,False
C08_SEQUENCE_GATEWAY_ATTACK,51,51,62,1.03228283,1.21692085,1.06560779,0.0050733299,10,49,True,False,False,False,False,False,0.835182561,False
C08_SEQUENCE_GATEWAY_ATTACK,52,52,63,1.03504717,1.22681141,1.07132268,0.00487257075,10,49,True,False,False,False,False,False,0.837419092,False
C08_SEQUENCE_GATEWAY_ATTACK,53,53,64,1.03773201,1.23627305,1.07688761,0.00467151171,10,49,True,False,False,False,False,False,0.839591292,False
C08_SEQUENCE_GATEWAY_ATTACK,54,54,65,1.04033351,1.24524415,1.08229375,0.00447135698,10,49,True,False,False,False,False,False,0.841696074,False
C08_SEQUENCE_GATEWAY_ATTACK,55,55,66,1.04285061,1.25378609,1.08753729,0.00426987233,10,49,True,False,False,False,False,False,0.843732572,False
C08_SEQUENCE_GATEWAY_ATTACK,56,56,67,1.04528058,1.26189888,1.09261143,0.00407015253,10,49,True,False,False,False,False,False,0.845698566,False
C08_SEQUENCE_GATEWAY_ATTACK,57,57,68,1.04762137,1.26954162,1.09751058,0.00387109164,10,49,True,False,False,False,False,False,0.847592417,False
C08_SEQUENCE_GATEWAY_ATTACK,58,58,69,1.04987133,1.27673483,1.10222983,0.00367010571,10,49,True,False,False,False,False,False,0.849412775,False
C08_SEQUENCE_GATEWAY_ATTACK,59,59,70,1.05202734,1.28345811,1.10676146,0.00347091653,10,49,True,False,False,False,False,False,0.851157132,False
C08_SEQUENCE_GATEWAY_ATTACK,60,60,71,1.05408871,1.28975213,1.11110294,0.0032714915,10,49,True,False,False,False,False,False,0.852824909,False
C08_SEQUENCE_GATEWAY_ATTACK,61,61,72,1.05605376,1.2956171,1.11524963,0.0030740723,10,49,True,False,False,False,False,False,0.854414756,False
C08_SEQUENCE_GATEWAY_ATTACK,62,62,73,1.05792201,1.30105281,1.11919892,0.00287768082,10,49,True,False,False,False,False,False,0.855926288,False
C08_SEQUENCE_GATEWAY_ATTACK,63,63,74,1.05969119,1.30601859,1.12294543,0.00268260017,10,49,True,False,False,False,False,False,0.857357671,False
C08_SEQUENCE_GATEWAY_ATTACK,64,64,75,1.06136131,1.31057572,1.12648773,0.00248814281,10,49,True,False,False,False,False,False,0.858708907,False
C08_SEQUENCE_GATEWAY_ATTACK,65,65,76,1.06293094,1.31470358,1.12982225,0.00229758816,10,49,True,False,False,False,False,False,0.859978836,False
C08_SEQUENCE_GATEWAY_ATTACK,66,66,77,1.06440043,1.31840241,1.13294816,0.00210773479,10,49,True,False,False,False,False,False,0.86116775,False
C08_SEQUENCE_GATEWAY_ATTACK,67,67,78,1.06576836,1.32167208,1.13586211,0.00191879086,10,49,True,False,False,False,False,False,0.862274489,False
C08_SEQUENCE_GATEWAY_ATTACK,68,68,79,1.06703424,1.32453299,1.13856196,0.00173407025,10,49,True,False,False,False,False,False,0.86329867,False
C08_SEQUENCE_GATEWAY_ATTACK,69,69,80,1.06819844,1.32698524,1.14104795,0.00155305874,10,49,True,False,False,False,False,False,0.86424058,False
C08_SEQUENCE_GATEWAY_ATTACK,70,70,81,1.06926095,1.32902873,1.14331901,0.00137820281,10,49,True,False,False,False,False,False,0.86510022,False
C08_SEQUENCE_GATEWAY_ATTACK,71,71,82,1.07022238,1.33066356,1.14537585,0.00120834995,10,49,True,False,False,False,False,False,0.865878073,False
C08_SEQUENCE_GATEWAY_ATTACK,72,72,83,1.07108259,1.33191013,1.14721787,0.00104559469,10,49,True,False,False,False,False,False,0.866574041,False
C08_SEQUENCE_GATEWAY_ATTACK,73,73,84,1.0718416,1.33274794,1.14884436,0.000893360702,10,49,True,False,False,False,False,False,0.867188125,False
C08_SEQUENCE_GATEWAY_ATTACK,74,74,85,1.07250023,1.33321798,1.15025663,0.000760239665,10,49,True,False,False,False,False,False,0.867720999,False
C08_SEQUENCE_GATEWAY_ATTACK,75,75,86,1.0730598,1.33332014,1.15145743,0.000650180504,10,49,True,False,False,False,False,False,0.868173726,False
C08_SEQUENCE_GATEWAY_ATTACK,76,76,87,1.07352078,1.33332014,1.15244699,0.000578386069,10,49,True,False,False,False,False,False,0.86854669,False
C08_SEQUENCE_GATEWAY_ATTACK,77,77,88,1.07388401,1.33332014,1.15322697,0.000557336549,10,49,True,False,False,False,False,False,0.868840567,False
C08_SEQUENCE_GATEWAY_ATTACK,78,78,89,1.07415044,1.33332014,1.15379906,0.000590964453,10,49,True,False,False,False,False,False,0.869056128,False
C08_SEQUENCE_GATEWAY_ATTACK,79,79,90,1.07432103,1.33332014,1.15416563,0.000668953755,10,49,True,False,False,False,False,False,0.869194145,False
C08_SEQUENCE_GATEWAY_ATTACK,80,80,91,1.07439756,1.33332014,1.15433013,0.000774358283,10,49,True,False,False,False,False,False,0.869256064,False
C08_SEQUENCE_GATEWAY_ATTACK,81,81,92,1.07438159,1.33332014,1.1542958,0.00089635211,10,49,True,False,False,False,False,False,0.86924314,False
C08_SEQUENCE_GATEWAY_ATTACK,82,82,93,1.07427442,1.33332014,1.15406549,0.00102934428,10,49,True,False,False,False,False,False,0.869156433,False
C08_SEQUENCE_GATEWAY_ATTACK,83,83,94,1.07407725,1.33332014,1.15364194,0.00116891111,10,49,True,False,False,False,False,False,0.868996909,False
C08_SEQUENCE_GATEWAY_ATTACK,84,84,95,1.07379234,1.33332014,1.15302992,0.00130862813,10,49,True,False,False,False,False,False,0.868766398,False
C08_SEQUENCE_GATEWAY_ATTACK,85,85,96,1.07342148,1.33332014,1.15223372,0.00145026669,10,49,True,False,False,False,False,False,0.868466349,False
C08_SEQUENCE_GATEWAY_ATTACK,86,86,97,1.07296622,1.33332014,1.15125656,0.00159181457,10,49,True,False,False,False,False,False,0.868098014,False
C08_SEQUENCE_GATEWAY_ATTACK,87,87,98,1.07242763,1.33303404,1.15010107,0.00173365313,10,49,True,False,False,False,False,False,0.867662262,False
C08_SEQUENCE_GATEWAY_ATTACK,88,88,99,1.07180893,1.33238006,1.14877427,0.00187121844,10,49,True,False,False,False,False,False,0.867161698,False
C08_SEQUENCE_GATEWAY_ATTACK,89,89,100,1.0711118,1.33135831,1.14728057,0.00200688234,10,49,True,False,False,False,False,False,0.86659767,False
C08_SEQUENCE_GATEWAY_ATTACK,90,90,101,1.07033873,1.32996869,1.14562488,0.00214055227,10,49,True,False,False,False,False,False,0.865972206,False
C08_SEQUENCE_GATEWAY_ATTACK,91,91,102,1.06949186,1.3282522,1.14381278,0.00227211416,10,49,True,False,False,False,False,False,0.86528704,False
C08_SEQUENCE_GATEWAY_ATTACK,92,92,103,1.06857336,1.32620871,1.14184904,0.00240060361,10,49,True,False,False,False,False,False,0.864543909,False
C08_SEQUENCE_GATEWAY_ATTACK,93,93,104,1.06758487,1.32381773,1.13973749,0.00252662157,10,49,True,False,False,False,False,False,0.863744163,False
C08_SEQUENCE_GATEWAY_ATTACK,94,94,105,1.06652939,1.32107937,1.13748503,0.00264815846,10,49,True,False,False,False,False,False,0.862890213,False
C08_SEQUENCE_GATEWAY_ATTACK,95,95,106,1.06540954,1.31805503,1.13509738,0.00276812236,10,49,True,False,False,False,False,False,0.861984181,False
C08_SEQUENCE_GATEWAY_ATTACK,96,96,107,1.06422722,1.31470358,1.13257968,0.00288339215,10,49,True,False,False,False,False,False,0.861027611,False
C08_SEQUENCE_GATEWAY_ATTACK,97,97,108,1.0629853,1.31104565,1.12993777,0.00299571222,10,49,True,False,False,False,False,False,0.860022816,False
C08_SEQUENCE_GATEWAY_ATTACK,98,98,109,1.0616858,1.30706084,1.12717664,0.00310450839,10,49,True,False,False,False,False,False,0.858971438,False
C08_SEQUENCE_GATEWAY_ATTACK,99,99,110,1.06033206,1.3028307,1.12430418,0.00321051572,10,49,True,False,False,False,False,False,0.857876175,False
C08_SEQUENCE_GATEWAY_ATTACK,100,100,111,1.05892611,1.29831445,1.12132442,0.00331254164,10,49,True,False,False,False,False,False,0.856738669,False
C08_SEQUENCE_GATEWAY_ATTACK,101,101,112,1.05747032,1.29351223,1.11824346,0.0034106872,10,49,True,False,False,False,False,False,0.855560847,False
C08_SEQUENCE_GATEWAY_ATTACK,102,102,113,1.05596733,1.28844428,1.11506701,0.00350571307,10,49,True,False,False,False,False,False,0.854344832,False
C08_SEQUENCE_GATEWAY_ATTACK,103,103,114,1.05442011,1.28313112,1.11180186,0.00359651842,10,49,True,False,False,False,False,False,0.853093034,False
C08_SEQUENCE_GATEWAY_ATTACK,104,104,115,1.05283058,1.27755225,1.10845232,0.00368435867,10,49,True,False,False,False,False,False,0.851806998,False
C08_SEQUENCE_GATEWAY_ATTACK,105,105,116,1.05120206,1.27174866,1.10502577,0.00376793486,10,49,True,False,False,False,False,False,0.850489423,False
C08_SEQUENCE_GATEWAY_ATTACK,106,106,117,1.04953623,1.26569974,1.10152626,0.00384845724,10,49,True,False,False,False,False,False,0.84914166,False
C08_SEQUENCE_GATEWAY_ATTACK,107,107,118,1.04783618,1.25944662,1.09796059,0.0039255959,10,49,True,False,False,False,False,False,0.847766216,False
C08_SEQUENCE_GATEWAY_ATTACK,108,108,119,1.04610419,1.25296867,1.09433401,0.00399779854,10,49,True,False,False,False,False,False,0.846364925,False
C08_SEQUENCE_GATEWAY_ATTACK,109,109,120,1.04434276,1.24626589,1.09065175,0.00406693527,10,49,True,False,False,False,False,False,0.84493981,False
C08_SEQUENCE_GATEWAY_ATTACK,110,110,121,1.04255474,1.23937917,1.0869205,0.00413184427,10,49,True,False,False,False,False,False,0.843493188,False
C08_SEQUENCE_GATEWAY_ATTACK,111,111,122,1.0407424,1.23230851,1.08314466,0.00419437233,10,49,True,False,False,False,False,False,0.842026891,False
C08_SEQUENCE_GATEWAY_ATTACK,112,112,123,1.03890765,1.22505403,1.07932901,0.00425278023,10,49,True,False,False,False,False,False,0.840542461,False
C08_SEQUENCE_GATEWAY_ATTACK,113,113,124,1.03705323,1.2176156,1.07547939,0.00430712057,10,49,True,False,False,False,False,False,0.839042117,False
C08_SEQUENCE_GATEWAY_ATTACK,114,114,125,1.03518176,1.21003413,1.07160139,0.00435809093,10,49,True,False,False,False,False,False,0.837527981,False
C08_SEQUENCE_GATEWAY_ATTACK,115,115,126,1.03329539,1.20226872,1.06769943,0.00440420024,10,49,True,False,False,False,False,False,0.83600179,False
C08_SEQUENCE_GATEWAY_ATTACK,116,116,127,1.03139651,1.19438064,1.06377864,0.00444867183,10,49,True,False,False,False,False,False,0.834465471,False
C08_SEQUENCE_GATEWAY_ATTACK,117,117,128,1.02948725,1.18632913,1.0598439,0.00448737713,10,49,True,False,False,False,False,False,0.832920761,False
C08_SEQUENCE_GATEWAY_ATTACK,118,118,129,1.02756989,1.17815506,1.05589986,0.00452364422,10,49,True,False,False,False,False,False,0.831369493,False
C08_SEQUENCE_GATEWAY_ATTACK,119,119,130,1.02564657,1.16987884,1.05195081,0.00455741771,10,49,True,False,False,False,False,False,0.829813403,False
C08_SEQUENCE_GATEWAY_ATTACK,120,120,131,1.02371871,1.16145945,1.0480001,0.00458628405,10,49,True,False,False,False,False,False,0.828253647,False
C08_SEQUENCE_GATEWAY_ATTACK,121,121,132,1.02178931,1.15295839,1.04405344,0.00461264933,10,49,True,False,False,False,False,False,0.826692638,False
C08_SEQUENCE_GATEWAY_ATTACK,122,122,133,1.01985967,1.14433467,1.04011369,0.00463493355,10,49,True,False,False,False,False,False,0.825131435,False
C08_SEQUENCE_GATEWAY_ATTACK,123,123,134,1.01793194,1.1356293,1.0361855,0.00465390692,10,49,True,False,False,False,False,False,0.823571776,False
C08_SEQUENCE_GATEWAY_ATTACK,124,124,135,1.01600826,1.12684214,1.03227282,0.0046695848,10,49,True,False,False,False,False,False,0.822015396,False
C08_SEQUENCE_GATEWAY_ATTACK,125,125,136,1.01409006,1.11799359,1.02837861,0.0046827849,10,49,True,False,False,False,False,False,0.820463453,False
C08_SEQUENCE_GATEWAY_ATTACK,126,126,137,1.01217902,1.10908389,1.02450633,0.0046926802,10,49,True,False,False,False,False,False,0.818917297,False
C08_SEQUENCE_GATEWAY_ATTACK,127,127,138,1.01027668,1.10009229,1.02065897,0.00469845999,10,49,True,False,False,False,False,False,0.817378181,False
C08_SEQUENCE_GATEWAY_ATTACK,128,128,139,1.0083847,1.09108031,1.01683962,0.00470341276,10,49,True,False,False,False,False,False,0.815847456,False
C08_SEQUENCE_GATEWAY_ATTACK,129,129,140,229.401886,2141.78101,52625.2227,239.686951,10,49,True,False,False,False,False,False,34447.6305,True
C08_SEQUENCE_GATEWAY_ATTACK,130,130,141,324.421661,2141.78101,105249.422,239.686951,10,49,True,False,False,False,False,False,68894.5911,True
C08_SEQUENCE_GATEWAY_ATTACK,131,131,142,397.333099,2141.78101,157873.594,239.686951,10,49,True,False,False,False,False,False,103341.534,True
C08_SEQUENCE_GATEWAY_ATTACK,132,132,143,458.800415,2141.78101,210497.812,239.686951,10,49,True,False,False,False,False,False,137788.507,True
C08_SEQUENCE_GATEWAY_ATTACK,133,133,144,512.954224,2141.78101,263122.031,239.686951,10,49,True,False,False,False,False,False,172235.481,True
C08_SEQUENCE_GATEWAY_ATTACK,134,134,145,561.912964,2141.78101,315746.188,239.686951,10,49,True,False,False,False,False,False,206682.413,True
C08_SEQUENCE_GATEWAY_ATTACK,135,135,146,606.935242,2141.78101,368370.406,239.686951,10,49,True,False,False,False,False,False,241129.386,True
C08_SEQUENCE_GATEWAY_ATTACK,136,136,147,648.841003,2141.78101,420994.625,239.686951,10,49,True,False,False,False,False,False,275576.36,True
C08_SEQUENCE_GATEWAY_ATTACK,137,137,148,688.199707,2141.78101,473618.812,239.686951,10,49,True,False,False,False,False,False,310023.313,True
C08_SEQUENCE_GATEWAY_ATTACK,138,138,149,725.426086,2141.78101,526243,239.686951,10,49,True,False,False,False,False,False,344470.266,True
C08_SEQUENCE_GATEWAY_ATTACK,139,139,150,760.83313,2141.78101,578867.062,239.686951,10,49,True,False,False,False,False,False,378917.137,True
C08_SEQUENCE_GATEWAY_ATTACK,140,140,151,794.664246,2141.78101,631491.25,0.00453479961,10,49,True,False,False,False,False,False,413364.09,True
C08_SEQUENCE_GATEWAY_ATTACK,141,141,152,794.664246,2141.78101,631491.25,0.00450504012,10,49,True,False,False,False,False,False,413364.09,True
C08_SEQUENCE_GATEWAY_ATTACK,142,142,153,794.664246,2141.78101,631491.25,0.00447526528,10,49,True,False,False,False,False,False,413364.09,True
C08_SEQUENCE_GATEWAY_ATTACK,143,143,154,794.664246,2141.78101,631491.25,0.0044421535,10,49,True,False,False,False,False,False,413364.09,True
C08_SEQUENCE_GATEWAY_ATTACK,144,144,155,794.664246,2141.78101,631491.25,0.00440827338,10,49,True,False,False,False,False,False,413364.09,True
C08_SEQUENCE_GATEWAY_ATTACK,145,145,156,794.664246,2141.78101,631491.25,0.0043718135,10,49,True,False,False,False,False,False,413364.09,True
C08_SEQUENCE_GATEWAY_ATTACK,146,146,157,794.664246,2141.78101,631491.25,0.00433377083,10,49,True,False,False,False,False,False,413364.09,True
C08_SEQUENCE_GATEWAY_ATTACK,147,147,158,794.664246,2141.78101,631491.25,0.00429484434,10,49,True,False,False,False,False,False,413364.09,True
C08_SEQUENCE_GATEWAY_ATTACK,148,148,159,794.664246,2141.78101,631491.25,0.00425423216,10,49,True,False,False,False,False,False,413364.09,True
C08_SEQUENCE_GATEWAY_ATTACK,149,149,160,760.83313,2141.78101,578867.062,239.686951,10,49,True,False,False,False,False,False,378917.137,True
C08_SEQUENCE_GATEWAY_ATTACK,150,150,161,725.426025,2141.78101,526242.938,239.686951,10,49,True,False,False,False,False,False,344470.225,True
C08_SEQUENCE_GATEWAY_ATTACK,151,151,162,688.199585,2141.78101,473618.688,239.686951,10,49,True,False,False,False,False,False,310023.231,True
C08_SEQUENCE_GATEWAY_ATTACK,152,152,163,648.840942,2141.78101,420994.531,239.686951,10,49,True,False,False,False,False,False,275576.298,True
C08_SEQUENCE_GATEWAY_ATTACK,153,153,164,606.935242,2141.78101,368370.406,239.686951,10,49,True,False,False,False,False,False,241129.386,True
C08_SEQUENCE_GATEWAY_ATTACK,154,154,165,561.912964,2141.78101,315746.156,239.686951,10,49,True,False,False,False,False,False,206682.393,True
C08_SEQUENCE_GATEWAY_ATTACK,155,155,166,512.954163,2141.78101,263121.969,239.686951,10,49,True,False,False,False,False,False,172235.44,True
C08_SEQUENCE_GATEWAY_ATTACK,156,156,167,458.800385,2141.78101,210497.781,239.686951,10,49,True,False,False,False,False,False,137788.487,True
C08_SEQUENCE_GATEWAY_ATTACK,157,157,168,397.333038,2141.78101,157873.531,239.686951,10,49,True,False,False,False,False,False,103341.493,True
C08_SEQUENCE_GATEWAY_ATTACK,158,158,169,324.421539,2141.78101,105249.328,239.686951,10,49,True,False,False,False,False,False,68894.5297,True
C08_SEQUENCE_GATEWAY_ATTACK,159,159,170,229.401672,2141.78101,52625.1289,239.686951,10,49,True,False,False,False,False,False,34447.5691,True
C08_SEQUENCE_GATEWAY_ATTACK,160,160,171,0.95918715,1.0000453,0.920039952,0.00370465149,10,49,True,False,False,False,False,False,0.776043501,False
C08_SEQUENCE_GATEWAY_ATTACK,161,161,172,0.958082974,1.0000453,0.917923033,0.00365641923,10,49,True,False,False,False,False,False,0.775150152,False
C08_SEQUENCE_GATEWAY_ATTACK,162,162,173,0.957004786,1.0000453,0.91585815,0.00360827451,10,49,True,False,False,False,False,False,0.774277829,False
C08_SEQUENCE_GATEWAY_ATTACK,163,163,174,0.95595181,1.0000453,0.91384387,0.00356009696,10,49,True,False,False,False,False,False,0.773425905,False
C08_SEQUENCE_GATEWAY_ATTACK,164,164,175,0.954923749,1.0000453,0.91187942,0.00351188588,10,49,True,False,False,False,False,False,0.772594138,False
C08_SEQUENCE_GATEWAY_ATTACK,165,165,176,0.953920007,1.0000453,0.909963429,0.00346621149,10,49,True,False,False,False,False,False,0.771782046,False
C08_SEQUENCE_GATEWAY_ATTACK,166,166,177,0.95293963,1.0000453,0.908093989,0.00341963931,10,49,True,False,False,False,False,False,0.770988859,False
C08_SEQUENCE_GATEWAY_ATTACK,167,167,178,0.951982617,1.0000453,0.906270921,0.00337305455,10,49,True,False,False,False,False,False,0.770214575,False
C08_SEQUENCE_GATEWAY_ATTACK,168,168,179,0.951048374,1.0000453,0.904493034,0.00332813198,10,49,True,False,False,False,False,False,0.769458713,False
C08_SEQUENCE_GATEWAY_ATTACK,169,169,180,0.950136244,1.0000453,0.902758837,0.00328231766,10,49,True,False,False,False,False,False,0.768720742,False
C08_SEQUENCE_GATEWAY_ATTACK,170,170,181,0.949245691,1.0000453,0.901067436,0.0032407511,10,49,True,False,False,False,False,False,0.768000227,False
C08_SEQUENCE_GATEWAY_ATTACK,171,171,182,0.948375463,1.0000453,0.899416029,0.00319821993,10,49,True,False,False,False,False,False,0.767296158,False
C08_SEQUENCE_GATEWAY_ATTACK,172,172,183,0.94752574,1.0000453,0.897804976,0.00315572927,10,49,True,False,False,False,False,False,0.766608677,False
C08_SEQUENCE_GATEWAY_ATTACK,173,173,184,0.946695685,1.0000453,0.896232665,0.00311573525,10,49,True,False,False,False,False,False,0.76593711,False
C08_SEQUENCE_GATEWAY_ATTACK,174,174,185,0.945884526,1.0000453,0.894697487,0.00307659246,10,49,True,False,False,False,False,False,0.76528083,False
C08_SEQUENCE_GATEWAY_ATTACK,175,175,186,0.945091307,1.0000453,0.893197596,0.003039876,10,49,True,False,False,False,False,False,0.764639066,False
C08_SEQUENCE_GATEWAY_ATTACK,176,176,187,0.944315553,1.0000453,0.891731858,0.00300315558,10,49,True,False,False,False,False,False,0.764011431,False
C08_SEQUENCE_GATEWAY_ATTACK,177,177,188,0.943556428,1.0000453,0.890298784,0.00296889711,10,49,True,False,False,False,False,False,0.763397251,False
C08_SEQUENCE_GATEWAY_ATTACK,178,178,189,0.942813456,1.0000453,0.88889724,0.00293634227,10,49,True,False,False,False,False,False,0.762796139,False
C08_SEQUENCE_GATEWAY_ATTACK,179,179,190,0.942085505,1.0000453,0.887525141,0.00290540978,10,49,True,False,False,False,False,False,0.76220718,False
C08_SEQUENCE_GATEWAY_ATTACK,180,180,191,0.941372275,1.0000453,0.886181712,0.00287621282,10,49,True,False,False,False,False,False,0.761630132,False
C08_SEQUENCE_GATEWAY_ATTACK,181,181,192,0.940672517,1.0000453,0.884864748,0.00284858583,10,49,True,False,False,False,False,False,0.761063983,False
C08_SEQUENCE_GATEWAY_ATTACK,182,182,193,0.939985812,1.0000453,0.883573353,0.00282263733,10,49,True,False,False,False,False,False,0.760508395,False
C08_SEQUENCE_GATEWAY_ATTACK,183,183,194,0.939311683,1.0000453,0.882306457,0.0027992588,10,49,True,False,False,False,False,False,0.759962982,False
C08_SEQUENCE_GATEWAY_ATTACK,184,184,195,0.938648582,1.0000453,0.881061137,0.00277912943,10,49,True,False,False,False,False,False,0.759426491,False
C08_SEQUENCE_GATEWAY_ATTACK,185,185,196,0.93799597,1.0000453,0.87983644,0.00276072952,10,49,True,False,False,False,False,False,0.758898487,False
C08_SEQUENCE_GATEWAY_ATTACK,186,186,197,0.937353253,1.0000453,0.878631175,0.00274313847,10,49,True,False,False,False,False,False,0.758378488,False
C08_SEQUENCE_GATEWAY_ATTACK,187,187,198,0.936719775,1.0000453,0.87744391,0.00272890949,10,49,True,False,False,False,False,False,0.757865963,False
C08_SEQUENCE_GATEWAY_ATTACK,188,188,199,0.936094582,1.0000453,0.876273036,0.00271633477,10,49,True,False,False,False,False,False,0.757360142,False
C08_SEQUENCE_GATEWAY_ATTACK,189,189,200,0.935477138,1.0000453,0.875117421,0.00270628324,10,49,True,False,False,False,False,False,0.75686059,False
C08_SEQUENCE_GATEWAY_ATTACK,190,190,201,0.93486625,1.0000453,0.873974919,0.00269956142,10,49,True,False,False,False,False,False,0.756366343,False
C08_SEQUENCE_GATEWAY_ATTACK,191,191,202,0.93426156,1.0000453,0.872844636,0.00269537303,10,49,True,False,False,False,False,False,0.755877111,False
C08_SEQUENCE_GATEWAY_ATTACK,192,192,203,0.933662057,1.0000453,0.871724784,0.00269285659,10,49,True,False,False,False,False,False,0.755392075,False
C08_SEQUENCE_GATEWAY_ATTACK,193,193,204,0.933066845,1.0000453,0.870613694,0.0026945374,10,49,True,False,False,False,False,False,0.75491051,False
C08_SEQUENCE_GATEWAY_ATTACK,194,194,205,0.932475507,1.0000453,0.869510591,0.00269788411,10,49,True,False,False,False,False,False,0.75443208,False
C08_SEQUENCE_GATEWAY_ATTACK,195,195,206,0.93188715,1.0000453,0.868413627,0.00270293024,10,49,True,False,False,False,False,False,0.753956062,False
C08_SEQUENCE_GATEWAY_ATTACK,196,196,207,0.931301177,1.0000453,0.867321849,0.00271217222,10,49,True,False,False,False,False,False,0.753481972,False
C08_SEQUENCE_GATEWAY_ATTACK,197,197,208,0.930716932,1.0000453,0.866234004,0.00272390898,10,49,True,False,False,False,False,False,0.753009281,False
C08_SEQUENCE_GATEWAY_ATTACK,198,198,209,0.930133641,1.0000453,0.865148544,0.00273816381,10,49,True,False,False,False,False,False,0.752537361,False
C08_SEQUENCE_GATEWAY_ATTACK,199,199,210,0.929550469,1.0000453,0.864064097,0.00275578676,10,49,True,False,False,False,False,False,0.752065538,False
C08_SEQUENCE_GATEWAY_ATTACK,200,200,211,0.928967059,1.0000453,0.862979829,0.00277588866,10,49,True,False,False,False,False,False,0.751593522,False
C08_SEQUENCE_GATEWAY_ATTACK,201,201,212,0.928382218,1.0000453,0.861893535,0.00279946229,10,49,True,False,False,False,False,False,0.751120349,False
C08_SEQUENCE_GATEWAY_ATTACK,202,202,213,0.927796125,1.0000453,0.86080569,0.00282458216,10,49,True,False,False,False,False,False,0.750646162,False
C08_SEQUENCE_GATEWAY_ATTACK,203,203,214,0.927207589,1.0000453,0.859713912,0.00285481685,10,49,True,False,False,False,False,False,0.750169999,False
C08_SEQUENCE_GATEWAY_ATTACK,204,204,215,0.926616311,1.0000453,0.858617842,0.00288501917,10,49,True,False,False,False,False,False,0.749691617,False
C08_SEQUENCE_GATEWAY_ATTACK,205,205,216,0.926021814,1.0000453,0.857516408,0.00292107603,10,49,True,False,False,False,False,False,0.749210632,False
C08_SEQUENCE_GATEWAY_ATTACK,206,206,217,0.925423324,1.0000453,0.856408358,0.00295880134,10,49,True,False,False,False,False,False,0.748726415,False
C08_SEQUENCE_GATEWAY_ATTACK,207,207,218,0.924820602,1.0000453,0.855293095,0.00299906568,10,49,True,False,False,False,False,False,0.748238774,False
C08_SEQUENCE_GATEWAY_ATTACK,208,208,219,0.924213171,1.0000453,0.854170024,0.00304260291,10,49,True,False,False,False,False,False,0.747747324,False
C08_SEQUENCE_GATEWAY_ATTACK,209,209,220,0.923600435,1.0000453,0.853037715,0.0030903921,10,49,True,False,False,False,False,False,0.747251582,False
C08_SEQUENCE_GATEWAY_ATTACK,210,210,221,0.922982037,1.0000453,0.851895869,0.00313980528,10,49,True,False,False,False,False,False,0.746751258,False
C08_SEQUENCE_GATEWAY_ATTACK,211,211,222,0.922357738,1.0000453,0.85074383,0.00319337845,10,49,True,False,False,False,False,False,0.746246161,False
C08_SEQUENCE_GATEWAY_ATTACK,212,212,223,0.921727061,1.0000453,0.849580824,0.00324787176,10,49,True,False,False,False,False,False,0.745735903,False
C08_SEQUENCE_GATEWAY_ATTACK,213,213,224,0.921090364,1.0000453,0.848407447,0.0033071842,10,49,True,False,False,False,False,False,0.745220775,False
C08_SEQUENCE_GATEWAY_ATTACK,214,214,225,0.920446694,1.0000453,0.84722209,0.00336748292,10,49,True,False,False,False,False,False,0.744700004,False
C08_SEQUENCE_GATEWAY_ATTACK,215,215,226,0.919796467,1.0000453,0.846025527,0.00343264639,10,49,True,False,False,False,False,False,0.744173929,False
C08_SEQUENCE_GATEWAY_ATTACK,216,216,227,0.919139266,1.0000453,0.844817042,0.00349869393,10,49,True,False,False,False,False,False,0.743642212,False
C08_SEQUENCE_GATEWAY_ATTACK,217,217,228,0.918475211,1.0000453,0.843596697,0.00356892147,10,49,True,False,False,False,False,False,0.743104949,False
C08_SEQUENCE_GATEWAY_ATTACK,218,218,229,0.91780442,1.0000453,0.842364967,0.00364067289,10,49,True,False,False,False,False,False,0.742562236,False
C08_SEQUENCE_GATEWAY_ATTACK,219,219,230,0.917126715,1.0000453,0.841121376,0.00371666765,10,49,True,False,False,False,False,False,0.74201393,False
C08_SEQUENCE_GATEWAY_ATTACK,220,220,231,0.916442156,1.0000453,0.839866221,0.00379443495,10,49,True,False,False,False,False,False,0.741460078,False
C08_SEQUENCE_GATEWAY_ATTACK,221,221,232,0.915751398,1.0000453,0.838600576,0.00387448468,10,49,True,False,False,False,False,False,0.74090121,False
C08_SEQUENCE_GATEWAY_ATTACK,222,222,233,0.915054321,1.0000453,0.83732444,0.00395714445,10,49,True,False,False,False,False,False,0.740337231,False
C08_SEQUENCE_GATEWAY_ATTACK,223,223,234,0.914351702,1.0000453,0.836039007,0.00404217001,10,49,True,False,False,False,False,False,0.739768767,False
C08_SEQUENCE_GATEWAY_ATTACK,224,224,235,0.913643599,1.0000453,0.834744573,0.00413062377,10,49,True,False,False,False,False,False,0.739195867,False
C08_SEQUENCE_GATEWAY_ATTACK,225,225,236,0.912930489,1.0000453,0.833442092,0.00422058813,10,49,True,False,False,False,False,False,0.738618915,False
C08_SEQUENCE_GATEWAY_ATTACK,226,226,237,0.912212968,1.0000453,0.832132518,0.0043140715,10,49,True,False,False,False,False,False,0.738038395,False
C08_SEQUENCE_GATEWAY_ATTACK,227,227,238,0.911491871,1.0000453,0.830817461,0.0044080345,10,49,True,False,False,False,False,False,0.737454982,False
C08_SEQUENCE_GATEWAY_ATTACK,228,228,239,0.910767794,1.0000453,0.829497993,0.00450470205,10,49,True,False,False,False,False,False,0.736869157,False
C08_SEQUENCE_GATEWAY_ATTACK,229,229,240,0.910041511,1.0000453,0.828175545,0.00460546883,10,49,True,False,False,False,False,False,0.736281548,False
C08_SEQUENCE_GATEWAY_ATTACK,230,230,241,0.909313858,1.0000453,0.826851726,0.00470530475,10,49,True,False,False,False,False,False,0.73569283,False
C08_SEQUENCE_GATEWAY_ATTACK,231,231,242,0.908585906,1.0000453,0.825528383,0.00480864057,10,49,True,False,False,False,False,False,0.735103871,False
C08_SEQUENCE_GATEWAY_ATTACK,232,232,243,0.907858729,1.0000453,0.824207485,0.00491520576,10,49,True,False,False,False,False,False,0.734515539,False
C08_SEQUENCE_GATEWAY_ATTACK,233,233,244,0.90713352,1.0000453,0.822891176,0.00502071995,10,49,True,False,False,False,False,False,0.733928798,False
C08_SEQUENCE_GATEWAY_ATTACK,234,234,245,0.90641135,1.0000453,0.821581483,0.00513053034,10,49,True,False,False,False,False,False,0.733344517,False
C08_SEQUENCE_GATEWAY_ATTACK,235,235,246,0.905693591,1.0000453,0.82028091,0.0052403342,10,49,True,False,False,False,False,False,0.732763804,False
C08_SEQUENCE_GATEWAY_ATTACK,236,236,247,0.904981732,1.0000453,0.818991899,0.00535342516,10,49,True,False,False,False,False,False,0.732187865,False
C08_SEQUENCE_GATEWAY_ATTACK,237,237,248,0.904277146,1.0000453,0.817717195,0.00546571426,10,49,True,False,False,False,False,False,0.73161781,False
C08_SEQUENCE_GATEWAY_ATTACK,238,238,249,0.903581738,1.0000453,0.816459954,0.00558196614,10,49,True,False,False,False,False,False,0.731055181,False
C08_SEQUENCE_GATEWAY_ATTACK,239,239,250,0.902896941,1.0000453,0.815222859,0.00569735654,10,49,True,False,False,False,False,False,0.730501136,False
C08_SEQUENCE_GATEWAY_ATTACK,240,240,251,0.902224481,1.0000453,0.814009011,0.00581464544,10,49,True,False,False,False,False,False,0.729957073,False
C08_SEQUENCE_GATEWAY_ATTACK,241,241,252,0.901566446,1.0000453,0.812822044,0.0059350701,10,49,True,False,False,False,False,False,0.729424681,False
C08_SEQUENCE_GATEWAY_ATTACK,242,242,253,0.900924623,1.0000453,0.811665177,0.00605381932,10,49,True,False,False,False,False,False,0.728905405,False
C08_SEQUENCE_GATEWAY_ATTACK,243,243,254,0.900301158,1.0000453,0.810542226,0.0061734817,10,49,True,False,False,False,False,False,0.728400983,False
C08_SEQUENCE_GATEWAY_ATTACK,244,244,255,0.899698317,1.0000453,0.809457064,0.00629623933,10,49,True,False,False,False,False,False,0.727913246,False
C08_SEQUENCE_GATEWAY_ATTACK,245,245,256,0.899118006,1.0000453,0.808413148,0.00641836552,10,49,True,False,False,False,False,False,0.727443737,False
C08_SEQUENCE_GATEWAY_ATTACK,246,246,257,0.898562729,1.0000453,0.807414949,0.00654207496,10,49,True,False,False,False,False,False,0.726994483,False
C08_SEQUENCE_GATEWAY_ATTACK,247,247,258,0.898034751,1.0000453,0.80646646,0.00666405028,10,49,True,False,False,False,False,False,0.726567315,False
C08_SEQUENCE_GATEWAY_ATTACK,248,248,259,0.897536874,1.0000453,0.80557245,0.00678761536,10,49,True,False,False,False,False,False,0.7261645,False
C08_SEQUENCE_GATEWAY_ATTACK,249,249,260,0.897071302,1.0000453,0.804736912,0.00691216672,10,49,True,False,False,False,False,False,0.725787823,False
C08_SEQUENCE_GATEWAY_ATTACK,250,250,261,0.896640778,1.0000453,0.803964674,0.00703735929,10,49,True,False,False,False,False,False,0.725439502,False
C08_SEQUENCE_GATEWAY_ATTACK,251,251,262,0.896247804,1.0000453,0.803260088,0.00716096023,10,49,True,False,False,False,False,False,0.725121561,False
C08_SEQUENCE_GATEWAY_ATTACK,252,252,263,0.895895302,1.0000453,0.802628398,0.00728553906,10,49,True,False,False,False,False,False,0.724836365,False
C08_SEQUENCE_GATEWAY_ATTACK,253,253,264,0.895586073,1.0000453,0.802074373,0.0074089691,10,49,True,False,False,False,False,False,0.724586179,False
C08_SEQUENCE_GATEWAY_ATTACK,254,254,265,0.895322859,1.0000453,0.801603019,0.00753427576,10,49,True,False,False,False,False,False,0.724373222,False
C08_SEQUENCE_GATEWAY_ATTACK,255,255,266,0.895108581,1.0000453,0.801219344,0.00765693793,10,49,True,False,False,False,False,False,0.724199857,False
C08_SEQUENCE_GATEWAY_ATTACK,256,256,267,0.894946098,1.0000453,0.800928533,0.00777968811,10,49,True,False,False,False,False,False,0.724068398,False
C08_SEQUENCE_GATEWAY_ATTACK,257,257,268,0.894838572,1.0000453,0.80073607,0.00790162757,10,49,True,False,False,False,False,False,0.723981402,False
C08_SEQUENCE_GATEWAY_ATTACK,258,258,269,0.894788802,1.0000453,0.80064702,0.0080242753,10,49,True,False,False,False,False,False,0.723941135,False
C08_SEQUENCE_GATEWAY_ATTACK,259,259,270,0.894799829,1.0000453,0.800666749,0.00814522523,10,49,True,False,False,False,False,False,0.723950056,False
C08_SEQUENCE_GATEWAY_ATTACK,260,260,271,0.894874692,1.0000453,0.800800741,0.00826552697,10,49,True,False,False,False,False,False,0.724010626,False
C08_SEQUENCE_GATEWAY_ATTACK,261,261,272,0.895016432,1.0000453,0.801054418,0.00838492066,10,49,True,False,False,False,False,False,0.724125302,False
C08_SEQUENCE_GATEWAY_ATTACK,262,262,273,0.895227969,1.0000453,0.801433146,0.00850253645,10,49,True,False,False,False,False,False,0.726438414,False
C08_SEQUENCE_GATEWAY_ATTACK,263,263,274,0.895512342,1.0000453,0.801942408,0.00861776527,10,49,True,False,False,False,False,False,0.736283316,False
C08_SEQUENCE_GATEWAY_ATTACK,264,264,275,0.895872533,1.0000453,0.802587569,0.00873456988,10,49,True,False,False,False,False,False,0.74626285,False
C08_SEQUENCE_GATEWAY_ATTACK,265,265,276,0.896311522,1.0000453,0.80337429,0.00884734653,10,49,True,False,False,False,False,False,0.755898244,False
C08_SEQUENCE_GATEWAY_ATTACK,266,266,277,0.896831989,1.0000453,0.80430764,0.0089590922,10,49,True,False,False,False,False,False,0.765445554,False
C08_SEQUENCE_GATEWAY_ATTACK,267,267,278,0.897437036,1.0000453,0.805393279,0.00907016266,10,49,True,False,False,False,False,False,0.774935175,False
C08_SEQUENCE_GATEWAY_ATTACK,268,268,279,0.898129404,1.0000453,0.806636393,0.00917869434,10,49,True,False,False,False,False,False,0.784207888,False
C08_SEQUENCE_GATEWAY_ATTACK,269,269,280,0.898911715,1.0000453,0.808042228,0.00928559341,10,49,True,False,False,False,False,False,0.793341114,False
C08_SEQUENCE_GATEWAY_ATTACK,270,270,281,0.899786592,1.0000453,0.80961591,0.00938990247,10,49,True,False,False,False,False,False,0.802253056,False
C08_SEQUENCE_GATEWAY_ATTACK,271,271,282,0.900756657,1.0000453,0.811362505,0.00949185248,10,49,True,False,False,False,False,False,0.810963446,False
C08_SEQUENCE_GATEWAY_ATTACK,272,272,283,0.901824296,1.0000453,0.81328702,0.00959126838,10,49,True,False,False,False,False,False,0.819457326,False
C08_SEQUENCE_GATEWAY_ATTACK,273,273,284,0.902991593,1.0000453,0.815393865,0.00968895759,10,49,True,False,False,False,False,False,0.827803682,False
C08_SEQUENCE_GATEWAY_ATTACK,274,274,285,0.904261231,1.0000453,0.817688406,0.00978503004,10,49,True,False,False,False,False,False,0.836011905,False
C08_SEQUENCE_GATEWAY_ATTACK,275,275,286,0.90563488,1.0000453,0.820174575,0.00987611618,10,49,True,False,False,False,False,False,0.843794109,False
C08_SEQUENCE_GATEWAY_ATTACK,276,276,287,0.907114565,1.0000453,0.822856843,0.00996555947,10,49,True,False,False,False,False,False,0.851435951,False
C08_SEQUENCE_GATEWAY_ATTACK,277,277,288,0.908702075,1.0000453,0.825739503,0.0100532919,10,49,True,False,False,False,False,False,0.858931622,False
C08_SEQUENCE_GATEWAY_ATTACK,278,278,289,0.910399258,1.0000453,0.828826845,0.010136974,10,49,True,False,False,False,False,False,0.866081243,False
C08_SEQUENCE_GATEWAY_ATTACK,279,279,290,0.912207186,1.0000453,0.832121909,0.0102172745,10,49,True,False,False,False,False,False,0.872941945,False
C08_SEQUENCE_GATEWAY_ATTACK,280,280,291,0.914127409,1.0000453,0.835628927,0.0102951517,10,49,True,False,False,False,False,False,0.879595605,False
C08_SEQUENCE_GATEWAY_ATTACK,281,281,292,0.916161001,1.0000453,0.839350998,0.0103704864,10,49,True,False,False,False,False,False,0.886032038,False
C08_SEQUENCE_GATEWAY_ATTACK,282,282,293,0.918308794,1.0000453,0.843291044,0.0104408571,10,49,True,False,False,False,False,False,0.892044362,False
C08_SEQUENCE_GATEWAY_ATTACK,283,283,294,0.920571506,1.0000453,0.847451866,0.0105087431,10,49,True,False,False,False,False,False,0.897844392,False
C08_SEQUENCE_GATEWAY_ATTACK,284,284,295,0.922949672,1.0000453,0.851836085,0.0105733043,10,49,True,False,False,False,False,False,0.903360358,False
C08_SEQUENCE_GATEWAY_ATTACK,285,285,296,0.925444007,1.0000453,0.856446624,0.0106346142,10,49,True,False,False,False,False,False,0.908598543,False
C08_SEQUENCE_GATEWAY_ATTACK,286,286,297,0.928053975,1.0000453,0.861284196,0.0106916856,10,49,True,False,False,False,False,False,0.913474605,False
C08_SEQUENCE_GATEWAY_ATTACK,287,287,298,0.930779994,1.0000453,0.866351366,0.0107454937,10,49,True,False,False,False,False,False,0.918071852,False
C08_SEQUENCE_GATEWAY_ATTACK,288,288,299,0.933621526,1.0000453,0.871649206,0.0107951565,10,49,True,False,False,False,False,False,0.922314933,False
C08_SEQUENCE_GATEWAY_ATTACK,289,289,300,0.936577976,1.0000453,0.877178252,0.0108398469,10,49,True,False,False,False,False,False,0.926133189,False
C08_SEQUENCE_GATEWAY_ATTACK,290,290,301,0.939648509,1.0000453,0.882939339,0.010882047,10,49,True,False,False,False,False,False,0.929738673,False
C08_SEQUENCE_GATEWAY_ATTACK,291,291,302,0.942832589,1.0000453,0.888933241,0.0109193036,10,49,True,False,False,False,False,False,0.932921799,False
C08_SEQUENCE_GATEWAY_ATTACK,292,292,303,0.946128488,1.0000453,0.895159066,0.0109524103,10,49,True,False,False,False,False,False,0.935750361,False
C08_SEQUENCE_GATEWAY_ATTACK,293,293,304,0.949534655,1.0000453,0.901616096,0.0109813577,10,49,True,False,False,False,False,False,0.938223562,False
C08_SEQUENCE_GATEWAY_ATTACK,294,294,305,0.953050256,1.0000453,0.908304811,0.0110070193,10,49,True,False,False,False,False,False,0.940416039,False
C08_SEQUENCE_GATEWAY_ATTACK,295,295,306,0.956673265,1.0000453,0.915223777,0.0110285403,10,49,True,False,False,False,False,False,0.942254747,False
C08_SEQUENCE_GATEWAY_ATTACK,296,296,307,0.960401356,1.0000453,0.922370732,0.0110434387,10,49,True,False,False,False,False,False,0.943527631,False
C08_SEQUENCE_GATEWAY_ATTACK,297,297,308,0.964231789,1.0000453,0.929742992,0.0110558448,10,49,True,False,False,False,False,False,0.944587586,False
C08_SEQUENCE_GATEWAY_ATTACK,298,298,309,0.968163013,1.0000453,0.937339664,0.0110632936,10,49,True,False,False,False,False,False,0.945223988,False
C08_SEQUENCE_GATEWAY_ATTACK,299,299,310,0.972191751,1.0000453,0.945156813,0.0110657755,10,49,True,False,False,False,False,False,0.945436043,False
C08_SEQUENCE_GATEWAY_ATTACK,300,300,311,0.976315677,1.0000453,0.953192353,0.0110657755,10,49,True,False,False,False,False,False,0.945436043,False
C08_SEQUENCE_GATEWAY_ATTACK,301,301,312,0.980531156,1.02315354,0.961441338,0.0110583343,10,49,True,False,False,False,False,False,0.944800277,False
C08_SEQUENCE_GATEWAY_ATTACK,302,302,313,0.984835207,1.04626584,0.969900429,0.0110475766,10,49,True,False,False,False,False,False,0.943881162,False
C08_SEQUENCE_GATEWAY_ATTACK,303,303,314,0.989223897,1.06925547,0.978563905,0.0110310409,10,49,True,False,False,False,False,False,0.942468393,False
C08_SEQUENCE_GATEWAY_ATTACK,304,304,315,0.993694663,1.09220433,0.987429082,0.0110128373,10,49,True,False,False,False,False,False,0.940913114,False
C08_SEQUENCE_GATEWAY_ATTACK,305,305,316,0.998243093,1.11498964,0.996489286,0.0109863728,10,49,True,False,False,False,False,False,0.938652047,False
C08_SEQUENCE_GATEWAY_ATTACK,306,306,317,1.00286555,1.13769317,1.00573921,0.0109565733,10,49,True,False,False,False,False,False,0.93610604,False
C08_SEQUENCE_GATEWAY_ATTACK,307,307,318,1.00755751,1.16025376,1.01517224,0.0109226648,10,49,True,False,False,False,False,False,0.933208968,False
C08_SEQUENCE_GATEWAY_ATTACK,308,308,319,1.01231503,1.1826508,1.0247817,0.010882983,10,49,True,False,False,False,False,False,0.929818641,False
C08_SEQUENCE_GATEWAY_ATTACK,309,309,320,1.01713336,1.20488441,1.03456032,0.0108375084,10,49,True,False,False,False,False,False,0.925933388,False
C08_SEQUENCE_GATEWAY_ATTACK,310,310,321,1.02200866,1.22699535,1.04450178,0.0107895304,10,49,True,False,False,False,False,False,0.92183425,False
C08_SEQUENCE_GATEWAY_ATTACK,311,311,322,1.02693665,1.24892247,1.05459881,0.0107349074,10,49,True,False,False,False,False,False,0.917167378,False
C08_SEQUENCE_GATEWAY_ATTACK,312,312,323,1.0319109,1.27062476,1.0648402,0.0106762629,10,49,True,False,False,False,False,False,0.912156922,False
C08_SEQUENCE_GATEWAY_ATTACK,313,313,324,1.03692865,1.29216349,1.07522094,0.0106125725,10,49,True,False,False,False,False,False,0.906715355,False
C08_SEQUENCE_GATEWAY_ATTACK,314,314,325,1.04198372,1.31347752,1.08573008,0.0105448235,10,49,True,False,False,False,False,False,0.900927021,False
C08_SEQUENCE_GATEWAY_ATTACK,315,315,326,1.04707229,1.3345871,1.09636045,0.0104703531,10,49,True,False,False,False,False,False,0.894564429,False
C08_SEQUENCE_GATEWAY_ATTACK,316,316,327,1.05218828,1.35547197,1.10710025,0.0103934864,10,49,True,False,False,False,False,False,0.887997103,False
C08_SEQUENCE_GATEWAY_ATTACK,317,317,328,1.05732715,1.37609112,1.11794078,0.0103091588,10,49,True,False,False,False,False,False,0.88079234,False
C08_SEQUENCE_GATEWAY_ATTACK,318,318,329,1.06248355,1.39648557,1.1288712,0.0102214953,10,49,True,False,False,False,False,False,0.873302557,False
C08_SEQUENCE_GATEWAY_ATTACK,319,319,330,1.06765223,1.41661429,1.13988125,0.0101297572,10,49,True,False,False,False,False,False,0.865464654,False
C08_SEQUENCE_GATEWAY_ATTACK,320,320,331,1.07282865,1.43647742,1.15096128,0.010033913,10,49,True,False,False,False,False,False,0.867986713,False
C08_SEQUENCE_GATEWAY_ATTACK,321,321,332,1.07800663,1.45601356,1.16209841,0.0099298181,10,49,True,False,False,False,False,False,0.872176025,False
C08_SEQUENCE_GATEWAY_ATTACK,322,322,333,1.08318138,1.47530448,1.17328191,0.00982314814,10,49,True,False,False,False,False,False,0.876362732,False
C08_SEQUENCE_GATEWAY_ATTACK,323,323,334,1.08834696,1.49426842,1.18449914,0.00971251819,10,49,True,False,False,False,False,False,0.880542013,False
C08_SEQUENCE_GATEWAY_ATTACK,324,324,335,1.09349895,1.51292574,1.19573998,0.0095960144,10,49,True,False,False,False,False,False,0.884710298,False
C08_SEQUENCE_GATEWAY_ATTACK,325,325,336,1.09863234,1.53129709,1.2069931,0.00947699603,10,49,True,False,False,False,False,False,0.888863538,False
C08_SEQUENCE_GATEWAY_ATTACK,326,326,337,1.10374129,1.54930055,1.21824491,0.00935144909,10,49,True,False,False,False,False,False,0.892997006,False
C08_SEQUENCE_GATEWAY_ATTACK,327,327,338,1.10882008,1.56695664,1.22948205,0.00922095682,10,49,True,False,False,False,False,False,0.897106073,False
C08_SEQUENCE_GATEWAY_ATTACK,328,328,339,1.11386395,1.58428574,1.24069297,0.0090880096,10,49,True,False,False,False,False,False,0.90118688,False
C08_SEQUENCE_GATEWAY_ATTACK,329,329,340,1.11886764,1.60122657,1.25186479,0.00894848257,10,49,True,False,False,False,False,False,0.905235185,False
C08_SEQUENCE_GATEWAY_ATTACK,330,330,341,1.12382567,1.61782002,1.26298416,0.00880560093,10,49,True,False,False,False,False,False,0.90924655,False
C08_SEQUENCE_GATEWAY_ATTACK,331,331,342,1.12873352,1.63404572,1.27403939,0.00865854695,10,49,True,False,False,False,False,False,0.91321731,False
C08_SEQUENCE_GATEWAY_ATTACK,332,332,343,1.13358581,1.64988303,1.28501689,0.00850923546,10,49,True,False,False,False,False,False,0.917143126,False
C08_SEQUENCE_GATEWAY_ATTACK,333,333,344,1.13837814,1.66531169,1.29590487,0.00835322589,10,49,True,False,False,False,False,False,0.921020428,False
C08_SEQUENCE_GATEWAY_ATTACK,334,334,345,1.14310503,1.68035197,1.30668914,0.00819481071,10,49,True,False,False,False,False,False,0.924844781,False
C08_SEQUENCE_GATEWAY_ATTACK,335,335,346,1.14776218,1.69498372,1.31735814,0.00803228281,10,49,True,False,False,False,False,False,0.928612711,False
C08_SEQUENCE_GATEWAY_ATTACK,336,336,347,1.15234494,1.70920658,1.32789874,0.00786462147,10,49,True,False,False,False,False,False,0.932320458,False
C08_SEQUENCE_GATEWAY_ATTACK,337,337,348,1.15684712,1.72298002,1.33829534,0.00769397989,10,49,True,False,False,False,False,False,0.935963006,False
C08_SEQUENCE_GATEWAY_ATTACK,338,338,349,1.16126573,1.7363447,1.34853804,0.00752083212,10,49,True,False,False,False,False,False,0.939537944,False
C08_SEQUENCE_GATEWAY_ATTACK,339,339,350,1.16559541,1.74923933,1.35861278,0.00734199816,10,49,True,False,False,False,False,False,0.943040932,False
C08_SEQUENCE_GATEWAY_ATTACK,340,340,351,1.16983199,1.76170492,1.36850691,0.00716163218,10,49,True,False,False,False,False,False,0.946468595,False
C08_SEQUENCE_GATEWAY_ATTACK,341,341,352,1.17397165,1.77372086,1.37820947,0.00697707804,10,49,True,False,False,False,False,False,0.949817845,False
C08_SEQUENCE_GATEWAY_ATTACK,342,342,353,1.17800963,1.78526676,1.38770664,0.00678846845,10,49,True,False,False,False,False,False,0.953084825,False
C08_SEQUENCE_GATEWAY_ATTACK,343,343,354,1.18194151,1.79634261,1.39698577,0.00659666164,10,49,True,False,False,False,False,False,0.956265966,False
C08_SEQUENCE_GATEWAY_ATTACK,344,344,355,1.18576455,1.80698943,1.40603745,0.006403937,10,49,True,False,False,False,False,False,0.95935905,False
C08_SEQUENCE_GATEWAY_ATTACK,345,345,356,1.18947363,1.81710494,1.41484761,0.00620582467,10,49,True,False,False,False,False,False,0.962359931,False
C08_SEQUENCE_GATEWAY_ATTACK,346,346,357,1.19306576,1.82677078,1.423406,0.00600590371,10,49,True,False,False,False,False,False,0.965266195,False
C08_SEQUENCE_GATEWAY_ATTACK,347,347,358,1.19653666,1.83592582,1.43170011,0.00580206839,10,49,True,False,False,False,False,False,0.968074373,False
C08_SEQUENCE_GATEWAY_ATTACK,348,348,359,1.19988334,1.84461081,1.43972015,0.00559754251,10,49,True,False,False,False,False,False,0.970782051,False
C08_SEQUENCE_GATEWAY_ATTACK,349,349,360,1.20310271,1.85278487,1.44745612,0.0053889649,10,49,True,False,False,False,False,False,0.973386724,False
C08_SEQUENCE_GATEWAY_ATTACK,350,350,361,1.20619047,1.86044812,1.4548955,0.00517925201,10,49,True,False,False,False,False,False,0.975884917,False
C08_SEQUENCE_GATEWAY_ATTACK,351,351,362,1.20914507,1.86762094,1.46203184,0.00496697985,10,49,True,False,False,False,False,False,0.978275379,False
C08_SEQUENCE_GATEWAY_ATTACK,352,352,363,1.21196294,1.87428284,1.46885407,0.00475243852,10,49,True,False,False,False,False,False,0.980555214,False
C08_SEQUENCE_GATEWAY_ATTACK,353,353,364,1.21464062,1.88041341,1.47535181,0.00453598564,10,49,True,False,False,False,False,False,0.982741339,False
C08_SEQUENCE_GATEWAY_ATTACK,354,354,365,1.21717656,1.88605356,1.48151886,0.00431879656,10,49,True,False,False,False,False,False,0.985688992,False
C08_SEQUENCE_GATEWAY_ATTACK,355,355,366,1.21956813,1.8911624,1.48734629,0.00409748685,10,49,True,False,False,False,False,False,0.98835897,False
C08_SEQUENCE_GATEWAY_ATTACK,356,356,367,1.22181141,1.89573979,1.49282324,0.00387734314,10,49,True,False,False,False,False,False,0.990751209,False
C08_SEQUENCE_GATEWAY_ATTACK,357,357,368,1.22390628,1.8998065,1.4979465,0.0036546581,10,49,True,False,False,False,False,False,0.99287655,False
C08_SEQUENCE_GATEWAY_ATTACK,358,358,369,1.22584951,1.90334177,1.50270689,0.00343214651,10,49,True,False,False,False,False,False,0.994724153,False
C08_SEQUENCE_GATEWAY_ATTACK,359,359,370,1.22764015,1.90636623,1.50710046,0.00320814829,10,49,True,False,False,False,False,False,0.996304795,False
C08_SEQUENCE_GATEWAY_ATTACK,360,360,371,1.22927547,1.90883887,1.51111829,0.00298399408,10,49,True,False,False,False,False,False,0.997597045,False
C08_SEQUENCE_GATEWAY_ATTACK,361,361,372,1.23075426,1.91078019,1.51475608,0.00276037585,10,49,True,False,False,False,False,False,0.998611619,False
C08_SEQUENCE_GATEWAY_ATTACK,362,362,373,1.23207629,1.91223109,1.51801193,0.00253715855,10,49,True,False,False,False,False,False,0.999369886,False
C08_SEQUENCE_GATEWAY_ATTACK,363,363,374,1.23323846,1.91308939,1.52087724,0.00231391913,10,49,True,False,False,False,False,False,0.999818454,False
C08_SEQUENCE_GATEWAY_ATTACK,364,364,375,1.23424017,1.91343677,1.52334893,0.0020939603,10,49,True,False,False,False,False,False,1,False
C08_SEQUENCE_GATEWAY_ATTACK,365,365,376,1.23508167,1.91343677,1.52542663,0.00187546038,10,49,True,False,False,False,False,False,1,False
C08_SEQUENCE_GATEWAY_ATTACK,366,366,377,1.23576117,1.91343677,1.52710569,0.00166197587,10,49,True,False,False,False,False,False,1,False
C08_SEQUENCE_GATEWAY_ATTACK,367,367,378,1.2362783,1.91343677,1.52838409,0.00145568,10,49,True,False,False,False,False,False,1.00045582,True
C08_SEQUENCE_GATEWAY_ATTACK,368,368,379,1.23663259,1.91343677,1.52926028,0.00125870435,10,49,True,False,False,False,False,False,1.00102936,True
C08_SEQUENCE_GATEWAY_ATTACK,369,369,380,1.23682344,1.91343677,1.52973223,0.0010782337,10,49,True,False,False,False,False,False,1.00133829,True
C08_SEQUENCE_GATEWAY_ATTACK,370,370,381,1.23685181,1.91343677,1.52980232,0.000921057188,10,49,True,False,False,False,False,False,1.00138417,True
C08_SEQUENCE_GATEWAY_ATTACK,371,371,382,1.23671651,1.91343677,1.52946782,0.000806819065,10,49,True,False,False,False,False,False,1.00116522,True
C08_SEQUENCE_GATEWAY_ATTACK,372,372,383,1.23641872,1.91343677,1.52873123,0.000751154788,10,49,True,False,False,False,False,False,1.00068305,True
C08_SEQUENCE_GATEWAY_ATTACK,373,373,384,1.23595822,1.91343677,1.52759278,0.000766634766,10,49,True,False,False,False,False,False,1,False
C08_SEQUENCE_GATEWAY_ATTACK,374,374,385,1.2353344,1.91343677,1.52605116,0.000852601253,10,49,True,False,False,False,False,False,1,False
C08_SEQUENCE_GATEWAY_ATTACK,375,375,386,1.23455095,1.91343677,1.52411604,0.000983644277,10,49,True,False,False,False,False,False,1,False
C08_SEQUENCE_GATEWAY_ATTACK,376,376,387,1.23360753,1.91327333,1.52178741,0.00114814565,10,49,True,False,False,False,False,False,0.999914585,False
C08_SEQUENCE_GATEWAY_ATTACK,377,377,388,1.23250389,1.91257846,1.51906586,0.00133426394,10,49,True,False,False,False,False,False,0.999551432,False
C08_SEQUENCE_GATEWAY_ATTACK,378,378,389,1.23124182,1.91133201,1.5159564,0.00153147138,10,49,True,False,False,False,False,False,0.998900011,False
C08_SEQUENCE_GATEWAY_ATTACK,379,379,390,1.22982323,1.90955412,1.51246524,0.00173541263,10,49,True,False,False,False,False,False,0.997970852,False
C08_SEQUENCE_GATEWAY_ATTACK,380,380,391,1.22824895,1.90724492,1.50859535,0.00194609223,10,49,True,False,False,False,False,False,0.996764017,False
C08_SEQUENCE_GATEWAY_ATTACK,381,381,392,1.22652149,1.90444529,1.50435507,0.00215716031,10,49,True,False,False,False,False,False,0.995300874,False
C08_SEQUENCE_GATEWAY_ATTACK,382,382,393,1.22464144,1.90109384,1.49974656,0.00237084273,10,49,True,False,False,False,False,False,0.99354934,False
C08_SEQUENCE_GATEWAY_ATTACK,383,383,394,1.22261178,1.89723158,1.49477971,0.00258344132,10,49,True,False,False,False,False,False,0.991530846,False
C08_SEQUENCE_GATEWAY_ATTACK,384,384,395,1.22043371,1.89281762,1.48945856,0.00279740104,10,49,True,False,False,False,False,False,0.989224021,False
C08_SEQUENCE_GATEWAY_ATTACK,385,385,396,1.21811128,1.88789272,1.48379505,0.00300861406,10,49,True,False,False,False,False,False,0.986650174,False
C08_SEQUENCE_GATEWAY_ATTACK,386,386,397,1.21564639,1.88249779,1.47779608,0.00322029064,10,49,True,False,False,False,False,False,0.983830674,False
C08_SEQUENCE_GATEWAY_ATTACK,387,387,398,1.21303952,1.87657154,1.47146499,0.0034319472,10,49,True,False,False,False,False,False,0.981426235,False
C08_SEQUENCE_GATEWAY_ATTACK,388,388,399,1.21029532,1.87011397,1.46481478,0.00363915064,10,49,True,False,False,False,False,False,0.979206005,False
C08_SEQUENCE_GATEWAY_ATTACK,389,389,400,1.2074157,1.86316597,1.45785272,0.00384732033,10,49,True,False,False,False,False,False,0.976876209,False
C08_SEQUENCE_GATEWAY_ATTACK,390,390,401,1.20440459,1.85572755,1.45059037,0.00405115308,10,49,True,False,False,False,False,False,0.974440031,False
C08_SEQUENCE_GATEWAY_ATTACK,391,391,402,1.20126426,1.84775782,1.44303584,0.00425278395,10,49,True,False,False,False,False,False,0.971899304,False
C08_SEQUENCE_GATEWAY_ATTACK,392,392,403,1.19799888,1.83933854,1.43520141,0.00445354218,10,49,True,False,False,False,False,False,0.969257403,False
C08_SEQUENCE_GATEWAY_ATTACK,393,393,404,1.19461119,1.83040822,1.42709601,0.00464967219,10,49,True,False,False,False,False,False,0.966516546,False
C08_SEQUENCE_GATEWAY_ATTACK,394,394,405,1.19110501,1.82102847,1.41873121,0.00484514795,10,49,True,False,False,False,False,False,0.96367982,False
C08_SEQUENCE_GATEWAY_ATTACK,395,395,406,1.18748271,1.8111378,1.41011512,0.00503712101,10,49,True,False,False,False,False,False,0.960749154,False
C08_SEQUENCE_GATEWAY_ATTACK,396,396,407,1.18374956,1.80081797,1.40126288,0.00522626052,10,49,True,False,False,False,False,False,0.957728791,False
C08_SEQUENCE_GATEWAY_ATTACK,397,397,408,1.17990863,1.79002821,1.39218438,0.00541140884,10,49,True,False,False,False,False,False,0.95462124,False
C08_SEQUENCE_GATEWAY_ATTACK,398,398,409,1.17596328,1.77874792,1.38288951,0.00559394294,10,49,True,False,False,False,False,False,0.9514292,False
C08_SEQUENCE_GATEWAY_ATTACK,399,399,410,1.17191875,1.76705885,1.37339365,0.00577368401,10,49,True,False,False,False,False,False,0.948156915,False
C08_SEQUENCE_GATEWAY_ATTACK,400,400,411,1.16777885,1.75487947,1.36370742,0.00594710885,10,49,True,False,False,False,False,False,0.944807472,False
C08_SEQUENCE_GATEWAY_ATTACK,401,401,412,1.16354811,1.74231184,1.35384417,0.00612059282,10,49,True,False,False,False,False,False,0.941384536,False
C08_SEQUENCE_GATEWAY_ATTACK,402,402,413,1.15923023,1.72929454,1.34381473,0.00628832821,10,49,True,False,False,False,False,False,0.937891096,False
C08_SEQUENCE_GATEWAY_ATTACK,403,403,414,1.15482974,1.71584809,1.33363175,0.00645301212,10,49,True,False,False,False,False,False,0.934330818,False
C08_SEQUENCE_GATEWAY_ATTACK,404,404,415,1.15035117,1.70201337,1.32330775,0.0066151754,10,49,True,False,False,False,False,False,0.930707367,False
C08_SEQUENCE_GATEWAY_ATTACK,405,405,416,1.1457994,1.68774962,1.31285632,0.0067707058,10,49,True,False,False,False,False,False,0.927024696,False
C08_SEQUENCE_GATEWAY_ATTACK,406,406,417,1.14117944,1.67307711,1.30229044,0.00692229625,10,49,True,False,False,False,False,False,0.923286858,False
C08_SEQUENCE_GATEWAY_ATTACK,407,407,418,1.13649547,1.65803671,1.29162192,0.00707236445,10,49,True,False,False,False,False,False,0.919497226,False
C08_SEQUENCE_GATEWAY_ATTACK,408,408,419,1.13175237,1.64262855,1.28086352,0.007217295,10,49,True,False,False,False,False,False,0.915659757,False
C08_SEQUENCE_GATEWAY_ATTACK,409,409,420,1.12695491,1.62681162,1.2700274,0.00735665252,10,49,True,False,False,False,False,False,0.911778307,False
C08_SEQUENCE_GATEWAY_ATTACK,410,410,421,1.1221081,1.61064732,1.25912654,0.00749361981,10,49,True,False,False,False,False,False,0.907856928,False
C08_SEQUENCE_GATEWAY_ATTACK,411,411,422,1.1172173,1.59415603,1.24817455,0.00762537913,10,49,True,False,False,False,False,False,0.90389996,False
C08_SEQUENCE_GATEWAY_ATTACK,412,412,423,1.11228645,1.57727647,1.23718107,0.00775249582,10,49,True,False,False,False,False,False,0.899910585,False
C08_SEQUENCE_GATEWAY_ATTACK,413,413,424,1.10732126,1.56009042,1.22616041,0.0078762183,10,49,True,False,False,False,False,False,0.895893433,False
C08_SEQUENCE_GATEWAY_ATTACK,414,414,425,1.10232663,1.542557,1.21512413,0.0079942178,10,49,True,False,False,False,False,False,0.891852459,False
C08_SEQUENCE_GATEWAY_ATTACK,415,415,426,1.09730804,1.52469647,1.20408487,0.00810732227,10,49,True,False,False,False,False,False,0.887792098,False
C08_SEQUENCE_GATEWAY_ATTACK,416,416,427,1.09227037,1.50657046,1.19305456,0.00821787026,10,49,True,False,False,False,False,False,0.883716306,False
C08_SEQUENCE_GATEWAY_ATTACK,417,417,428,1.08721793,1.48813784,1.18204272,0.00832349621,10,49,True,False,False,False,False,False,0.879628554,False
C08_SEQUENCE_GATEWAY_ATTACK,418,418,429,1.08215582,1.46937823,1.17106128,0.00842261687,10,49,True,False,False,False,False,False,0.87553299,False
C08_SEQUENCE_GATEWAY_ATTACK,419,419,430,1.07708991,1.45037341,1.16012275,0.00851924345,10,49,True,False,False,False,False,False,0.87143434,False
C08_SEQUENCE_GATEWAY_ATTACK,420,420,431,1.0720253,1.43110299,1.14923835,0.0086091524,10,49,True,False,False,False,False,False,0.867336751,False
C08_SEQUENCE_GATEWAY_ATTACK,421,421,432,1.06696618,1.41154635,1.13841677,0.0086951144,10,49,True,False,False,False,False,False,0.863243598,False
C08_SEQUENCE_GATEWAY_ATTACK,422,422,433,1.06191838,1.3917855,1.12767076,0.00877680536,10,49,True,False,False,False,False,False,0.859159608,False
C08_SEQUENCE_GATEWAY_ATTACK,423,423,434,1.05688584,1.37175894,1.11700761,0.00885365438,10,49,True,False,False,False,False,False,0.855087963,False
C08_SEQUENCE_GATEWAY_ATTACK,424,424,435,1.0518738,1.35150754,1.10643852,0.00892553944,10,49,True,False,False,False,False,False,0.851032907,False
C08_SEQUENCE_GATEWAY_ATTACK,425,425,436,1.04688764,1.33105183,1.09597361,0.00899242889,10,49,True,False,False,False,False,False,0.84699878,False
C08_SEQUENCE_GATEWAY_ATTACK,426,426,437,1.04193127,1.31039178,1.08562076,0.00905521773,10,49,True,False,False,False,False,False,0.842988766,False
C08_SEQUENCE_GATEWAY_ATTACK,427,427,438,1.03700984,1.2895273,1.07538939,0.00911222305,10,49,True,False,False,False,False,False,0.83900701,False
C08_SEQUENCE_GATEWAY_ATTACK,428,428,439,1.03212738,1.26847899,1.06528699,0.0091659762,10,49,True,False,False,False,False,False,0.835056793,False
C08_SEQUENCE_GATEWAY_ATTACK,429,429,440,1.02728915,1.24726713,1.05532289,0.00921389088,10,49,True,False,False,False,False,False,0.831142358,False
C08_SEQUENCE_GATEWAY_ATTACK,430,430,441,1.02249873,1.22587144,1.04550374,0.00925689284,10,49,True,False,False,False,False,False,0.827266599,False
C08_SEQUENCE_GATEWAY_ATTACK,431,431,442,1.01776135,1.20437348,1.03583825,0.009296529,10,49,True,False,False,False,False,False,0.823433759,False
C08_SEQUENCE_GATEWAY_ATTACK,432,432,443,1.01307988,1.18269169,1.02633083,0.00933043566,10,49,True,False,False,False,False,False,0.819646153,False
C08_SEQUENCE_GATEWAY_ATTACK,433,433,444,1.00845969,1.16090775,1.01699102,0.00935933925,10,49,True,False,False,False,False,False,0.815908122,False
C08_SEQUENCE_GATEWAY_ATTACK,434,434,445,1.00390387,1.13898063,1.00782299,0.00938331429,10,49,True,False,False,False,False,False,0.812222172,False
C08_SEQUENCE_GATEWAY_ATTACK,435,435,446,0.999416649,1.11695147,0.998833656,0.00940315798,10,49,True,False,False,False,False,False,0.808591728,False
C08_SEQUENCE_GATEWAY_ATTACK,436,436,447,0.995001256,1.09484041,0.990027547,0.00941969454,10,49,True,False,False,False,False,False,0.805019394,False
C08_SEQUENCE_GATEWAY_ATTACK,437,437,448,0.990661383,1.07262731,0.981410027,0.0094296122,10,49,True,False,False,False,False,False,0.80564577,False
C08_SEQUENCE_GATEWAY_ATTACK,438,438,449,0.986400485,1.05035281,0.972985923,0.00943622459,10,49,True,False,False,False,False,False,0.806210718,False
C08_SEQUENCE_GATEWAY_ATTACK,439,439,450,0.982221246,1.02797616,0.964758575,0.0094370516,10,49,True,False,False,False,False,False,0.806281376,False
C08_SEQUENCE_GATEWAY_ATTACK,440,440,451,0.97812748,1.00557911,0.956733406,0.00943457149,10,49,True,False,False,False,False,False,0.806069481,False
C08_SEQUENCE_GATEWAY_ATTACK,441,441,452,0.974121332,1.0000453,0.948912382,0.00942712743,10,49,True,False,False,False,False,False,0.805433476,False
C08_SEQUENCE_GATEWAY_ATTACK,442,442,453,0.970205903,1.0000453,0.941299498,0.00941555295,10,49,True,False,False,False,False,False,0.804444578,False
C08_SEQUENCE_GATEWAY_ATTACK,443,443,454,0.96638304,1.0000453,0.933896184,0.0093998285,10,49,True,False,False,False,False,False,0.803101115,False
C08_SEQUENCE_GATEWAY_ATTACK,444,444,455,0.962655485,1.0000453,0.926705599,0.00938081555,10,49,True,False,False,False,False,False,0.801476689,False
C08_SEQUENCE_GATEWAY_ATTACK,445,445,456,0.959025145,1.0000453,0.919729173,0.00935601816,10,49,True,False,False,False,False,False,0.799358053,False
C08_SEQUENCE_GATEWAY_ATTACK,446,446,457,0.955493629,1.0000453,0.912968099,0.00932789035,10,49,True,False,False,False,False,False,0.796954874,False
C08_SEQUENCE_GATEWAY_ATTACK,447,447,458,0.952063024,1.0000453,0.906423986,0.00929478649,10,49,True,False,False,False,False,False,0.794126551,False
C08_SEQUENCE_GATEWAY_ATTACK,448,448,459,0.948734879,1.0000453,0.900097907,0.00925922859,10,49,True,False,False,False,False,False,0.791088561,False
C08_SEQUENCE_GATEWAY_ATTACK,449,449,460,0.94550997,1.0000453,0.893989146,0.00921951048,10,49,True,False,False,False,False,False,0.787695131,False
C08_SEQUENCE_GATEWAY_ATTACK,450,450,461,0.942389846,1.0000453,0.888098598,0.00917484704,10,49,True,False,False,False,False,False,0.783879183,False
C08_SEQUENCE_GATEWAY_ATTACK,451,451,462,0.939375162,1.0000453,0.882425725,0.00912767742,10,49,True,False,False,False,False,False,0.779849112,False
C08_SEQUENCE_GATEWAY_ATTACK,452,452,463,0.936466813,1.0000453,0.876970112,0.00907557551,10,49,True,False,False,False,False,False,0.775397637,False
C08_SEQUENCE_GATEWAY_ATTACK,453,453,464,0.933665216,1.0000453,0.871730745,0.00902097393,10,49,True,False,False,False,False,False,0.770732595,False
C08_SEQUENCE_GATEWAY_ATTACK,454,454,465,0.93097049,1.0000453,0.866706014,0.00896219444,10,49,True,False,False,False,False,False,0.765710602,False
C08_SEQUENCE_GATEWAY_ATTACK,455,455,466,0.928382933,1.0000453,0.861894906,0.0089001311,10,49,True,False,False,False,False,False,0.760408044,False
C08_SEQUENCE_GATEWAY_ATTACK,456,456,467,0.925902665,1.0000453,0.857295692,0.0088356249,10,49,True,False,False,False,False,False,0.754896774,False
C08_SEQUENCE_GATEWAY_ATTACK,457,457,468,0.92352891,1.0000453,0.852905691,0.0087661352,10,49,True,False,False,False,False,False,0.748959723,False
C08_SEQUENCE_GATEWAY_ATTACK,458,458,469,0.921261489,1.0000453,0.848722756,0.00869494118,10,49,True,False,False,False,False,False,0.745359226,False
C08_SEQUENCE_GATEWAY_ATTACK,459,459,470,0.919099927,1.0000453,0.844744682,0.0086196484,10,49,True,False,False,False,False,False,0.743610384,False
C08_SEQUENCE_GATEWAY_ATTACK,460,460,471,0.917043269,1.0000453,0.84096837,0.00854101405,10,49,True,False,False,False,False,False,0.741946416,False
C08_SEQUENCE_GATEWAY_ATTACK,461,461,472,0.91509074,1.0000453,0.837391078,0.00846075453,10,49,True,False,False,False,False,False,0.740366696,False
C08_SEQUENCE_GATEWAY_ATTACK,462,462,473,0.913240671,1.0000453,0.834008574,0.00837788638,10,49,True,False,False,False,False,False,0.738869873,False
C08_SEQUENCE_GATEWAY_ATTACK,463,463,474,0.911492288,1.0000453,0.830818236,0.00829265732,10,49,True,False,False,False,False,False,0.73745532,False
C08_SEQUENCE_GATEWAY_ATTACK,464,464,475,0.909843922,1.0000453,0.82781595,0.00820407178,10,49,True,False,False,False,False,False,0.736121686,False
C08_SEQUENCE_GATEWAY_ATTACK,465,465,476,0.908294082,1.0000453,0.82499814,0.00811219122,10,49,True,False,False,False,False,False,0.734867767,False
C08_SEQUENCE_GATEWAY_ATTACK,466,466,477,0.906841099,1.0000453,0.822360814,0.00801942311,10,49,True,False,False,False,False,False,0.733692211,False
C08_SEQUENCE_GATEWAY_ATTACK,467,467,478,0.905483127,1.0000453,0.819899678,0.00792419817,10,49,True,False,False,False,False,False,0.732593525,False
C08_SEQUENCE_GATEWAY_ATTACK,468,468,479,0.904218256,1.0000453,0.817610621,0.00782737508,10,49,True,False,False,False,False,False,0.731570165,False
C08_SEQUENCE_GATEWAY_ATTACK,469,469,480,0.903044343,1.0000453,0.815489113,0.00772638153,10,49,True,False,False,False,False,False,0.730620394,False
C08_SEQUENCE_GATEWAY_ATTACK,470,470,481,0.90195936,1.0000453,0.813530684,0.00762616051,10,49,True,False,False,False,False,False,0.729742573,False
C08_SEQUENCE_GATEWAY_ATTACK,471,471,482,0.900960982,1.0000453,0.811730742,0.00752273714,10,49,True,False,False,False,False,False,0.728934822,False
C08_SEQUENCE_GATEWAY_ATTACK,472,472,483,0.900047004,1.0000453,0.810084581,0.00741838198,10,49,True,False,False,False,False,False,0.728195356,False
C08_SEQUENCE_GATEWAY_ATTACK,473,473,484,0.899214983,1.0000453,0.808587611,0.00730986986,10,49,True,False,False,False,False,False,0.727522198,False
C08_SEQUENCE_GATEWAY_ATTACK,474,474,485,0.898462653,1.0000453,0.807235122,0.00720214704,10,49,True,False,False,False,False,False,0.726913515,False
C08_SEQUENCE_GATEWAY_ATTACK,475,475,486,0.897787452,1.0000453,0.806022346,0.00709278788,10,49,True,False,False,False,False,False,0.726367234,False
C08_SEQUENCE_GATEWAY_ATTACK,476,476,487,0.897186756,1.0000453,0.804944038,0.00698343897,10,49,True,False,False,False,False,False,0.725881233,False
C08_SEQUENCE_GATEWAY_ATTACK,477,477,488,0.896657884,1.0000453,0.803995311,0.00687075872,10,49,True,False,False,False,False,False,0.725453342,False
C08_SEQUENCE_GATEWAY_ATTACK,478,478,489,0.896198511,1.0000453,0.803171754,0.00675727567,10,49,True,False,False,False,False,False,0.72508168,False
C08_SEQUENCE_GATEWAY_ATTACK,479,479,490,0.895805836,1.0000453,0.802468061,0.00664373254,10,49,True,False,False,False,False,False,0.72476398,False
C08_SEQUENCE_GATEWAY_ATTACK,480,480,491,0.895477295,1.0000453,0.801879585,0.00653104158,10,49,True,False,False,False,False,False,0.72449817,False
C08_SEQUENCE_GATEWAY_ATTACK,481,481,492,0.895210087,1.0000453,0.801401079,0.00641495781,10,49,True,False,False,False,False,False,0.724281982,False
C08_SEQUENCE_GATEWAY_ATTACK,482,482,493,0.895001769,1.0000453,0.801028132,0.0062998482,10,49,True,False,False,False,False,False,0.724113439,False
C08_SEQUENCE_GATEWAY_ATTACK,483,483,494,0.894849539,1.0000453,0.800755739,0.00618447363,10,49,True,False,False,False,False,False,0.723990275,False
C08_SEQUENCE_GATEWAY_ATTACK,484,484,495,0.894750953,1.0000453,0.80057925,0.00606859103,10,49,True,False,False,False,False,False,0.723910513,False
C08_SEQUENCE_GATEWAY_ATTACK,485,485,496,0.894703269,1.0000453,0.800493956,0.00595166907,10,49,True,False,False,False,False,False,0.723871934,False
C08_SEQUENCE_GATEWAY_ATTACK,486,486,497,0.894703984,1.0000453,0.800495207,0.00583478902,10,49,True,False,False,False,False,False,0.723872512,False
C08_SEQUENCE_GATEWAY_ATTACK,487,487,498,0.894750595,1.0000453,0.800578654,0.00571776694,10,49,True,False,False,False,False,False,0.723910224,False
C08_SEQUENCE_GATEWAY_ATTACK,488,488,499,0.894840717,1.0000453,0.800739884,0.00560246129,10,49,True,False,False,False,False,False,0.723983138,False
C08_SEQUENCE_GATEWAY_ATTACK,489,489,500,0.89497155,1.0000453,0.800974071,0.00548575213,10,49,True,False,False,False,False,False,0.72408899,False
C08_SEQUENCE_GATEWAY_ATTACK,490,490,501,0.895141006,1.0000453,0.801277459,0.00537037803,10,49,True,False,False,False,False,False,0.72422609,False
C08_SEQUENCE_GATEWAY_ATTACK,491,491,502,0.895346642,1.0000453,0.801645577,0.00525414152,10,49,True,False,False,False,False,False,0.724392463,False
C08_SEQUENCE_GATEWAY_ATTACK,492,492,503,0.895586193,1.0000453,0.802074611,0.00513964333,10,49,True,False,False,False,False,False,0.724586275,False
C08_SEQUENCE_GATEWAY_ATTACK,493,493,504,0.895857453,1.0000453,0.802560627,0.00502598193,10,49,True,False,False,False,False,False,0.724805742,False
C08_SEQUENCE_GATEWAY_ATTACK,494,494,505,0.896158278,1.0000453,0.803099632,0.00491128443,10,49,True,False,False,False,False,False,0.725049129,False
C08_SEQUENCE_GATEWAY_ATTACK,495,495,506,0.896486402,1.0000453,0.803687871,0.00479931198,10,49,True,False,False,False,False,False,0.725314602,False
C08_SEQUENCE_GATEWAY_ATTACK,496,496,507,0.896840096,1.0000453,0.804322124,0.00468875188,10,49,True,False,False,False,False,False,0.725600762,False
C08_SEQUENCE_GATEWAY_ATTACK,497,497,508,0.897217155,1.0000453,0.804998577,0.00457838969,10,49,True,False,False,False,False,False,0.725905827,False
C08_SEQUENCE_GATEWAY_ATTACK,498,498,509,0.89761585,1.0000453,0.80571425,0.00446874183,10,49,True,False,False,False,False,False,0.726228397,False
C08_SEQUENCE_GATEWAY_ATTACK,499,499,510,0.898034275,1.0000453,0.806465566,0.00435982179,10,49,True,False,False,False,False,False,0.726566929,False
C08_SEQUENCE_GATEWAY_ATTACK,500,500,511,0.898470879,1.0000453,0.807249904,0.00425523845,10,49,True,False,False,False,False,False,0.72692017,False
C08_SEQUENCE_GATEWAY_ATTACK,501,501,512,0.898923695,1.0000453,0.808063805,0.00414814893,10,49,True,False,False,False,False,False,0.727286527,False
C08_SEQUENCE_GATEWAY_ATTACK,502,502,513,0.899391413,1.0000453,0.808904946,0.00404498214,10,49,True,False,False,False,False,False,0.727664941,False
C08_SEQUENCE_GATEWAY_ATTACK,503,503,514,0.899872422,1.0000453,0.809770405,0.00394198112,10,49,True,False,False,False,False,False,0.728054108,False
C08_SEQUENCE_GATEWAY_ATTACK,504,504,515,0.900365531,1.0000453,0.810658097,0.00384204509,10,49,True,False,False,False,False,False,0.728453065,False
C08_SEQUENCE_GATEWAY_ATTACK,505,505,516,0.900869191,1.0000453,0.81156534,0.00374380569,10,49,True,False,False,False,False,False,0.728860557,False
C08_SEQUENCE_GATEWAY_ATTACK,506,506,517,0.901382387,1.0000453,0.812490165,0.00364730833,10,49,True,False,False,False,False,False,0.729275765,False
C08_SEQUENCE_GATEWAY_ATTACK,507,507,518,0.90190357,1.0000453,0.813430071,0.00355066941,10,49,True,False,False,False,False,False,0.729697436,False
C08_SEQUENCE_GATEWAY_ATTACK,508,508,519,0.902431846,1.0000453,0.814383268,0.00345822633,10,49,True,False,False,False,False,False,0.730124844,False
C08_SEQUENCE_GATEWAY_ATTACK,509,509,520,0.902966142,1.0000453,0.81534785,0.00336671644,10,49,True,False,False,False,False,False,0.730557124,False
C08_SEQUENCE_GATEWAY_ATTACK,510,510,521,0.903505743,1.0000453,0.816322625,0.00327905035,10,49,True,False,False,False,False,False,0.730993695,False
C08_SEQUENCE_GATEWAY_ATTACK,511,511,522,0.904049575,1.0000453,0.817305684,0.00319147483,10,49,True,False,False,False,False,False,0.731433691,False
C08_SEQUENCE_GATEWAY_ATTACK,512,512,523,0.904596925,1.0000453,0.818295598,0.00310906139,10,49,True,False,False,False,False,False,0.731876531,False
C08_SEQUENCE_GATEWAY_ATTACK,513,513,524,0.905147254,1.0000453,0.819291532,0.00302639068,10,49,True,False,False,False,False,False,0.732321783,False
C08_SEQUENCE_GATEWAY_ATTACK,514,514,525,0.905699611,1.0000453,0.820291817,0.00294804992,10,49,True,False,False,False,False,False,0.732768675,False
C08_SEQUENCE_GATEWAY_ATTACK,515,515,526,0.906253695,1.0000453,0.821295738,0.00286956015,10,49,True,False,False,False,False,False,0.733216964,False
C08_SEQUENCE_GATEWAY_ATTACK,516,516,527,0.906808674,1.0000453,0.822301924,0.00279430067,10,49,True,False,False,False,False,False,0.733665978,False
C08_SEQUENCE_GATEWAY_ATTACK,517,517,528,0.90736407,1.0000453,0.823309541,0.00272163469,10,49,True,False,False,False,False,False,0.734115328,False
C08_SEQUENCE_GATEWAY_ATTACK,518,518,529,0.907919586,1.0000453,0.824317992,0.00265235477,10,49,True,False,False,False,False,False,0.734564776,False
C08_SEQUENCE_GATEWAY_ATTACK,519,519,530,0.90847528,1.0000453,0.825327337,0.00258534914,10,49,True,False,False,False,False,False,0.735014368,False
C08_SEQUENCE_GATEWAY_ATTACK,520,520,531,0.909030557,1.0000453,0.826336503,0.00252187531,10,49,True,False,False,False,False,False,0.735463622,False
C08_SEQUENCE_GATEWAY_ATTACK,521,521,532,0.909585357,1.0000453,0.82734549,0.00245890394,10,49,True,False,False,False,False,False,0.735912491,False
C08_SEQUENCE_GATEWAY_ATTACK,522,522,533,0.910139441,1.0000453,0.828353822,0.00240103924,10,49,True,False,False,False,False,False,0.73636078,False
C08_SEQUENCE_GATEWAY_ATTACK,523,523,534,0.91069299,1.0000453,0.829361677,0.00234478689,10,49,True,False,False,False,False,False,0.736808636,False
C08_SEQUENCE_GATEWAY_ATTACK,524,524,535,0.911245644,1.0000453,0.830368638,0.00229188567,10,49,True,False,False,False,False,False,0.737255769,False
C08_SEQUENCE_GATEWAY_ATTACK,525,525,536,0.911797583,1.0000453,0.831374824,0.00224071415,10,49,True,False,False,False,False,False,0.737702323,False
C08_SEQUENCE_GATEWAY_ATTACK,526,526,537,0.912348866,1.0000453,0.832380474,0.00219450425,10,49,True,False,False,False,False,False,0.738148346,False
C08_SEQUENCE_GATEWAY_ATTACK,527,527,538,0.912899554,1.0000453,0.833385646,0.00214921706,10,49,True,False,False,False,False,False,0.738593887,False
C08_SEQUENCE_GATEWAY_ATTACK,528,528,539,0.913449943,1.0000453,0.834390819,0.00210807566,10,49,True,False,False,False,False,False,0.739039187,False
C08_SEQUENCE_GATEWAY_ATTACK,529,529,540,0.914000332,1.0000453,0.835396647,0.00207023253,10,49,True,False,False,False,False,False,0.739484487,False
C08_SEQUENCE_GATEWAY_ATTACK,530,530,541,0.914550662,1.0000453,0.836402953,0.00203328859,10,49,True,False,False,False,False,False,0.739929739,False
C08_SEQUENCE_GATEWAY_ATTACK,531,531,542,0.915101528,1.0000453,0.837410808,0.00200126623,10,49,True,False,False,False,False,False,0.740375425,False
C08_SEQUENCE_GATEWAY_ATTACK,532,532,543,0.915652931,1.0000453,0.838420272,0.0019710043,10,49,True,False,False,False,False,False,0.740821544,False
C08_SEQUENCE_GATEWAY_ATTACK,533,533,544,0.916205227,1.0000453,0.839432061,0.00194238906,10,49,True,False,False,False,False,False,0.741268388,False
C08_SEQUENCE_GATEWAY_ATTACK,534,534,545,0.916759133,1.0000453,0.840447307,0.00191872485,10,49,True,False,False,False,False,False,0.741716533,False
C08_SEQUENCE_GATEWAY_ATTACK,535,535,546,0.917314649,1.0000453,0.841466188,0.00189679873,10,49,True,False,False,False,False,False,0.74216598,False
C08_SEQUENCE_GATEWAY_ATTACK,536,536,547,0.91787231,1.0000453,0.8424896,0.00187831291,10,49,True,False,False,False,False,False,0.742617163,False
C08_SEQUENCE_GATEWAY_ATTACK,537,537,548,0.918432951,1.0000453,0.843519032,0.00186223886,10,49,True,False,False,False,False,False,0.743070758,False
C08_SEQUENCE_GATEWAY_ATTACK,538,538,549,0.918996513,1.0000453,0.844554603,0.00184963492,10,49,True,False,False,False,False,False,0.743526715,False
C08_SEQUENCE_GATEWAY_ATTACK,539,539,550,0.919564188,1.0000453,0.84559828,0.00184033706,10,49,True,False,False,False,False,False,0.743986,False
C08_SEQUENCE_GATEWAY_ATTACK,540,540,551,0.920136213,1.0000453,0.84665066,0.001832732,10,49,True,False,False,False,False,False,0.744448806,False
C08_SEQUENCE_GATEWAY_ATTACK,541,541,552,0.920713246,1.0000453,0.847712874,0.00183020229,10,49,True,False,False,False,False,False,0.744915662,False
C08_SEQUENCE_GATEWAY_ATTACK,542,542,553,0.921295702,1.0000453,0.848785818,0.00182683242,10,49,True,False,False,False,False,False,0.745386906,False
C08_SEQUENCE_GATEWAY_ATTACK,543,543,554,0.921884298,1.0000453,0.849870622,0.00182851823,10,49,True,False,False,False,False,False,0.745863118,False
C08_SEQUENCE_GATEWAY_ATTACK,544,544,555,0.922479749,1.0000453,0.850968897,0.00183356612,10,49,True,False,False,False,False,False,0.746344875,False
C08_SEQUENCE_GATEWAY_ATTACK,545,545,556,0.923083007,1.0000453,0.852082253,0.00184034125,10,49,True,False,False,False,False,False,0.74683295,False
C08_SEQUENCE_GATEWAY_ATTACK,546,546,557,0.923694074,1.0000453,0.853210747,0.0018487341,10,49,True,False,False,False,False,False,0.747327342,False
C08_SEQUENCE_GATEWAY_ATTACK,547,547,558,0.924313843,1.0000453,0.85435605,0.00186047761,10,49,True,False,False,False,False,False,0.747828774,False
C08_SEQUENCE_GATEWAY_ATTACK,548,548,559,0.924943328,1.0000453,0.855520189,0.00187481078,10,49,True,False,False,False,False,False,0.748338068,False
C08_SEQUENCE_GATEWAY_ATTACK,549,549,560,0.925583124,1.0000453,0.856704116,0.00189245085,10,49,True,False,False,False,False,False,0.748855703,False
C08_SEQUENCE_GATEWAY_ATTACK,550,550,561,0.926233768,1.0000453,0.857908964,0.00191009487,10,49,True,False,False,False,False,False,0.749382116,False
C08_SEQUENCE_GATEWAY_ATTACK,551,551,562,0.926895797,1.0000453,0.859135866,0.0019310863,10,49,True,False,False,False,False,False,0.74991774,False
C08_SEQUENCE_GATEWAY_ATTACK,552,552,563,0.927570522,1.0000453,0.860387087,0.00195470965,10,49,True,False,False,False,False,False,0.750463635,False
C08_SEQUENCE_GATEWAY_ATTACK,553,553,564,0.928258002,1.0000453,0.861662865,0.00198059482,10,49,True,False,False,False,False,False,0.75101985,False
C08_SEQUENCE_GATEWAY_ATTACK,554,554,565,0.928959489,1.0000453,0.862965763,0.00200828235,10,49,True,False,False,False,False,False,0.751587398,False
C08_SEQUENCE_GATEWAY_ATTACK,555,555,566,0.929675817,1.0000453,0.864297152,0.00203852751,10,49,True,False,False,False,False,False,0.752166953,False
C08_SEQUENCE_GATEWAY_ATTACK,556,556,567,0.930407286,1.0000453,0.865657747,0.00206872681,10,49,True,False,False,False,False,False,0.752758757,False
C08_SEQUENCE_GATEWAY_ATTACK,557,557,568,0.931154847,1.0000453,0.867049336,0.00210386608,10,49,True,False,False,False,False,False,0.753363582,False
C08_SEQUENCE_GATEWAY_ATTACK,558,558,569,0.931919336,1.0000453,0.868473649,0.00213887542,10,49,True,False,False,False,False,False,0.753982103,False
C08_SEQUENCE_GATEWAY_ATTACK,559,559,570,0.932701766,1.0000453,0.869932592,0.00217662379,10,49,True,False,False,False,False,False,0.754615139,False
C08_SEQUENCE_GATEWAY_ATTACK,560,560,571,0.933502316,1.0000453,0.871426582,0.00221419195,10,49,True,False,False,False,False,False,0.755262834,False
C08_SEQUENCE_GATEWAY_ATTACK,561,561,572,0.93432188,1.0000453,0.872957408,0.00225504721,10,49,True,False,False,False,False,False,0.755925914,False
C08_SEQUENCE_GATEWAY_ATTACK,562,562,573,0.935161769,1.0000453,0.874527574,0.00229764124,10,49,True,False,False,False,False,False,0.756605438,False
C08_SEQUENCE_GATEWAY_ATTACK,563,563,574,0.936022341,1.0000453,0.876137853,0.00234028744,10,49,True,False,False,False,False,False,0.757301695,False
C08_SEQUENCE_GATEWAY_ATTACK,564,564,575,0.936903894,1.0000453,0.877788961,0.0023843043,10,49,True,False,False,False,False,False,0.758014927,False
C08_SEQUENCE_GATEWAY_ATTACK,565,565,576,0.93780762,1.0000453,0.879483104,0.00242925948,10,49,True,False,False,False,False,False,0.758746099,False
C08_SEQUENCE_GATEWAY_ATTACK,566,566,577,0.938734233,1.0000453,0.88122195,0.00247604772,10,49,True,False,False,False,False,False,0.759495788,False
C08_SEQUENCE_GATEWAY_ATTACK,567,567,578,0.939684033,1.0000453,0.883006096,0.00252338126,10,49,True,False,False,False,False,False,0.760264237,False
C08_SEQUENCE_GATEWAY_ATTACK,568,568,579,0.940658331,1.0000453,0.884838045,0.0025717637,10,49,True,False,False,False,False,False,0.761052506,False
C08_SEQUENCE_GATEWAY_ATTACK,569,569,580,0.941657245,1.0000453,0.886718392,0.00262157014,10,49,True,False,False,False,False,False,0.761860691,False
C08_SEQUENCE_GATEWAY_ATTACK,570,570,581,0.942681909,1.0000453,0.888649166,0.00267073093,10,49,True,False,False,False,False,False,0.762689709,False
C08_SEQUENCE_GATEWAY_ATTACK,571,571,582,0.94373256,1.0000453,0.890631139,0.00272221304,10,49,True,False,False,False,False,False,0.763539753,False
C08_SEQUENCE_GATEWAY_ATTACK,572,572,583,0.944810331,1.0000453,0.892666578,0.00277375779,10,49,True,False,False,False,False,False,0.764411738,False
C08_SEQUENCE_GATEWAY_ATTACK,573,573,584,0.945915461,1.0000453,0.894756019,0.00282445503,10,49,True,False,False,False,False,False,0.765305859,False
C08_SEQUENCE_GATEWAY_ATTACK,574,574,585,0.947048306,1.0000453,0.896900475,0.00287596812,10,49,True,False,False,False,False,False,0.766222403,False
C08_SEQUENCE_GATEWAY_ATTACK,575,575,586,0.948209703,1.0000453,0.899101675,0.00292902184,10,49,True,False,False,False,False,False,0.767162047,False
C08_SEQUENCE_GATEWAY_ATTACK,576,576,587,0.949400246,1.0000453,0.901360869,0.0029812071,10,49,True,False,False,False,False,False,0.768125272,False
C08_SEQUENCE_GATEWAY_ATTACK,577,577,588,0.95062083,1.0000453,0.903679967,0.00303359842,10,49,True,False,False,False,False,False,0.769112802,False
C08_SEQUENCE_GATEWAY_ATTACK,578,578,589,0.951871037,1.0000453,0.906058431,0.00308572012,10,49,True,False,False,False,False,False,0.7701243,False
C08_SEQUENCE_GATEWAY_ATTACK,579,579,590,0.953151882,1.0000453,0.908498466,0.00313714449,10,49,True,False,False,False,False,False,0.771160584,False
C08_SEQUENCE_GATEWAY_ATTACK,580,580,591,0.954463542,1.0000453,0.911000609,0.00318937399,10,49,True,False,False,False,False,False,0.772221801,False
C08_SEQUENCE_GATEWAY_ATTACK,581,581,592,0.955806255,1.0000453,0.913565636,0.00323985773,10,49,True,False,False,False,False,False,0.773308142,False
C08_SEQUENCE_GATEWAY_ATTACK,582,582,593,0.957180619,1.0000453,0.916194737,0.00329041155,10,49,True,False,False,False,False,False,0.77442009,False
C08_SEQUENCE_GATEWAY_ATTACK,583,583,594,0.958586633,1.0000453,0.91888839,0.00334014045,10,49,True,False,False,False,False,False,0.775557644,False
C08_SEQUENCE_GATEWAY_ATTACK,584,584,595,0.960024714,1.0000453,0.921647429,0.00338981138,10,49,True,False,False,False,False,False,0.776721144,False
C08_SEQUENCE_GATEWAY_ATTACK,585,585,596,0.961494863,1.0000453,0.924472392,0.00343778543,10,49,True,False,False,False,False,False,0.777910588,False
C08_SEQUENCE_GATEWAY_ATTACK,586,586,597,0.962997615,1.0000453,0.927364409,0.00348585681,10,49,True,False,False,False,False,False,0.77912641,False
C08_SEQUENCE_GATEWAY_ATTACK,587,587,598,0.964532852,1.0000453,0.930323601,0.00353301363,10,49,True,False,False,False,False,False,0.780368514,False
C08_SEQUENCE_GATEWAY_ATTACK,588,588,599,0.966100752,1.0000453,0.933350682,0.00357774552,10,49,True,False,False,False,False,False,0.781637045,False
C09_RESTRAINT_DOMAIN_ATTACK,0,0,11,0.895549953,1.0000453,0.802009761,0.0119638974,10,49,True,False,False,False,False,False,1.02216964,True
C09_RESTRAINT_DOMAIN_ATTACK,1,1,12,0.895800948,1.0000453,0.8024593,0.0119316438,10,49,True,False,False,False,False,False,1.01941397,True
C09_RESTRAINT_DOMAIN_ATTACK,2,2,13,0.896225452,1.0000453,0.803220034,0.0118952477,10,49,True,False,False,False,False,False,1.01630436,True
C09_RESTRAINT_DOMAIN_ATTACK,3,3,14,0.896821678,1.0000453,0.804289162,0.0118538812,10,49,True,False,False,False,False,False,1.01277009,True
C09_RESTRAINT_DOMAIN_ATTACK,4,4,15,0.89758718,1.0000453,0.805662751,0.0118067479,10,49,True,False,False,False,False,False,1.00874313,True
C09_RESTRAINT_DOMAIN_ATTACK,5,5,16,0.898519278,1.0000453,0.807336867,0.0117546376,10,49,True,False,False,False,False,False,1.00429093,True
C09_RESTRAINT_DOMAIN_ATTACK,6,6,17,0.89961493,1.0000453,0.809307039,0.0116975661,10,49,True,False,False,False,False,False,0.999414873,False
C09_RESTRAINT_DOMAIN_ATTACK,7,7,18,0.90087074,1.0000453,0.811568141,0.0116355568,10,49,True,False,False,False,False,False,0.99411693,False
C09_RESTRAINT_DOMAIN_ATTACK,8,8,19,0.902283192,1.0000453,0.814114928,0.0115685333,10,49,True,False,False,False,False,False,0.988390581,False
C09_RESTRAINT_DOMAIN_ATTACK,9,9,20,0.903847873,1.0000453,0.816941023,0.0114957681,10,49,True,False,False,False,False,False,0.982173682,False
C09_RESTRAINT_DOMAIN_ATTACK,10,10,21,0.905560613,1.0000453,0.820040047,0.0114188911,10,49,True,False,False,False,False,False,0.975605481,False
C09_RESTRAINT_DOMAIN_ATTACK,11,11,22,0.907417119,1.0000453,0.823405802,0.011336945,10,49,True,False,False,False,False,False,0.968604179,False
C09_RESTRAINT_DOMAIN_ATTACK,12,12,23,0.909412146,1.0000453,0.82703048,0.0112509532,10,49,True,False,False,False,False,False,0.961257224,False
C09_RESTRAINT_DOMAIN_ATTACK,13,13,24,0.911541045,1.0000453,0.830907106,0.0111599537,10,49,True,False,False,False,False,False,0.95348242,False
C09_RESTRAINT_DOMAIN_ATTACK,14,14,25,0.913798094,1.0000453,0.835026979,0.0110631846,10,49,True,False,False,False,False,False,0.945214679,False
C09_RESTRAINT_DOMAIN_ATTACK,15,15,26,0.91617769,1.0000453,0.839381576,0.0109623428,10,49,True,False,False,False,False,False,0.936598977,False
C09_RESTRAINT_DOMAIN_ATTACK,16,16,27,0.918674588,1.0000453,0.843963027,0.0108580934,10,49,True,False,False,False,False,False,0.927692128,False
C09_RESTRAINT_DOMAIN_ATTACK,17,17,28,0.921282411,1.0000453,0.84876132,0.0107473452,10,49,True,False,False,False,False,False,0.918230038,False
C09_RESTRAINT_DOMAIN_ATTACK,18,18,29,0.923995554,1.0000453,0.853767812,0.0106340498,10,49,True,False,False,False,False,False,0.908550324,False
C09_RESTRAINT_DOMAIN_ATTACK,19,19,30,0.92680794,1.0000453,0.858972967,0.010515729,10,49,True,False,False,False,False,False,0.898441249,False
C09_RESTRAINT_DOMAIN_ATTACK,20,20,31,0.929713488,1.0000453,0.864367127,0.0103949774,10,49,True,False,False,False,False,False,0.888124495,False
C09_RESTRAINT_DOMAIN_ATTACK,21,21,32,0.932705224,1.0000453,0.869939089,0.0102677783,10,49,True,False,False,False,False,False,0.877256877,False
C09_RESTRAINT_DOMAIN_ATTACK,22,22,33,0.935777545,1.0000453,0.875679612,0.0101370355,10,49,True,False,False,False,False,False,0.866086495,False
C09_RESTRAINT_DOMAIN_ATTACK,23,23,34,0.938923419,1.0000453,0.881577134,0.0100022834,10,49,True,False,False,False,False,False,0.854573563,False
C09_RESTRAINT_DOMAIN_ATTACK,24,24,35,0.942136526,1.0000453,0.887621224,0.00986334588,10,49,True,False,False,False,False,False,0.842703042,False
C09_RESTRAINT_DOMAIN_ATTACK,25,25,36,0.94541055,1.0000453,0.893801153,0.00972195901,10,49,True,False,False,False,False,False,0.830623252,False
C09_RESTRAINT_DOMAIN_ATTACK,26,26,37,0.948738933,1.0000453,0.900105596,0.00957655907,10,49,True,False,False,False,False,False,0.818200594,False
C09_RESTRAINT_DOMAIN_ATTACK,27,27,38,0.952115297,1.0000453,0.906523585,0.0094260443,10,49,True,False,False,False,False,False,0.805340936,False
C09_RESTRAINT_DOMAIN_ATTACK,28,28,39,0.955533206,1.0000453,0.913043678,0.00927485991,10,49,True,False,False,False,False,False,0.792424068,False
C09_RESTRAINT_DOMAIN_ATTACK,29,29,40,0.958986521,1.0000453,0.919655204,0.00911860634,10,49,True,False,False,False,False,False,0.779074098,False
C09_RESTRAINT_DOMAIN_ATTACK,30,30,41,0.962468922,1.0000453,0.926346421,0.0089590149,10,49,True,False,False,False,False,False,0.778698663,False
C09_RESTRAINT_DOMAIN_ATTACK,31,31,42,0.965973735,1.0000453,0.93310529,0.00879526976,10,49,True,False,False,False,False,False,0.78153428,False
C09_RESTRAINT_DOMAIN_ATTACK,32,32,43,0.969494641,1.0000453,0.939919829,0.00863098167,10,49,True,False,False,False,False,False,0.784382917,False
C09_RESTRAINT_DOMAIN_ATTACK,33,33,44,0.973026633,1.0000453,0.94678086,0.00846227538,10,49,True,False,False,False,False,False,0.787240524,False
C09_RESTRAINT_DOMAIN_ATTACK,34,34,45,0.976562917,1.0000453,0.953675151,0.00829127431,10,49,True,False,False,False,False,False,0.790101603,False
C09_RESTRAINT_DOMAIN_ATTACK,35,35,46,0.980098486,1.0000453,0.960592985,0.00811848603,10,49,True,False,False,False,False,False,0.792962104,False
C09_RESTRAINT_DOMAIN_ATTACK,36,36,47,0.983626962,1.01420283,0.967521966,0.00794165861,10,49,True,False,False,False,False,False,0.795816865,False
C09_RESTRAINT_DOMAIN_ATTACK,37,37,48,0.987142384,1.03079629,0.974450111,0.00776259042,10,49,True,False,False,False,False,False,0.798661066,False
C09_RESTRAINT_DOMAIN_ATTACK,38,38,49,0.990640044,1.04698098,0.981367707,0.00758175086,10,49,True,False,False,False,False,False,0.801490896,False
C09_RESTRAINT_DOMAIN_ATTACK,39,39,50,0.994114518,1.06273663,0.988263726,0.00739836507,10,49,True,False,False,False,False,False,0.804301966,False
C09_RESTRAINT_DOMAIN_ATTACK,40,40,51,0.997560441,1.07804263,0.995126784,0.00721259881,10,49,True,False,False,False,False,False,0.807089938,False
C09_RESTRAINT_DOMAIN_ATTACK,41,41,52,1.00097299,1.09291947,1.00194681,0.00702511054,10,49,True,False,False,False,False,False,0.809850904,False
C09_RESTRAINT_DOMAIN_ATTACK,42,42,53,1.00434744,1.10736728,1.00871384,0.00683681155,10,49,True,False,False,False,False,False,0.812581055,False
C09_RESTRAINT_DOMAIN_ATTACK,43,43,54,1.00767875,1.12132454,1.01541638,0.00664556352,10,49,True,False,False,False,False,False,0.815276292,False
C09_RESTRAINT_DOMAIN_ATTACK,44,44,55,1.01096296,1.13487315,1.02204621,0.00645313272,10,49,True,False,False,False,False,False,0.817933431,False
C09_RESTRAINT_DOMAIN_ATTACK,45,45,56,1.01419532,1.14795172,1.02859223,0.00625932869,10,49,True,False,False,False,False,False,0.820548617,False
C09_RESTRAINT_DOMAIN_ATTACK,46,46,57,1.01737154,1.16056025,1.03504479,0.00606215792,10,49,True,False,False,False,False,False,0.823118375,False
C09_RESTRAINT_DOMAIN_ATTACK,47,47,58,1.02048779,1.17276013,1.04139543,0.00586653454,10,49,True,False,False,False,False,False,0.825639619,False
C09_RESTRAINT_DOMAIN_ATTACK,48,48,59,1.02354026,1.18446958,1.04763472,0.00566978613,10,49,True,False,False,False,False,False,0.828109265,False
C09_RESTRAINT_DOMAIN_ATTACK,49,49,60,1.02652621,1.19574988,1.053756,0.00547192292,10,49,True,False,False,False,False,False,0.830525092,False
C09_RESTRAINT_DOMAIN_ATTACK,50,50,61,1.02944148,1.20656013,1.05974972,0.00527255936,10,49,True,False,False,False,False,False,0.832883725,False
C09_RESTRAINT_DOMAIN_ATTACK,51,51,62,1.03228283,1.21692085,1.06560779,0.0050733299,10,49,True,False,False,False,False,False,0.835182561,False
C09_RESTRAINT_DOMAIN_ATTACK,52,52,63,1.03504717,1.22681141,1.07132268,0.00487257075,10,49,True,False,False,False,False,False,0.837419092,False
C09_RESTRAINT_DOMAIN_ATTACK,53,53,64,1.03773201,1.23627305,1.07688761,0.00467151171,10,49,True,False,False,False,False,False,0.839591292,False
C09_RESTRAINT_DOMAIN_ATTACK,54,54,65,1.04033351,1.24524415,1.08229375,0.00447135698,10,49,True,False,False,False,False,False,0.841696074,False
C09_RESTRAINT_DOMAIN_ATTACK,55,55,66,1.04285061,1.25378609,1.08753729,0.00426987233,10,49,True,False,False,False,False,False,0.843732572,False
C09_RESTRAINT_DOMAIN_ATTACK,56,56,67,1.04528058,1.26189888,1.09261143,0.00407015253,10,49,True,False,False,False,False,False,0.845698566,False
C09_RESTRAINT_DOMAIN_ATTACK,57,57,68,1.04762137,1.26954162,1.09751058,0.00387109164,10,49,True,False,False,False,False,False,0.847592417,False
C09_RESTRAINT_DOMAIN_ATTACK,58,58,69,1.04987133,1.27673483,1.10222983,0.00367010571,10,49,True,False,False,False,False,False,0.849412775,False
C09_RESTRAINT_DOMAIN_ATTACK,59,59,70,1.05202734,1.28345811,1.10676146,0.00347091653,10,49,True,False,False,False,False,False,0.851157132,False
C09_RESTRAINT_DOMAIN_ATTACK,60,60,71,1.05408871,1.28975213,1.11110294,0.0032714915,10,49,True,False,False,False,False,False,0.852824909,False
C09_RESTRAINT_DOMAIN_ATTACK,61,61,72,1.05605376,1.2956171,1.11524963,0.0030740723,10,49,True,False,False,False,False,False,0.854414756,False
C09_RESTRAINT_DOMAIN_ATTACK,62,62,73,1.05792201,1.30105281,1.11919892,0.00287768082,10,49,True,False,False,False,False,False,0.855926288,False
C09_RESTRAINT_DOMAIN_ATTACK,63,63,74,1.05969119,1.30601859,1.12294543,0.00268260017,10,49,True,False,False,False,False,False,0.857357671,False
C09_RESTRAINT_DOMAIN_ATTACK,64,64,75,1.06136131,1.31057572,1.12648773,0.00248814281,10,49,True,False,False,False,False,False,0.858708907,False
C09_RESTRAINT_DOMAIN_ATTACK,65,65,76,1.06293094,1.31470358,1.12982225,0.00229758816,10,49,True,False,False,False,False,False,0.859978836,False
C09_RESTRAINT_DOMAIN_ATTACK,66,66,77,1.06440043,1.31840241,1.13294816,0.00210773479,10,49,True,False,False,False,False,False,0.86116775,False
C09_RESTRAINT_DOMAIN_ATTACK,67,67,78,1.06576836,1.32167208,1.13586211,0.00191879086,10,49,True,False,False,False,False,False,0.862274489,False
C09_RESTRAINT_DOMAIN_ATTACK,68,68,79,1.06703424,1.32453299,1.13856196,0.00173407025,10,49,True,False,False,False,False,False,0.86329867,False
C09_RESTRAINT_DOMAIN_ATTACK,69,69,80,1.06819844,1.32698524,1.14104795,0.00155305874,10,49,True,False,False,False,False,False,0.86424058,False
C09_RESTRAINT_DOMAIN_ATTACK,70,70,81,1.06926095,1.32902873,1.14331901,0.00137820281,10,49,True,False,False,False,False,False,0.86510022,False
C09_RESTRAINT_DOMAIN_ATTACK,71,71,82,1.07022238,1.33066356,1.14537585,0.00120834995,10,49,True,False,False,False,False,False,0.865878073,False
C09_RESTRAINT_DOMAIN_ATTACK,72,72,83,1.07108259,1.33191013,1.14721787,0.00104559469,10,49,True,False,False,False,False,False,0.866574041,False
C09_RESTRAINT_DOMAIN_ATTACK,73,73,84,1.0718416,1.33274794,1.14884436,0.000893360702,10,49,True,False,False,False,False,False,0.867188125,False
C09_RESTRAINT_DOMAIN_ATTACK,74,74,85,1.07250023,1.33321798,1.15025663,0.000760239665,10,49,True,False,False,False,False,False,0.867720999,False
C09_RESTRAINT_DOMAIN_ATTACK,75,75,86,1.0730598,1.33332014,1.15145743,0.000650180504,10,49,True,False,False,False,False,False,0.868173726,False
C09_RESTRAINT_DOMAIN_ATTACK,76,76,87,1.07352078,1.33332014,1.15244699,0.000578386069,10,49,True,False,False,False,False,False,0.86854669,False
C09_RESTRAINT_DOMAIN_ATTACK,77,77,88,1.07388401,1.33332014,1.15322697,0.000557336549,10,49,True,False,False,False,False,False,0.868840567,False
C09_RESTRAINT_DOMAIN_ATTACK,78,78,89,1.07415044,1.33332014,1.15379906,0.000590964453,10,49,True,False,False,False,False,False,0.869056128,False
C09_RESTRAINT_DOMAIN_ATTACK,79,79,90,1.07432103,1.33332014,1.15416563,0.000668953755,10,49,True,False,False,False,False,False,0.869194145,False
C09_RESTRAINT_DOMAIN_ATTACK,80,80,91,1.07439756,1.33332014,1.15433013,0.000774358283,10,49,True,False,False,False,False,False,0.869256064,False
C09_RESTRAINT_DOMAIN_ATTACK,81,81,92,1.07438159,1.33332014,1.1542958,0.00089635211,10,49,True,False,False,False,False,False,0.86924314,False
C09_RESTRAINT_DOMAIN_ATTACK,82,82,93,1.07427442,1.33332014,1.15406549,0.00102934428,10,49,True,False,False,False,False,False,0.869156433,False
C09_RESTRAINT_DOMAIN_ATTACK,83,83,94,1.07407725,1.33332014,1.15364194,0.00116891111,10,49,True,False,False,False,False,False,0.868996909,False
C09_RESTRAINT_DOMAIN_ATTACK,84,84,95,1.07379234,1.33332014,1.15302992,0.00130862813,10,49,True,False,False,False,False,False,0.868766398,False
C09_RESTRAINT_DOMAIN_ATTACK,85,85,96,1.07342148,1.33332014,1.15223372,0.00145026669,10,49,True,False,False,False,False,False,0.868466349,False
C09_RESTRAINT_DOMAIN_ATTACK,86,86,97,1.07296622,1.33332014,1.15125656,0.00159181457,10,49,True,False,False,False,False,False,0.868098014,False
C09_RESTRAINT_DOMAIN_ATTACK,87,87,98,1.07242763,1.33303404,1.15010107,0.00173365313,10,49,True,False,False,False,False,False,0.867662262,False
C09_RESTRAINT_DOMAIN_ATTACK,88,88,99,1.07180893,1.33238006,1.14877427,0.00187121844,10,49,True,False,False,False,False,False,0.867161698,False
C09_RESTRAINT_DOMAIN_ATTACK,89,89,100,1.0711118,1.33135831,1.14728057,0.00200688234,10,49,True,False,False,False,False,False,0.86659767,False
C09_RESTRAINT_DOMAIN_ATTACK,90,90,101,1.07033873,1.32996869,1.14562488,0.00214055227,10,49,True,False,False,False,False,False,0.865972206,False
C09_RESTRAINT_DOMAIN_ATTACK,91,91,102,1.06949186,1.3282522,1.14381278,0.00227211416,10,49,True,False,False,False,False,False,0.86528704,False
C09_RESTRAINT_DOMAIN_ATTACK,92,92,103,1.06857336,1.32620871,1.14184904,0.00240060361,10,49,True,False,False,False,False,False,0.864543909,False
C09_RESTRAINT_DOMAIN_ATTACK,93,93,104,1.06758487,1.32381773,1.13973749,0.00252662157,10,49,True,False,False,False,False,False,0.863744163,False
C09_RESTRAINT_DOMAIN_ATTACK,94,94,105,1.06652939,1.32107937,1.13748503,0.00264815846,10,49,True,False,False,False,False,False,0.862890213,False
C09_RESTRAINT_DOMAIN_ATTACK,95,95,106,1.06540954,1.31805503,1.13509738,0.00276812236,10,49,True,False,False,False,False,False,0.861984181,False
C09_RESTRAINT_DOMAIN_ATTACK,96,96,107,1.06422722,1.31470358,1.13257968,0.00288339215,10,49,True,False,False,False,False,False,0.861027611,False
C09_RESTRAINT_DOMAIN_ATTACK,97,97,108,1.0629853,1.31104565,1.12993777,0.00299571222,10,49,True,False,False,False,False,False,0.860022816,False
C09_RESTRAINT_DOMAIN_ATTACK,98,98,109,1.0616858,1.30706084,1.12717664,0.00310450839,10,49,True,False,False,False,False,False,0.858971438,False
C09_RESTRAINT_DOMAIN_ATTACK,99,99,110,1.06033206,1.3028307,1.12430418,0.00321051572,10,49,True,False,False,False,False,False,0.857876175,False
C09_RESTRAINT_DOMAIN_ATTACK,100,100,111,1.05892611,1.29831445,1.12132442,0.00331254164,10,49,True,False,False,False,False,False,0.856738669,False
C09_RESTRAINT_DOMAIN_ATTACK,101,101,112,1.05747032,1.29351223,1.11824346,0.0034106872,10,49,True,False,False,False,False,False,0.855560847,False
C09_RESTRAINT_DOMAIN_ATTACK,102,102,113,1.05596733,1.28844428,1.11506701,0.00350571307,10,49,True,False,False,False,False,False,0.854344832,False
C09_RESTRAINT_DOMAIN_ATTACK,103,103,114,1.05442011,1.28313112,1.11180186,0.00359651842,10,49,True,False,False,False,False,False,0.853093034,False
C09_RESTRAINT_DOMAIN_ATTACK,104,104,115,1.05283058,1.27755225,1.10845232,0.00368435867,10,49,True,False,False,False,False,False,0.851806998,False
C09_RESTRAINT_DOMAIN_ATTACK,105,105,116,1.05120206,1.27174866,1.10502577,0.00376793486,10,49,True,False,False,False,False,False,0.850489423,False
C09_RESTRAINT_DOMAIN_ATTACK,106,106,117,1.04953623,1.26569974,1.10152626,0.00384845724,10,49,True,False,False,False,False,False,0.84914166,False
C09_RESTRAINT_DOMAIN_ATTACK,107,107,118,1.04783618,1.25944662,1.09796059,0.0039255959,10,49,True,False,False,False,False,False,0.847766216,False
C09_RESTRAINT_DOMAIN_ATTACK,108,108,119,1.04610419,1.25296867,1.09433401,0.00399779854,10,49,True,False,False,False,False,False,0.846364925,False
C09_RESTRAINT_DOMAIN_ATTACK,109,109,120,1.04434276,1.24626589,1.09065175,0.00406693527,10,49,True,False,False,False,False,False,0.84493981,False
C09_RESTRAINT_DOMAIN_ATTACK,110,110,121,1.04255474,1.23937917,1.0869205,0.00413184427,10,49,True,False,False,False,False,False,0.843493188,False
C09_RESTRAINT_DOMAIN_ATTACK,111,111,122,1.0407424,1.23230851,1.08314466,0.00419437233,10,49,True,False,False,False,False,False,0.842026891,False
C09_RESTRAINT_DOMAIN_ATTACK,112,112,123,1.03890765,1.22505403,1.07932901,0.00425278023,10,49,True,False,False,False,False,False,0.840542461,False
C09_RESTRAINT_DOMAIN_ATTACK,113,113,124,1.03705323,1.2176156,1.07547939,0.00430712057,10,49,True,False,False,False,False,False,0.839042117,False
C09_RESTRAINT_DOMAIN_ATTACK,114,114,125,1.03518176,1.21003413,1.07160139,0.00435809093,10,49,True,False,False,False,False,False,0.837527981,False
C09_RESTRAINT_DOMAIN_ATTACK,115,115,126,1.03329539,1.20226872,1.06769943,0.00440420024,10,49,True,False,False,False,False,False,0.83600179,False
C09_RESTRAINT_DOMAIN_ATTACK,116,116,127,1.03139651,1.19438064,1.06377864,0.00444867183,10,49,True,False,False,False,False,False,0.834465471,False
C09_RESTRAINT_DOMAIN_ATTACK,117,117,128,1.02948725,1.18632913,1.0598439,0.00448737713,10,49,True,False,False,False,False,False,0.832920761,False
C09_RESTRAINT_DOMAIN_ATTACK,118,118,129,1.02756989,1.17815506,1.05589986,0.00452364422,10,49,True,False,False,False,False,False,0.831369493,False
C09_RESTRAINT_DOMAIN_ATTACK,119,119,130,1.02564657,1.16987884,1.05195081,0.00455741771,10,49,True,False,False,False,False,False,0.829813403,False
C09_RESTRAINT_DOMAIN_ATTACK,120,120,131,1.02371871,1.16145945,1.0480001,0.00458628405,10,49,True,False,False,False,False,False,0.828253647,False
C09_RESTRAINT_DOMAIN_ATTACK,121,121,132,1.02178931,1.15295839,1.04405344,0.00461264933,10,49,True,False,False,False,False,False,0.826692638,False
C09_RESTRAINT_DOMAIN_ATTACK,122,122,133,1.01985967,1.14433467,1.04011369,0.00463493355,10,49,True,False,False,False,False,False,0.825131435,False
C09_RESTRAINT_DOMAIN_ATTACK,123,123,134,1.01793194,1.1356293,1.0361855,0.00465390692,10,49,True,False,False,False,False,False,0.823571776,False
C09_RESTRAINT_DOMAIN_ATTACK,124,124,135,1.01600826,1.12684214,1.03227282,0.0046695848,10,49,True,False,False,False,False,False,0.822015396,False
C09_RESTRAINT_DOMAIN_ATTACK,125,125,136,1.01409006,1.11799359,1.02837861,0.0046827849,10,49,True,False,False,False,False,False,0.820463453,False
C09_RESTRAINT_DOMAIN_ATTACK,126,126,137,1.01217902,1.10908389,1.02450633,0.0046926802,10,49,True,False,False,False,False,False,0.818917297,False
C09_RESTRAINT_DOMAIN_ATTACK,127,127,138,1.01027668,1.10009229,1.02065897,0.00469845999,10,49,True,False,False,False,False,False,0.817378181,False
C09_RESTRAINT_DOMAIN_ATTACK,128,128,139,1.0083847,1.09108031,1.01683962,0.00470341276,10,49,True,False,False,False,False,False,0.815847456,False
C09_RESTRAINT_DOMAIN_ATTACK,129,129,140,1.00650454,1.08200705,1.01305127,0.00470341276,10,49,True,False,False,False,False,False,0.81432628,False
C09_RESTRAINT_DOMAIN_ATTACK,130,130,141,1.0046376,1.0728929,1.00929677,0.00470093451,10,49,True,False,False,False,False,False,0.812815809,False
C09_RESTRAINT_DOMAIN_ATTACK,131,131,142,1.0027858,1.06375837,1.00557947,0.00469515799,10,49,True,False,False,False,False,False,0.811317587,False
C09_RESTRAINT_DOMAIN_ATTACK,132,132,143,1.00094986,1.05460334,1.00190067,0.00468772044,10,49,True,False,False,False,False,False,0.809832193,False
C09_RESTRAINT_DOMAIN_ATTACK,133,133,144,0.999131501,1.04542792,0.998263717,0.0046761618,10,49,True,False,False,False,False,False,0.808361025,False
C09_RESTRAINT_DOMAIN_ATTACK,134,134,145,0.997331262,1.0362525,0.994669676,0.00466375798,10,49,True,False,False,False,False,False,0.806904517,False
C09_RESTRAINT_DOMAIN_ATTACK,135,135,146,0.995550513,1.02707708,0.991120875,0.004648061,10,49,True,False,False,False,False,False,0.805463778,False
C09_RESTRAINT_DOMAIN_ATTACK,136,136,147,0.993790269,1.01790166,0.987619102,0.00462987274,10,49,True,False,False,False,False,False,0.804039628,False
C09_RESTRAINT_DOMAIN_ATTACK,137,137,148,0.992051303,1.00874662,0.984165788,0.00461002858,10,49,True,False,False,False,False,False,0.802632694,False
C09_RESTRAINT_DOMAIN_ATTACK,138,138,149,0.990334809,1.0000453,0.980763078,0.00458690757,10,49,True,False,False,False,False,False,0.801243941,False
C09_RESTRAINT_DOMAIN_ATTACK,139,139,150,0.988641322,1.0000453,0.977411687,0.0045612501,10,49,True,False,False,False,False,False,0.799873802,False
C09_RESTRAINT_DOMAIN_ATTACK,140,140,151,0.986972034,1.0000453,0.974113762,0.00453479961,10,49,True,False,False,False,False,False,0.798523242,False
C09_RESTRAINT_DOMAIN_ATTACK,141,141,152,0.985327303,1.0000453,0.970869899,0.00450504012,10,49,True,False,False,False,False,False,0.79719255,False
C09_RESTRAINT_DOMAIN_ATTACK,142,142,153,0.983707607,1.0000453,0.967680693,0.00447526528,10,49,True,False,False,False,False,False,0.795882112,False
C09_RESTRAINT_DOMAIN_ATTACK,143,143,154,0.982113361,1.0000453,0.964546621,0.0044421535,10,49,True,False,False,False,False,False,0.794592266,False
C09_RESTRAINT_DOMAIN_ATTACK,144,144,155,0.980545521,1.0000453,0.961469471,0.00440827338,10,49,True,False,False,False,False,False,0.793323783,False
C09_RESTRAINT_DOMAIN_ATTACK,145,145,156,0.979003847,1.0000453,0.958448529,0.0043718135,10,49,True,False,False,False,False,False,0.792076471,False
C09_RESTRAINT_DOMAIN_ATTACK,146,146,157,0.97748965,1.0000453,0.955486,0.00433377083,10,49,True,False,False,False,False,False,0.790851389,False
C09_RESTRAINT_DOMAIN_ATTACK,147,147,158,0.976002574,1.0000453,0.952580988,0.00429484434,10,49,True,False,False,False,False,False,0.78964825,False
C09_RESTRAINT_DOMAIN_ATTACK,148,148,159,0.974542916,1.0000453,0.949733913,0.00425423216,10,49,True,False,False,False,False,False,0.788467293,False
C09_RESTRAINT_DOMAIN_ATTACK,149,149,160,0.973111331,1.0000453,0.946945608,0.0042128833,10,49,True,False,False,False,False,False,0.787309051,False
C09_RESTRAINT_DOMAIN_ATTACK,150,150,161,0.971707106,1.0000453,0.944214702,0.00417060964,10,49,True,False,False,False,False,False,0.786172942,False
C09_RESTRAINT_DOMAIN_ATTACK,151,151,162,0.970330834,1.0000453,0.94154197,0.00412670709,10,49,True,False,False,False,False,False,0.785059451,False
C09_RESTRAINT_DOMAIN_ATTACK,152,152,163,0.968982458,1.0000453,0.938926995,0.0040828255,10,49,True,False,False,False,False,False,0.783968529,False
C09_RESTRAINT_DOMAIN_ATTACK,153,153,164,0.967661619,1.0000453,0.936369002,0.00403719721,10,49,True,False,False,False,False,False,0.782899886,False
C09_RESTRAINT_DOMAIN_ATTACK,154,154,165,0.966369092,1.0000453,0.933869243,0.00399000989,10,49,True,False,False,False,False,False,0.78185415,False
C09_RESTRAINT_DOMAIN_ATTACK,155,155,166,0.965104222,1.0000453,0.931426167,0.00394358579,10,49,True,False,False,False,False,False,0.780830789,False
C09_RESTRAINT_DOMAIN_ATTACK,156,156,167,0.963866711,1.0000453,0.929039061,0.00389626436,10,49,True,False,False,False,False,False,0.779829563,False
C09_RESTRAINT_DOMAIN_ATTACK,157,157,168,0.962656617,1.0000453,0.926707804,0.00384903583,10,49,True,False,False,False,False,False,0.778850521,False
C09_RESTRAINT_DOMAIN_ATTACK,158,158,169,0.961473167,1.0000453,0.924430668,0.00380167598,10,49,True,False,False,False,False,False,0.777893034,False
C09_RESTRAINT_DOMAIN_ATTACK,159,159,170,0.960316956,1.0000453,0.922208607,0.0037519671,10,49,True,False,False,False,False,False,0.776957586,False
C09_RESTRAINT_DOMAIN_ATTACK,160,160,171,0.95918715,1.0000453,0.920039952,0.00370465149,10,49,True,False,False,False,False,False,0.776043501,False
C09_RESTRAINT_DOMAIN_ATTACK,161,161,172,0.958082974,1.0000453,0.917923033,0.00365641923,10,49,True,False,False,False,False,False,0.775150152,False
C09_RESTRAINT_DOMAIN_ATTACK,162,162,173,0.957004786,1.0000453,0.91585815,0.00360827451,10,49,True,False,False,False,False,False,0.774277829,False
C09_RESTRAINT_DOMAIN_ATTACK,163,163,174,0.95595181,1.0000453,0.91384387,0.00356009696,10,49,True,False,False,False,False,False,0.773425905,False
C09_RESTRAINT_DOMAIN_ATTACK,164,164,175,0.954923749,1.0000453,0.91187942,0.00351188588,10,49,True,False,False,False,False,False,0.772594138,False
C09_RESTRAINT_DOMAIN_ATTACK,165,165,176,0.953920007,1.0000453,0.909963429,0.00346621149,10,49,True,False,False,False,False,False,0.771782046,False
C09_RESTRAINT_DOMAIN_ATTACK,166,166,177,0.95293963,1.0000453,0.908093989,0.00341963931,10,49,True,False,False,False,False,False,0.770988859,False
C09_RESTRAINT_DOMAIN_ATTACK,167,167,178,0.951982617,1.0000453,0.906270921,0.00337305455,10,49,True,False,False,False,False,False,0.770214575,False
C09_RESTRAINT_DOMAIN_ATTACK,168,168,179,0.951048374,1.0000453,0.904493034,0.00332813198,10,49,True,False,False,False,False,False,0.769458713,False
C09_RESTRAINT_DOMAIN_ATTACK,169,169,180,0.950136244,1.0000453,0.902758837,0.00328231766,10,49,True,False,False,False,False,False,0.768720742,False
C09_RESTRAINT_DOMAIN_ATTACK,170,170,181,0.949245691,1.0000453,0.901067436,0.0032407511,10,49,True,False,False,False,False,False,0.768000227,False
C09_RESTRAINT_DOMAIN_ATTACK,171,171,182,0.948375463,1.0000453,0.899416029,0.00319821993,10,49,True,False,False,False,False,False,0.767296158,False
C09_RESTRAINT_DOMAIN_ATTACK,172,172,183,0.94752574,1.0000453,0.897804976,0.00315572927,10,49,True,False,False,False,False,False,0.766608677,False
C09_RESTRAINT_DOMAIN_ATTACK,173,173,184,0.946695685,1.0000453,0.896232665,0.00311573525,10,49,True,False,False,False,False,False,0.76593711,False
C09_RESTRAINT_DOMAIN_ATTACK,174,174,185,0.945884526,1.0000453,0.894697487,0.00307659246,10,49,True,False,False,False,False,False,0.76528083,False
C09_RESTRAINT_DOMAIN_ATTACK,175,175,186,0.945091307,1.0000453,0.893197596,0.003039876,10,49,True,False,False,False,False,False,0.764639066,False
C09_RESTRAINT_DOMAIN_ATTACK,176,176,187,0.944315553,1.0000453,0.891731858,0.00300315558,10,49,True,False,False,False,False,False,0.764011431,False
C09_RESTRAINT_DOMAIN_ATTACK,177,177,188,0.943556428,1.0000453,0.890298784,0.00296889711,10,49,True,False,False,False,False,False,0.763397251,False
C09_RESTRAINT_DOMAIN_ATTACK,178,178,189,0.942813456,1.0000453,0.88889724,0.00293634227,10,49,True,False,False,False,False,False,0.762796139,False
C09_RESTRAINT_DOMAIN_ATTACK,179,179,190,0.942085505,1.0000453,0.887525141,0.00290540978,10,49,True,False,False,False,False,False,0.76220718,False
C09_RESTRAINT_DOMAIN_ATTACK,180,180,191,0.941372275,1.0000453,0.886181712,0.00287621282,10,49,True,False,False,False,False,False,0.761630132,False
C09_RESTRAINT_DOMAIN_ATTACK,181,181,192,0.940672517,1.0000453,0.884864748,0.00284858583,10,49,True,False,False,False,False,False,0.761063983,False
C09_RESTRAINT_DOMAIN_ATTACK,182,182,193,0.939985812,1.0000453,0.883573353,0.00282263733,10,49,True,False,False,False,False,False,0.760508395,False
C09_RESTRAINT_DOMAIN_ATTACK,183,183,194,0.939311683,1.0000453,0.882306457,0.0027992588,10,49,True,False,False,False,False,False,0.759962982,False
C09_RESTRAINT_DOMAIN_ATTACK,184,184,195,0.938648582,1.0000453,0.881061137,0.00277912943,10,49,True,False,False,False,False,False,0.759426491,False
C09_RESTRAINT_DOMAIN_ATTACK,185,185,196,0.93799597,1.0000453,0.87983644,0.00276072952,10,49,True,False,False,False,False,False,0.758898487,False
C09_RESTRAINT_DOMAIN_ATTACK,186,186,197,0.937353253,1.0000453,0.878631175,0.00274313847,10,49,True,False,False,False,False,False,0.758378488,False
C09_RESTRAINT_DOMAIN_ATTACK,187,187,198,0.936719775,1.0000453,0.87744391,0.00272890949,10,49,True,False,False,False,False,False,0.757865963,False
C09_RESTRAINT_DOMAIN_ATTACK,188,188,199,0.936094582,1.0000453,0.876273036,0.00271633477,10,49,True,False,False,False,False,False,0.757360142,False
C09_RESTRAINT_DOMAIN_ATTACK,189,189,200,0.935477138,1.0000453,0.875117421,0.00270628324,10,49,True,False,False,False,False,False,0.75686059,False
C09_RESTRAINT_DOMAIN_ATTACK,190,190,201,0.93486625,1.0000453,0.873974919,0.00269956142,10,49,True,False,False,False,False,False,0.756366343,False
C09_RESTRAINT_DOMAIN_ATTACK,191,191,202,0.93426156,1.0000453,0.872844636,0.00269537303,10,49,True,False,False,False,False,False,0.755877111,False
C09_RESTRAINT_DOMAIN_ATTACK,192,192,203,0.933662057,1.0000453,0.871724784,0.00269285659,10,49,True,False,False,False,False,False,0.755392075,False
C09_RESTRAINT_DOMAIN_ATTACK,193,193,204,0.933066845,1.0000453,0.870613694,0.0026945374,10,49,True,False,False,False,False,False,0.75491051,False
C09_RESTRAINT_DOMAIN_ATTACK,194,194,205,0.932475507,1.0000453,0.869510591,0.00269788411,10,49,True,False,False,False,False,False,0.75443208,False
C09_RESTRAINT_DOMAIN_ATTACK,195,195,206,0.93188715,1.0000453,0.868413627,0.00270293024,10,49,True,False,False,False,False,False,0.753956062,False
C09_RESTRAINT_DOMAIN_ATTACK,196,196,207,0.931301177,1.0000453,0.867321849,0.00271217222,10,49,True,False,False,False,False,False,0.753481972,False
C09_RESTRAINT_DOMAIN_ATTACK,197,197,208,0.930716932,1.0000453,0.866234004,0.00272390898,10,49,True,False,False,False,False,False,0.753009281,False
C09_RESTRAINT_DOMAIN_ATTACK,198,198,209,0.930133641,1.0000453,0.865148544,0.00273816381,10,49,True,False,False,False,False,False,0.752537361,False
C09_RESTRAINT_DOMAIN_ATTACK,199,199,210,0.929550469,1.0000453,0.864064097,0.00275578676,10,49,True,False,False,False,False,False,0.752065538,False
C09_RESTRAINT_DOMAIN_ATTACK,200,200,211,0.928967059,1.0000453,0.862979829,0.00277588866,10,49,True,False,False,False,False,False,0.751593522,False
C09_RESTRAINT_DOMAIN_ATTACK,201,201,212,0.928382218,1.0000453,0.861893535,0.00279946229,10,49,True,False,False,False,False,False,0.751120349,False
C09_RESTRAINT_DOMAIN_ATTACK,202,202,213,0.927796125,1.0000453,0.86080569,0.00282458216,10,49,True,False,False,False,False,False,0.750646162,False
C09_RESTRAINT_DOMAIN_ATTACK,203,203,214,0.927207589,1.0000453,0.859713912,0.00285481685,10,49,True,False,False,False,False,False,0.750169999,False
C09_RESTRAINT_DOMAIN_ATTACK,204,204,215,0.926616311,1.0000453,0.858617842,0.00288501917,10,49,True,False,False,False,False,False,0.749691617,False
C09_RESTRAINT_DOMAIN_ATTACK,205,205,216,0.926021814,1.0000453,0.857516408,0.00292107603,10,49,True,False,False,False,False,False,0.749210632,False
C09_RESTRAINT_DOMAIN_ATTACK,206,206,217,0.925423324,1.0000453,0.856408358,0.00295880134,10,49,True,False,False,False,False,False,0.748726415,False
C09_RESTRAINT_DOMAIN_ATTACK,207,207,218,0.924820602,1.0000453,0.855293095,0.00299906568,10,49,True,False,False,False,False,False,0.748238774,False
C09_RESTRAINT_DOMAIN_ATTACK,208,208,219,0.924213171,1.0000453,0.854170024,0.00304260291,10,49,True,False,False,False,False,False,0.747747324,False
C09_RESTRAINT_DOMAIN_ATTACK,209,209,220,0.923600435,1.0000453,0.853037715,0.0030903921,10,49,True,False,False,False,False,False,0.747251582,False
C09_RESTRAINT_DOMAIN_ATTACK,210,210,221,0.922982037,1.0000453,0.851895869,0.00313980528,10,49,True,False,False,False,False,False,0.746751258,False
C09_RESTRAINT_DOMAIN_ATTACK,211,211,222,0.922357738,1.0000453,0.85074383,0.00319337845,10,49,True,False,False,False,False,False,0.746246161,False
C09_RESTRAINT_DOMAIN_ATTACK,212,212,223,0.921727061,1.0000453,0.849580824,0.00324787176,10,49,True,False,False,False,False,False,0.745735903,False
C09_RESTRAINT_DOMAIN_ATTACK,213,213,224,0.921090364,1.0000453,0.848407447,0.0033071842,10,49,True,False,False,False,False,False,0.745220775,False
C09_RESTRAINT_DOMAIN_ATTACK,214,214,225,0.920446694,1.0000453,0.84722209,0.00336748292,10,49,True,False,False,False,False,False,0.744700004,False
C09_RESTRAINT_DOMAIN_ATTACK,215,215,226,0.919796467,1.0000453,0.846025527,0.00343264639,10,49,True,False,False,False,False,False,0.744173929,False
C09_RESTRAINT_DOMAIN_ATTACK,216,216,227,0.919139266,1.0000453,0.844817042,0.00349869393,10,49,True,False,False,False,False,False,0.743642212,False
C09_RESTRAINT_DOMAIN_ATTACK,217,217,228,0.918475211,1.0000453,0.843596697,0.00356892147,10,49,True,False,False,False,False,False,0.743104949,False
C09_RESTRAINT_DOMAIN_ATTACK,218,218,229,0.91780442,1.0000453,0.842364967,0.00364067289,10,49,True,False,False,False,False,False,0.742562236,False
C09_RESTRAINT_DOMAIN_ATTACK,219,219,230,0.917126715,1.0000453,0.841121376,0.00371666765,10,49,True,False,False,False,False,False,0.74201393,False
C09_RESTRAINT_DOMAIN_ATTACK,220,220,231,0.916442156,1.0000453,0.839866221,0.00379443495,10,49,True,False,False,False,False,False,0.741460078,False
C09_RESTRAINT_DOMAIN_ATTACK,221,221,232,0.915751398,1.0000453,0.838600576,0.00387448468,10,49,True,False,False,False,False,False,0.74090121,False
C09_RESTRAINT_DOMAIN_ATTACK,222,222,233,0.915054321,1.0000453,0.83732444,0.00395714445,10,49,True,False,False,False,False,False,0.740337231,False
C09_RESTRAINT_DOMAIN_ATTACK,223,223,234,0.914351702,1.0000453,0.836039007,0.00404217001,10,49,True,False,False,False,False,False,0.739768767,False
C09_RESTRAINT_DOMAIN_ATTACK,224,224,235,0.913643599,1.0000453,0.834744573,0.00413062377,10,49,True,False,False,False,False,False,0.739195867,False
C09_RESTRAINT_DOMAIN_ATTACK,225,225,236,0.912930489,1.0000453,0.833442092,0.00422058813,10,49,True,False,False,False,False,False,0.738618915,False
C09_RESTRAINT_DOMAIN_ATTACK,226,226,237,0.912212968,1.0000453,0.832132518,0.0043140715,10,49,True,False,False,False,False,False,0.738038395,False
C09_RESTRAINT_DOMAIN_ATTACK,227,227,238,0.911491871,1.0000453,0.830817461,0.0044080345,10,49,True,False,False,False,False,False,0.737454982,False
C09_RESTRAINT_DOMAIN_ATTACK,228,228,239,0.910767794,1.0000453,0.829497993,0.00450470205,10,49,True,False,False,False,False,False,0.736869157,False
C09_RESTRAINT_DOMAIN_ATTACK,229,229,240,0.910041511,1.0000453,0.828175545,0.00460546883,10,49,True,False,False,False,False,False,0.736281548,False
C09_RESTRAINT_DOMAIN_ATTACK,230,230,241,0.909313858,1.0000453,0.826851726,0.00470530475,10,49,True,False,False,False,False,False,0.73569283,False
C09_RESTRAINT_DOMAIN_ATTACK,231,231,242,0.908585906,1.0000453,0.825528383,0.00480864057,10,49,True,False,False,False,False,False,0.735103871,False
C09_RESTRAINT_DOMAIN_ATTACK,232,232,243,0.907858729,1.0000453,0.824207485,0.00491520576,10,49,True,False,False,False,False,False,0.734515539,False
C09_RESTRAINT_DOMAIN_ATTACK,233,233,244,0.90713352,1.0000453,0.822891176,0.00502071995,10,49,True,False,False,False,False,False,0.733928798,False
C09_RESTRAINT_DOMAIN_ATTACK,234,234,245,0.90641135,1.0000453,0.821581483,0.00513053034,10,49,True,False,False,False,False,False,0.733344517,False
C09_RESTRAINT_DOMAIN_ATTACK,235,235,246,0.905693591,1.0000453,0.82028091,0.0052403342,10,49,True,False,False,False,False,False,0.732763804,False
C09_RESTRAINT_DOMAIN_ATTACK,236,236,247,0.904981732,1.0000453,0.818991899,0.00535342516,10,49,True,False,False,False,False,False,0.732187865,False
C09_RESTRAINT_DOMAIN_ATTACK,237,237,248,0.904277146,1.0000453,0.817717195,0.00546571426,10,49,True,False,False,False,False,False,0.73161781,False
C09_RESTRAINT_DOMAIN_ATTACK,238,238,249,0.903581738,1.0000453,0.816459954,0.00558196614,10,49,True,False,False,False,False,False,0.731055181,False
C09_RESTRAINT_DOMAIN_ATTACK,239,239,250,0.902896941,1.0000453,0.815222859,0.00569735654,10,49,True,False,False,False,False,False,0.730501136,False
C09_RESTRAINT_DOMAIN_ATTACK,240,240,251,0.902224481,1.0000453,0.814009011,0.00581464544,10,49,True,False,False,False,False,False,0.729957073,False
C09_RESTRAINT_DOMAIN_ATTACK,241,241,252,0.901566446,1.0000453,0.812822044,0.0059350701,10,49,True,False,False,False,False,False,0.729424681,False
C09_RESTRAINT_DOMAIN_ATTACK,242,242,253,0.900924623,1.0000453,0.811665177,0.00605381932,10,49,True,False,False,False,False,False,0.728905405,False
C09_RESTRAINT_DOMAIN_ATTACK,243,243,254,0.900301158,1.0000453,0.810542226,0.0061734817,10,49,True,False,False,False,False,False,0.728400983,False
C09_RESTRAINT_DOMAIN_ATTACK,244,244,255,0.899698317,1.0000453,0.809457064,0.00629623933,10,49,True,False,False,False,False,False,0.727913246,False
C09_RESTRAINT_DOMAIN_ATTACK,245,245,256,0.899118006,1.0000453,0.808413148,0.00641836552,10,49,True,False,False,False,False,False,0.727443737,False
C09_RESTRAINT_DOMAIN_ATTACK,246,246,257,0.898562729,1.0000453,0.807414949,0.00654207496,10,49,True,False,False,False,False,False,0.726994483,False
C09_RESTRAINT_DOMAIN_ATTACK,247,247,258,0.898034751,1.0000453,0.80646646,0.00666405028,10,49,True,False,False,False,False,False,0.726567315,False
C09_RESTRAINT_DOMAIN_ATTACK,248,248,259,0.897536874,1.0000453,0.80557245,0.00678761536,10,49,True,False,False,False,False,False,0.7261645,False
C09_RESTRAINT_DOMAIN_ATTACK,249,249,260,0.897071302,1.0000453,0.804736912,0.00691216672,10,49,True,False,False,False,False,False,0.725787823,False
C09_RESTRAINT_DOMAIN_ATTACK,250,250,261,0.896640778,1.0000453,0.803964674,0.00703735929,10,49,True,False,False,False,False,False,0.725439502,False
C09_RESTRAINT_DOMAIN_ATTACK,251,251,262,0.896247804,1.0000453,0.803260088,0.00716096023,10,49,True,False,False,False,False,False,0.725121561,False
C09_RESTRAINT_DOMAIN_ATTACK,252,252,263,0.895895302,1.0000453,0.802628398,0.00728553906,10,49,True,False,False,False,False,False,0.724836365,False
C09_RESTRAINT_DOMAIN_ATTACK,253,253,264,0.895586073,1.0000453,0.802074373,0.0074089691,10,49,True,False,False,False,False,False,0.724586179,False
C09_RESTRAINT_DOMAIN_ATTACK,254,254,265,0.895322859,1.0000453,0.801603019,0.00753427576,10,49,True,False,False,False,False,False,0.724373222,False
C09_RESTRAINT_DOMAIN_ATTACK,255,255,266,0.895108581,1.0000453,0.801219344,0.00765693793,10,49,True,False,False,False,False,False,0.724199857,False
C09_RESTRAINT_DOMAIN_ATTACK,256,256,267,0.894946098,1.0000453,0.800928533,0.00777968811,10,49,True,False,False,False,False,False,0.724068398,False
C09_RESTRAINT_DOMAIN_ATTACK,257,257,268,0.894838572,1.0000453,0.80073607,0.00790162757,10,49,True,False,False,False,False,False,0.723981402,False
C09_RESTRAINT_DOMAIN_ATTACK,258,258,269,0.894788802,1.0000453,0.80064702,0.0080242753,10,49,True,False,False,False,False,False,0.723941135,False
C09_RESTRAINT_DOMAIN_ATTACK,259,259,270,0.894799829,1.0000453,0.800666749,0.00814522523,10,49,True,False,False,False,False,False,0.723950056,False
C09_RESTRAINT_DOMAIN_ATTACK,260,260,271,0.894874692,1.0000453,0.800800741,0.00826552697,10,49,True,False,False,False,False,False,0.724010626,False
C09_RESTRAINT_DOMAIN_ATTACK,261,261,272,0.895016432,1.0000453,0.801054418,0.00838492066,10,49,True,False,False,False,False,False,0.724125302,False
C09_RESTRAINT_DOMAIN_ATTACK,262,262,273,0.895227969,1.0000453,0.801433146,0.00850253645,10,49,True,False,False,False,False,False,0.726438414,False
C09_RESTRAINT_DOMAIN_ATTACK,263,263,274,0.895512342,1.0000453,0.801942408,0.00861776527,10,49,True,False,False,False,False,False,0.736283316,False
C09_RESTRAINT_DOMAIN_ATTACK,264,264,275,0.895872533,1.0000453,0.802587569,0.00873456988,10,49,True,False,False,False,False,False,0.74626285,False
C09_RESTRAINT_DOMAIN_ATTACK,265,265,276,0.896311522,1.0000453,0.80337429,0.00884734653,10,49,True,False,False,False,False,False,0.755898244,False
C09_RESTRAINT_DOMAIN_ATTACK,266,266,277,0.896831989,1.0000453,0.80430764,0.0089590922,10,49,True,False,False,False,False,False,0.765445554,False
C09_RESTRAINT_DOMAIN_ATTACK,267,267,278,0.897437036,1.0000453,0.805393279,0.00907016266,10,49,True,False,False,False,False,False,0.774935175,False
C09_RESTRAINT_DOMAIN_ATTACK,268,268,279,0.898129404,1.0000453,0.806636393,0.00917869434,10,49,True,False,False,False,False,False,0.784207888,False
C09_RESTRAINT_DOMAIN_ATTACK,269,269,280,0.898911715,1.0000453,0.808042228,0.00928559341,10,49,True,False,False,False,False,False,0.793341114,False
C09_RESTRAINT_DOMAIN_ATTACK,270,270,281,0.899786592,1.0000453,0.80961591,0.00938990247,10,49,True,False,False,False,False,False,0.802253056,False
C09_RESTRAINT_DOMAIN_ATTACK,271,271,282,0.900756657,1.0000453,0.811362505,0.00949185248,10,49,True,False,False,False,False,False,0.810963446,False
C09_RESTRAINT_DOMAIN_ATTACK,272,272,283,0.901824296,1.0000453,0.81328702,0.00959126838,10,49,True,False,False,False,False,False,0.819457326,False
C09_RESTRAINT_DOMAIN_ATTACK,273,273,284,0.902991593,1.0000453,0.815393865,0.00968895759,10,49,True,False,False,False,False,False,0.827803682,False
C09_RESTRAINT_DOMAIN_ATTACK,274,274,285,0.904261231,1.0000453,0.817688406,0.00978503004,10,49,True,False,False,False,False,False,0.836011905,False
C09_RESTRAINT_DOMAIN_ATTACK,275,275,286,0.90563488,1.0000453,0.820174575,0.00987611618,10,49,True,False,False,False,False,False,0.843794109,False
C09_RESTRAINT_DOMAIN_ATTACK,276,276,287,0.907114565,1.0000453,0.822856843,0.00996555947,10,49,True,False,False,False,False,False,0.851435951,False
C09_RESTRAINT_DOMAIN_ATTACK,277,277,288,0.908702075,1.0000453,0.825739503,0.0100532919,10,49,True,False,False,False,False,False,0.858931622,False
C09_RESTRAINT_DOMAIN_ATTACK,278,278,289,0.910399258,1.0000453,0.828826845,0.010136974,10,49,True,False,False,False,False,False,0.866081243,False
C09_RESTRAINT_DOMAIN_ATTACK,279,279,290,0.912207186,1.0000453,0.832121909,0.0102172745,10,49,True,False,False,False,False,False,0.872941945,False
C09_RESTRAINT_DOMAIN_ATTACK,280,280,291,0.914127409,1.0000453,0.835628927,0.0102951517,10,49,True,False,False,False,False,False,0.879595605,False
C09_RESTRAINT_DOMAIN_ATTACK,281,281,292,0.916161001,1.0000453,0.839350998,0.0103704864,10,49,True,False,False,False,False,False,0.886032038,False
C09_RESTRAINT_DOMAIN_ATTACK,282,282,293,0.918308794,1.0000453,0.843291044,0.0104408571,10,49,True,False,False,False,False,False,0.892044362,False
C09_RESTRAINT_DOMAIN_ATTACK,283,283,294,0.920571506,1.0000453,0.847451866,0.0105087431,10,49,True,False,False,False,False,False,0.897844392,False
C09_RESTRAINT_DOMAIN_ATTACK,284,284,295,0.922949672,1.0000453,0.851836085,0.0105733043,10,49,True,False,False,False,False,False,0.903360358,False
C09_RESTRAINT_DOMAIN_ATTACK,285,285,296,0.925444007,1.0000453,0.856446624,0.0106346142,10,49,True,False,False,False,False,False,0.908598543,False
C09_RESTRAINT_DOMAIN_ATTACK,286,286,297,0.928053975,1.0000453,0.861284196,0.0106916856,10,49,True,False,False,False,False,False,0.913474605,False
C09_RESTRAINT_DOMAIN_ATTACK,287,287,298,0.930779994,1.0000453,0.866351366,0.0107454937,10,49,True,False,False,False,False,False,0.918071852,False
C09_RESTRAINT_DOMAIN_ATTACK,288,288,299,0.933621526,1.0000453,0.871649206,0.0107951565,10,49,True,False,False,False,False,False,0.922314933,False
C09_RESTRAINT_DOMAIN_ATTACK,289,289,300,0.936577976,1.0000453,0.877178252,0.0108398469,10,49,True,False,False,False,False,False,0.926133189,False
C09_RESTRAINT_DOMAIN_ATTACK,290,290,301,0.939648509,1.0000453,0.882939339,0.010882047,10,49,True,False,False,False,False,False,0.929738673,False
C09_RESTRAINT_DOMAIN_ATTACK,291,291,302,0.942832589,1.0000453,0.888933241,0.0109193036,10,49,True,False,False,False,False,False,0.932921799,False
C09_RESTRAINT_DOMAIN_ATTACK,292,292,303,0.946128488,1.0000453,0.895159066,0.0109524103,10,49,True,False,False,False,False,False,0.935750361,False
C09_RESTRAINT_DOMAIN_ATTACK,293,293,304,0.949534655,1.0000453,0.901616096,0.0109813577,10,49,True,False,False,False,False,False,0.938223562,False
C09_RESTRAINT_DOMAIN_ATTACK,294,294,305,0.953050256,1.0000453,0.908304811,0.0110070193,10,49,True,False,False,False,False,False,0.940416039,False
C09_RESTRAINT_DOMAIN_ATTACK,295,295,306,0.956673265,1.0000453,0.915223777,0.0110285403,10,49,True,False,False,False,False,False,0.942254747,False
C09_RESTRAINT_DOMAIN_ATTACK,296,296,307,0.960401356,1.0000453,0.922370732,0.0110434387,10,49,True,False,False,False,False,False,0.943527631,False
C09_RESTRAINT_DOMAIN_ATTACK,297,297,308,0.964231789,1.0000453,0.929742992,0.0110558448,10,49,True,False,False,False,False,False,0.944587586,False
C09_RESTRAINT_DOMAIN_ATTACK,298,298,309,0.968163013,1.0000453,0.937339664,0.0110632936,10,49,True,False,False,False,False,False,0.945223988,False
C09_RESTRAINT_DOMAIN_ATTACK,299,299,310,0.972191751,1.0000453,0.945156813,0.0110657755,10,49,True,False,False,False,False,False,0.945436043,False
C09_RESTRAINT_DOMAIN_ATTACK,300,300,311,0.976315677,1.0000453,0.953192353,0.0110657755,10,49,True,False,False,False,False,False,0.945436043,False
C09_RESTRAINT_DOMAIN_ATTACK,301,301,312,0.980531156,1.02315354,0.961441338,0.0110583343,10,49,True,False,False,False,False,False,0.944800277,False
C09_RESTRAINT_DOMAIN_ATTACK,302,302,313,0.984835207,1.04626584,0.969900429,0.0110475766,10,49,True,False,False,False,False,False,0.943881162,False
C09_RESTRAINT_DOMAIN_ATTACK,303,303,314,0.989223897,1.06925547,0.978563905,0.0110310409,10,49,True,False,False,False,False,False,0.942468393,False
C09_RESTRAINT_DOMAIN_ATTACK,304,304,315,0.993694663,1.09220433,0.987429082,0.0110128373,10,49,True,False,False,False,False,False,0.940913114,False
C09_RESTRAINT_DOMAIN_ATTACK,305,305,316,0.998243093,1.11498964,0.996489286,0.0109863728,10,49,True,False,False,False,False,False,0.938652047,False
C09_RESTRAINT_DOMAIN_ATTACK,306,306,317,1.00286555,1.13769317,1.00573921,0.0109565733,10,49,True,False,False,False,False,False,0.93610604,False
C09_RESTRAINT_DOMAIN_ATTACK,307,307,318,1.00755751,1.16025376,1.01517224,0.0109226648,10,49,True,False,False,False,False,False,0.933208968,False
C09_RESTRAINT_DOMAIN_ATTACK,308,308,319,1.01231503,1.1826508,1.0247817,0.010882983,10,49,True,False,False,False,False,False,0.929818641,False
C09_RESTRAINT_DOMAIN_ATTACK,309,309,320,1.01713336,1.20488441,1.03456032,0.0108375084,10,49,True,False,False,False,False,False,0.925933388,False
C09_RESTRAINT_DOMAIN_ATTACK,310,310,321,1.02200866,1.22699535,1.04450178,0.0107895304,10,49,True,False,False,False,False,False,0.92183425,False
C09_RESTRAINT_DOMAIN_ATTACK,311,311,322,1.02693665,1.24892247,1.05459881,0.0107349074,10,49,True,False,False,False,False,False,0.917167378,False
C09_RESTRAINT_DOMAIN_ATTACK,312,312,323,1.0319109,1.27062476,1.0648402,0.0106762629,10,49,True,False,False,False,False,False,0.912156922,False
C09_RESTRAINT_DOMAIN_ATTACK,313,313,324,1.03692865,1.29216349,1.07522094,0.0106125725,10,49,True,False,False,False,False,False,0.906715355,False
C09_RESTRAINT_DOMAIN_ATTACK,314,314,325,1.04198372,1.31347752,1.08573008,0.0105448235,10,49,True,False,False,False,False,False,0.900927021,False
C09_RESTRAINT_DOMAIN_ATTACK,315,315,326,1.04707229,1.3345871,1.09636045,0.0104703531,10,49,True,False,False,False,False,False,0.894564429,False
C09_RESTRAINT_DOMAIN_ATTACK,316,316,327,1.05218828,1.35547197,1.10710025,0.0103934864,10,49,True,False,False,False,False,False,0.887997103,False
C09_RESTRAINT_DOMAIN_ATTACK,317,317,328,1.05732715,1.37609112,1.11794078,0.0103091588,10,49,True,False,False,False,False,False,0.88079234,False
C09_RESTRAINT_DOMAIN_ATTACK,318,318,329,1.06248355,1.39648557,1.1288712,0.0102214953,10,49,True,False,False,False,False,False,0.873302557,False
C09_RESTRAINT_DOMAIN_ATTACK,319,319,330,1.06765223,1.41661429,1.13988125,0.0101297572,10,49,True,False,False,False,False,False,0.865464654,False
C09_RESTRAINT_DOMAIN_ATTACK,320,320,331,1.07282865,1.43647742,1.15096128,0.010033913,10,49,True,False,False,False,False,False,0.867986713,False
C09_RESTRAINT_DOMAIN_ATTACK,321,321,332,1.07800663,1.45601356,1.16209841,0.0099298181,10,49,True,False,False,False,False,False,0.872176025,False
C09_RESTRAINT_DOMAIN_ATTACK,322,322,333,1.08318138,1.47530448,1.17328191,0.00982314814,10,49,True,False,False,False,False,False,0.876362732,False
C09_RESTRAINT_DOMAIN_ATTACK,323,323,334,1.08834696,1.49426842,1.18449914,0.00971251819,10,49,True,False,False,False,False,False,0.880542013,False
C09_RESTRAINT_DOMAIN_ATTACK,324,324,335,1.09349895,1.51292574,1.19573998,0.0095960144,10,49,True,False,False,False,False,False,0.884710298,False
C09_RESTRAINT_DOMAIN_ATTACK,325,325,336,1.09863234,1.53129709,1.2069931,0.00947699603,10,49,True,False,False,False,False,False,0.888863538,False
C09_RESTRAINT_DOMAIN_ATTACK,326,326,337,1.10374129,1.54930055,1.21824491,0.00935144909,10,49,True,False,False,False,False,False,0.892997006,False
C09_RESTRAINT_DOMAIN_ATTACK,327,327,338,1.10882008,1.56695664,1.22948205,0.00922095682,10,49,True,False,False,False,False,False,0.897106073,False
C09_RESTRAINT_DOMAIN_ATTACK,328,328,339,1.11386395,1.58428574,1.24069297,0.0090880096,10,49,True,False,False,False,False,False,0.90118688,False
C09_RESTRAINT_DOMAIN_ATTACK,329,329,340,1.11886764,1.60122657,1.25186479,0.00894848257,10,49,True,False,False,False,False,False,0.905235185,False
C09_RESTRAINT_DOMAIN_ATTACK,330,330,341,1.12382567,1.61782002,1.26298416,0.00880560093,10,49,True,False,False,False,False,False,0.90924655,False
C09_RESTRAINT_DOMAIN_ATTACK,331,331,342,1.12873352,1.63404572,1.27403939,0.00865854695,10,49,True,False,False,False,False,False,0.91321731,False
C09_RESTRAINT_DOMAIN_ATTACK,332,332,343,1.13358581,1.64988303,1.28501689,0.00850923546,10,49,True,False,False,False,False,False,0.917143126,False
C09_RESTRAINT_DOMAIN_ATTACK,333,333,344,1.13837814,1.66531169,1.29590487,0.00835322589,10,49,True,False,False,False,False,False,0.921020428,False
C09_RESTRAINT_DOMAIN_ATTACK,334,334,345,1.14310503,1.68035197,1.30668914,0.00819481071,10,49,True,False,False,False,False,False,0.924844781,False
C09_RESTRAINT_DOMAIN_ATTACK,335,335,346,1.14776218,1.69498372,1.31735814,0.00803228281,10,49,True,False,False,False,False,False,0.928612711,False
C09_RESTRAINT_DOMAIN_ATTACK,336,336,347,1.15234494,1.70920658,1.32789874,0.00786462147,10,49,True,False,False,False,False,False,0.932320458,False
C09_RESTRAINT_DOMAIN_ATTACK,337,337,348,1.15684712,1.72298002,1.33829534,0.00769397989,10,49,True,False,False,False,False,False,0.935963006,False
C09_RESTRAINT_DOMAIN_ATTACK,338,338,349,1.16126573,1.7363447,1.34853804,0.00752083212,10,49,True,False,False,False,False,False,0.939537944,False
C09_RESTRAINT_DOMAIN_ATTACK,339,339,350,1.16559541,1.74923933,1.35861278,0.00734199816,10,49,True,False,False,False,False,False,0.943040932,False
C09_RESTRAINT_DOMAIN_ATTACK,340,340,351,1.16983199,1.76170492,1.36850691,0.00716163218,10,49,True,False,False,False,False,False,0.946468595,False
C09_RESTRAINT_DOMAIN_ATTACK,341,341,352,1.17397165,1.77372086,1.37820947,0.00697707804,10,49,True,False,False,False,False,False,0.949817845,False
C09_RESTRAINT_DOMAIN_ATTACK,342,342,353,1.17800963,1.78526676,1.38770664,0.00678846845,10,49,True,False,False,False,False,False,0.953084825,False
C09_RESTRAINT_DOMAIN_ATTACK,343,343,354,1.18194151,1.79634261,1.39698577,0.00659666164,10,49,True,False,False,False,False,False,0.956265966,False
C09_RESTRAINT_DOMAIN_ATTACK,344,344,355,1.18576455,1.80698943,1.40603745,0.006403937,10,49,True,False,False,False,False,False,0.95935905,False
C09_RESTRAINT_DOMAIN_ATTACK,345,345,356,1.18947363,1.81710494,1.41484761,0.00620582467,10,49,True,False,False,False,False,False,0.962359931,False
C09_RESTRAINT_DOMAIN_ATTACK,346,346,357,1.19306576,1.82677078,1.423406,0.00600590371,10,49,True,False,False,False,False,False,0.965266195,False
C09_RESTRAINT_DOMAIN_ATTACK,347,347,358,1.19653666,1.83592582,1.43170011,0.00580206839,10,49,True,False,False,False,False,False,0.968074373,False
C09_RESTRAINT_DOMAIN_ATTACK,348,348,359,1.19988334,1.84461081,1.43972015,0.00559754251,10,49,True,False,False,False,False,False,0.970782051,False
C09_RESTRAINT_DOMAIN_ATTACK,349,349,360,1.20310271,1.85278487,1.44745612,0.0053889649,10,49,True,False,False,False,False,False,0.973386724,False
C09_RESTRAINT_DOMAIN_ATTACK,350,350,361,1.20619047,1.86044812,1.4548955,0.00517925201,10,49,True,False,False,False,False,False,0.975884917,False
C09_RESTRAINT_DOMAIN_ATTACK,351,351,362,1.20914507,1.86762094,1.46203184,0.00496697985,10,49,True,False,False,False,False,False,0.978275379,False
C09_RESTRAINT_DOMAIN_ATTACK,352,352,363,1.21196294,1.87428284,1.46885407,0.00475243852,10,49,True,False,False,False,False,False,0.980555214,False
C09_RESTRAINT_DOMAIN_ATTACK,353,353,364,1.21464062,1.88041341,1.47535181,0.00453598564,10,49,True,False,False,False,False,False,0.982741339,False
C09_RESTRAINT_DOMAIN_ATTACK,354,354,365,1.21717656,1.88605356,1.48151886,0.00431879656,10,49,True,False,False,False,False,False,0.985688992,False
C09_RESTRAINT_DOMAIN_ATTACK,355,355,366,1.21956813,1.8911624,1.48734629,0.00409748685,10,49,True,False,False,False,False,False,0.98835897,False
C09_RESTRAINT_DOMAIN_ATTACK,356,356,367,1.22181141,1.89573979,1.49282324,0.00387734314,10,49,True,False,False,False,False,False,0.990751209,False
C09_RESTRAINT_DOMAIN_ATTACK,357,357,368,1.22390628,1.8998065,1.4979465,0.0036546581,10,49,True,False,False,False,False,False,0.99287655,False
C09_RESTRAINT_DOMAIN_ATTACK,358,358,369,1.22584951,1.90334177,1.50270689,0.00343214651,10,49,True,False,False,False,False,False,0.994724153,False
C09_RESTRAINT_DOMAIN_ATTACK,359,359,370,1.22764015,1.90636623,1.50710046,0.00320814829,10,49,True,False,False,False,False,False,0.996304795,False
C09_RESTRAINT_DOMAIN_ATTACK,360,360,371,1.22927547,1.90883887,1.51111829,0.00298399408,10,49,True,False,False,False,False,False,0.997597045,False
C09_RESTRAINT_DOMAIN_ATTACK,361,361,372,1.23075426,1.91078019,1.51475608,0.00276037585,10,49,True,False,False,False,False,False,0.998611619,False
C09_RESTRAINT_DOMAIN_ATTACK,362,362,373,1.23207629,1.91223109,1.51801193,0.00253715855,10,49,True,False,False,False,False,False,0.999369886,False
C09_RESTRAINT_DOMAIN_ATTACK,363,363,374,1.23323846,1.91308939,1.52087724,0.00231391913,10,49,True,False,False,False,False,False,0.999818454,False
C09_RESTRAINT_DOMAIN_ATTACK,364,364,375,1.23424017,1.91343677,1.52334893,0.0020939603,10,49,True,False,False,False,False,False,1,False
C09_RESTRAINT_DOMAIN_ATTACK,365,365,376,1.23508167,1.91343677,1.52542663,0.00187546038,10,49,True,False,False,False,False,False,1,False
C09_RESTRAINT_DOMAIN_ATTACK,366,366,377,1.23576117,1.91343677,1.52710569,0.00166197587,10,49,True,False,False,False,False,False,1,False
C09_RESTRAINT_DOMAIN_ATTACK,367,367,378,1.2362783,1.91343677,1.52838409,0.00145568,10,49,True,False,False,False,False,False,1.00045582,True
C09_RESTRAINT_DOMAIN_ATTACK,368,368,379,1.23663259,1.91343677,1.52926028,0.00125870435,10,49,True,False,False,False,False,False,1.00102936,True
C09_RESTRAINT_DOMAIN_ATTACK,369,369,380,1.23682344,1.91343677,1.52973223,0.0010782337,10,49,True,False,False,False,False,False,1.00133829,True
C09_RESTRAINT_DOMAIN_ATTACK,370,370,381,1.23685181,1.91343677,1.52980232,0.000921057188,10,49,True,False,False,False,False,False,1.00138417,True
C09_RESTRAINT_DOMAIN_ATTACK,371,371,382,1.23671651,1.91343677,1.52946782,0.000806819065,10,49,True,False,False,False,False,False,1.00116522,True
C09_RESTRAINT_DOMAIN_ATTACK,372,372,383,1.23641872,1.91343677,1.52873123,0.000751154788,10,49,True,False,False,False,False,False,1.00068305,True
C09_RESTRAINT_DOMAIN_ATTACK,373,373,384,1.23595822,1.91343677,1.52759278,0.000766634766,10,49,True,False,False,False,False,False,1,False
C09_RESTRAINT_DOMAIN_ATTACK,374,374,385,1.2353344,1.91343677,1.52605116,0.000852601253,10,49,True,False,False,False,False,False,1,False
C09_RESTRAINT_DOMAIN_ATTACK,375,375,386,1.23455095,1.91343677,1.52411604,0.000983644277,10,49,True,False,False,False,False,False,1,False
C09_RESTRAINT_DOMAIN_ATTACK,376,376,387,1.23360753,1.91327333,1.52178741,0.00114814565,10,49,True,False,False,False,False,False,0.999914585,False
C09_RESTRAINT_DOMAIN_ATTACK,377,377,388,1.23250389,1.91257846,1.51906586,0.00133426394,10,49,True,False,False,False,False,False,0.999551432,False
C09_RESTRAINT_DOMAIN_ATTACK,378,378,389,1.23124182,1.91133201,1.5159564,0.00153147138,10,49,True,False,False,False,False,False,0.998900011,False
C09_RESTRAINT_DOMAIN_ATTACK,379,379,390,1.22982323,1.90955412,1.51246524,0.00173541263,10,49,True,False,False,False,False,False,0.997970852,False
C09_RESTRAINT_DOMAIN_ATTACK,380,380,391,1.22824895,1.90724492,1.50859535,0.00194609223,10,49,True,False,False,False,False,False,0.996764017,False
C09_RESTRAINT_DOMAIN_ATTACK,381,381,392,1.22652149,1.90444529,1.50435507,0.00215716031,10,49,True,False,False,False,False,False,0.995300874,False
C09_RESTRAINT_DOMAIN_ATTACK,382,382,393,1.22464144,1.90109384,1.49974656,0.00237084273,10,49,True,False,False,False,False,False,0.99354934,False
C09_RESTRAINT_DOMAIN_ATTACK,383,383,394,1.22261178,1.89723158,1.49477971,0.00258344132,10,49,True,False,False,False,False,False,0.991530846,False
C09_RESTRAINT_DOMAIN_ATTACK,384,384,395,1.22043371,1.89281762,1.48945856,0.00279740104,10,49,True,False,False,False,False,False,0.989224021,False
C09_RESTRAINT_DOMAIN_ATTACK,385,385,396,1.21811128,1.88789272,1.48379505,0.00300861406,10,49,True,False,False,False,False,False,0.986650174,False
C09_RESTRAINT_DOMAIN_ATTACK,386,386,397,1.21564639,1.88249779,1.47779608,0.00322029064,10,49,True,False,False,False,False,False,0.983830674,False
C09_RESTRAINT_DOMAIN_ATTACK,387,387,398,1.21303952,1.87657154,1.47146499,0.0034319472,10,49,True,False,False,False,False,False,0.981426235,False
C09_RESTRAINT_DOMAIN_ATTACK,388,388,399,1.21029532,1.87011397,1.46481478,0.00363915064,10,49,True,False,False,False,False,False,0.979206005,False
C09_RESTRAINT_DOMAIN_ATTACK,389,389,400,1.2074157,1.86316597,1.45785272,0.00384732033,10,49,True,False,False,False,False,False,0.976876209,False
C09_RESTRAINT_DOMAIN_ATTACK,390,390,401,1.20440459,1.85572755,1.45059037,0.00405115308,10,49,True,False,False,False,False,False,0.974440031,False
C09_RESTRAINT_DOMAIN_ATTACK,391,391,402,1.20126426,1.84775782,1.44303584,0.00425278395,10,49,True,False,False,False,False,False,0.971899304,False
C09_RESTRAINT_DOMAIN_ATTACK,392,392,403,1.19799888,1.83933854,1.43520141,0.00445354218,10,49,True,False,False,False,False,False,0.969257403,False
C09_RESTRAINT_DOMAIN_ATTACK,393,393,404,1.19461119,1.83040822,1.42709601,0.00464967219,10,49,True,False,False,False,False,False,0.966516546,False
C09_RESTRAINT_DOMAIN_ATTACK,394,394,405,1.19110501,1.82102847,1.41873121,0.00484514795,10,49,True,False,False,False,False,False,0.96367982,False
C09_RESTRAINT_DOMAIN_ATTACK,395,395,406,1.18748271,1.8111378,1.41011512,0.00503712101,10,49,True,False,False,False,False,False,0.960749154,False
C09_RESTRAINT_DOMAIN_ATTACK,396,396,407,1.18374956,1.80081797,1.40126288,0.00522626052,10,49,True,False,False,False,False,False,0.957728791,False
C09_RESTRAINT_DOMAIN_ATTACK,397,397,408,1.17990863,1.79002821,1.39218438,0.00541140884,10,49,True,False,False,False,False,False,0.95462124,False
C09_RESTRAINT_DOMAIN_ATTACK,398,398,409,1.17596328,1.77874792,1.38288951,0.00559394294,10,49,True,False,False,False,False,False,0.9514292,False
C09_RESTRAINT_DOMAIN_ATTACK,399,399,410,1.17191875,1.76705885,1.37339365,0.00577368401,10,49,True,False,False,False,False,False,0.948156915,False
C09_RESTRAINT_DOMAIN_ATTACK,400,400,411,1.16777885,1.75487947,1.36370742,0.00594710885,10,49,True,False,False,False,False,False,0.944807472,False
C09_RESTRAINT_DOMAIN_ATTACK,401,401,412,1.16354811,1.74231184,1.35384417,0.00612059282,10,49,True,False,False,False,False,False,0.941384536,False
C09_RESTRAINT_DOMAIN_ATTACK,402,402,413,1.15923023,1.72929454,1.34381473,0.00628832821,10,49,True,False,False,False,False,False,0.937891096,False
C09_RESTRAINT_DOMAIN_ATTACK,403,403,414,1.15482974,1.71584809,1.33363175,0.00645301212,10,49,True,False,False,False,False,False,0.934330818,False
C09_RESTRAINT_DOMAIN_ATTACK,404,404,415,1.15035117,1.70201337,1.32330775,0.0066151754,10,49,True,False,False,False,False,False,0.930707367,False
C09_RESTRAINT_DOMAIN_ATTACK,405,405,416,1.1457994,1.68774962,1.31285632,0.0067707058,10,49,True,False,False,False,False,False,0.927024696,False
C09_RESTRAINT_DOMAIN_ATTACK,406,406,417,1.14117944,1.67307711,1.30229044,0.00692229625,10,49,True,False,False,False,False,False,0.923286858,False
C09_RESTRAINT_DOMAIN_ATTACK,407,407,418,1.13649547,1.65803671,1.29162192,0.00707236445,10,49,True,False,False,False,False,False,0.919497226,False
C09_RESTRAINT_DOMAIN_ATTACK,408,408,419,1.13175237,1.64262855,1.28086352,0.007217295,10,49,True,False,False,False,False,False,0.915659757,False
C09_RESTRAINT_DOMAIN_ATTACK,409,409,420,1.12695491,1.62681162,1.2700274,0.00735665252,10,49,True,False,False,False,False,False,0.911778307,False
C09_RESTRAINT_DOMAIN_ATTACK,410,410,421,1.1221081,1.61064732,1.25912654,0.00749361981,10,49,True,False,False,False,False,False,0.907856928,False
C09_RESTRAINT_DOMAIN_ATTACK,411,411,422,1.1172173,1.59415603,1.24817455,0.00762537913,10,49,True,False,False,False,False,False,0.90389996,False
C09_RESTRAINT_DOMAIN_ATTACK,412,412,423,1.11228645,1.57727647,1.23718107,0.00775249582,10,49,True,False,False,False,False,False,0.899910585,False
C09_RESTRAINT_DOMAIN_ATTACK,413,413,424,1.10732126,1.56009042,1.22616041,0.0078762183,10,49,True,False,False,False,False,False,0.895893433,False
C09_RESTRAINT_DOMAIN_ATTACK,414,414,425,1.10232663,1.542557,1.21512413,0.0079942178,10,49,True,False,False,False,False,False,0.891852459,False
C09_RESTRAINT_DOMAIN_ATTACK,415,415,426,1.09730804,1.52469647,1.20408487,0.00810732227,10,49,True,False,False,False,False,False,0.887792098,False
C09_RESTRAINT_DOMAIN_ATTACK,416,416,427,1.09227037,1.50657046,1.19305456,0.00821787026,10,49,True,False,False,False,False,False,0.883716306,False
C09_RESTRAINT_DOMAIN_ATTACK,417,417,428,1.08721793,1.48813784,1.18204272,0.00832349621,10,49,True,False,False,False,False,False,0.879628554,False
C09_RESTRAINT_DOMAIN_ATTACK,418,418,429,1.08215582,1.46937823,1.17106128,0.00842261687,10,49,True,False,False,False,False,False,0.87553299,False
C09_RESTRAINT_DOMAIN_ATTACK,419,419,430,1.07708991,1.45037341,1.16012275,0.00851924345,10,49,True,False,False,False,False,False,0.87143434,False
C09_RESTRAINT_DOMAIN_ATTACK,420,420,431,1.0720253,1.43110299,1.14923835,0.0086091524,10,49,True,False,False,False,False,False,0.867336751,False
C09_RESTRAINT_DOMAIN_ATTACK,421,421,432,1.06696618,1.41154635,1.13841677,0.0086951144,10,49,True,False,False,False,False,False,0.863243598,False
C09_RESTRAINT_DOMAIN_ATTACK,422,422,433,1.06191838,1.3917855,1.12767076,0.00877680536,10,49,True,False,False,False,False,False,0.859159608,False
C09_RESTRAINT_DOMAIN_ATTACK,423,423,434,1.05688584,1.37175894,1.11700761,0.00885365438,10,49,True,False,False,False,False,False,0.855087963,False
C09_RESTRAINT_DOMAIN_ATTACK,424,424,435,1.0518738,1.35150754,1.10643852,0.00892553944,10,49,True,False,False,False,False,False,0.851032907,False
C09_RESTRAINT_DOMAIN_ATTACK,425,425,436,1.04688764,1.33105183,1.09597361,0.00899242889,10,49,True,False,False,False,False,False,0.84699878,False
C09_RESTRAINT_DOMAIN_ATTACK,426,426,437,1.04193127,1.31039178,1.08562076,0.00905521773,10,49,True,False,False,False,False,False,0.842988766,False
C09_RESTRAINT_DOMAIN_ATTACK,427,427,438,1.03700984,1.2895273,1.07538939,0.00911222305,10,49,True,False,False,False,False,False,0.83900701,False
C09_RESTRAINT_DOMAIN_ATTACK,428,428,439,1.03212738,1.26847899,1.06528699,0.0091659762,10,49,True,False,False,False,False,False,0.835056793,False
C09_RESTRAINT_DOMAIN_ATTACK,429,429,440,1.02728915,1.24726713,1.05532289,0.00921389088,10,49,True,False,False,False,False,False,0.831142358,False
C09_RESTRAINT_DOMAIN_ATTACK,430,430,441,1.02249873,1.22587144,1.04550374,0.00925689284,10,49,True,False,False,False,False,False,0.827266599,False
C09_RESTRAINT_DOMAIN_ATTACK,431,431,442,1.01776135,1.20437348,1.03583825,0.009296529,10,49,True,False,False,False,False,False,0.823433759,False
C09_RESTRAINT_DOMAIN_ATTACK,432,432,443,1.01307988,1.18269169,1.02633083,0.00933043566,10,49,True,False,False,False,False,False,0.819646153,False
C09_RESTRAINT_DOMAIN_ATTACK,433,433,444,1.00845969,1.16090775,1.01699102,0.00935933925,10,49,True,False,False,False,False,False,0.815908122,False
C09_RESTRAINT_DOMAIN_ATTACK,434,434,445,1.00390387,1.13898063,1.00782299,0.00938331429,10,49,True,False,False,False,False,False,0.812222172,False
C09_RESTRAINT_DOMAIN_ATTACK,435,435,446,0.999416649,1.11695147,0.998833656,0.00940315798,10,49,True,False,False,False,False,False,0.808591728,False
C09_RESTRAINT_DOMAIN_ATTACK,436,436,447,0.995001256,1.09484041,0.990027547,0.00941969454,10,49,True,False,False,False,False,False,0.805019394,False
C09_RESTRAINT_DOMAIN_ATTACK,437,437,448,0.990661383,1.07262731,0.981410027,0.0094296122,10,49,True,False,False,False,False,False,0.80564577,False
C09_RESTRAINT_DOMAIN_ATTACK,438,438,449,0.986400485,1.05035281,0.972985923,0.00943622459,10,49,True,False,False,False,False,False,0.806210718,False
C09_RESTRAINT_DOMAIN_ATTACK,439,439,450,0.982221246,1.02797616,0.964758575,0.0094370516,10,49,True,False,False,False,False,False,0.806281376,False
C09_RESTRAINT_DOMAIN_ATTACK,440,440,451,0.97812748,1.00557911,0.956733406,0.00943457149,10,49,True,False,False,False,False,False,0.806069481,False
C09_RESTRAINT_DOMAIN_ATTACK,441,441,452,0.974121332,1.0000453,0.948912382,0.00942712743,10,49,True,False,False,False,False,False,0.805433476,False
C09_RESTRAINT_DOMAIN_ATTACK,442,442,453,0.970205903,1.0000453,0.941299498,0.00941555295,10,49,True,False,False,False,False,False,0.804444578,False
C09_RESTRAINT_DOMAIN_ATTACK,443,443,454,0.96638304,1.0000453,0.933896184,0.0093998285,10,49,True,False,False,False,False,False,0.803101115,False
C09_RESTRAINT_DOMAIN_ATTACK,444,444,455,0.962655485,1.0000453,0.926705599,0.00938081555,10,49,True,False,False,False,False,False,0.801476689,False
C09_RESTRAINT_DOMAIN_ATTACK,445,445,456,0.959025145,1.0000453,0.919729173,0.00935601816,10,49,True,False,False,False,False,False,0.799358053,False
C09_RESTRAINT_DOMAIN_ATTACK,446,446,457,0.955493629,1.0000453,0.912968099,0.00932789035,10,49,True,False,False,False,False,False,0.796954874,False
C09_RESTRAINT_DOMAIN_ATTACK,447,447,458,0.952063024,1.0000453,0.906423986,0.00929478649,10,49,True,False,False,False,False,False,0.794126551,False
C09_RESTRAINT_DOMAIN_ATTACK,448,448,459,0.948734879,1.0000453,0.900097907,0.00925922859,10,49,True,False,False,False,False,False,0.791088561,False
C09_RESTRAINT_DOMAIN_ATTACK,449,449,460,0.94550997,1.0000453,0.893989146,0.00921951048,10,49,True,False,False,False,False,False,0.787695131,False
C09_RESTRAINT_DOMAIN_ATTACK,450,450,461,0.942389846,1.0000453,0.888098598,0.00917484704,10,49,True,False,False,False,False,False,0.783879183,False
C09_RESTRAINT_DOMAIN_ATTACK,451,451,462,0.939375162,1.0000453,0.882425725,0.00912767742,10,49,True,False,False,False,False,False,0.779849112,False
C09_RESTRAINT_DOMAIN_ATTACK,452,452,463,0.936466813,1.0000453,0.876970112,0.00907557551,10,49,True,False,False,False,False,False,0.775397637,False
C09_RESTRAINT_DOMAIN_ATTACK,453,453,464,0.933665216,1.0000453,0.871730745,0.00902097393,10,49,True,False,False,False,False,False,0.770732595,False
C09_RESTRAINT_DOMAIN_ATTACK,454,454,465,0.93097049,1.0000453,0.866706014,0.00896219444,10,49,True,False,False,False,False,False,0.765710602,False
C09_RESTRAINT_DOMAIN_ATTACK,455,455,466,0.928382933,1.0000453,0.861894906,0.0089001311,10,49,True,False,False,False,False,False,0.760408044,False
C09_RESTRAINT_DOMAIN_ATTACK,456,456,467,0.925902665,1.0000453,0.857295692,0.0088356249,10,49,True,False,False,False,False,False,0.754896774,False
C09_RESTRAINT_DOMAIN_ATTACK,457,457,468,0.92352891,1.0000453,0.852905691,0.0087661352,10,49,True,False,False,False,False,False,0.748959723,False
C09_RESTRAINT_DOMAIN_ATTACK,458,458,469,0.921261489,1.0000453,0.848722756,0.00869494118,10,49,True,False,False,False,False,False,0.745359226,False
C09_RESTRAINT_DOMAIN_ATTACK,459,459,470,0.919099927,1.0000453,0.844744682,0.0086196484,10,49,True,False,False,False,False,False,0.743610384,False
C09_RESTRAINT_DOMAIN_ATTACK,460,460,471,0.917043269,1.0000453,0.84096837,0.00854101405,10,49,True,False,False,False,False,False,0.741946416,False
C09_RESTRAINT_DOMAIN_ATTACK,461,461,472,0.91509074,1.0000453,0.837391078,0.00846075453,10,49,True,False,False,False,False,False,0.740366696,False
C09_RESTRAINT_DOMAIN_ATTACK,462,462,473,0.913240671,1.0000453,0.834008574,0.00837788638,10,49,True,False,False,False,False,False,0.738869873,False
C09_RESTRAINT_DOMAIN_ATTACK,463,463,474,0.911492288,1.0000453,0.830818236,0.00829265732,10,49,True,False,False,False,False,False,0.73745532,False
C09_RESTRAINT_DOMAIN_ATTACK,464,464,475,0.909843922,1.0000453,0.82781595,0.00820407178,10,49,True,False,False,False,False,False,0.736121686,False
C09_RESTRAINT_DOMAIN_ATTACK,465,465,476,0.908294082,1.0000453,0.82499814,0.00811219122,10,49,True,False,False,False,False,False,0.734867767,False
C09_RESTRAINT_DOMAIN_ATTACK,466,466,477,0.906841099,1.0000453,0.822360814,0.00801942311,10,49,True,False,False,False,False,False,0.733692211,False
C09_RESTRAINT_DOMAIN_ATTACK,467,467,478,0.905483127,1.0000453,0.819899678,0.00792419817,10,49,True,False,False,False,False,False,0.732593525,False
C09_RESTRAINT_DOMAIN_ATTACK,468,468,479,0.904218256,1.0000453,0.817610621,0.00782737508,10,49,True,False,False,False,False,False,0.731570165,False
C09_RESTRAINT_DOMAIN_ATTACK,469,469,480,0.903044343,1.0000453,0.815489113,0.00772638153,10,49,True,False,False,False,False,False,0.730620394,False
C09_RESTRAINT_DOMAIN_ATTACK,470,470,481,0.90195936,1.0000453,0.813530684,0.00762616051,10,49,True,False,False,False,False,False,0.729742573,False
C09_RESTRAINT_DOMAIN_ATTACK,471,471,482,0.900960982,1.0000453,0.811730742,0.00752273714,10,49,True,False,False,False,False,False,0.728934822,False
C09_RESTRAINT_DOMAIN_ATTACK,472,472,483,0.900047004,1.0000453,0.810084581,0.00741838198,10,49,True,False,False,False,False,False,0.728195356,False
C09_RESTRAINT_DOMAIN_ATTACK,473,473,484,0.899214983,1.0000453,0.808587611,0.00730986986,10,49,True,False,False,False,False,False,0.727522198,False
C09_RESTRAINT_DOMAIN_ATTACK,474,474,485,0.898462653,1.0000453,0.807235122,0.00720214704,10,49,True,False,False,False,False,False,0.726913515,False
C09_RESTRAINT_DOMAIN_ATTACK,475,475,486,0.897787452,1.0000453,0.806022346,0.00709278788,10,49,True,False,False,False,False,False,0.726367234,False
C09_RESTRAINT_DOMAIN_ATTACK,476,476,487,0.897186756,1.0000453,0.804944038,0.00698343897,10,49,True,False,False,False,False,False,0.725881233,False
C09_RESTRAINT_DOMAIN_ATTACK,477,477,488,0.896657884,1.0000453,0.803995311,0.00687075872,10,49,True,False,False,False,False,False,0.725453342,False
C09_RESTRAINT_DOMAIN_ATTACK,478,478,489,0.896198511,1.0000453,0.803171754,0.00675727567,10,49,True,False,False,False,False,False,0.72508168,False
C09_RESTRAINT_DOMAIN_ATTACK,479,479,490,0.895805836,1.0000453,0.802468061,0.00664373254,10,49,True,False,False,False,False,False,0.72476398,False
C09_RESTRAINT_DOMAIN_ATTACK,480,480,491,0.895477295,1.0000453,0.801879585,0.00653104158,10,49,True,False,False,False,False,False,0.72449817,False
C09_RESTRAINT_DOMAIN_ATTACK,481,481,492,0.895210087,1.0000453,0.801401079,0.00641495781,10,49,True,False,False,False,False,False,0.724281982,False
C09_RESTRAINT_DOMAIN_ATTACK,482,482,493,0.895001769,1.0000453,0.801028132,0.0062998482,10,49,True,False,False,False,False,False,0.724113439,False
C09_RESTRAINT_DOMAIN_ATTACK,483,483,494,0.894849539,1.0000453,0.800755739,0.00618447363,10,49,True,False,False,False,False,False,0.723990275,False
C09_RESTRAINT_DOMAIN_ATTACK,484,484,495,0.894750953,1.0000453,0.80057925,0.00606859103,10,49,True,False,False,False,False,False,0.723910513,False
C09_RESTRAINT_DOMAIN_ATTACK,485,485,496,0.894703269,1.0000453,0.800493956,0.00595166907,10,49,True,False,False,False,False,False,0.723871934,False
C09_RESTRAINT_DOMAIN_ATTACK,486,486,497,0.894703984,1.0000453,0.800495207,0.00583478902,10,49,True,False,False,False,False,False,0.723872512,False
C09_RESTRAINT_DOMAIN_ATTACK,487,487,498,0.894750595,1.0000453,0.800578654,0.00571776694,10,49,True,False,False,False,False,False,0.723910224,False
C09_RESTRAINT_DOMAIN_ATTACK,488,488,499,0.894840717,1.0000453,0.800739884,0.00560246129,10,49,True,False,False,False,False,False,0.723983138,False
C09_RESTRAINT_DOMAIN_ATTACK,489,489,500,0.89497155,1.0000453,0.800974071,0.00548575213,10,49,True,False,False,False,False,False,0.72408899,False
C09_RESTRAINT_DOMAIN_ATTACK,490,490,501,0.895141006,1.0000453,0.801277459,0.00537037803,10,49,True,False,False,False,False,False,0.72422609,False
C09_RESTRAINT_DOMAIN_ATTACK,491,491,502,0.895346642,1.0000453,0.801645577,0.00525414152,10,49,True,False,False,False,False,False,0.724392463,False
C09_RESTRAINT_DOMAIN_ATTACK,492,492,503,0.895586193,1.0000453,0.802074611,0.00513964333,10,49,True,False,False,False,False,False,0.724586275,False
C09_RESTRAINT_DOMAIN_ATTACK,493,493,504,0.895857453,1.0000453,0.802560627,0.00502598193,10,49,True,False,False,False,False,False,0.724805742,False
C09_RESTRAINT_DOMAIN_ATTACK,494,494,505,0.896158278,1.0000453,0.803099632,0.00491128443,10,49,True,False,False,False,False,False,0.725049129,False
C09_RESTRAINT_DOMAIN_ATTACK,495,495,506,0.896486402,1.0000453,0.803687871,0.00479931198,10,49,True,False,False,False,False,False,0.725314602,False
C09_RESTRAINT_DOMAIN_ATTACK,496,496,507,0.896840096,1.0000453,0.804322124,0.00468875188,10,49,True,False,False,False,False,False,0.725600762,False
C09_RESTRAINT_DOMAIN_ATTACK,497,497,508,0.897217155,1.0000453,0.804998577,0.00457838969,10,49,True,False,False,False,False,False,0.725905827,False
C09_RESTRAINT_DOMAIN_ATTACK,498,498,509,0.89761585,1.0000453,0.80571425,0.00446874183,10,49,True,False,False,False,False,False,0.726228397,False
C09_RESTRAINT_DOMAIN_ATTACK,499,499,510,0.898034275,1.0000453,0.806465566,0.00435982179,10,49,True,False,False,False,False,False,0.726566929,False
C09_RESTRAINT_DOMAIN_ATTACK,500,500,511,0.898470879,1.0000453,0.807249904,0.00425523845,10,49,True,False,False,False,False,False,0.72692017,False
C09_RESTRAINT_DOMAIN_ATTACK,501,501,512,0.898923695,1.0000453,0.808063805,0.00414814893,10,49,True,False,False,False,False,False,0.727286527,False
C09_RESTRAINT_DOMAIN_ATTACK,502,502,513,0.899391413,1.0000453,0.808904946,0.00404498214,10,49,True,False,False,False,False,False,0.727664941,False
C09_RESTRAINT_DOMAIN_ATTACK,503,503,514,0.899872422,1.0000453,0.809770405,0.00394198112,10,49,True,False,False,False,False,False,0.728054108,False
C09_RESTRAINT_DOMAIN_ATTACK,504,504,515,0.900365531,1.0000453,0.810658097,0.00384204509,10,49,True,False,False,False,False,False,0.728453065,False
C09_RESTRAINT_DOMAIN_ATTACK,505,505,516,0.900869191,1.0000453,0.81156534,0.00374380569,10,49,True,False,False,False,False,False,0.728860557,False
C09_RESTRAINT_DOMAIN_ATTACK,506,506,517,0.901382387,1.0000453,0.812490165,0.00364730833,10,49,True,False,False,False,False,False,0.729275765,False
C09_RESTRAINT_DOMAIN_ATTACK,507,507,518,0.90190357,1.0000453,0.813430071,0.00355066941,10,49,True,False,False,False,False,False,0.729697436,False
C09_RESTRAINT_DOMAIN_ATTACK,508,508,519,0.902431846,1.0000453,0.814383268,0.00345822633,10,49,True,False,False,False,False,False,0.730124844,False
C09_RESTRAINT_DOMAIN_ATTACK,509,509,520,0.902966142,1.0000453,0.81534785,0.00336671644,10,49,True,False,False,False,False,False,0.730557124,False
C09_RESTRAINT_DOMAIN_ATTACK,510,510,521,0.903505743,1.0000453,0.816322625,0.00327905035,10,49,True,False,False,False,False,False,0.730993695,False
C09_RESTRAINT_DOMAIN_ATTACK,511,511,522,0.904049575,1.0000453,0.817305684,0.00319147483,10,49,True,False,False,False,False,False,0.731433691,False
C09_RESTRAINT_DOMAIN_ATTACK,512,512,523,0.904596925,1.0000453,0.818295598,0.00310906139,10,49,True,False,False,False,False,False,0.731876531,False
C09_RESTRAINT_DOMAIN_ATTACK,513,513,524,0.905147254,1.0000453,0.819291532,0.00302639068,10,49,True,False,False,False,False,False,0.732321783,False
C09_RESTRAINT_DOMAIN_ATTACK,514,514,525,0.905699611,1.0000453,0.820291817,0.00294804992,10,49,True,False,False,False,False,False,0.732768675,False
C09_RESTRAINT_DOMAIN_ATTACK,515,515,526,0.906253695,1.0000453,0.821295738,0.00286956015,10,49,True,False,False,False,False,False,0.733216964,False
C09_RESTRAINT_DOMAIN_ATTACK,516,516,527,0.906808674,1.0000453,0.822301924,0.00279430067,10,49,True,False,False,False,False,False,0.733665978,False
C09_RESTRAINT_DOMAIN_ATTACK,517,517,528,0.90736407,1.0000453,0.823309541,0.00272163469,10,49,True,False,False,False,False,False,0.734115328,False
C09_RESTRAINT_DOMAIN_ATTACK,518,518,529,0.907919586,1.0000453,0.824317992,0.00265235477,10,49,True,False,False,False,False,False,0.734564776,False
C09_RESTRAINT_DOMAIN_ATTACK,519,519,530,0.90847528,1.0000453,0.825327337,0.00258534914,10,49,True,False,False,False,False,False,0.735014368,False
C09_RESTRAINT_DOMAIN_ATTACK,520,520,531,0.909030557,1.0000453,0.826336503,0.00252187531,10,49,True,False,False,False,False,False,0.735463622,False
C09_RESTRAINT_DOMAIN_ATTACK,521,521,532,0.909585357,1.0000453,0.82734549,0.00245890394,10,49,True,False,False,False,False,False,0.735912491,False
C09_RESTRAINT_DOMAIN_ATTACK,522,522,533,0.910139441,1.0000453,0.828353822,0.00240103924,10,49,True,False,False,False,False,False,0.73636078,False
C09_RESTRAINT_DOMAIN_ATTACK,523,523,534,0.91069299,1.0000453,0.829361677,0.00234478689,10,49,True,False,False,False,False,False,0.736808636,False
C09_RESTRAINT_DOMAIN_ATTACK,524,524,535,0.911245644,1.0000453,0.830368638,0.00229188567,10,49,True,False,False,False,False,False,0.737255769,False
C09_RESTRAINT_DOMAIN_ATTACK,525,525,536,0.911797583,1.0000453,0.831374824,0.00224071415,10,49,True,False,False,False,False,False,0.737702323,False
C09_RESTRAINT_DOMAIN_ATTACK,526,526,537,0.912348866,1.0000453,0.832380474,0.00219450425,10,49,True,False,False,False,False,False,0.738148346,False
C09_RESTRAINT_DOMAIN_ATTACK,527,527,538,0.912899554,1.0000453,0.833385646,0.00214921706,10,49,True,False,False,False,False,False,0.738593887,False
C09_RESTRAINT_DOMAIN_ATTACK,528,528,539,0.913449943,1.0000453,0.834390819,0.00210807566,10,49,True,False,False,False,False,False,0.739039187,False
C09_RESTRAINT_DOMAIN_ATTACK,529,529,540,0.914000332,1.0000453,0.835396647,0.00207023253,10,49,True,False,False,False,False,False,0.739484487,False
C09_RESTRAINT_DOMAIN_ATTACK,530,530,541,0.914550662,1.0000453,0.836402953,0.00203328859,10,49,True,False,False,False,False,False,0.739929739,False
C09_RESTRAINT_DOMAIN_ATTACK,531,531,542,0.915101528,1.0000453,0.837410808,0.00200126623,10,49,True,False,False,False,False,False,0.740375425,False
C09_RESTRAINT_DOMAIN_ATTACK,532,532,543,0.915652931,1.0000453,0.838420272,0.0019710043,10,49,True,False,False,False,False,False,0.740821544,False
C09_RESTRAINT_DOMAIN_ATTACK,533,533,544,0.916205227,1.0000453,0.839432061,0.00194238906,10,49,True,False,False,False,False,False,0.741268388,False
C09_RESTRAINT_DOMAIN_ATTACK,534,534,545,0.916759133,1.0000453,0.840447307,0.00191872485,10,49,True,False,False,False,False,False,0.741716533,False
C09_RESTRAINT_DOMAIN_ATTACK,535,535,546,0.917314649,1.0000453,0.841466188,0.00189679873,10,49,True,False,False,False,False,False,0.74216598,False
C09_RESTRAINT_DOMAIN_ATTACK,536,536,547,0.91787231,1.0000453,0.8424896,0.00187831291,10,49,True,False,False,False,False,False,0.742617163,False
C09_RESTRAINT_DOMAIN_ATTACK,537,537,548,0.918432951,1.0000453,0.843519032,0.00186223886,10,49,True,False,False,False,False,False,0.743070758,False
C09_RESTRAINT_DOMAIN_ATTACK,538,538,549,0.918996513,1.0000453,0.844554603,0.00184963492,10,49,True,False,False,False,False,False,0.743526715,False
C09_RESTRAINT_DOMAIN_ATTACK,539,539,550,0.919564188,1.0000453,0.84559828,0.00184033706,10,49,True,False,False,False,False,False,0.743986,False
C09_RESTRAINT_DOMAIN_ATTACK,540,540,551,0.920136213,1.0000453,0.84665066,0.001832732,10,49,True,False,False,False,False,False,0.744448806,False
C09_RESTRAINT_DOMAIN_ATTACK,541,541,552,0.920713246,1.0000453,0.847712874,0.00183020229,10,49,True,False,False,False,False,False,0.744915662,False
C09_RESTRAINT_DOMAIN_ATTACK,542,542,553,0.921295702,1.0000453,0.848785818,0.00182683242,10,49,True,False,False,False,False,False,0.745386906,False
C09_RESTRAINT_DOMAIN_ATTACK,543,543,554,0.921884298,1.0000453,0.849870622,0.00182851823,10,49,True,False,False,False,False,False,0.745863118,False
C09_RESTRAINT_DOMAIN_ATTACK,544,544,555,0.922479749,1.0000453,0.850968897,0.00183356612,10,49,True,False,False,False,False,False,0.746344875,False
C09_RESTRAINT_DOMAIN_ATTACK,545,545,556,0.923083007,1.0000453,0.852082253,0.00184034125,10,49,True,False,False,False,False,False,0.74683295,False
C09_RESTRAINT_DOMAIN_ATTACK,546,546,557,0.923694074,1.0000453,0.853210747,0.0018487341,10,49,True,False,False,False,False,False,0.747327342,False
C09_RESTRAINT_DOMAIN_ATTACK,547,547,558,0.924313843,1.0000453,0.85435605,0.00186047761,10,49,True,False,False,False,False,False,0.747828774,False
C09_RESTRAINT_DOMAIN_ATTACK,548,548,559,0.924943328,1.0000453,0.855520189,0.00187481078,10,49,True,False,False,False,False,False,0.748338068,False
C09_RESTRAINT_DOMAIN_ATTACK,549,549,560,0.925583124,1.0000453,0.856704116,0.00189245085,10,49,True,False,False,False,False,False,0.748855703,False
C09_RESTRAINT_DOMAIN_ATTACK,550,550,561,0.926233768,1.0000453,0.857908964,0.00191009487,10,49,True,False,False,False,False,False,0.749382116,False
C09_RESTRAINT_DOMAIN_ATTACK,551,551,562,0.926895797,1.0000453,0.859135866,0.0019310863,10,49,True,False,False,False,False,False,0.74991774,False
C09_RESTRAINT_DOMAIN_ATTACK,552,552,563,0.927570522,1.0000453,0.860387087,0.00195470965,10,49,True,False,False,False,False,False,0.750463635,False
C09_RESTRAINT_DOMAIN_ATTACK,553,553,564,0.928258002,1.0000453,0.861662865,0.00198059482,10,49,True,False,False,False,False,False,0.75101985,False
C09_RESTRAINT_DOMAIN_ATTACK,554,554,565,0.928959489,1.0000453,0.862965763,0.00200828235,10,49,True,False,False,False,False,False,0.751587398,False
C09_RESTRAINT_DOMAIN_ATTACK,555,555,566,0.929675817,1.0000453,0.864297152,0.00203852751,10,49,True,False,False,False,False,False,0.752166953,False
C09_RESTRAINT_DOMAIN_ATTACK,556,556,567,0.930407286,1.0000453,0.865657747,0.00206872681,10,49,True,False,False,False,False,False,0.752758757,False
C09_RESTRAINT_DOMAIN_ATTACK,557,557,568,0.931154847,1.0000453,0.867049336,0.00210386608,10,49,True,False,False,False,False,False,0.753363582,False
C09_RESTRAINT_DOMAIN_ATTACK,558,558,569,0.931919336,1.0000453,0.868473649,0.00213887542,10,49,True,False,False,False,False,False,0.753982103,False
C09_RESTRAINT_DOMAIN_ATTACK,559,559,570,0.932701766,1.0000453,0.869932592,0.00217662379,10,49,True,False,False,False,False,False,0.754615139,False
C09_RESTRAINT_DOMAIN_ATTACK,560,560,571,0.933502316,1.0000453,0.871426582,0.00221419195,10,49,True,False,False,False,False,False,0.755262834,False
C09_RESTRAINT_DOMAIN_ATTACK,561,561,572,0.93432188,1.0000453,0.872957408,0.00225504721,10,49,True,False,False,False,False,False,0.755925914,False
C09_RESTRAINT_DOMAIN_ATTACK,562,562,573,0.935161769,1.0000453,0.874527574,0.00229764124,10,49,True,False,False,False,False,False,0.756605438,False
C09_RESTRAINT_DOMAIN_ATTACK,563,563,574,0.936022341,1.0000453,0.876137853,0.00234028744,10,49,True,False,False,False,False,False,0.757301695,False
C09_RESTRAINT_DOMAIN_ATTACK,564,564,575,0.936903894,1.0000453,0.877788961,0.0023843043,10,49,True,False,False,False,False,False,0.758014927,False
C09_RESTRAINT_DOMAIN_ATTACK,565,565,576,0.93780762,1.0000453,0.879483104,0.00242925948,10,49,True,False,False,False,False,False,0.758746099,False
C09_RESTRAINT_DOMAIN_ATTACK,566,566,577,0.938734233,1.0000453,0.88122195,0.00247604772,10,49,True,False,False,False,False,False,0.759495788,False
C09_RESTRAINT_DOMAIN_ATTACK,567,567,578,0.939684033,1.0000453,0.883006096,0.00252338126,10,49,True,False,False,False,False,False,0.760264237,False
C09_RESTRAINT_DOMAIN_ATTACK,568,568,579,0.940658331,1.0000453,0.884838045,0.0025717637,10,49,True,False,False,False,False,False,0.761052506,False
C09_RESTRAINT_DOMAIN_ATTACK,569,569,580,0.941657245,1.0000453,0.886718392,0.00262157014,10,49,True,False,False,False,False,False,0.761860691,False
C09_RESTRAINT_DOMAIN_ATTACK,570,570,581,0.942681909,1.0000453,0.888649166,0.00267073093,10,49,True,False,False,False,False,False,0.762689709,False
C09_RESTRAINT_DOMAIN_ATTACK,571,571,582,0.94373256,1.0000453,0.890631139,0.00272221304,10,49,True,False,False,False,False,False,0.763539753,False
C09_RESTRAINT_DOMAIN_ATTACK,572,572,583,0.944810331,1.0000453,0.892666578,0.00277375779,10,49,True,False,False,False,False,False,0.764411738,False
C09_RESTRAINT_DOMAIN_ATTACK,573,573,584,0.945915461,1.0000453,0.894756019,0.00282445503,10,49,True,False,False,False,False,False,0.765305859,False
C09_RESTRAINT_DOMAIN_ATTACK,574,574,585,0.947048306,1.0000453,0.896900475,0.00287596812,10,49,True,False,False,False,False,False,0.766222403,False
C09_RESTRAINT_DOMAIN_ATTACK,575,575,586,0.948209703,1.0000453,0.899101675,0.00292902184,10,49,True,False,False,False,False,False,0.767162047,False
C09_RESTRAINT_DOMAIN_ATTACK,576,576,587,0.949400246,1.0000453,0.901360869,0.0029812071,10,49,True,False,False,False,False,False,0.768125272,False
C09_RESTRAINT_DOMAIN_ATTACK,577,577,588,0.95062083,1.0000453,0.903679967,0.00303359842,10,49,True,False,False,False,False,False,0.769112802,False
C09_RESTRAINT_DOMAIN_ATTACK,578,578,589,0.951871037,1.0000453,0.906058431,0.00308572012,10,49,True,False,False,False,False,False,0.7701243,False
C09_RESTRAINT_DOMAIN_ATTACK,579,579,590,0.953151882,1.0000453,0.908498466,0.00313714449,10,49,True,False,False,False,False,False,0.771160584,False
C09_RESTRAINT_DOMAIN_ATTACK,580,580,591,0.954463542,1.0000453,0.911000609,0.00318937399,10,49,True,False,False,False,False,False,0.772221801,False
C09_RESTRAINT_DOMAIN_ATTACK,581,581,592,0.955806255,1.0000453,0.913565636,0.00323985773,10,49,True,False,False,False,False,False,0.773308142,False
C09_RESTRAINT_DOMAIN_ATTACK,582,582,593,0.957180619,1.0000453,0.916194737,0.00329041155,10,49,True,False,False,False,False,False,0.77442009,False
C09_RESTRAINT_DOMAIN_ATTACK,583,583,594,0.958586633,1.0000453,0.91888839,0.00334014045,10,49,True,False,False,False,False,False,0.775557644,False
C09_RESTRAINT_DOMAIN_ATTACK,584,584,595,0.960024714,1.0000453,0.921647429,0.00338981138,10,49,True,False,False,False,False,False,0.776721144,False
C09_RESTRAINT_DOMAIN_ATTACK,585,585,596,0.961494863,1.0000453,0.924472392,0.00343778543,10,49,True,False,False,False,False,False,0.777910588,False
C09_RESTRAINT_DOMAIN_ATTACK,586,586,597,0.962997615,1.0000453,0.927364409,0.00348585681,10,49,True,False,False,False,False,False,0.77912641,False
C09_RESTRAINT_DOMAIN_ATTACK,587,587,598,0.964532852,1.0000453,0.930323601,0.00353301363,10,49,True,False,False,False,False,False,0.780368514,False
C09_RESTRAINT_DOMAIN_ATTACK,588,588,599,0.966100752,1.0000453,0.933350682,0.00357774552,10,49,True,False,False,False,False,False,0.781637045,False
C10_MULTI_DOMAIN_ATTACK,0,0,11,0.895549953,1.0000453,0.802009761,0.0119638974,10,49,True,False,False,False,False,False,1.02216964,True
C10_MULTI_DOMAIN_ATTACK,1,1,12,0.895800948,1.0000453,0.8024593,0.0119316438,10,49,True,False,False,False,False,False,1.01941397,True
C10_MULTI_DOMAIN_ATTACK,2,2,13,0.896225452,1.0000453,0.803220034,0.0118952477,10,49,True,False,False,False,False,False,1.01630436,True
C10_MULTI_DOMAIN_ATTACK,3,3,14,0.896821678,1.0000453,0.804289162,0.0118538812,10,49,True,False,False,False,False,False,1.01277009,True
C10_MULTI_DOMAIN_ATTACK,4,4,15,0.89758718,1.0000453,0.805662751,0.0118067479,10,49,True,False,False,False,False,False,1.00874313,True
C10_MULTI_DOMAIN_ATTACK,5,5,16,0.898519278,1.0000453,0.807336867,0.0117546376,10,49,True,False,False,False,False,False,1.00429093,True
C10_MULTI_DOMAIN_ATTACK,6,6,17,0.89961493,1.0000453,0.809307039,0.0116975661,10,49,True,False,False,False,False,False,0.999414873,False
C10_MULTI_DOMAIN_ATTACK,7,7,18,0.90087074,1.0000453,0.811568141,0.0116355568,10,49,True,False,False,False,False,False,0.99411693,False
C10_MULTI_DOMAIN_ATTACK,8,8,19,0.902283192,1.0000453,0.814114928,0.0115685333,10,49,True,False,False,False,False,False,0.988390581,False
C10_MULTI_DOMAIN_ATTACK,9,9,20,0.903847873,1.0000453,0.816941023,0.0114957681,10,49,True,False,False,False,False,False,0.982173682,False
C10_MULTI_DOMAIN_ATTACK,10,10,21,0.905560613,1.0000453,0.820040047,0.0114188911,10,49,True,False,False,False,False,False,0.975605481,False
C10_MULTI_DOMAIN_ATTACK,11,11,22,0.907417119,1.0000453,0.823405802,0.011336945,10,49,True,False,False,False,False,False,0.968604179,False
C10_MULTI_DOMAIN_ATTACK,12,12,23,0.909412146,1.0000453,0.82703048,0.0112509532,10,49,True,False,False,False,False,False,0.961257224,False
C10_MULTI_DOMAIN_ATTACK,13,13,24,0.911541045,1.0000453,0.830907106,0.0111599537,10,49,True,False,False,False,False,False,0.95348242,False
C10_MULTI_DOMAIN_ATTACK,14,14,25,0.913798094,1.0000453,0.835026979,0.0110631846,10,49,True,False,False,False,False,False,0.945214679,False
C10_MULTI_DOMAIN_ATTACK,15,15,26,0.91617769,1.0000453,0.839381576,0.0109623428,10,49,True,False,False,False,False,False,0.936598977,False
C10_MULTI_DOMAIN_ATTACK,16,16,27,0.918674588,1.0000453,0.843963027,0.0108580934,10,49,True,False,False,False,False,False,0.927692128,False
C10_MULTI_DOMAIN_ATTACK,17,17,28,0.921282411,1.0000453,0.84876132,0.0107473452,10,49,True,False,False,False,False,False,0.918230038,False
C10_MULTI_DOMAIN_ATTACK,18,18,29,0.923995554,1.0000453,0.853767812,0.0106340498,10,49,True,False,False,False,False,False,0.908550324,False
C10_MULTI_DOMAIN_ATTACK,19,19,30,0.92680794,1.0000453,0.858972967,0.010515729,10,49,True,False,False,False,False,False,0.898441249,False
C10_MULTI_DOMAIN_ATTACK,20,20,31,0.929713488,1.0000453,0.864367127,0.0103949774,10,49,True,False,False,False,False,False,0.888124495,False
C10_MULTI_DOMAIN_ATTACK,21,21,32,0.932705224,1.0000453,0.869939089,0.0102677783,10,49,True,False,False,False,False,False,0.877256877,False
C10_MULTI_DOMAIN_ATTACK,22,22,33,0.935777545,1.0000453,0.875679612,0.0101370355,10,49,True,False,False,False,False,False,0.866086495,False
C10_MULTI_DOMAIN_ATTACK,23,23,34,0.938923419,1.0000453,0.881577134,0.0100022834,10,49,True,False,False,False,False,False,0.854573563,False
C10_MULTI_DOMAIN_ATTACK,24,24,35,0.942136526,1.0000453,0.887621224,0.00986334588,10,49,True,False,False,False,False,False,0.842703042,False
C10_MULTI_DOMAIN_ATTACK,25,25,36,0.94541055,1.0000453,0.893801153,0.00972195901,10,49,True,False,False,False,False,False,0.830623252,False
C10_MULTI_DOMAIN_ATTACK,26,26,37,0.948738933,1.0000453,0.900105596,0.00957655907,10,49,True,False,False,False,False,False,0.818200594,False
C10_MULTI_DOMAIN_ATTACK,27,27,38,0.952115297,1.0000453,0.906523585,0.0094260443,10,49,True,False,False,False,False,False,0.805340936,False
C10_MULTI_DOMAIN_ATTACK,28,28,39,0.955533206,1.0000453,0.913043678,0.00927485991,10,49,True,False,False,False,False,False,0.792424068,False
C10_MULTI_DOMAIN_ATTACK,29,29,40,0.958986521,1.0000453,0.919655204,0.00911860634,10,49,True,False,False,False,False,False,0.779074098,False
C10_MULTI_DOMAIN_ATTACK,30,30,41,0.962468922,1.0000453,0.926346421,0.0089590149,10,49,True,False,False,False,False,False,0.778698663,False
C10_MULTI_DOMAIN_ATTACK,31,31,42,0.965973735,1.0000453,0.93310529,0.00879526976,10,49,True,False,False,False,False,False,0.78153428,False
C10_MULTI_DOMAIN_ATTACK,32,32,43,0.969494641,1.0000453,0.939919829,0.00863098167,10,49,True,False,False,False,False,False,0.784382917,False
C10_MULTI_DOMAIN_ATTACK,33,33,44,0.973026633,1.0000453,0.94678086,0.00846227538,10,49,True,False,False,False,False,False,0.787240524,False
C10_MULTI_DOMAIN_ATTACK,34,34,45,0.976562917,1.0000453,0.953675151,0.00829127431,10,49,True,False,False,False,False,False,0.790101603,False
C10_MULTI_DOMAIN_ATTACK,35,35,46,0.980098486,1.0000453,0.960592985,0.00811848603,10,49,True,False,False,False,False,False,0.792962104,False
C10_MULTI_DOMAIN_ATTACK,36,36,47,0.983626962,1.01420283,0.967521966,0.00794165861,10,49,True,False,False,False,False,False,0.795816865,False
C10_MULTI_DOMAIN_ATTACK,37,37,48,0.987142384,1.03079629,0.974450111,0.00776259042,10,49,True,False,False,False,False,False,0.798661066,False
C10_MULTI_DOMAIN_ATTACK,38,38,49,0.990640044,1.04698098,0.981367707,0.00758175086,10,49,True,False,False,False,False,False,0.801490896,False
C10_MULTI_DOMAIN_ATTACK,39,39,50,0.994114518,1.06273663,0.988263726,0.00739836507,10,49,True,False,False,False,False,False,0.804301966,False
C10_MULTI_DOMAIN_ATTACK,40,40,51,0.997560441,1.07804263,0.995126784,0.00721259881,10,49,True,False,False,False,False,False,0.807089938,False
C10_MULTI_DOMAIN_ATTACK,41,41,52,1.00097299,1.09291947,1.00194681,0.00702511054,10,49,True,False,False,False,False,False,0.809850904,False
C10_MULTI_DOMAIN_ATTACK,42,42,53,1.00434744,1.10736728,1.00871384,0.00683681155,10,49,True,False,False,False,False,False,0.812581055,False
C10_MULTI_DOMAIN_ATTACK,43,43,54,1.00767875,1.12132454,1.01541638,0.00664556352,10,49,True,False,False,False,False,False,0.815276292,False
C10_MULTI_DOMAIN_ATTACK,44,44,55,1.01096296,1.13487315,1.02204621,0.00645313272,10,49,True,False,False,False,False,False,0.817933431,False
C10_MULTI_DOMAIN_ATTACK,45,45,56,1.01419532,1.14795172,1.02859223,0.00625932869,10,49,True,False,False,False,False,False,0.820548617,False
C10_MULTI_DOMAIN_ATTACK,46,46,57,1.01737154,1.16056025,1.03504479,0.00606215792,10,49,True,False,False,False,False,False,0.823118375,False
C10_MULTI_DOMAIN_ATTACK,47,47,58,1.02048779,1.17276013,1.04139543,0.00586653454,10,49,True,False,False,False,False,False,0.825639619,False
C10_MULTI_DOMAIN_ATTACK,48,48,59,1.02354026,1.18446958,1.04763472,0.00566978613,10,49,True,False,False,False,False,False,0.828109265,False
C10_MULTI_DOMAIN_ATTACK,49,49,60,1.02652621,1.19574988,1.053756,0.00547192292,10,49,True,False,False,False,False,False,0.830525092,False
C10_MULTI_DOMAIN_ATTACK,50,50,61,1.02944148,1.20656013,1.05974972,0.00527255936,10,49,True,False,False,False,False,False,0.832883725,False
C10_MULTI_DOMAIN_ATTACK,51,51,62,1.03228283,1.21692085,1.06560779,0.0050733299,10,49,True,False,False,False,False,False,0.835182561,False
C10_MULTI_DOMAIN_ATTACK,52,52,63,1.03504717,1.22681141,1.07132268,0.00487257075,10,49,True,False,False,False,False,False,0.837419092,False
C10_MULTI_DOMAIN_ATTACK,53,53,64,1.03773201,1.23627305,1.07688761,0.00467151171,10,49,True,False,False,False,False,False,0.839591292,False
C10_MULTI_DOMAIN_ATTACK,54,54,65,1.04033351,1.24524415,1.08229375,0.00447135698,10,49,True,False,False,False,False,False,0.841696074,False
C10_MULTI_DOMAIN_ATTACK,55,55,66,1.04285061,1.25378609,1.08753729,0.00426987233,10,49,True,False,False,False,False,False,0.843732572,False
C10_MULTI_DOMAIN_ATTACK,56,56,67,1.04528058,1.26189888,1.09261143,0.00407015253,10,49,True,False,False,False,False,False,0.845698566,False
C10_MULTI_DOMAIN_ATTACK,57,57,68,1.04762137,1.26954162,1.09751058,0.00387109164,10,49,True,False,False,False,False,False,0.847592417,False
C10_MULTI_DOMAIN_ATTACK,58,58,69,1.04987133,1.27673483,1.10222983,0.00367010571,10,49,True,False,False,False,False,False,0.849412775,False
C10_MULTI_DOMAIN_ATTACK,59,59,70,1.05202734,1.28345811,1.10676146,0.00347091653,10,49,True,False,False,False,False,False,0.851157132,False
C10_MULTI_DOMAIN_ATTACK,60,60,71,1.05408871,1.28975213,1.11110294,0.0032714915,10,49,True,False,False,False,False,False,0.852824909,False
C10_MULTI_DOMAIN_ATTACK,61,61,72,1.05605376,1.2956171,1.11524963,0.0030740723,10,49,True,False,False,False,False,False,0.854414756,False
C10_MULTI_DOMAIN_ATTACK,62,62,73,1.05792201,1.30105281,1.11919892,0.00287768082,10,49,True,False,False,False,False,False,0.855926288,False
C10_MULTI_DOMAIN_ATTACK,63,63,74,1.05969119,1.30601859,1.12294543,0.00268260017,10,49,True,False,False,False,False,False,0.857357671,False
C10_MULTI_DOMAIN_ATTACK,64,64,75,1.06136131,1.31057572,1.12648773,0.00248814281,10,49,True,False,False,False,False,False,0.858708907,False
C10_MULTI_DOMAIN_ATTACK,65,65,76,1.06293094,1.31470358,1.12982225,0.00229758816,10,49,True,False,False,False,False,False,0.859978836,False
C10_MULTI_DOMAIN_ATTACK,66,66,77,1.06440043,1.31840241,1.13294816,0.00210773479,10,49,True,False,False,False,False,False,0.86116775,False
C10_MULTI_DOMAIN_ATTACK,67,67,78,1.06576836,1.32167208,1.13586211,0.00191879086,10,49,True,False,False,False,False,False,0.862274489,False
C10_MULTI_DOMAIN_ATTACK,68,68,79,1.06703424,1.32453299,1.13856196,0.00173407025,10,49,True,False,False,False,False,False,0.86329867,False
C10_MULTI_DOMAIN_ATTACK,69,69,80,1.06819844,1.32698524,1.14104795,0.00155305874,10,49,True,False,False,False,False,False,0.86424058,False
C10_MULTI_DOMAIN_ATTACK,70,70,81,1.06926095,1.32902873,1.14331901,0.00137820281,10,49,True,False,False,False,False,False,0.86510022,False
C10_MULTI_DOMAIN_ATTACK,71,71,82,1.07022238,1.33066356,1.14537585,0.00120834995,10,49,True,False,False,False,False,False,0.865878073,False
C10_MULTI_DOMAIN_ATTACK,72,72,83,1.07108259,1.33191013,1.14721787,0.00104559469,10,49,True,False,False,False,False,False,0.866574041,False
C10_MULTI_DOMAIN_ATTACK,73,73,84,1.0718416,1.33274794,1.14884436,0.000893360702,10,49,True,False,False,False,False,False,0.867188125,False
C10_MULTI_DOMAIN_ATTACK,74,74,85,1.07250023,1.33321798,1.15025663,0.000760239665,10,49,True,False,False,False,False,False,0.867720999,False
C10_MULTI_DOMAIN_ATTACK,75,75,86,1.0730598,1.33332014,1.15145743,0.000650180504,10,49,True,False,False,False,False,False,0.868173726,False
C10_MULTI_DOMAIN_ATTACK,76,76,87,1.07352078,1.33332014,1.15244699,0.000578386069,10,49,True,False,False,False,False,False,0.86854669,False
C10_MULTI_DOMAIN_ATTACK,77,77,88,1.07388401,1.33332014,1.15322697,0.000557336549,10,49,True,False,False,False,False,False,0.868840567,False
C10_MULTI_DOMAIN_ATTACK,78,78,89,1.07415044,1.33332014,1.15379906,0.000590964453,10,49,True,False,False,False,False,False,0.869056128,False
C10_MULTI_DOMAIN_ATTACK,79,79,90,1.07432103,1.33332014,1.15416563,0.000668953755,10,49,True,False,False,False,False,False,0.869194145,False
C10_MULTI_DOMAIN_ATTACK,80,80,91,1.07439756,1.33332014,1.15433013,0.000774358283,10,49,True,False,False,False,False,False,0.869256064,False
C10_MULTI_DOMAIN_ATTACK,81,81,92,1.07438159,1.33332014,1.1542958,0.00089635211,10,49,True,False,False,False,False,False,0.86924314,False
C10_MULTI_DOMAIN_ATTACK,82,82,93,1.07427442,1.33332014,1.15406549,0.00102934428,10,49,True,False,False,False,False,False,0.869156433,False
C10_MULTI_DOMAIN_ATTACK,83,83,94,1.07407725,1.33332014,1.15364194,0.00116891111,10,49,True,False,False,False,False,False,0.868996909,False
C10_MULTI_DOMAIN_ATTACK,84,84,95,1.07379234,1.33332014,1.15302992,0.00130862813,10,49,True,False,False,False,False,False,0.868766398,False
C10_MULTI_DOMAIN_ATTACK,85,85,96,1.07342148,1.33332014,1.15223372,0.00145026669,10,49,True,False,False,False,False,False,0.868466349,False
C10_MULTI_DOMAIN_ATTACK,86,86,97,1.07296622,1.33332014,1.15125656,0.00159181457,10,49,True,False,False,False,False,False,0.868098014,False
C10_MULTI_DOMAIN_ATTACK,87,87,98,1.07242763,1.33303404,1.15010107,0.00173365313,10,49,True,False,False,False,False,False,0.867662262,False
C10_MULTI_DOMAIN_ATTACK,88,88,99,1.07180893,1.33238006,1.14877427,0.00187121844,10,49,True,False,False,False,False,False,0.867161698,False
C10_MULTI_DOMAIN_ATTACK,89,89,100,1.0711118,1.33135831,1.14728057,0.00200688234,10,49,True,False,False,False,False,False,0.86659767,False
C10_MULTI_DOMAIN_ATTACK,90,90,101,1.07033873,1.32996869,1.14562488,0.00214055227,10,49,True,False,False,False,False,False,0.865972206,False
C10_MULTI_DOMAIN_ATTACK,91,91,102,1.06949186,1.3282522,1.14381278,0.00227211416,10,49,True,False,False,False,False,False,0.86528704,False
C10_MULTI_DOMAIN_ATTACK,92,92,103,1.06857336,1.32620871,1.14184904,0.00240060361,10,49,True,False,False,False,False,False,0.864543909,False
C10_MULTI_DOMAIN_ATTACK,93,93,104,1.06758487,1.32381773,1.13973749,0.00252662157,10,49,True,False,False,False,False,False,0.863744163,False
C10_MULTI_DOMAIN_ATTACK,94,94,105,1.06652939,1.32107937,1.13748503,0.00264815846,10,49,True,False,False,False,False,False,0.862890213,False
C10_MULTI_DOMAIN_ATTACK,95,95,106,1.06540954,1.31805503,1.13509738,0.00276812236,10,49,True,False,False,False,False,False,0.861984181,False
C10_MULTI_DOMAIN_ATTACK,96,96,107,1.06422722,1.31470358,1.13257968,0.00288339215,10,49,True,False,False,False,False,False,0.861027611,False
C10_MULTI_DOMAIN_ATTACK,97,97,108,1.0629853,1.31104565,1.12993777,0.00299571222,10,49,True,False,False,False,False,False,0.860022816,False
C10_MULTI_DOMAIN_ATTACK,98,98,109,1.0616858,1.30706084,1.12717664,0.00310450839,10,49,True,False,False,False,False,False,0.858971438,False
C10_MULTI_DOMAIN_ATTACK,99,99,110,1.06033206,1.3028307,1.12430418,0.00321051572,10,49,True,False,False,False,False,False,0.857876175,False
C10_MULTI_DOMAIN_ATTACK,100,100,111,1.05892611,1.29831445,1.12132442,0.00331254164,10,49,True,False,False,False,False,False,0.856738669,False
C10_MULTI_DOMAIN_ATTACK,101,101,112,1.05747032,1.29351223,1.11824346,0.0034106872,10,49,True,False,False,False,False,False,0.855560847,False
C10_MULTI_DOMAIN_ATTACK,102,102,113,1.05596733,1.28844428,1.11506701,0.00350571307,10,49,True,False,False,False,False,False,0.854344832,False
C10_MULTI_DOMAIN_ATTACK,103,103,114,1.05442011,1.28313112,1.11180186,0.00359651842,10,49,True,False,False,False,False,False,0.853093034,False
C10_MULTI_DOMAIN_ATTACK,104,104,115,1.05283058,1.27755225,1.10845232,0.00368435867,10,49,True,False,False,False,False,False,0.851806998,False
C10_MULTI_DOMAIN_ATTACK,105,105,116,1.05120206,1.27174866,1.10502577,0.00376793486,10,49,True,False,False,False,False,False,0.850489423,False
C10_MULTI_DOMAIN_ATTACK,106,106,117,1.04953623,1.26569974,1.10152626,0.00384845724,10,49,True,False,False,False,False,False,0.84914166,False
C10_MULTI_DOMAIN_ATTACK,107,107,118,1.04783618,1.25944662,1.09796059,0.0039255959,10,49,True,False,False,False,False,False,0.847766216,False
C10_MULTI_DOMAIN_ATTACK,108,108,119,1.04610419,1.25296867,1.09433401,0.00399779854,10,49,True,False,False,False,False,False,0.846364925,False
C10_MULTI_DOMAIN_ATTACK,109,109,120,1.04434276,1.24626589,1.09065175,0.00406693527,10,49,True,False,False,False,False,False,0.84493981,False
C10_MULTI_DOMAIN_ATTACK,110,110,121,1.04255474,1.23937917,1.0869205,0.00413184427,10,49,True,False,False,False,False,False,0.843493188,False
C10_MULTI_DOMAIN_ATTACK,111,111,122,1.0407424,1.23230851,1.08314466,0.00419437233,10,49,True,False,False,False,False,False,0.842026891,False
C10_MULTI_DOMAIN_ATTACK,112,112,123,1.03890765,1.22505403,1.07932901,0.00425278023,10,49,True,False,False,False,False,False,0.840542461,False
C10_MULTI_DOMAIN_ATTACK,113,113,124,1.03705323,1.2176156,1.07547939,0.00430712057,10,49,True,False,False,False,False,False,0.839042117,False
C10_MULTI_DOMAIN_ATTACK,114,114,125,1.03518176,1.21003413,1.07160139,0.00435809093,10,49,True,False,False,False,False,False,0.837527981,False
C10_MULTI_DOMAIN_ATTACK,115,115,126,1.03329539,1.20226872,1.06769943,0.00440420024,10,49,True,False,False,False,False,False,0.83600179,False
C10_MULTI_DOMAIN_ATTACK,116,116,127,1.03139651,1.19438064,1.06377864,0.00444867183,10,49,True,False,False,False,False,False,0.834465471,False
C10_MULTI_DOMAIN_ATTACK,117,117,128,1.02948725,1.18632913,1.0598439,0.00448737713,10,49,True,False,False,False,False,False,0.832920761,False
C10_MULTI_DOMAIN_ATTACK,118,118,129,1.02756989,1.17815506,1.05589986,0.00452364422,10,49,True,False,False,False,False,False,0.831369493,False
C10_MULTI_DOMAIN_ATTACK,119,119,130,1.02564657,1.16987884,1.05195081,0.00455741771,10,49,True,False,False,False,False,False,0.829813403,False
C10_MULTI_DOMAIN_ATTACK,120,120,131,1.02371871,1.16145945,1.0480001,0.00458628405,10,49,True,False,False,False,False,False,0.828253647,False
C10_MULTI_DOMAIN_ATTACK,121,121,132,1.02178931,1.15295839,1.04405344,0.00461264933,10,49,True,False,False,False,False,False,0.826692638,False
C10_MULTI_DOMAIN_ATTACK,122,122,133,1.01985967,1.14433467,1.04011369,0.00463493355,10,49,True,False,False,False,False,False,0.825131435,False
C10_MULTI_DOMAIN_ATTACK,123,123,134,1.01793194,1.1356293,1.0361855,0.00465390692,10,49,True,False,False,False,False,False,0.823571776,False
C10_MULTI_DOMAIN_ATTACK,124,124,135,1.01600826,1.12684214,1.03227282,0.0046695848,10,49,True,False,False,False,False,False,0.822015396,False
C10_MULTI_DOMAIN_ATTACK,125,125,136,1.01409006,1.11799359,1.02837861,0.0046827849,10,49,True,False,False,False,False,False,0.820463453,False
C10_MULTI_DOMAIN_ATTACK,126,126,137,1.01217902,1.10908389,1.02450633,0.0046926802,10,49,True,False,False,False,False,False,0.818917297,False
C10_MULTI_DOMAIN_ATTACK,127,127,138,1.01027668,1.10009229,1.02065897,0.00469845999,10,49,True,False,False,False,False,False,0.817378181,False
C10_MULTI_DOMAIN_ATTACK,128,128,139,1.0083847,1.09108031,1.01683962,0.00470341276,10,49,True,False,False,False,False,False,0.815847456,False
C10_MULTI_DOMAIN_ATTACK,129,129,140,254.563828,2141.78101,64802.7461,265.900909,10,49,True,False,False,False,False,False,42418.8429,True
C10_MULTI_DOMAIN_ATTACK,130,130,141,360.006226,2141.78101,129604.477,265.900909,10,49,True,False,False,False,False,False,84837.021,True
C10_MULTI_DOMAIN_ATTACK,131,131,142,440.915161,2141.78101,194406.188,265.900909,10,49,True,False,False,False,False,False,127255.186,True
C10_MULTI_DOMAIN_ATTACK,132,132,143,509.124695,2141.78101,259207.953,265.900909,10,49,True,False,False,False,False,False,169673.387,True
C10_MULTI_DOMAIN_ATTACK,133,133,144,569.218445,2141.78101,324009.625,265.900909,10,49,True,False,False,False,False,False,212091.527,True
C10_MULTI_DOMAIN_ATTACK,134,134,145,623.547424,2141.78101,388811.375,265.900909,10,49,True,False,False,False,False,False,254509.718,True
C10_MULTI_DOMAIN_ATTACK,135,135,146,673.508057,2141.78101,453613.062,265.900909,10,49,True,False,False,False,False,False,296927.868,True
C10_MULTI_DOMAIN_ATTACK,136,136,147,720.010315,2141.78101,518414.844,265.900909,10,49,True,False,False,False,False,False,339346.079,True
C10_MULTI_DOMAIN_ATTACK,137,137,148,763.686096,2141.78101,583216.438,265.900909,10,49,True,False,False,False,False,False,381764.168,True
C10_MULTI_DOMAIN_ATTACK,138,138,149,804.995728,2141.78101,648018.125,265.900909,10,49,True,False,False,False,False,False,424182.318,True
C10_MULTI_DOMAIN_ATTACK,139,139,150,844.28656,2141.78101,712819.812,265.900909,10,49,True,False,False,False,False,False,466600.468,True
C10_MULTI_DOMAIN_ATTACK,140,140,151,881.828552,2141.78101,777621.625,0.00453482801,10,49,True,False,False,False,False,False,509018.7,True
C10_MULTI_DOMAIN_ATTACK,141,141,152,881.828552,2141.78101,777621.625,0.00450420799,10,49,True,False,False,False,False,False,509018.7,True
C10_MULTI_DOMAIN_ATTACK,142,142,153,881.828552,2141.78101,777621.625,0.00447608717,10,49,True,False,False,False,False,False,509018.7,True
C10_MULTI_DOMAIN_ATTACK,143,143,154,881.828552,2141.78101,777621.625,0.00444211578,10,49,True,False,False,False,False,False,509018.7,True
C10_MULTI_DOMAIN_ATTACK,144,144,155,881.828552,2141.78101,777621.625,0.00440744171,10,49,True,False,False,False,False,False,509018.7,True
C10_MULTI_DOMAIN_ATTACK,145,145,156,881.828552,2141.78101,777621.625,0.00437263958,10,49,True,False,False,False,False,False,509018.7,True
C10_MULTI_DOMAIN_ATTACK,146,146,157,881.828552,2141.78101,777621.625,0.00433373218,10,49,True,False,False,False,False,False,509018.7,True
C10_MULTI_DOMAIN_ATTACK,147,147,158,881.828552,2141.78101,777621.625,0.0042940164,10,49,True,False,False,False,False,False,509018.7,True
C10_MULTI_DOMAIN_ATTACK,148,148,159,881.828552,2141.78101,777621.625,0.0042550615,10,49,True,False,False,False,False,False,509018.7,True
C10_MULTI_DOMAIN_ATTACK,149,149,160,844.286499,2141.78101,712819.688,265.900909,10,49,True,False,False,False,False,False,466600.386,True
C10_MULTI_DOMAIN_ATTACK,150,150,161,804.995667,2141.78101,648018,265.900909,10,49,True,False,False,False,False,False,424182.236,True
C10_MULTI_DOMAIN_ATTACK,151,151,162,763.685974,2141.78101,583216.25,265.900909,10,49,True,False,False,False,False,False,381764.045,True
C10_MULTI_DOMAIN_ATTACK,152,152,163,720.010193,2141.78101,518414.719,265.900909,10,49,True,False,False,False,False,False,339345.998,True
C10_MULTI_DOMAIN_ATTACK,153,153,164,673.507996,2141.78101,453613,265.900909,10,49,True,False,False,False,False,False,296927.827,True
C10_MULTI_DOMAIN_ATTACK,154,154,165,623.547363,2141.78101,388811.281,265.900909,10,49,True,False,False,False,False,False,254509.657,True
C10_MULTI_DOMAIN_ATTACK,155,155,166,569.218323,2141.78101,324009.5,265.900909,10,49,True,False,False,False,False,False,212091.445,True
C10_MULTI_DOMAIN_ATTACK,156,156,167,509.124573,2141.78101,259207.844,265.900909,10,49,True,False,False,False,False,False,169673.316,True
C10_MULTI_DOMAIN_ATTACK,157,157,168,440.915039,2141.78101,194406.078,265.900909,10,49,True,False,False,False,False,False,127255.115,True
C10_MULTI_DOMAIN_ATTACK,158,158,169,360.006073,2141.78101,129604.375,265.900909,10,49,True,False,False,False,False,False,84836.9546,True
C10_MULTI_DOMAIN_ATTACK,159,159,170,254.563629,2141.78101,64802.6445,265.900909,10,49,True,False,False,False,False,False,42418.7764,True
C10_MULTI_DOMAIN_ATTACK,160,160,171,0.95918715,1.0000453,0.920039952,0.00370465149,10,49,True,False,False,False,False,False,0.776043501,False
C10_MULTI_DOMAIN_ATTACK,161,161,172,0.958082974,1.0000453,0.917923033,0.00365641923,10,49,True,False,False,False,False,False,0.775150152,False
C10_MULTI_DOMAIN_ATTACK,162,162,173,0.957004786,1.0000453,0.91585815,0.00360827451,10,49,True,False,False,False,False,False,0.774277829,False
C10_MULTI_DOMAIN_ATTACK,163,163,174,0.95595181,1.0000453,0.91384387,0.00356009696,10,49,True,False,False,False,False,False,0.773425905,False
C10_MULTI_DOMAIN_ATTACK,164,164,175,0.954923749,1.0000453,0.91187942,0.00351188588,10,49,True,False,False,False,False,False,0.772594138,False
C10_MULTI_DOMAIN_ATTACK,165,165,176,0.953920007,1.0000453,0.909963429,0.00346621149,10,49,True,False,False,False,False,False,0.771782046,False
C10_MULTI_DOMAIN_ATTACK,166,166,177,0.95293963,1.0000453,0.908093989,0.00341963931,10,49,True,False,False,False,False,False,0.770988859,False
C10_MULTI_DOMAIN_ATTACK,167,167,178,0.951982617,1.0000453,0.906270921,0.00337305455,10,49,True,False,False,False,False,False,0.770214575,False
C10_MULTI_DOMAIN_ATTACK,168,168,179,0.951048374,1.0000453,0.904493034,0.00332813198,10,49,True,False,False,False,False,False,0.769458713,False
C10_MULTI_DOMAIN_ATTACK,169,169,180,0.950136244,1.0000453,0.902758837,0.00328231766,10,49,True,False,False,False,False,False,0.768720742,False
C10_MULTI_DOMAIN_ATTACK,170,170,181,0.949245691,1.0000453,0.901067436,0.0032407511,10,49,True,False,False,False,False,False,0.768000227,False
C10_MULTI_DOMAIN_ATTACK,171,171,182,0.948375463,1.0000453,0.899416029,0.00319821993,10,49,True,False,False,False,False,False,0.767296158,False
C10_MULTI_DOMAIN_ATTACK,172,172,183,0.94752574,1.0000453,0.897804976,0.00315572927,10,49,True,False,False,False,False,False,0.766608677,False
C10_MULTI_DOMAIN_ATTACK,173,173,184,0.946695685,1.0000453,0.896232665,0.00311573525,10,49,True,False,False,False,False,False,0.76593711,False
C10_MULTI_DOMAIN_ATTACK,174,174,185,0.945884526,1.0000453,0.894697487,0.00307659246,10,49,True,False,False,False,False,False,0.76528083,False
C10_MULTI_DOMAIN_ATTACK,175,175,186,0.945091307,1.0000453,0.893197596,0.003039876,10,49,True,False,False,False,False,False,0.764639066,False
C10_MULTI_DOMAIN_ATTACK,176,176,187,0.944315553,1.0000453,0.891731858,0.00300315558,10,49,True,False,False,False,False,False,0.764011431,False
C10_MULTI_DOMAIN_ATTACK,177,177,188,0.943556428,1.0000453,0.890298784,0.00296889711,10,49,True,False,False,False,False,False,0.763397251,False
C10_MULTI_DOMAIN_ATTACK,178,178,189,0.942813456,1.0000453,0.88889724,0.00293634227,10,49,True,False,False,False,False,False,0.762796139,False
C10_MULTI_DOMAIN_ATTACK,179,179,190,0.942085505,1.0000453,0.887525141,0.00290540978,10,49,True,False,False,False,False,False,0.76220718,False
C10_MULTI_DOMAIN_ATTACK,180,180,191,0.941372275,1.0000453,0.886181712,0.00287621282,10,49,True,False,False,False,False,False,0.761630132,False
C10_MULTI_DOMAIN_ATTACK,181,181,192,0.940672517,1.0000453,0.884864748,0.00284858583,10,49,True,False,False,False,False,False,0.761063983,False
C10_MULTI_DOMAIN_ATTACK,182,182,193,0.939985812,1.0000453,0.883573353,0.00282263733,10,49,True,False,False,False,False,False,0.760508395,False
C10_MULTI_DOMAIN_ATTACK,183,183,194,0.939311683,1.0000453,0.882306457,0.0027992588,10,49,True,False,False,False,False,False,0.759962982,False
C10_MULTI_DOMAIN_ATTACK,184,184,195,0.938648582,1.0000453,0.881061137,0.00277912943,10,49,True,False,False,False,False,False,0.759426491,False
C10_MULTI_DOMAIN_ATTACK,185,185,196,0.93799597,1.0000453,0.87983644,0.00276072952,10,49,True,False,False,False,False,False,0.758898487,False
C10_MULTI_DOMAIN_ATTACK,186,186,197,0.937353253,1.0000453,0.878631175,0.00274313847,10,49,True,False,False,False,False,False,0.758378488,False
C10_MULTI_DOMAIN_ATTACK,187,187,198,0.936719775,1.0000453,0.87744391,0.00272890949,10,49,True,False,False,False,False,False,0.757865963,False
C10_MULTI_DOMAIN_ATTACK,188,188,199,0.936094582,1.0000453,0.876273036,0.00271633477,10,49,True,False,False,False,False,False,0.757360142,False
C10_MULTI_DOMAIN_ATTACK,189,189,200,0.935477138,1.0000453,0.875117421,0.00270628324,10,49,True,False,False,False,False,False,0.75686059,False
C10_MULTI_DOMAIN_ATTACK,190,190,201,0.93486625,1.0000453,0.873974919,0.00269956142,10,49,True,False,False,False,False,False,0.756366343,False
C10_MULTI_DOMAIN_ATTACK,191,191,202,0.93426156,1.0000453,0.872844636,0.00269537303,10,49,True,False,False,False,False,False,0.755877111,False
C10_MULTI_DOMAIN_ATTACK,192,192,203,0.933662057,1.0000453,0.871724784,0.00269285659,10,49,True,False,False,False,False,False,0.755392075,False
C10_MULTI_DOMAIN_ATTACK,193,193,204,0.933066845,1.0000453,0.870613694,0.0026945374,10,49,True,False,False,False,False,False,0.75491051,False
C10_MULTI_DOMAIN_ATTACK,194,194,205,0.932475507,1.0000453,0.869510591,0.00269788411,10,49,True,False,False,False,False,False,0.75443208,False
C10_MULTI_DOMAIN_ATTACK,195,195,206,0.93188715,1.0000453,0.868413627,0.00270293024,10,49,True,False,False,False,False,False,0.753956062,False
C10_MULTI_DOMAIN_ATTACK,196,196,207,0.931301177,1.0000453,0.867321849,0.00271217222,10,49,True,False,False,False,False,False,0.753481972,False
C10_MULTI_DOMAIN_ATTACK,197,197,208,0.930716932,1.0000453,0.866234004,0.00272390898,10,49,True,False,False,False,False,False,0.753009281,False
C10_MULTI_DOMAIN_ATTACK,198,198,209,0.930133641,1.0000453,0.865148544,0.00273816381,10,49,True,False,False,False,False,False,0.752537361,False
C10_MULTI_DOMAIN_ATTACK,199,199,210,0.929550469,1.0000453,0.864064097,0.00275578676,10,49,True,False,False,False,False,False,0.752065538,False
C10_MULTI_DOMAIN_ATTACK,200,200,211,0.928967059,1.0000453,0.862979829,0.00277588866,10,49,True,False,False,False,False,False,0.751593522,False
C10_MULTI_DOMAIN_ATTACK,201,201,212,0.928382218,1.0000453,0.861893535,0.00279946229,10,49,True,False,False,False,False,False,0.751120349,False
C10_MULTI_DOMAIN_ATTACK,202,202,213,0.927796125,1.0000453,0.86080569,0.00282458216,10,49,True,False,False,False,False,False,0.750646162,False
C10_MULTI_DOMAIN_ATTACK,203,203,214,0.927207589,1.0000453,0.859713912,0.00285481685,10,49,True,False,False,False,False,False,0.750169999,False
C10_MULTI_DOMAIN_ATTACK,204,204,215,0.926616311,1.0000453,0.858617842,0.00288501917,10,49,True,False,False,False,False,False,0.749691617,False
C10_MULTI_DOMAIN_ATTACK,205,205,216,0.926021814,1.0000453,0.857516408,0.00292107603,10,49,True,False,False,False,False,False,0.749210632,False
C10_MULTI_DOMAIN_ATTACK,206,206,217,0.925423324,1.0000453,0.856408358,0.00295880134,10,49,True,False,False,False,False,False,0.748726415,False
C10_MULTI_DOMAIN_ATTACK,207,207,218,0.924820602,1.0000453,0.855293095,0.00299906568,10,49,True,False,False,False,False,False,0.748238774,False
C10_MULTI_DOMAIN_ATTACK,208,208,219,0.924213171,1.0000453,0.854170024,0.00304260291,10,49,True,False,False,False,False,False,0.747747324,False
C10_MULTI_DOMAIN_ATTACK,209,209,220,0.923600435,1.0000453,0.853037715,0.0030903921,10,49,True,False,False,False,False,False,0.747251582,False
C10_MULTI_DOMAIN_ATTACK,210,210,221,0.922982037,1.0000453,0.851895869,0.00313980528,10,49,True,False,False,False,False,False,0.746751258,False
C10_MULTI_DOMAIN_ATTACK,211,211,222,0.922357738,1.0000453,0.85074383,0.00319337845,10,49,True,False,False,False,False,False,0.746246161,False
C10_MULTI_DOMAIN_ATTACK,212,212,223,0.921727061,1.0000453,0.849580824,0.00324787176,10,49,True,False,False,False,False,False,0.745735903,False
C10_MULTI_DOMAIN_ATTACK,213,213,224,0.921090364,1.0000453,0.848407447,0.0033071842,10,49,True,False,False,False,False,False,0.745220775,False
C10_MULTI_DOMAIN_ATTACK,214,214,225,0.920446694,1.0000453,0.84722209,0.00336748292,10,49,True,False,False,False,False,False,0.744700004,False
C10_MULTI_DOMAIN_ATTACK,215,215,226,0.919796467,1.0000453,0.846025527,0.00343264639,10,49,True,False,False,False,False,False,0.744173929,False
C10_MULTI_DOMAIN_ATTACK,216,216,227,0.919139266,1.0000453,0.844817042,0.00349869393,10,49,True,False,False,False,False,False,0.743642212,False
C10_MULTI_DOMAIN_ATTACK,217,217,228,0.918475211,1.0000453,0.843596697,0.00356892147,10,49,True,False,False,False,False,False,0.743104949,False
C10_MULTI_DOMAIN_ATTACK,218,218,229,0.91780442,1.0000453,0.842364967,0.00364067289,10,49,True,False,False,False,False,False,0.742562236,False
C10_MULTI_DOMAIN_ATTACK,219,219,230,0.917126715,1.0000453,0.841121376,0.00371666765,10,49,True,False,False,False,False,False,0.74201393,False
C10_MULTI_DOMAIN_ATTACK,220,220,231,0.916442156,1.0000453,0.839866221,0.00379443495,10,49,True,False,False,False,False,False,0.741460078,False
C10_MULTI_DOMAIN_ATTACK,221,221,232,0.915751398,1.0000453,0.838600576,0.00387448468,10,49,True,False,False,False,False,False,0.74090121,False
C10_MULTI_DOMAIN_ATTACK,222,222,233,0.915054321,1.0000453,0.83732444,0.00395714445,10,49,True,False,False,False,False,False,0.740337231,False
C10_MULTI_DOMAIN_ATTACK,223,223,234,0.914351702,1.0000453,0.836039007,0.00404217001,10,49,True,False,False,False,False,False,0.739768767,False
C10_MULTI_DOMAIN_ATTACK,224,224,235,0.913643599,1.0000453,0.834744573,0.00413062377,10,49,True,False,False,False,False,False,0.739195867,False
C10_MULTI_DOMAIN_ATTACK,225,225,236,0.912930489,1.0000453,0.833442092,0.00422058813,10,49,True,False,False,False,False,False,0.738618915,False
C10_MULTI_DOMAIN_ATTACK,226,226,237,0.912212968,1.0000453,0.832132518,0.0043140715,10,49,True,False,False,False,False,False,0.738038395,False
C10_MULTI_DOMAIN_ATTACK,227,227,238,0.911491871,1.0000453,0.830817461,0.0044080345,10,49,True,False,False,False,False,False,0.737454982,False
C10_MULTI_DOMAIN_ATTACK,228,228,239,0.910767794,1.0000453,0.829497993,0.00450470205,10,49,True,False,False,False,False,False,0.736869157,False
C10_MULTI_DOMAIN_ATTACK,229,229,240,0.910041511,1.0000453,0.828175545,0.00460546883,10,49,True,False,False,False,False,False,0.736281548,False
C10_MULTI_DOMAIN_ATTACK,230,230,241,0.909313858,1.0000453,0.826851726,0.00470530475,10,49,True,False,False,False,False,False,0.73569283,False
C10_MULTI_DOMAIN_ATTACK,231,231,242,0.908585906,1.0000453,0.825528383,0.00480864057,10,49,True,False,False,False,False,False,0.735103871,False
C10_MULTI_DOMAIN_ATTACK,232,232,243,0.907858729,1.0000453,0.824207485,0.00491520576,10,49,True,False,False,False,False,False,0.734515539,False
C10_MULTI_DOMAIN_ATTACK,233,233,244,0.90713352,1.0000453,0.822891176,0.00502071995,10,49,True,False,False,False,False,False,0.733928798,False
C10_MULTI_DOMAIN_ATTACK,234,234,245,0.90641135,1.0000453,0.821581483,0.00513053034,10,49,True,False,False,False,False,False,0.733344517,False
C10_MULTI_DOMAIN_ATTACK,235,235,246,0.905693591,1.0000453,0.82028091,0.0052403342,10,49,True,False,False,False,False,False,0.732763804,False
C10_MULTI_DOMAIN_ATTACK,236,236,247,0.904981732,1.0000453,0.818991899,0.00535342516,10,49,True,False,False,False,False,False,0.732187865,False
C10_MULTI_DOMAIN_ATTACK,237,237,248,0.904277146,1.0000453,0.817717195,0.00546571426,10,49,True,False,False,False,False,False,0.73161781,False
C10_MULTI_DOMAIN_ATTACK,238,238,249,0.903581738,1.0000453,0.816459954,0.00558196614,10,49,True,False,False,False,False,False,0.731055181,False
C10_MULTI_DOMAIN_ATTACK,239,239,250,0.902896941,1.0000453,0.815222859,0.00569735654,10,49,True,False,False,False,False,False,0.730501136,False
C10_MULTI_DOMAIN_ATTACK,240,240,251,0.902224481,1.0000453,0.814009011,0.00581464544,10,49,True,False,False,False,False,False,0.729957073,False
C10_MULTI_DOMAIN_ATTACK,241,241,252,0.901566446,1.0000453,0.812822044,0.0059350701,10,49,True,False,False,False,False,False,0.729424681,False
C10_MULTI_DOMAIN_ATTACK,242,242,253,0.900924623,1.0000453,0.811665177,0.00605381932,10,49,True,False,False,False,False,False,0.728905405,False
C10_MULTI_DOMAIN_ATTACK,243,243,254,0.900301158,1.0000453,0.810542226,0.0061734817,10,49,True,False,False,False,False,False,0.728400983,False
C10_MULTI_DOMAIN_ATTACK,244,244,255,0.899698317,1.0000453,0.809457064,0.00629623933,10,49,True,False,False,False,False,False,0.727913246,False
C10_MULTI_DOMAIN_ATTACK,245,245,256,0.899118006,1.0000453,0.808413148,0.00641836552,10,49,True,False,False,False,False,False,0.727443737,False
C10_MULTI_DOMAIN_ATTACK,246,246,257,0.898562729,1.0000453,0.807414949,0.00654207496,10,49,True,False,False,False,False,False,0.726994483,False
C10_MULTI_DOMAIN_ATTACK,247,247,258,0.898034751,1.0000453,0.80646646,0.00666405028,10,49,True,False,False,False,False,False,0.726567315,False
C10_MULTI_DOMAIN_ATTACK,248,248,259,0.897536874,1.0000453,0.80557245,0.00678761536,10,49,True,False,False,False,False,False,0.7261645,False
C10_MULTI_DOMAIN_ATTACK,249,249,260,0.897071302,1.0000453,0.804736912,0.00691216672,10,49,True,False,False,False,False,False,0.725787823,False
C10_MULTI_DOMAIN_ATTACK,250,250,261,0.896640778,1.0000453,0.803964674,0.00703735929,10,49,True,False,False,False,False,False,0.725439502,False
C10_MULTI_DOMAIN_ATTACK,251,251,262,0.896247804,1.0000453,0.803260088,0.00716096023,10,49,True,False,False,False,False,False,0.725121561,False
C10_MULTI_DOMAIN_ATTACK,252,252,263,0.895895302,1.0000453,0.802628398,0.00728553906,10,49,True,False,False,False,False,False,0.724836365,False
C10_MULTI_DOMAIN_ATTACK,253,253,264,0.895586073,1.0000453,0.802074373,0.0074089691,10,49,True,False,False,False,False,False,0.724586179,False
C10_MULTI_DOMAIN_ATTACK,254,254,265,0.895322859,1.0000453,0.801603019,0.00753427576,10,49,True,False,False,False,False,False,0.724373222,False
C10_MULTI_DOMAIN_ATTACK,255,255,266,0.895108581,1.0000453,0.801219344,0.00765693793,10,49,True,False,False,False,False,False,0.724199857,False
C10_MULTI_DOMAIN_ATTACK,256,256,267,0.894946098,1.0000453,0.800928533,0.00777968811,10,49,True,False,False,False,False,False,0.724068398,False
C10_MULTI_DOMAIN_ATTACK,257,257,268,0.894838572,1.0000453,0.80073607,0.00790162757,10,49,True,False,False,False,False,False,0.723981402,False
C10_MULTI_DOMAIN_ATTACK,258,258,269,0.894788802,1.0000453,0.80064702,0.0080242753,10,49,True,False,False,False,False,False,0.723941135,False
C10_MULTI_DOMAIN_ATTACK,259,259,270,0.894799829,1.0000453,0.800666749,0.00814522523,10,49,True,False,False,False,False,False,0.723950056,False
C10_MULTI_DOMAIN_ATTACK,260,260,271,0.894874692,1.0000453,0.800800741,0.00826552697,10,49,True,False,False,False,False,False,0.724010626,False
C10_MULTI_DOMAIN_ATTACK,261,261,272,0.895016432,1.0000453,0.801054418,0.00838492066,10,49,True,False,False,False,False,False,0.724125302,False
C10_MULTI_DOMAIN_ATTACK,262,262,273,0.895227969,1.0000453,0.801433146,0.00850253645,10,49,True,False,False,False,False,False,0.726438414,False
C10_MULTI_DOMAIN_ATTACK,263,263,274,0.895512342,1.0000453,0.801942408,0.00861776527,10,49,True,False,False,False,False,False,0.736283316,False
C10_MULTI_DOMAIN_ATTACK,264,264,275,0.895872533,1.0000453,0.802587569,0.00873456988,10,49,True,False,False,False,False,False,0.74626285,False
C10_MULTI_DOMAIN_ATTACK,265,265,276,0.896311522,1.0000453,0.80337429,0.00884734653,10,49,True,False,False,False,False,False,0.755898244,False
C10_MULTI_DOMAIN_ATTACK,266,266,277,0.896831989,1.0000453,0.80430764,0.0089590922,10,49,True,False,False,False,False,False,0.765445554,False
C10_MULTI_DOMAIN_ATTACK,267,267,278,0.897437036,1.0000453,0.805393279,0.00907016266,10,49,True,False,False,False,False,False,0.774935175,False
C10_MULTI_DOMAIN_ATTACK,268,268,279,0.898129404,1.0000453,0.806636393,0.00917869434,10,49,True,False,False,False,False,False,0.784207888,False
C10_MULTI_DOMAIN_ATTACK,269,269,280,0.898911715,1.0000453,0.808042228,0.00928559341,10,49,True,False,False,False,False,False,0.793341114,False
C10_MULTI_DOMAIN_ATTACK,270,270,281,0.899786592,1.0000453,0.80961591,0.00938990247,10,49,True,False,False,False,False,False,0.802253056,False
C10_MULTI_DOMAIN_ATTACK,271,271,282,0.900756657,1.0000453,0.811362505,0.00949185248,10,49,True,False,False,False,False,False,0.810963446,False
C10_MULTI_DOMAIN_ATTACK,272,272,283,0.901824296,1.0000453,0.81328702,0.00959126838,10,49,True,False,False,False,False,False,0.819457326,False
C10_MULTI_DOMAIN_ATTACK,273,273,284,0.902991593,1.0000453,0.815393865,0.00968895759,10,49,True,False,False,False,False,False,0.827803682,False
C10_MULTI_DOMAIN_ATTACK,274,274,285,0.904261231,1.0000453,0.817688406,0.00978503004,10,49,True,False,False,False,False,False,0.836011905,False
C10_MULTI_DOMAIN_ATTACK,275,275,286,0.90563488,1.0000453,0.820174575,0.00987611618,10,49,True,False,False,False,False,False,0.843794109,False
C10_MULTI_DOMAIN_ATTACK,276,276,287,0.907114565,1.0000453,0.822856843,0.00996555947,10,49,True,False,False,False,False,False,0.851435951,False
C10_MULTI_DOMAIN_ATTACK,277,277,288,0.908702075,1.0000453,0.825739503,0.0100532919,10,49,True,False,False,False,False,False,0.858931622,False
C10_MULTI_DOMAIN_ATTACK,278,278,289,0.910399258,1.0000453,0.828826845,0.010136974,10,49,True,False,False,False,False,False,0.866081243,False
C10_MULTI_DOMAIN_ATTACK,279,279,290,0.912207186,1.0000453,0.832121909,0.0102172745,10,49,True,False,False,False,False,False,0.872941945,False
C10_MULTI_DOMAIN_ATTACK,280,280,291,0.914127409,1.0000453,0.835628927,0.0102951517,10,49,True,False,False,False,False,False,0.879595605,False
C10_MULTI_DOMAIN_ATTACK,281,281,292,0.916161001,1.0000453,0.839350998,0.0103704864,10,49,True,False,False,False,False,False,0.886032038,False
C10_MULTI_DOMAIN_ATTACK,282,282,293,0.918308794,1.0000453,0.843291044,0.0104408571,10,49,True,False,False,False,False,False,0.892044362,False
C10_MULTI_DOMAIN_ATTACK,283,283,294,0.920571506,1.0000453,0.847451866,0.0105087431,10,49,True,False,False,False,False,False,0.897844392,False
C10_MULTI_DOMAIN_ATTACK,284,284,295,0.922949672,1.0000453,0.851836085,0.0105733043,10,49,True,False,False,False,False,False,0.903360358,False
C10_MULTI_DOMAIN_ATTACK,285,285,296,0.925444007,1.0000453,0.856446624,0.0106346142,10,49,True,False,False,False,False,False,0.908598543,False
C10_MULTI_DOMAIN_ATTACK,286,286,297,0.928053975,1.0000453,0.861284196,0.0106916856,10,49,True,False,False,False,False,False,0.913474605,False
C10_MULTI_DOMAIN_ATTACK,287,287,298,0.930779994,1.0000453,0.866351366,0.0107454937,10,49,True,False,False,False,False,False,0.918071852,False
C10_MULTI_DOMAIN_ATTACK,288,288,299,0.933621526,1.0000453,0.871649206,0.0107951565,10,49,True,False,False,False,False,False,0.922314933,False
C10_MULTI_DOMAIN_ATTACK,289,289,300,0.936577976,1.0000453,0.877178252,0.0108398469,10,49,True,False,False,False,False,False,0.926133189,False
C10_MULTI_DOMAIN_ATTACK,290,290,301,0.939648509,1.0000453,0.882939339,0.010882047,10,49,True,False,False,False,False,False,0.929738673,False
C10_MULTI_DOMAIN_ATTACK,291,291,302,0.942832589,1.0000453,0.888933241,0.0109193036,10,49,True,False,False,False,False,False,0.932921799,False
C10_MULTI_DOMAIN_ATTACK,292,292,303,0.946128488,1.0000453,0.895159066,0.0109524103,10,49,True,False,False,False,False,False,0.935750361,False
C10_MULTI_DOMAIN_ATTACK,293,293,304,0.949534655,1.0000453,0.901616096,0.0109813577,10,49,True,False,False,False,False,False,0.938223562,False
C10_MULTI_DOMAIN_ATTACK,294,294,305,0.953050256,1.0000453,0.908304811,0.0110070193,10,49,True,False,False,False,False,False,0.940416039,False
C10_MULTI_DOMAIN_ATTACK,295,295,306,0.956673265,1.0000453,0.915223777,0.0110285403,10,49,True,False,False,False,False,False,0.942254747,False
C10_MULTI_DOMAIN_ATTACK,296,296,307,0.960401356,1.0000453,0.922370732,0.0110434387,10,49,True,False,False,False,False,False,0.943527631,False
C10_MULTI_DOMAIN_ATTACK,297,297,308,0.964231789,1.0000453,0.929742992,0.0110558448,10,49,True,False,False,False,False,False,0.944587586,False
C10_MULTI_DOMAIN_ATTACK,298,298,309,0.968163013,1.0000453,0.937339664,0.0110632936,10,49,True,False,False,False,False,False,0.945223988,False
C10_MULTI_DOMAIN_ATTACK,299,299,310,0.972191751,1.0000453,0.945156813,0.0110657755,10,49,True,False,False,False,False,False,0.945436043,False
C10_MULTI_DOMAIN_ATTACK,300,300,311,0.976315677,1.0000453,0.953192353,0.0110657755,10,49,True,False,False,False,False,False,0.945436043,False
C10_MULTI_DOMAIN_ATTACK,301,301,312,0.980531156,1.02315354,0.961441338,0.0110583343,10,49,True,False,False,False,False,False,0.944800277,False
C10_MULTI_DOMAIN_ATTACK,302,302,313,0.984835207,1.04626584,0.969900429,0.0110475766,10,49,True,False,False,False,False,False,0.943881162,False
C10_MULTI_DOMAIN_ATTACK,303,303,314,0.989223897,1.06925547,0.978563905,0.0110310409,10,49,True,False,False,False,False,False,0.942468393,False
C10_MULTI_DOMAIN_ATTACK,304,304,315,0.993694663,1.09220433,0.987429082,0.0110128373,10,49,True,False,False,False,False,False,0.940913114,False
C10_MULTI_DOMAIN_ATTACK,305,305,316,0.998243093,1.11498964,0.996489286,0.0109863728,10,49,True,False,False,False,False,False,0.938652047,False
C10_MULTI_DOMAIN_ATTACK,306,306,317,1.00286555,1.13769317,1.00573921,0.0109565733,10,49,True,False,False,False,False,False,0.93610604,False
C10_MULTI_DOMAIN_ATTACK,307,307,318,1.00755751,1.16025376,1.01517224,0.0109226648,10,49,True,False,False,False,False,False,0.933208968,False
C10_MULTI_DOMAIN_ATTACK,308,308,319,1.01231503,1.1826508,1.0247817,0.010882983,10,49,True,False,False,False,False,False,0.929818641,False
C10_MULTI_DOMAIN_ATTACK,309,309,320,1.01713336,1.20488441,1.03456032,0.0108375084,10,49,True,False,False,False,False,False,0.925933388,False
C10_MULTI_DOMAIN_ATTACK,310,310,321,1.02200866,1.22699535,1.04450178,0.0107895304,10,49,True,False,False,False,False,False,0.92183425,False
C10_MULTI_DOMAIN_ATTACK,311,311,322,1.02693665,1.24892247,1.05459881,0.0107349074,10,49,True,False,False,False,False,False,0.917167378,False
C10_MULTI_DOMAIN_ATTACK,312,312,323,1.0319109,1.27062476,1.0648402,0.0106762629,10,49,True,False,False,False,False,False,0.912156922,False
C10_MULTI_DOMAIN_ATTACK,313,313,324,1.03692865,1.29216349,1.07522094,0.0106125725,10,49,True,False,False,False,False,False,0.906715355,False
C10_MULTI_DOMAIN_ATTACK,314,314,325,1.04198372,1.31347752,1.08573008,0.0105448235,10,49,True,False,False,False,False,False,0.900927021,False
C10_MULTI_DOMAIN_ATTACK,315,315,326,1.04707229,1.3345871,1.09636045,0.0104703531,10,49,True,False,False,False,False,False,0.894564429,False
C10_MULTI_DOMAIN_ATTACK,316,316,327,1.05218828,1.35547197,1.10710025,0.0103934864,10,49,True,False,False,False,False,False,0.887997103,False
C10_MULTI_DOMAIN_ATTACK,317,317,328,1.05732715,1.37609112,1.11794078,0.0103091588,10,49,True,False,False,False,False,False,0.88079234,False
C10_MULTI_DOMAIN_ATTACK,318,318,329,1.06248355,1.39648557,1.1288712,0.0102214953,10,49,True,False,False,False,False,False,0.873302557,False
C10_MULTI_DOMAIN_ATTACK,319,319,330,1.06765223,1.41661429,1.13988125,0.0101297572,10,49,True,False,False,False,False,False,0.865464654,False
C10_MULTI_DOMAIN_ATTACK,320,320,331,1.07282865,1.43647742,1.15096128,0.010033913,10,49,True,False,False,False,False,False,0.867986713,False
C10_MULTI_DOMAIN_ATTACK,321,321,332,1.07800663,1.45601356,1.16209841,0.0099298181,10,49,True,False,False,False,False,False,0.872176025,False
C10_MULTI_DOMAIN_ATTACK,322,322,333,1.08318138,1.47530448,1.17328191,0.00982314814,10,49,True,False,False,False,False,False,0.876362732,False
C10_MULTI_DOMAIN_ATTACK,323,323,334,1.08834696,1.49426842,1.18449914,0.00971251819,10,49,True,False,False,False,False,False,0.880542013,False
C10_MULTI_DOMAIN_ATTACK,324,324,335,1.09349895,1.51292574,1.19573998,0.0095960144,10,49,True,False,False,False,False,False,0.884710298,False
C10_MULTI_DOMAIN_ATTACK,325,325,336,1.09863234,1.53129709,1.2069931,0.00947699603,10,49,True,False,False,False,False,False,0.888863538,False
C10_MULTI_DOMAIN_ATTACK,326,326,337,1.10374129,1.54930055,1.21824491,0.00935144909,10,49,True,False,False,False,False,False,0.892997006,False
C10_MULTI_DOMAIN_ATTACK,327,327,338,1.10882008,1.56695664,1.22948205,0.00922095682,10,49,True,False,False,False,False,False,0.897106073,False
C10_MULTI_DOMAIN_ATTACK,328,328,339,1.11386395,1.58428574,1.24069297,0.0090880096,10,49,True,False,False,False,False,False,0.90118688,False
C10_MULTI_DOMAIN_ATTACK,329,329,340,1.11886764,1.60122657,1.25186479,0.00894848257,10,49,True,False,False,False,False,False,0.905235185,False
C10_MULTI_DOMAIN_ATTACK,330,330,341,1.12382567,1.61782002,1.26298416,0.00880560093,10,49,True,False,False,False,False,False,0.90924655,False
C10_MULTI_DOMAIN_ATTACK,331,331,342,1.12873352,1.63404572,1.27403939,0.00865854695,10,49,True,False,False,False,False,False,0.91321731,False
C10_MULTI_DOMAIN_ATTACK,332,332,343,1.13358581,1.64988303,1.28501689,0.00850923546,10,49,True,False,False,False,False,False,0.917143126,False
C10_MULTI_DOMAIN_ATTACK,333,333,344,1.13837814,1.66531169,1.29590487,0.00835322589,10,49,True,False,False,False,False,False,0.921020428,False
C10_MULTI_DOMAIN_ATTACK,334,334,345,1.14310503,1.68035197,1.30668914,0.00819481071,10,49,True,False,False,False,False,False,0.924844781,False
C10_MULTI_DOMAIN_ATTACK,335,335,346,1.14776218,1.69498372,1.31735814,0.00803228281,10,49,True,False,False,False,False,False,0.928612711,False
C10_MULTI_DOMAIN_ATTACK,336,336,347,1.15234494,1.70920658,1.32789874,0.00786462147,10,49,True,False,False,False,False,False,0.932320458,False
C10_MULTI_DOMAIN_ATTACK,337,337,348,1.15684712,1.72298002,1.33829534,0.00769397989,10,49,True,False,False,False,False,False,0.935963006,False
C10_MULTI_DOMAIN_ATTACK,338,338,349,1.16126573,1.7363447,1.34853804,0.00752083212,10,49,True,False,False,False,False,False,0.939537944,False
C10_MULTI_DOMAIN_ATTACK,339,339,350,1.16559541,1.74923933,1.35861278,0.00734199816,10,49,True,False,False,False,False,False,0.943040932,False
C10_MULTI_DOMAIN_ATTACK,340,340,351,1.16983199,1.76170492,1.36850691,0.00716163218,10,49,True,False,False,False,False,False,0.946468595,False
C10_MULTI_DOMAIN_ATTACK,341,341,352,1.17397165,1.77372086,1.37820947,0.00697707804,10,49,True,False,False,False,False,False,0.949817845,False
C10_MULTI_DOMAIN_ATTACK,342,342,353,1.17800963,1.78526676,1.38770664,0.00678846845,10,49,True,False,False,False,False,False,0.953084825,False
C10_MULTI_DOMAIN_ATTACK,343,343,354,1.18194151,1.79634261,1.39698577,0.00659666164,10,49,True,False,False,False,False,False,0.956265966,False
C10_MULTI_DOMAIN_ATTACK,344,344,355,1.18576455,1.80698943,1.40603745,0.006403937,10,49,True,False,False,False,False,False,0.95935905,False
C10_MULTI_DOMAIN_ATTACK,345,345,356,1.18947363,1.81710494,1.41484761,0.00620582467,10,49,True,False,False,False,False,False,0.962359931,False
C10_MULTI_DOMAIN_ATTACK,346,346,357,1.19306576,1.82677078,1.423406,0.00600590371,10,49,True,False,False,False,False,False,0.965266195,False
C10_MULTI_DOMAIN_ATTACK,347,347,358,1.19653666,1.83592582,1.43170011,0.00580206839,10,49,True,False,False,False,False,False,0.968074373,False
C10_MULTI_DOMAIN_ATTACK,348,348,359,1.19988334,1.84461081,1.43972015,0.00559754251,10,49,True,False,False,False,False,False,0.970782051,False
C10_MULTI_DOMAIN_ATTACK,349,349,360,1.20310271,1.85278487,1.44745612,0.0053889649,10,49,True,False,False,False,False,False,0.973386724,False
C10_MULTI_DOMAIN_ATTACK,350,350,361,1.20619047,1.86044812,1.4548955,0.00517925201,10,49,True,False,False,False,False,False,0.975884917,False
C10_MULTI_DOMAIN_ATTACK,351,351,362,1.20914507,1.86762094,1.46203184,0.00496697985,10,49,True,False,False,False,False,False,0.978275379,False
C10_MULTI_DOMAIN_ATTACK,352,352,363,1.21196294,1.87428284,1.46885407,0.00475243852,10,49,True,False,False,False,False,False,0.980555214,False
C10_MULTI_DOMAIN_ATTACK,353,353,364,1.21464062,1.88041341,1.47535181,0.00453598564,10,49,True,False,False,False,False,False,0.982741339,False
C10_MULTI_DOMAIN_ATTACK,354,354,365,1.21717656,1.88605356,1.48151886,0.00431879656,10,49,True,False,False,False,False,False,0.985688992,False
C10_MULTI_DOMAIN_ATTACK,355,355,366,1.21956813,1.8911624,1.48734629,0.00409748685,10,49,True,False,False,False,False,False,0.98835897,False
C10_MULTI_DOMAIN_ATTACK,356,356,367,1.22181141,1.89573979,1.49282324,0.00387734314,10,49,True,False,False,False,False,False,0.990751209,False
C10_MULTI_DOMAIN_ATTACK,357,357,368,1.22390628,1.8998065,1.4979465,0.0036546581,10,49,True,False,False,False,False,False,0.99287655,False
C10_MULTI_DOMAIN_ATTACK,358,358,369,1.22584951,1.90334177,1.50270689,0.00343214651,10,49,True,False,False,False,False,False,0.994724153,False
C10_MULTI_DOMAIN_ATTACK,359,359,370,1.22764015,1.90636623,1.50710046,0.00320814829,10,49,True,False,False,False,False,False,0.996304795,False
C10_MULTI_DOMAIN_ATTACK,360,360,371,1.22927547,1.90883887,1.51111829,0.00298399408,10,49,True,False,False,False,False,False,0.997597045,False
C10_MULTI_DOMAIN_ATTACK,361,361,372,1.23075426,1.91078019,1.51475608,0.00276037585,10,49,True,False,False,False,False,False,0.998611619,False
C10_MULTI_DOMAIN_ATTACK,362,362,373,1.23207629,1.91223109,1.51801193,0.00253715855,10,49,True,False,False,False,False,False,0.999369886,False
C10_MULTI_DOMAIN_ATTACK,363,363,374,1.23323846,1.91308939,1.52087724,0.00231391913,10,49,True,False,False,False,False,False,0.999818454,False
C10_MULTI_DOMAIN_ATTACK,364,364,375,1.23424017,1.91343677,1.52334893,0.0020939603,10,49,True,False,False,False,False,False,1,False
C10_MULTI_DOMAIN_ATTACK,365,365,376,1.23508167,1.91343677,1.52542663,0.00187546038,10,49,True,False,False,False,False,False,1,False
C10_MULTI_DOMAIN_ATTACK,366,366,377,1.23576117,1.91343677,1.52710569,0.00166197587,10,49,True,False,False,False,False,False,1,False
C10_MULTI_DOMAIN_ATTACK,367,367,378,1.2362783,1.91343677,1.52838409,0.00145568,10,49,True,False,False,False,False,False,1.00045582,True
C10_MULTI_DOMAIN_ATTACK,368,368,379,1.23663259,1.91343677,1.52926028,0.00125870435,10,49,True,False,False,False,False,False,1.00102936,True
C10_MULTI_DOMAIN_ATTACK,369,369,380,1.23682344,1.91343677,1.52973223,0.0010782337,10,49,True,False,False,False,False,False,1.00133829,True
C10_MULTI_DOMAIN_ATTACK,370,370,381,1.23685181,1.91343677,1.52980232,0.000921057188,10,49,True,False,False,False,False,False,1.00138417,True
C10_MULTI_DOMAIN_ATTACK,371,371,382,1.23671651,1.91343677,1.52946782,0.000806819065,10,49,True,False,False,False,False,False,1.00116522,True
C10_MULTI_DOMAIN_ATTACK,372,372,383,1.23641872,1.91343677,1.52873123,0.000751154788,10,49,True,False,False,False,False,False,1.00068305,True
C10_MULTI_DOMAIN_ATTACK,373,373,384,1.23595822,1.91343677,1.52759278,0.000766634766,10,49,True,False,False,False,False,False,1,False
C10_MULTI_DOMAIN_ATTACK,374,374,385,1.2353344,1.91343677,1.52605116,0.000852601253,10,49,True,False,False,False,False,False,1,False
C10_MULTI_DOMAIN_ATTACK,375,375,386,1.23455095,1.91343677,1.52411604,0.000983644277,10,49,True,False,False,False,False,False,1,False
C10_MULTI_DOMAIN_ATTACK,376,376,387,1.23360753,1.91327333,1.52178741,0.00114814565,10,49,True,False,False,False,False,False,0.999914585,False
C10_MULTI_DOMAIN_ATTACK,377,377,388,1.23250389,1.91257846,1.51906586,0.00133426394,10,49,True,False,False,False,False,False,0.999551432,False
C10_MULTI_DOMAIN_ATTACK,378,378,389,1.23124182,1.91133201,1.5159564,0.00153147138,10,49,True,False,False,False,False,False,0.998900011,False
C10_MULTI_DOMAIN_ATTACK,379,379,390,1.22982323,1.90955412,1.51246524,0.00173541263,10,49,True,False,False,False,False,False,0.997970852,False
C10_MULTI_DOMAIN_ATTACK,380,380,391,1.22824895,1.90724492,1.50859535,0.00194609223,10,49,True,False,False,False,False,False,0.996764017,False
C10_MULTI_DOMAIN_ATTACK,381,381,392,1.22652149,1.90444529,1.50435507,0.00215716031,10,49,True,False,False,False,False,False,0.995300874,False
C10_MULTI_DOMAIN_ATTACK,382,382,393,1.22464144,1.90109384,1.49974656,0.00237084273,10,49,True,False,False,False,False,False,0.99354934,False
C10_MULTI_DOMAIN_ATTACK,383,383,394,1.22261178,1.89723158,1.49477971,0.00258344132,10,49,True,False,False,False,False,False,0.991530846,False
C10_MULTI_DOMAIN_ATTACK,384,384,395,1.22043371,1.89281762,1.48945856,0.00279740104,10,49,True,False,False,False,False,False,0.989224021,False
C10_MULTI_DOMAIN_ATTACK,385,385,396,1.21811128,1.88789272,1.48379505,0.00300861406,10,49,True,False,False,False,False,False,0.986650174,False
C10_MULTI_DOMAIN_ATTACK,386,386,397,1.21564639,1.88249779,1.47779608,0.00322029064,10,49,True,False,False,False,False,False,0.983830674,False
C10_MULTI_DOMAIN_ATTACK,387,387,398,1.21303952,1.87657154,1.47146499,0.0034319472,10,49,True,False,False,False,False,False,0.981426235,False
C10_MULTI_DOMAIN_ATTACK,388,388,399,1.21029532,1.87011397,1.46481478,0.00363915064,10,49,True,False,False,False,False,False,0.979206005,False
C10_MULTI_DOMAIN_ATTACK,389,389,400,1.2074157,1.86316597,1.45785272,0.00384732033,10,49,True,False,False,False,False,False,0.976876209,False
C10_MULTI_DOMAIN_ATTACK,390,390,401,1.20440459,1.85572755,1.45059037,0.00405115308,10,49,True,False,False,False,False,False,0.974440031,False
C10_MULTI_DOMAIN_ATTACK,391,391,402,1.20126426,1.84775782,1.44303584,0.00425278395,10,49,True,False,False,False,False,False,0.971899304,False
C10_MULTI_DOMAIN_ATTACK,392,392,403,1.19799888,1.83933854,1.43520141,0.00445354218,10,49,True,False,False,False,False,False,0.969257403,False
C10_MULTI_DOMAIN_ATTACK,393,393,404,1.19461119,1.83040822,1.42709601,0.00464967219,10,49,True,False,False,False,False,False,0.966516546,False
C10_MULTI_DOMAIN_ATTACK,394,394,405,1.19110501,1.82102847,1.41873121,0.00484514795,10,49,True,False,False,False,False,False,0.96367982,False
C10_MULTI_DOMAIN_ATTACK,395,395,406,1.18748271,1.8111378,1.41011512,0.00503712101,10,49,True,False,False,False,False,False,0.960749154,False
C10_MULTI_DOMAIN_ATTACK,396,396,407,1.18374956,1.80081797,1.40126288,0.00522626052,10,49,True,False,False,False,False,False,0.957728791,False
C10_MULTI_DOMAIN_ATTACK,397,397,408,1.17990863,1.79002821,1.39218438,0.00541140884,10,49,True,False,False,False,False,False,0.95462124,False
C10_MULTI_DOMAIN_ATTACK,398,398,409,1.17596328,1.77874792,1.38288951,0.00559394294,10,49,True,False,False,False,False,False,0.9514292,False
C10_MULTI_DOMAIN_ATTACK,399,399,410,1.17191875,1.76705885,1.37339365,0.00577368401,10,49,True,False,False,False,False,False,0.948156915,False
C10_MULTI_DOMAIN_ATTACK,400,400,411,1.16777885,1.75487947,1.36370742,0.00594710885,10,49,True,False,False,False,False,False,0.944807472,False
C10_MULTI_DOMAIN_ATTACK,401,401,412,1.16354811,1.74231184,1.35384417,0.00612059282,10,49,True,False,False,False,False,False,0.941384536,False
C10_MULTI_DOMAIN_ATTACK,402,402,413,1.15923023,1.72929454,1.34381473,0.00628832821,10,49,True,False,False,False,False,False,0.937891096,False
C10_MULTI_DOMAIN_ATTACK,403,403,414,1.15482974,1.71584809,1.33363175,0.00645301212,10,49,True,False,False,False,False,False,0.934330818,False
C10_MULTI_DOMAIN_ATTACK,404,404,415,1.15035117,1.70201337,1.32330775,0.0066151754,10,49,True,False,False,False,False,False,0.930707367,False
C10_MULTI_DOMAIN_ATTACK,405,405,416,1.1457994,1.68774962,1.31285632,0.0067707058,10,49,True,False,False,False,False,False,0.927024696,False
C10_MULTI_DOMAIN_ATTACK,406,406,417,1.14117944,1.67307711,1.30229044,0.00692229625,10,49,True,False,False,False,False,False,0.923286858,False
C10_MULTI_DOMAIN_ATTACK,407,407,418,1.13649547,1.65803671,1.29162192,0.00707236445,10,49,True,False,False,False,False,False,0.919497226,False
C10_MULTI_DOMAIN_ATTACK,408,408,419,1.13175237,1.64262855,1.28086352,0.007217295,10,49,True,False,False,False,False,False,0.915659757,False
C10_MULTI_DOMAIN_ATTACK,409,409,420,1.12695491,1.62681162,1.2700274,0.00735665252,10,49,True,False,False,False,False,False,0.911778307,False
C10_MULTI_DOMAIN_ATTACK,410,410,421,1.1221081,1.61064732,1.25912654,0.00749361981,10,49,True,False,False,False,False,False,0.907856928,False
C10_MULTI_DOMAIN_ATTACK,411,411,422,1.1172173,1.59415603,1.24817455,0.00762537913,10,49,True,False,False,False,False,False,0.90389996,False
C10_MULTI_DOMAIN_ATTACK,412,412,423,1.11228645,1.57727647,1.23718107,0.00775249582,10,49,True,False,False,False,False,False,0.899910585,False
C10_MULTI_DOMAIN_ATTACK,413,413,424,1.10732126,1.56009042,1.22616041,0.0078762183,10,49,True,False,False,False,False,False,0.895893433,False
C10_MULTI_DOMAIN_ATTACK,414,414,425,1.10232663,1.542557,1.21512413,0.0079942178,10,49,True,False,False,False,False,False,0.891852459,False
C10_MULTI_DOMAIN_ATTACK,415,415,426,1.09730804,1.52469647,1.20408487,0.00810732227,10,49,True,False,False,False,False,False,0.887792098,False
C10_MULTI_DOMAIN_ATTACK,416,416,427,1.09227037,1.50657046,1.19305456,0.00821787026,10,49,True,False,False,False,False,False,0.883716306,False
C10_MULTI_DOMAIN_ATTACK,417,417,428,1.08721793,1.48813784,1.18204272,0.00832349621,10,49,True,False,False,False,False,False,0.879628554,False
C10_MULTI_DOMAIN_ATTACK,418,418,429,1.08215582,1.46937823,1.17106128,0.00842261687,10,49,True,False,False,False,False,False,0.87553299,False
C10_MULTI_DOMAIN_ATTACK,419,419,430,1.07708991,1.45037341,1.16012275,0.00851924345,10,49,True,False,False,False,False,False,0.87143434,False
C10_MULTI_DOMAIN_ATTACK,420,420,431,1.0720253,1.43110299,1.14923835,0.0086091524,10,49,True,False,False,False,False,False,0.867336751,False
C10_MULTI_DOMAIN_ATTACK,421,421,432,1.06696618,1.41154635,1.13841677,0.0086951144,10,49,True,False,False,False,False,False,0.863243598,False
C10_MULTI_DOMAIN_ATTACK,422,422,433,1.06191838,1.3917855,1.12767076,0.00877680536,10,49,True,False,False,False,False,False,0.859159608,False
C10_MULTI_DOMAIN_ATTACK,423,423,434,1.05688584,1.37175894,1.11700761,0.00885365438,10,49,True,False,False,False,False,False,0.855087963,False
C10_MULTI_DOMAIN_ATTACK,424,424,435,1.0518738,1.35150754,1.10643852,0.00892553944,10,49,True,False,False,False,False,False,0.851032907,False
C10_MULTI_DOMAIN_ATTACK,425,425,436,1.04688764,1.33105183,1.09597361,0.00899242889,10,49,True,False,False,False,False,False,0.84699878,False
C10_MULTI_DOMAIN_ATTACK,426,426,437,1.04193127,1.31039178,1.08562076,0.00905521773,10,49,True,False,False,False,False,False,0.842988766,False
C10_MULTI_DOMAIN_ATTACK,427,427,438,1.03700984,1.2895273,1.07538939,0.00911222305,10,49,True,False,False,False,False,False,0.83900701,False
C10_MULTI_DOMAIN_ATTACK,428,428,439,1.03212738,1.26847899,1.06528699,0.0091659762,10,49,True,False,False,False,False,False,0.835056793,False
C10_MULTI_DOMAIN_ATTACK,429,429,440,1.02728915,1.24726713,1.05532289,0.00921389088,10,49,True,False,False,False,False,False,0.831142358,False
C10_MULTI_DOMAIN_ATTACK,430,430,441,1.02249873,1.22587144,1.04550374,0.00925689284,10,49,True,False,False,False,False,False,0.827266599,False
C10_MULTI_DOMAIN_ATTACK,431,431,442,1.01776135,1.20437348,1.03583825,0.009296529,10,49,True,False,False,False,False,False,0.823433759,False
C10_MULTI_DOMAIN_ATTACK,432,432,443,1.01307988,1.18269169,1.02633083,0.00933043566,10,49,True,False,False,False,False,False,0.819646153,False
C10_MULTI_DOMAIN_ATTACK,433,433,444,1.00845969,1.16090775,1.01699102,0.00935933925,10,49,True,False,False,False,False,False,0.815908122,False
C10_MULTI_DOMAIN_ATTACK,434,434,445,1.00390387,1.13898063,1.00782299,0.00938331429,10,49,True,False,False,False,False,False,0.812222172,False
C10_MULTI_DOMAIN_ATTACK,435,435,446,0.999416649,1.11695147,0.998833656,0.00940315798,10,49,True,False,False,False,False,False,0.808591728,False
C10_MULTI_DOMAIN_ATTACK,436,436,447,0.995001256,1.09484041,0.990027547,0.00941969454,10,49,True,False,False,False,False,False,0.805019394,False
C10_MULTI_DOMAIN_ATTACK,437,437,448,0.990661383,1.07262731,0.981410027,0.0094296122,10,49,True,False,False,False,False,False,0.80564577,False
C10_MULTI_DOMAIN_ATTACK,438,438,449,0.986400485,1.05035281,0.972985923,0.00943622459,10,49,True,False,False,False,False,False,0.806210718,False
C10_MULTI_DOMAIN_ATTACK,439,439,450,0.982221246,1.02797616,0.964758575,0.0094370516,10,49,True,False,False,False,False,False,0.806281376,False
C10_MULTI_DOMAIN_ATTACK,440,440,451,0.97812748,1.00557911,0.956733406,0.00943457149,10,49,True,False,False,False,False,False,0.806069481,False
C10_MULTI_DOMAIN_ATTACK,441,441,452,0.974121332,1.0000453,0.948912382,0.00942712743,10,49,True,False,False,False,False,False,0.805433476,False
C10_MULTI_DOMAIN_ATTACK,442,442,453,0.970205903,1.0000453,0.941299498,0.00941555295,10,49,True,False,False,False,False,False,0.804444578,False
C10_MULTI_DOMAIN_ATTACK,443,443,454,0.96638304,1.0000453,0.933896184,0.0093998285,10,49,True,False,False,False,False,False,0.803101115,False
C10_MULTI_DOMAIN_ATTACK,444,444,455,0.962655485,1.0000453,0.926705599,0.00938081555,10,49,True,False,False,False,False,False,0.801476689,False
C10_MULTI_DOMAIN_ATTACK,445,445,456,0.959025145,1.0000453,0.919729173,0.00935601816,10,49,True,False,False,False,False,False,0.799358053,False
C10_MULTI_DOMAIN_ATTACK,446,446,457,0.955493629,1.0000453,0.912968099,0.00932789035,10,49,True,False,False,False,False,False,0.796954874,False
C10_MULTI_DOMAIN_ATTACK,447,447,458,0.952063024,1.0000453,0.906423986,0.00929478649,10,49,True,False,False,False,False,False,0.794126551,False
C10_MULTI_DOMAIN_ATTACK,448,448,459,0.948734879,1.0000453,0.900097907,0.00925922859,10,49,True,False,False,False,False,False,0.791088561,False
C10_MULTI_DOMAIN_ATTACK,449,449,460,0.94550997,1.0000453,0.893989146,0.00921951048,10,49,True,False,False,False,False,False,0.787695131,False
C10_MULTI_DOMAIN_ATTACK,450,450,461,0.942389846,1.0000453,0.888098598,0.00917484704,10,49,True,False,False,False,False,False,0.783879183,False
C10_MULTI_DOMAIN_ATTACK,451,451,462,0.939375162,1.0000453,0.882425725,0.00912767742,10,49,True,False,False,False,False,False,0.779849112,False
C10_MULTI_DOMAIN_ATTACK,452,452,463,0.936466813,1.0000453,0.876970112,0.00907557551,10,49,True,False,False,False,False,False,0.775397637,False
C10_MULTI_DOMAIN_ATTACK,453,453,464,0.933665216,1.0000453,0.871730745,0.00902097393,10,49,True,False,False,False,False,False,0.770732595,False
C10_MULTI_DOMAIN_ATTACK,454,454,465,0.93097049,1.0000453,0.866706014,0.00896219444,10,49,True,False,False,False,False,False,0.765710602,False
C10_MULTI_DOMAIN_ATTACK,455,455,466,0.928382933,1.0000453,0.861894906,0.0089001311,10,49,True,False,False,False,False,False,0.760408044,False
C10_MULTI_DOMAIN_ATTACK,456,456,467,0.925902665,1.0000453,0.857295692,0.0088356249,10,49,True,False,False,False,False,False,0.754896774,False
C10_MULTI_DOMAIN_ATTACK,457,457,468,0.92352891,1.0000453,0.852905691,0.0087661352,10,49,True,False,False,False,False,False,0.748959723,False
C10_MULTI_DOMAIN_ATTACK,458,458,469,0.921261489,1.0000453,0.848722756,0.00869494118,10,49,True,False,False,False,False,False,0.745359226,False
C10_MULTI_DOMAIN_ATTACK,459,459,470,0.919099927,1.0000453,0.844744682,0.0086196484,10,49,True,False,False,False,False,False,0.743610384,False
C10_MULTI_DOMAIN_ATTACK,460,460,471,0.917043269,1.0000453,0.84096837,0.00854101405,10,49,True,False,False,False,False,False,0.741946416,False
C10_MULTI_DOMAIN_ATTACK,461,461,472,0.91509074,1.0000453,0.837391078,0.00846075453,10,49,True,False,False,False,False,False,0.740366696,False
C10_MULTI_DOMAIN_ATTACK,462,462,473,0.913240671,1.0000453,0.834008574,0.00837788638,10,49,True,False,False,False,False,False,0.738869873,False
C10_MULTI_DOMAIN_ATTACK,463,463,474,0.911492288,1.0000453,0.830818236,0.00829265732,10,49,True,False,False,False,False,False,0.73745532,False
C10_MULTI_DOMAIN_ATTACK,464,464,475,0.909843922,1.0000453,0.82781595,0.00820407178,10,49,True,False,False,False,False,False,0.736121686,False
C10_MULTI_DOMAIN_ATTACK,465,465,476,0.908294082,1.0000453,0.82499814,0.00811219122,10,49,True,False,False,False,False,False,0.734867767,False
C10_MULTI_DOMAIN_ATTACK,466,466,477,0.906841099,1.0000453,0.822360814,0.00801942311,10,49,True,False,False,False,False,False,0.733692211,False
C10_MULTI_DOMAIN_ATTACK,467,467,478,0.905483127,1.0000453,0.819899678,0.00792419817,10,49,True,False,False,False,False,False,0.732593525,False
C10_MULTI_DOMAIN_ATTACK,468,468,479,0.904218256,1.0000453,0.817610621,0.00782737508,10,49,True,False,False,False,False,False,0.731570165,False
C10_MULTI_DOMAIN_ATTACK,469,469,480,0.903044343,1.0000453,0.815489113,0.00772638153,10,49,True,False,False,False,False,False,0.730620394,False
C10_MULTI_DOMAIN_ATTACK,470,470,481,0.90195936,1.0000453,0.813530684,0.00762616051,10,49,True,False,False,False,False,False,0.729742573,False
C10_MULTI_DOMAIN_ATTACK,471,471,482,0.900960982,1.0000453,0.811730742,0.00752273714,10,49,True,False,False,False,False,False,0.728934822,False
C10_MULTI_DOMAIN_ATTACK,472,472,483,0.900047004,1.0000453,0.810084581,0.00741838198,10,49,True,False,False,False,False,False,0.728195356,False
C10_MULTI_DOMAIN_ATTACK,473,473,484,0.899214983,1.0000453,0.808587611,0.00730986986,10,49,True,False,False,False,False,False,0.727522198,False
C10_MULTI_DOMAIN_ATTACK,474,474,485,0.898462653,1.0000453,0.807235122,0.00720214704,10,49,True,False,False,False,False,False,0.726913515,False
C10_MULTI_DOMAIN_ATTACK,475,475,486,0.897787452,1.0000453,0.806022346,0.00709278788,10,49,True,False,False,False,False,False,0.726367234,False
C10_MULTI_DOMAIN_ATTACK,476,476,487,0.897186756,1.0000453,0.804944038,0.00698343897,10,49,True,False,False,False,False,False,0.725881233,False
C10_MULTI_DOMAIN_ATTACK,477,477,488,0.896657884,1.0000453,0.803995311,0.00687075872,10,49,True,False,False,False,False,False,0.725453342,False
C10_MULTI_DOMAIN_ATTACK,478,478,489,0.896198511,1.0000453,0.803171754,0.00675727567,10,49,True,False,False,False,False,False,0.72508168,False
C10_MULTI_DOMAIN_ATTACK,479,479,490,0.895805836,1.0000453,0.802468061,0.00664373254,10,49,True,False,False,False,False,False,0.72476398,False
C10_MULTI_DOMAIN_ATTACK,480,480,491,0.895477295,1.0000453,0.801879585,0.00653104158,10,49,True,False,False,False,False,False,0.72449817,False
C10_MULTI_DOMAIN_ATTACK,481,481,492,0.895210087,1.0000453,0.801401079,0.00641495781,10,49,True,False,False,False,False,False,0.724281982,False
C10_MULTI_DOMAIN_ATTACK,482,482,493,0.895001769,1.0000453,0.801028132,0.0062998482,10,49,True,False,False,False,False,False,0.724113439,False
C10_MULTI_DOMAIN_ATTACK,483,483,494,0.894849539,1.0000453,0.800755739,0.00618447363,10,49,True,False,False,False,False,False,0.723990275,False
C10_MULTI_DOMAIN_ATTACK,484,484,495,0.894750953,1.0000453,0.80057925,0.00606859103,10,49,True,False,False,False,False,False,0.723910513,False
C10_MULTI_DOMAIN_ATTACK,485,485,496,0.894703269,1.0000453,0.800493956,0.00595166907,10,49,True,False,False,False,False,False,0.723871934,False
C10_MULTI_DOMAIN_ATTACK,486,486,497,0.894703984,1.0000453,0.800495207,0.00583478902,10,49,True,False,False,False,False,False,0.723872512,False
C10_MULTI_DOMAIN_ATTACK,487,487,498,0.894750595,1.0000453,0.800578654,0.00571776694,10,49,True,False,False,False,False,False,0.723910224,False
C10_MULTI_DOMAIN_ATTACK,488,488,499,0.894840717,1.0000453,0.800739884,0.00560246129,10,49,True,False,False,False,False,False,0.723983138,False
C10_MULTI_DOMAIN_ATTACK,489,489,500,0.89497155,1.0000453,0.800974071,0.00548575213,10,49,True,False,False,False,False,False,0.72408899,False
C10_MULTI_DOMAIN_ATTACK,490,490,501,0.895141006,1.0000453,0.801277459,0.00537037803,10,49,True,False,False,False,False,False,0.72422609,False
C10_MULTI_DOMAIN_ATTACK,491,491,502,0.895346642,1.0000453,0.801645577,0.00525414152,10,49,True,False,False,False,False,False,0.724392463,False
C10_MULTI_DOMAIN_ATTACK,492,492,503,0.895586193,1.0000453,0.802074611,0.00513964333,10,49,True,False,False,False,False,False,0.724586275,False
C10_MULTI_DOMAIN_ATTACK,493,493,504,0.895857453,1.0000453,0.802560627,0.00502598193,10,49,True,False,False,False,False,False,0.724805742,False
C10_MULTI_DOMAIN_ATTACK,494,494,505,0.896158278,1.0000453,0.803099632,0.00491128443,10,49,True,False,False,False,False,False,0.725049129,False
C10_MULTI_DOMAIN_ATTACK,495,495,506,0.896486402,1.0000453,0.803687871,0.00479931198,10,49,True,False,False,False,False,False,0.725314602,False
C10_MULTI_DOMAIN_ATTACK,496,496,507,0.896840096,1.0000453,0.804322124,0.00468875188,10,49,True,False,False,False,False,False,0.725600762,False
C10_MULTI_DOMAIN_ATTACK,497,497,508,0.897217155,1.0000453,0.804998577,0.00457838969,10,49,True,False,False,False,False,False,0.725905827,False
C10_MULTI_DOMAIN_ATTACK,498,498,509,0.89761585,1.0000453,0.80571425,0.00446874183,10,49,True,False,False,False,False,False,0.726228397,False
C10_MULTI_DOMAIN_ATTACK,499,499,510,0.898034275,1.0000453,0.806465566,0.00435982179,10,49,True,False,False,False,False,False,0.726566929,False
C10_MULTI_DOMAIN_ATTACK,500,500,511,0.898470879,1.0000453,0.807249904,0.00425523845,10,49,True,False,False,False,False,False,0.72692017,False
C10_MULTI_DOMAIN_ATTACK,501,501,512,0.898923695,1.0000453,0.808063805,0.00414814893,10,49,True,False,False,False,False,False,0.727286527,False
C10_MULTI_DOMAIN_ATTACK,502,502,513,0.899391413,1.0000453,0.808904946,0.00404498214,10,49,True,False,False,False,False,False,0.727664941,False
C10_MULTI_DOMAIN_ATTACK,503,503,514,0.899872422,1.0000453,0.809770405,0.00394198112,10,49,True,False,False,False,False,False,0.728054108,False
C10_MULTI_DOMAIN_ATTACK,504,504,515,0.900365531,1.0000453,0.810658097,0.00384204509,10,49,True,False,False,False,False,False,0.728453065,False
C10_MULTI_DOMAIN_ATTACK,505,505,516,0.900869191,1.0000453,0.81156534,0.00374380569,10,49,True,False,False,False,False,False,0.728860557,False
C10_MULTI_DOMAIN_ATTACK,506,506,517,0.901382387,1.0000453,0.812490165,0.00364730833,10,49,True,False,False,False,False,False,0.729275765,False
C10_MULTI_DOMAIN_ATTACK,507,507,518,0.90190357,1.0000453,0.813430071,0.00355066941,10,49,True,False,False,False,False,False,0.729697436,False
C10_MULTI_DOMAIN_ATTACK,508,508,519,0.902431846,1.0000453,0.814383268,0.00345822633,10,49,True,False,False,False,False,False,0.730124844,False
C10_MULTI_DOMAIN_ATTACK,509,509,520,0.902966142,1.0000453,0.81534785,0.00336671644,10,49,True,False,False,False,False,False,0.730557124,False
C10_MULTI_DOMAIN_ATTACK,510,510,521,0.903505743,1.0000453,0.816322625,0.00327905035,10,49,True,False,False,False,False,False,0.730993695,False
C10_MULTI_DOMAIN_ATTACK,511,511,522,0.904049575,1.0000453,0.817305684,0.00319147483,10,49,True,False,False,False,False,False,0.731433691,False
C10_MULTI_DOMAIN_ATTACK,512,512,523,0.904596925,1.0000453,0.818295598,0.00310906139,10,49,True,False,False,False,False,False,0.731876531,False
C10_MULTI_DOMAIN_ATTACK,513,513,524,0.905147254,1.0000453,0.819291532,0.00302639068,10,49,True,False,False,False,False,False,0.732321783,False
C10_MULTI_DOMAIN_ATTACK,514,514,525,0.905699611,1.0000453,0.820291817,0.00294804992,10,49,True,False,False,False,False,False,0.732768675,False
C10_MULTI_DOMAIN_ATTACK,515,515,526,0.906253695,1.0000453,0.821295738,0.00286956015,10,49,True,False,False,False,False,False,0.733216964,False
C10_MULTI_DOMAIN_ATTACK,516,516,527,0.906808674,1.0000453,0.822301924,0.00279430067,10,49,True,False,False,False,False,False,0.733665978,False
C10_MULTI_DOMAIN_ATTACK,517,517,528,0.90736407,1.0000453,0.823309541,0.00272163469,10,49,True,False,False,False,False,False,0.734115328,False
C10_MULTI_DOMAIN_ATTACK,518,518,529,0.907919586,1.0000453,0.824317992,0.00265235477,10,49,True,False,False,False,False,False,0.734564776,False
C10_MULTI_DOMAIN_ATTACK,519,519,530,0.90847528,1.0000453,0.825327337,0.00258534914,10,49,True,False,False,False,False,False,0.735014368,False
C10_MULTI_DOMAIN_ATTACK,520,520,531,0.909030557,1.0000453,0.826336503,0.00252187531,10,49,True,False,False,False,False,False,0.735463622,False
C10_MULTI_DOMAIN_ATTACK,521,521,532,0.909585357,1.0000453,0.82734549,0.00245890394,10,49,True,False,False,False,False,False,0.735912491,False
C10_MULTI_DOMAIN_ATTACK,522,522,533,0.910139441,1.0000453,0.828353822,0.00240103924,10,49,True,False,False,False,False,False,0.73636078,False
C10_MULTI_DOMAIN_ATTACK,523,523,534,0.91069299,1.0000453,0.829361677,0.00234478689,10,49,True,False,False,False,False,False,0.736808636,False
C10_MULTI_DOMAIN_ATTACK,524,524,535,0.911245644,1.0000453,0.830368638,0.00229188567,10,49,True,False,False,False,False,False,0.737255769,False
C10_MULTI_DOMAIN_ATTACK,525,525,536,0.911797583,1.0000453,0.831374824,0.00224071415,10,49,True,False,False,False,False,False,0.737702323,False
C10_MULTI_DOMAIN_ATTACK,526,526,537,0.912348866,1.0000453,0.832380474,0.00219450425,10,49,True,False,False,False,False,False,0.738148346,False
C10_MULTI_DOMAIN_ATTACK,527,527,538,0.912899554,1.0000453,0.833385646,0.00214921706,10,49,True,False,False,False,False,False,0.738593887,False
C10_MULTI_DOMAIN_ATTACK,528,528,539,0.913449943,1.0000453,0.834390819,0.00210807566,10,49,True,False,False,False,False,False,0.739039187,False
C10_MULTI_DOMAIN_ATTACK,529,529,540,0.914000332,1.0000453,0.835396647,0.00207023253,10,49,True,False,False,False,False,False,0.739484487,False
C10_MULTI_DOMAIN_ATTACK,530,530,541,0.914550662,1.0000453,0.836402953,0.00203328859,10,49,True,False,False,False,False,False,0.739929739,False
C10_MULTI_DOMAIN_ATTACK,531,531,542,0.915101528,1.0000453,0.837410808,0.00200126623,10,49,True,False,False,False,False,False,0.740375425,False
C10_MULTI_DOMAIN_ATTACK,532,532,543,0.915652931,1.0000453,0.838420272,0.0019710043,10,49,True,False,False,False,False,False,0.740821544,False
C10_MULTI_DOMAIN_ATTACK,533,533,544,0.916205227,1.0000453,0.839432061,0.00194238906,10,49,True,False,False,False,False,False,0.741268388,False
C10_MULTI_DOMAIN_ATTACK,534,534,545,0.916759133,1.0000453,0.840447307,0.00191872485,10,49,True,False,False,False,False,False,0.741716533,False
C10_MULTI_DOMAIN_ATTACK,535,535,546,0.917314649,1.0000453,0.841466188,0.00189679873,10,49,True,False,False,False,False,False,0.74216598,False
C10_MULTI_DOMAIN_ATTACK,536,536,547,0.91787231,1.0000453,0.8424896,0.00187831291,10,49,True,False,False,False,False,False,0.742617163,False
C10_MULTI_DOMAIN_ATTACK,537,537,548,0.918432951,1.0000453,0.843519032,0.00186223886,10,49,True,False,False,False,False,False,0.743070758,False
C10_MULTI_DOMAIN_ATTACK,538,538,549,0.918996513,1.0000453,0.844554603,0.00184963492,10,49,True,False,False,False,False,False,0.743526715,False
C10_MULTI_DOMAIN_ATTACK,539,539,550,0.919564188,1.0000453,0.84559828,0.00184033706,10,49,True,False,False,False,False,False,0.743986,False
C10_MULTI_DOMAIN_ATTACK,540,540,551,0.920136213,1.0000453,0.84665066,0.001832732,10,49,True,False,False,False,False,False,0.744448806,False
C10_MULTI_DOMAIN_ATTACK,541,541,552,0.920713246,1.0000453,0.847712874,0.00183020229,10,49,True,False,False,False,False,False,0.744915662,False
C10_MULTI_DOMAIN_ATTACK,542,542,553,0.921295702,1.0000453,0.848785818,0.00182683242,10,49,True,False,False,False,False,False,0.745386906,False
C10_MULTI_DOMAIN_ATTACK,543,543,554,0.921884298,1.0000453,0.849870622,0.00182851823,10,49,True,False,False,False,False,False,0.745863118,False
C10_MULTI_DOMAIN_ATTACK,544,544,555,0.922479749,1.0000453,0.850968897,0.00183356612,10,49,True,False,False,False,False,False,0.746344875,False
C10_MULTI_DOMAIN_ATTACK,545,545,556,0.923083007,1.0000453,0.852082253,0.00184034125,10,49,True,False,False,False,False,False,0.74683295,False
C10_MULTI_DOMAIN_ATTACK,546,546,557,0.923694074,1.0000453,0.853210747,0.0018487341,10,49,True,False,False,False,False,False,0.747327342,False
C10_MULTI_DOMAIN_ATTACK,547,547,558,0.924313843,1.0000453,0.85435605,0.00186047761,10,49,True,False,False,False,False,False,0.747828774,False
C10_MULTI_DOMAIN_ATTACK,548,548,559,0.924943328,1.0000453,0.855520189,0.00187481078,10,49,True,False,False,False,False,False,0.748338068,False
C10_MULTI_DOMAIN_ATTACK,549,549,560,0.925583124,1.0000453,0.856704116,0.00189245085,10,49,True,False,False,False,False,False,0.748855703,False
C10_MULTI_DOMAIN_ATTACK,550,550,561,0.926233768,1.0000453,0.857908964,0.00191009487,10,49,True,False,False,False,False,False,0.749382116,False
C10_MULTI_DOMAIN_ATTACK,551,551,562,0.926895797,1.0000453,0.859135866,0.0019310863,10,49,True,False,False,False,False,False,0.74991774,False
C10_MULTI_DOMAIN_ATTACK,552,552,563,0.927570522,1.0000453,0.860387087,0.00195470965,10,49,True,False,False,False,False,False,0.750463635,False
C10_MULTI_DOMAIN_ATTACK,553,553,564,0.928258002,1.0000453,0.861662865,0.00198059482,10,49,True,False,False,False,False,False,0.75101985,False
C10_MULTI_DOMAIN_ATTACK,554,554,565,0.928959489,1.0000453,0.862965763,0.00200828235,10,49,True,False,False,False,False,False,0.751587398,False
C10_MULTI_DOMAIN_ATTACK,555,555,566,0.929675817,1.0000453,0.864297152,0.00203852751,10,49,True,False,False,False,False,False,0.752166953,False
C10_MULTI_DOMAIN_ATTACK,556,556,567,0.930407286,1.0000453,0.865657747,0.00206872681,10,49,True,False,False,False,False,False,0.752758757,False
C10_MULTI_DOMAIN_ATTACK,557,557,568,0.931154847,1.0000453,0.867049336,0.00210386608,10,49,True,False,False,False,False,False,0.753363582,False
C10_MULTI_DOMAIN_ATTACK,558,558,569,0.931919336,1.0000453,0.868473649,0.00213887542,10,49,True,False,False,False,False,False,0.753982103,False
C10_MULTI_DOMAIN_ATTACK,559,559,570,0.932701766,1.0000453,0.869932592,0.00217662379,10,49,True,False,False,False,False,False,0.754615139,False
C10_MULTI_DOMAIN_ATTACK,560,560,571,0.933502316,1.0000453,0.871426582,0.00221419195,10,49,True,False,False,False,False,False,0.755262834,False
C10_MULTI_DOMAIN_ATTACK,561,561,572,0.93432188,1.0000453,0.872957408,0.00225504721,10,49,True,False,False,False,False,False,0.755925914,False
C10_MULTI_DOMAIN_ATTACK,562,562,573,0.935161769,1.0000453,0.874527574,0.00229764124,10,49,True,False,False,False,False,False,0.756605438,False
C10_MULTI_DOMAIN_ATTACK,563,563,574,0.936022341,1.0000453,0.876137853,0.00234028744,10,49,True,False,False,False,False,False,0.757301695,False
C10_MULTI_DOMAIN_ATTACK,564,564,575,0.936903894,1.0000453,0.877788961,0.0023843043,10,49,True,False,False,False,False,False,0.758014927,False
C10_MULTI_DOMAIN_ATTACK,565,565,576,0.93780762,1.0000453,0.879483104,0.00242925948,10,49,True,False,False,False,False,False,0.758746099,False
C10_MULTI_DOMAIN_ATTACK,566,566,577,0.938734233,1.0000453,0.88122195,0.00247604772,10,49,True,False,False,False,False,False,0.759495788,False
C10_MULTI_DOMAIN_ATTACK,567,567,578,0.939684033,1.0000453,0.883006096,0.00252338126,10,49,True,False,False,False,False,False,0.760264237,False
C10_MULTI_DOMAIN_ATTACK,568,568,579,0.940658331,1.0000453,0.884838045,0.0025717637,10,49,True,False,False,False,False,False,0.761052506,False
C10_MULTI_DOMAIN_ATTACK,569,569,580,0.941657245,1.0000453,0.886718392,0.00262157014,10,49,True,False,False,False,False,False,0.761860691,False
C10_MULTI_DOMAIN_ATTACK,570,570,581,0.942681909,1.0000453,0.888649166,0.00267073093,10,49,True,False,False,False,False,False,0.762689709,False
C10_MULTI_DOMAIN_ATTACK,571,571,582,0.94373256,1.0000453,0.890631139,0.00272221304,10,49,True,False,False,False,False,False,0.763539753,False
C10_MULTI_DOMAIN_ATTACK,572,572,583,0.944810331,1.0000453,0.892666578,0.00277375779,10,49,True,False,False,False,False,False,0.764411738,False
C10_MULTI_DOMAIN_ATTACK,573,573,584,0.945915461,1.0000453,0.894756019,0.00282445503,10,49,True,False,False,False,False,False,0.765305859,False
C10_MULTI_DOMAIN_ATTACK,574,574,585,0.947048306,1.0000453,0.896900475,0.00287596812,10,49,True,False,False,False,False,False,0.766222403,False
C10_MULTI_DOMAIN_ATTACK,575,575,586,0.948209703,1.0000453,0.899101675,0.00292902184,10,49,True,False,False,False,False,False,0.767162047,False
C10_MULTI_DOMAIN_ATTACK,576,576,587,0.949400246,1.0000453,0.901360869,0.0029812071,10,49,True,False,False,False,False,False,0.768125272,False
C10_MULTI_DOMAIN_ATTACK,577,577,588,0.95062083,1.0000453,0.903679967,0.00303359842,10,49,True,False,False,False,False,False,0.769112802,False
C10_MULTI_DOMAIN_ATTACK,578,578,589,0.951871037,1.0000453,0.906058431,0.00308572012,10,49,True,False,False,False,False,False,0.7701243,False
C10_MULTI_DOMAIN_ATTACK,579,579,590,0.953151882,1.0000453,0.908498466,0.00313714449,10,49,True,False,False,False,False,False,0.771160584,False
C10_MULTI_DOMAIN_ATTACK,580,580,591,0.954463542,1.0000453,0.911000609,0.00318937399,10,49,True,False,False,False,False,False,0.772221801,False
C10_MULTI_DOMAIN_ATTACK,581,581,592,0.955806255,1.0000453,0.913565636,0.00323985773,10,49,True,False,False,False,False,False,0.773308142,False
C10_MULTI_DOMAIN_ATTACK,582,582,593,0.957180619,1.0000453,0.916194737,0.00329041155,10,49,True,False,False,False,False,False,0.77442009,False
C10_MULTI_DOMAIN_ATTACK,583,583,594,0.958586633,1.0000453,0.91888839,0.00334014045,10,49,True,False,False,False,False,False,0.775557644,False
C10_MULTI_DOMAIN_ATTACK,584,584,595,0.960024714,1.0000453,0.921647429,0.00338981138,10,49,True,False,False,False,False,False,0.776721144,False
C10_MULTI_DOMAIN_ATTACK,585,585,596,0.961494863,1.0000453,0.924472392,0.00343778543,10,49,True,False,False,False,False,False,0.777910588,False
C10_MULTI_DOMAIN_ATTACK,586,586,597,0.962997615,1.0000453,0.927364409,0.00348585681,10,49,True,False,False,False,False,False,0.77912641,False
C10_MULTI_DOMAIN_ATTACK,587,587,598,0.964532852,1.0000453,0.930323601,0.00353301363,10,49,True,False,False,False,False,False,0.780368514,False
C10_MULTI_DOMAIN_ATTACK,588,588,599,0.966100752,1.0000453,0.933350682,0.00357774552,10,49,True,False,False,False,False,False,0.781637045,False
