timestamp_s,step,vehicle_id,scenario,VehicleSpeed,WheelSpeedFL,WheelSpeedFR,SteeringAngle,Accelerator,BrakePressure,BrakeStatus,RegenCommand,VCUState,MotorRPM,HVVoltage,HVCurrent,BatteryTemperature,CellVoltageDeviation,CellTemperatureDeviation,BMSState,PrechargeState,InverterTemperature,ChargingState,CrashEventStatus,ImpactSeverity,RolloverStatus,LongitudinalAcceleration,LateralAcceleration,YawRate,VCUHeartbeat,BMSHeartbeat,InverterHeartbeat,GatewayHeartbeat,DiagnosticState,wheel_speed_mean,speed_wheel_speed_error,estimated_hv_power_kw,battery_temperature_abs,cell_voltage_deviation_abs,cell_temperature_deviation_abs,steering_yaw_joint_magnitude,can_frame_interval_s,laboratory_generated,physical_vehicle,direct_actuation,TorqueCommand,RegenAvailable,SOC,SOH,IsolationStatus,ContactorState,TorqueFeedback,MotorTemperature,InverterState,SequenceCounter,ConnectorState,ChargeCurrent,IntegrityStatus,GatewayIntegrity,AuxBatteryVoltage,AuxBatteryStatus,DriverSeatbelt,PassengerSeatbelt,DriverPretensioner,PassengerPretensioner,RestraintDiagnostic,RestraintIntegrity,RestraintSequence,DriverAirbag,PassengerAirbag,SideAirbag,CurtainAirbag,DriverOccupant,PassengerOccupant,DriverPosition,PassengerPosition,RCMHeartbeat,OccupantSensorHeartbeat,RestraintGatewayHeartbeat,RestraintSequenceCounter
0.0,0,EV-LAB-001,NORMAL_BASELINE,60.0,60.24,59.79,0.0,32.0,0.0,0.0,4.800000000000001,2.0,3300.0,398.8,79.7,30.0,0.012,2.0,2.0,2.0,65.0,0.0,0.0,0.0,0.0,2.0,0.0,0.0,1.0,1.0,1.0,1.0,0.0,60.015,0.015000000000000568,31.78436,30.0,0.012,2.0,0.0,0.05,True,False,False,114.30000000000001,1.0,80.0,98.0,1.0,1.0,112.0,77.0,2.0,0.0,0.0,0.0,1.0,1.0,12.6,1.0,1.0,1.0,0.0,0.0,0.0,1.0,0.0,0.0,0.0,0.0,0.0,1.0,1.0,50.0,50.0,1.0,1.0,1.0,0.0
0.05,1,EV-LAB-001,NORMAL_BASELINE,60.160000000000004,60.35,59.88,0.1,32.0,0.0,0.0,4.800000000000001,2.0,3309.0,398.8,78.7,30.0,0.013000000000000001,2.1,2.0,2.0,65.0,0.0,0.0,0.0,0.0,0.32,0.0,0.1,1.0,1.0,1.0,1.0,0.0,60.115,0.045000000000001705,31.38556,30.0,0.013000000000000001,2.1,0.2,0.05,True,False,False,114.60000000000001,1.0,80.0,98.0,1.0,1.0,114.4,76.0,2.0,1.0,0.0,0.0,1.0,1.0,12.61,1.0,1.0,1.0,0.0,0.0,0.0,1.0,1.0,0.0,0.0,0.0,0.0,1.0,1.0,50.0,50.0,1.0,1.0,1.0,1.0
0.1,2,EV-LAB-001,NORMAL_BASELINE,60.32,60.63,60.03,0.2,30.0,0.0,0.0,4.800000000000001,2.0,3317.0,398.3,79.4,30.0,0.01,2.1,2.0,2.0,65.0,0.0,0.0,0.0,0.0,0.32,0.0,0.1,1.0,1.0,1.0,1.0,0.0,60.33,0.00999999999999801,31.625020000000003,30.0,0.01,2.1,0.30000000000000004,0.05,True,False,False,112.10000000000001,1.0,80.0,98.0,1.0,1.0,111.2,76.0,2.0,2.0,0.0,0.0,1.0,1.0,12.59,1.0,1.0,1.0,0.0,0.0,0.0,1.0,2.0,0.0,0.0,0.0,0.0,1.0,1.0,50.0,50.0,1.0,1.0,1.0,2.0
0.15,3,EV-LAB-001,NORMAL_BASELINE,60.480000000000004,60.74,60.34,0.30000000000000004,32.800000000000004,0.0,0.0,4.800000000000001,2.0,3326.0,398.40000000000003,80.10000000000001,30.0,0.013000000000000001,2.0,2.0,2.0,65.0,0.0,0.0,0.0,0.0,0.32,0.0,0.30000000000000004,1.0,1.0,1.0,1.0,0.0,60.540000000000006,0.060000000000002274,31.91184000000001,30.0,0.013000000000000001,2.0,0.6000000000000001,0.05,True,False,False,115.4,1.0,80.0,98.0,1.0,1.0,116.10000000000001,78.0,2.0,3.0,0.0,0.0,1.0,1.0,12.56,1.0,1.0,1.0,0.0,0.0,0.0,1.0,3.0,0.0,0.0,0.0,0.0,1.0,1.0,50.0,50.0,1.0,1.0,1.0,3.0
0.2,4,EV-LAB-001,NORMAL_BASELINE,60.63,60.95,60.550000000000004,0.4,33.6,0.0,0.0,4.800000000000001,2.0,3335.0,398.0,80.80000000000001,31.0,0.009000000000000001,2.0,2.0,2.0,65.0,0.0,0.0,0.0,0.0,0.32,0.0,0.4,1.0,1.0,1.0,1.0,0.0,60.75,0.11999999999999744,32.15840000000001,31.0,0.009000000000000001,2.0,0.8,0.05,True,False,False,116.2,1.0,80.0,98.0,1.0,1.0,116.10000000000001,77.0,2.0,4.0,0.0,0.0,1.0,1.0,12.63,1.0,1.0,1.0,0.0,0.0,0.0,1.0,4.0,0.0,0.0,0.0,0.0,1.0,1.0,50.0,50.0,1.0,1.0,1.0,4.0
0.25,5,EV-LAB-001,NORMAL_BASELINE,60.79,61.09,60.78,0.5,32.0,0.0,0.0,4.800000000000001,2.0,3344.0,399.0,79.60000000000001,30.0,0.013000000000000001,1.9000000000000001,2.0,2.0,64.0,0.0,0.0,0.0,0.0,0.32,0.0,0.4,1.0,1.0,1.0,1.0,0.0,60.935,0.14500000000000313,31.760400000000004,30.0,0.013000000000000001,1.9000000000000001,0.9,0.05,True,False,False,114.5,1.0,80.0,98.0,1.0,1.0,113.2,77.0,2.0,5.0,0.0,0.0,1.0,1.0,12.56,1.0,1.0,1.0,0.0,0.0,0.0,1.0,5.0,0.0,0.0,0.0,0.0,1.0,1.0,50.0,50.0,1.0,1.0,1.0,5.0
0.3,6,EV-LAB-001,NORMAL_BASELINE,60.95,61.160000000000004,60.78,0.6000000000000001,32.800000000000004,0.0,0.0,4.800000000000001,2.0,3352.0,399.0,81.7,31.0,0.01,2.1,2.0,2.0,66.0,0.0,0.0,0.0,0.0,0.32,0.0,0.5,1.0,1.0,1.0,1.0,0.0,60.97,0.01999999999999602,32.5983,31.0,0.01,2.1,1.1,0.05,True,False,False,115.4,1.0,80.0,98.0,1.0,1.0,115.60000000000001,77.0,2.0,6.0,0.0,0.0,1.0,1.0,12.6,1.0,1.0,1.0,0.0,0.0,0.0,1.0,6.0,0.0,0.0,0.0,0.0,1.0,1.0,50.0,50.0,1.0,1.0,1.0,6.0
0.35,7,EV-LAB-001,NORMAL_BASELINE,61.11,61.51,60.88,0.7000000000000001,32.4,0.0,0.0,4.800000000000001,2.0,3361.0,398.6,81.7,31.0,0.013000000000000001,1.6,2.0,2.0,65.0,0.0,0.0,0.0,0.0,0.32,0.01,0.6000000000000001,1.0,1.0,1.0,1.0,0.0,61.195,0.08500000000000085,32.56562,31.0,0.013000000000000001,1.6,1.3000000000000003,0.05,True,False,False,114.7,1.0,80.0,98.0,1.0,1.0,113.10000000000001,77.0,2.0,7.0,0.0,0.0,1.0,1.0,12.58,1.0,1.0,1.0,0.0,0.0,0.0,1.0,7.0,0.0,0.0,0.0,0.0,1.0,1.0,50.0,50.0,1.0,1.0,1.0,7.0
0.4,8,EV-LAB-001,NORMAL_BASELINE,61.26,61.46,61.06,0.8,32.4,0.0,0.0,4.800000000000001,2.0,3370.0,398.40000000000003,80.10000000000001,30.0,0.01,2.0,2.0,2.0,66.0,0.0,0.0,0.0,0.0,0.32,0.01,0.6000000000000001,1.0,1.0,1.0,1.0,0.0,61.260000000000005,7.105427357601002e-15,31.91184000000001,30.0,0.01,2.0,1.4000000000000001,0.05,True,False,False,114.9,1.0,80.0,98.0,1.0,1.0,117.0,76.0,2.0,8.0,0.0,0.0,1.0,1.0,12.6,1.0,1.0,1.0,0.0,0.0,0.0,1.0,8.0,0.0,0.0,0.0,0.0,1.0,1.0,50.0,50.0,1.0,1.0,1.0,8.0
0.45,9,EV-LAB-001,NORMAL_BASELINE,61.42,61.85,61.24,0.9,32.800000000000004,0.0,0.0,4.800000000000001,2.0,3378.0,399.3,79.10000000000001,31.0,0.013000000000000001,2.2,2.0,2.0,65.0,0.0,0.0,0.0,0.0,0.32,0.01,0.7000000000000001,1.0,1.0,1.0,1.0,0.0,61.545,0.125,31.584630000000004,31.0,0.013000000000000001,2.2,1.6,0.05,True,False,False,115.4,1.0,80.0,98.0,1.0,1.0,115.80000000000001,77.0,2.0,9.0,0.0,0.0,1.0,1.0,12.58,1.0,1.0,1.0,0.0,0.0,0.0,1.0,9.0,0.0,0.0,0.0,0.0,1.0,1.0,50.0,50.0,1.0,1.0,1.0,9.0
0.5,10,EV-LAB-001,NORMAL_BASELINE,61.58,61.730000000000004,61.39,1.0,32.4,0.0,0.0,4.800000000000001,2.0,3387.0,398.0,80.10000000000001,31.0,0.014,2.2,2.0,2.0,65.0,0.0,0.0,0.0,0.0,0.32,0.0,0.9,1.0,1.0,1.0,1.0,0.0,61.56,0.01999999999999602,31.879800000000003,31.0,0.014,2.2,1.9,0.05,True,False,False,115.0,1.0,80.0,98.0,1.0,1.0,115.5,77.0,2.0,10.0,0.0,0.0,1.0,1.0,12.620000000000001,1.0,1.0,1.0,0.0,0.0,0.0,1.0,10.0,0.0,0.0,0.0,0.0,1.0,1.0,50.0,50.0,1.0,1.0,1.0,10.0
0.55,11,EV-LAB-001,NORMAL_BASELINE,61.730000000000004,62.02,61.57,1.1,33.2,0.0,0.0,4.800000000000001,2.0,3395.0,399.1,81.7,31.0,0.016,2.0,2.0,2.0,65.0,0.0,0.0,0.0,0.0,0.32,0.0,0.9,1.0,1.0,1.0,1.0,0.0,61.795,0.06499999999999773,32.60647,31.0,0.016,2.0,2.0,0.05,True,False,False,115.80000000000001,1.0,80.0,98.0,1.0,1.0,116.80000000000001,77.0,2.0,11.0,0.0,0.0,1.0,1.0,12.66,1.0,1.0,1.0,0.0,0.0,0.0,1.0,11.0,0.0,0.0,0.0,0.0,1.0,1.0,50.0,50.0,1.0,1.0,1.0,11.0
0.6,12,EV-LAB-001,NORMAL_BASELINE,61.89,62.15,61.730000000000004,1.2000000000000002,32.0,0.0,0.0,4.800000000000001,2.0,3404.0,398.70000000000005,79.30000000000001,31.0,0.013000000000000001,1.9000000000000001,2.0,2.0,65.0,0.0,0.0,0.0,0.0,0.32,0.01,0.9,1.0,1.0,1.0,1.0,0.0,61.94,0.04999999999999716,31.616910000000008,31.0,0.013000000000000001,1.9000000000000001,2.1,0.05,True,False,False,114.2,1.0,80.0,98.0,1.0,1.0,114.60000000000001,77.0,2.0,12.0,0.0,0.0,1.0,1.0,12.540000000000001,1.0,1.0,1.0,0.0,0.0,0.0,1.0,12.0,0.0,0.0,0.0,0.0,1.0,1.0,50.0,50.0,1.0,1.0,1.0,12.0
0.65,13,EV-LAB-001,NORMAL_BASELINE,62.04,62.33,61.84,1.3,33.6,0.0,0.0,4.800000000000001,2.0,3412.0,398.8,82.5,30.0,0.013000000000000001,2.0,2.0,2.0,65.0,0.0,0.0,0.0,0.0,0.31,0.0,1.1,1.0,1.0,1.0,1.0,0.0,62.085,0.045000000000001705,32.901,30.0,0.013000000000000001,2.0,2.4000000000000004,0.05,True,False,False,116.4,1.0,80.0,98.0,1.0,1.0,115.60000000000001,78.0,2.0,13.0,0.0,0.0,1.0,1.0,12.63,1.0,1.0,1.0,0.0,0.0,0.0,1.0,13.0,0.0,0.0,0.0,0.0,1.0,1.0,50.0,50.0,1.0,1.0,1.0,13.0
0.7,14,EV-LAB-001,NORMAL_BASELINE,62.190000000000005,62.42,61.99,1.4000000000000001,35.2,0.0,0.0,4.800000000000001,2.0,3421.0,398.70000000000005,82.30000000000001,30.0,0.012,2.0,2.0,2.0,64.0,0.0,0.0,0.0,0.0,0.31,0.01,1.1,1.0,1.0,1.0,1.0,0.0,62.205,0.014999999999993463,32.81301000000001,30.0,0.012,2.0,2.5,0.05,True,False,False,118.2,1.0,80.0,98.0,1.0,1.0,117.60000000000001,77.0,2.0,14.0,0.0,0.0,1.0,1.0,12.68,1.0,1.0,1.0,0.0,0.0,0.0,1.0,14.0,0.0,0.0,0.0,0.0,1.0,1.0,50.0,50.0,1.0,1.0,1.0,14.0
0.75,15,EV-LAB-001,NORMAL_BASELINE,62.35,62.58,62.28,1.5,36.0,0.0,0.0,4.800000000000001,2.0,3429.0,398.0,82.9,31.0,0.013000000000000001,2.2,2.0,2.0,65.0,0.0,0.0,0.0,0.0,0.31,0.0,1.2000000000000002,1.0,1.0,1.0,1.0,0.0,62.43,0.0799999999999983,32.994200000000006,31.0,0.013000000000000001,2.2,2.7,0.05,True,False,False,119.2,1.0,80.0,98.0,1.0,1.0,117.9,77.0,2.0,15.0,0.0,0.0,1.0,1.0,12.58,1.0,1.0,1.0,0.0,0.0,0.0,1.0,15.0,0.0,0.0,0.0,0.0,1.0,1.0,50.0,50.0,1.0,1.0,1.0,15.0
0.8,16,EV-LAB-001,NORMAL_BASELINE,62.5,62.85,62.33,1.6,34.800000000000004,0.0,0.0,4.800000000000001,2.0,3437.0,398.8,82.7,30.0,0.01,2.0,2.0,2.0,66.0,0.0,0.0,0.0,0.0,0.31,0.0,1.3,1.0,1.0,1.0,1.0,0.0,62.59,0.09000000000000341,32.980760000000004,30.0,0.01,2.0,2.9000000000000004,0.05,True,False,False,117.60000000000001,1.0,80.0,98.0,1.0,1.0,120.80000000000001,78.0,2.0,16.0,0.0,0.0,1.0,1.0,12.58,1.0,1.0,1.0,0.0,0.0,0.0,1.0,16.0,0.0,0.0,0.0,0.0,1.0,1.0,50.0,50.0,1.0,1.0,1.0,16.0
0.85,17,EV-LAB-001,NORMAL_BASELINE,62.65,62.800000000000004,62.38,1.7000000000000002,32.0,0.0,0.0,4.800000000000001,2.0,3446.0,398.8,81.5,31.0,0.014,1.9000000000000001,2.0,2.0,65.0,0.0,0.0,0.0,0.0,0.31,0.0,1.4000000000000001,1.0,1.0,1.0,1.0,0.0,62.59,0.05999999999999517,32.5022,31.0,0.014,1.9000000000000001,3.1000000000000005,0.05,True,False,False,114.2,1.0,80.0,98.0,1.0,1.0,113.7,77.0,2.0,17.0,0.0,0.0,1.0,1.0,12.66,1.0,1.0,1.0,0.0,0.0,0.0,1.0,17.0,0.0,0.0,0.0,0.0,1.0,1.0,50.0,50.0,1.0,1.0,1.0,17.0
0.9,18,EV-LAB-001,NORMAL_BASELINE,62.79,63.120000000000005,62.63,1.8,34.4,0.0,0.0,4.800000000000001,2.0,3454.0,398.5,84.30000000000001,31.0,0.009000000000000001,1.9000000000000001,2.0,2.0,66.0,0.0,0.0,0.0,0.0,0.3,0.01,1.4000000000000001,1.0,1.0,1.0,1.0,0.0,62.875,0.08500000000000085,33.59355,31.0,0.009000000000000001,1.9000000000000001,3.2,0.05,True,False,False,117.10000000000001,1.0,80.0,98.0,1.0,1.0,117.60000000000001,78.0,2.0,18.0,0.0,0.0,1.0,1.0,12.55,1.0,1.0,1.0,0.0,0.0,0.0,1.0,18.0,0.0,0.0,0.0,0.0,1.0,1.0,50.0,50.0,1.0,1.0,1.0,18.0
0.95,19,EV-LAB-001,NORMAL_BASELINE,62.940000000000005,63.01,62.59,1.9000000000000001,34.0,0.0,0.0,4.800000000000001,2.0,3462.0,398.1,79.9,31.0,0.013000000000000001,2.1,2.0,2.0,66.0,0.0,0.0,0.0,0.0,0.3,0.01,1.5,1.0,1.0,1.0,1.0,0.0,62.8,0.14000000000000767,31.808190000000003,31.0,0.013000000000000001,2.1,3.4000000000000004,0.05,True,False,False,117.0,1.0,80.0,98.0,1.0,1.0,115.80000000000001,78.0,2.0,19.0,0.0,0.0,1.0,1.0,12.65,1.0,1.0,1.0,0.0,0.0,0.0,1.0,19.0,0.0,0.0,0.0,0.0,1.0,1.0,50.0,50.0,1.0,1.0,1.0,19.0
1.0,20,EV-LAB-001,NORMAL_BASELINE,63.09,63.33,62.84,2.0,32.4,0.0,0.0,4.800000000000001,2.0,3470.0,398.70000000000005,79.9,30.0,0.013000000000000001,2.3000000000000003,2.0,2.0,66.0,0.0,0.0,0.0,0.0,0.3,0.01,1.5,1.0,1.0,1.0,1.0,0.0,63.085,0.005000000000002558,31.856130000000004,30.0,0.013000000000000001,2.3000000000000003,3.5,0.05,True,False,False,114.7,1.0,80.0,98.0,1.0,1.0,114.9,78.0,2.0,20.0,0.0,0.0,1.0,1.0,12.58,1.0,1.0,1.0,0.0,0.0,0.0,1.0,20.0,0.0,0.0,0.0,0.0,1.0,1.0,50.0,50.0,1.0,1.0,1.0,20.0
1.05,21,EV-LAB-001,NORMAL_BASELINE,63.230000000000004,63.480000000000004,62.93,2.1,35.6,0.0,0.0,4.800000000000001,2.0,3478.0,399.0,82.4,31.0,0.01,2.0,2.0,2.0,65.0,0.0,0.0,0.0,0.0,0.3,0.01,1.6,1.0,1.0,1.0,1.0,0.0,63.205,0.025000000000005684,32.87760000000001,31.0,0.01,2.0,3.7,0.05,True,False,False,118.7,1.0,80.0,98.0,1.0,1.0,120.10000000000001,78.0,2.0,21.0,0.0,0.0,1.0,1.0,12.68,1.0,1.0,1.0,0.0,0.0,0.0,1.0,21.0,0.0,0.0,0.0,0.0,1.0,1.0,50.0,50.0,1.0,1.0,1.0,21.0
1.1,22,EV-LAB-001,NORMAL_BASELINE,63.38,63.67,63.03,2.1,34.0,0.0,0.0,4.800000000000001,2.0,3486.0,398.8,79.9,30.0,0.014,2.2,2.0,2.0,67.0,0.0,0.0,0.0,0.0,0.29,0.01,1.7000000000000002,1.0,1.0,1.0,1.0,0.0,63.35,0.030000000000001137,31.864120000000003,30.0,0.014,2.2,3.8000000000000003,0.05,True,False,False,117.0,1.0,80.0,98.0,1.0,1.0,117.7,79.0,2.0,22.0,0.0,0.0,1.0,1.0,12.52,1.0,1.0,1.0,0.0,0.0,0.0,1.0,22.0,0.0,0.0,0.0,0.0,1.0,1.0,50.0,50.0,1.0,1.0,1.0,22.0
1.15,23,EV-LAB-001,NORMAL_BASELINE,63.52,63.83,63.17,2.2,33.2,0.0,0.0,4.800000000000001,2.0,3494.0,398.90000000000003,79.30000000000001,31.0,0.011,2.0,2.0,2.0,67.0,0.0,0.0,0.0,0.0,0.29,0.01,1.8,1.0,1.0,1.0,1.0,0.0,63.5,0.020000000000003126,31.632770000000008,31.0,0.011,2.0,4.0,0.05,True,False,False,116.0,1.0,80.0,98.0,1.0,1.0,119.0,78.0,2.0,23.0,0.0,0.0,1.0,1.0,12.540000000000001,1.0,1.0,1.0,0.0,0.0,0.0,1.0,23.0,0.0,0.0,0.0,0.0,1.0,1.0,50.0,50.0,1.0,1.0,1.0,23.0
1.2,24,EV-LAB-001,NORMAL_BASELINE,63.660000000000004,63.940000000000005,63.61,2.3000000000000003,34.4,0.0,0.0,4.800000000000001,2.0,3501.0,398.8,82.30000000000001,30.0,0.016,2.1,2.0,2.0,66.0,0.0,0.0,0.0,0.0,0.29,0.01,1.9000000000000001,1.0,1.0,1.0,1.0,0.0,63.775000000000006,0.11500000000000199,32.82124,30.0,0.016,2.1,4.2,0.05,True,False,False,117.4,1.0,80.0,98.0,1.0,1.0,116.4,78.0,2.0,24.0,0.0,0.0,1.0,1.0,12.57,1.0,1.0,1.0,0.0,0.0,0.0,1.0,24.0,0.0,0.0,0.0,0.0,1.0,1.0,50.0,50.0,1.0,1.0,1.0,24.0
1.25,25,EV-LAB-001,NORMAL_BASELINE,63.800000000000004,64.15,63.59,2.4000000000000004,34.800000000000004,0.0,0.0,4.800000000000001,2.0,3509.0,398.90000000000003,82.4,31.0,0.013000000000000001,2.0,2.0,2.0,66.0,0.0,0.0,0.0,0.0,0.28,0.01,1.9000000000000001,1.0,1.0,1.0,1.0,0.0,63.870000000000005,0.07000000000000028,32.86936000000001,31.0,0.013000000000000001,2.0,4.300000000000001,0.05,True,False,False,117.9,1.0,80.0,98.0,1.0,1.0,117.80000000000001,78.0,2.0,25.0,0.0,0.0,1.0,1.0,12.57,1.0,1.0,1.0,0.0,0.0,0.0,1.0,25.0,0.0,0.0,0.0,0.0,1.0,1.0,50.0,50.0,1.0,1.0,1.0,25.0
1.3,26,EV-LAB-001,NORMAL_BASELINE,63.940000000000005,64.11,63.81,2.5,36.4,0.0,0.0,4.800000000000001,2.0,3517.0,397.90000000000003,83.4,31.0,0.009000000000000001,2.0,2.0,2.0,66.0,0.0,0.0,0.0,0.0,0.28,0.01,2.1,1.0,1.0,1.0,1.0,0.0,63.96,0.01999999999999602,33.18486000000001,31.0,0.009000000000000001,2.0,4.6,0.05,True,False,False,119.7,1.0,80.0,98.0,1.0,1.0,119.7,78.0,2.0,26.0,0.0,0.0,1.0,1.0,12.57,1.0,1.0,1.0,0.0,0.0,0.0,1.0,26.0,0.0,0.0,0.0,0.0,1.0,1.0,50.0,50.0,1.0,1.0,1.0,26.0
1.35,27,EV-LAB-001,NORMAL_BASELINE,64.08,64.26,64.02,2.6,34.4,0.0,0.0,4.800000000000001,2.0,3524.0,398.3,82.5,31.0,0.013000000000000001,2.2,2.0,2.0,67.0,0.0,0.0,0.0,0.0,0.28,0.01,2.0,1.0,1.0,1.0,1.0,0.0,64.14,0.060000000000002274,32.85975,31.0,0.013000000000000001,2.2,4.6,0.05,True,False,False,117.2,1.0,80.0,98.0,1.0,1.0,118.7,78.0,2.0,27.0,0.0,0.0,1.0,1.0,12.57,1.0,1.0,1.0,0.0,0.0,0.0,1.0,27.0,0.0,0.0,0.0,0.0,1.0,1.0,50.0,50.0,1.0,1.0,1.0,27.0
1.4,28,EV-LAB-001,NORMAL_BASELINE,64.21000000000001,64.43,64.11,2.6,33.6,0.0,0.0,4.800000000000001,2.0,3532.0,398.3,80.7,30.0,0.012,1.7000000000000002,2.0,2.0,66.0,0.0,0.0,0.0,0.0,0.27,0.01,2.1,1.0,1.0,1.0,1.0,0.0,64.27000000000001,0.060000000000002274,32.142810000000004,30.0,0.012,1.7000000000000002,4.7,0.05,True,False,False,116.5,1.0,80.0,98.0,1.0,1.0,117.4,78.0,2.0,28.0,0.0,0.0,1.0,1.0,12.58,1.0,1.0,1.0,0.0,0.0,0.0,1.0,28.0,0.0,0.0,0.0,0.0,1.0,1.0,50.0,50.0,1.0,1.0,1.0,28.0
1.45,29,EV-LAB-001,NORMAL_BASELINE,64.34,64.68,64.19,2.7,35.2,0.0,0.0,4.800000000000001,2.0,3539.0,398.40000000000003,82.30000000000001,31.0,0.012,2.0,2.0,2.0,66.0,0.0,0.0,0.0,0.0,0.27,0.01,2.1,1.0,1.0,1.0,1.0,0.0,64.435,0.09499999999999886,32.788320000000006,31.0,0.012,2.0,4.800000000000001,0.05,True,False,False,118.5,1.0,80.0,98.0,1.0,1.0,116.2,79.0,2.0,29.0,0.0,0.0,1.0,1.0,12.59,1.0,1.0,1.0,0.0,0.0,0.0,1.0,29.0,0.0,0.0,0.0,0.0,1.0,1.0,50.0,50.0,1.0,1.0,1.0,29.0
1.5,30,EV-LAB-001,NORMAL_BASELINE,64.47,64.63,64.33,2.8000000000000003,34.4,0.0,0.0,4.800000000000001,2.0,3546.0,398.6,82.0,31.0,0.009000000000000001,2.1,2.0,2.0,67.0,0.0,0.0,0.0,0.0,0.27,0.01,2.3000000000000003,1.0,1.0,1.0,1.0,0.0,64.47999999999999,0.009999999999990905,32.6852,31.0,0.009000000000000001,2.1,5.1000000000000005,0.05,True,False,False,117.2,1.0,80.0,98.0,1.0,1.0,117.2,79.0,2.0,30.0,0.0,0.0,1.0,1.0,12.69,1.0,1.0,1.0,0.0,0.0,0.0,1.0,30.0,0.0,0.0,0.0,0.0,1.0,1.0,50.0,50.0,1.0,1.0,1.0,30.0
1.55,31,EV-LAB-001,NORMAL_BASELINE,64.6,64.83,64.4,2.9000000000000004,33.6,0.0,0.0,4.800000000000001,2.0,3553.0,398.0,78.9,30.0,0.009000000000000001,2.2,2.0,2.0,66.0,0.0,0.0,0.0,0.0,0.26,0.01,2.4000000000000004,1.0,1.0,1.0,1.0,0.0,64.61500000000001,0.01500000000001478,31.4022,30.0,0.009000000000000001,2.2,5.300000000000001,0.05,True,False,False,116.4,1.0,80.0,98.0,1.0,1.0,117.10000000000001,78.0,2.0,31.0,0.0,0.0,1.0,1.0,12.55,1.0,1.0,1.0,0.0,0.0,0.0,1.0,31.0,0.0,0.0,0.0,0.0,1.0,1.0,50.0,50.0,1.0,1.0,1.0,31.0
1.6,32,EV-LAB-001,NORMAL_BASELINE,64.73,65.03,64.44,2.9000000000000004,34.4,0.0,0.0,4.800000000000001,2.0,3560.0,398.6,83.60000000000001,31.0,0.01,1.9000000000000001,2.0,2.0,67.0,0.0,0.0,0.0,0.0,0.26,0.01,2.3000000000000003,1.0,1.0,1.0,1.0,0.0,64.735,0.0049999999999954525,33.32296000000001,31.0,0.01,1.9000000000000001,5.200000000000001,0.05,True,False,False,117.4,1.0,80.0,98.0,1.0,1.0,117.60000000000001,78.0,2.0,32.0,0.0,0.0,1.0,1.0,12.620000000000001,1.0,1.0,1.0,0.0,0.0,0.0,1.0,32.0,0.0,0.0,0.0,0.0,1.0,1.0,50.0,50.0,1.0,1.0,1.0,32.0
1.65,33,EV-LAB-001,NORMAL_BASELINE,64.86,65.1,64.73,3.0,35.2,0.0,0.0,4.800000000000001,2.0,3567.0,398.5,82.5,31.0,0.013000000000000001,1.9000000000000001,2.0,2.0,65.0,0.0,0.0,0.0,0.0,0.26,0.01,2.4000000000000004,1.0,1.0,1.0,1.0,0.0,64.91499999999999,0.05499999999999261,32.87625,31.0,0.013000000000000001,1.9000000000000001,5.4,0.05,True,False,False,118.4,1.0,80.0,98.0,1.0,1.0,120.7,79.0,2.0,33.0,0.0,0.0,1.0,1.0,12.64,1.0,1.0,1.0,0.0,0.0,0.0,1.0,33.0,0.0,0.0,0.0,0.0,1.0,1.0,50.0,50.0,1.0,1.0,1.0,33.0
1.7,34,EV-LAB-001,NORMAL_BASELINE,64.98,65.12,64.72,3.1,35.2,0.0,0.0,4.800000000000001,2.0,3574.0,398.20000000000005,84.10000000000001,31.0,0.008,1.8,2.0,2.0,66.0,0.0,0.0,0.0,0.0,0.25,0.01,2.4000000000000004,1.0,1.0,1.0,1.0,0.0,64.92,0.060000000000002274,33.48862000000001,31.0,0.008,1.8,5.5,0.05,True,False,False,118.30000000000001,1.0,80.0,98.0,1.0,1.0,118.4,79.0,2.0,34.0,0.0,0.0,1.0,1.0,12.58,1.0,1.0,1.0,0.0,0.0,0.0,1.0,34.0,0.0,0.0,0.0,0.0,1.0,1.0,50.0,50.0,1.0,1.0,1.0,34.0
1.75,35,EV-LAB-001,NORMAL_BASELINE,65.1,65.36,64.96000000000001,3.2,34.800000000000004,0.0,0.0,4.800000000000001,2.0,3581.0,398.40000000000003,82.7,31.0,0.012,2.0,2.0,2.0,66.0,0.0,0.0,0.0,0.0,0.25,0.01,2.5,1.0,1.0,1.0,1.0,0.0,65.16,0.060000000000002274,32.947680000000005,31.0,0.012,2.0,5.7,0.05,True,False,False,117.7,1.0,80.0,98.0,1.0,1.0,119.7,79.0,2.0,35.0,0.0,0.0,1.0,1.0,12.63,1.0,1.0,1.0,0.0,0.0,0.0,1.0,35.0,0.0,0.0,0.0,0.0,1.0,1.0,50.0,50.0,1.0,1.0,1.0,35.0
1.8,36,EV-LAB-001,NORMAL_BASELINE,65.22,65.59,65.04,3.2,36.4,0.0,0.0,4.800000000000001,2.0,3587.0,398.70000000000005,84.5,31.0,0.01,2.0,2.0,2.0,67.0,0.0,0.0,0.0,0.0,0.24,0.01,2.6,1.0,1.0,1.0,1.0,0.0,65.315,0.09499999999999886,33.69015,31.0,0.01,2.0,5.800000000000001,0.05,True,False,False,119.5,1.0,80.0,98.0,1.0,1.0,119.9,78.0,2.0,36.0,0.0,0.0,1.0,1.0,12.620000000000001,1.0,1.0,1.0,0.0,0.0,0.0,1.0,36.0,0.0,0.0,0.0,0.0,1.0,1.0,50.0,50.0,1.0,1.0,1.0,36.0
1.85,37,EV-LAB-001,NORMAL_BASELINE,65.34,65.69,65.15,3.3000000000000003,34.800000000000004,0.0,0.0,4.800000000000001,2.0,3594.0,398.20000000000005,81.0,31.0,0.012,2.1,2.0,2.0,67.0,0.0,0.0,0.0,0.0,0.24,0.01,2.6,1.0,1.0,1.0,1.0,0.0,65.42,0.0799999999999983,32.254200000000004,31.0,0.012,2.1,5.9,0.05,True,False,False,117.7,1.0,80.0,98.0,1.0,1.0,115.60000000000001,79.0,2.0,37.0,0.0,0.0,1.0,1.0,12.64,1.0,1.0,1.0,0.0,0.0,0.0,1.0,37.0,0.0,0.0,0.0,0.0,1.0,1.0,50.0,50.0,1.0,1.0,1.0,37.0
1.9,38,EV-LAB-001,NORMAL_BASELINE,65.46000000000001,65.66,65.23,3.3000000000000003,36.0,0.0,0.0,4.800000000000001,2.0,3600.0,398.6,83.10000000000001,31.0,0.007,2.0,2.0,2.0,66.0,0.0,0.0,0.0,0.0,0.24,0.01,2.6,1.0,1.0,1.0,1.0,0.0,65.445,0.01500000000001478,33.12366,31.0,0.007,2.0,5.9,0.05,True,False,False,119.4,1.0,80.0,98.0,1.0,1.0,121.2,79.0,2.0,38.0,0.0,0.0,1.0,1.0,12.66,1.0,1.0,1.0,0.0,0.0,0.0,1.0,38.0,0.0,0.0,0.0,0.0,1.0,1.0,50.0,50.0,1.0,1.0,1.0,38.0
1.95,39,EV-LAB-001,NORMAL_BASELINE,65.57000000000001,65.9,65.35,3.4000000000000004,35.2,0.0,0.0,4.800000000000001,2.0,3606.0,399.1,83.9,31.0,0.01,2.3000000000000003,2.0,2.0,67.0,0.0,0.0,0.0,0.0,0.23,0.01,2.7,1.0,1.0,1.0,1.0,0.0,65.625,0.05499999999999261,33.48449000000001,31.0,0.01,2.3000000000000003,6.1000000000000005,0.05,True,False,False,118.4,1.0,80.0,98.0,1.0,1.0,116.4,80.0,2.0,39.0,0.0,0.0,1.0,1.0,12.56,1.0,1.0,1.0,0.0,0.0,0.0,1.0,39.0,0.0,0.0,0.0,0.0,1.0,1.0,50.0,50.0,1.0,1.0,1.0,39.0
2.0,40,EV-LAB-001,NORMAL_BASELINE,65.68,65.86,65.52,3.5,36.800000000000004,0.0,0.0,4.800000000000001,2.0,3613.0,399.40000000000003,85.60000000000001,31.0,0.009000000000000001,2.0,2.0,2.0,67.0,0.0,0.0,0.0,0.0,0.23,0.01,2.8000000000000003,1.0,1.0,1.0,1.0,0.0,65.69,0.009999999999990905,34.18864000000001,31.0,0.009000000000000001,2.0,6.300000000000001,0.05,True,False,False,120.0,1.0,80.0,98.0,1.0,1.0,117.80000000000001,78.0,2.0,40.0,0.0,0.0,1.0,1.0,12.5,1.0,1.0,1.0,0.0,0.0,0.0,1.0,40.0,0.0,0.0,0.0,0.0,1.0,1.0,50.0,50.0,1.0,1.0,1.0,40.0
2.05,41,EV-LAB-001,NORMAL_BASELINE,65.79,66.02,65.74,3.5,34.800000000000004,0.0,0.0,4.800000000000001,2.0,3619.0,398.5,84.30000000000001,31.0,0.011,2.1,2.0,2.0,66.0,0.0,0.0,0.0,0.0,0.22,0.01,2.8000000000000003,1.0,1.0,1.0,1.0,0.0,65.88,0.0899999999999892,33.59355,31.0,0.011,2.1,6.300000000000001,0.05,True,False,False,117.7,1.0,80.0,98.0,1.0,1.0,118.60000000000001,79.0,2.0,41.0,0.0,0.0,1.0,1.0,12.61,1.0,1.0,1.0,0.0,0.0,0.0,1.0,41.0,0.0,0.0,0.0,0.0,1.0,1.0,50.0,50.0,1.0,1.0,1.0,41.0
2.1,42,EV-LAB-001,NORMAL_BASELINE,65.9,66.13,65.71000000000001,3.6,36.4,0.0,0.0,4.800000000000001,2.0,3624.0,398.1,85.5,31.0,0.01,2.4000000000000004,2.0,2.0,67.0,0.0,0.0,0.0,0.0,0.22,0.01,2.8000000000000003,1.0,1.0,1.0,1.0,0.0,65.92,0.01999999999999602,34.03755,31.0,0.01,2.4000000000000004,6.4,0.05,True,False,False,119.60000000000001,1.0,80.0,98.0,1.0,1.0,122.2,79.0,2.0,42.0,0.0,0.0,1.0,1.0,12.63,1.0,1.0,1.0,0.0,0.0,0.0,1.0,42.0,0.0,0.0,0.0,0.0,1.0,1.0,50.0,50.0,1.0,1.0,1.0,42.0
2.15,43,EV-LAB-001,NORMAL_BASELINE,66.0,66.12,65.81,3.6,34.800000000000004,0.0,0.0,4.800000000000001,2.0,3630.0,398.8,82.7,31.0,0.01,1.9000000000000001,2.0,2.0,66.0,0.0,0.0,0.0,0.0,0.21,0.01,2.8000000000000003,1.0,1.0,1.0,1.0,0.0,65.965,0.03499999999999659,32.980760000000004,31.0,0.01,1.9000000000000001,6.4,0.05,True,False,False,117.60000000000001,1.0,80.0,98.0,1.0,1.0,117.80000000000001,79.0,2.0,43.0,0.0,0.0,1.0,1.0,12.59,1.0,1.0,1.0,0.0,0.0,0.0,1.0,43.0,0.0,0.0,0.0,0.0,1.0,1.0,50.0,50.0,1.0,1.0,1.0,43.0
2.2,44,EV-LAB-001,NORMAL_BASELINE,66.11,66.35,65.83,3.7,36.0,0.0,0.0,4.800000000000001,2.0,3636.0,398.6,84.10000000000001,31.0,0.011,2.0,2.0,2.0,66.0,0.0,0.0,0.0,0.0,0.21,0.01,2.9000000000000004,1.0,1.0,1.0,1.0,0.0,66.09,0.01999999999999602,33.52226,31.0,0.011,2.0,6.6000000000000005,0.05,True,False,False,119.4,1.0,80.0,98.0,1.0,1.0,120.2,79.0,2.0,44.0,0.0,0.0,1.0,1.0,12.61,1.0,1.0,1.0,0.0,0.0,0.0,1.0,44.0,0.0,0.0,0.0,0.0,1.0,1.0,50.0,50.0,1.0,1.0,1.0,44.0
2.25,45,EV-LAB-001,NORMAL_BASELINE,66.21000000000001,66.55,65.99,3.7,36.4,0.0,0.0,4.800000000000001,2.0,3641.0,398.6,84.0,31.0,0.012,2.2,2.0,2.0,67.0,0.0,0.0,0.0,0.0,0.2,0.01,3.0,1.0,1.0,1.0,1.0,0.0,66.27,0.05999999999998806,33.4824,31.0,0.012,2.2,6.7,0.05,True,False,False,119.80000000000001,1.0,80.0,98.0,1.0,1.0,120.80000000000001,79.0,2.0,45.0,0.0,0.0,1.0,1.0,12.58,1.0,1.0,1.0,0.0,0.0,0.0,1.0,45.0,0.0,0.0,0.0,0.0,1.0,1.0,50.0,50.0,1.0,1.0,1.0,45.0
2.3,46,EV-LAB-001,NORMAL_BASELINE,66.3,66.62,66.04,3.8000000000000003,35.6,0.0,0.0,4.800000000000001,2.0,3647.0,398.6,83.30000000000001,31.0,0.011,2.1,2.0,2.0,68.0,0.0,0.0,0.0,0.0,0.2,0.02,3.0,1.0,1.0,1.0,1.0,0.0,66.33000000000001,0.030000000000015348,33.20338,31.0,0.011,2.1,6.800000000000001,0.05,True,False,False,118.60000000000001,1.0,80.0,98.0,1.0,1.0,118.9,79.0,2.0,46.0,0.0,0.0,1.0,1.0,12.63,1.0,1.0,1.0,0.0,0.0,0.0,1.0,46.0,0.0,0.0,0.0,0.0,1.0,1.0,50.0,50.0,1.0,1.0,1.0,46.0
2.35,47,EV-LAB-001,NORMAL_BASELINE,66.4,66.69,66.21000000000001,3.8000000000000003,36.800000000000004,0.0,0.0,4.800000000000001,2.0,3652.0,398.6,82.80000000000001,31.0,0.011,1.8,2.0,2.0,66.0,0.0,0.0,0.0,0.0,0.19,0.01,3.0,1.0,1.0,1.0,1.0,0.0,66.45,0.04999999999999716,33.00408000000001,31.0,0.011,1.8,6.800000000000001,0.05,True,False,False,120.2,1.0,80.0,98.0,1.0,1.0,120.2,79.0,2.0,47.0,0.0,0.0,1.0,1.0,12.63,1.0,1.0,1.0,0.0,0.0,0.0,1.0,47.0,0.0,0.0,0.0,0.0,1.0,1.0,50.0,50.0,1.0,1.0,1.0,47.0
2.4,48,EV-LAB-001,NORMAL_BASELINE,66.49,66.81,66.29,3.9000000000000004,36.4,0.0,0.0,4.800000000000001,2.0,3657.0,398.6,84.4,31.0,0.011,2.0,2.0,2.0,67.0,0.0,0.0,0.0,0.0,0.19,0.01,3.0,1.0,1.0,1.0,1.0,0.0,66.55000000000001,0.060000000000016485,33.64184,31.0,0.011,2.0,6.9,0.05,True,False,False,119.7,1.0,80.0,98.0,1.0,1.0,116.0,79.0,2.0,48.0,0.0,0.0,1.0,1.0,12.6,1.0,1.0,1.0,0.0,0.0,0.0,1.0,48.0,0.0,0.0,0.0,0.0,1.0,1.0,50.0,50.0,1.0,1.0,1.0,48.0
2.45,49,EV-LAB-001,NORMAL_BASELINE,66.58,66.78,66.35,3.9000000000000004,36.4,0.0,0.0,4.800000000000001,2.0,3662.0,398.20000000000005,81.60000000000001,31.0,0.009000000000000001,1.8,2.0,2.0,66.0,0.0,0.0,0.0,0.0,0.18,0.01,3.2,1.0,1.0,1.0,1.0,0.0,66.565,0.015000000000000568,32.493120000000005,31.0,0.009000000000000001,1.8,7.1000000000000005,0.05,True,False,False,119.60000000000001,1.0,80.0,98.0,1.0,1.0,118.0,78.0,2.0,49.0,0.0,0.0,1.0,1.0,12.620000000000001,1.0,1.0,1.0,0.0,0.0,0.0,1.0,49.0,0.0,0.0,0.0,0.0,1.0,1.0,50.0,50.0,1.0,1.0,1.0,49.0
2.5,50,EV-LAB-001,NORMAL_BASELINE,66.67,66.82000000000001,66.33,3.9000000000000004,37.2,0.0,0.0,4.800000000000001,2.0,3667.0,398.6,83.0,31.0,0.013000000000000001,1.9000000000000001,2.0,2.0,68.0,0.0,0.0,0.0,0.0,0.18,0.01,3.1,1.0,1.0,1.0,1.0,0.0,66.575,0.09499999999999886,33.083800000000004,31.0,0.013000000000000001,1.9000000000000001,7.0,0.05,True,False,False,120.4,1.0,80.0,98.0,1.0,1.0,121.5,79.0,2.0,50.0,0.0,0.0,1.0,1.0,12.58,1.0,1.0,1.0,0.0,0.0,0.0,1.0,50.0,0.0,0.0,0.0,0.0,1.0,1.0,50.0,50.0,1.0,1.0,1.0,50.0
2.55,51,EV-LAB-001,NORMAL_BASELINE,66.76,66.97,66.56,4.0,36.4,0.0,0.0,4.800000000000001,2.0,3672.0,399.40000000000003,85.2,31.0,0.01,2.6,2.0,2.0,67.0,0.0,0.0,0.0,0.0,0.17,0.02,3.2,1.0,1.0,1.0,1.0,0.0,66.765,0.0049999999999954525,34.02888000000001,31.0,0.01,2.6,7.2,0.05,True,False,False,119.80000000000001,1.0,80.0,98.0,1.0,1.0,120.80000000000001,79.0,2.0,51.0,0.0,0.0,1.0,1.0,12.57,1.0,1.0,1.0,0.0,0.0,0.0,1.0,51.0,0.0,0.0,0.0,0.0,1.0,1.0,50.0,50.0,1.0,1.0,1.0,51.0
2.6,52,EV-LAB-001,NORMAL_BASELINE,66.84,67.22,66.67,4.0,37.2,0.0,0.0,4.800000000000001,2.0,3676.0,398.1,83.80000000000001,31.0,0.012,1.9000000000000001,2.0,2.0,67.0,0.0,0.0,0.0,0.0,0.17,0.01,3.2,1.0,1.0,1.0,1.0,0.0,66.945,0.10499999999998977,33.360780000000005,31.0,0.012,1.9000000000000001,7.2,0.05,True,False,False,120.7,1.0,80.0,98.0,1.0,1.0,120.30000000000001,80.0,2.0,52.0,0.0,0.0,1.0,1.0,12.530000000000001,1.0,1.0,1.0,0.0,0.0,0.0,1.0,52.0,0.0,0.0,0.0,0.0,1.0,1.0,50.0,50.0,1.0,1.0,1.0,52.0
2.65,53,EV-LAB-001,NORMAL_BASELINE,66.92,67.11,66.83,4.0,37.2,0.0,0.0,4.800000000000001,2.0,3681.0,398.20000000000005,84.80000000000001,31.0,0.017,1.9000000000000001,2.0,2.0,68.0,0.0,0.0,0.0,0.0,0.16,0.01,3.3000000000000003,1.0,1.0,1.0,1.0,0.0,66.97,0.04999999999999716,33.76736000000001,31.0,0.017,1.9000000000000001,7.300000000000001,0.05,True,False,False,120.80000000000001,1.0,80.0,98.0,1.0,1.0,119.0,80.0,2.0,53.0,0.0,0.0,1.0,1.0,12.6,1.0,1.0,1.0,0.0,0.0,0.0,1.0,53.0,0.0,0.0,0.0,0.0,1.0,1.0,50.0,50.0,1.0,1.0,1.0,53.0
2.7,54,EV-LAB-001,NORMAL_BASELINE,67.0,67.17,66.78,4.1000000000000005,37.2,0.0,0.0,4.800000000000001,2.0,3685.0,398.6,83.60000000000001,31.0,0.011,1.8,2.0,2.0,68.0,0.0,0.0,0.0,0.0,0.16,0.02,3.3000000000000003,1.0,1.0,1.0,1.0,0.0,66.975,0.025000000000005684,33.32296000000001,31.0,0.011,1.8,7.4,0.05,True,False,False,120.5,1.0,80.0,98.0,1.0,1.0,118.4,80.0,2.0,54.0,0.0,0.0,1.0,1.0,12.67,1.0,1.0,1.0,0.0,0.0,0.0,1.0,54.0,0.0,0.0,0.0,0.0,1.0,1.0,50.0,50.0,1.0,1.0,1.0,54.0
2.75,55,EV-LAB-001,NORMAL_BASELINE,67.07000000000001,67.28,66.84,4.1000000000000005,36.800000000000004,0.0,0.0,4.800000000000001,2.0,3689.0,399.40000000000003,84.0,31.0,0.012,2.1,2.0,2.0,67.0,0.0,0.0,0.0,0.0,0.15,0.02,3.3000000000000003,1.0,1.0,1.0,1.0,0.0,67.06,0.010000000000005116,33.549600000000005,31.0,0.012,2.1,7.4,0.05,True,False,False,120.10000000000001,1.0,80.0,98.0,1.0,1.0,119.9,79.0,2.0,55.0,0.0,0.0,1.0,1.0,12.55,1.0,1.0,1.0,0.0,0.0,0.0,1.0,55.0,0.0,0.0,0.0,0.0,1.0,1.0,50.0,50.0,1.0,1.0,1.0,55.0
2.8,56,EV-LAB-001,NORMAL_BASELINE,67.15,67.38,67.1,4.1000000000000005,36.4,0.0,0.0,4.800000000000001,2.0,3693.0,399.0,83.2,31.0,0.009000000000000001,2.0,2.0,2.0,66.0,0.0,0.0,0.0,0.0,0.15,0.02,3.3000000000000003,1.0,1.0,1.0,1.0,0.0,67.24,0.0899999999999892,33.1968,31.0,0.009000000000000001,2.0,7.4,0.05,True,False,False,119.7,1.0,80.0,98.0,1.0,1.0,119.2,80.0,2.0,56.0,0.0,0.0,1.0,1.0,12.65,1.0,1.0,1.0,0.0,0.0,0.0,1.0,56.0,0.0,0.0,0.0,0.0,1.0,1.0,50.0,50.0,1.0,1.0,1.0,56.0
2.85,57,EV-LAB-001,NORMAL_BASELINE,67.22,67.32000000000001,67.01,4.1000000000000005,34.800000000000004,0.0,0.0,4.800000000000001,2.0,3697.0,398.40000000000003,82.4,31.0,0.012,1.8,2.0,2.0,67.0,0.0,0.0,0.0,0.0,0.14,0.01,3.4000000000000004,1.0,1.0,1.0,1.0,0.0,67.165,0.05499999999999261,32.828160000000004,31.0,0.012,1.8,7.500000000000001,0.05,True,False,False,117.60000000000001,1.0,80.0,98.0,1.0,1.0,114.80000000000001,79.0,2.0,57.0,0.0,0.0,1.0,1.0,12.61,1.0,1.0,1.0,0.0,0.0,0.0,1.0,57.0,0.0,0.0,0.0,0.0,1.0,1.0,50.0,50.0,1.0,1.0,1.0,57.0
2.9,58,EV-LAB-001,NORMAL_BASELINE,67.29,67.58,67.2,4.2,37.2,0.0,0.0,4.800000000000001,2.0,3701.0,398.5,83.0,31.0,0.01,1.9000000000000001,2.0,2.0,68.0,0.0,0.0,0.0,0.0,0.14,0.01,3.3000000000000003,1.0,1.0,1.0,1.0,0.0,67.39,0.09999999999999432,33.0755,31.0,0.01,1.9000000000000001,7.5,0.05,True,False,False,120.80000000000001,1.0,80.0,98.0,1.0,1.0,120.4,79.0,2.0,58.0,0.0,0.0,1.0,1.0,12.59,1.0,1.0,1.0,0.0,0.0,0.0,1.0,58.0,0.0,0.0,0.0,0.0,1.0,1.0,50.0,50.0,1.0,1.0,1.0,58.0
2.95,59,EV-LAB-001,NORMAL_BASELINE,67.35,67.69,67.17,4.2,38.0,0.0,0.0,4.800000000000001,2.0,3704.0,398.1,84.9,31.0,0.01,2.0,2.0,2.0,66.0,0.0,0.0,0.0,0.0,0.13,0.01,3.3000000000000003,1.0,1.0,1.0,1.0,0.0,67.43,0.0800000000000125,33.79869,31.0,0.01,2.0,7.5,0.05,True,False,False,121.60000000000001,1.0,80.0,98.0,1.0,1.0,120.4,79.0,2.0,59.0,0.0,0.0,1.0,1.0,12.620000000000001,1.0,1.0,1.0,0.0,0.0,0.0,1.0,59.0,0.0,0.0,0.0,0.0,1.0,1.0,50.0,50.0,1.0,1.0,1.0,59.0
3.0,60,EV-LAB-001,NORMAL_BASELINE,67.42,67.6,67.32000000000001,4.2,38.400000000000006,0.0,0.0,4.800000000000001,2.0,3708.0,398.3,86.10000000000001,31.0,0.009000000000000001,2.0,2.0,2.0,68.0,0.0,0.0,0.0,0.0,0.13,0.01,3.3000000000000003,1.0,1.0,1.0,1.0,0.0,67.46000000000001,0.04000000000000625,34.29363000000001,31.0,0.009000000000000001,2.0,7.5,0.05,True,False,False,122.10000000000001,1.0,80.0,98.0,1.0,1.0,119.7,80.0,2.0,60.0,0.0,0.0,1.0,1.0,12.620000000000001,1.0,1.0,1.0,0.0,0.0,0.0,1.0,60.0,0.0,0.0,0.0,0.0,1.0,1.0,50.0,50.0,1.0,1.0,1.0,60.0
3.05,61,EV-LAB-001,NORMAL_BASELINE,67.48,67.97,67.14,4.2,38.400000000000006,0.0,0.0,4.800000000000001,2.0,3711.0,398.8,84.7,31.0,0.008,2.3000000000000003,2.0,2.0,67.0,0.0,0.0,0.0,0.0,0.12,0.01,3.3000000000000003,1.0,1.0,1.0,1.0,0.0,67.555,0.07500000000000284,33.77836,31.0,0.008,2.3000000000000003,7.5,0.05,True,False,False,122.10000000000001,1.0,80.0,98.0,1.0,1.0,123.4,80.0,2.0,61.0,0.0,0.0,1.0,1.0,12.64,1.0,1.0,1.0,0.0,0.0,0.0,1.0,61.0,0.0,0.0,0.0,0.0,1.0,1.0,50.0,50.0,1.0,1.0,1.0,61.0
3.1,62,EV-LAB-001,NORMAL_BASELINE,67.53,67.84,67.41,4.2,37.6,0.0,0.0,4.800000000000001,2.0,3714.0,398.90000000000003,83.9,31.0,0.016,2.1,2.0,2.0,67.0,0.0,0.0,0.0,0.0,0.12,0.01,3.4000000000000004,1.0,1.0,1.0,1.0,0.0,67.625,0.09499999999999886,33.467710000000004,31.0,0.016,2.1,7.6000000000000005,0.05,True,False,False,121.30000000000001,1.0,80.0,98.0,1.0,1.0,121.80000000000001,80.0,2.0,62.0,0.0,0.0,1.0,1.0,12.63,1.0,1.0,1.0,0.0,0.0,0.0,1.0,62.0,0.0,0.0,0.0,0.0,1.0,1.0,50.0,50.0,1.0,1.0,1.0,62.0
3.15,63,EV-LAB-001,NORMAL_BASELINE,67.59,67.98,67.4,4.2,38.0,0.0,0.0,4.800000000000001,2.0,3717.0,398.20000000000005,86.30000000000001,31.0,0.01,2.0,2.0,2.0,67.0,0.0,0.0,0.0,0.0,0.11,0.02,3.4000000000000004,1.0,1.0,1.0,1.0,0.0,67.69,0.09999999999999432,34.36466000000001,31.0,0.01,2.0,7.6000000000000005,0.05,True,False,False,121.80000000000001,1.0,80.0,98.0,1.0,1.0,123.10000000000001,81.0,2.0,63.0,0.0,0.0,1.0,1.0,12.64,1.0,1.0,1.0,0.0,0.0,0.0,1.0,63.0,0.0,0.0,0.0,0.0,1.0,1.0,50.0,50.0,1.0,1.0,1.0,63.0
3.2,64,EV-LAB-001,NORMAL_BASELINE,67.64,67.83,67.45,4.3,38.400000000000006,0.0,0.0,4.800000000000001,2.0,3720.0,399.1,85.30000000000001,31.0,0.015,1.9000000000000001,2.0,2.0,68.0,0.0,0.0,0.0,0.0,0.11,0.01,3.4000000000000004,1.0,1.0,1.0,1.0,0.0,67.64,0.0,34.04323,31.0,0.015,1.9000000000000001,7.7,0.05,True,False,False,122.10000000000001,1.0,80.0,98.0,1.0,1.0,122.0,79.0,2.0,64.0,0.0,0.0,1.0,1.0,12.620000000000001,1.0,1.0,1.0,0.0,0.0,0.0,1.0,64.0,0.0,0.0,0.0,0.0,1.0,1.0,50.0,50.0,1.0,1.0,1.0,64.0
3.25,65,EV-LAB-001,NORMAL_BASELINE,67.69,67.77,67.5,4.3,37.2,0.0,0.0,4.800000000000001,2.0,3723.0,398.20000000000005,83.4,31.0,0.009000000000000001,1.8,2.0,2.0,67.0,0.0,0.0,0.0,0.0,0.1,0.01,3.5,1.0,1.0,1.0,1.0,0.0,67.63499999999999,0.05500000000000682,33.209880000000005,31.0,0.009000000000000001,1.8,7.8,0.05,True,False,False,120.7,1.0,80.0,98.0,1.0,1.0,119.80000000000001,79.0,2.0,65.0,0.0,0.0,1.0,1.0,12.540000000000001,1.0,1.0,1.0,0.0,0.0,0.0,1.0,65.0,0.0,0.0,0.0,0.0,1.0,1.0,50.0,50.0,1.0,1.0,1.0,65.0
3.3,66,EV-LAB-001,NORMAL_BASELINE,67.74,67.95,67.49,4.3,38.0,0.0,0.0,4.800000000000001,2.0,3726.0,398.40000000000003,86.60000000000001,31.0,0.013000000000000001,1.6,2.0,2.0,66.0,0.0,0.0,0.0,0.0,0.1,0.01,3.4000000000000004,1.0,1.0,1.0,1.0,0.0,67.72,0.01999999999999602,34.50144000000001,31.0,0.013000000000000001,1.6,7.7,0.05,True,False,False,121.4,1.0,80.0,98.0,1.0,1.0,120.80000000000001,79.0,2.0,66.0,0.0,0.0,1.0,1.0,12.58,1.0,1.0,1.0,0.0,0.0,0.0,1.0,66.0,0.0,0.0,0.0,0.0,1.0,1.0,50.0,50.0,1.0,1.0,1.0,66.0
3.35,67,EV-LAB-001,NORMAL_BASELINE,67.79,68.07000000000001,67.53,4.3,38.400000000000006,0.0,0.0,4.800000000000001,2.0,3728.0,398.40000000000003,85.9,31.0,0.012,2.3000000000000003,2.0,2.0,67.0,0.0,0.0,0.0,0.0,0.09,0.02,3.4000000000000004,1.0,1.0,1.0,1.0,0.0,67.80000000000001,0.010000000000005116,34.22256,31.0,0.012,2.3000000000000003,7.7,0.05,True,False,False,122.10000000000001,1.0,80.0,98.0,1.0,1.0,119.80000000000001,80.0,2.0,67.0,0.0,0.0,1.0,1.0,12.49,1.0,1.0,1.0,0.0,0.0,0.0,1.0,67.0,0.0,0.0,0.0,0.0,1.0,1.0,50.0,50.0,1.0,1.0,1.0,67.0
3.4,68,EV-LAB-001,NORMAL_BASELINE,67.83,68.22,67.6,4.3,38.800000000000004,0.0,0.0,4.800000000000001,2.0,3731.0,398.0,86.4,31.0,0.01,2.2,2.0,2.0,68.0,0.0,0.0,0.0,0.0,0.09,0.01,3.5,1.0,1.0,1.0,1.0,0.0,67.91,0.0799999999999983,34.38720000000001,31.0,0.01,2.2,7.8,0.05,True,False,False,122.80000000000001,1.0,80.0,98.0,1.0,1.0,123.0,79.0,2.0,68.0,0.0,0.0,1.0,1.0,12.620000000000001,1.0,1.0,1.0,0.0,0.0,0.0,1.0,68.0,0.0,0.0,0.0,0.0,1.0,1.0,50.0,50.0,1.0,1.0,1.0,68.0
3.45,69,EV-LAB-001,NORMAL_BASELINE,67.87,68.28,67.7,4.3,38.0,0.0,0.0,4.800000000000001,2.0,3733.0,398.90000000000003,83.30000000000001,31.0,0.014,2.2,2.0,2.0,67.0,0.0,0.0,0.0,0.0,0.08,0.01,3.4000000000000004,1.0,1.0,1.0,1.0,0.0,67.99000000000001,0.12000000000000455,33.22837000000001,31.0,0.014,2.2,7.7,0.05,True,False,False,121.80000000000001,1.0,80.0,98.0,1.0,1.0,122.30000000000001,81.0,2.0,69.0,0.0,0.0,1.0,1.0,12.64,1.0,1.0,1.0,0.0,0.0,0.0,1.0,69.0,0.0,0.0,0.0,0.0,1.0,1.0,50.0,50.0,1.0,1.0,1.0,69.0
3.5,70,EV-LAB-001,NORMAL_BASELINE,67.91,68.29,67.8,4.3,37.6,0.0,0.0,4.800000000000001,2.0,3735.0,398.90000000000003,84.4,31.0,0.011,1.9000000000000001,2.0,2.0,67.0,0.0,0.0,0.0,0.0,0.08,0.02,3.5,1.0,1.0,1.0,1.0,0.0,68.045,0.13500000000000512,33.66716,31.0,0.011,1.9000000000000001,7.8,0.05,True,False,False,121.0,1.0,80.0,98.0,1.0,1.0,118.80000000000001,80.0,2.0,70.0,0.0,0.0,1.0,1.0,12.6,1.0,1.0,1.0,0.0,0.0,0.0,1.0,70.0,0.0,0.0,0.0,0.0,1.0,1.0,50.0,50.0,1.0,1.0,1.0,70.0
3.55,71,EV-LAB-001,NORMAL_BASELINE,67.94,68.21000000000001,67.74,4.3,39.6,0.0,0.0,4.800000000000001,2.0,3737.0,399.0,87.4,31.0,0.01,1.9000000000000001,2.0,2.0,68.0,0.0,0.0,0.0,0.0,0.07,0.01,3.5,1.0,1.0,1.0,1.0,0.0,67.975,0.03499999999999659,34.872600000000006,31.0,0.01,1.9000000000000001,7.8,0.05,True,False,False,123.60000000000001,1.0,80.0,98.0,1.0,1.0,122.7,80.0,2.0,71.0,0.0,0.0,1.0,1.0,12.620000000000001,1.0,1.0,1.0,0.0,0.0,0.0,1.0,71.0,0.0,0.0,0.0,0.0,1.0,1.0,50.0,50.0,1.0,1.0,1.0,71.0
3.6,72,EV-LAB-001,NORMAL_BASELINE,67.97,68.28,67.7,4.3,38.0,0.0,0.0,4.800000000000001,2.0,3739.0,398.6,84.5,31.0,0.014,2.2,2.0,2.0,68.0,0.0,0.0,0.0,0.0,0.07,0.01,3.4000000000000004,1.0,1.0,1.0,1.0,0.0,67.99000000000001,0.020000000000010232,33.681700000000006,31.0,0.014,2.2,7.7,0.05,True,False,False,121.80000000000001,1.0,80.0,98.0,1.0,1.0,121.60000000000001,80.0,2.0,72.0,0.0,0.0,1.0,1.0,12.63,1.0,1.0,1.0,0.0,0.0,0.0,1.0,72.0,0.0,0.0,0.0,0.0,1.0,1.0,50.0,50.0,1.0,1.0,1.0,72.0
3.65,73,EV-LAB-001,NORMAL_BASELINE,68.01,68.3,67.75,4.3,40.0,0.0,0.0,4.800000000000001,2.0,3740.0,398.6,87.10000000000001,31.0,0.013000000000000001,2.0,2.0,2.0,68.0,0.0,0.0,0.0,0.0,0.06,0.02,3.5,1.0,1.0,1.0,1.0,0.0,68.025,0.015000000000000568,34.71806000000001,31.0,0.013000000000000001,2.0,7.8,0.05,True,False,False,123.9,1.0,80.0,98.0,1.0,1.0,123.9,80.0,2.0,73.0,0.0,0.0,1.0,1.0,12.61,1.0,1.0,1.0,0.0,0.0,0.0,1.0,73.0,0.0,0.0,0.0,0.0,1.0,1.0,50.0,50.0,1.0,1.0,1.0,73.0
3.7,74,EV-LAB-001,NORMAL_BASELINE,68.03,68.29,67.9,4.3,38.400000000000006,0.0,0.0,4.800000000000001,2.0,3742.0,398.5,84.30000000000001,31.0,0.01,2.1,2.0,2.0,68.0,0.0,0.0,0.0,0.0,0.06,0.01,3.4000000000000004,1.0,1.0,1.0,1.0,0.0,68.095,0.06499999999999773,33.59355,31.0,0.01,2.1,7.7,0.05,True,False,False,122.0,1.0,80.0,98.0,1.0,1.0,120.2,80.0,2.0,74.0,0.0,0.0,1.0,1.0,12.6,1.0,1.0,1.0,0.0,0.0,0.0,1.0,74.0,0.0,0.0,0.0,0.0,1.0,1.0,50.0,50.0,1.0,1.0,1.0,74.0
3.75,75,EV-LAB-001,NORMAL_BASELINE,68.06,68.34,67.7,4.2,38.800000000000004,0.0,0.0,4.800000000000001,2.0,3743.0,398.1,85.9,31.0,0.01,2.0,2.0,2.0,68.0,0.0,0.0,0.0,0.0,0.05,0.01,3.4000000000000004,1.0,1.0,1.0,1.0,0.0,68.02000000000001,0.03999999999999204,34.19679,31.0,0.01,2.0,7.6000000000000005,0.05,True,False,False,122.5,1.0,80.0,98.0,1.0,1.0,122.4,80.0,2.0,75.0,0.0,0.0,1.0,1.0,12.63,1.0,1.0,1.0,0.0,0.0,0.0,1.0,75.0,0.0,0.0,0.0,0.0,1.0,1.0,50.0,50.0,1.0,1.0,1.0,75.0
3.8,76,EV-LAB-001,NORMAL_BASELINE,68.08,68.39,67.91,4.2,37.2,0.0,0.0,4.800000000000001,2.0,3744.0,398.1,84.30000000000001,31.0,0.011,1.9000000000000001,2.0,2.0,67.0,0.0,0.0,0.0,0.0,0.05,0.01,3.3000000000000003,1.0,1.0,1.0,1.0,0.0,68.15,0.07000000000000739,33.55983000000001,31.0,0.011,1.9000000000000001,7.5,0.05,True,False,False,120.80000000000001,1.0,80.0,98.0,1.0,1.0,125.10000000000001,79.0,2.0,76.0,0.0,0.0,1.0,1.0,12.540000000000001,1.0,1.0,1.0,0.0,0.0,0.0,1.0,76.0,0.0,0.0,0.0,0.0,1.0,1.0,50.0,50.0,1.0,1.0,1.0,76.0
3.85,77,EV-LAB-001,NORMAL_BASELINE,68.1,68.34,67.85,4.2,38.0,0.0,0.0,4.800000000000001,2.0,3746.0,398.40000000000003,85.4,31.0,0.013000000000000001,1.9000000000000001,2.0,2.0,68.0,0.0,0.0,0.0,0.0,0.04,0.01,3.4000000000000004,1.0,1.0,1.0,1.0,0.0,68.095,0.0049999999999954525,34.02336000000001,31.0,0.013000000000000001,1.9000000000000001,7.6000000000000005,0.05,True,False,False,121.7,1.0,80.0,98.0,1.0,1.0,123.10000000000001,80.0,2.0,77.0,0.0,0.0,1.0,1.0,12.59,1.0,1.0,1.0,0.0,0.0,0.0,1.0,77.0,0.0,0.0,0.0,0.0,1.0,1.0,50.0,50.0,1.0,1.0,1.0,77.0
3.9,78,EV-LAB-001,NORMAL_BASELINE,68.12,68.39,67.89,4.2,39.2,0.0,0.0,4.800000000000001,2.0,3747.0,398.1,85.30000000000001,31.0,0.013000000000000001,1.9000000000000001,2.0,2.0,67.0,0.0,0.0,0.0,0.0,0.04,0.02,3.4000000000000004,1.0,1.0,1.0,1.0,0.0,68.14,0.01999999999999602,33.957930000000005,31.0,0.013000000000000001,1.9000000000000001,7.6000000000000005,0.05,True,False,False,122.80000000000001,1.0,80.0,98.0,1.0,1.0,121.0,81.0,2.0,78.0,0.0,0.0,1.0,1.0,12.52,1.0,1.0,1.0,0.0,0.0,0.0,1.0,78.0,0.0,0.0,0.0,0.0,1.0,1.0,50.0,50.0,1.0,1.0,1.0,78.0
3.95,79,EV-LAB-001,NORMAL_BASELINE,68.14,68.35000000000001,67.73,4.2,38.0,0.0,0.0,4.800000000000001,2.0,3748.0,398.40000000000003,84.7,31.0,0.014,1.8,2.0,2.0,67.0,0.0,0.0,0.0,0.0,0.03,0.01,3.3000000000000003,1.0,1.0,1.0,1.0,0.0,68.04,0.09999999999999432,33.74448,31.0,0.014,1.8,7.5,0.05,True,False,False,121.80000000000001,1.0,80.0,98.0,1.0,1.0,121.30000000000001,81.0,2.0,79.0,0.0,0.0,1.0,1.0,12.57,1.0,1.0,1.0,0.0,0.0,0.0,1.0,79.0,0.0,0.0,0.0,0.0,1.0,1.0,50.0,50.0,1.0,1.0,1.0,79.0
4.0,80,EV-LAB-001,NORMAL_BASELINE,68.15,68.52,67.77,4.2,38.800000000000004,0.0,0.0,4.800000000000001,2.0,3748.0,399.20000000000005,84.80000000000001,31.0,0.013000000000000001,2.0,2.0,2.0,67.0,0.0,0.0,0.0,0.0,0.03,0.01,3.3000000000000003,1.0,1.0,1.0,1.0,0.0,68.145,0.005000000000009663,33.85216000000001,31.0,0.013000000000000001,2.0,7.5,0.05,True,False,False,122.30000000000001,1.0,80.0,98.0,1.0,1.0,122.10000000000001,80.0,2.0,80.0,0.0,0.0,1.0,1.0,12.6,1.0,1.0,1.0,0.0,0.0,0.0,1.0,80.0,0.0,0.0,0.0,0.0,1.0,1.0,50.0,50.0,1.0,1.0,1.0,80.0
4.05,81,EV-LAB-001,NORMAL_BASELINE,68.16,68.48,67.89,4.1000000000000005,38.800000000000004,0.0,0.0,4.800000000000001,2.0,3749.0,398.5,85.0,31.0,0.013000000000000001,1.8,2.0,2.0,68.0,0.0,0.0,0.0,0.0,0.02,0.01,3.3000000000000003,1.0,1.0,1.0,1.0,0.0,68.185,0.025000000000005684,33.8725,31.0,0.013000000000000001,1.8,7.4,0.05,True,False,False,122.4,1.0,80.0,98.0,1.0,1.0,122.10000000000001,81.0,2.0,81.0,0.0,0.0,1.0,1.0,12.55,1.0,1.0,1.0,0.0,0.0,0.0,1.0,81.0,0.0,0.0,0.0,0.0,1.0,1.0,50.0,50.0,1.0,1.0,1.0,81.0
4.1,82,EV-LAB-001,NORMAL_BASELINE,68.17,68.44,67.98,4.1000000000000005,38.400000000000006,0.0,0.0,4.800000000000001,2.0,3749.0,398.3,84.60000000000001,31.0,0.013000000000000001,2.0,2.0,2.0,67.0,0.0,0.0,0.0,0.0,0.02,0.01,3.4000000000000004,1.0,1.0,1.0,1.0,0.0,68.21000000000001,0.04000000000000625,33.696180000000005,31.0,0.013000000000000001,2.0,7.500000000000001,0.05,True,False,False,122.30000000000001,1.0,80.0,98.0,1.0,1.0,121.2,80.0,2.0,82.0,0.0,0.0,1.0,1.0,12.61,1.0,1.0,1.0,0.0,0.0,0.0,1.0,82.0,0.0,0.0,0.0,0.0,1.0,1.0,50.0,50.0,1.0,1.0,1.0,82.0
4.15,83,EV-LAB-001,NORMAL_BASELINE,68.18,68.39,67.89,4.1000000000000005,38.0,0.0,0.0,4.800000000000001,2.0,3750.0,398.90000000000003,85.2,31.0,0.013000000000000001,2.0,2.0,2.0,68.0,0.0,0.0,0.0,0.0,0.01,0.01,3.3000000000000003,1.0,1.0,1.0,1.0,0.0,68.14,0.04000000000000625,33.98628000000001,31.0,0.013000000000000001,2.0,7.4,0.05,True,False,False,121.60000000000001,1.0,80.0,98.0,1.0,1.0,122.9,80.0,2.0,83.0,0.0,0.0,1.0,1.0,12.6,1.0,1.0,1.0,0.0,0.0,0.0,1.0,83.0,0.0,0.0,0.0,0.0,1.0,1.0,50.0,50.0,1.0,1.0,1.0,83.0
4.2,84,EV-LAB-001,NORMAL_BASELINE,68.18,68.47,68.05,4.1000000000000005,39.6,0.0,0.0,4.800000000000001,2.0,3750.0,399.20000000000005,87.4,31.0,0.012,2.3000000000000003,2.0,2.0,67.0,0.0,0.0,0.0,0.0,0.01,0.01,3.2,1.0,1.0,1.0,1.0,0.0,68.25999999999999,0.07999999999998408,34.89008000000001,31.0,0.012,2.3000000000000003,7.300000000000001,0.05,True,False,False,123.60000000000001,1.0,80.0,98.0,1.0,1.0,121.2,80.0,2.0,84.0,0.0,0.0,1.0,1.0,12.58,1.0,1.0,1.0,0.0,0.0,0.0,1.0,84.0,0.0,0.0,0.0,0.0,1.0,1.0,50.0,50.0,1.0,1.0,1.0,84.0
4.25,85,EV-LAB-001,NORMAL_BASELINE,68.19,68.41,67.91,4.1000000000000005,38.400000000000006,0.0,0.0,4.800000000000001,2.0,3750.0,398.0,84.10000000000001,31.0,0.012,2.1,2.0,2.0,67.0,0.0,0.0,0.0,0.0,0.01,0.01,3.3000000000000003,1.0,1.0,1.0,1.0,0.0,68.16,0.030000000000001137,33.4718,31.0,0.012,2.1,7.4,0.05,True,False,False,122.0,1.0,80.0,98.0,1.0,1.0,124.4,80.0,2.0,85.0,0.0,0.0,1.0,1.0,12.57,1.0,1.0,1.0,0.0,0.0,0.0,1.0,85.0,0.0,0.0,0.0,0.0,1.0,1.0,50.0,50.0,1.0,1.0,1.0,85.0
4.3,86,EV-LAB-001,NORMAL_BASELINE,68.19,68.38,68.03,4.0,39.6,0.0,0.0,4.800000000000001,2.0,3750.0,398.90000000000003,87.2,31.0,0.011,2.0,2.0,2.0,68.0,0.0,0.0,0.0,0.0,0.0,0.01,3.3000000000000003,1.0,1.0,1.0,1.0,0.0,68.205,0.015000000000000568,34.78408,31.0,0.011,2.0,7.300000000000001,0.05,True,False,False,123.4,1.0,80.0,98.0,1.0,1.0,125.0,79.0,2.0,86.0,0.0,0.0,1.0,1.0,12.57,1.0,1.0,1.0,0.0,0.0,0.0,1.0,86.0,0.0,0.0,0.0,0.0,1.0,1.0,50.0,50.0,1.0,1.0,1.0,86.0
4.35,87,EV-LAB-001,NORMAL_BASELINE,68.18,68.47,68.03,4.0,38.800000000000004,0.0,0.0,4.800000000000001,2.0,3750.0,398.6,84.60000000000001,31.0,0.009000000000000001,1.7000000000000002,2.0,2.0,67.0,0.0,0.0,0.0,0.0,0.0,0.01,3.2,1.0,1.0,1.0,1.0,0.0,68.25,0.06999999999999318,33.721560000000004,31.0,0.009000000000000001,1.7000000000000002,7.2,0.05,True,False,False,122.60000000000001,1.0,80.0,98.0,1.0,1.0,121.80000000000001,80.0,2.0,87.0,0.0,0.0,1.0,1.0,12.58,1.0,1.0,1.0,0.0,0.0,0.0,1.0,87.0,0.0,0.0,0.0,0.0,1.0,1.0,50.0,50.0,1.0,1.0,1.0,87.0
4.4,88,EV-LAB-001,NORMAL_BASELINE,68.18,68.32000000000001,67.87,4.0,40.0,0.0,0.0,4.800000000000001,2.0,3750.0,398.40000000000003,87.5,31.0,0.013000000000000001,1.9000000000000001,2.0,2.0,68.0,0.0,0.0,0.0,0.0,-0.01,0.01,3.2,1.0,1.0,1.0,1.0,0.0,68.095,0.08500000000000796,34.86,31.0,0.013000000000000001,1.9000000000000001,7.2,0.05,True,False,False,123.9,1.0,80.0,98.0,1.0,1.0,124.60000000000001,81.0,2.0,88.0,0.0,0.0,1.0,1.0,12.63,1.0,1.0,1.0,0.0,0.0,0.0,1.0,88.0,0.0,0.0,0.0,0.0,1.0,1.0,50.0,50.0,1.0,1.0,1.0,88.0
4.45,89,EV-LAB-001,NORMAL_BASELINE,68.18,68.57000000000001,68.05,3.9000000000000004,38.400000000000006,0.0,0.0,4.800000000000001,2.0,3750.0,397.90000000000003,84.80000000000001,31.0,0.011,2.1,2.0,2.0,67.0,0.0,0.0,0.0,0.0,-0.01,0.01,3.1,1.0,1.0,1.0,1.0,0.0,68.31,0.12999999999999545,33.74192000000001,31.0,0.011,2.1,7.0,0.05,True,False,False,121.9,1.0,80.0,98.0,1.0,1.0,121.9,79.0,2.0,89.0,0.0,0.0,1.0,1.0,12.64,1.0,1.0,1.0,0.0,0.0,0.0,1.0,89.0,0.0,0.0,0.0,0.0,1.0,1.0,50.0,50.0,1.0,1.0,1.0,89.0
4.5,90,EV-LAB-001,NORMAL_BASELINE,68.17,68.43,67.99,3.9000000000000004,38.400000000000006,0.0,0.0,4.800000000000001,2.0,3749.0,398.3,85.5,31.0,0.014,1.8,2.0,2.0,68.0,0.0,0.0,0.0,0.0,-0.02,0.02,3.2,1.0,1.0,1.0,1.0,0.0,68.21000000000001,0.04000000000000625,34.05465,31.0,0.014,1.8,7.1000000000000005,0.05,True,False,False,122.2,1.0,80.0,98.0,1.0,1.0,124.2,80.0,2.0,90.0,0.0,0.0,1.0,1.0,12.63,1.0,1.0,1.0,0.0,0.0,0.0,1.0,90.0,0.0,0.0,0.0,0.0,1.0,1.0,50.0,50.0,1.0,1.0,1.0,90.0
4.55,91,EV-LAB-001,NORMAL_BASELINE,68.16,68.39,68.04,3.9000000000000004,39.6,0.0,0.0,4.800000000000001,2.0,3749.0,398.70000000000005,86.60000000000001,31.0,0.011,2.0,2.0,2.0,68.0,0.0,0.0,0.0,0.0,-0.02,0.01,3.2,1.0,1.0,1.0,1.0,0.0,68.215,0.05500000000000682,34.527420000000006,31.0,0.011,2.0,7.1000000000000005,0.05,True,False,False,123.5,1.0,80.0,98.0,1.0,1.0,121.4,79.0,2.0,91.0,0.0,0.0,1.0,1.0,12.55,1.0,1.0,1.0,0.0,0.0,0.0,1.0,91.0,0.0,0.0,0.0,0.0,1.0,1.0,50.0,50.0,1.0,1.0,1.0,91.0
4.6,92,EV-LAB-001,NORMAL_BASELINE,68.15,68.34,68.04,3.9000000000000004,40.400000000000006,0.0,0.0,4.800000000000001,2.0,3748.0,398.1,88.10000000000001,31.0,0.011,1.8,2.0,2.0,68.0,0.0,0.0,0.0,0.0,-0.02,0.01,3.1,1.0,1.0,1.0,1.0,0.0,68.19,0.03999999999999204,35.072610000000005,31.0,0.011,1.8,7.0,0.05,True,False,False,124.60000000000001,1.0,80.0,98.0,1.0,1.0,124.2,81.0,2.0,92.0,0.0,0.0,1.0,1.0,12.55,1.0,1.0,1.0,0.0,0.0,0.0,1.0,92.0,0.0,0.0,0.0,0.0,1.0,1.0,50.0,50.0,1.0,1.0,1.0,92.0
4.65,93,EV-LAB-001,NORMAL_BASELINE,68.13,68.45,67.82000000000001,3.8000000000000003,38.800000000000004,0.7000000000000001,1.0,0.4,2.0,3747.0,398.20000000000005,89.0,31.0,0.013000000000000001,2.2,2.0,2.0,68.0,0.0,0.0,0.0,0.0,-0.03,0.01,3.0,1.0,1.0,1.0,1.0,0.0,68.135,0.005000000000009663,35.439800000000005,31.0,0.013000000000000001,2.2,6.800000000000001,0.05,True,False,False,126.2,1.0,80.0,98.0,1.0,1.0,124.9,80.0,2.0,93.0,0.0,0.0,1.0,1.0,12.620000000000001,1.0,1.0,1.0,0.0,0.0,0.0,1.0,93.0,0.0,0.0,0.0,0.0,1.0,1.0,50.0,50.0,1.0,1.0,1.0,93.0
4.7,94,EV-LAB-001,NORMAL_BASELINE,68.12,68.5,67.99,3.8000000000000003,40.400000000000006,0.8,1.0,0.8,2.0,3746.0,398.8,89.7,31.0,0.011,1.9000000000000001,2.0,2.0,68.0,0.0,0.0,0.0,0.0,-0.03,0.01,3.1,1.0,1.0,1.0,1.0,0.0,68.245,0.125,35.77236,31.0,0.011,1.9000000000000001,6.9,0.05,True,False,False,127.80000000000001,1.0,80.0,98.0,1.0,1.0,125.10000000000001,80.0,2.0,94.0,0.0,0.0,1.0,1.0,12.540000000000001,1.0,1.0,1.0,0.0,0.0,0.0,1.0,94.0,0.0,0.0,0.0,0.0,1.0,1.0,50.0,50.0,1.0,1.0,1.0,94.0
4.75,95,EV-LAB-001,NORMAL_BASELINE,68.1,68.37,67.86,3.8000000000000003,39.2,0.9,1.0,0.8,2.0,3746.0,398.20000000000005,88.80000000000001,31.0,0.01,1.9000000000000001,2.0,2.0,68.0,0.0,0.0,0.0,0.0,-0.03,0.01,3.0,1.0,1.0,1.0,1.0,0.0,68.11500000000001,0.01500000000001478,35.36016000000001,31.0,0.01,1.9000000000000001,6.800000000000001,0.05,True,False,False,126.4,1.0,80.0,98.0,1.0,1.0,125.4,80.0,2.0,95.0,0.0,0.0,1.0,1.0,12.56,1.0,1.0,1.0,0.0,0.0,0.0,1.0,95.0,0.0,0.0,0.0,0.0,1.0,1.0,50.0,50.0,1.0,1.0,1.0,95.0
4.8,96,EV-LAB-001,NORMAL_BASELINE,68.08,68.37,67.82000000000001,3.7,38.800000000000004,1.0,1.0,0.8,2.0,3744.0,398.1,89.0,32.0,0.011,2.0,2.0,2.0,67.0,0.0,0.0,0.0,0.0,-0.04,0.02,2.9000000000000004,1.0,1.0,1.0,1.0,0.0,68.095,0.015000000000000568,35.4309,32.0,0.011,2.0,6.6000000000000005,0.05,True,False,False,126.0,1.0,80.0,98.0,1.0,1.0,126.30000000000001,80.0,2.0,96.0,0.0,0.0,1.0,1.0,12.66,1.0,1.0,1.0,0.0,0.0,0.0,1.0,96.0,0.0,0.0,0.0,0.0,1.0,1.0,50.0,50.0,1.0,1.0,1.0,96.0
4.85,97,EV-LAB-001,NORMAL_BASELINE,68.06,68.38,67.79,3.7,40.0,1.0,1.0,0.8,2.0,3743.0,398.5,88.2,31.0,0.011,1.7000000000000002,2.0,2.0,68.0,0.0,0.0,0.0,0.0,-0.04,0.01,3.0,1.0,1.0,1.0,1.0,0.0,68.08500000000001,0.025000000000005684,35.14770000000001,31.0,0.011,1.7000000000000002,6.7,0.05,True,False,False,127.2,1.0,80.0,98.0,1.0,1.0,126.2,80.0,2.0,97.0,0.0,0.0,1.0,1.0,12.64,1.0,1.0,1.0,0.0,0.0,0.0,1.0,97.0,0.0,0.0,0.0,0.0,1.0,1.0,50.0,50.0,1.0,1.0,1.0,97.0
4.9,98,EV-LAB-001,NORMAL_BASELINE,68.04,68.28,67.85,3.6,39.6,1.1,1.0,0.8,2.0,3742.0,398.40000000000003,89.10000000000001,32.0,0.01,1.8,2.0,2.0,68.0,0.0,0.0,0.0,0.0,-0.05,0.01,2.9000000000000004,1.0,1.0,1.0,1.0,0.0,68.065,0.024999999999991473,35.49744000000001,32.0,0.01,1.8,6.5,0.05,True,False,False,127.0,1.0,80.0,98.0,1.0,1.0,131.8,79.0,2.0,98.0,0.0,0.0,1.0,1.0,12.63,1.0,1.0,1.0,0.0,0.0,0.0,1.0,98.0,0.0,0.0,0.0,0.0,1.0,1.0,50.0,50.0,1.0,1.0,1.0,98.0
4.95,99,EV-LAB-001,NORMAL_BASELINE,68.02,68.32000000000001,67.71000000000001,3.6,39.6,1.2000000000000002,1.0,0.8,2.0,3741.0,398.8,89.0,31.0,0.01,2.0,2.0,2.0,68.0,0.0,0.0,0.0,0.0,-0.05,0.01,2.9000000000000004,1.0,1.0,1.0,1.0,0.0,68.01500000000001,0.004999999999981242,35.4932,31.0,0.01,2.0,6.5,0.05,True,False,False,126.60000000000001,1.0,80.0,98.0,1.0,1.0,126.7,79.0,2.0,99.0,0.0,0.0,1.0,1.0,12.620000000000001,1.0,1.0,1.0,0.0,0.0,0.0,1.0,99.0,0.0,0.0,0.0,0.0,1.0,1.0,50.0,50.0,1.0,1.0,1.0,99.0
5.0,100,EV-LAB-001,NORMAL_BASELINE,67.99,68.23,67.81,3.6,39.2,1.3,1.0,1.2000000000000002,2.0,3739.0,398.90000000000003,87.60000000000001,31.0,0.012,2.0,2.0,2.0,67.0,0.0,0.0,0.0,0.0,-0.05,0.01,2.9000000000000004,1.0,1.0,1.0,1.0,0.0,68.02000000000001,0.030000000000015348,34.94364000000001,31.0,0.012,2.0,6.5,0.05,True,False,False,126.2,1.0,80.0,98.0,1.0,1.0,126.4,80.0,2.0,100.0,0.0,0.0,1.0,1.0,12.620000000000001,1.0,1.0,1.0,0.0,0.0,0.0,1.0,100.0,0.0,0.0,0.0,0.0,1.0,1.0,50.0,50.0,1.0,1.0,1.0,100.0
5.05,101,EV-LAB-001,NORMAL_BASELINE,67.96000000000001,68.22,67.85,3.5,40.0,1.4000000000000001,1.0,1.2000000000000002,2.0,3738.0,398.0,88.7,31.0,0.012,1.9000000000000001,2.0,2.0,67.0,0.0,0.0,0.0,0.0,-0.05,0.01,2.8000000000000003,1.0,1.0,1.0,1.0,0.0,68.035,0.07499999999998863,35.3026,31.0,0.012,1.9000000000000001,6.300000000000001,0.05,True,False,False,127.0,1.0,80.0,98.0,1.0,1.0,126.9,80.0,2.0,101.0,0.0,0.0,1.0,1.0,12.52,1.0,1.0,1.0,0.0,0.0,0.0,1.0,101.0,0.0,0.0,0.0,0.0,1.0,1.0,50.0,50.0,1.0,1.0,1.0,101.0
5.1,102,EV-LAB-001,NORMAL_BASELINE,67.93,68.18,67.75,3.5,39.6,1.4000000000000001,1.0,1.2000000000000002,2.0,3736.0,398.6,86.9,31.0,0.013000000000000001,1.7000000000000002,2.0,2.0,68.0,0.0,0.0,0.0,0.0,-0.06,0.01,2.7,1.0,1.0,1.0,1.0,0.0,67.965,0.03499999999999659,34.63834000000001,31.0,0.013000000000000001,1.7000000000000002,6.2,0.05,True,False,False,126.5,1.0,80.0,98.0,1.0,1.0,124.4,80.0,2.0,102.0,0.0,0.0,1.0,1.0,12.66,1.0,1.0,1.0,0.0,0.0,0.0,1.0,102.0,0.0,0.0,0.0,0.0,1.0,1.0,50.0,50.0,1.0,1.0,1.0,102.0
5.15,103,EV-LAB-001,NORMAL_BASELINE,67.91,68.03,67.73,3.4000000000000004,40.800000000000004,1.5,1.0,1.2000000000000002,2.0,3735.0,398.1,89.9,31.0,0.012,2.3000000000000003,2.0,2.0,66.0,0.0,0.0,0.0,0.0,-0.06,0.01,2.7,1.0,1.0,1.0,1.0,0.0,67.88,0.030000000000001137,35.789190000000005,31.0,0.012,2.3000000000000003,6.1000000000000005,0.05,True,False,False,128.20000000000002,1.0,80.0,98.0,1.0,1.0,129.20000000000002,80.0,2.0,103.0,0.0,0.0,1.0,1.0,12.59,1.0,1.0,1.0,0.0,0.0,0.0,1.0,103.0,0.0,0.0,0.0,0.0,1.0,1.0,50.0,50.0,1.0,1.0,1.0,103.0
5.2,104,EV-LAB-001,NORMAL_BASELINE,67.87,68.06,67.66,3.4000000000000004,38.800000000000004,1.6,1.0,1.2000000000000002,2.0,3733.0,398.70000000000005,87.2,31.0,0.013000000000000001,2.2,2.0,2.0,68.0,0.0,0.0,0.0,0.0,-0.06,0.01,2.7,1.0,1.0,1.0,1.0,0.0,67.86,0.010000000000005116,34.76664000000001,31.0,0.013000000000000001,2.2,6.1000000000000005,0.05,True,False,False,125.60000000000001,1.0,80.0,98.0,1.0,1.0,127.60000000000001,79.0,2.0,104.0,0.0,0.0,1.0,1.0,12.58,1.0,1.0,1.0,0.0,0.0,0.0,1.0,104.0,0.0,0.0,0.0,0.0,1.0,1.0,50.0,50.0,1.0,1.0,1.0,104.0
5.25,105,EV-LAB-001,NORMAL_BASELINE,67.84,68.18,67.63,3.4000000000000004,38.400000000000006,1.7000000000000002,1.0,1.2000000000000002,2.0,3731.0,398.5,87.0,31.0,0.01,1.9000000000000001,2.0,2.0,68.0,0.0,0.0,0.0,0.0,-0.07,0.0,2.7,1.0,1.0,1.0,1.0,0.0,67.905,0.06499999999999773,34.6695,31.0,0.01,1.9000000000000001,6.1000000000000005,0.05,True,False,False,124.9,1.0,80.0,98.0,1.0,1.0,124.60000000000001,80.0,2.0,105.0,0.0,0.0,1.0,1.0,12.63,1.0,1.0,1.0,0.0,0.0,0.0,1.0,105.0,0.0,0.0,0.0,0.0,1.0,1.0,50.0,50.0,1.0,1.0,1.0,105.0
5.3,106,EV-LAB-001,NORMAL_BASELINE,67.81,68.02,67.71000000000001,3.3000000000000003,39.6,1.7000000000000002,1.0,1.2000000000000002,2.0,3729.0,398.70000000000005,87.80000000000001,31.0,0.012,2.4000000000000004,2.0,2.0,68.0,0.0,0.0,0.0,0.0,-0.07,0.0,2.7,1.0,1.0,1.0,1.0,0.0,67.86500000000001,0.05500000000000682,35.005860000000006,31.0,0.012,2.4000000000000004,6.0,0.05,True,False,False,126.4,1.0,80.0,98.0,1.0,1.0,126.80000000000001,80.0,2.0,106.0,0.0,0.0,1.0,1.0,12.63,1.0,1.0,1.0,0.0,0.0,0.0,1.0,106.0,0.0,0.0,0.0,0.0,1.0,1.0,50.0,50.0,1.0,1.0,1.0,106.0
5.35,107,EV-LAB-001,NORMAL_BASELINE,67.77,67.93,67.68,3.3000000000000003,40.400000000000006,1.8,1.0,1.6,2.0,3727.0,398.5,88.9,32.0,0.013000000000000001,1.9000000000000001,2.0,2.0,67.0,0.0,0.0,0.0,0.0,-0.07,0.0,2.5,1.0,1.0,1.0,1.0,0.0,67.805,0.0350000000000108,35.42665,32.0,0.013000000000000001,1.9000000000000001,5.800000000000001,0.05,True,False,False,127.4,1.0,80.0,98.0,1.0,1.0,129.0,80.0,2.0,107.0,0.0,0.0,1.0,1.0,12.58,1.0,1.0,1.0,0.0,0.0,0.0,1.0,107.0,0.0,0.0,0.0,0.0,1.0,1.0,50.0,50.0,1.0,1.0,1.0,107.0
5.4,108,EV-LAB-001,NORMAL_BASELINE,67.74,67.9,67.36,3.2,38.800000000000004,1.9000000000000001,1.0,1.6,2.0,3725.0,398.0,88.7,31.0,0.013000000000000001,2.0,2.0,2.0,67.0,0.0,0.0,0.0,0.0,-0.07,0.0,2.7,1.0,1.0,1.0,1.0,0.0,67.63,0.10999999999999943,35.3026,31.0,0.013000000000000001,2.0,5.9,0.05,True,False,False,125.5,1.0,80.0,98.0,1.0,1.0,124.7,79.0,2.0,108.0,0.0,0.0,1.0,1.0,12.63,1.0,1.0,1.0,0.0,0.0,0.0,1.0,108.0,0.0,0.0,0.0,0.0,1.0,1.0,50.0,50.0,1.0,1.0,1.0,108.0
5.45,109,EV-LAB-001,NORMAL_BASELINE,67.7,67.94,67.56,3.2,39.6,1.9000000000000001,1.0,1.6,2.0,3723.0,398.3,88.30000000000001,31.0,0.01,2.1,2.0,2.0,68.0,0.0,0.0,0.0,0.0,-0.08,0.0,2.6,1.0,1.0,1.0,1.0,0.0,67.75,0.04999999999999716,35.16989000000001,31.0,0.01,2.1,5.800000000000001,0.05,True,False,False,126.10000000000001,1.0,80.0,98.0,1.0,1.0,129.4,79.0,2.0,109.0,0.0,0.0,1.0,1.0,12.63,1.0,1.0,1.0,0.0,0.0,0.0,1.0,109.0,0.0,0.0,0.0,0.0,1.0,1.0,50.0,50.0,1.0,1.0,1.0,109.0
5.5,110,EV-LAB-001,NORMAL_BASELINE,67.66,67.95,67.4,3.2,38.400000000000006,2.0,1.0,1.6,2.0,3721.0,398.90000000000003,86.0,31.0,0.011,2.0,2.0,2.0,68.0,0.0,0.0,0.0,0.0,-0.08,0.01,2.5,1.0,1.0,1.0,1.0,0.0,67.67500000000001,0.01500000000001478,34.3054,31.0,0.011,2.0,5.7,0.05,True,False,False,124.60000000000001,1.0,80.0,98.0,1.0,1.0,123.80000000000001,79.0,2.0,110.0,0.0,0.0,1.0,1.0,12.620000000000001,1.0,1.0,1.0,0.0,0.0,0.0,1.0,110.0,0.0,0.0,0.0,0.0,1.0,1.0,50.0,50.0,1.0,1.0,1.0,110.0
5.55,111,EV-LAB-001,NORMAL_BASELINE,67.62,67.96000000000001,67.53,3.1,38.800000000000004,2.0,1.0,1.6,2.0,3719.0,398.0,87.30000000000001,31.0,0.013000000000000001,2.2,2.0,2.0,66.0,0.0,0.0,0.0,0.0,-0.08,0.01,2.5,1.0,1.0,1.0,1.0,0.0,67.745,0.125,34.745400000000004,31.0,0.013000000000000001,2.2,5.6,0.05,True,False,False,125.4,1.0,80.0,98.0,1.0,1.0,127.4,80.0,2.0,111.0,0.0,0.0,1.0,1.0,12.59,1.0,1.0,1.0,0.0,0.0,0.0,1.0,111.0,0.0,0.0,0.0,0.0,1.0,1.0,50.0,50.0,1.0,1.0,1.0,111.0
5.6,112,EV-LAB-001,NORMAL_BASELINE,67.58,67.84,67.35,3.1,38.800000000000004,2.1,1.0,1.6,2.0,3717.0,398.0,89.30000000000001,31.0,0.009000000000000001,2.2,2.0,2.0,66.0,0.0,0.0,0.0,0.0,-0.08,0.01,2.4000000000000004,1.0,1.0,1.0,1.0,0.0,67.595,0.015000000000000568,35.5414,31.0,0.009000000000000001,2.2,5.5,0.05,True,False,False,125.2,1.0,80.0,98.0,1.0,1.0,125.9,81.0,2.0,112.0,0.0,0.0,1.0,1.0,12.64,1.0,1.0,1.0,0.0,0.0,0.0,1.0,112.0,0.0,0.0,0.0,0.0,1.0,1.0,50.0,50.0,1.0,1.0,1.0,112.0
5.65,113,EV-LAB-001,NORMAL_BASELINE,67.54,67.83,67.35,3.0,39.2,2.1,1.0,1.6,2.0,3715.0,397.90000000000003,90.10000000000001,32.0,0.01,2.0,2.0,2.0,67.0,0.0,0.0,0.0,0.0,-0.08,0.01,2.4000000000000004,1.0,1.0,1.0,1.0,0.0,67.59,0.04999999999999716,35.85079000000001,32.0,0.01,2.0,5.4,0.05,True,False,False,125.9,1.0,80.0,98.0,1.0,1.0,128.0,80.0,2.0,113.0,0.0,0.0,1.0,1.0,12.59,1.0,1.0,1.0,0.0,0.0,0.0,1.0,113.0,0.0,0.0,0.0,0.0,1.0,1.0,50.0,50.0,1.0,1.0,1.0,113.0
5.7,114,EV-LAB-001,NORMAL_BASELINE,67.5,67.71000000000001,67.39,3.0,40.400000000000006,2.2,1.0,1.6,2.0,3712.0,398.1,87.60000000000001,31.0,0.01,1.7000000000000002,2.0,2.0,67.0,0.0,0.0,0.0,0.0,-0.09,0.0,2.4000000000000004,1.0,1.0,1.0,1.0,0.0,67.55000000000001,0.05000000000001137,34.873560000000005,31.0,0.01,1.7000000000000002,5.4,0.05,True,False,False,127.0,1.0,80.0,98.0,1.0,1.0,126.7,79.0,2.0,114.0,0.0,0.0,1.0,1.0,12.6,1.0,1.0,1.0,0.0,0.0,0.0,1.0,114.0,0.0,0.0,0.0,0.0,1.0,1.0,50.0,50.0,1.0,1.0,1.0,114.0
5.75,115,EV-LAB-001,NORMAL_BASELINE,67.45,67.64,67.17,2.9000000000000004,38.800000000000004,2.2,1.0,1.6,2.0,3710.0,397.90000000000003,87.7,31.0,0.017,1.7000000000000002,2.0,2.0,67.0,0.0,0.0,0.0,0.0,-0.09,0.0,2.3000000000000003,1.0,1.0,1.0,1.0,0.0,67.405,0.045000000000001705,34.895830000000004,31.0,0.017,1.7000000000000002,5.200000000000001,0.05,True,False,False,125.30000000000001,1.0,80.0,98.0,1.0,1.0,126.4,80.0,2.0,115.0,0.0,0.0,1.0,1.0,12.57,1.0,1.0,1.0,0.0,0.0,0.0,1.0,115.0,0.0,0.0,0.0,0.0,1.0,1.0,50.0,50.0,1.0,1.0,1.0,115.0
5.8,116,EV-LAB-001,NORMAL_BASELINE,67.41,67.68,67.22,2.9000000000000004,40.400000000000006,2.3000000000000003,1.0,2.0,2.0,3707.0,398.20000000000005,90.30000000000001,31.0,0.008,2.1,2.0,2.0,67.0,0.0,0.0,0.0,0.0,-0.09,0.0,2.3000000000000003,1.0,1.0,1.0,1.0,0.0,67.45,0.04000000000000625,35.957460000000005,31.0,0.008,2.1,5.200000000000001,0.05,True,False,False,126.9,1.0,80.0,98.0,1.0,1.0,128.8,80.0,2.0,116.0,0.0,0.0,1.0,1.0,12.64,1.0,1.0,1.0,0.0,0.0,0.0,1.0,116.0,0.0,0.0,0.0,0.0,1.0,1.0,50.0,50.0,1.0,1.0,1.0,116.0
5.85,117,EV-LAB-001,NORMAL_BASELINE,67.36,67.58,67.24,2.9000000000000004,40.400000000000006,2.3000000000000003,1.0,2.0,2.0,3705.0,398.1,89.9,31.0,0.016,2.1,2.0,2.0,67.0,0.0,0.0,0.0,0.0,-0.09,0.0,2.3000000000000003,1.0,1.0,1.0,1.0,0.0,67.41,0.04999999999999716,35.789190000000005,31.0,0.016,2.1,5.200000000000001,0.05,True,False,False,127.10000000000001,1.0,80.0,98.0,1.0,1.0,127.80000000000001,80.0,2.0,117.0,0.0,0.0,1.0,1.0,12.58,1.0,1.0,1.0,0.0,0.0,0.0,1.0,117.0,0.0,0.0,0.0,0.0,1.0,1.0,50.0,50.0,1.0,1.0,1.0,117.0
5.9,118,EV-LAB-001,NORMAL_BASELINE,67.32000000000001,67.57000000000001,67.02,2.8000000000000003,40.0,2.3000000000000003,1.0,2.0,2.0,3702.0,398.90000000000003,88.10000000000001,31.0,0.012,2.0,2.0,2.0,66.0,0.0,0.0,0.0,0.0,-0.09,0.0,2.2,1.0,1.0,1.0,1.0,0.0,67.295,0.025000000000005684,35.14309,31.0,0.012,2.0,5.0,0.05,True,False,False,126.4,1.0,80.0,98.0,1.0,1.0,126.7,80.0,2.0,118.0,0.0,0.0,1.0,1.0,12.6,1.0,1.0,1.0,0.0,0.0,0.0,1.0,118.0,0.0,0.0,0.0,0.0,1.0,1.0,50.0,50.0,1.0,1.0,1.0,118.0
5.95,119,EV-LAB-001,NORMAL_BASELINE,67.27,67.47,67.0,2.8000000000000003,38.400000000000006,2.4000000000000004,1.0,2.0,2.0,3700.0,398.40000000000003,85.60000000000001,31.0,0.014,1.9000000000000001,2.0,2.0,67.0,0.0,0.0,0.0,0.0,-0.09,0.0,2.2,1.0,1.0,1.0,1.0,0.0,67.235,0.03499999999999659,34.10304000000001,31.0,0.014,1.9000000000000001,5.0,0.05,True,False,False,124.60000000000001,1.0,80.0,98.0,1.0,1.0,126.0,79.0,2.0,119.0,0.0,0.0,1.0,1.0,12.59,1.0,1.0,1.0,0.0,0.0,0.0,1.0,119.0,0.0,0.0,0.0,0.0,1.0,1.0,50.0,50.0,1.0,1.0,1.0,119.0
6.0,120,EV-LAB-001,NORMAL_BASELINE,67.22,67.34,67.02,2.7,40.0,2.4000000000000004,1.0,2.0,2.0,3697.0,398.90000000000003,88.2,31.0,0.01,2.2,2.0,2.0,67.0,0.0,0.0,0.0,0.0,-0.1,0.0,2.3000000000000003,1.0,1.0,1.0,1.0,0.0,67.18,0.03999999999999204,35.18298,31.0,0.01,2.2,5.0,0.05,True,False,False,126.2,1.0,80.0,98.0,1.0,1.0,125.60000000000001,79.0,2.0,120.0,0.0,0.0,1.0,1.0,12.65,1.0,1.0,1.0,0.0,0.0,0.0,1.0,120.0,0.0,0.0,0.0,0.0,1.0,1.0,50.0,50.0,1.0,1.0,1.0,120.0
6.05,121,EV-LAB-001,NORMAL_BASELINE,67.18,67.4,66.98,2.7,39.2,2.4000000000000004,1.0,2.0,2.0,3695.0,398.1,87.0,31.0,0.014,2.2,2.0,2.0,67.0,0.0,0.0,0.0,0.0,-0.1,0.0,2.2,1.0,1.0,1.0,1.0,0.0,67.19,0.009999999999990905,34.6347,31.0,0.014,2.2,4.9,0.05,True,False,False,125.4,1.0,80.0,98.0,1.0,1.0,125.7,81.0,2.0,121.0,0.0,0.0,1.0,1.0,12.57,1.0,1.0,1.0,0.0,0.0,0.0,1.0,121.0,0.0,0.0,0.0,0.0,1.0,1.0,50.0,50.0,1.0,1.0,1.0,121.0
6.1,122,EV-LAB-001,NORMAL_BASELINE,67.13,67.3,67.06,2.6,39.6,2.5,1.0,2.0,2.0,3692.0,398.1,89.2,32.0,0.012,2.1,2.0,2.0,67.0,0.0,0.0,0.0,0.0,-0.1,0.0,2.1,1.0,1.0,1.0,1.0,0.0,67.18,0.05000000000001137,35.51052000000001,32.0,0.012,2.1,4.7,0.05,True,False,False,125.9,1.0,80.0,98.0,1.0,1.0,128.5,79.0,2.0,122.0,0.0,0.0,1.0,1.0,12.59,1.0,1.0,1.0,0.0,0.0,0.0,1.0,122.0,0.0,0.0,0.0,0.0,1.0,1.0,50.0,50.0,1.0,1.0,1.0,122.0
6.15,123,EV-LAB-001,NORMAL_BASELINE,67.08,67.12,66.91,2.6,38.800000000000004,2.5,1.0,2.0,2.0,3689.0,398.3,87.2,31.0,0.01,2.0,2.0,2.0,67.0,0.0,0.0,0.0,0.0,-0.1,0.0,2.0,1.0,1.0,1.0,1.0,0.0,67.015,0.06499999999999773,34.73176,31.0,0.01,2.0,4.6,0.05,True,False,False,125.0,1.0,80.0,98.0,1.0,1.0,123.9,79.0,2.0,123.0,0.0,0.0,1.0,1.0,12.59,1.0,1.0,1.0,0.0,0.0,0.0,1.0,123.0,0.0,0.0,0.0,0.0,1.0,1.0,50.0,50.0,1.0,1.0,1.0,123.0
6.2,124,EV-LAB-001,NORMAL_BASELINE,67.03,67.32000000000001,66.82000000000001,2.6,40.800000000000004,2.5,1.0,2.0,2.0,3687.0,397.90000000000003,90.0,32.0,0.01,2.0,2.0,2.0,67.0,0.0,0.0,0.0,0.0,-0.1,0.0,2.1,1.0,1.0,1.0,1.0,0.0,67.07000000000001,0.04000000000000625,35.811,32.0,0.01,2.0,4.7,0.05,True,False,False,127.2,1.0,80.0,98.0,1.0,1.0,129.1,79.0,2.0,124.0,0.0,0.0,1.0,1.0,12.620000000000001,1.0,1.0,1.0,0.0,0.0,0.0,1.0,124.0,0.0,0.0,0.0,0.0,1.0,1.0,50.0,50.0,1.0,1.0,1.0,124.0
6.25,125,EV-LAB-001,NORMAL_BASELINE,66.98,67.18,66.89,2.5,40.800000000000004,2.5,1.0,2.0,2.0,3684.0,398.3,89.9,31.0,0.009000000000000001,1.9000000000000001,2.0,2.0,67.0,0.0,0.0,0.0,0.0,-0.1,0.0,2.0,1.0,1.0,1.0,1.0,0.0,67.035,0.05499999999999261,35.807170000000006,31.0,0.009000000000000001,1.9000000000000001,4.5,0.05,True,False,False,127.4,1.0,80.0,98.0,1.0,1.0,130.3,79.0,2.0,125.0,0.0,0.0,1.0,1.0,12.58,1.0,1.0,1.0,0.0,0.0,0.0,1.0,125.0,0.0,0.0,0.0,0.0,1.0,1.0,50.0,50.0,1.0,1.0,1.0,125.0
6.3,126,EV-LAB-001,NORMAL_BASELINE,66.93,67.18,66.83,2.5,40.0,2.5,1.0,2.0,2.0,3681.0,398.70000000000005,89.80000000000001,31.0,0.014,2.2,2.0,2.0,67.0,0.0,0.0,0.0,0.0,-0.1,0.0,2.1,1.0,1.0,1.0,1.0,0.0,67.005,0.07499999999998863,35.80326000000001,31.0,0.014,2.2,4.6,0.05,True,False,False,126.10000000000001,1.0,80.0,98.0,1.0,1.0,127.30000000000001,79.0,2.0,126.0,0.0,0.0,1.0,1.0,12.620000000000001,1.0,1.0,1.0,0.0,0.0,0.0,1.0,126.0,0.0,0.0,0.0,0.0,1.0,1.0,50.0,50.0,1.0,1.0,1.0,126.0
6.35,127,EV-LAB-001,NORMAL_BASELINE,66.88,67.1,66.61,2.4000000000000004,41.2,2.6,1.0,2.0,2.0,3678.0,398.40000000000003,90.4,31.0,0.01,1.9000000000000001,2.0,2.0,67.0,0.0,0.0,0.0,0.0,-0.1,0.0,1.9000000000000001,1.0,1.0,1.0,1.0,0.0,66.85499999999999,0.025000000000005684,36.01536000000001,31.0,0.01,1.9000000000000001,4.300000000000001,0.05,True,False,False,128.0,1.0,80.0,98.0,1.0,1.0,127.30000000000001,80.0,2.0,127.0,0.0,0.0,1.0,1.0,12.6,1.0,1.0,1.0,0.0,0.0,0.0,1.0,127.0,0.0,0.0,0.0,0.0,1.0,1.0,50.0,50.0,1.0,1.0,1.0,127.0
6.4,128,EV-LAB-001,NORMAL_BASELINE,66.83,66.9,66.58,2.4000000000000004,39.2,2.6,1.0,2.0,2.0,3676.0,398.5,89.30000000000001,31.0,0.011,2.1,2.0,2.0,67.0,0.0,0.0,0.0,0.0,-0.1,0.0,1.9000000000000001,1.0,1.0,1.0,1.0,0.0,66.74000000000001,0.0899999999999892,35.58605,31.0,0.011,2.1,4.300000000000001,0.05,True,False,False,125.4,1.0,80.0,98.0,1.0,1.0,124.10000000000001,80.0,2.0,128.0,0.0,0.0,1.0,1.0,12.58,1.0,1.0,1.0,0.0,0.0,0.0,1.0,128.0,0.0,0.0,0.0,0.0,1.0,1.0,50.0,50.0,1.0,1.0,1.0,128.0
6.45,129,EV-LAB-001,NORMAL_BASELINE,66.78,67.03,66.57000000000001,2.4000000000000004,38.400000000000006,2.6,1.0,2.0,2.0,3673.0,398.8,86.30000000000001,31.0,0.017,1.9000000000000001,2.0,2.0,67.0,0.0,0.0,0.0,0.0,-0.1,-0.01,1.8,1.0,1.0,1.0,1.0,0.0,66.80000000000001,0.020000000000010232,34.41644,31.0,0.017,1.9000000000000001,4.2,0.05,True,False,False,124.5,1.0,80.0,98.0,1.0,1.0,126.4,80.0,2.0,129.0,0.0,0.0,1.0,1.0,12.59,1.0,1.0,1.0,0.0,0.0,0.0,1.0,129.0,0.0,0.0,0.0,0.0,1.0,1.0,50.0,50.0,1.0,1.0,1.0,129.0
6.5,130,EV-LAB-001,NORMAL_BASELINE,66.73,66.89,66.48,2.3000000000000003,40.400000000000006,2.6,1.0,2.0,2.0,3670.0,398.70000000000005,88.4,32.0,0.009000000000000001,1.9000000000000001,2.0,2.0,68.0,0.0,0.0,0.0,0.0,-0.1,0.0,1.7000000000000002,1.0,1.0,1.0,1.0,0.0,66.685,0.045000000000001705,35.24508000000001,32.0,0.009000000000000001,1.9000000000000001,4.0,0.05,True,False,False,126.80000000000001,1.0,80.0,98.0,1.0,1.0,126.30000000000001,80.0,2.0,130.0,0.0,0.0,1.0,1.0,12.56,1.0,1.0,1.0,0.0,0.0,0.0,1.0,130.0,0.0,0.0,0.0,0.0,1.0,1.0,50.0,50.0,1.0,1.0,1.0,130.0
6.55,131,EV-LAB-001,NORMAL_BASELINE,66.68,67.07000000000001,66.4,2.3000000000000003,41.6,2.6,1.0,2.0,2.0,3667.0,398.20000000000005,92.9,31.0,0.011,2.3000000000000003,2.0,2.0,67.0,0.0,0.0,0.0,0.0,-0.1,0.0,1.8,1.0,1.0,1.0,1.0,0.0,66.73500000000001,0.05500000000000682,36.99278,31.0,0.011,2.3000000000000003,4.1000000000000005,0.05,True,False,False,128.5,1.0,80.0,98.0,1.0,1.0,131.1,79.0,2.0,131.0,0.0,0.0,1.0,1.0,12.61,1.0,1.0,1.0,0.0,0.0,0.0,1.0,131.0,0.0,0.0,0.0,0.0,1.0,1.0,50.0,50.0,1.0,1.0,1.0,131.0
6.6,132,EV-LAB-001,NORMAL_BASELINE,66.63,66.91,66.46000000000001,2.2,40.400000000000006,2.6,1.0,2.0,2.0,3664.0,398.6,87.60000000000001,31.0,0.011,2.2,2.0,2.0,67.0,0.0,0.0,0.0,0.0,-0.1,0.0,1.8,1.0,1.0,1.0,1.0,0.0,66.685,0.05500000000000682,34.91736000000001,31.0,0.011,2.2,4.0,0.05,True,False,False,126.9,1.0,80.0,98.0,1.0,1.0,129.20000000000002,78.0,2.0,132.0,0.0,0.0,1.0,1.0,12.56,1.0,1.0,1.0,0.0,0.0,0.0,1.0,132.0,0.0,0.0,0.0,0.0,1.0,1.0,50.0,50.0,1.0,1.0,1.0,132.0
6.65,133,EV-LAB-001,NORMAL_BASELINE,66.57000000000001,66.93,66.44,2.2,39.6,2.6,1.0,2.0,2.0,3662.0,398.5,88.9,31.0,0.007,1.9000000000000001,2.0,2.0,68.0,0.0,0.0,0.0,0.0,-0.1,0.0,1.8,1.0,1.0,1.0,1.0,0.0,66.685,0.11499999999999488,35.42665,31.0,0.007,1.9000000000000001,4.0,0.05,True,False,False,126.0,1.0,80.0,98.0,1.0,1.0,127.0,80.0,2.0,133.0,0.0,0.0,1.0,1.0,12.6,1.0,1.0,1.0,0.0,0.0,0.0,1.0,133.0,0.0,0.0,0.0,0.0,1.0,1.0,50.0,50.0,1.0,1.0,1.0,133.0
6.7,134,EV-LAB-001,NORMAL_BASELINE,66.52,66.76,66.3,2.2,39.2,2.6,1.0,2.0,2.0,3659.0,399.0,86.80000000000001,31.0,0.013000000000000001,2.1,2.0,2.0,67.0,0.0,0.0,0.0,0.0,-0.1,0.0,1.8,1.0,1.0,1.0,1.0,0.0,66.53,0.010000000000005116,34.6332,31.0,0.013000000000000001,2.1,4.0,0.05,True,False,False,125.30000000000001,1.0,80.0,98.0,1.0,1.0,126.30000000000001,79.0,2.0,134.0,0.0,0.0,1.0,1.0,12.58,1.0,1.0,1.0,0.0,0.0,0.0,1.0,134.0,0.0,0.0,0.0,0.0,1.0,1.0,50.0,50.0,1.0,1.0,1.0,134.0
6.75,135,EV-LAB-001,NORMAL_BASELINE,66.47,66.75,66.31,2.1,39.2,2.6,1.0,2.0,2.0,3656.0,398.0,87.9,31.0,0.011,2.0,2.0,2.0,67.0,0.0,0.0,0.0,0.0,-0.1,0.0,1.6,1.0,1.0,1.0,1.0,0.0,66.53,0.060000000000002274,34.9842,31.0,0.011,2.0,3.7,0.05,True,False,False,125.2,1.0,80.0,98.0,1.0,1.0,126.2,80.0,2.0,135.0,0.0,0.0,1.0,1.0,12.59,1.0,1.0,1.0,0.0,0.0,0.0,1.0,135.0,0.0,0.0,0.0,0.0,1.0,1.0,50.0,50.0,1.0,1.0,1.0,135.0
6.8,136,EV-LAB-001,NORMAL_BASELINE,66.42,66.55,66.26,2.1,40.800000000000004,2.6,1.0,2.0,2.0,3653.0,398.0,89.10000000000001,32.0,0.013000000000000001,1.9000000000000001,2.0,2.0,67.0,0.0,0.0,0.0,0.0,-0.1,0.0,1.7000000000000002,1.0,1.0,1.0,1.0,0.0,66.405,0.015000000000000568,35.461800000000004,32.0,0.013000000000000001,1.9000000000000001,3.8000000000000003,0.05,True,False,False,127.4,1.0,80.0,98.0,1.0,1.0,128.1,79.0,2.0,136.0,0.0,0.0,1.0,1.0,12.65,1.0,1.0,1.0,0.0,0.0,0.0,1.0,136.0,0.0,0.0,0.0,0.0,1.0,1.0,50.0,50.0,1.0,1.0,1.0,136.0
6.85,137,EV-LAB-001,NORMAL_BASELINE,66.37,66.7,66.22,2.0,39.2,2.6,1.0,2.0,2.0,3650.0,398.90000000000003,88.0,31.0,0.009000000000000001,1.8,2.0,2.0,67.0,0.0,0.0,0.0,0.0,-0.1,0.0,1.6,1.0,1.0,1.0,1.0,0.0,66.46000000000001,0.09000000000000341,35.1032,31.0,0.009000000000000001,1.8,3.6,0.05,True,False,False,125.2,1.0,80.0,98.0,1.0,1.0,125.0,80.0,2.0,137.0,0.0,0.0,1.0,1.0,12.55,1.0,1.0,1.0,0.0,0.0,0.0,1.0,137.0,0.0,0.0,0.0,0.0,1.0,1.0,50.0,50.0,1.0,1.0,1.0,137.0
6.9,138,EV-LAB-001,NORMAL_BASELINE,66.32000000000001,66.64,66.14,2.0,40.0,2.6,1.0,2.0,2.0,3647.0,398.6,88.5,31.0,0.014,2.0,2.0,2.0,67.0,0.0,0.0,0.0,0.0,-0.1,0.0,1.7000000000000002,1.0,1.0,1.0,1.0,0.0,66.39,0.06999999999999318,35.2761,31.0,0.014,2.0,3.7,0.05,True,False,False,126.5,1.0,80.0,98.0,1.0,1.0,126.30000000000001,78.0,2.0,138.0,0.0,0.0,1.0,1.0,12.57,1.0,1.0,1.0,0.0,0.0,0.0,1.0,138.0,0.0,0.0,0.0,0.0,1.0,1.0,50.0,50.0,1.0,1.0,1.0,138.0
6.95,139,EV-LAB-001,NORMAL_BASELINE,66.27,66.59,66.06,2.0,39.2,2.6,1.0,2.0,2.0,3645.0,398.20000000000005,86.60000000000001,31.0,0.01,2.1,2.0,2.0,66.0,0.0,0.0,0.0,0.0,-0.1,0.0,1.5,1.0,1.0,1.0,1.0,0.0,66.325,0.05500000000000682,34.48412000000001,31.0,0.01,2.1,3.5,0.05,True,False,False,125.2,1.0,80.0,98.0,1.0,1.0,126.80000000000001,80.0,2.0,139.0,0.0,0.0,1.0,1.0,12.59,1.0,1.0,1.0,0.0,0.0,0.0,1.0,139.0,0.0,0.0,0.0,0.0,1.0,1.0,50.0,50.0,1.0,1.0,1.0,139.0
7.0,140,EV-LAB-001,NORMAL_BASELINE,66.22,66.47,66.02,1.9000000000000001,39.6,2.6,1.0,2.0,2.0,3642.0,397.8,87.60000000000001,31.0,0.014,1.9000000000000001,2.0,2.0,67.0,0.0,0.0,0.0,0.0,-0.1,0.0,1.6,1.0,1.0,1.0,1.0,0.0,66.245,0.025000000000005684,34.847280000000005,31.0,0.014,1.9000000000000001,3.5,0.05,True,False,False,125.60000000000001,1.0,80.0,98.0,1.0,1.0,124.0,80.0,2.0,140.0,0.0,0.0,1.0,1.0,12.58,1.0,1.0,1.0,0.0,0.0,0.0,1.0,140.0,0.0,0.0,0.0,0.0,1.0,1.0,50.0,50.0,1.0,1.0,1.0,140.0
7.05,141,EV-LAB-001,NORMAL_BASELINE,66.16,66.45,65.89,1.9000000000000001,40.400000000000006,2.6,1.0,2.0,2.0,3639.0,398.6,88.9,31.0,0.01,2.2,2.0,2.0,67.0,0.0,0.0,0.0,0.0,-0.1,-0.01,1.4000000000000001,1.0,1.0,1.0,1.0,0.0,66.17,0.010000000000005116,35.43554,31.0,0.01,2.2,3.3000000000000003,0.05,True,False,False,126.80000000000001,1.0,80.0,98.0,1.0,1.0,126.9,79.0,2.0,141.0,0.0,0.0,1.0,1.0,12.620000000000001,1.0,1.0,1.0,0.0,0.0,0.0,1.0,141.0,0.0,0.0,0.0,0.0,1.0,1.0,50.0,50.0,1.0,1.0,1.0,141.0
7.1,142,EV-LAB-001,NORMAL_BASELINE,66.11,66.4,66.07000000000001,1.9000000000000001,39.6,2.6,1.0,2.0,2.0,3636.0,398.5,87.10000000000001,31.0,0.01,1.9000000000000001,2.0,2.0,67.0,0.0,0.0,0.0,0.0,-0.1,0.0,1.5,1.0,1.0,1.0,1.0,0.0,66.23500000000001,0.1250000000000142,34.70935000000001,31.0,0.01,1.9000000000000001,3.4000000000000004,0.05,True,False,False,125.7,1.0,80.0,98.0,1.0,1.0,128.4,79.0,2.0,142.0,0.0,0.0,1.0,1.0,12.65,1.0,1.0,1.0,0.0,0.0,0.0,1.0,142.0,0.0,0.0,0.0,0.0,1.0,1.0,50.0,50.0,1.0,1.0,1.0,142.0
7.15,143,EV-LAB-001,NORMAL_BASELINE,66.06,66.33,65.93,1.8,41.2,2.6,1.0,2.0,2.0,3634.0,398.20000000000005,88.60000000000001,31.0,0.012,2.2,2.0,2.0,67.0,0.0,0.0,0.0,0.0,-0.1,0.0,1.5,1.0,1.0,1.0,1.0,0.0,66.13,0.06999999999999318,35.28052,31.0,0.012,2.2,3.3,0.05,True,False,False,127.7,1.0,80.0,98.0,1.0,1.0,125.4,79.0,2.0,143.0,0.0,0.0,1.0,1.0,12.57,1.0,1.0,1.0,0.0,0.0,0.0,1.0,143.0,0.0,0.0,0.0,0.0,1.0,1.0,50.0,50.0,1.0,1.0,1.0,143.0
7.2,144,EV-LAB-001,NORMAL_BASELINE,66.01,66.22,65.84,1.8,38.400000000000006,2.5,1.0,2.0,2.0,3631.0,398.3,88.5,32.0,0.008,1.6,2.0,2.0,67.0,0.0,0.0,0.0,0.0,-0.1,-0.01,1.5,1.0,1.0,1.0,1.0,0.0,66.03,0.01999999999999602,35.249550000000006,32.0,0.008,1.6,3.3,0.05,True,False,False,124.30000000000001,1.0,80.0,98.0,1.0,1.0,124.80000000000001,79.0,2.0,144.0,0.0,0.0,1.0,1.0,12.59,1.0,1.0,1.0,0.0,0.0,0.0,1.0,144.0,0.0,0.0,0.0,0.0,1.0,1.0,50.0,50.0,1.0,1.0,1.0,144.0
7.25,145,EV-LAB-001,NORMAL_BASELINE,65.96000000000001,66.22,65.82000000000001,1.8,40.0,2.5,1.0,2.0,2.0,3628.0,398.40000000000003,87.80000000000001,31.0,0.015,1.8,2.0,2.0,67.0,0.0,0.0,0.0,0.0,-0.1,-0.01,1.3,1.0,1.0,1.0,1.0,0.0,66.02000000000001,0.060000000000002274,34.97952,31.0,0.015,1.8,3.1,0.05,True,False,False,126.30000000000001,1.0,80.0,98.0,1.0,1.0,125.80000000000001,78.0,2.0,145.0,0.0,0.0,1.0,1.0,12.66,1.0,1.0,1.0,0.0,0.0,0.0,1.0,145.0,0.0,0.0,0.0,0.0,1.0,1.0,50.0,50.0,1.0,1.0,1.0,145.0
7.3,146,EV-LAB-001,NORMAL_BASELINE,65.92,66.15,65.61,1.7000000000000002,38.800000000000004,2.5,1.0,2.0,2.0,3625.0,399.40000000000003,87.60000000000001,31.0,0.012,2.2,2.0,2.0,67.0,0.0,0.0,0.0,0.0,-0.1,-0.01,1.4000000000000001,1.0,1.0,1.0,1.0,0.0,65.88,0.04000000000000625,34.98744000000001,31.0,0.012,2.2,3.1000000000000005,0.05,True,False,False,124.9,1.0,80.0,98.0,1.0,1.0,128.1,79.0,2.0,146.0,0.0,0.0,1.0,1.0,12.65,1.0,1.0,1.0,0.0,0.0,0.0,1.0,146.0,0.0,0.0,0.0,0.0,1.0,1.0,50.0,50.0,1.0,1.0,1.0,146.0
7.35,147,EV-LAB-001,NORMAL_BASELINE,65.87,66.17,65.84,1.7000000000000002,38.800000000000004,2.5,1.0,2.0,2.0,3623.0,398.3,88.2,31.0,0.012,2.3000000000000003,2.0,2.0,66.0,0.0,0.0,0.0,0.0,-0.1,-0.01,1.3,1.0,1.0,1.0,1.0,0.0,66.005,0.1349999999999909,35.13006000000001,31.0,0.012,2.3000000000000003,3.0,0.05,True,False,False,125.2,1.0,80.0,98.0,1.0,1.0,126.5,80.0,2.0,147.0,0.0,0.0,1.0,1.0,12.61,1.0,1.0,1.0,0.0,0.0,0.0,1.0,147.0,0.0,0.0,0.0,0.0,1.0,1.0,50.0,50.0,1.0,1.0,1.0,147.0
7.4,148,EV-LAB-001,NORMAL_BASELINE,65.82000000000001,66.13,65.58,1.7000000000000002,39.6,2.5,1.0,2.0,2.0,3620.0,398.40000000000003,90.60000000000001,31.0,0.011,2.1,2.0,2.0,66.0,0.0,0.0,0.0,0.0,-0.1,-0.01,1.4000000000000001,1.0,1.0,1.0,1.0,0.0,65.85499999999999,0.03499999999998238,36.09504000000001,31.0,0.011,2.1,3.1000000000000005,0.05,True,False,False,126.10000000000001,1.0,80.0,98.0,1.0,1.0,127.0,79.0,2.0,148.0,0.0,0.0,1.0,1.0,12.65,1.0,1.0,1.0,0.0,0.0,0.0,1.0,148.0,0.0,0.0,0.0,0.0,1.0,1.0,50.0,50.0,1.0,1.0,1.0,148.0
7.45,149,EV-LAB-001,NORMAL_BASELINE,65.77,65.9,65.57000000000001,1.6,40.400000000000006,2.4000000000000004,1.0,2.0,2.0,3617.0,398.20000000000005,88.10000000000001,32.0,0.015,2.1,2.0,2.0,66.0,0.0,0.0,0.0,0.0,-0.1,-0.01,1.3,1.0,1.0,1.0,1.0,0.0,65.73500000000001,0.03499999999998238,35.08142000000001,32.0,0.015,2.1,2.9000000000000004,0.05,True,False,False,127.10000000000001,1.0,80.0,98.0,1.0,1.0,123.60000000000001,80.0,2.0,149.0,0.0,0.0,1.0,1.0,12.61,1.0,1.0,1.0,0.0,0.0,0.0,1.0,149.0,0.0,0.0,0.0,0.0,1.0,1.0,50.0,50.0,1.0,1.0,1.0,149.0
7.5,150,EV-LAB-001,NORMAL_BASELINE,65.72,65.86,65.49,1.6,40.800000000000004,2.4000000000000004,1.0,2.0,2.0,3615.0,398.1,87.60000000000001,31.0,0.014,2.0,2.0,2.0,67.0,0.0,0.0,0.0,0.0,-0.1,-0.01,1.3,1.0,1.0,1.0,1.0,0.0,65.675,0.045000000000001705,34.873560000000005,31.0,0.014,2.0,2.9000000000000004,0.05,True,False,False,127.30000000000001,1.0,80.0,98.0,1.0,1.0,124.4,80.0,2.0,150.0,0.0,0.0,1.0,1.0,12.6,1.0,1.0,1.0,0.0,0.0,0.0,1.0,150.0,0.0,0.0,0.0,0.0,1.0,1.0,50.0,50.0,1.0,1.0,1.0,150.0
7.55,151,EV-LAB-001,NORMAL_BASELINE,65.68,65.85,65.55,1.6,38.800000000000004,2.4000000000000004,1.0,2.0,2.0,3612.0,399.0,87.5,32.0,0.012,1.9000000000000001,2.0,2.0,68.0,0.0,0.0,0.0,0.0,-0.1,-0.01,1.2000000000000002,1.0,1.0,1.0,1.0,0.0,65.69999999999999,0.01999999999998181,34.9125,32.0,0.012,1.9000000000000001,2.8000000000000003,0.05,True,False,False,124.9,1.0,80.0,98.0,1.0,1.0,125.10000000000001,80.0,2.0,151.0,0.0,0.0,1.0,1.0,12.61,1.0,1.0,1.0,0.0,0.0,0.0,1.0,151.0,0.0,0.0,0.0,0.0,1.0,1.0,50.0,50.0,1.0,1.0,1.0,151.0
7.6,152,EV-LAB-001,NORMAL_BASELINE,65.63,65.81,65.3,1.5,40.0,2.4000000000000004,1.0,2.0,2.0,3610.0,398.70000000000005,89.60000000000001,32.0,0.011,1.9000000000000001,2.0,2.0,66.0,0.0,0.0,0.0,0.0,-0.1,-0.01,1.2000000000000002,1.0,1.0,1.0,1.0,0.0,65.555,0.07499999999998863,35.72352,32.0,0.011,1.9000000000000001,2.7,0.05,True,False,False,126.4,1.0,80.0,98.0,1.0,1.0,126.9,79.0,2.0,152.0,0.0,0.0,1.0,1.0,12.63,1.0,1.0,1.0,0.0,0.0,0.0,1.0,152.0,0.0,0.0,0.0,0.0,1.0,1.0,50.0,50.0,1.0,1.0,1.0,152.0
7.65,153,EV-LAB-001,NORMAL_BASELINE,65.58,65.89,65.38,1.5,38.800000000000004,2.4000000000000004,1.0,2.0,2.0,3607.0,398.5,87.0,31.0,0.014,2.0,2.0,2.0,67.0,0.0,0.0,0.0,0.0,-0.09,-0.01,1.1,1.0,1.0,1.0,1.0,0.0,65.63499999999999,0.05499999999999261,34.6695,31.0,0.014,2.0,2.6,0.05,True,False,False,124.9,1.0,80.0,98.0,1.0,1.0,122.4,79.0,2.0,153.0,0.0,0.0,1.0,1.0,12.64,1.0,1.0,1.0,0.0,0.0,0.0,1.0,153.0,0.0,0.0,0.0,0.0,1.0,1.0,50.0,50.0,1.0,1.0,1.0,153.0
7.7,154,EV-LAB-001,NORMAL_BASELINE,65.54,65.66,65.39,1.5,40.400000000000006,2.3000000000000003,1.0,2.0,2.0,3605.0,398.70000000000005,89.0,32.0,0.009000000000000001,2.0,2.0,2.0,68.0,0.0,0.0,0.0,0.0,-0.09,-0.01,1.1,1.0,1.0,1.0,1.0,0.0,65.525,0.015000000000000568,35.484300000000005,32.0,0.009000000000000001,2.0,2.6,0.05,True,False,False,126.9,1.0,80.0,98.0,1.0,1.0,127.9,79.0,2.0,154.0,0.0,0.0,1.0,1.0,12.64,1.0,1.0,1.0,0.0,0.0,0.0,1.0,154.0,0.0,0.0,0.0,0.0,1.0,1.0,50.0,50.0,1.0,1.0,1.0,154.0
7.75,155,EV-LAB-001,NORMAL_BASELINE,65.49,65.82000000000001,65.23,1.4000000000000001,38.800000000000004,2.3000000000000003,1.0,2.0,2.0,3602.0,397.90000000000003,86.60000000000001,31.0,0.01,2.1,2.0,2.0,67.0,0.0,0.0,0.0,0.0,-0.09,-0.01,1.2000000000000002,1.0,1.0,1.0,1.0,0.0,65.525,0.0350000000000108,34.45814000000001,31.0,0.01,2.1,2.6000000000000005,0.05,True,False,False,124.9,1.0,80.0,98.0,1.0,1.0,128.4,79.0,2.0,155.0,0.0,0.0,1.0,1.0,12.68,1.0,1.0,1.0,0.0,0.0,0.0,1.0,155.0,0.0,0.0,0.0,0.0,1.0,1.0,50.0,50.0,1.0,1.0,1.0,155.0
7.8,156,EV-LAB-001,NORMAL_BASELINE,65.45,65.57000000000001,65.36,1.4000000000000001,40.800000000000004,2.3000000000000003,1.0,2.0,2.0,3600.0,398.40000000000003,88.2,32.0,0.012,1.7000000000000002,2.0,2.0,66.0,0.0,0.0,0.0,0.0,-0.09,-0.01,1.2000000000000002,1.0,1.0,1.0,1.0,0.0,65.465,0.015000000000000568,35.13888000000001,32.0,0.012,1.7000000000000002,2.6000000000000005,0.05,True,False,False,127.7,1.0,80.0,98.0,1.0,1.0,131.1,79.0,2.0,156.0,0.0,0.0,1.0,1.0,12.66,1.0,1.0,1.0,0.0,0.0,0.0,1.0,156.0,0.0,0.0,0.0,0.0,1.0,1.0,50.0,50.0,1.0,1.0,1.0,156.0
7.85,157,EV-LAB-001,NORMAL_BASELINE,65.4,65.73,65.18,1.4000000000000001,39.2,2.2,1.0,1.6,2.0,3597.0,398.1,87.80000000000001,32.0,0.011,1.9000000000000001,2.0,2.0,67.0,0.0,0.0,0.0,0.0,-0.09,-0.01,1.1,1.0,1.0,1.0,1.0,0.0,65.45500000000001,0.05500000000000682,34.95318000000001,32.0,0.011,1.9000000000000001,2.5,0.05,True,False,False,125.4,1.0,80.0,98.0,1.0,1.0,130.0,78.0,2.0,157.0,0.0,0.0,1.0,1.0,12.63,1.0,1.0,1.0,0.0,0.0,0.0,1.0,157.0,0.0,0.0,0.0,0.0,1.0,1.0,50.0,50.0,1.0,1.0,1.0,157.0
7.9,158,EV-LAB-001,NORMAL_BASELINE,65.36,65.65,65.04,1.3,39.2,2.2,1.0,1.6,2.0,3595.0,398.5,87.0,31.0,0.012,1.9000000000000001,2.0,2.0,67.0,0.0,0.0,0.0,0.0,-0.09,-0.01,1.1,1.0,1.0,1.0,1.0,0.0,65.345,0.015000000000000568,34.6695,31.0,0.012,1.9000000000000001,2.4000000000000004,0.05,True,False,False,125.5,1.0,80.0,98.0,1.0,1.0,123.4,79.0,2.0,158.0,0.0,0.0,1.0,1.0,12.620000000000001,1.0,1.0,1.0,0.0,0.0,0.0,1.0,158.0,0.0,0.0,0.0,0.0,1.0,1.0,50.0,50.0,1.0,1.0,1.0,158.0
7.95,159,EV-LAB-001,NORMAL_BASELINE,65.32000000000001,65.6,65.2,1.3,40.0,2.2,1.0,1.6,2.0,3592.0,398.90000000000003,89.4,31.0,0.014,2.0,2.0,2.0,67.0,0.0,0.0,0.0,0.0,-0.09,-0.01,1.0,1.0,1.0,1.0,1.0,0.0,65.4,0.0799999999999983,35.661660000000005,31.0,0.014,2.0,2.3,0.05,True,False,False,126.7,1.0,80.0,98.0,1.0,1.0,126.9,79.0,2.0,159.0,0.0,0.0,1.0,1.0,12.64,1.0,1.0,1.0,0.0,0.0,0.0,1.0,159.0,0.0,0.0,0.0,0.0,1.0,1.0,50.0,50.0,1.0,1.0,1.0,159.0
8.0,160,EV-LAB-001,NORMAL_BASELINE,65.27,65.71000000000001,64.95,1.3,38.800000000000004,2.2,1.0,1.6,2.0,3590.0,398.3,88.9,32.0,0.013000000000000001,1.8,2.0,2.0,67.0,0.0,0.0,0.0,0.0,-0.09,-0.01,1.0,1.0,1.0,1.0,1.0,0.0,65.33000000000001,0.060000000000016485,35.40887,32.0,0.013000000000000001,1.8,2.3,0.05,True,False,False,125.4,1.0,80.0,98.0,1.0,1.0,125.9,79.0,2.0,160.0,0.0,0.0,1.0,1.0,12.61,1.0,1.0,1.0,0.0,0.0,0.0,1.0,160.0,0.0,0.0,0.0,0.0,1.0,1.0,50.0,50.0,1.0,1.0,1.0,160.0
8.05,161,EV-LAB-001,NORMAL_BASELINE,65.23,65.49,65.14,1.3,39.6,2.1,1.0,1.6,2.0,3588.0,398.8,88.2,31.0,0.01,1.9000000000000001,2.0,2.0,67.0,0.0,0.0,0.0,0.0,-0.09,-0.01,1.0,1.0,1.0,1.0,1.0,0.0,65.315,0.08499999999999375,35.17416,31.0,0.01,1.9000000000000001,2.3,0.05,True,False,False,126.4,1.0,80.0,98.0,1.0,1.0,127.2,79.0,2.0,161.0,0.0,0.0,1.0,1.0,12.530000000000001,1.0,1.0,1.0,0.0,0.0,0.0,1.0,161.0,0.0,0.0,0.0,0.0,1.0,1.0,50.0,50.0,1.0,1.0,1.0,161.0
8.1,162,EV-LAB-001,NORMAL_BASELINE,65.19,65.48,64.98,1.2000000000000002,39.6,2.1,1.0,1.6,2.0,3586.0,399.5,87.60000000000001,31.0,0.015,1.8,2.0,2.0,67.0,0.0,0.0,0.0,0.0,-0.08,-0.01,1.1,1.0,1.0,1.0,1.0,0.0,65.23,0.04000000000000625,34.9962,31.0,0.015,1.8,2.3000000000000003,0.05,True,False,False,125.9,1.0,80.0,98.0,1.0,1.0,127.2,79.0,2.0,162.0,0.0,0.0,1.0,1.0,12.64,1.0,1.0,1.0,0.0,0.0,0.0,1.0,162.0,0.0,0.0,0.0,0.0,1.0,1.0,50.0,50.0,1.0,1.0,1.0,162.0
8.15,163,EV-LAB-001,NORMAL_BASELINE,65.15,65.43,64.88,1.2000000000000002,38.400000000000006,2.1,1.0,1.6,2.0,3583.0,398.3,86.10000000000001,32.0,0.011,2.0,2.0,2.0,66.0,0.0,0.0,0.0,0.0,-0.08,-0.01,1.0,1.0,1.0,1.0,1.0,0.0,65.155,0.0049999999999954525,34.29363000000001,32.0,0.011,2.0,2.2,0.05,True,False,False,124.60000000000001,1.0,80.0,98.0,1.0,1.0,123.60000000000001,78.0,2.0,163.0,0.0,0.0,1.0,1.0,12.66,1.0,1.0,1.0,0.0,0.0,0.0,1.0,163.0,0.0,0.0,0.0,0.0,1.0,1.0,50.0,50.0,1.0,1.0,1.0,163.0
8.2,164,EV-LAB-001,NORMAL_BASELINE,65.11,65.42,64.78,1.2000000000000002,38.800000000000004,2.0,1.0,1.6,2.0,3581.0,398.20000000000005,86.30000000000001,31.0,0.011,2.2,2.0,2.0,66.0,0.0,0.0,0.0,0.0,-0.08,-0.01,1.0,1.0,1.0,1.0,1.0,0.0,65.1,0.010000000000005116,34.36466000000001,31.0,0.011,2.2,2.2,0.05,True,False,False,125.10000000000001,1.0,80.0,98.0,1.0,1.0,124.30000000000001,79.0,2.0,164.0,0.0,0.0,1.0,1.0,12.63,1.0,1.0,1.0,0.0,0.0,0.0,1.0,164.0,0.0,0.0,0.0,0.0,1.0,1.0,50.0,50.0,1.0,1.0,1.0,164.0
8.25,165,EV-LAB-001,NORMAL_BASELINE,65.07000000000001,65.43,64.81,1.1,38.0,2.0,1.0,1.6,2.0,3579.0,398.0,86.7,32.0,0.014,1.9000000000000001,2.0,2.0,66.0,0.0,0.0,0.0,0.0,-0.08,-0.02,0.9,1.0,1.0,1.0,1.0,0.0,65.12,0.04999999999999716,34.5066,32.0,0.014,1.9000000000000001,2.0,0.05,True,False,False,124.30000000000001,1.0,80.0,98.0,1.0,1.0,126.7,78.0,2.0,165.0,0.0,0.0,1.0,1.0,12.59,1.0,1.0,1.0,0.0,0.0,0.0,1.0,165.0,0.0,0.0,0.0,0.0,1.0,1.0,50.0,50.0,1.0,1.0,1.0,165.0
8.3,166,EV-LAB-001,NORMAL_BASELINE,65.03,65.4,64.82000000000001,1.1,40.0,2.0,1.0,1.6,2.0,3577.0,398.8,88.60000000000001,31.0,0.012,1.8,2.0,2.0,66.0,0.0,0.0,0.0,0.0,-0.08,-0.02,0.9,1.0,1.0,1.0,1.0,0.0,65.11000000000001,0.0800000000000125,35.33368000000001,31.0,0.012,1.8,2.0,0.05,True,False,False,126.5,1.0,80.0,98.0,1.0,1.0,126.2,78.0,2.0,166.0,0.0,0.0,1.0,1.0,12.61,1.0,1.0,1.0,0.0,0.0,0.0,1.0,166.0,0.0,0.0,0.0,0.0,1.0,1.0,50.0,50.0,1.0,1.0,1.0,166.0
8.35,167,EV-LAB-001,NORMAL_BASELINE,65.0,65.26,64.69,1.1,39.2,1.9000000000000001,1.0,1.6,2.0,3575.0,397.6,89.5,32.0,0.015,2.1,2.0,2.0,66.0,0.0,0.0,0.0,0.0,-0.08,-0.01,0.9,1.0,1.0,1.0,1.0,0.0,64.975,0.025000000000005684,35.58520000000001,32.0,0.015,2.1,2.0,0.05,True,False,False,126.0,1.0,80.0,98.0,1.0,1.0,126.10000000000001,79.0,2.0,167.0,0.0,0.0,1.0,1.0,12.61,1.0,1.0,1.0,0.0,0.0,0.0,1.0,167.0,0.0,0.0,0.0,0.0,1.0,1.0,50.0,50.0,1.0,1.0,1.0,167.0
8.4,168,EV-LAB-001,NORMAL_BASELINE,64.96000000000001,65.12,64.77,1.1,38.800000000000004,1.9000000000000001,1.0,1.6,2.0,3573.0,398.6,87.10000000000001,32.0,0.01,2.0,2.0,2.0,67.0,0.0,0.0,0.0,0.0,-0.08,-0.02,0.9,1.0,1.0,1.0,1.0,0.0,64.945,0.01500000000001478,34.71806000000001,32.0,0.01,2.0,2.0,0.05,True,False,False,125.10000000000001,1.0,80.0,98.0,1.0,1.0,126.30000000000001,78.0,2.0,168.0,0.0,0.0,1.0,1.0,12.6,1.0,1.0,1.0,0.0,0.0,0.0,1.0,168.0,0.0,0.0,0.0,0.0,1.0,1.0,50.0,50.0,1.0,1.0,1.0,168.0
8.45,169,EV-LAB-001,NORMAL_BASELINE,64.92,65.19,64.76,1.0,38.800000000000004,1.9000000000000001,1.0,1.6,2.0,3571.0,398.70000000000005,89.2,32.0,0.012,1.9000000000000001,2.0,2.0,66.0,0.0,0.0,0.0,0.0,-0.08,-0.02,0.8,1.0,1.0,1.0,1.0,0.0,64.975,0.05499999999999261,35.564040000000006,32.0,0.012,1.9000000000000001,1.8,0.05,True,False,False,125.5,1.0,80.0,98.0,1.0,1.0,127.10000000000001,78.0,2.0,169.0,0.0,0.0,1.0,1.0,12.58,1.0,1.0,1.0,0.0,0.0,0.0,1.0,169.0,0.0,0.0,0.0,0.0,1.0,1.0,50.0,50.0,1.0,1.0,1.0,169.0
8.5,170,EV-LAB-001,NORMAL_BASELINE,64.88,65.12,64.63,1.0,39.2,1.8,1.0,1.6,2.0,3569.0,398.70000000000005,87.60000000000001,31.0,0.014,2.0,2.0,2.0,66.0,0.0,0.0,0.0,0.0,-0.07,-0.01,0.7000000000000001,1.0,1.0,1.0,1.0,0.0,64.875,0.0049999999999954525,34.92612000000001,31.0,0.014,2.0,1.7000000000000002,0.05,True,False,False,125.80000000000001,1.0,80.0,98.0,1.0,1.0,126.10000000000001,80.0,2.0,170.0,0.0,0.0,1.0,1.0,12.59,1.0,1.0,1.0,0.0,0.0,0.0,1.0,170.0,0.0,0.0,0.0,0.0,1.0,1.0,50.0,50.0,1.0,1.0,1.0,170.0
8.55,171,EV-LAB-001,NORMAL_BASELINE,64.85,65.01,64.59,1.0,39.2,1.8,1.0,1.6,2.0,3567.0,398.70000000000005,86.80000000000001,31.0,0.015,2.1,2.0,2.0,67.0,0.0,0.0,0.0,0.0,-0.07,-0.02,0.8,1.0,1.0,1.0,1.0,0.0,64.80000000000001,0.04999999999998295,34.60716000000001,31.0,0.015,2.1,1.8,0.05,True,False,False,126.10000000000001,1.0,80.0,98.0,1.0,1.0,124.4,79.0,2.0,171.0,0.0,0.0,1.0,1.0,12.620000000000001,1.0,1.0,1.0,0.0,0.0,0.0,1.0,171.0,0.0,0.0,0.0,0.0,1.0,1.0,50.0,50.0,1.0,1.0,1.0,171.0
8.6,172,EV-LAB-001,NORMAL_BASELINE,64.81,65.11,64.73,0.9,39.2,1.8,1.0,1.6,2.0,3565.0,398.70000000000005,89.4,31.0,0.009000000000000001,2.2,2.0,2.0,66.0,0.0,0.0,0.0,0.0,-0.07,-0.02,0.8,1.0,1.0,1.0,1.0,0.0,64.92,0.10999999999999943,35.64378000000001,31.0,0.009000000000000001,2.2,1.7000000000000002,0.05,True,False,False,125.9,1.0,80.0,98.0,1.0,1.0,127.0,79.0,2.0,172.0,0.0,0.0,1.0,1.0,12.6,1.0,1.0,1.0,0.0,0.0,0.0,1.0,172.0,0.0,0.0,0.0,0.0,1.0,1.0,50.0,50.0,1.0,1.0,1.0,172.0
8.65,173,EV-LAB-001,NORMAL_BASELINE,64.78,64.99,64.66,0.9,39.2,1.8,1.0,1.6,2.0,3563.0,398.90000000000003,85.7,31.0,0.012,1.9000000000000001,2.0,2.0,67.0,0.0,0.0,0.0,0.0,-0.07,-0.01,0.7000000000000001,1.0,1.0,1.0,1.0,0.0,64.82499999999999,0.044999999999987494,34.18573000000001,31.0,0.012,1.9000000000000001,1.6,0.05,True,False,False,125.80000000000001,1.0,80.0,98.0,1.0,1.0,125.80000000000001,78.0,2.0,173.0,0.0,0.0,1.0,1.0,12.56,1.0,1.0,1.0,0.0,0.0,0.0,1.0,173.0,0.0,0.0,0.0,0.0,1.0,1.0,50.0,50.0,1.0,1.0,1.0,173.0
8.7,174,EV-LAB-001,NORMAL_BASELINE,64.75,65.01,64.56,0.9,38.400000000000006,1.7000000000000002,1.0,1.2000000000000002,2.0,3561.0,398.70000000000005,88.5,32.0,0.009000000000000001,1.9000000000000001,2.0,2.0,67.0,0.0,0.0,0.0,0.0,-0.07,-0.01,0.7000000000000001,1.0,1.0,1.0,1.0,0.0,64.785,0.03499999999999659,35.28495,32.0,0.009000000000000001,1.9000000000000001,1.6,0.05,True,False,False,125.0,1.0,80.0,98.0,1.0,1.0,126.80000000000001,78.0,2.0,174.0,0.0,0.0,1.0,1.0,12.65,1.0,1.0,1.0,0.0,0.0,0.0,1.0,174.0,0.0,0.0,0.0,0.0,1.0,1.0,50.0,50.0,1.0,1.0,1.0,174.0
8.75,175,EV-LAB-001,NORMAL_BASELINE,64.71000000000001,65.0,64.44,0.9,38.400000000000006,1.7000000000000002,1.0,1.2000000000000002,2.0,3559.0,398.70000000000005,87.4,32.0,0.009000000000000001,1.8,2.0,2.0,66.0,0.0,0.0,0.0,0.0,-0.07,-0.01,0.7000000000000001,1.0,1.0,1.0,1.0,0.0,64.72,0.009999999999990905,34.84638,32.0,0.009000000000000001,1.8,1.6,0.05,True,False,False,124.9,1.0,80.0,98.0,1.0,1.0,123.10000000000001,80.0,2.0,175.0,0.0,0.0,1.0,1.0,12.61,1.0,1.0,1.0,0.0,0.0,0.0,1.0,175.0,0.0,0.0,0.0,0.0,1.0,1.0,50.0,50.0,1.0,1.0,1.0,175.0
8.8,176,EV-LAB-001,NORMAL_BASELINE,64.68,64.96000000000001,64.4,0.8,38.400000000000006,1.7000000000000002,1.0,1.2000000000000002,2.0,3557.0,398.20000000000005,87.2,31.0,0.009000000000000001,2.0,2.0,2.0,66.0,0.0,0.0,0.0,0.0,-0.07,-0.01,0.7000000000000001,1.0,1.0,1.0,1.0,0.0,64.68,0.0,34.72304000000001,31.0,0.009000000000000001,2.0,1.5,0.05,True,False,False,125.2,1.0,80.0,98.0,1.0,1.0,128.0,79.0,2.0,176.0,0.0,0.0,1.0,1.0,12.63,1.0,1.0,1.0,0.0,0.0,0.0,1.0,176.0,0.0,0.0,0.0,0.0,1.0,1.0,50.0,50.0,1.0,1.0,1.0,176.0
8.85,177,EV-LAB-001,NORMAL_BASELINE,64.65,64.97,64.47,0.8,38.0,1.6,1.0,1.2000000000000002,2.0,3556.0,398.40000000000003,87.80000000000001,32.0,0.007,2.0,2.0,2.0,67.0,0.0,0.0,0.0,0.0,-0.07,-0.01,0.7000000000000001,1.0,1.0,1.0,1.0,0.0,64.72,0.06999999999999318,34.97952,32.0,0.007,2.0,1.5,0.05,True,False,False,124.4,1.0,80.0,98.0,1.0,1.0,126.5,78.0,2.0,177.0,0.0,0.0,1.0,1.0,12.58,1.0,1.0,1.0,0.0,0.0,0.0,1.0,177.0,0.0,0.0,0.0,0.0,1.0,1.0,50.0,50.0,1.0,1.0,1.0,177.0
8.9,178,EV-LAB-001,NORMAL_BASELINE,64.62,65.08,64.29,0.8,38.800000000000004,1.6,1.0,1.2000000000000002,2.0,3554.0,398.3,86.0,31.0,0.009000000000000001,1.8,2.0,2.0,66.0,0.0,0.0,0.0,0.0,-0.06,-0.01,0.6000000000000001,1.0,1.0,1.0,1.0,0.0,64.685,0.06499999999999773,34.253800000000005,31.0,0.009000000000000001,1.8,1.4000000000000001,0.05,True,False,False,125.5,1.0,80.0,98.0,1.0,1.0,124.60000000000001,78.0,2.0,178.0,0.0,0.0,1.0,1.0,12.64,1.0,1.0,1.0,0.0,0.0,0.0,1.0,178.0,0.0,0.0,0.0,0.0,1.0,1.0,50.0,50.0,1.0,1.0,1.0,178.0
8.95,179,EV-LAB-001,NORMAL_BASELINE,64.58,64.73,64.42,0.7000000000000001,37.6,1.6,1.0,1.2000000000000002,2.0,3552.0,398.90000000000003,86.5,32.0,0.011,2.3000000000000003,2.0,2.0,66.0,0.0,0.0,0.0,0.0,-0.06,-0.01,0.6000000000000001,1.0,1.0,1.0,1.0,0.0,64.575,0.0049999999999954525,34.504850000000005,32.0,0.011,2.3000000000000003,1.3000000000000003,0.05,True,False,False,124.2,1.0,80.0,98.0,1.0,1.0,124.0,78.0,2.0,179.0,0.0,0.0,1.0,1.0,12.540000000000001,1.0,1.0,1.0,0.0,0.0,0.0,1.0,179.0,0.0,0.0,0.0,0.0,1.0,1.0,50.0,50.0,1.0,1.0,1.0,179.0
9.0,180,EV-LAB-001,NORMAL_BASELINE,64.55,64.69,64.38,0.7000000000000001,37.6,1.6,1.0,1.2000000000000002,2.0,3550.0,398.3,87.2,31.0,0.016,1.9000000000000001,2.0,2.0,66.0,0.0,0.0,0.0,0.0,-0.06,-0.02,0.6000000000000001,1.0,1.0,1.0,1.0,0.0,64.535,0.015000000000000568,34.73176,31.0,0.016,1.9000000000000001,1.3000000000000003,0.05,True,False,False,124.2,1.0,80.0,98.0,1.0,1.0,124.0,79.0,2.0,180.0,0.0,0.0,1.0,1.0,12.58,1.0,1.0,1.0,0.0,0.0,0.0,1.0,180.0,0.0,0.0,0.0,0.0,1.0,1.0,50.0,50.0,1.0,1.0,1.0,180.0
9.05,181,EV-LAB-001,NORMAL_BASELINE,64.52,64.71000000000001,64.42,0.7000000000000001,38.400000000000006,1.5,1.0,1.2000000000000002,2.0,3549.0,399.1,88.9,32.0,0.012,2.1,2.0,2.0,66.0,0.0,0.0,0.0,0.0,-0.06,-0.01,0.5,1.0,1.0,1.0,1.0,0.0,64.565,0.045000000000001705,35.47999000000001,32.0,0.012,2.1,1.2000000000000002,0.05,True,False,False,125.0,1.0,80.0,98.0,1.0,1.0,123.4,78.0,2.0,181.0,0.0,0.0,1.0,1.0,12.58,1.0,1.0,1.0,0.0,0.0,0.0,1.0,181.0,0.0,0.0,0.0,0.0,1.0,1.0,50.0,50.0,1.0,1.0,1.0,181.0
9.1,182,EV-LAB-001,NORMAL_BASELINE,64.49,64.72,64.26,0.6000000000000001,37.6,1.5,1.0,1.2000000000000002,2.0,3547.0,397.90000000000003,88.60000000000001,32.0,0.014,1.9000000000000001,2.0,2.0,66.0,0.0,0.0,0.0,0.0,-0.06,-0.01,0.5,1.0,1.0,1.0,1.0,0.0,64.49000000000001,1.4210854715202004e-14,35.25394000000001,32.0,0.014,1.9000000000000001,1.1,0.05,True,False,False,124.30000000000001,1.0,80.0,98.0,1.0,1.0,123.4,79.0,2.0,182.0,0.0,0.0,1.0,1.0,12.66,1.0,1.0,1.0,0.0,0.0,0.0,1.0,182.0,0.0,0.0,0.0,0.0,1.0,1.0,50.0,50.0,1.0,1.0,1.0,182.0
9.15,183,EV-LAB-001,NORMAL_BASELINE,64.46000000000001,64.71000000000001,64.26,0.6000000000000001,38.400000000000006,1.5,1.0,1.2000000000000002,2.0,3546.0,399.1,87.5,32.0,0.007,1.9000000000000001,2.0,2.0,67.0,0.0,0.0,0.0,0.0,-0.06,-0.02,0.5,1.0,1.0,1.0,1.0,0.0,64.48500000000001,0.025000000000005684,34.92125,32.0,0.007,1.9000000000000001,1.1,0.05,True,False,False,124.9,1.0,80.0,98.0,1.0,1.0,127.10000000000001,78.0,2.0,183.0,0.0,0.0,1.0,1.0,12.620000000000001,1.0,1.0,1.0,0.0,0.0,0.0,1.0,183.0,0.0,0.0,0.0,0.0,1.0,1.0,50.0,50.0,1.0,1.0,1.0,183.0
9.2,184,EV-LAB-001,NORMAL_BASELINE,64.44,64.68,64.2,0.6000000000000001,38.800000000000004,1.5,1.0,1.2000000000000002,2.0,3544.0,398.5,87.4,32.0,0.012,2.0,2.0,2.0,66.0,0.0,0.0,0.0,0.0,-0.06,-0.02,0.6000000000000001,1.0,1.0,1.0,1.0,0.0,64.44,0.0,34.828900000000004,32.0,0.012,2.0,1.2000000000000002,0.05,True,False,False,125.7,1.0,80.0,98.0,1.0,1.0,127.7,78.0,2.0,184.0,0.0,0.0,1.0,1.0,12.57,1.0,1.0,1.0,0.0,0.0,0.0,1.0,184.0,0.0,0.0,0.0,0.0,1.0,1.0,50.0,50.0,1.0,1.0,1.0,184.0
9.25,185,EV-LAB-001,NORMAL_BASELINE,64.41,64.64,64.1,0.6000000000000001,37.2,1.5,1.0,1.2000000000000002,2.0,3542.0,398.70000000000005,86.9,32.0,0.009000000000000001,1.7000000000000002,2.0,2.0,66.0,0.0,0.0,0.0,0.0,-0.06,-0.01,0.5,1.0,1.0,1.0,1.0,0.0,64.37,0.03999999999999204,34.64703000000001,32.0,0.009000000000000001,1.7000000000000002,1.1,0.05,True,False,False,123.80000000000001,1.0,80.0,98.0,1.0,1.0,121.10000000000001,79.0,2.0,185.0,0.0,0.0,1.0,1.0,12.620000000000001,1.0,1.0,1.0,0.0,0.0,0.0,1.0,185.0,0.0,0.0,0.0,0.0,1.0,1.0,50.0,50.0,1.0,1.0,1.0,185.0
9.3,186,EV-LAB-001,NORMAL_BASELINE,64.38,64.62,64.21000000000001,0.5,36.800000000000004,1.4000000000000001,1.0,1.2000000000000002,2.0,3541.0,398.20000000000005,84.4,31.0,0.011,1.8,2.0,2.0,66.0,0.0,0.0,0.0,0.0,-0.06,-0.02,0.4,1.0,1.0,1.0,1.0,0.0,64.415,0.0350000000000108,33.60808000000001,31.0,0.011,1.8,0.9,0.05,True,False,False,123.2,1.0,80.0,98.0,1.0,1.0,121.5,78.0,2.0,186.0,0.0,0.0,1.0,1.0,12.57,1.0,1.0,1.0,0.0,0.0,0.0,1.0,186.0,0.0,0.0,0.0,0.0,1.0,1.0,50.0,50.0,1.0,1.0,1.0,186.0
9.35,187,EV-LAB-001,NORMAL_BASELINE,64.35,64.76,64.21000000000001,0.5,38.400000000000006,1.4000000000000001,1.0,1.2000000000000002,2.0,3539.0,398.1,87.0,32.0,0.011,2.1,2.0,2.0,67.0,0.0,0.0,0.0,0.0,-0.06,-0.01,0.4,1.0,1.0,1.0,1.0,0.0,64.48500000000001,0.13500000000001933,34.6347,32.0,0.011,2.1,0.9,0.05,True,False,False,125.30000000000001,1.0,80.0,98.0,1.0,1.0,126.4,78.0,2.0,187.0,0.0,0.0,1.0,1.0,12.56,1.0,1.0,1.0,0.0,0.0,0.0,1.0,187.0,0.0,0.0,0.0,0.0,1.0,1.0,50.0,50.0,1.0,1.0,1.0,187.0
9.4,188,EV-LAB-001,NORMAL_BASELINE,64.32000000000001,64.49,64.21000000000001,0.5,37.6,1.4000000000000001,1.0,1.2000000000000002,2.0,3538.0,398.8,87.4,32.0,0.012,2.0,2.0,2.0,66.0,0.0,0.0,0.0,0.0,-0.06,-0.01,0.2,1.0,1.0,1.0,1.0,0.0,64.35,0.029999999999986926,34.85512,32.0,0.012,2.0,0.7,0.05,True,False,False,124.4,1.0,80.0,98.0,1.0,1.0,124.10000000000001,78.0,2.0,188.0,0.0,0.0,1.0,1.0,12.57,1.0,1.0,1.0,0.0,0.0,0.0,1.0,188.0,0.0,0.0,0.0,0.0,1.0,1.0,50.0,50.0,1.0,1.0,1.0,188.0
9.45,189,EV-LAB-001,NORMAL_BASELINE,64.3,64.44,64.16,0.4,37.2,1.4000000000000001,1.0,1.2000000000000002,2.0,3536.0,398.3,87.7,32.0,0.015,1.9000000000000001,2.0,2.0,66.0,0.0,0.0,0.0,0.0,-0.06,-0.01,0.4,1.0,1.0,1.0,1.0,0.0,64.3,0.0,34.930910000000004,32.0,0.015,1.9000000000000001,0.8,0.05,True,False,False,123.7,1.0,80.0,98.0,1.0,1.0,122.9,78.0,2.0,189.0,0.0,0.0,1.0,1.0,12.540000000000001,1.0,1.0,1.0,0.0,0.0,0.0,1.0,189.0,0.0,0.0,0.0,0.0,1.0,1.0,50.0,50.0,1.0,1.0,1.0,189.0
9.5,190,EV-LAB-001,NORMAL_BASELINE,64.27,64.51,64.04,0.4,37.6,1.4000000000000001,1.0,1.2000000000000002,2.0,3535.0,398.90000000000003,87.60000000000001,31.0,0.013000000000000001,1.9000000000000001,2.0,2.0,66.0,0.0,0.0,0.0,0.0,-0.06,-0.02,0.2,1.0,1.0,1.0,1.0,0.0,64.275,0.005000000000009663,34.94364000000001,31.0,0.013000000000000001,1.9000000000000001,0.6000000000000001,0.05,True,False,False,124.4,1.0,80.0,98.0,1.0,1.0,123.9,79.0,2.0,190.0,0.0,0.0,1.0,1.0,12.58,1.0,1.0,1.0,0.0,0.0,0.0,1.0,190.0,0.0,0.0,0.0,0.0,1.0,1.0,50.0,50.0,1.0,1.0,1.0,190.0
9.55,191,EV-LAB-001,NORMAL_BASELINE,64.24,64.46000000000001,63.92,0.30000000000000004,36.0,1.4000000000000001,1.0,1.2000000000000002,2.0,3533.0,398.5,85.10000000000001,32.0,0.014,2.0,2.0,2.0,66.0,0.0,0.0,0.0,0.0,-0.05,-0.01,0.4,1.0,1.0,1.0,1.0,0.0,64.19,0.04999999999999716,33.91235,32.0,0.014,2.0,0.7000000000000001,0.05,True,False,False,122.4,1.0,80.0,98.0,1.0,1.0,122.10000000000001,79.0,2.0,191.0,0.0,0.0,1.0,1.0,12.59,1.0,1.0,1.0,0.0,0.0,0.0,1.0,191.0,0.0,0.0,0.0,0.0,1.0,1.0,50.0,50.0,1.0,1.0,1.0,191.0
9.6,192,EV-LAB-001,NORMAL_BASELINE,64.22,64.49,63.96,0.30000000000000004,37.2,1.4000000000000001,1.0,1.2000000000000002,2.0,3532.0,398.20000000000005,86.80000000000001,31.0,0.012,1.9000000000000001,2.0,2.0,67.0,0.0,0.0,0.0,0.0,-0.05,-0.01,0.30000000000000004,1.0,1.0,1.0,1.0,0.0,64.225,0.0049999999999954525,34.56376000000001,31.0,0.012,1.9000000000000001,0.6000000000000001,0.05,True,False,False,123.7,1.0,80.0,98.0,1.0,1.0,123.4,79.0,2.0,192.0,0.0,0.0,1.0,1.0,12.63,1.0,1.0,1.0,0.0,0.0,0.0,1.0,192.0,0.0,0.0,0.0,0.0,1.0,1.0,50.0,50.0,1.0,1.0,1.0,192.0
9.65,193,EV-LAB-001,NORMAL_BASELINE,64.19,64.43,63.93,0.30000000000000004,37.6,1.3,1.0,1.2000000000000002,2.0,3530.0,398.1,87.30000000000001,32.0,0.016,2.1,2.0,2.0,67.0,0.0,0.0,0.0,0.0,-0.05,-0.02,0.2,1.0,1.0,1.0,1.0,0.0,64.18,0.009999999999990905,34.75413,32.0,0.016,2.1,0.5,0.05,True,False,False,124.4,1.0,80.0,98.0,1.0,1.0,123.60000000000001,78.0,2.0,193.0,0.0,0.0,1.0,1.0,12.57,1.0,1.0,1.0,0.0,0.0,0.0,1.0,193.0,0.0,0.0,0.0,0.0,1.0,1.0,50.0,50.0,1.0,1.0,1.0,193.0
9.7,194,EV-LAB-001,NORMAL_BASELINE,64.16,64.35,64.0,0.2,37.2,1.3,1.0,1.2000000000000002,2.0,3529.0,398.20000000000005,87.5,32.0,0.011,2.1,2.0,2.0,66.0,0.0,0.0,0.0,0.0,-0.05,-0.02,0.2,1.0,1.0,1.0,1.0,0.0,64.175,0.015000000000000568,34.84250000000001,32.0,0.011,2.1,0.4,0.05,True,False,False,123.80000000000001,1.0,80.0,98.0,1.0,1.0,124.4,77.0,2.0,194.0,0.0,0.0,1.0,1.0,12.6,1.0,1.0,1.0,0.0,0.0,0.0,1.0,194.0,0.0,0.0,0.0,0.0,1.0,1.0,50.0,50.0,1.0,1.0,1.0,194.0
9.75,195,EV-LAB-001,NORMAL_BASELINE,64.14,64.32000000000001,63.95,0.2,37.2,1.3,1.0,1.2000000000000002,2.0,3528.0,398.70000000000005,87.80000000000001,32.0,0.015,1.8,2.0,2.0,65.0,0.0,0.0,0.0,0.0,-0.05,-0.01,0.1,1.0,1.0,1.0,1.0,0.0,64.135,0.0049999999999954525,35.005860000000006,32.0,0.015,1.8,0.30000000000000004,0.05,True,False,False,123.60000000000001,1.0,80.0,98.0,1.0,1.0,123.60000000000001,78.0,2.0,195.0,0.0,0.0,1.0,1.0,12.6,1.0,1.0,1.0,0.0,0.0,0.0,1.0,195.0,0.0,0.0,0.0,0.0,1.0,1.0,50.0,50.0,1.0,1.0,1.0,195.0
9.8,196,EV-LAB-001,NORMAL_BASELINE,64.11,64.42,64.07000000000001,0.2,38.0,1.3,1.0,1.2000000000000002,2.0,3526.0,398.5,88.2,32.0,0.009000000000000001,2.0,2.0,2.0,66.0,0.0,0.0,0.0,0.0,-0.05,-0.01,0.1,1.0,1.0,1.0,1.0,0.0,64.245,0.13500000000000512,35.14770000000001,32.0,0.009000000000000001,2.0,0.30000000000000004,0.05,True,False,False,124.7,1.0,80.0,98.0,1.0,1.0,124.7,78.0,2.0,196.0,0.0,0.0,1.0,1.0,12.540000000000001,1.0,1.0,1.0,0.0,0.0,0.0,1.0,196.0,0.0,0.0,0.0,0.0,1.0,1.0,50.0,50.0,1.0,1.0,1.0,196.0
9.85,197,EV-LAB-001,NORMAL_BASELINE,64.09,64.33,63.85,0.1,36.800000000000004,1.3,1.0,1.2000000000000002,2.0,3525.0,399.20000000000005,86.2,32.0,0.014,2.1,2.0,2.0,66.0,0.0,0.0,0.0,0.0,-0.05,-0.02,0.1,1.0,1.0,1.0,1.0,0.0,64.09,0.0,34.41104000000001,32.0,0.014,2.1,0.2,0.05,True,False,False,123.2,1.0,80.0,98.0,1.0,1.0,123.30000000000001,78.0,2.0,197.0,0.0,0.0,1.0,1.0,12.56,1.0,1.0,1.0,0.0,0.0,0.0,1.0,197.0,0.0,0.0,0.0,0.0,1.0,1.0,50.0,50.0,1.0,1.0,1.0,197.0
9.9,198,EV-LAB-001,NORMAL_BASELINE,64.06,64.34,63.85,0.1,37.2,1.3,1.0,1.2000000000000002,2.0,3523.0,398.1,86.10000000000001,32.0,0.012,2.0,2.0,2.0,66.0,0.0,0.0,0.0,0.0,-0.05,-0.01,0.1,1.0,1.0,1.0,1.0,0.0,64.095,0.03499999999999659,34.276410000000006,32.0,0.012,2.0,0.2,0.05,True,False,False,123.7,1.0,80.0,98.0,1.0,1.0,123.10000000000001,79.0,2.0,198.0,0.0,0.0,1.0,1.0,12.540000000000001,1.0,1.0,1.0,0.0,0.0,0.0,1.0,198.0,0.0,0.0,0.0,0.0,1.0,1.0,50.0,50.0,1.0,1.0,1.0,198.0
9.95,199,EV-LAB-001,NORMAL_BASELINE,64.03,64.28,63.76,0.0,37.2,1.3,1.0,1.2000000000000002,2.0,3522.0,398.3,86.4,32.0,0.014,1.8,2.0,2.0,66.0,0.0,0.0,0.0,0.0,-0.05,-0.01,0.0,1.0,1.0,1.0,1.0,0.0,64.02,0.010000000000005116,34.41312,32.0,0.014,1.8,0.0,0.05,True,False,False,123.9,1.0,80.0,98.0,1.0,1.0,126.4,79.0,2.0,199.0,0.0,0.0,1.0,1.0,12.59,1.0,1.0,1.0,0.0,0.0,0.0,1.0,199.0,0.0,0.0,0.0,0.0,1.0,1.0,50.0,50.0,1.0,1.0,1.0,199.0
10.0,200,EV-LAB-001,NORMAL_BASELINE,64.01,64.23,63.870000000000005,0.0,36.4,1.3,1.0,1.2000000000000002,2.0,3520.0,398.5,85.5,32.0,0.01,2.1,2.0,2.0,66.0,0.0,0.0,0.0,0.0,-0.05,-0.01,0.0,1.0,1.0,1.0,1.0,0.0,64.05000000000001,0.04000000000000625,34.07175,32.0,0.01,2.1,0.0,0.05,True,False,False,122.60000000000001,1.0,80.0,98.0,1.0,1.0,120.0,78.0,2.0,200.0,0.0,0.0,1.0,1.0,12.64,1.0,1.0,1.0,0.0,0.0,0.0,1.0,200.0,0.0,0.0,0.0,0.0,1.0,1.0,50.0,50.0,1.0,1.0,1.0,200.0
10.05,201,EV-LAB-001,NORMAL_BASELINE,63.980000000000004,64.2,63.730000000000004,0.0,36.0,1.3,1.0,1.2000000000000002,2.0,3519.0,398.5,84.9,31.0,0.013000000000000001,2.0,2.0,2.0,67.0,0.0,0.0,0.0,0.0,-0.05,-0.01,0.0,1.0,1.0,1.0,1.0,0.0,63.965,0.015000000000000568,33.83265,31.0,0.013000000000000001,2.0,0.0,0.05,True,False,False,122.30000000000001,1.0,80.0,98.0,1.0,1.0,123.30000000000001,78.0,2.0,201.0,0.0,0.0,1.0,1.0,12.5,1.0,1.0,1.0,0.0,0.0,0.0,1.0,201.0,0.0,0.0,0.0,0.0,1.0,1.0,50.0,50.0,1.0,1.0,1.0,201.0
10.1,202,EV-LAB-001,NORMAL_BASELINE,63.96,64.31,63.86,-0.1,36.0,1.3,1.0,1.2000000000000002,2.0,3518.0,398.5,87.5,32.0,0.012,2.1,2.0,2.0,67.0,0.0,0.0,0.0,0.0,-0.05,-0.02,0.0,1.0,1.0,1.0,1.0,0.0,64.08500000000001,0.1250000000000071,34.86875,32.0,0.012,2.1,0.1,0.05,True,False,False,122.30000000000001,1.0,80.0,98.0,1.0,1.0,120.80000000000001,78.0,2.0,202.0,0.0,0.0,1.0,1.0,12.66,1.0,1.0,1.0,0.0,0.0,0.0,1.0,202.0,0.0,0.0,0.0,0.0,1.0,1.0,50.0,50.0,1.0,1.0,1.0,202.0
10.15,203,EV-LAB-001,NORMAL_BASELINE,63.93,64.21000000000001,63.67,-0.1,37.2,1.3,1.0,1.2000000000000002,2.0,3516.0,398.70000000000005,85.60000000000001,32.0,0.013000000000000001,2.0,2.0,2.0,66.0,0.0,0.0,0.0,0.0,-0.05,-0.01,-0.1,1.0,1.0,1.0,1.0,0.0,63.940000000000005,0.010000000000005116,34.12872000000001,32.0,0.013000000000000001,2.0,0.2,0.05,True,False,False,123.60000000000001,1.0,80.0,98.0,1.0,1.0,125.30000000000001,78.0,2.0,203.0,0.0,0.0,1.0,1.0,12.63,1.0,1.0,1.0,0.0,0.0,0.0,1.0,203.0,0.0,0.0,0.0,0.0,1.0,1.0,50.0,50.0,1.0,1.0,1.0,203.0
10.2,204,EV-LAB-001,NORMAL_BASELINE,63.9,64.17,63.690000000000005,-0.2,36.4,1.3,1.0,1.2000000000000002,2.0,3515.0,398.40000000000003,85.7,32.0,0.013000000000000001,2.1,2.0,2.0,65.0,0.0,0.0,0.0,0.0,-0.05,-0.01,-0.2,1.0,1.0,1.0,1.0,0.0,63.93000000000001,0.030000000000008242,34.142880000000005,32.0,0.013000000000000001,2.1,0.4,0.05,True,False,False,122.60000000000001,1.0,80.0,98.0,1.0,1.0,124.10000000000001,79.0,2.0,204.0,0.0,0.0,1.0,1.0,12.59,1.0,1.0,1.0,0.0,0.0,0.0,1.0,204.0,0.0,0.0,0.0,0.0,1.0,1.0,50.0,50.0,1.0,1.0,1.0,204.0
10.25,205,EV-LAB-001,NORMAL_BASELINE,63.88,64.17,63.54,-0.2,35.6,1.4000000000000001,1.0,1.2000000000000002,2.0,3513.0,397.70000000000005,85.60000000000001,31.0,0.012,2.1,2.0,2.0,66.0,0.0,0.0,0.0,0.0,-0.05,-0.01,-0.2,1.0,1.0,1.0,1.0,0.0,63.855000000000004,0.02499999999999858,34.04312000000001,31.0,0.012,2.1,0.4,0.05,True,False,False,122.0,1.0,80.0,98.0,1.0,1.0,123.5,79.0,2.0,205.0,0.0,0.0,1.0,1.0,12.68,1.0,1.0,1.0,0.0,0.0,0.0,1.0,205.0,0.0,0.0,0.0,0.0,1.0,1.0,50.0,50.0,1.0,1.0,1.0,205.0
10.3,206,EV-LAB-001,NORMAL_BASELINE,63.85,64.1,63.620000000000005,-0.30000000000000004,36.800000000000004,1.4000000000000001,1.0,1.2000000000000002,2.0,3512.0,398.70000000000005,86.10000000000001,31.0,0.011,2.1,2.0,2.0,68.0,0.0,0.0,0.0,0.0,-0.05,-0.01,-0.2,1.0,1.0,1.0,1.0,0.0,63.86,0.00999999999999801,34.328070000000004,31.0,0.011,2.1,0.5,0.05,True,False,False,123.10000000000001,1.0,80.0,98.0,1.0,1.0,117.2,77.0,2.0,206.0,0.0,0.0,1.0,1.0,12.65,1.0,1.0,1.0,0.0,0.0,0.0,1.0,206.0,0.0,0.0,0.0,0.0,1.0,1.0,50.0,50.0,1.0,1.0,1.0,206.0
10.35,207,EV-LAB-001,NORMAL_BASELINE,63.82,64.1,63.77,-0.30000000000000004,37.2,1.4000000000000001,1.0,1.2000000000000002,2.0,3510.0,398.8,87.7,32.0,0.009000000000000001,2.0,2.0,2.0,66.0,0.0,0.0,0.0,0.0,-0.06,-0.01,-0.30000000000000004,1.0,1.0,1.0,1.0,0.0,63.935,0.11500000000000199,34.97476,32.0,0.009000000000000001,2.0,0.6000000000000001,0.05,True,False,False,123.60000000000001,1.0,80.0,98.0,1.0,1.0,121.10000000000001,78.0,2.0,207.0,0.0,0.0,1.0,1.0,12.51,1.0,1.0,1.0,0.0,0.0,0.0,1.0,207.0,0.0,0.0,0.0,0.0,1.0,1.0,50.0,50.0,1.0,1.0,1.0,207.0
10.4,208,EV-LAB-001,NORMAL_BASELINE,63.79,63.95,63.550000000000004,-0.4,36.800000000000004,1.4000000000000001,1.0,1.2000000000000002,2.0,3509.0,398.40000000000003,87.4,32.0,0.013000000000000001,2.0,2.0,2.0,67.0,0.0,0.0,0.0,0.0,-0.06,-0.01,-0.2,1.0,1.0,1.0,1.0,0.0,63.75,0.03999999999999915,34.82016,32.0,0.013000000000000001,2.0,0.6000000000000001,0.05,True,False,False,123.30000000000001,1.0,80.0,98.0,1.0,1.0,122.10000000000001,79.0,2.0,208.0,0.0,0.0,1.0,1.0,12.6,1.0,1.0,1.0,0.0,0.0,0.0,1.0,208.0,0.0,0.0,0.0,0.0,1.0,1.0,50.0,50.0,1.0,1.0,1.0,208.0
10.45,209,EV-LAB-001,NORMAL_BASELINE,63.77,64.03,63.61,-0.4,36.4,1.4000000000000001,1.0,1.2000000000000002,2.0,3507.0,399.1,86.10000000000001,32.0,0.01,2.2,2.0,2.0,67.0,0.0,0.0,0.0,0.0,-0.06,-0.01,-0.4,1.0,1.0,1.0,1.0,0.0,63.82,0.04999999999999716,34.36251,32.0,0.01,2.2,0.8,0.05,True,False,False,122.80000000000001,1.0,80.0,98.0,1.0,1.0,121.7,77.0,2.0,209.0,0.0,0.0,1.0,1.0,12.59,1.0,1.0,1.0,0.0,0.0,0.0,1.0,209.0,0.0,0.0,0.0,0.0,1.0,1.0,50.0,50.0,1.0,1.0,1.0,209.0
10.5,210,EV-LAB-001,NORMAL_BASELINE,63.74,64.06,63.51,-0.5,36.4,1.4000000000000001,1.0,1.2000000000000002,2.0,3506.0,399.20000000000005,85.30000000000001,32.0,0.011,2.2,2.0,2.0,66.0,0.0,0.0,0.0,0.0,-0.06,-0.01,-0.30000000000000004,1.0,1.0,1.0,1.0,0.0,63.785,0.0449999999999946,34.05176000000001,32.0,0.011,2.2,0.8,0.05,True,False,False,122.60000000000001,1.0,80.0,98.0,1.0,1.0,123.30000000000001,79.0,2.0,210.0,0.0,0.0,1.0,1.0,12.51,1.0,1.0,1.0,0.0,0.0,0.0,1.0,210.0,0.0,0.0,0.0,0.0,1.0,1.0,50.0,50.0,1.0,1.0,1.0,210.0
10.55,211,EV-LAB-001,NORMAL_BASELINE,63.71,63.97,63.45,-0.5,35.6,1.5,1.0,1.2000000000000002,2.0,3504.0,399.0,86.30000000000001,32.0,0.01,1.6,2.0,2.0,66.0,0.0,0.0,0.0,0.0,-0.06,-0.01,-0.4,1.0,1.0,1.0,1.0,0.0,63.71,0.0,34.4337,32.0,0.01,1.6,0.9,0.05,True,False,False,121.60000000000001,1.0,80.0,98.0,1.0,1.0,123.7,79.0,2.0,211.0,0.0,0.0,1.0,1.0,12.6,1.0,1.0,1.0,0.0,0.0,0.0,1.0,211.0,0.0,0.0,0.0,0.0,1.0,1.0,50.0,50.0,1.0,1.0,1.0,211.0
10.6,212,EV-LAB-001,NORMAL_BASELINE,63.68,63.79,63.370000000000005,-0.6000000000000001,34.0,1.5,1.0,1.2000000000000002,2.0,3502.0,399.0,85.2,32.0,0.018000000000000002,2.2,2.0,2.0,67.0,0.0,0.0,0.0,0.0,-0.06,-0.01,-0.5,1.0,1.0,1.0,1.0,0.0,63.58,0.10000000000000142,33.994800000000005,32.0,0.018000000000000002,2.2,1.1,0.05,True,False,False,119.9,1.0,80.0,98.0,1.0,1.0,118.5,79.0,2.0,212.0,0.0,0.0,1.0,1.0,12.63,1.0,1.0,1.0,0.0,0.0,0.0,1.0,212.0,0.0,0.0,0.0,0.0,1.0,1.0,50.0,50.0,1.0,1.0,1.0,212.0
10.65,213,EV-LAB-001,NORMAL_BASELINE,63.65,63.79,63.32,-0.6000000000000001,35.6,1.5,1.0,1.2000000000000002,2.0,3501.0,398.5,85.80000000000001,32.0,0.012,2.0,2.0,2.0,66.0,0.0,0.0,0.0,0.0,-0.06,-0.01,-0.5,1.0,1.0,1.0,1.0,0.0,63.555,0.09499999999999886,34.191300000000005,32.0,0.012,2.0,1.1,0.05,True,False,False,121.9,1.0,80.0,98.0,1.0,1.0,122.4,77.0,2.0,213.0,0.0,0.0,1.0,1.0,12.57,1.0,1.0,1.0,0.0,0.0,0.0,1.0,213.0,0.0,0.0,0.0,0.0,1.0,1.0,50.0,50.0,1.0,1.0,1.0,213.0
10.7,214,EV-LAB-001,NORMAL_BASELINE,63.620000000000005,63.800000000000004,63.49,-0.7000000000000001,36.4,1.5,1.0,1.2000000000000002,2.0,3499.0,398.40000000000003,85.30000000000001,32.0,0.014,2.0,2.0,2.0,66.0,0.0,0.0,0.0,0.0,-0.06,-0.01,-0.5,1.0,1.0,1.0,1.0,0.0,63.645,0.02499999999999858,33.983520000000006,32.0,0.014,2.0,1.2000000000000002,0.05,True,False,False,122.60000000000001,1.0,80.0,98.0,1.0,1.0,121.0,78.0,2.0,214.0,0.0,0.0,1.0,1.0,12.6,1.0,1.0,1.0,0.0,0.0,0.0,1.0,214.0,0.0,0.0,0.0,0.0,1.0,1.0,50.0,50.0,1.0,1.0,1.0,214.0
10.75,215,EV-LAB-001,NORMAL_BASELINE,63.59,63.88,63.46,-0.7000000000000001,35.6,1.6,1.0,1.2000000000000002,2.0,3497.0,398.1,84.60000000000001,31.0,0.012,2.1,2.0,2.0,66.0,0.0,0.0,0.0,0.0,-0.06,-0.01,-0.6000000000000001,1.0,1.0,1.0,1.0,0.0,63.67,0.0799999999999983,33.67926,31.0,0.012,2.1,1.3000000000000003,0.05,True,False,False,121.9,1.0,80.0,98.0,1.0,1.0,121.60000000000001,78.0,2.0,215.0,0.0,0.0,1.0,1.0,12.59,1.0,1.0,1.0,0.0,0.0,0.0,1.0,215.0,0.0,0.0,0.0,0.0,1.0,1.0,50.0,50.0,1.0,1.0,1.0,215.0
10.8,216,EV-LAB-001,NORMAL_BASELINE,63.56,63.85,63.39,-0.8,35.2,1.6,1.0,1.2000000000000002,2.0,3496.0,398.5,85.7,32.0,0.013000000000000001,1.7000000000000002,2.0,2.0,66.0,0.0,0.0,0.0,0.0,-0.06,-0.01,-0.6000000000000001,1.0,1.0,1.0,1.0,0.0,63.620000000000005,0.060000000000002274,34.151450000000004,32.0,0.013000000000000001,1.7000000000000002,1.4000000000000001,0.05,True,False,False,121.2,1.0,80.0,98.0,1.0,1.0,118.80000000000001,78.0,2.0,216.0,0.0,0.0,1.0,1.0,12.63,1.0,1.0,1.0,0.0,0.0,0.0,1.0,216.0,0.0,0.0,0.0,0.0,1.0,1.0,50.0,50.0,1.0,1.0,1.0,216.0
10.85,217,EV-LAB-001,NORMAL_BASELINE,63.53,63.72,63.36,-0.8,35.2,1.6,1.0,1.2000000000000002,2.0,3494.0,398.70000000000005,85.7,32.0,0.014,1.9000000000000001,2.0,2.0,65.0,0.0,0.0,0.0,0.0,-0.07,-0.01,-0.7000000000000001,1.0,1.0,1.0,1.0,0.0,63.54,0.00999999999999801,34.16859,32.0,0.014,1.9000000000000001,1.5,0.05,True,False,False,121.4,1.0,80.0,98.0,1.0,1.0,121.7,78.0,2.0,217.0,0.0,0.0,1.0,1.0,12.6,1.0,1.0,1.0,0.0,0.0,0.0,1.0,217.0,0.0,0.0,0.0,0.0,1.0,1.0,50.0,50.0,1.0,1.0,1.0,217.0
10.9,218,EV-LAB-001,NORMAL_BASELINE,63.49,63.83,63.35,-0.9,34.800000000000004,1.7000000000000002,1.0,1.2000000000000002,2.0,3492.0,398.5,85.5,32.0,0.014,2.2,2.0,2.0,66.0,0.0,0.0,0.0,0.0,-0.07,-0.01,-0.6000000000000001,1.0,1.0,1.0,1.0,0.0,63.59,0.10000000000000142,34.07175,32.0,0.014,2.2,1.5,0.05,True,False,False,120.5,1.0,80.0,98.0,1.0,1.0,121.7,78.0,2.0,218.0,0.0,0.0,1.0,1.0,12.59,1.0,1.0,1.0,0.0,0.0,0.0,1.0,218.0,0.0,0.0,0.0,0.0,1.0,1.0,50.0,50.0,1.0,1.0,1.0,218.0
10.95,219,EV-LAB-001,NORMAL_BASELINE,63.46,63.65,63.34,-0.9,33.6,1.7000000000000002,1.0,1.2000000000000002,2.0,3490.0,398.70000000000005,82.60000000000001,31.0,0.011,1.7000000000000002,2.0,2.0,66.0,0.0,0.0,0.0,0.0,-0.07,-0.01,-0.8,1.0,1.0,1.0,1.0,0.0,63.495000000000005,0.035000000000003695,32.93262000000001,31.0,0.011,1.7000000000000002,1.7000000000000002,0.05,True,False,False,119.30000000000001,1.0,80.0,98.0,1.0,1.0,118.4,78.0,2.0,219.0,0.0,0.0,1.0,1.0,12.6,1.0,1.0,1.0,0.0,0.0,0.0,1.0,219.0,0.0,0.0,0.0,0.0,1.0,1.0,50.0,50.0,1.0,1.0,1.0,219.0
11.0,220,EV-LAB-001,NORMAL_BASELINE,63.43,63.78,63.15,-1.0,35.6,1.7000000000000002,1.0,1.2000000000000002,2.0,3488.0,398.40000000000003,84.60000000000001,32.0,0.011,2.4000000000000004,2.0,2.0,66.0,0.0,0.0,0.0,0.0,-0.07,-0.01,-0.8,1.0,1.0,1.0,1.0,0.0,63.465,0.035000000000003695,33.704640000000005,32.0,0.011,2.4000000000000004,1.8,0.05,True,False,False,121.4,1.0,80.0,98.0,1.0,1.0,119.30000000000001,78.0,2.0,220.0,0.0,0.0,1.0,1.0,12.58,1.0,1.0,1.0,0.0,0.0,0.0,1.0,220.0,0.0,0.0,0.0,0.0,1.0,1.0,50.0,50.0,1.0,1.0,1.0,220.0
11.05,221,EV-LAB-001,NORMAL_BASELINE,63.39,63.43,63.300000000000004,-1.1,34.0,1.8,1.0,1.6,2.0,3486.0,398.5,85.9,32.0,0.012,1.9000000000000001,2.0,2.0,66.0,0.0,0.0,0.0,0.0,-0.07,-0.02,-0.8,1.0,1.0,1.0,1.0,0.0,63.365,0.02499999999999858,34.23115,32.0,0.012,1.9000000000000001,1.9000000000000001,0.05,True,False,False,119.5,1.0,80.0,98.0,1.0,1.0,117.5,78.0,2.0,221.0,0.0,0.0,1.0,1.0,12.63,1.0,1.0,1.0,0.0,0.0,0.0,1.0,221.0,0.0,0.0,0.0,0.0,1.0,1.0,50.0,50.0,1.0,1.0,1.0,221.0
11.1,222,EV-LAB-001,NORMAL_BASELINE,63.35,63.45,63.2,-1.1,34.0,1.8,1.0,1.6,2.0,3485.0,398.40000000000003,84.10000000000001,31.0,0.01,2.3000000000000003,2.0,2.0,66.0,0.0,0.0,0.0,0.0,-0.07,-0.01,-1.0,1.0,1.0,1.0,1.0,0.0,63.325,0.02499999999999858,33.50544000000001,31.0,0.01,2.3000000000000003,2.1,0.05,True,False,False,119.7,1.0,80.0,98.0,1.0,1.0,119.5,77.0,2.0,222.0,0.0,0.0,1.0,1.0,12.59,1.0,1.0,1.0,0.0,0.0,0.0,1.0,222.0,0.0,0.0,0.0,0.0,1.0,1.0,50.0,50.0,1.0,1.0,1.0,222.0
11.15,223,EV-LAB-001,NORMAL_BASELINE,63.32,63.550000000000004,63.21,-1.2000000000000002,34.0,1.9000000000000001,1.0,1.6,2.0,3483.0,398.5,83.60000000000001,31.0,0.013000000000000001,1.8,2.0,2.0,67.0,0.0,0.0,0.0,0.0,-0.07,-0.01,-0.9,1.0,1.0,1.0,1.0,0.0,63.38,0.060000000000002274,33.314600000000006,31.0,0.013000000000000001,1.8,2.1,0.05,True,False,False,119.7,1.0,80.0,98.0,1.0,1.0,120.9,77.0,2.0,223.0,0.0,0.0,1.0,1.0,12.620000000000001,1.0,1.0,1.0,0.0,0.0,0.0,1.0,223.0,0.0,0.0,0.0,0.0,1.0,1.0,50.0,50.0,1.0,1.0,1.0,223.0
11.2,224,EV-LAB-001,NORMAL_BASELINE,63.28,63.5,63.13,-1.2000000000000002,34.800000000000004,1.9000000000000001,1.0,1.6,2.0,3480.0,398.70000000000005,83.60000000000001,31.0,0.014,2.0,2.0,2.0,66.0,0.0,0.0,0.0,0.0,-0.08,-0.01,-1.1,1.0,1.0,1.0,1.0,0.0,63.315,0.03499999999999659,33.331320000000005,31.0,0.014,2.0,2.3000000000000003,0.05,True,False,False,120.5,1.0,80.0,98.0,1.0,1.0,120.4,78.0,2.0,224.0,0.0,0.0,1.0,1.0,12.58,1.0,1.0,1.0,0.0,0.0,0.0,1.0,224.0,0.0,0.0,0.0,0.0,1.0,1.0,50.0,50.0,1.0,1.0,1.0,224.0
11.25,225,EV-LAB-001,NORMAL_BASELINE,63.24,63.58,63.03,-1.3,33.6,2.0,1.0,1.6,2.0,3478.0,398.70000000000005,84.0,32.0,0.009000000000000001,2.0,2.0,2.0,66.0,0.0,0.0,0.0,0.0,-0.08,-0.01,-1.1,1.0,1.0,1.0,1.0,0.0,63.305,0.06499999999999773,33.4908,32.0,0.009000000000000001,2.0,2.4000000000000004,0.05,True,False,False,119.0,1.0,80.0,98.0,1.0,1.0,120.10000000000001,77.0,2.0,225.0,0.0,0.0,1.0,1.0,12.56,1.0,1.0,1.0,0.0,0.0,0.0,1.0,225.0,0.0,0.0,0.0,0.0,1.0,1.0,50.0,50.0,1.0,1.0,1.0,225.0
11.3,226,EV-LAB-001,NORMAL_BASELINE,63.2,63.49,63.06,-1.4000000000000001,35.6,2.0,1.0,1.6,2.0,3476.0,398.8,85.0,32.0,0.009000000000000001,2.0,2.0,2.0,67.0,0.0,0.0,0.0,0.0,-0.08,-0.01,-1.1,1.0,1.0,1.0,1.0,0.0,63.275000000000006,0.07500000000000284,33.898,32.0,0.009000000000000001,2.0,2.5,0.05,True,False,False,121.30000000000001,1.0,80.0,98.0,1.0,1.0,118.80000000000001,78.0,2.0,226.0,0.0,0.0,1.0,1.0,12.57,1.0,1.0,1.0,0.0,0.0,0.0,1.0,226.0,0.0,0.0,0.0,0.0,1.0,1.0,50.0,50.0,1.0,1.0,1.0,226.0
11.35,227,EV-LAB-001,NORMAL_BASELINE,63.160000000000004,63.39,63.11,-1.4000000000000001,34.4,2.1,1.0,1.6,2.0,3474.0,398.20000000000005,85.0,32.0,0.016,1.9000000000000001,2.0,2.0,66.0,0.0,0.0,0.0,0.0,-0.08,-0.01,-1.1,1.0,1.0,1.0,1.0,0.0,63.25,0.0899999999999963,33.84700000000001,32.0,0.016,1.9000000000000001,2.5,0.05,True,False,False,120.10000000000001,1.0,80.0,98.0,1.0,1.0,120.4,78.0,2.0,227.0,0.0,0.0,1.0,1.0,12.67,1.0,1.0,1.0,0.0,0.0,0.0,1.0,227.0,0.0,0.0,0.0,0.0,1.0,1.0,50.0,50.0,1.0,1.0,1.0,227.0
11.4,228,EV-LAB-001,NORMAL_BASELINE,63.120000000000005,63.370000000000005,62.800000000000004,-1.5,34.800000000000004,2.1,1.0,1.6,2.0,3472.0,399.3,83.9,31.0,0.01,2.0,2.0,2.0,67.0,0.0,0.0,0.0,0.0,-0.08,-0.01,-1.1,1.0,1.0,1.0,1.0,0.0,63.08500000000001,0.03499999999999659,33.501270000000005,31.0,0.01,2.0,2.6,0.05,True,False,False,120.5,1.0,80.0,98.0,1.0,1.0,122.10000000000001,78.0,2.0,228.0,0.0,0.0,1.0,1.0,12.61,1.0,1.0,1.0,0.0,0.0,0.0,1.0,228.0,0.0,0.0,0.0,0.0,1.0,1.0,50.0,50.0,1.0,1.0,1.0,228.0
11.45,229,EV-LAB-001,NORMAL_BASELINE,63.08,63.33,62.870000000000005,-1.6,34.0,2.2,1.0,1.6,2.0,3469.0,398.6,85.5,31.0,0.017,1.9000000000000001,2.0,2.0,65.0,0.0,0.0,0.0,0.0,-0.09,-0.01,-1.3,1.0,1.0,1.0,1.0,0.0,63.1,0.020000000000003126,34.0803,31.0,0.017,1.9000000000000001,2.9000000000000004,0.05,True,False,False,119.60000000000001,1.0,80.0,98.0,1.0,1.0,119.4,77.0,2.0,229.0,0.0,0.0,1.0,1.0,12.63,1.0,1.0,1.0,0.0,0.0,0.0,1.0,229.0,0.0,0.0,0.0,0.0,1.0,1.0,50.0,50.0,1.0,1.0,1.0,229.0
11.5,230,EV-LAB-001,NORMAL_BASELINE,63.03,63.28,62.92,-1.6,34.0,2.2,1.0,1.6,2.0,3467.0,398.0,83.30000000000001,32.0,0.01,1.9000000000000001,2.0,2.0,66.0,0.0,0.0,0.0,0.0,-0.09,-0.01,-1.4000000000000001,1.0,1.0,1.0,1.0,0.0,63.1,0.07000000000000028,33.153400000000005,32.0,0.01,1.9000000000000001,3.0,0.05,True,False,False,119.10000000000001,1.0,80.0,98.0,1.0,1.0,119.60000000000001,77.0,2.0,230.0,0.0,0.0,1.0,1.0,12.620000000000001,1.0,1.0,1.0,0.0,0.0,0.0,1.0,230.0,0.0,0.0,0.0,0.0,1.0,1.0,50.0,50.0,1.0,1.0,1.0,230.0
11.55,231,EV-LAB-001,NORMAL_BASELINE,62.99,63.46,62.88,-1.7000000000000002,34.0,2.3000000000000003,1.0,2.0,2.0,3464.0,398.8,82.9,32.0,0.015,2.2,2.0,2.0,66.0,0.0,0.0,0.0,0.0,-0.09,-0.01,-1.4000000000000001,1.0,1.0,1.0,1.0,0.0,63.17,0.17999999999999972,33.060520000000004,32.0,0.015,2.2,3.1000000000000005,0.05,True,False,False,119.2,1.0,80.0,98.0,1.0,1.0,121.60000000000001,77.0,2.0,231.0,0.0,0.0,1.0,1.0,12.55,1.0,1.0,1.0,0.0,0.0,0.0,1.0,231.0,0.0,0.0,0.0,0.0,1.0,1.0,50.0,50.0,1.0,1.0,1.0,231.0
11.6,232,EV-LAB-001,NORMAL_BASELINE,62.940000000000005,63.13,62.64,-1.7000000000000002,34.4,2.3000000000000003,1.0,2.0,2.0,3462.0,398.20000000000005,84.4,32.0,0.013000000000000001,1.9000000000000001,2.0,2.0,66.0,0.0,0.0,0.0,0.0,-0.09,-0.01,-1.5,1.0,1.0,1.0,1.0,0.0,62.885000000000005,0.054999999999999716,33.60808000000001,32.0,0.013000000000000001,1.9000000000000001,3.2,0.05,True,False,False,119.9,1.0,80.0,98.0,1.0,1.0,119.9,78.0,2.0,232.0,0.0,0.0,1.0,1.0,12.57,1.0,1.0,1.0,0.0,0.0,0.0,1.0,232.0,0.0,0.0,0.0,0.0,1.0,1.0,50.0,50.0,1.0,1.0,1.0,232.0
11.65,233,EV-LAB-001,NORMAL_BASELINE,62.9,63.01,62.67,-1.8,32.4,2.4000000000000004,1.0,2.0,2.0,3459.0,399.0,80.30000000000001,31.0,0.013000000000000001,2.1,2.0,2.0,66.0,0.0,0.0,0.0,0.0,-0.1,0.0,-1.5,1.0,1.0,1.0,1.0,0.0,62.84,0.05999999999999517,32.0397,31.0,0.013000000000000001,2.1,3.3,0.05,True,False,False,117.2,1.0,80.0,98.0,1.0,1.0,117.10000000000001,78.0,2.0,233.0,0.0,0.0,1.0,1.0,12.540000000000001,1.0,1.0,1.0,0.0,0.0,0.0,1.0,233.0,0.0,0.0,0.0,0.0,1.0,1.0,50.0,50.0,1.0,1.0,1.0,233.0
11.7,234,EV-LAB-001,NORMAL_BASELINE,62.85,63.15,62.76,-1.9000000000000001,32.800000000000004,2.5,1.0,2.0,2.0,3457.0,398.3,84.2,31.0,0.013000000000000001,1.9000000000000001,2.0,2.0,65.0,0.0,0.0,0.0,0.0,-0.1,-0.01,-1.5,1.0,1.0,1.0,1.0,0.0,62.955,0.10499999999999687,33.53686,31.0,0.013000000000000001,1.9000000000000001,3.4000000000000004,0.05,True,False,False,117.9,1.0,80.0,98.0,1.0,1.0,119.9,79.0,2.0,234.0,0.0,0.0,1.0,1.0,12.61,1.0,1.0,1.0,0.0,0.0,0.0,1.0,234.0,0.0,0.0,0.0,0.0,1.0,1.0,50.0,50.0,1.0,1.0,1.0,234.0
11.75,235,EV-LAB-001,NORMAL_BASELINE,62.800000000000004,62.88,62.5,-1.9000000000000001,32.0,2.5,1.0,2.0,2.0,3454.0,398.40000000000003,82.30000000000001,32.0,0.013000000000000001,2.1,2.0,2.0,65.0,0.0,0.0,0.0,0.0,-0.1,0.0,-1.5,1.0,1.0,1.0,1.0,0.0,62.69,0.11000000000000654,32.788320000000006,32.0,0.013000000000000001,2.1,3.4000000000000004,0.05,True,False,False,116.80000000000001,1.0,80.0,98.0,1.0,1.0,116.80000000000001,78.0,2.0,235.0,0.0,0.0,1.0,1.0,12.63,1.0,1.0,1.0,0.0,0.0,0.0,1.0,235.0,0.0,0.0,0.0,0.0,1.0,1.0,50.0,50.0,1.0,1.0,1.0,235.0
11.8,236,EV-LAB-001,NORMAL_BASELINE,62.75,63.07,62.5,-2.0,33.6,2.6,1.0,2.0,2.0,3451.0,398.40000000000003,82.7,31.0,0.012,2.0,2.0,2.0,66.0,0.0,0.0,0.0,0.0,-0.1,-0.01,-1.5,1.0,1.0,1.0,1.0,0.0,62.785,0.03499999999999659,32.947680000000005,31.0,0.012,2.0,3.5,0.05,True,False,False,118.80000000000001,1.0,80.0,98.0,1.0,1.0,117.10000000000001,78.0,2.0,236.0,0.0,0.0,1.0,1.0,12.66,1.0,1.0,1.0,0.0,0.0,0.0,1.0,236.0,0.0,0.0,0.0,0.0,1.0,1.0,50.0,50.0,1.0,1.0,1.0,236.0
11.85,237,EV-LAB-001,NORMAL_BASELINE,62.690000000000005,62.81,62.5,-2.1,32.800000000000004,2.7,1.0,2.0,2.0,3448.0,399.0,82.2,32.0,0.012,2.0,2.0,2.0,65.0,0.0,0.0,0.0,0.0,-0.11,0.0,-1.6,1.0,1.0,1.0,1.0,0.0,62.655,0.035000000000003695,32.7978,32.0,0.012,2.0,3.7,0.05,True,False,False,117.80000000000001,1.0,80.0,98.0,1.0,1.0,116.60000000000001,78.0,2.0,237.0,0.0,0.0,1.0,1.0,12.67,1.0,1.0,1.0,0.0,0.0,0.0,1.0,237.0,0.0,0.0,0.0,0.0,1.0,1.0,50.0,50.0,1.0,1.0,1.0,237.0
11.9,238,EV-LAB-001,NORMAL_BASELINE,62.64,62.93,62.550000000000004,-2.1,33.2,2.7,1.0,2.0,2.0,3445.0,398.90000000000003,83.30000000000001,31.0,0.011,2.1,2.0,2.0,65.0,0.0,0.0,0.0,0.0,-0.11,-0.01,-1.7000000000000002,1.0,1.0,1.0,1.0,0.0,62.74,0.10000000000000142,33.22837000000001,31.0,0.011,2.1,3.8000000000000003,0.05,True,False,False,117.9,1.0,80.0,98.0,1.0,1.0,116.60000000000001,77.0,2.0,238.0,0.0,0.0,1.0,1.0,12.66,1.0,1.0,1.0,0.0,0.0,0.0,1.0,238.0,0.0,0.0,0.0,0.0,1.0,1.0,50.0,50.0,1.0,1.0,1.0,238.0
11.95,239,EV-LAB-001,NORMAL_BASELINE,62.59,62.78,62.34,-2.2,32.4,2.8000000000000003,1.0,2.4000000000000004,2.0,3442.0,398.40000000000003,82.4,32.0,0.011,1.9000000000000001,2.0,2.0,66.0,0.0,0.0,0.0,0.0,-0.11,0.0,-1.9000000000000001,1.0,1.0,1.0,1.0,0.0,62.56,0.030000000000001137,32.828160000000004,32.0,0.011,1.9000000000000001,4.1000000000000005,0.05,True,False,False,116.9,1.0,80.0,98.0,1.0,1.0,119.60000000000001,78.0,2.0,239.0,0.0,0.0,1.0,1.0,12.58,1.0,1.0,1.0,0.0,0.0,0.0,1.0,239.0,0.0,0.0,0.0,0.0,1.0,1.0,50.0,50.0,1.0,1.0,1.0,239.0
12.0,240,EV-LAB-001,NORMAL_BASELINE,62.53,62.77,62.22,-2.3000000000000003,32.800000000000004,2.9000000000000004,1.0,2.4000000000000004,2.0,3439.0,398.8,81.9,31.0,0.012,2.2,2.0,2.0,66.0,0.0,0.0,0.0,0.0,-0.11,0.0,-1.8,1.0,1.0,1.0,1.0,0.0,62.495000000000005,0.03499999999999659,32.66172,31.0,0.012,2.2,4.1000000000000005,0.05,True,False,False,117.80000000000001,1.0,80.0,98.0,1.0,1.0,117.4,77.0,2.0,240.0,0.0,0.0,1.0,1.0,12.59,1.0,1.0,1.0,0.0,0.0,0.0,1.0,240.0,0.0,0.0,0.0,0.0,1.0,1.0,50.0,50.0,1.0,1.0,1.0,240.0
12.05,241,EV-LAB-001,NORMAL_BASELINE,62.47,62.690000000000005,62.190000000000005,-2.3000000000000003,32.4,2.9000000000000004,1.0,2.4000000000000004,2.0,3436.0,398.40000000000003,80.7,31.0,0.015,1.9000000000000001,2.0,2.0,65.0,0.0,0.0,0.0,0.0,-0.12,-0.01,-1.8,1.0,1.0,1.0,1.0,0.0,62.440000000000005,0.02999999999999403,32.15088000000001,31.0,0.015,1.9000000000000001,4.1000000000000005,0.05,True,False,False,117.2,1.0,80.0,98.0,1.0,1.0,117.30000000000001,77.0,2.0,241.0,0.0,0.0,1.0,1.0,12.59,1.0,1.0,1.0,0.0,0.0,0.0,1.0,241.0,0.0,0.0,0.0,0.0,1.0,1.0,50.0,50.0,1.0,1.0,1.0,241.0
12.1,242,EV-LAB-001,NORMAL_BASELINE,62.410000000000004,62.68,62.18,-2.4000000000000004,33.2,3.0,1.0,2.4000000000000004,2.0,3433.0,398.70000000000005,83.2,31.0,0.014,2.1,2.0,2.0,66.0,0.0,0.0,0.0,0.0,-0.12,0.0,-2.0,1.0,1.0,1.0,1.0,0.0,62.43,0.01999999999999602,33.17184,31.0,0.014,2.1,4.4,0.05,True,False,False,117.9,1.0,80.0,98.0,1.0,1.0,118.4,78.0,2.0,242.0,0.0,0.0,1.0,1.0,12.61,1.0,1.0,1.0,0.0,0.0,0.0,1.0,242.0,0.0,0.0,0.0,0.0,1.0,1.0,50.0,50.0,1.0,1.0,1.0,242.0
12.15,243,EV-LAB-001,NORMAL_BASELINE,62.35,62.550000000000004,62.15,-2.5,34.0,3.1,1.0,2.4000000000000004,2.0,3429.0,399.20000000000005,82.10000000000001,31.0,0.011,2.2,2.0,2.0,66.0,0.0,0.0,0.0,0.0,-0.12,0.0,-2.0,1.0,1.0,1.0,1.0,0.0,62.35,0.0,32.77432000000001,31.0,0.011,2.2,4.5,0.05,True,False,False,118.9,1.0,80.0,98.0,1.0,1.0,118.9,78.0,2.0,243.0,0.0,0.0,1.0,1.0,12.58,1.0,1.0,1.0,0.0,0.0,0.0,1.0,243.0,0.0,0.0,0.0,0.0,1.0,1.0,50.0,50.0,1.0,1.0,1.0,243.0
12.2,244,EV-LAB-001,NORMAL_BASELINE,62.29,62.54,62.15,-2.5,32.4,3.2,1.0,2.4000000000000004,2.0,3426.0,398.6,82.0,31.0,0.015,1.9000000000000001,2.0,2.0,66.0,0.0,0.0,0.0,0.0,-0.13,0.0,-2.0,1.0,1.0,1.0,1.0,0.0,62.345,0.054999999999999716,32.6852,31.0,0.015,1.9000000000000001,4.5,0.05,True,False,False,116.80000000000001,1.0,80.0,98.0,1.0,1.0,117.0,78.0,2.0,244.0,0.0,0.0,1.0,1.0,12.64,1.0,1.0,1.0,0.0,0.0,0.0,1.0,244.0,0.0,0.0,0.0,0.0,1.0,1.0,50.0,50.0,1.0,1.0,1.0,244.0
12.25,245,EV-LAB-001,NORMAL_BASELINE,62.230000000000004,62.63,62.07,-2.6,32.0,3.2,1.0,2.4000000000000004,2.0,3422.0,398.0,80.10000000000001,32.0,0.014,2.1,2.0,2.0,66.0,0.0,0.0,0.0,0.0,-0.13,0.0,-2.1,1.0,1.0,1.0,1.0,0.0,62.35,0.11999999999999744,31.879800000000003,32.0,0.014,2.1,4.7,0.05,True,False,False,116.4,1.0,80.0,98.0,1.0,1.0,117.7,78.0,2.0,245.0,0.0,0.0,1.0,1.0,12.59,1.0,1.0,1.0,0.0,0.0,0.0,1.0,245.0,0.0,0.0,0.0,0.0,1.0,1.0,50.0,50.0,1.0,1.0,1.0,245.0
12.3,246,EV-LAB-001,NORMAL_BASELINE,62.160000000000004,62.29,62.06,-2.7,32.800000000000004,3.3000000000000003,1.0,2.8000000000000003,2.0,3419.0,398.5,81.60000000000001,32.0,0.012,1.8,2.0,2.0,66.0,0.0,0.0,0.0,0.0,-0.13,0.0,-2.2,1.0,1.0,1.0,1.0,0.0,62.175,0.014999999999993463,32.5176,32.0,0.012,1.8,4.9,0.05,True,False,False,117.10000000000001,1.0,80.0,98.0,1.0,1.0,116.4,78.0,2.0,246.0,0.0,0.0,1.0,1.0,12.540000000000001,1.0,1.0,1.0,0.0,0.0,0.0,1.0,246.0,0.0,0.0,0.0,0.0,1.0,1.0,50.0,50.0,1.0,1.0,1.0,246.0
12.35,247,EV-LAB-001,NORMAL_BASELINE,62.1,62.38,61.97,-2.7,32.0,3.4000000000000004,1.0,2.8000000000000003,2.0,3415.0,398.8,81.10000000000001,31.0,0.012,2.0,2.0,2.0,65.0,0.0,0.0,0.0,0.0,-0.14,0.0,-2.2,1.0,1.0,1.0,1.0,0.0,62.175,0.07499999999999574,32.34268,31.0,0.012,2.0,4.9,0.05,True,False,False,116.0,1.0,80.0,98.0,1.0,1.0,113.4,77.0,2.0,247.0,0.0,0.0,1.0,1.0,12.63,1.0,1.0,1.0,0.0,0.0,0.0,1.0,247.0,0.0,0.0,0.0,0.0,1.0,1.0,50.0,50.0,1.0,1.0,1.0,247.0
12.4,248,EV-LAB-001,NORMAL_BASELINE,62.03,62.24,61.71,-2.8000000000000003,30.400000000000002,3.5,1.0,2.8000000000000003,2.0,3412.0,398.5,79.10000000000001,31.0,0.012,2.2,2.0,2.0,65.0,0.0,0.0,0.0,0.0,-0.14,0.0,-2.3000000000000003,1.0,1.0,1.0,1.0,0.0,61.975,0.054999999999999716,31.52135,31.0,0.012,2.2,5.1000000000000005,0.05,True,False,False,114.2,1.0,80.0,98.0,1.0,1.0,112.5,78.0,2.0,248.0,0.0,0.0,1.0,1.0,12.64,1.0,1.0,1.0,0.0,0.0,0.0,1.0,248.0,0.0,0.0,0.0,0.0,1.0,1.0,50.0,50.0,1.0,1.0,1.0,248.0
12.45,249,EV-LAB-001,NORMAL_BASELINE,61.96,62.17,61.690000000000005,-2.9000000000000004,32.4,3.5,1.0,2.8000000000000003,2.0,3408.0,398.5,81.30000000000001,32.0,0.009000000000000001,2.0,2.0,2.0,65.0,0.0,0.0,0.0,0.0,-0.14,0.0,-2.4000000000000004,1.0,1.0,1.0,1.0,0.0,61.93000000000001,0.02999999999999403,32.398050000000005,32.0,0.009000000000000001,2.0,5.300000000000001,0.05,True,False,False,116.7,1.0,80.0,98.0,1.0,1.0,116.7,77.0,2.0,249.0,0.0,0.0,1.0,1.0,12.6,1.0,1.0,1.0,0.0,0.0,0.0,1.0,249.0,0.0,0.0,0.0,0.0,1.0,1.0,50.0,50.0,1.0,1.0,1.0,249.0
12.5,250,EV-LAB-001,NORMAL_BASELINE,61.89,62.160000000000004,61.68,-2.9000000000000004,31.6,3.6,1.0,2.8000000000000003,2.0,3404.0,397.90000000000003,81.4,31.0,0.013000000000000001,1.9000000000000001,2.0,2.0,65.0,0.0,0.0,0.0,0.0,-0.14,0.0,-2.3000000000000003,1.0,1.0,1.0,1.0,0.0,61.92,0.030000000000001137,32.38906000000001,31.0,0.013000000000000001,1.9000000000000001,5.200000000000001,0.05,True,False,False,115.7,1.0,80.0,98.0,1.0,1.0,116.30000000000001,77.0,2.0,250.0,0.0,0.0,1.0,1.0,12.6,1.0,1.0,1.0,0.0,0.0,0.0,1.0,250.0,0.0,0.0,0.0,0.0,1.0,1.0,50.0,50.0,1.0,1.0,1.0,250.0
12.55,251,EV-LAB-001,NORMAL_BASELINE,61.81,62.13,61.660000000000004,-3.0,32.800000000000004,3.7,1.0,2.8000000000000003,2.0,3400.0,398.3,81.4,31.0,0.012,1.8,2.0,2.0,65.0,0.0,0.0,0.0,0.0,-0.15,0.0,-2.4000000000000004,1.0,1.0,1.0,1.0,0.0,61.895,0.08500000000000085,32.421620000000004,31.0,0.012,1.8,5.4,0.05,True,False,False,117.2,1.0,80.0,98.0,1.0,1.0,118.30000000000001,76.0,2.0,251.0,0.0,0.0,1.0,1.0,12.61,1.0,1.0,1.0,0.0,0.0,0.0,1.0,251.0,0.0,0.0,0.0,0.0,1.0,1.0,50.0,50.0,1.0,1.0,1.0,251.0
12.6,252,EV-LAB-001,NORMAL_BASELINE,61.74,62.01,61.63,-3.1,30.8,3.8000000000000003,1.0,3.2,2.0,3396.0,398.6,79.7,31.0,0.011,1.8,2.0,2.0,66.0,0.0,0.0,0.0,0.0,-0.15,0.0,-2.5,1.0,1.0,1.0,1.0,0.0,61.82,0.0799999999999983,31.768420000000003,31.0,0.011,1.8,5.6,0.05,True,False,False,114.5,1.0,80.0,98.0,1.0,1.0,114.9,78.0,2.0,252.0,0.0,0.0,1.0,1.0,12.59,1.0,1.0,1.0,0.0,0.0,0.0,1.0,252.0,0.0,0.0,0.0,0.0,1.0,1.0,50.0,50.0,1.0,1.0,1.0,252.0
12.65,253,EV-LAB-001,NORMAL_BASELINE,61.660000000000004,61.79,61.45,-3.1,32.800000000000004,3.9000000000000004,1.0,3.2,2.0,3392.0,398.6,81.2,31.0,0.011,2.1,2.0,2.0,65.0,0.0,0.0,0.0,0.0,-0.15,0.0,-2.5,1.0,1.0,1.0,1.0,0.0,61.620000000000005,0.03999999999999915,32.36632,31.0,0.011,2.1,5.6,0.05,True,False,False,116.7,1.0,80.0,98.0,1.0,1.0,118.5,77.0,2.0,253.0,0.0,0.0,1.0,1.0,12.620000000000001,1.0,1.0,1.0,0.0,0.0,0.0,1.0,253.0,0.0,0.0,0.0,0.0,1.0,1.0,50.0,50.0,1.0,1.0,1.0,253.0
12.7,254,EV-LAB-001,NORMAL_BASELINE,61.59,61.83,61.35,-3.2,32.4,3.9000000000000004,1.0,3.2,2.0,3387.0,398.70000000000005,80.30000000000001,31.0,0.008,2.1,2.0,2.0,65.0,0.0,0.0,0.0,0.0,-0.16,0.0,-2.5,1.0,1.0,1.0,1.0,0.0,61.59,0.0,32.01561000000001,31.0,0.008,2.1,5.7,0.05,True,False,False,116.2,1.0,80.0,98.0,1.0,1.0,114.5,78.0,2.0,254.0,0.0,0.0,1.0,1.0,12.6,1.0,1.0,1.0,0.0,0.0,0.0,1.0,254.0,0.0,0.0,0.0,0.0,1.0,1.0,50.0,50.0,1.0,1.0,1.0,254.0
12.75,255,EV-LAB-001,NORMAL_BASELINE,61.51,61.9,61.25,-3.3000000000000003,32.0,4.0,1.0,3.2,2.0,3383.0,398.0,80.4,32.0,0.013000000000000001,1.7000000000000002,2.0,2.0,65.0,0.0,0.0,0.0,0.0,-0.16,0.0,-2.6,1.0,1.0,1.0,1.0,0.0,61.575,0.06500000000000483,31.999200000000002,32.0,0.013000000000000001,1.7000000000000002,5.9,0.05,True,False,False,115.9,1.0,80.0,98.0,1.0,1.0,115.5,76.0,2.0,255.0,0.0,0.0,1.0,1.0,12.6,1.0,1.0,1.0,0.0,0.0,0.0,1.0,255.0,0.0,0.0,0.0,0.0,1.0,1.0,50.0,50.0,1.0,1.0,1.0,255.0
12.8,256,EV-LAB-001,NORMAL_BASELINE,61.43,61.86,61.21,-3.3000000000000003,33.6,4.1000000000000005,1.0,3.2,2.0,3379.0,398.40000000000003,82.5,31.0,0.014,2.0,2.0,2.0,65.0,0.0,0.0,0.0,0.0,-0.16,0.0,-2.7,1.0,1.0,1.0,1.0,0.0,61.535,0.10499999999999687,32.868,31.0,0.014,2.0,6.0,0.05,True,False,False,117.7,1.0,80.0,98.0,1.0,1.0,116.80000000000001,77.0,2.0,0.0,0.0,0.0,1.0,1.0,12.52,1.0,1.0,1.0,0.0,0.0,0.0,1.0,0.0,0.0,0.0,0.0,0.0,1.0,1.0,50.0,50.0,1.0,1.0,1.0,0.0
12.85,257,EV-LAB-001,NORMAL_BASELINE,61.35,61.550000000000004,60.96,-3.4000000000000004,30.8,4.2,1.0,3.2,2.0,3374.0,398.3,81.4,32.0,0.012,2.2,2.0,2.0,65.0,0.0,0.0,0.0,0.0,-0.17,0.0,-2.7,1.0,1.0,1.0,1.0,0.0,61.255,0.09499999999999886,32.421620000000004,32.0,0.012,2.2,6.1000000000000005,0.05,True,False,False,114.5,1.0,80.0,98.0,1.0,1.0,113.60000000000001,77.0,2.0,1.0,0.0,0.0,1.0,1.0,12.57,1.0,1.0,1.0,0.0,0.0,0.0,1.0,1.0,0.0,0.0,0.0,0.0,1.0,1.0,50.0,50.0,1.0,1.0,1.0,1.0
12.9,258,EV-LAB-001,NORMAL_BASELINE,61.26,61.57,61.11,-3.5,30.8,4.3,1.0,3.6,2.0,3369.0,398.6,78.10000000000001,31.0,0.016,2.1,2.0,2.0,65.0,0.0,0.0,0.0,0.0,-0.17,0.0,-2.8000000000000003,1.0,1.0,1.0,1.0,0.0,61.34,0.0800000000000054,31.130660000000002,31.0,0.016,2.1,6.300000000000001,0.05,True,False,False,114.4,1.0,80.0,98.0,1.0,1.0,113.0,76.0,2.0,2.0,0.0,0.0,1.0,1.0,12.6,1.0,1.0,1.0,0.0,0.0,0.0,1.0,2.0,0.0,0.0,0.0,0.0,1.0,1.0,50.0,50.0,1.0,1.0,1.0,2.0
12.95,259,EV-LAB-001,NORMAL_BASELINE,61.18,61.4,60.93,-3.5,31.200000000000003,4.3,1.0,3.6,2.0,3365.0,399.0,78.9,31.0,0.015,2.3000000000000003,2.0,2.0,66.0,0.0,0.0,0.0,0.0,-0.17,0.0,-2.8000000000000003,1.0,1.0,1.0,1.0,0.0,61.165,0.015000000000000568,31.4811,31.0,0.015,2.3000000000000003,6.300000000000001,0.05,True,False,False,114.5,1.0,80.0,98.0,1.0,1.0,115.7,77.0,2.0,3.0,0.0,0.0,1.0,1.0,12.65,1.0,1.0,1.0,0.0,0.0,0.0,1.0,3.0,0.0,0.0,0.0,0.0,1.0,1.0,50.0,50.0,1.0,1.0,1.0,3.0
13.0,260,EV-LAB-001,NORMAL_BASELINE,61.09,61.33,60.730000000000004,-3.6,31.200000000000003,4.4,1.0,3.6,2.0,3360.0,398.70000000000005,79.5,31.0,0.008,1.7000000000000002,2.0,2.0,66.0,0.0,0.0,0.0,0.0,-0.18,0.0,-2.9000000000000004,1.0,1.0,1.0,1.0,0.0,61.03,0.060000000000002274,31.696650000000005,31.0,0.008,1.7000000000000002,6.5,0.05,True,False,False,114.7,1.0,80.0,98.0,1.0,1.0,117.30000000000001,78.0,2.0,4.0,0.0,0.0,1.0,1.0,12.59,1.0,1.0,1.0,0.0,0.0,0.0,1.0,4.0,0.0,0.0,0.0,0.0,1.0,1.0,50.0,50.0,1.0,1.0,1.0,4.0
13.05,261,EV-LAB-001,NORMAL_BASELINE,61.0,61.24,60.800000000000004,-3.6,31.200000000000003,4.5,1.0,3.6,2.0,3355.0,399.0,78.4,31.0,0.009000000000000001,2.0,2.0,2.0,64.0,0.0,0.0,0.0,0.0,-0.18,0.0,-2.8000000000000003,1.0,1.0,1.0,1.0,0.0,61.02,0.020000000000003126,31.2816,31.0,0.009000000000000001,2.0,6.4,0.05,True,False,False,114.7,1.0,80.0,98.0,1.0,1.0,111.80000000000001,76.0,2.0,5.0,0.0,0.0,1.0,1.0,12.56,1.0,1.0,1.0,0.0,0.0,0.0,1.0,5.0,0.0,0.0,0.0,0.0,1.0,1.0,50.0,50.0,1.0,1.0,1.0,5.0
13.1,262,EV-LAB-001,NORMAL_BASELINE,60.910000000000004,61.230000000000004,60.7,-3.7,31.200000000000003,4.6000000000000005,1.0,3.6,2.0,3350.0,398.20000000000005,80.0,31.0,0.013000000000000001,2.1,2.0,2.0,65.0,0.0,0.0,0.0,0.0,-0.18,0.01,-2.9000000000000004,1.0,1.0,1.0,1.0,0.0,60.965,0.054999999999999716,31.856000000000005,31.0,0.013000000000000001,2.1,6.6000000000000005,0.05,True,False,False,114.4,1.0,80.0,98.0,1.0,1.0,115.30000000000001,77.0,2.0,6.0,0.0,0.0,1.0,1.0,12.64,1.0,1.0,1.0,0.0,0.0,0.0,1.0,6.0,0.0,0.0,0.0,0.0,1.0,1.0,50.0,50.0,1.0,1.0,1.0,6.0
13.15,263,EV-LAB-001,NORMAL_BASELINE,60.82,61.06,60.58,-3.8000000000000003,32.4,4.7,1.0,3.6,2.0,3345.0,398.20000000000005,80.30000000000001,31.0,0.012,1.8,2.0,2.0,65.0,0.0,0.0,0.0,0.0,-0.19,0.01,-3.0,1.0,1.0,1.0,1.0,0.0,60.82,0.0,31.975460000000005,31.0,0.012,1.8,6.800000000000001,0.05,True,False,False,116.10000000000001,1.0,80.0,98.0,1.0,1.0,117.2,77.0,2.0,7.0,0.0,0.0,1.0,1.0,12.63,1.0,1.0,1.0,0.0,0.0,0.0,1.0,7.0,0.0,0.0,0.0,0.0,1.0,1.0,50.0,50.0,1.0,1.0,1.0,7.0
13.2,264,EV-LAB-001,NORMAL_BASELINE,60.730000000000004,60.99,60.56,-3.8000000000000003,30.400000000000002,4.7,1.0,3.6,2.0,3340.0,398.70000000000005,80.10000000000001,31.0,0.014,2.0,2.0,2.0,63.0,0.0,0.0,0.0,0.0,-0.19,0.0,-3.0,1.0,1.0,1.0,1.0,0.0,60.775000000000006,0.045000000000001705,31.935870000000005,31.0,0.014,2.0,6.800000000000001,0.05,True,False,False,113.4,1.0,80.0,98.0,1.0,1.0,113.30000000000001,78.0,2.0,8.0,0.0,0.0,1.0,1.0,12.57,1.0,1.0,1.0,0.0,0.0,0.0,1.0,8.0,0.0,0.0,0.0,0.0,1.0,1.0,50.0,50.0,1.0,1.0,1.0,8.0
13.25,265,EV-LAB-001,NORMAL_BASELINE,60.64,60.99,60.230000000000004,-3.9000000000000004,29.200000000000003,4.800000000000001,1.0,4.0,2.0,3335.0,398.20000000000005,77.30000000000001,32.0,0.011,1.9000000000000001,2.0,2.0,65.0,0.0,0.0,0.0,0.0,-0.19,0.01,-3.1,1.0,1.0,1.0,1.0,0.0,60.61,0.030000000000001137,30.780860000000008,32.0,0.011,1.9000000000000001,7.0,0.05,True,False,False,111.7,1.0,80.0,98.0,1.0,1.0,112.80000000000001,78.0,2.0,9.0,0.0,0.0,1.0,1.0,12.59,1.0,1.0,1.0,0.0,0.0,0.0,1.0,9.0,0.0,0.0,0.0,0.0,1.0,1.0,50.0,50.0,1.0,1.0,1.0,9.0
13.3,266,EV-LAB-001,NORMAL_BASELINE,60.54,60.730000000000004,60.32,-3.9000000000000004,29.6,4.9,1.0,4.0,2.0,3330.0,398.5,78.7,31.0,0.011,1.6,2.0,2.0,66.0,0.0,0.0,0.0,0.0,-0.2,0.01,-3.2,1.0,1.0,1.0,1.0,0.0,60.525000000000006,0.014999999999993463,31.36195,31.0,0.011,1.6,7.1000000000000005,0.05,True,False,False,112.30000000000001,1.0,80.0,98.0,1.0,1.0,114.2,77.0,2.0,10.0,0.0,0.0,1.0,1.0,12.69,1.0,1.0,1.0,0.0,0.0,0.0,1.0,10.0,0.0,0.0,0.0,0.0,1.0,1.0,50.0,50.0,1.0,1.0,1.0,10.0
13.35,267,EV-LAB-001,NORMAL_BASELINE,60.44,60.68,60.24,-4.0,30.8,5.0,1.0,4.0,2.0,3324.0,398.5,79.80000000000001,31.0,0.011,2.3000000000000003,2.0,2.0,64.0,0.0,0.0,0.0,0.0,-0.2,0.01,-3.1,1.0,1.0,1.0,1.0,0.0,60.46,0.020000000000003126,31.800300000000004,31.0,0.011,2.3000000000000003,7.1,0.05,True,False,False,113.60000000000001,1.0,80.0,98.0,1.0,1.0,110.7,76.0,2.0,11.0,0.0,0.0,1.0,1.0,12.52,1.0,1.0,1.0,0.0,0.0,0.0,1.0,11.0,0.0,0.0,0.0,0.0,1.0,1.0,50.0,50.0,1.0,1.0,1.0,11.0
13.4,268,EV-LAB-001,NORMAL_BASELINE,60.34,60.59,60.1,-4.0,30.400000000000002,5.0,1.0,4.0,2.0,3319.0,398.8,78.2,31.0,0.011,2.0,2.0,2.0,65.0,0.0,0.0,0.0,0.0,-0.2,0.0,-3.2,1.0,1.0,1.0,1.0,0.0,60.345,0.0049999999999954525,31.186160000000005,31.0,0.011,2.0,7.2,0.05,True,False,False,113.5,1.0,80.0,98.0,1.0,1.0,113.7,77.0,2.0,12.0,0.0,0.0,1.0,1.0,12.57,1.0,1.0,1.0,0.0,0.0,0.0,1.0,12.0,0.0,0.0,0.0,0.0,1.0,1.0,50.0,50.0,1.0,1.0,1.0,12.0
13.45,269,EV-LAB-001,NORMAL_BASELINE,60.24,60.61,60.06,-4.1000000000000005,29.200000000000003,5.1000000000000005,1.0,4.0,2.0,3313.0,398.1,77.5,32.0,0.014,2.2,2.0,2.0,65.0,0.0,0.0,0.0,0.0,-0.2,0.0,-3.3000000000000003,1.0,1.0,1.0,1.0,0.0,60.335,0.09499999999999886,30.85275,32.0,0.014,2.2,7.4,0.05,True,False,False,111.80000000000001,1.0,80.0,98.0,1.0,1.0,110.10000000000001,77.0,2.0,13.0,0.0,0.0,1.0,1.0,12.620000000000001,1.0,1.0,1.0,0.0,0.0,0.0,1.0,13.0,0.0,0.0,0.0,0.0,1.0,1.0,50.0,50.0,1.0,1.0,1.0,13.0
13.5,270,EV-LAB-001,NORMAL_BASELINE,60.14,60.4,59.86,-4.1000000000000005,29.200000000000003,5.2,1.0,4.0,2.0,3308.0,398.90000000000003,78.9,31.0,0.01,2.1,2.0,2.0,64.0,0.0,0.0,0.0,0.0,-0.21,0.0,-3.3000000000000003,1.0,1.0,1.0,1.0,0.0,60.129999999999995,0.010000000000005116,31.473210000000005,31.0,0.01,2.1,7.4,0.05,True,False,False,111.7,1.0,80.0,98.0,1.0,1.0,112.0,76.0,2.0,14.0,0.0,0.0,1.0,1.0,12.52,1.0,1.0,1.0,0.0,0.0,0.0,1.0,14.0,0.0,0.0,0.0,0.0,1.0,1.0,50.0,50.0,1.0,1.0,1.0,14.0
13.55,271,EV-LAB-001,NORMAL_BASELINE,60.04,60.33,59.71,-4.2,29.200000000000003,5.300000000000001,1.0,4.4,2.0,3302.0,398.70000000000005,78.2,31.0,0.011,2.1,2.0,2.0,65.0,0.0,0.0,0.0,0.0,-0.21,0.0,-3.3000000000000003,1.0,1.0,1.0,1.0,0.0,60.019999999999996,0.020000000000003126,31.178340000000002,31.0,0.011,2.1,7.5,0.05,True,False,False,111.5,1.0,80.0,98.0,1.0,1.0,110.9,76.0,2.0,15.0,0.0,0.0,1.0,1.0,12.51,1.0,1.0,1.0,0.0,0.0,0.0,1.0,15.0,0.0,0.0,0.0,0.0,1.0,1.0,50.0,50.0,1.0,1.0,1.0,15.0
13.6,272,EV-LAB-001,NORMAL_BASELINE,59.93,60.14,59.800000000000004,-4.2,30.400000000000002,5.300000000000001,1.0,4.4,2.0,3296.0,398.8,78.5,31.0,0.015,2.2,2.0,2.0,66.0,0.0,0.0,0.0,0.0,-0.21,0.01,-3.4000000000000004,1.0,1.0,1.0,1.0,0.0,59.97,0.03999999999999915,31.305799999999998,31.0,0.015,2.2,7.6000000000000005,0.05,True,False,False,112.9,1.0,80.0,98.0,1.0,1.0,113.80000000000001,76.0,2.0,16.0,0.0,0.0,1.0,1.0,12.55,1.0,1.0,1.0,0.0,0.0,0.0,1.0,16.0,0.0,0.0,0.0,0.0,1.0,1.0,50.0,50.0,1.0,1.0,1.0,16.0
13.65,273,EV-LAB-001,NORMAL_BASELINE,59.83,59.980000000000004,59.65,-4.3,30.8,5.4,1.0,4.4,2.0,3291.0,398.3,79.60000000000001,32.0,0.014,2.2,2.0,2.0,65.0,0.0,0.0,0.0,0.0,-0.22,0.01,-3.4000000000000004,1.0,1.0,1.0,1.0,0.0,59.815,0.015000000000000568,31.704680000000003,32.0,0.014,2.2,7.7,0.05,True,False,False,113.60000000000001,1.0,80.0,98.0,1.0,1.0,115.0,77.0,2.0,17.0,0.0,0.0,1.0,1.0,12.58,1.0,1.0,1.0,0.0,0.0,0.0,1.0,17.0,0.0,0.0,0.0,0.0,1.0,1.0,50.0,50.0,1.0,1.0,1.0,17.0
13.7,274,EV-LAB-001,NORMAL_BASELINE,59.72,59.870000000000005,59.550000000000004,-4.3,29.200000000000003,5.5,1.0,4.4,2.0,3285.0,398.5,78.9,31.0,0.012,2.0,2.0,2.0,64.0,0.0,0.0,0.0,0.0,-0.22,0.01,-3.4000000000000004,1.0,1.0,1.0,1.0,0.0,59.71000000000001,0.009999999999990905,31.441650000000003,31.0,0.012,2.0,7.7,0.05,True,False,False,111.4,1.0,80.0,98.0,1.0,1.0,110.80000000000001,77.0,2.0,18.0,0.0,0.0,1.0,1.0,12.63,1.0,1.0,1.0,0.0,0.0,0.0,1.0,18.0,0.0,0.0,0.0,0.0,1.0,1.0,50.0,50.0,1.0,1.0,1.0,18.0
13.75,275,EV-LAB-001,NORMAL_BASELINE,59.61,59.95,59.51,-4.4,29.200000000000003,5.5,1.0,4.4,2.0,3279.0,398.40000000000003,77.9,31.0,0.01,2.1,2.0,2.0,64.0,0.0,0.0,0.0,0.0,-0.22,0.01,-3.5,1.0,1.0,1.0,1.0,0.0,59.730000000000004,0.12000000000000455,31.035360000000004,31.0,0.01,2.1,7.9,0.05,True,False,False,111.5,1.0,80.0,98.0,1.0,1.0,112.5,76.0,2.0,19.0,0.0,0.0,1.0,1.0,12.59,1.0,1.0,1.0,0.0,0.0,0.0,1.0,19.0,0.0,0.0,0.0,0.0,1.0,1.0,50.0,50.0,1.0,1.0,1.0,19.0
13.8,276,EV-LAB-001,NORMAL_BASELINE,59.5,59.78,59.28,-4.4,29.200000000000003,5.6000000000000005,1.0,4.4,2.0,3273.0,398.3,77.7,31.0,0.01,1.8,2.0,2.0,65.0,0.0,0.0,0.0,0.0,-0.22,0.01,-3.5,1.0,1.0,1.0,1.0,0.0,59.53,0.030000000000001137,30.947910000000004,31.0,0.01,1.8,7.9,0.05,True,False,False,111.7,1.0,80.0,98.0,1.0,1.0,111.60000000000001,76.0,2.0,20.0,0.0,0.0,1.0,1.0,12.6,1.0,1.0,1.0,0.0,0.0,0.0,1.0,20.0,0.0,0.0,0.0,0.0,1.0,1.0,50.0,50.0,1.0,1.0,1.0,20.0
13.85,277,EV-LAB-001,NORMAL_BASELINE,59.39,59.65,59.120000000000005,-4.4,29.6,5.7,1.0,4.4,2.0,3267.0,398.20000000000005,78.4,31.0,0.013000000000000001,1.8,2.0,2.0,65.0,0.0,0.0,0.0,0.0,-0.23,0.01,-3.5,1.0,1.0,1.0,1.0,0.0,59.385000000000005,0.0049999999999954525,31.218880000000006,31.0,0.013000000000000001,1.8,7.9,0.05,True,False,False,111.7,1.0,80.0,98.0,1.0,1.0,110.4,75.0,2.0,21.0,0.0,0.0,1.0,1.0,12.55,1.0,1.0,1.0,0.0,0.0,0.0,1.0,21.0,0.0,0.0,0.0,0.0,1.0,1.0,50.0,50.0,1.0,1.0,1.0,21.0
13.9,278,EV-LAB-001,NORMAL_BASELINE,59.28,59.58,59.160000000000004,-4.5,30.400000000000002,5.7,1.0,4.4,2.0,3260.0,399.3,78.7,31.0,0.012,2.0,2.0,2.0,65.0,0.0,0.0,0.0,0.0,-0.23,0.01,-3.6,1.0,1.0,1.0,1.0,0.0,59.370000000000005,0.09000000000000341,31.424910000000004,31.0,0.012,2.0,8.1,0.05,True,False,False,112.9,1.0,80.0,98.0,1.0,1.0,112.2,77.0,2.0,22.0,0.0,0.0,1.0,1.0,12.61,1.0,1.0,1.0,0.0,0.0,0.0,1.0,22.0,0.0,0.0,0.0,0.0,1.0,1.0,50.0,50.0,1.0,1.0,1.0,22.0
13.95,279,EV-LAB-001,NORMAL_BASELINE,59.17,59.47,58.980000000000004,-4.5,28.400000000000002,5.800000000000001,1.0,4.800000000000001,2.0,3254.0,399.8,78.10000000000001,31.0,0.015,1.7000000000000002,2.0,2.0,65.0,0.0,0.0,0.0,0.0,-0.23,0.01,-3.6,1.0,1.0,1.0,1.0,0.0,59.225,0.054999999999999716,31.224380000000004,31.0,0.015,1.7000000000000002,8.1,0.05,True,False,False,110.4,1.0,80.0,98.0,1.0,1.0,110.7,76.0,2.0,23.0,0.0,0.0,1.0,1.0,12.57,1.0,1.0,1.0,0.0,0.0,0.0,1.0,23.0,0.0,0.0,0.0,0.0,1.0,1.0,50.0,50.0,1.0,1.0,1.0,23.0
14.0,280,EV-LAB-001,NORMAL_BASELINE,59.050000000000004,59.25,58.84,-4.5,28.400000000000002,5.9,1.0,4.800000000000001,2.0,3248.0,398.3,77.10000000000001,31.0,0.011,1.8,2.0,2.0,64.0,0.0,0.0,0.0,0.0,-0.23,0.01,-3.7,1.0,1.0,1.0,1.0,0.0,59.045,0.005000000000002558,30.708930000000002,31.0,0.011,1.8,8.2,0.05,True,False,False,110.2,1.0,80.0,98.0,1.0,1.0,107.9,77.0,2.0,24.0,0.0,0.0,1.0,1.0,12.6,1.0,1.0,1.0,0.0,0.0,0.0,1.0,24.0,0.0,0.0,0.0,0.0,1.0,1.0,50.0,50.0,1.0,1.0,1.0,24.0
14.05,281,EV-LAB-001,NORMAL_BASELINE,58.93,59.11,58.68,-4.6000000000000005,30.0,5.9,1.0,4.800000000000001,2.0,3241.0,398.70000000000005,79.30000000000001,31.0,0.014,2.1,2.0,2.0,65.0,0.0,0.0,0.0,0.0,-0.24,0.01,-3.6,1.0,1.0,1.0,1.0,0.0,58.894999999999996,0.035000000000003695,31.616910000000008,31.0,0.014,2.1,8.200000000000001,0.05,True,False,False,112.4,1.0,80.0,98.0,1.0,1.0,113.4,76.0,2.0,25.0,0.0,0.0,1.0,1.0,12.540000000000001,1.0,1.0,1.0,0.0,0.0,0.0,1.0,25.0,0.0,0.0,0.0,0.0,1.0,1.0,50.0,50.0,1.0,1.0,1.0,25.0
14.1,282,EV-LAB-001,NORMAL_BASELINE,58.82,58.980000000000004,58.63,-4.6000000000000005,29.200000000000003,6.0,1.0,4.800000000000001,2.0,3235.0,399.20000000000005,78.10000000000001,31.0,0.014,2.2,2.0,2.0,65.0,0.0,0.0,0.0,0.0,-0.24,0.01,-3.7,1.0,1.0,1.0,1.0,0.0,58.80500000000001,0.014999999999993463,31.17752000000001,31.0,0.014,2.2,8.3,0.05,True,False,False,111.10000000000001,1.0,80.0,98.0,1.0,1.0,110.80000000000001,76.0,2.0,26.0,0.0,0.0,1.0,1.0,12.61,1.0,1.0,1.0,0.0,0.0,0.0,1.0,26.0,0.0,0.0,0.0,0.0,1.0,1.0,50.0,50.0,1.0,1.0,1.0,26.0
14.15,283,EV-LAB-001,NORMAL_BASELINE,58.7,59.03,58.68,-4.6000000000000005,30.0,6.0,1.0,4.800000000000001,2.0,3228.0,398.5,78.0,31.0,0.013000000000000001,2.3000000000000003,2.0,2.0,65.0,0.0,0.0,0.0,0.0,-0.24,0.01,-3.7,1.0,1.0,1.0,1.0,0.0,58.855000000000004,0.15500000000000114,31.083,31.0,0.013000000000000001,2.3000000000000003,8.3,0.05,True,False,False,112.4,1.0,80.0,98.0,1.0,1.0,112.60000000000001,76.0,2.0,27.0,0.0,0.0,1.0,1.0,12.67,1.0,1.0,1.0,0.0,0.0,0.0,1.0,27.0,0.0,0.0,0.0,0.0,1.0,1.0,50.0,50.0,1.0,1.0,1.0,27.0
14.2,284,EV-LAB-001,NORMAL_BASELINE,58.58,58.71,58.29,-4.7,28.400000000000002,6.1000000000000005,1.0,4.800000000000001,2.0,3222.0,398.6,76.3,31.0,0.013000000000000001,2.0,2.0,2.0,65.0,0.0,0.0,0.0,0.0,-0.24,0.01,-3.8000000000000003,1.0,1.0,1.0,1.0,0.0,58.5,0.0799999999999983,30.41318,31.0,0.013000000000000001,2.0,8.5,0.05,True,False,False,110.30000000000001,1.0,80.0,98.0,1.0,1.0,109.30000000000001,76.0,2.0,28.0,0.0,0.0,1.0,1.0,12.620000000000001,1.0,1.0,1.0,0.0,0.0,0.0,1.0,28.0,0.0,0.0,0.0,0.0,1.0,1.0,50.0,50.0,1.0,1.0,1.0,28.0
14.25,285,EV-LAB-001,NORMAL_BASELINE,58.46,58.77,58.19,-4.7,29.6,6.1000000000000005,1.0,4.800000000000001,2.0,3215.0,398.6,77.80000000000001,31.0,0.01,2.1,2.0,2.0,65.0,0.0,0.0,0.0,0.0,-0.25,0.01,-3.7,1.0,1.0,1.0,1.0,0.0,58.480000000000004,0.020000000000003126,31.011080000000007,31.0,0.01,2.1,8.4,0.05,True,False,False,111.4,1.0,80.0,98.0,1.0,1.0,112.4,76.0,2.0,29.0,0.0,0.0,1.0,1.0,12.64,1.0,1.0,1.0,0.0,0.0,0.0,1.0,29.0,0.0,0.0,0.0,0.0,1.0,1.0,50.0,50.0,1.0,1.0,1.0,29.0
14.3,286,EV-LAB-001,NORMAL_BASELINE,58.34,58.67,57.99,-4.7,28.0,6.2,1.0,4.800000000000001,2.0,3209.0,399.20000000000005,77.0,31.0,0.016,2.0,2.0,2.0,64.0,0.0,0.0,0.0,0.0,-0.25,0.01,-3.8000000000000003,1.0,1.0,1.0,1.0,0.0,58.33,0.010000000000005116,30.738400000000006,31.0,0.016,2.0,8.5,0.05,True,False,False,109.5,1.0,79.60000000000001,98.0,1.0,1.0,109.30000000000001,75.0,2.0,30.0,0.0,0.0,1.0,1.0,12.57,1.0,1.0,1.0,0.0,0.0,0.0,1.0,30.0,0.0,0.0,0.0,0.0,1.0,1.0,50.0,50.0,1.0,1.0,1.0,30.0
14.35,287,EV-LAB-001,NORMAL_BASELINE,58.21,58.47,57.89,-4.7,28.0,6.2,1.0,4.800000000000001,2.0,3202.0,398.90000000000003,76.10000000000001,31.0,0.011,2.1,2.0,2.0,64.0,0.0,0.0,0.0,0.0,-0.25,0.01,-3.8000000000000003,1.0,1.0,1.0,1.0,0.0,58.18,0.030000000000001137,30.356290000000005,31.0,0.011,2.1,8.5,0.05,True,False,False,109.60000000000001,1.0,79.60000000000001,98.0,1.0,1.0,109.7,76.0,2.0,31.0,0.0,0.0,1.0,1.0,12.55,1.0,1.0,1.0,0.0,0.0,0.0,1.0,31.0,0.0,0.0,0.0,0.0,1.0,1.0,50.0,50.0,1.0,1.0,1.0,31.0
14.4,288,EV-LAB-001,NORMAL_BASELINE,58.09,58.35,57.9,-4.7,28.0,6.300000000000001,1.0,5.2,2.0,3195.0,399.0,78.0,31.0,0.016,1.9000000000000001,2.0,2.0,64.0,0.0,0.0,0.0,0.0,-0.25,0.01,-3.9000000000000004,1.0,1.0,1.0,1.0,0.0,58.125,0.03499999999999659,31.122,31.0,0.016,1.9000000000000001,8.600000000000001,0.05,True,False,False,109.80000000000001,1.0,79.60000000000001,98.0,1.0,1.0,111.10000000000001,76.0,2.0,32.0,0.0,0.0,1.0,1.0,12.66,1.0,1.0,1.0,0.0,0.0,0.0,1.0,32.0,0.0,0.0,0.0,0.0,1.0,1.0,50.0,50.0,1.0,1.0,1.0,32.0
14.45,289,EV-LAB-001,NORMAL_BASELINE,57.97,58.22,57.68,-4.800000000000001,27.6,6.300000000000001,1.0,5.2,2.0,3188.0,398.70000000000005,77.30000000000001,31.0,0.015,2.0,2.0,2.0,64.0,0.0,0.0,0.0,0.0,-0.25,0.01,-3.9000000000000004,1.0,1.0,1.0,1.0,0.0,57.95,0.01999999999999602,30.819510000000008,31.0,0.015,2.0,8.700000000000001,0.05,True,False,False,109.2,1.0,79.60000000000001,98.0,1.0,1.0,110.5,75.0,2.0,33.0,0.0,0.0,1.0,1.0,12.540000000000001,1.0,1.0,1.0,0.0,0.0,0.0,1.0,33.0,0.0,0.0,0.0,0.0,1.0,1.0,50.0,50.0,1.0,1.0,1.0,33.0
14.5,290,EV-LAB-001,NORMAL_BASELINE,57.84,57.980000000000004,57.68,-4.800000000000001,27.6,6.4,1.0,5.2,2.0,3181.0,398.1,75.9,31.0,0.011,2.0,2.0,2.0,64.0,0.0,0.0,0.0,0.0,-0.25,0.01,-3.8000000000000003,1.0,1.0,1.0,1.0,0.0,57.83,0.010000000000005116,30.215790000000005,31.0,0.011,2.0,8.600000000000001,0.05,True,False,False,109.2,1.0,79.60000000000001,98.0,1.0,1.0,110.0,75.0,2.0,34.0,0.0,0.0,1.0,1.0,12.61,1.0,1.0,1.0,0.0,0.0,0.0,1.0,34.0,0.0,0.0,0.0,0.0,1.0,1.0,50.0,50.0,1.0,1.0,1.0,34.0
14.55,291,EV-LAB-001,NORMAL_BASELINE,57.72,58.04,57.480000000000004,-4.800000000000001,28.400000000000002,6.4,1.0,5.2,2.0,3174.0,397.8,78.9,31.0,0.01,2.0,2.0,2.0,65.0,0.0,0.0,0.0,0.0,-0.26,0.01,-3.8000000000000003,1.0,1.0,1.0,1.0,0.0,57.760000000000005,0.04000000000000625,31.38642,31.0,0.01,2.0,8.600000000000001,0.05,True,False,False,110.0,1.0,79.60000000000001,98.0,1.0,1.0,110.2,75.0,2.0,35.0,0.0,0.0,1.0,1.0,12.58,1.0,1.0,1.0,0.0,0.0,0.0,1.0,35.0,0.0,0.0,0.0,0.0,1.0,1.0,50.0,50.0,1.0,1.0,1.0,35.0
14.6,292,EV-LAB-001,NORMAL_BASELINE,57.59,57.79,57.32,-4.800000000000001,28.400000000000002,6.4,1.0,5.2,2.0,3167.0,399.20000000000005,77.2,31.0,0.012,2.0,2.0,2.0,64.0,0.0,0.0,0.0,0.0,-0.26,0.01,-3.8000000000000003,1.0,1.0,1.0,1.0,0.0,57.555,0.035000000000003695,30.818240000000007,31.0,0.012,2.0,8.600000000000001,0.05,True,False,False,109.9,1.0,79.60000000000001,98.0,1.0,1.0,108.7,75.0,2.0,36.0,0.0,0.0,1.0,1.0,12.6,1.0,1.0,1.0,0.0,0.0,0.0,1.0,36.0,0.0,0.0,0.0,0.0,1.0,1.0,50.0,50.0,1.0,1.0,1.0,36.0
14.65,293,EV-LAB-001,NORMAL_BASELINE,57.46,57.86,57.49,-4.800000000000001,27.200000000000003,6.5,1.0,5.2,2.0,3160.0,398.0,75.7,31.0,0.012,1.9000000000000001,2.0,2.0,64.0,0.0,0.0,0.0,0.0,-0.26,0.01,-3.9000000000000004,1.0,1.0,1.0,1.0,0.0,57.675,0.2149999999999963,30.128600000000002,31.0,0.012,1.9000000000000001,8.700000000000001,0.05,True,False,False,108.5,1.0,79.60000000000001,98.0,1.0,1.0,109.7,76.0,2.0,37.0,0.0,0.0,1.0,1.0,12.58,1.0,1.0,1.0,0.0,0.0,0.0,1.0,37.0,0.0,0.0,0.0,0.0,1.0,1.0,50.0,50.0,1.0,1.0,1.0,37.0
14.7,294,EV-LAB-001,NORMAL_BASELINE,57.34,57.65,57.120000000000005,-4.800000000000001,28.8,6.5,1.0,5.2,2.0,3153.0,398.6,78.4,31.0,0.012,1.9000000000000001,2.0,2.0,64.0,0.0,0.0,0.0,0.0,-0.26,0.01,-3.9000000000000004,1.0,1.0,1.0,1.0,0.0,57.385000000000005,0.045000000000001705,31.250240000000005,31.0,0.012,1.9000000000000001,8.700000000000001,0.05,True,False,False,110.5,1.0,79.60000000000001,98.0,1.0,1.0,109.60000000000001,76.0,2.0,38.0,0.0,0.0,1.0,1.0,12.51,1.0,1.0,1.0,0.0,0.0,0.0,1.0,38.0,0.0,0.0,0.0,0.0,1.0,1.0,50.0,50.0,1.0,1.0,1.0,38.0
14.75,295,EV-LAB-001,NORMAL_BASELINE,57.21,57.56,56.9,-4.800000000000001,28.8,6.5,1.0,5.2,2.0,3146.0,398.8,75.60000000000001,31.0,0.011,1.8,2.0,2.0,64.0,0.0,0.0,0.0,0.0,-0.26,0.01,-3.9000000000000004,1.0,1.0,1.0,1.0,0.0,57.230000000000004,0.020000000000003126,30.14928,31.0,0.011,1.8,8.700000000000001,0.05,True,False,False,110.4,1.0,79.60000000000001,98.0,1.0,1.0,110.0,75.0,2.0,39.0,0.0,0.0,1.0,1.0,12.6,1.0,1.0,1.0,0.0,0.0,0.0,1.0,39.0,0.0,0.0,0.0,0.0,1.0,1.0,50.0,50.0,1.0,1.0,1.0,39.0
14.8,296,EV-LAB-001,NORMAL_BASELINE,57.08,57.43,56.93,-4.800000000000001,28.0,6.6000000000000005,1.0,5.2,2.0,3139.0,399.20000000000005,76.10000000000001,32.0,0.012,2.0,2.0,2.0,63.0,0.0,0.0,0.0,0.0,-0.26,0.02,-3.9000000000000004,1.0,1.0,1.0,1.0,0.0,57.18,0.10000000000000142,30.379120000000007,32.0,0.012,2.0,8.700000000000001,0.05,True,False,False,109.2,1.0,79.60000000000001,98.0,1.0,1.0,110.5,75.0,2.0,40.0,0.0,0.0,1.0,1.0,12.530000000000001,1.0,1.0,1.0,0.0,0.0,0.0,1.0,40.0,0.0,0.0,0.0,0.0,1.0,1.0,50.0,50.0,1.0,1.0,1.0,40.0
14.85,297,EV-LAB-001,NORMAL_BASELINE,56.95,57.36,56.83,-4.800000000000001,28.0,6.6000000000000005,1.0,5.2,2.0,3132.0,399.3,76.2,31.0,0.011,2.1,2.0,2.0,64.0,0.0,0.0,0.0,0.0,-0.26,0.01,-3.8000000000000003,1.0,1.0,1.0,1.0,0.0,57.095,0.14499999999999602,30.426660000000002,31.0,0.011,2.1,8.600000000000001,0.05,True,False,False,109.60000000000001,1.0,79.60000000000001,98.0,1.0,1.0,108.9,76.0,2.0,41.0,0.0,0.0,1.0,1.0,12.58,1.0,1.0,1.0,0.0,0.0,0.0,1.0,41.0,0.0,0.0,0.0,0.0,1.0,1.0,50.0,50.0,1.0,1.0,1.0,41.0
14.9,298,EV-LAB-001,NORMAL_BASELINE,56.82,57.09,56.68,-4.800000000000001,29.200000000000003,6.6000000000000005,1.0,5.2,2.0,3125.0,398.40000000000003,76.10000000000001,31.0,0.01,2.0,2.0,2.0,63.0,0.0,0.0,0.0,0.0,-0.26,0.01,-3.9000000000000004,1.0,1.0,1.0,1.0,0.0,56.885000000000005,0.06500000000000483,30.318240000000007,31.0,0.01,2.0,8.700000000000001,0.05,True,False,False,110.60000000000001,1.0,79.60000000000001,98.0,1.0,1.0,112.7,75.0,2.0,42.0,0.0,0.0,1.0,1.0,12.61,1.0,1.0,1.0,0.0,0.0,0.0,1.0,42.0,0.0,0.0,0.0,0.0,1.0,1.0,50.0,50.0,1.0,1.0,1.0,42.0
14.95,299,EV-LAB-001,NORMAL_BASELINE,56.69,56.71,56.5,-4.800000000000001,25.200000000000003,6.6000000000000005,1.0,5.2,2.0,3118.0,399.0,73.8,31.0,0.015,2.3000000000000003,2.0,2.0,63.0,0.0,0.0,0.0,0.0,-0.27,0.02,-3.9000000000000004,1.0,1.0,1.0,1.0,0.0,56.605000000000004,0.08499999999999375,29.446199999999997,31.0,0.015,2.3000000000000003,8.700000000000001,0.05,True,False,False,106.0,1.0,79.60000000000001,98.0,1.0,1.0,106.30000000000001,75.0,2.0,43.0,0.0,0.0,1.0,1.0,12.61,1.0,1.0,1.0,0.0,0.0,0.0,1.0,43.0,0.0,0.0,0.0,0.0,1.0,1.0,50.0,50.0,1.0,1.0,1.0,43.0
15.0,300,EV-LAB-001,NORMAL_BASELINE,56.56,56.730000000000004,56.36,-4.800000000000001,28.8,6.6000000000000005,1.0,5.2,2.0,3111.0,398.1,77.5,31.0,0.012,1.9000000000000001,2.0,2.0,63.0,0.0,0.0,0.0,0.0,-0.27,0.01,-3.9000000000000004,1.0,1.0,1.0,1.0,0.0,56.545,0.015000000000000568,30.85275,31.0,0.012,1.9000000000000001,8.700000000000001,0.05,True,False,False,110.10000000000001,1.0,79.60000000000001,98.0,1.0,1.0,109.80000000000001,75.0,2.0,44.0,0.0,0.0,1.0,1.0,12.58,1.0,1.0,1.0,0.0,0.0,0.0,1.0,44.0,0.0,0.0,0.0,0.0,1.0,1.0,50.0,50.0,1.0,1.0,1.0,44.0
15.05,301,EV-LAB-001,NORMAL_BASELINE,56.43,56.620000000000005,56.21,-4.800000000000001,26.8,6.7,1.0,5.2,2.0,3104.0,398.90000000000003,77.0,31.0,0.015,2.0,2.0,2.0,64.0,0.0,0.0,0.0,0.0,-0.27,0.01,-3.8000000000000003,1.0,1.0,1.0,1.0,0.0,56.415000000000006,0.014999999999993463,30.715300000000003,31.0,0.015,2.0,8.600000000000001,0.05,True,False,False,107.80000000000001,1.0,79.60000000000001,98.0,1.0,1.0,109.10000000000001,75.0,2.0,45.0,0.0,0.0,1.0,1.0,12.64,1.0,1.0,1.0,0.0,0.0,0.0,1.0,45.0,0.0,0.0,0.0,0.0,1.0,1.0,50.0,50.0,1.0,1.0,1.0,45.0
15.1,302,EV-LAB-001,NORMAL_BASELINE,56.300000000000004,56.550000000000004,56.13,-4.800000000000001,26.400000000000002,6.7,1.0,5.2,2.0,3096.0,399.3,77.30000000000001,31.0,0.015,2.1,2.0,2.0,65.0,0.0,0.0,0.0,0.0,-0.27,0.01,-3.8000000000000003,1.0,1.0,1.0,1.0,0.0,56.34,0.03999999999999915,30.865890000000007,31.0,0.015,2.1,8.600000000000001,0.05,True,False,False,107.60000000000001,1.0,79.60000000000001,98.0,1.0,1.0,108.2,75.0,2.0,46.0,0.0,0.0,1.0,1.0,12.6,1.0,1.0,1.0,0.0,0.0,0.0,1.0,46.0,0.0,0.0,0.0,0.0,1.0,1.0,50.0,50.0,1.0,1.0,1.0,46.0
15.15,303,EV-LAB-001,NORMAL_BASELINE,56.17,56.29,55.95,-4.800000000000001,26.400000000000002,6.7,1.0,5.2,2.0,3089.0,398.20000000000005,75.9,31.0,0.013000000000000001,1.8,2.0,2.0,63.0,0.0,0.0,0.0,0.0,-0.27,0.01,-3.8000000000000003,1.0,1.0,1.0,1.0,0.0,56.120000000000005,0.04999999999999716,30.223380000000006,31.0,0.013000000000000001,1.8,8.600000000000001,0.05,True,False,False,107.2,1.0,79.60000000000001,98.0,1.0,1.0,106.5,75.0,2.0,47.0,0.0,0.0,1.0,1.0,12.61,1.0,1.0,1.0,0.0,0.0,0.0,1.0,47.0,0.0,0.0,0.0,0.0,1.0,1.0,50.0,50.0,1.0,1.0,1.0,47.0
15.2,304,EV-LAB-001,NORMAL_BASELINE,56.04,56.22,55.910000000000004,-4.7,27.6,6.7,1.0,5.2,2.0,3082.0,399.40000000000003,74.2,31.0,0.014,1.9000000000000001,2.0,2.0,64.0,0.0,0.0,0.0,0.0,-0.27,0.02,-3.8000000000000003,1.0,1.0,1.0,1.0,0.0,56.065,0.02499999999999858,29.635480000000005,31.0,0.014,1.9000000000000001,8.5,0.05,True,False,False,108.7,1.0,79.60000000000001,98.0,1.0,1.0,108.80000000000001,74.0,2.0,48.0,0.0,0.0,1.0,1.0,12.56,1.0,1.0,1.0,0.0,0.0,0.0,1.0,48.0,0.0,0.0,0.0,0.0,1.0,1.0,50.0,50.0,1.0,1.0,1.0,48.0
15.25,305,EV-LAB-001,NORMAL_BASELINE,55.9,56.11,55.620000000000005,-4.7,26.400000000000002,6.7,1.0,5.2,2.0,3075.0,398.6,74.9,31.0,0.015,1.9000000000000001,2.0,2.0,63.0,0.0,0.0,0.0,0.0,-0.27,0.01,-3.9000000000000004,1.0,1.0,1.0,1.0,0.0,55.865,0.03499999999999659,29.855140000000002,31.0,0.015,1.9000000000000001,8.600000000000001,0.05,True,False,False,107.60000000000001,1.0,79.60000000000001,98.0,1.0,1.0,108.4,75.0,2.0,49.0,0.0,0.0,1.0,1.0,12.57,1.0,1.0,1.0,0.0,0.0,0.0,1.0,49.0,0.0,0.0,0.0,0.0,1.0,1.0,50.0,50.0,1.0,1.0,1.0,49.0
15.3,306,EV-LAB-001,NORMAL_BASELINE,55.77,56.07,55.59,-4.7,26.8,6.7,1.0,5.2,2.0,3067.0,398.5,74.9,31.0,0.013000000000000001,1.9000000000000001,2.0,2.0,64.0,0.0,0.0,0.0,0.0,-0.27,0.01,-3.7,1.0,1.0,1.0,1.0,0.0,55.83,0.05999999999999517,29.84765,31.0,0.013000000000000001,1.9000000000000001,8.4,0.05,True,False,False,107.9,1.0,79.60000000000001,98.0,1.0,1.0,109.0,75.0,2.0,50.0,0.0,0.0,1.0,1.0,12.59,1.0,1.0,1.0,0.0,0.0,0.0,1.0,50.0,0.0,0.0,0.0,0.0,1.0,1.0,50.0,50.0,1.0,1.0,1.0,50.0
15.35,307,EV-LAB-001,NORMAL_BASELINE,55.64,55.9,55.46,-4.7,28.0,6.7,1.0,5.2,2.0,3060.0,398.90000000000003,76.80000000000001,31.0,0.012,2.1,2.0,2.0,64.0,0.0,0.0,0.0,0.0,-0.27,0.01,-3.8000000000000003,1.0,1.0,1.0,1.0,0.0,55.68,0.03999999999999915,30.635520000000007,31.0,0.012,2.1,8.5,0.05,True,False,False,109.4,1.0,79.60000000000001,98.0,1.0,1.0,108.5,74.0,2.0,51.0,0.0,0.0,1.0,1.0,12.61,1.0,1.0,1.0,0.0,0.0,0.0,1.0,51.0,0.0,0.0,0.0,0.0,1.0,1.0,50.0,50.0,1.0,1.0,1.0,51.0
15.4,308,EV-LAB-001,NORMAL_BASELINE,55.51,55.76,55.28,-4.7,26.0,6.7,1.0,5.2,2.0,3053.0,398.6,75.4,31.0,0.015,2.2,2.0,2.0,64.0,0.0,0.0,0.0,0.0,-0.27,0.01,-3.7,1.0,1.0,1.0,1.0,0.0,55.519999999999996,0.00999999999999801,30.054440000000003,31.0,0.015,2.2,8.4,0.05,True,False,False,106.80000000000001,1.0,79.60000000000001,98.0,1.0,1.0,104.2,75.0,2.0,52.0,0.0,0.0,1.0,1.0,12.61,1.0,1.0,1.0,0.0,0.0,0.0,1.0,52.0,0.0,0.0,0.0,0.0,1.0,1.0,50.0,50.0,1.0,1.0,1.0,52.0
15.45,309,EV-LAB-001,NORMAL_BASELINE,55.38,55.68,55.13,-4.6000000000000005,26.0,6.7,1.0,5.2,2.0,3046.0,397.70000000000005,75.8,31.0,0.011,1.8,2.0,2.0,63.0,0.0,0.0,0.0,0.0,-0.27,0.01,-3.7,1.0,1.0,1.0,1.0,0.0,55.405,0.02499999999999858,30.145660000000003,31.0,0.011,1.8,8.3,0.05,True,False,False,107.10000000000001,1.0,79.60000000000001,98.0,1.0,1.0,106.80000000000001,74.0,2.0,53.0,0.0,0.0,1.0,1.0,12.56,1.0,1.0,1.0,0.0,0.0,0.0,1.0,53.0,0.0,0.0,0.0,0.0,1.0,1.0,50.0,50.0,1.0,1.0,1.0,53.0
15.5,310,EV-LAB-001,NORMAL_BASELINE,55.25,55.39,55.03,-4.6000000000000005,25.200000000000003,6.7,1.0,5.2,2.0,3039.0,398.40000000000003,74.60000000000001,31.0,0.014,2.3000000000000003,2.0,2.0,63.0,0.0,0.0,0.0,0.0,-0.27,0.01,-3.6,1.0,1.0,1.0,1.0,0.0,55.21,0.03999999999999915,29.720640000000007,31.0,0.014,2.3000000000000003,8.200000000000001,0.05,True,False,False,106.0,1.0,79.60000000000001,98.0,1.0,1.0,105.4,74.0,2.0,54.0,0.0,0.0,1.0,1.0,12.57,1.0,1.0,1.0,0.0,0.0,0.0,1.0,54.0,0.0,0.0,0.0,0.0,1.0,1.0,50.0,50.0,1.0,1.0,1.0,54.0
15.55,311,EV-LAB-001,NORMAL_BASELINE,55.120000000000005,55.36,54.92,-4.6000000000000005,26.400000000000002,6.6000000000000005,1.0,5.2,2.0,3032.0,398.40000000000003,75.60000000000001,31.0,0.012,1.9000000000000001,2.0,2.0,63.0,0.0,0.0,0.0,0.0,-0.27,0.02,-3.7,1.0,1.0,1.0,1.0,0.0,55.14,0.01999999999999602,30.119040000000005,31.0,0.012,1.9000000000000001,8.3,0.05,True,False,False,107.5,1.0,79.60000000000001,98.0,1.0,1.0,107.5,75.0,2.0,55.0,0.0,0.0,1.0,1.0,12.59,1.0,1.0,1.0,0.0,0.0,0.0,1.0,55.0,0.0,0.0,0.0,0.0,1.0,1.0,50.0,50.0,1.0,1.0,1.0,55.0
15.6,312,EV-LAB-001,NORMAL_BASELINE,54.99,55.31,54.9,-4.5,26.400000000000002,6.6000000000000005,1.0,5.2,2.0,3024.0,398.8,76.9,31.0,0.01,2.0,2.0,2.0,63.0,0.0,0.0,0.0,0.0,-0.26,0.01,-3.6,1.0,1.0,1.0,1.0,0.0,55.105000000000004,0.11500000000000199,30.667720000000006,31.0,0.01,2.0,8.1,0.05,True,False,False,107.5,1.0,79.60000000000001,98.0,1.0,1.0,109.0,74.0,2.0,56.0,0.0,0.0,1.0,1.0,12.530000000000001,1.0,1.0,1.0,0.0,0.0,0.0,1.0,56.0,0.0,0.0,0.0,0.0,1.0,1.0,50.0,50.0,1.0,1.0,1.0,56.0
15.65,313,EV-LAB-001,NORMAL_BASELINE,54.86,54.980000000000004,54.74,-4.5,25.6,6.6000000000000005,1.0,5.2,2.0,3017.0,398.6,76.0,31.0,0.012,2.2,2.0,2.0,63.0,0.0,0.0,0.0,0.0,-0.26,0.02,-3.6,1.0,1.0,1.0,1.0,0.0,54.86,0.0,30.2936,31.0,0.012,2.2,8.1,0.05,True,False,False,106.60000000000001,1.0,79.60000000000001,98.0,1.0,1.0,105.0,74.0,2.0,57.0,0.0,0.0,1.0,1.0,12.620000000000001,1.0,1.0,1.0,0.0,0.0,0.0,1.0,57.0,0.0,0.0,0.0,0.0,1.0,1.0,50.0,50.0,1.0,1.0,1.0,57.0
15.7,314,EV-LAB-001,NORMAL_BASELINE,54.730000000000004,54.97,54.660000000000004,-4.4,26.8,6.6000000000000005,1.0,5.2,2.0,3010.0,398.5,76.4,31.0,0.005,1.7000000000000002,2.0,2.0,63.0,0.0,0.0,0.0,0.0,-0.26,0.01,-3.6,1.0,1.0,1.0,1.0,0.0,54.815,0.08499999999999375,30.445400000000003,31.0,0.005,1.7000000000000002,8.0,0.05,True,False,False,108.10000000000001,1.0,79.60000000000001,98.0,1.0,1.0,109.5,74.0,2.0,58.0,0.0,0.0,1.0,1.0,12.67,1.0,1.0,1.0,0.0,0.0,0.0,1.0,58.0,0.0,0.0,0.0,0.0,1.0,1.0,50.0,50.0,1.0,1.0,1.0,58.0
15.75,315,EV-LAB-001,NORMAL_BASELINE,54.6,54.88,54.39,-4.4,25.6,6.5,1.0,5.2,2.0,3003.0,399.1,73.2,31.0,0.011,2.0,2.0,2.0,63.0,0.0,0.0,0.0,0.0,-0.26,0.02,-3.5,1.0,1.0,1.0,1.0,0.0,54.635000000000005,0.035000000000003695,29.21412,31.0,0.011,2.0,7.9,0.05,True,False,False,106.7,1.0,79.60000000000001,98.0,1.0,1.0,106.9,74.0,2.0,59.0,0.0,0.0,1.0,1.0,12.56,1.0,1.0,1.0,0.0,0.0,0.0,1.0,59.0,0.0,0.0,0.0,0.0,1.0,1.0,50.0,50.0,1.0,1.0,1.0,59.0
15.8,316,EV-LAB-001,NORMAL_BASELINE,54.480000000000004,54.72,54.25,-4.4,24.0,6.5,1.0,5.2,2.0,2996.0,398.1,73.5,31.0,0.014,2.0,2.0,2.0,64.0,0.0,0.0,0.0,0.0,-0.26,0.01,-3.5,1.0,1.0,1.0,1.0,0.0,54.485,0.0049999999999954525,29.260350000000003,31.0,0.014,2.0,7.9,0.05,True,False,False,104.60000000000001,1.0,79.60000000000001,98.0,1.0,1.0,104.0,74.0,2.0,60.0,0.0,0.0,1.0,1.0,12.58,1.0,1.0,1.0,0.0,0.0,0.0,1.0,60.0,0.0,0.0,0.0,0.0,1.0,1.0,50.0,50.0,1.0,1.0,1.0,60.0
15.85,317,EV-LAB-001,NORMAL_BASELINE,54.35,54.6,54.26,-4.3,26.400000000000002,6.5,1.0,5.2,2.0,2989.0,399.1,76.3,31.0,0.013000000000000001,2.0,2.0,2.0,63.0,0.0,0.0,0.0,0.0,-0.26,0.02,-3.4000000000000004,1.0,1.0,1.0,1.0,0.0,54.43,0.0799999999999983,30.451330000000002,31.0,0.013000000000000001,2.0,7.7,0.05,True,False,False,107.7,1.0,79.60000000000001,98.0,1.0,1.0,106.9,74.0,2.0,61.0,0.0,0.0,1.0,1.0,12.59,1.0,1.0,1.0,0.0,0.0,0.0,1.0,61.0,0.0,0.0,0.0,0.0,1.0,1.0,50.0,50.0,1.0,1.0,1.0,61.0
15.9,318,EV-LAB-001,NORMAL_BASELINE,54.22,54.61,54.06,-4.3,26.0,6.4,1.0,5.2,2.0,2982.0,398.8,75.2,31.0,0.009000000000000001,2.2,2.0,2.0,64.0,0.0,0.0,0.0,0.0,-0.26,0.01,-3.4000000000000004,1.0,1.0,1.0,1.0,0.0,54.335,0.11500000000000199,29.98976,31.0,0.009000000000000001,2.2,7.7,0.05,True,False,False,106.9,1.0,79.60000000000001,98.0,1.0,1.0,107.4,74.0,2.0,62.0,0.0,0.0,1.0,1.0,12.620000000000001,1.0,1.0,1.0,0.0,0.0,0.0,1.0,62.0,0.0,0.0,0.0,0.0,1.0,1.0,50.0,50.0,1.0,1.0,1.0,62.0
15.95,319,EV-LAB-001,NORMAL_BASELINE,54.1,54.300000000000004,53.76,-4.2,27.6,6.4,1.0,5.2,2.0,2975.0,398.70000000000005,74.4,31.0,0.012,1.9000000000000001,2.0,2.0,64.0,0.0,0.0,0.0,0.0,-0.26,0.02,-3.3000000000000003,1.0,1.0,1.0,1.0,0.0,54.03,0.07000000000000028,29.663280000000007,31.0,0.012,1.9000000000000001,7.5,0.05,True,False,False,108.80000000000001,1.0,79.60000000000001,98.0,1.0,1.0,108.5,73.0,2.0,63.0,0.0,0.0,1.0,1.0,12.66,1.0,1.0,1.0,0.0,0.0,0.0,1.0,63.0,0.0,0.0,0.0,0.0,1.0,1.0,50.0,50.0,1.0,1.0,1.0,63.0
16.0,320,EV-LAB-001,NORMAL_BASELINE,53.97,54.14,53.78,-4.2,26.0,6.4,1.0,5.2,2.0,2968.0,398.3,76.4,31.0,0.016,2.2,2.0,2.0,63.0,0.0,0.0,0.0,0.0,-0.25,0.01,-3.3000000000000003,1.0,1.0,1.0,1.0,0.0,53.96,0.00999999999999801,30.430120000000002,31.0,0.016,2.2,7.5,0.05,True,False,False,107.30000000000001,1.0,79.60000000000001,98.0,1.0,1.0,108.2,73.0,2.0,64.0,0.0,0.0,1.0,1.0,12.61,1.0,1.0,1.0,0.0,0.0,0.0,1.0,64.0,0.0,0.0,0.0,0.0,1.0,1.0,50.0,50.0,1.0,1.0,1.0,64.0
16.05,321,EV-LAB-001,NORMAL_BASELINE,53.85,54.08,53.71,-4.1000000000000005,25.200000000000003,6.300000000000001,1.0,5.2,2.0,2962.0,398.8,74.7,31.0,0.009000000000000001,2.0,2.0,2.0,62.0,0.0,0.0,0.0,0.0,-0.25,0.01,-3.3000000000000003,1.0,1.0,1.0,1.0,0.0,53.894999999999996,0.0449999999999946,29.79036,31.0,0.009000000000000001,2.0,7.4,0.05,True,False,False,106.4,1.0,79.60000000000001,98.0,1.0,1.0,105.30000000000001,74.0,2.0,65.0,0.0,0.0,1.0,1.0,12.56,1.0,1.0,1.0,0.0,0.0,0.0,1.0,65.0,0.0,0.0,0.0,0.0,1.0,1.0,50.0,50.0,1.0,1.0,1.0,65.0
16.1,322,EV-LAB-001,NORMAL_BASELINE,53.730000000000004,53.9,53.59,-4.0,25.200000000000003,6.300000000000001,1.0,5.2,2.0,2955.0,398.6,74.10000000000001,31.0,0.012,2.0,2.0,2.0,63.0,0.0,0.0,0.0,0.0,-0.25,0.01,-3.2,1.0,1.0,1.0,1.0,0.0,53.745000000000005,0.015000000000000568,29.536260000000006,31.0,0.012,2.0,7.2,0.05,True,False,False,106.30000000000001,1.0,79.60000000000001,98.0,1.0,1.0,105.5,73.0,2.0,66.0,0.0,0.0,1.0,1.0,12.58,1.0,1.0,1.0,0.0,0.0,0.0,1.0,66.0,0.0,0.0,0.0,0.0,1.0,1.0,50.0,50.0,1.0,1.0,1.0,66.0
16.15,323,EV-LAB-001,NORMAL_BASELINE,53.6,53.82,53.410000000000004,-4.0,25.200000000000003,6.2,1.0,4.800000000000001,2.0,2948.0,398.6,73.7,31.0,0.014,2.3000000000000003,2.0,2.0,63.0,0.0,0.0,0.0,0.0,-0.25,0.01,-3.2,1.0,1.0,1.0,1.0,0.0,53.615,0.015000000000000568,29.376820000000002,31.0,0.014,2.3000000000000003,7.2,0.05,True,False,False,106.30000000000001,1.0,79.60000000000001,98.0,1.0,1.0,104.80000000000001,74.0,2.0,67.0,0.0,0.0,1.0,1.0,12.64,1.0,1.0,1.0,0.0,0.0,0.0,1.0,67.0,0.0,0.0,0.0,0.0,1.0,1.0,50.0,50.0,1.0,1.0,1.0,67.0
16.2,324,EV-LAB-001,NORMAL_BASELINE,53.480000000000004,53.76,53.26,-3.9000000000000004,24.0,6.1000000000000005,1.0,4.800000000000001,2.0,2942.0,398.40000000000003,73.8,31.0,0.008,2.0,2.0,2.0,63.0,0.0,0.0,0.0,0.0,-0.25,0.01,-3.2,1.0,1.0,1.0,1.0,0.0,53.51,0.02999999999999403,29.40192,31.0,0.008,2.0,7.1000000000000005,0.05,True,False,False,104.80000000000001,1.0,79.60000000000001,98.0,1.0,1.0,103.5,74.0,2.0,68.0,0.0,0.0,1.0,1.0,12.61,1.0,1.0,1.0,0.0,0.0,0.0,1.0,68.0,0.0,0.0,0.0,0.0,1.0,1.0,50.0,50.0,1.0,1.0,1.0,68.0
16.25,325,EV-LAB-001,NORMAL_BASELINE,53.36,53.800000000000004,53.09,-3.9000000000000004,25.200000000000003,6.1000000000000005,1.0,4.800000000000001,2.0,2935.0,398.40000000000003,74.3,31.0,0.011,2.0,2.0,2.0,63.0,0.0,0.0,0.0,0.0,-0.24,0.02,-3.0,1.0,1.0,1.0,1.0,0.0,53.44500000000001,0.08500000000000796,29.60112,31.0,0.011,2.0,6.9,0.05,True,False,False,106.30000000000001,1.0,79.60000000000001,98.0,1.0,1.0,106.10000000000001,73.0,2.0,69.0,0.0,0.0,1.0,1.0,12.64,1.0,1.0,1.0,0.0,0.0,0.0,1.0,69.0,0.0,0.0,0.0,0.0,1.0,1.0,50.0,50.0,1.0,1.0,1.0,69.0
16.3,326,EV-LAB-001,NORMAL_BASELINE,53.25,53.44,53.11,-3.8000000000000003,26.0,6.0,1.0,4.800000000000001,2.0,2928.0,398.40000000000003,75.5,31.0,0.018000000000000002,1.9000000000000001,2.0,2.0,62.0,0.0,0.0,0.0,0.0,-0.24,0.01,-3.1,1.0,1.0,1.0,1.0,0.0,53.275,0.02499999999999858,30.079200000000004,31.0,0.018000000000000002,1.9000000000000001,6.9,0.05,True,False,False,107.10000000000001,1.0,79.60000000000001,98.0,1.0,1.0,108.0,74.0,2.0,70.0,0.0,0.0,1.0,1.0,12.71,1.0,1.0,1.0,0.0,0.0,0.0,1.0,70.0,0.0,0.0,0.0,0.0,1.0,1.0,50.0,50.0,1.0,1.0,1.0,70.0
16.35,327,EV-LAB-001,NORMAL_BASELINE,53.13,53.34,53.0,-3.7,25.200000000000003,6.0,1.0,4.800000000000001,2.0,2922.0,398.5,74.4,31.0,0.007,2.0,2.0,2.0,62.0,0.0,0.0,0.0,0.0,-0.24,0.01,-3.0,1.0,1.0,1.0,1.0,0.0,53.17,0.03999999999999915,29.648400000000002,31.0,0.007,2.0,6.7,0.05,True,False,False,106.60000000000001,1.0,79.60000000000001,98.0,1.0,1.0,104.60000000000001,75.0,2.0,71.0,0.0,0.0,1.0,1.0,12.61,1.0,1.0,1.0,0.0,0.0,0.0,1.0,71.0,0.0,0.0,0.0,0.0,1.0,1.0,50.0,50.0,1.0,1.0,1.0,71.0
16.4,328,EV-LAB-001,NORMAL_BASELINE,53.01,53.230000000000004,52.59,-3.7,26.0,5.9,1.0,4.800000000000001,2.0,2916.0,398.6,76.0,31.0,0.012,2.1,2.0,2.0,62.0,0.0,0.0,0.0,0.0,-0.24,0.01,-3.0,1.0,1.0,1.0,1.0,0.0,52.910000000000004,0.09999999999999432,30.2936,31.0,0.012,2.1,6.7,0.05,True,False,False,107.60000000000001,1.0,79.60000000000001,98.0,1.0,1.0,107.5,73.0,2.0,72.0,0.0,0.0,1.0,1.0,12.65,1.0,1.0,1.0,0.0,0.0,0.0,1.0,72.0,0.0,0.0,0.0,0.0,1.0,1.0,50.0,50.0,1.0,1.0,1.0,72.0
16.45,329,EV-LAB-001,NORMAL_BASELINE,52.9,52.980000000000004,52.64,-3.6,25.200000000000003,5.800000000000001,1.0,4.800000000000001,2.0,2909.0,398.40000000000003,75.5,31.0,0.016,2.1,2.0,2.0,63.0,0.0,0.0,0.0,0.0,-0.23,0.01,-2.9000000000000004,1.0,1.0,1.0,1.0,0.0,52.81,0.0899999999999963,30.079200000000004,31.0,0.016,2.1,6.5,0.05,True,False,False,106.4,1.0,79.60000000000001,98.0,1.0,1.0,107.10000000000001,74.0,2.0,73.0,0.0,0.0,1.0,1.0,12.57,1.0,1.0,1.0,0.0,0.0,0.0,1.0,73.0,0.0,0.0,0.0,0.0,1.0,1.0,50.0,50.0,1.0,1.0,1.0,73.0
16.5,330,EV-LAB-001,NORMAL_BASELINE,52.79,53.01,52.45,-3.5,24.8,5.7,1.0,4.4,2.0,2903.0,399.20000000000005,73.60000000000001,31.0,0.015,1.9000000000000001,2.0,2.0,63.0,0.0,0.0,0.0,0.0,-0.23,0.02,-2.7,1.0,1.0,1.0,1.0,0.0,52.730000000000004,0.05999999999999517,29.381120000000006,31.0,0.015,1.9000000000000001,6.2,0.05,True,False,False,106.30000000000001,1.0,79.60000000000001,98.0,1.0,1.0,104.4,73.0,2.0,74.0,0.0,0.0,1.0,1.0,12.620000000000001,1.0,1.0,1.0,0.0,0.0,0.0,1.0,74.0,0.0,0.0,0.0,0.0,1.0,1.0,50.0,50.0,1.0,1.0,1.0,74.0
16.55,331,EV-LAB-001,NORMAL_BASELINE,52.67,52.84,52.6,-3.5,25.6,5.7,1.0,4.4,2.0,2897.0,398.40000000000003,73.9,31.0,0.012,1.9000000000000001,2.0,2.0,63.0,0.0,0.0,0.0,0.0,-0.23,0.01,-2.7,1.0,1.0,1.0,1.0,0.0,52.72,0.04999999999999716,29.441760000000006,31.0,0.012,1.9000000000000001,6.2,0.05,True,False,False,107.2,1.0,79.60000000000001,98.0,1.0,1.0,106.4,73.0,2.0,75.0,0.0,0.0,1.0,1.0,12.61,1.0,1.0,1.0,0.0,0.0,0.0,1.0,75.0,0.0,0.0,0.0,0.0,1.0,1.0,50.0,50.0,1.0,1.0,1.0,75.0
16.6,332,EV-LAB-001,NORMAL_BASELINE,52.57,52.870000000000005,52.44,-3.4000000000000004,25.200000000000003,5.6000000000000005,1.0,4.4,2.0,2891.0,398.20000000000005,75.10000000000001,31.0,0.012,2.0,2.0,2.0,62.0,0.0,0.0,0.0,0.0,-0.22,0.01,-2.7,1.0,1.0,1.0,1.0,0.0,52.655,0.08500000000000085,29.904820000000008,31.0,0.012,2.0,6.1000000000000005,0.05,True,False,False,106.60000000000001,1.0,79.60000000000001,98.0,1.0,1.0,105.10000000000001,74.0,2.0,76.0,0.0,0.0,1.0,1.0,12.61,1.0,1.0,1.0,0.0,0.0,0.0,1.0,76.0,0.0,0.0,0.0,0.0,1.0,1.0,50.0,50.0,1.0,1.0,1.0,76.0
16.65,333,EV-LAB-001,NORMAL_BASELINE,52.46,52.68,52.25,-3.3000000000000003,24.0,5.5,1.0,4.4,2.0,2885.0,398.90000000000003,73.9,31.0,0.011,1.9000000000000001,2.0,2.0,62.0,0.0,0.0,0.0,0.0,-0.22,0.01,-2.6,1.0,1.0,1.0,1.0,0.0,52.465,0.005000000000002558,29.478710000000007,31.0,0.011,1.9000000000000001,5.9,0.05,True,False,False,105.0,1.0,79.60000000000001,98.0,1.0,1.0,105.0,73.0,2.0,77.0,0.0,0.0,1.0,1.0,12.56,1.0,1.0,1.0,0.0,0.0,0.0,1.0,77.0,0.0,0.0,0.0,0.0,1.0,1.0,50.0,50.0,1.0,1.0,1.0,77.0
16.7,334,EV-LAB-001,NORMAL_BASELINE,52.35,52.6,52.18,-3.2,25.6,5.4,1.0,4.4,2.0,2879.0,398.5,74.0,31.0,0.013000000000000001,2.0,2.0,2.0,62.0,0.0,0.0,0.0,0.0,-0.22,0.01,-2.6,1.0,1.0,1.0,1.0,0.0,52.39,0.03999999999999915,29.489,31.0,0.013000000000000001,2.0,5.800000000000001,0.05,True,False,False,107.10000000000001,1.0,79.60000000000001,98.0,1.0,1.0,106.80000000000001,73.0,2.0,78.0,0.0,0.0,1.0,1.0,12.71,1.0,1.0,1.0,0.0,0.0,0.0,1.0,78.0,0.0,0.0,0.0,0.0,1.0,1.0,50.0,50.0,1.0,1.0,1.0,78.0
16.75,335,EV-LAB-001,NORMAL_BASELINE,52.25,52.32,51.88,-3.1,26.400000000000002,5.300000000000001,1.0,4.4,2.0,2874.0,398.8,76.80000000000001,31.0,0.008,2.0,2.0,2.0,63.0,0.0,0.0,0.0,0.0,-0.21,0.01,-2.5,1.0,1.0,1.0,1.0,0.0,52.1,0.14999999999999858,30.627840000000003,31.0,0.008,2.0,5.6,0.05,True,False,False,108.4,1.0,79.60000000000001,98.0,1.0,1.0,109.2,73.0,2.0,79.0,0.0,0.0,1.0,1.0,12.57,1.0,1.0,1.0,0.0,0.0,0.0,1.0,79.0,0.0,0.0,0.0,0.0,1.0,1.0,50.0,50.0,1.0,1.0,1.0,79.0
16.8,336,EV-LAB-001,NORMAL_BASELINE,52.14,52.49,51.84,-3.1,25.6,5.2,1.0,4.0,2.0,2868.0,399.0,75.3,31.0,0.012,1.9000000000000001,2.0,2.0,61.0,0.0,0.0,0.0,0.0,-0.21,0.02,-2.4000000000000004,1.0,1.0,1.0,1.0,0.0,52.165000000000006,0.025000000000005684,30.0447,31.0,0.012,1.9000000000000001,5.5,0.05,True,False,False,107.5,1.0,79.60000000000001,98.0,1.0,1.0,108.5,73.0,2.0,80.0,0.0,0.0,1.0,1.0,12.61,1.0,1.0,1.0,0.0,0.0,0.0,1.0,80.0,0.0,0.0,0.0,0.0,1.0,1.0,50.0,50.0,1.0,1.0,1.0,80.0
16.85,337,EV-LAB-001,NORMAL_BASELINE,52.04,52.370000000000005,51.94,-3.0,24.8,5.1000000000000005,1.0,4.0,2.0,2862.0,398.90000000000003,75.3,31.0,0.009000000000000001,2.2,2.0,2.0,63.0,0.0,0.0,0.0,0.0,-0.21,0.02,-2.4000000000000004,1.0,1.0,1.0,1.0,0.0,52.155,0.11500000000000199,30.037170000000003,31.0,0.009000000000000001,2.2,5.4,0.05,True,False,False,106.5,1.0,79.60000000000001,98.0,1.0,1.0,106.2,73.0,2.0,81.0,0.0,0.0,1.0,1.0,12.6,1.0,1.0,1.0,0.0,0.0,0.0,1.0,81.0,0.0,0.0,0.0,0.0,1.0,1.0,50.0,50.0,1.0,1.0,1.0,81.0
16.9,338,EV-LAB-001,NORMAL_BASELINE,51.94,52.17,51.9,-2.9000000000000004,26.400000000000002,5.0,1.0,4.0,2.0,2857.0,398.5,75.4,31.0,0.016,2.1,2.0,2.0,63.0,0.0,0.0,0.0,0.0,-0.2,0.01,-2.4000000000000004,1.0,1.0,1.0,1.0,0.0,52.035,0.09499999999999886,30.0469,31.0,0.016,2.1,5.300000000000001,0.05,True,False,False,108.60000000000001,1.0,79.60000000000001,98.0,1.0,1.0,109.0,73.0,2.0,82.0,0.0,0.0,1.0,1.0,12.56,1.0,1.0,1.0,0.0,0.0,0.0,1.0,82.0,0.0,0.0,0.0,0.0,1.0,1.0,50.0,50.0,1.0,1.0,1.0,82.0
16.95,339,EV-LAB-001,NORMAL_BASELINE,51.85,52.13,51.730000000000004,-2.8000000000000003,25.6,4.9,1.0,4.0,2.0,2852.0,398.40000000000003,75.0,31.0,0.013000000000000001,1.9000000000000001,2.0,2.0,62.0,0.0,0.0,0.0,0.0,-0.2,0.01,-2.2,1.0,1.0,1.0,1.0,0.0,51.93000000000001,0.0800000000000054,29.880000000000003,31.0,0.013000000000000001,1.9000000000000001,5.0,0.05,True,False,False,107.4,1.0,79.60000000000001,98.0,1.0,1.0,107.60000000000001,73.0,2.0,83.0,0.0,0.0,1.0,1.0,12.58,1.0,1.0,1.0,0.0,0.0,0.0,1.0,83.0,0.0,0.0,0.0,0.0,1.0,1.0,50.0,50.0,1.0,1.0,1.0,83.0
17.0,340,EV-LAB-001,NORMAL_BASELINE,51.75,52.1,51.54,-2.7,26.0,4.800000000000001,1.0,4.0,2.0,2846.0,398.70000000000005,75.5,31.0,0.011,2.2,2.0,2.0,62.0,0.0,0.0,0.0,0.0,-0.19,0.01,-2.2,1.0,1.0,1.0,1.0,0.0,51.82,0.07000000000000028,30.101850000000002,31.0,0.011,2.2,4.9,0.05,True,False,False,108.2,1.0,79.60000000000001,98.0,1.0,1.0,106.0,74.0,2.0,84.0,0.0,0.0,1.0,1.0,12.59,1.0,1.0,1.0,0.0,0.0,0.0,1.0,84.0,0.0,0.0,0.0,0.0,1.0,1.0,50.0,50.0,1.0,1.0,1.0,84.0
17.05,341,EV-LAB-001,NORMAL_BASELINE,51.660000000000004,51.76,51.6,-2.6,24.8,4.7,1.0,3.6,2.0,2841.0,399.3,77.0,31.0,0.011,1.9000000000000001,2.0,2.0,62.0,0.0,0.0,0.0,0.0,-0.19,0.01,-2.2,1.0,1.0,1.0,1.0,0.0,51.68,0.01999999999999602,30.746100000000002,31.0,0.011,1.9000000000000001,4.800000000000001,0.05,True,False,False,106.80000000000001,1.0,79.60000000000001,98.0,1.0,1.0,107.9,73.0,2.0,85.0,0.0,0.0,1.0,1.0,12.64,1.0,1.0,1.0,0.0,0.0,0.0,1.0,85.0,0.0,0.0,0.0,0.0,1.0,1.0,50.0,50.0,1.0,1.0,1.0,85.0
17.1,342,EV-LAB-001,NORMAL_BASELINE,51.57,51.870000000000005,51.22,-2.5,24.400000000000002,4.6000000000000005,1.0,3.6,2.0,2836.0,399.8,74.3,31.0,0.016,2.1,2.0,2.0,61.0,0.0,0.0,0.0,0.0,-0.19,0.01,-2.0,1.0,1.0,1.0,1.0,0.0,51.545,0.02499999999999858,29.70514,31.0,0.016,2.1,4.5,0.05,True,False,False,106.2,1.0,79.60000000000001,98.0,1.0,1.0,106.10000000000001,72.0,2.0,86.0,0.0,0.0,1.0,1.0,12.57,1.0,1.0,1.0,0.0,0.0,0.0,1.0,86.0,0.0,0.0,0.0,0.0,1.0,1.0,50.0,50.0,1.0,1.0,1.0,86.0
17.15,343,EV-LAB-001,NORMAL_BASELINE,51.480000000000004,51.78,51.33,-2.5,24.8,4.5,1.0,3.6,2.0,2831.0,398.40000000000003,75.4,31.0,0.014,2.3000000000000003,2.0,2.0,62.0,0.0,0.0,0.0,0.0,-0.18,0.01,-2.0,1.0,1.0,1.0,1.0,0.0,51.555,0.07499999999999574,30.039360000000006,31.0,0.014,2.3000000000000003,4.5,0.05,True,False,False,107.0,1.0,79.60000000000001,98.0,1.0,1.0,103.9,72.0,2.0,87.0,0.0,0.0,1.0,1.0,12.67,1.0,1.0,1.0,0.0,0.0,0.0,1.0,87.0,0.0,0.0,0.0,0.0,1.0,1.0,50.0,50.0,1.0,1.0,1.0,87.0
17.2,344,EV-LAB-001,NORMAL_BASELINE,51.39,51.68,51.22,-2.4000000000000004,24.400000000000002,4.4,1.0,3.6,2.0,2827.0,398.8,75.4,31.0,0.01,1.9000000000000001,2.0,2.0,61.0,0.0,0.0,0.0,0.0,-0.18,0.01,-2.0,1.0,1.0,1.0,1.0,0.0,51.45,0.060000000000002274,30.069520000000004,31.0,0.01,1.9000000000000001,4.4,0.05,True,False,False,106.7,1.0,79.60000000000001,98.0,1.0,1.0,108.60000000000001,72.0,2.0,88.0,0.0,0.0,1.0,1.0,12.6,1.0,1.0,1.0,0.0,0.0,0.0,1.0,88.0,0.0,0.0,0.0,0.0,1.0,1.0,50.0,50.0,1.0,1.0,1.0,88.0
17.25,345,EV-LAB-001,NORMAL_BASELINE,51.31,51.54,51.03,-2.3000000000000003,24.8,4.3,1.0,3.6,2.0,2822.0,399.40000000000003,75.4,31.0,0.012,1.8,2.0,2.0,63.0,0.0,0.0,0.0,0.0,-0.17,0.01,-1.9000000000000001,1.0,1.0,1.0,1.0,0.0,51.285,0.025000000000005684,30.114760000000004,31.0,0.012,1.8,4.2,0.05,True,False,False,107.2,1.0,79.60000000000001,98.0,1.0,1.0,108.0,73.0,2.0,89.0,0.0,0.0,1.0,1.0,12.6,1.0,1.0,1.0,0.0,0.0,0.0,1.0,89.0,0.0,0.0,0.0,0.0,1.0,1.0,50.0,50.0,1.0,1.0,1.0,89.0
17.3,346,EV-LAB-001,NORMAL_BASELINE,51.230000000000004,51.64,51.1,-2.2,24.0,4.2,1.0,3.2,2.0,2817.0,398.40000000000003,74.4,31.0,0.012,2.0,2.0,2.0,62.0,0.0,0.0,0.0,0.0,-0.17,0.01,-1.8,1.0,1.0,1.0,1.0,0.0,51.370000000000005,0.14000000000000057,29.640960000000007,31.0,0.012,2.0,4.0,0.05,True,False,False,106.0,1.0,79.60000000000001,98.0,1.0,1.0,106.10000000000001,72.0,2.0,90.0,0.0,0.0,1.0,1.0,12.65,1.0,1.0,1.0,0.0,0.0,0.0,1.0,90.0,0.0,0.0,0.0,0.0,1.0,1.0,50.0,50.0,1.0,1.0,1.0,90.0
17.35,347,EV-LAB-001,NORMAL_BASELINE,51.15,51.39,50.84,-2.1,24.8,4.1000000000000005,1.0,3.2,2.0,2813.0,398.0,75.60000000000001,32.0,0.014,1.9000000000000001,2.0,2.0,62.0,0.0,0.0,0.0,0.0,-0.16,0.01,-1.7000000000000002,1.0,1.0,1.0,1.0,0.0,51.115,0.03499999999999659,30.088800000000003,32.0,0.014,1.9000000000000001,3.8000000000000003,0.05,True,False,False,107.10000000000001,1.0,79.60000000000001,98.0,1.0,1.0,105.4,72.0,2.0,91.0,0.0,0.0,1.0,1.0,12.55,1.0,1.0,1.0,0.0,0.0,0.0,1.0,91.0,0.0,0.0,0.0,0.0,1.0,1.0,50.0,50.0,1.0,1.0,1.0,91.0
17.4,348,EV-LAB-001,NORMAL_BASELINE,51.07,51.21,50.86,-2.0,24.0,3.9000000000000004,1.0,3.2,2.0,2809.0,398.90000000000003,73.4,31.0,0.013000000000000001,2.2,2.0,2.0,62.0,0.0,0.0,0.0,0.0,-0.16,0.01,-1.6,1.0,1.0,1.0,1.0,0.0,51.035,0.035000000000003695,29.279260000000004,31.0,0.013000000000000001,2.2,3.6,0.05,True,False,False,106.2,1.0,79.60000000000001,98.0,1.0,1.0,107.0,73.0,2.0,92.0,0.0,0.0,1.0,1.0,12.66,1.0,1.0,1.0,0.0,0.0,0.0,1.0,92.0,0.0,0.0,0.0,0.0,1.0,1.0,50.0,50.0,1.0,1.0,1.0,92.0
17.45,349,EV-LAB-001,NORMAL_BASELINE,51.0,51.120000000000005,50.83,-1.9000000000000001,25.6,3.8000000000000003,1.0,3.2,2.0,2805.0,399.0,76.60000000000001,31.0,0.012,1.8,2.0,2.0,62.0,0.0,0.0,0.0,0.0,-0.15,0.01,-1.5,1.0,1.0,1.0,1.0,0.0,50.975,0.02499999999999858,30.563400000000005,31.0,0.012,1.8,3.4000000000000004,0.05,True,False,False,108.30000000000001,1.0,79.60000000000001,98.0,1.0,1.0,107.4,72.0,2.0,93.0,0.0,0.0,1.0,1.0,12.64,1.0,1.0,1.0,0.0,0.0,0.0,1.0,93.0,0.0,0.0,0.0,0.0,1.0,1.0,50.0,50.0,1.0,1.0,1.0,93.0
17.5,350,EV-LAB-001,NORMAL_BASELINE,50.92,51.17,50.85,-1.8,24.400000000000002,3.7,1.0,2.8000000000000003,2.0,2801.0,399.0,75.5,31.0,0.014,1.8,2.0,2.0,61.0,0.0,0.0,0.0,0.0,-0.15,0.01,-1.5,1.0,1.0,1.0,1.0,0.0,51.010000000000005,0.09000000000000341,30.1245,31.0,0.014,1.8,3.3,0.05,True,False,False,106.9,1.0,79.60000000000001,98.0,1.0,1.0,106.10000000000001,73.0,2.0,94.0,0.0,0.0,1.0,1.0,12.59,1.0,1.0,1.0,0.0,0.0,0.0,1.0,94.0,0.0,0.0,0.0,0.0,1.0,1.0,50.0,50.0,1.0,1.0,1.0,94.0
17.55,351,EV-LAB-001,NORMAL_BASELINE,50.85,51.050000000000004,50.71,-1.7000000000000002,23.200000000000003,3.6,1.0,2.8000000000000003,2.0,2797.0,399.20000000000005,75.60000000000001,31.0,0.015,1.9000000000000001,2.0,2.0,62.0,0.0,0.0,0.0,0.0,-0.14,0.01,-1.5,1.0,1.0,1.0,1.0,0.0,50.88,0.030000000000001137,30.179520000000007,31.0,0.015,1.9000000000000001,3.2,0.05,True,False,False,105.7,1.0,79.60000000000001,98.0,1.0,1.0,104.9,73.0,2.0,95.0,0.0,0.0,1.0,1.0,12.56,1.0,1.0,1.0,0.0,0.0,0.0,1.0,95.0,0.0,0.0,0.0,0.0,1.0,1.0,50.0,50.0,1.0,1.0,1.0,95.0
17.6,352,EV-LAB-001,NORMAL_BASELINE,50.79,51.01,50.56,-1.6,24.0,3.4000000000000004,1.0,2.8000000000000003,2.0,2793.0,398.0,75.10000000000001,31.0,0.012,2.1,2.0,2.0,61.0,0.0,0.0,0.0,0.0,-0.14,0.01,-1.3,1.0,1.0,1.0,1.0,0.0,50.785,0.005000000000002558,29.889800000000005,31.0,0.012,2.1,2.9000000000000004,0.05,True,False,False,106.5,1.0,79.60000000000001,98.0,1.0,1.0,105.7,72.0,2.0,96.0,0.0,0.0,1.0,1.0,12.58,1.0,1.0,1.0,0.0,0.0,0.0,1.0,96.0,0.0,0.0,0.0,0.0,1.0,1.0,50.0,50.0,1.0,1.0,1.0,96.0
17.65,353,EV-LAB-001,NORMAL_BASELINE,50.72,50.94,50.54,-1.5,23.200000000000003,3.3000000000000003,1.0,2.8000000000000003,2.0,2790.0,398.0,73.4,31.0,0.012,2.0,2.0,2.0,62.0,0.0,0.0,0.0,0.0,-0.13,0.01,-1.2000000000000002,1.0,1.0,1.0,1.0,0.0,50.739999999999995,0.01999999999999602,29.2132,31.0,0.012,2.0,2.7,0.05,True,False,False,105.80000000000001,1.0,79.60000000000001,98.0,1.0,1.0,105.2,72.0,2.0,97.0,0.0,0.0,1.0,1.0,12.55,1.0,1.0,1.0,0.0,0.0,0.0,1.0,97.0,0.0,0.0,0.0,0.0,1.0,1.0,50.0,50.0,1.0,1.0,1.0,97.0
17.7,354,EV-LAB-001,NORMAL_BASELINE,50.660000000000004,50.94,50.4,-1.4000000000000001,24.0,3.2,1.0,2.4000000000000004,2.0,2786.0,398.5,73.4,31.0,0.009000000000000001,2.0,2.0,2.0,61.0,0.0,0.0,0.0,0.0,-0.13,0.01,-1.1,1.0,1.0,1.0,1.0,0.0,50.67,0.00999999999999801,29.2499,31.0,0.009000000000000001,2.0,2.5,0.05,True,False,False,106.60000000000001,1.0,79.60000000000001,98.0,1.0,1.0,107.10000000000001,72.0,2.0,98.0,0.0,0.0,1.0,1.0,12.61,1.0,1.0,1.0,0.0,0.0,0.0,1.0,98.0,0.0,0.0,0.0,0.0,1.0,1.0,50.0,50.0,1.0,1.0,1.0,98.0
17.75,355,EV-LAB-001,NORMAL_BASELINE,50.6,50.88,50.39,-1.3,24.0,3.0,1.0,2.4000000000000004,2.0,2783.0,398.3,75.4,31.0,0.013000000000000001,2.0,2.0,2.0,61.0,0.0,0.0,0.0,0.0,-0.12,0.01,-1.0,1.0,1.0,1.0,1.0,0.0,50.635000000000005,0.035000000000003695,30.031820000000003,31.0,0.013000000000000001,2.0,2.3,0.05,True,False,False,107.0,1.0,79.60000000000001,98.0,1.0,1.0,107.30000000000001,72.0,2.0,99.0,0.0,0.0,1.0,1.0,12.59,1.0,1.0,1.0,0.0,0.0,0.0,1.0,99.0,0.0,0.0,0.0,0.0,1.0,1.0,50.0,50.0,1.0,1.0,1.0,99.0
17.8,356,EV-LAB-001,NORMAL_BASELINE,50.54,50.76,50.24,-1.2000000000000002,22.8,2.9000000000000004,1.0,2.4000000000000004,2.0,2780.0,398.1,73.9,31.0,0.01,2.0,2.0,2.0,61.0,0.0,0.0,0.0,0.0,-0.12,0.01,-0.9,1.0,1.0,1.0,1.0,0.0,50.5,0.03999999999999915,29.419590000000003,31.0,0.01,2.0,2.1,0.05,True,False,False,105.30000000000001,1.0,79.60000000000001,98.0,1.0,1.0,102.10000000000001,73.0,2.0,100.0,0.0,0.0,1.0,1.0,12.64,1.0,1.0,1.0,0.0,0.0,0.0,1.0,100.0,0.0,0.0,0.0,0.0,1.0,1.0,50.0,50.0,1.0,1.0,1.0,100.0
17.85,357,EV-LAB-001,NORMAL_BASELINE,50.49,50.81,50.29,-1.1,23.200000000000003,2.8000000000000003,1.0,2.4000000000000004,2.0,2777.0,398.5,74.2,31.0,0.01,2.0,2.0,2.0,62.0,0.0,0.0,0.0,0.0,-0.11,0.01,-0.9,1.0,1.0,1.0,1.0,0.0,50.55,0.05999999999999517,29.5687,31.0,0.01,2.0,2.0,0.05,True,False,False,106.0,1.0,79.60000000000001,98.0,1.0,1.0,105.7,72.0,2.0,101.0,0.0,0.0,1.0,1.0,12.61,1.0,1.0,1.0,0.0,0.0,0.0,1.0,101.0,0.0,0.0,0.0,0.0,1.0,1.0,50.0,50.0,1.0,1.0,1.0,101.0
17.9,358,EV-LAB-001,NORMAL_BASELINE,50.44,50.800000000000004,50.34,-1.0,23.6,2.6,1.0,2.0,2.0,2774.0,398.20000000000005,74.10000000000001,31.0,0.012,1.9000000000000001,2.0,2.0,61.0,0.0,0.0,0.0,0.0,-0.1,0.01,-1.0,1.0,1.0,1.0,1.0,0.0,50.57000000000001,0.13000000000000966,29.506620000000005,31.0,0.012,1.9000000000000001,2.0,0.05,True,False,False,106.7,1.0,79.60000000000001,98.0,1.0,1.0,107.30000000000001,73.0,2.0,102.0,0.0,0.0,1.0,1.0,12.64,1.0,1.0,1.0,0.0,0.0,0.0,1.0,102.0,0.0,0.0,0.0,0.0,1.0,1.0,50.0,50.0,1.0,1.0,1.0,102.0
17.95,359,EV-LAB-001,NORMAL_BASELINE,50.39,50.64,50.2,-0.9,24.0,2.5,1.0,2.0,2.0,2771.0,399.0,75.2,31.0,0.014,1.8,2.0,2.0,62.0,0.0,0.0,0.0,0.0,-0.1,0.01,-0.8,1.0,1.0,1.0,1.0,0.0,50.42,0.030000000000001137,30.004800000000003,31.0,0.014,1.8,1.7000000000000002,0.05,True,False,False,107.2,1.0,79.60000000000001,98.0,1.0,1.0,105.2,71.0,2.0,103.0,0.0,0.0,1.0,1.0,12.540000000000001,1.0,1.0,1.0,0.0,0.0,0.0,1.0,103.0,0.0,0.0,0.0,0.0,1.0,1.0,50.0,50.0,1.0,1.0,1.0,103.0
18.0,360,EV-LAB-001,NORMAL_BASELINE,50.34,50.480000000000004,50.160000000000004,-0.8,23.6,2.3000000000000003,1.0,2.0,2.0,2769.0,398.20000000000005,75.5,31.0,0.011,2.0,2.0,2.0,61.0,0.0,0.0,0.0,0.0,-0.09,0.01,-0.7000000000000001,1.0,1.0,1.0,1.0,0.0,50.32000000000001,0.01999999999999602,30.064100000000003,31.0,0.011,2.0,1.5,0.05,True,False,False,106.7,1.0,79.60000000000001,98.0,1.0,1.0,108.9,72.0,2.0,104.0,0.0,0.0,1.0,1.0,12.59,1.0,1.0,1.0,0.0,0.0,0.0,1.0,104.0,0.0,0.0,0.0,0.0,1.0,1.0,50.0,50.0,1.0,1.0,1.0,104.0
18.05,361,EV-LAB-001,NORMAL_BASELINE,50.300000000000004,50.49,49.97,-0.7000000000000001,24.8,2.2,1.0,1.6,2.0,2767.0,399.8,76.4,31.0,0.009000000000000001,1.9000000000000001,2.0,2.0,61.0,0.0,0.0,0.0,0.0,-0.09,0.01,-0.6000000000000001,1.0,1.0,1.0,1.0,0.0,50.230000000000004,0.07000000000000028,30.544720000000005,31.0,0.009000000000000001,1.9000000000000001,1.3000000000000003,0.05,True,False,False,108.4,1.0,79.60000000000001,98.0,1.0,1.0,108.10000000000001,72.0,2.0,105.0,0.0,0.0,1.0,1.0,12.55,1.0,1.0,1.0,0.0,0.0,0.0,1.0,105.0,0.0,0.0,0.0,0.0,1.0,1.0,50.0,50.0,1.0,1.0,1.0,105.0
18.1,362,EV-LAB-001,NORMAL_BASELINE,50.26,50.51,49.94,-0.6000000000000001,23.200000000000003,2.0,1.0,1.6,2.0,2764.0,398.8,75.8,31.0,0.012,2.0,2.0,2.0,62.0,0.0,0.0,0.0,0.0,-0.08,0.01,-0.5,1.0,1.0,1.0,1.0,0.0,50.224999999999994,0.035000000000003695,30.22904,31.0,0.012,2.0,1.1,0.05,True,False,False,106.7,1.0,79.60000000000001,98.0,1.0,1.0,107.60000000000001,72.0,2.0,106.0,0.0,0.0,1.0,1.0,12.530000000000001,1.0,1.0,1.0,0.0,0.0,0.0,1.0,106.0,0.0,0.0,0.0,0.0,1.0,1.0,50.0,50.0,1.0,1.0,1.0,106.0
18.15,363,EV-LAB-001,NORMAL_BASELINE,50.22,50.550000000000004,49.980000000000004,-0.5,23.6,1.9000000000000001,1.0,1.6,2.0,2762.0,399.3,74.2,31.0,0.011,2.2,2.0,2.0,62.0,0.0,0.0,0.0,0.0,-0.08,0.01,-0.4,1.0,1.0,1.0,1.0,0.0,50.265,0.045000000000001705,29.62806,31.0,0.011,2.2,0.9,0.05,True,False,False,107.10000000000001,1.0,79.60000000000001,98.0,1.0,1.0,107.10000000000001,73.0,2.0,107.0,0.0,0.0,1.0,1.0,12.52,1.0,1.0,1.0,0.0,0.0,0.0,1.0,107.0,0.0,0.0,0.0,0.0,1.0,1.0,50.0,50.0,1.0,1.0,1.0,107.0
18.2,364,EV-LAB-001,NORMAL_BASELINE,50.19,50.42,49.95,-0.4,24.0,1.8,1.0,1.6,2.0,2760.0,399.6,75.3,31.0,0.01,2.1,2.0,2.0,62.0,0.0,0.0,0.0,0.0,-0.07,0.0,-0.4,1.0,1.0,1.0,1.0,0.0,50.185,0.0049999999999954525,30.08988,31.0,0.01,2.1,0.8,0.05,True,False,False,107.5,1.0,79.60000000000001,98.0,1.0,1.0,105.80000000000001,72.0,2.0,108.0,0.0,0.0,1.0,1.0,12.61,1.0,1.0,1.0,0.0,0.0,0.0,1.0,108.0,0.0,0.0,0.0,0.0,1.0,1.0,50.0,50.0,1.0,1.0,1.0,108.0
18.25,365,EV-LAB-001,NORMAL_BASELINE,50.160000000000004,50.370000000000005,49.9,-0.30000000000000004,24.8,1.6,1.0,1.2000000000000002,2.0,2759.0,398.8,76.7,31.0,0.014,2.1,2.0,2.0,62.0,0.0,0.0,0.0,0.0,-0.06,0.0,-0.30000000000000004,1.0,1.0,1.0,1.0,0.0,50.135000000000005,0.02499999999999858,30.587960000000002,31.0,0.014,2.1,0.6000000000000001,0.05,True,False,False,108.5,1.0,79.60000000000001,98.0,1.0,1.0,107.7,72.0,2.0,109.0,0.0,0.0,1.0,1.0,12.61,1.0,1.0,1.0,0.0,0.0,0.0,1.0,109.0,0.0,0.0,0.0,0.0,1.0,1.0,50.0,50.0,1.0,1.0,1.0,109.0
18.3,366,EV-LAB-001,NORMAL_BASELINE,50.13,50.31,49.86,-0.2,24.0,1.5,1.0,1.2000000000000002,2.0,2757.0,398.6,74.60000000000001,31.0,0.013000000000000001,1.9000000000000001,2.0,2.0,61.0,0.0,0.0,0.0,0.0,-0.06,0.0,-0.2,1.0,1.0,1.0,1.0,0.0,50.085,0.045000000000001705,29.735560000000007,31.0,0.013000000000000001,1.9000000000000001,0.4,0.05,True,False,False,107.7,1.0,79.60000000000001,98.0,1.0,1.0,108.5,72.0,2.0,110.0,0.0,0.0,1.0,1.0,12.61,1.0,1.0,1.0,0.0,0.0,0.0,1.0,110.0,0.0,0.0,0.0,0.0,1.0,1.0,50.0,50.0,1.0,1.0,1.0,110.0
18.35,367,EV-LAB-001,NORMAL_BASELINE,50.1,50.230000000000004,49.92,-0.1,23.6,1.3,1.0,1.2000000000000002,2.0,2756.0,398.3,74.5,31.0,0.009000000000000001,1.9000000000000001,2.0,2.0,62.0,0.0,0.0,0.0,0.0,-0.05,0.0,-0.1,1.0,1.0,1.0,1.0,0.0,50.075,0.02499999999999858,29.673350000000003,31.0,0.009000000000000001,1.9000000000000001,0.2,0.05,True,False,False,107.5,1.0,79.60000000000001,98.0,1.0,1.0,107.9,72.0,2.0,111.0,0.0,0.0,1.0,1.0,12.540000000000001,1.0,1.0,1.0,0.0,0.0,0.0,1.0,111.0,0.0,0.0,0.0,0.0,1.0,1.0,50.0,50.0,1.0,1.0,1.0,111.0
18.4,368,EV-LAB-001,NORMAL_BASELINE,50.08,50.28,49.79,-0.1,23.6,1.2000000000000002,1.0,0.8,2.0,2754.0,399.1,73.3,31.0,0.012,1.9000000000000001,2.0,2.0,61.0,0.0,0.0,0.0,0.0,-0.05,0.01,-0.1,1.0,1.0,1.0,1.0,0.0,50.035,0.045000000000001705,29.25403,31.0,0.012,1.9000000000000001,0.2,0.05,True,False,False,107.60000000000001,1.0,79.60000000000001,98.0,1.0,1.0,107.80000000000001,71.0,2.0,112.0,0.0,0.0,1.0,1.0,12.61,1.0,1.0,1.0,0.0,0.0,0.0,1.0,112.0,0.0,0.0,0.0,0.0,1.0,1.0,50.0,50.0,1.0,1.0,1.0,112.0
18.45,369,EV-LAB-001,NORMAL_BASELINE,50.06,50.34,50.02,0.0,23.200000000000003,1.0,1.0,0.8,2.0,2753.0,398.40000000000003,73.4,31.0,0.011,2.2,2.0,2.0,61.0,0.0,0.0,0.0,0.0,-0.04,0.0,0.0,1.0,1.0,1.0,1.0,0.0,50.18000000000001,0.12000000000000455,29.242560000000005,31.0,0.011,2.2,0.0,0.05,True,False,False,107.0,1.0,79.60000000000001,98.0,1.0,1.0,108.5,72.0,2.0,113.0,0.0,0.0,1.0,1.0,12.64,1.0,1.0,1.0,0.0,0.0,0.0,1.0,113.0,0.0,0.0,0.0,0.0,1.0,1.0,50.0,50.0,1.0,1.0,1.0,113.0
18.5,370,EV-LAB-001,NORMAL_BASELINE,50.04,50.36,49.96,0.1,25.200000000000003,0.9,1.0,0.8,2.0,2752.0,398.8,75.9,31.0,0.009000000000000001,1.9000000000000001,2.0,2.0,61.0,0.0,0.0,0.0,0.0,-0.03,0.0,0.1,1.0,1.0,1.0,1.0,0.0,50.16,0.11999999999999744,30.26892,31.0,0.009000000000000001,1.9000000000000001,0.2,0.05,True,False,False,109.7,1.0,79.60000000000001,98.0,1.0,1.0,111.4,72.0,2.0,114.0,0.0,0.0,1.0,1.0,12.63,1.0,1.0,1.0,0.0,0.0,0.0,1.0,114.0,0.0,0.0,0.0,0.0,1.0,1.0,50.0,50.0,1.0,1.0,1.0,114.0
18.55,371,EV-LAB-001,NORMAL_BASELINE,50.03,50.07,49.77,0.2,24.400000000000002,0.7000000000000001,1.0,0.4,2.0,2752.0,398.8,75.2,31.0,0.01,2.0,2.0,2.0,63.0,0.0,0.0,0.0,0.0,-0.03,0.0,0.2,1.0,1.0,1.0,1.0,0.0,49.92,0.10999999999999943,29.98976,31.0,0.01,2.0,0.4,0.05,True,False,False,108.9,1.0,79.60000000000001,98.0,1.0,1.0,107.0,73.0,2.0,115.0,0.0,0.0,1.0,1.0,12.64,1.0,1.0,1.0,0.0,0.0,0.0,1.0,115.0,0.0,0.0,0.0,0.0,1.0,1.0,50.0,50.0,1.0,1.0,1.0,115.0
18.6,372,EV-LAB-001,NORMAL_BASELINE,50.02,50.19,49.78,0.30000000000000004,22.8,0.0,0.0,4.800000000000001,2.0,2751.0,399.20000000000005,74.4,31.0,0.012,2.1,2.0,2.0,61.0,0.0,0.0,0.0,0.0,-0.02,0.0,0.2,1.0,1.0,1.0,1.0,0.0,49.985,0.035000000000003695,29.700480000000006,31.0,0.012,2.1,0.5,0.05,True,False,False,103.10000000000001,1.0,79.60000000000001,98.0,1.0,1.0,102.2,71.0,2.0,116.0,0.0,0.0,1.0,1.0,12.63,1.0,1.0,1.0,0.0,0.0,0.0,1.0,116.0,0.0,0.0,0.0,0.0,1.0,1.0,50.0,50.0,1.0,1.0,1.0,116.0
18.65,373,EV-LAB-001,NORMAL_BASELINE,50.01,50.24,49.78,0.4,24.8,0.0,0.0,4.800000000000001,2.0,2751.0,399.0,74.2,31.0,0.014,1.8,2.0,2.0,62.0,0.0,0.0,0.0,0.0,-0.02,0.0,0.2,1.0,1.0,1.0,1.0,0.0,50.010000000000005,7.105427357601002e-15,29.605800000000002,31.0,0.014,1.8,0.6000000000000001,0.05,True,False,False,105.9,1.0,79.60000000000001,98.0,1.0,1.0,104.7,72.0,2.0,117.0,0.0,0.0,1.0,1.0,12.66,1.0,1.0,1.0,0.0,0.0,0.0,1.0,117.0,0.0,0.0,0.0,0.0,1.0,1.0,50.0,50.0,1.0,1.0,1.0,117.0
18.7,374,EV-LAB-001,NORMAL_BASELINE,50.01,50.21,49.9,0.5,24.8,0.0,0.0,4.800000000000001,2.0,2750.0,399.1,73.9,31.0,0.012,2.2,2.0,2.0,62.0,0.0,0.0,0.0,0.0,-0.01,0.0,0.4,1.0,1.0,1.0,1.0,0.0,50.055,0.045000000000001705,29.493490000000005,31.0,0.012,2.2,0.9,0.05,True,False,False,105.80000000000001,1.0,79.60000000000001,98.0,1.0,1.0,105.2,72.0,2.0,118.0,0.0,0.0,1.0,1.0,12.620000000000001,1.0,1.0,1.0,0.0,0.0,0.0,1.0,118.0,0.0,0.0,0.0,0.0,1.0,1.0,50.0,50.0,1.0,1.0,1.0,118.0
18.75,375,EV-LAB-001,NORMAL_BASELINE,50.0,50.18,49.88,0.6000000000000001,24.400000000000002,0.0,0.0,4.800000000000001,2.0,2750.0,399.3,72.10000000000001,31.0,0.015,1.9000000000000001,2.0,2.0,61.0,0.0,0.0,0.0,0.0,0.0,0.0,0.5,1.0,1.0,1.0,1.0,0.0,50.03,0.030000000000001137,28.789530000000003,31.0,0.015,1.9000000000000001,1.1,0.05,True,False,False,105.2,1.0,79.60000000000001,98.0,1.0,1.0,103.9,72.0,2.0,119.0,0.0,0.0,1.0,1.0,12.63,1.0,1.0,1.0,0.0,0.0,0.0,1.0,119.0,0.0,0.0,0.0,0.0,1.0,1.0,50.0,50.0,1.0,1.0,1.0,119.0
18.8,376,EV-LAB-001,NORMAL_BASELINE,50.0,50.14,49.77,0.7000000000000001,22.8,0.0,0.0,4.800000000000001,2.0,2750.0,398.90000000000003,71.7,31.0,0.012,2.0,2.0,2.0,62.0,0.0,0.0,0.0,0.0,0.0,0.0,0.6000000000000001,1.0,1.0,1.0,1.0,0.0,49.955,0.045000000000001705,28.601130000000005,31.0,0.012,2.0,1.3000000000000003,0.05,True,False,False,103.2,1.0,79.60000000000001,98.0,1.0,1.0,105.4,72.0,2.0,120.0,0.0,0.0,1.0,1.0,12.61,1.0,1.0,1.0,0.0,0.0,0.0,1.0,120.0,0.0,0.0,0.0,0.0,1.0,1.0,50.0,50.0,1.0,1.0,1.0,120.0
18.85,377,EV-LAB-001,NORMAL_BASELINE,50.01,50.17,49.82,0.8,23.6,0.0,0.0,4.800000000000001,2.0,2750.0,398.1,73.4,31.0,0.011,2.1,2.0,2.0,61.0,0.0,0.0,0.0,0.0,0.01,0.0,0.6000000000000001,1.0,1.0,1.0,1.0,0.0,49.995000000000005,0.014999999999993463,29.220540000000003,31.0,0.011,2.1,1.4000000000000001,0.05,True,False,False,104.2,1.0,79.60000000000001,98.0,1.0,1.0,103.0,73.0,2.0,121.0,0.0,0.0,1.0,1.0,12.59,1.0,1.0,1.0,0.0,0.0,0.0,1.0,121.0,0.0,0.0,0.0,0.0,1.0,1.0,50.0,50.0,1.0,1.0,1.0,121.0
18.9,378,EV-LAB-001,NORMAL_BASELINE,50.02,50.230000000000004,49.86,0.9,24.400000000000002,0.0,0.0,4.800000000000001,2.0,2751.0,398.3,73.60000000000001,31.0,0.011,2.2,2.0,2.0,61.0,0.0,0.0,0.0,0.0,0.01,0.0,0.7000000000000001,1.0,1.0,1.0,1.0,0.0,50.045,0.02499999999999858,29.314880000000006,31.0,0.011,2.2,1.6,0.05,True,False,False,105.2,1.0,79.60000000000001,98.0,1.0,1.0,104.30000000000001,72.0,2.0,122.0,0.0,0.0,1.0,1.0,12.58,1.0,1.0,1.0,0.0,0.0,0.0,1.0,122.0,0.0,0.0,0.0,0.0,1.0,1.0,50.0,50.0,1.0,1.0,1.0,122.0
18.95,379,EV-LAB-001,NORMAL_BASELINE,50.03,50.15,49.84,1.0,26.400000000000002,0.0,0.0,4.800000000000001,2.0,2751.0,398.8,74.2,31.0,0.014,2.1,2.0,2.0,61.0,0.0,0.0,0.0,0.0,0.02,0.0,0.8,1.0,1.0,1.0,1.0,0.0,49.995000000000005,0.03499999999999659,29.590960000000003,31.0,0.014,2.1,1.8,0.05,True,False,False,107.5,1.0,79.60000000000001,98.0,1.0,1.0,107.10000000000001,72.0,2.0,123.0,0.0,0.0,1.0,1.0,12.5,1.0,1.0,1.0,0.0,0.0,0.0,1.0,123.0,0.0,0.0,0.0,0.0,1.0,1.0,50.0,50.0,1.0,1.0,1.0,123.0
19.0,380,EV-LAB-001,NORMAL_BASELINE,50.04,50.39,49.89,1.0,24.8,0.0,0.0,4.800000000000001,2.0,2752.0,398.8,72.8,31.0,0.012,2.0,2.0,2.0,62.0,0.0,0.0,0.0,0.0,0.03,0.0,0.8,1.0,1.0,1.0,1.0,0.0,50.14,0.10000000000000142,29.03264,31.0,0.012,2.0,1.8,0.05,True,False,False,105.60000000000001,1.0,79.60000000000001,98.0,1.0,1.0,106.10000000000001,71.0,2.0,124.0,0.0,0.0,1.0,1.0,12.58,1.0,1.0,1.0,0.0,0.0,0.0,1.0,124.0,0.0,0.0,0.0,0.0,1.0,1.0,50.0,50.0,1.0,1.0,1.0,124.0
19.05,381,EV-LAB-001,NORMAL_BASELINE,50.050000000000004,50.300000000000004,49.870000000000005,1.1,24.0,0.0,0.0,4.800000000000001,2.0,2753.0,399.20000000000005,73.7,31.0,0.013000000000000001,2.3000000000000003,2.0,2.0,61.0,0.0,0.0,0.0,0.0,0.03,0.0,0.9,1.0,1.0,1.0,1.0,0.0,50.08500000000001,0.035000000000003695,29.421040000000005,31.0,0.013000000000000001,2.3000000000000003,2.0,0.05,True,False,False,104.60000000000001,1.0,79.60000000000001,98.0,1.0,1.0,102.7,72.0,2.0,125.0,0.0,0.0,1.0,1.0,12.58,1.0,1.0,1.0,0.0,0.0,0.0,1.0,125.0,0.0,0.0,0.0,0.0,1.0,1.0,50.0,50.0,1.0,1.0,1.0,125.0
19.1,382,EV-LAB-001,NORMAL_BASELINE,50.07,50.410000000000004,49.92,1.2000000000000002,24.400000000000002,0.0,0.0,4.800000000000001,2.0,2754.0,398.8,73.60000000000001,31.0,0.013000000000000001,1.9000000000000001,2.0,2.0,61.0,0.0,0.0,0.0,0.0,0.04,0.0,0.9,1.0,1.0,1.0,1.0,0.0,50.165000000000006,0.09500000000000597,29.351680000000005,31.0,0.013000000000000001,1.9000000000000001,2.1,0.05,True,False,False,105.30000000000001,1.0,79.60000000000001,98.0,1.0,1.0,106.2,72.0,2.0,126.0,0.0,0.0,1.0,1.0,12.620000000000001,1.0,1.0,1.0,0.0,0.0,0.0,1.0,126.0,0.0,0.0,0.0,0.0,1.0,1.0,50.0,50.0,1.0,1.0,1.0,126.0
19.15,383,EV-LAB-001,NORMAL_BASELINE,50.09,50.34,50.02,1.3,24.400000000000002,0.0,0.0,4.800000000000001,2.0,2755.0,398.90000000000003,74.10000000000001,31.0,0.012,1.5,2.0,2.0,62.0,0.0,0.0,0.0,0.0,0.04,-0.01,1.0,1.0,1.0,1.0,1.0,0.0,50.18000000000001,0.09000000000000341,29.558490000000006,31.0,0.012,1.5,2.3,0.05,True,False,False,105.4,1.0,79.60000000000001,98.0,1.0,1.0,104.30000000000001,72.0,2.0,127.0,0.0,0.0,1.0,1.0,12.57,1.0,1.0,1.0,0.0,0.0,0.0,1.0,127.0,0.0,0.0,0.0,0.0,1.0,1.0,50.0,50.0,1.0,1.0,1.0,127.0
19.2,384,EV-LAB-001,NORMAL_BASELINE,50.120000000000005,50.26,49.96,1.4000000000000001,23.200000000000003,0.0,0.0,4.800000000000001,2.0,2757.0,398.8,72.3,31.0,0.014,1.9000000000000001,2.0,2.0,62.0,0.0,0.0,0.0,0.0,0.05,0.0,1.2000000000000002,1.0,1.0,1.0,1.0,0.0,50.11,0.010000000000005116,28.833239999999996,31.0,0.014,1.9000000000000001,2.6000000000000005,0.05,True,False,False,104.10000000000001,1.0,79.60000000000001,98.0,1.0,1.0,105.80000000000001,73.0,2.0,128.0,0.0,0.0,1.0,1.0,12.55,1.0,1.0,1.0,0.0,0.0,0.0,1.0,128.0,0.0,0.0,0.0,0.0,1.0,1.0,50.0,50.0,1.0,1.0,1.0,128.0
19.25,385,EV-LAB-001,NORMAL_BASELINE,50.15,50.31,50.03,1.5,24.0,0.0,0.0,4.800000000000001,2.0,2758.0,399.1,73.0,31.0,0.007,2.0,2.0,2.0,62.0,0.0,0.0,0.0,0.0,0.06,0.0,1.2000000000000002,1.0,1.0,1.0,1.0,0.0,50.17,0.020000000000003126,29.134300000000003,31.0,0.007,2.0,2.7,0.05,True,False,False,104.9,1.0,79.60000000000001,98.0,1.0,1.0,104.80000000000001,72.0,2.0,129.0,0.0,0.0,1.0,1.0,12.57,1.0,1.0,1.0,0.0,0.0,0.0,1.0,129.0,0.0,0.0,0.0,0.0,1.0,1.0,50.0,50.0,1.0,1.0,1.0,129.0
19.3,386,EV-LAB-001,NORMAL_BASELINE,50.18,50.51,49.95,1.5,23.6,0.0,0.0,4.800000000000001,2.0,2760.0,399.20000000000005,74.0,31.0,0.014,2.0,2.0,2.0,61.0,0.0,0.0,0.0,0.0,0.06,0.0,1.2000000000000002,1.0,1.0,1.0,1.0,0.0,50.230000000000004,0.05000000000000426,29.540800000000004,31.0,0.014,2.0,2.7,0.05,True,False,False,104.5,1.0,79.60000000000001,98.0,1.0,1.0,105.5,71.0,2.0,130.0,0.0,0.0,1.0,1.0,12.59,1.0,1.0,1.0,0.0,0.0,0.0,1.0,130.0,0.0,0.0,0.0,0.0,1.0,1.0,50.0,50.0,1.0,1.0,1.0,130.0
19.35,387,EV-LAB-001,NORMAL_BASELINE,50.21,50.4,50.11,1.6,23.200000000000003,0.0,0.0,4.800000000000001,2.0,2762.0,398.90000000000003,72.9,31.0,0.013000000000000001,2.0,2.0,2.0,62.0,0.0,0.0,0.0,0.0,0.07,0.0,1.3,1.0,1.0,1.0,1.0,0.0,50.254999999999995,0.0449999999999946,29.079810000000005,31.0,0.013000000000000001,2.0,2.9000000000000004,0.05,True,False,False,104.0,1.0,79.60000000000001,98.0,1.0,1.0,101.5,72.0,2.0,131.0,0.0,0.0,1.0,1.0,12.61,1.0,1.0,1.0,0.0,0.0,0.0,1.0,131.0,0.0,0.0,0.0,0.0,1.0,1.0,50.0,50.0,1.0,1.0,1.0,131.0
19.4,388,EV-LAB-001,NORMAL_BASELINE,50.25,50.65,50.15,1.7000000000000002,25.200000000000003,0.0,0.0,4.800000000000001,2.0,2764.0,398.70000000000005,73.8,31.0,0.011,1.8,2.0,2.0,60.0,0.0,0.0,0.0,0.0,0.07,-0.01,1.3,1.0,1.0,1.0,1.0,0.0,50.4,0.14999999999999858,29.42406,31.0,0.011,1.8,3.0,0.05,True,False,False,106.2,1.0,79.60000000000001,98.0,1.0,1.0,105.5,71.0,2.0,132.0,0.0,0.0,1.0,1.0,12.56,1.0,1.0,1.0,0.0,0.0,0.0,1.0,132.0,0.0,0.0,0.0,0.0,1.0,1.0,50.0,50.0,1.0,1.0,1.0,132.0
19.45,389,EV-LAB-001,NORMAL_BASELINE,50.29,50.63,50.01,1.8,25.200000000000003,0.0,0.0,4.800000000000001,2.0,2766.0,399.0,73.9,31.0,0.014,2.0,2.0,2.0,62.0,0.0,0.0,0.0,0.0,0.08,0.0,1.5,1.0,1.0,1.0,1.0,0.0,50.32,0.030000000000001137,29.4861,31.0,0.014,2.0,3.3,0.05,True,False,False,106.2,1.0,79.60000000000001,98.0,1.0,1.0,105.30000000000001,72.0,2.0,133.0,0.0,0.0,1.0,1.0,12.61,1.0,1.0,1.0,0.0,0.0,0.0,1.0,133.0,0.0,0.0,0.0,0.0,1.0,1.0,50.0,50.0,1.0,1.0,1.0,133.0
19.5,390,EV-LAB-001,NORMAL_BASELINE,50.33,50.59,50.050000000000004,1.8,24.8,0.0,0.0,4.800000000000001,2.0,2768.0,398.3,74.4,31.0,0.011,2.1,2.0,2.0,62.0,0.0,0.0,0.0,0.0,0.09,-0.01,1.5,1.0,1.0,1.0,1.0,0.0,50.32000000000001,0.009999999999990905,29.633520000000004,31.0,0.011,2.1,3.3,0.05,True,False,False,105.7,1.0,79.60000000000001,98.0,1.0,1.0,105.30000000000001,73.0,2.0,134.0,0.0,0.0,1.0,1.0,12.65,1.0,1.0,1.0,0.0,0.0,0.0,1.0,134.0,0.0,0.0,0.0,0.0,1.0,1.0,50.0,50.0,1.0,1.0,1.0,134.0
19.55,391,EV-LAB-001,NORMAL_BASELINE,50.370000000000005,50.64,50.28,1.9000000000000001,24.400000000000002,0.0,0.0,4.800000000000001,2.0,2770.0,398.5,73.3,31.0,0.013000000000000001,2.1,2.0,2.0,62.0,0.0,0.0,0.0,0.0,0.09,0.0,1.5,1.0,1.0,1.0,1.0,0.0,50.46,0.0899999999999963,29.21005,31.0,0.013000000000000001,2.1,3.4000000000000004,0.05,True,False,False,105.2,1.0,79.60000000000001,98.0,1.0,1.0,105.60000000000001,73.0,2.0,135.0,0.0,0.0,1.0,1.0,12.58,1.0,1.0,1.0,0.0,0.0,0.0,1.0,135.0,0.0,0.0,0.0,0.0,1.0,1.0,50.0,50.0,1.0,1.0,1.0,135.0
19.6,392,EV-LAB-001,NORMAL_BASELINE,50.42,50.660000000000004,50.34,2.0,22.400000000000002,0.0,0.0,4.800000000000001,2.0,2773.0,398.3,72.0,31.0,0.009000000000000001,2.0,2.0,2.0,63.0,0.0,0.0,0.0,0.0,0.1,0.0,1.5,1.0,1.0,1.0,1.0,0.0,50.5,0.0799999999999983,28.6776,31.0,0.009000000000000001,2.0,3.5,0.05,True,False,False,102.7,1.0,79.60000000000001,98.0,1.0,1.0,102.4,72.0,2.0,136.0,0.0,0.0,1.0,1.0,12.6,1.0,1.0,1.0,0.0,0.0,0.0,1.0,136.0,0.0,0.0,0.0,0.0,1.0,1.0,50.0,50.0,1.0,1.0,1.0,136.0
19.65,393,EV-LAB-001,NORMAL_BASELINE,50.47,50.76,50.19,2.0,23.200000000000003,0.0,0.0,4.800000000000001,2.0,2776.0,398.3,73.7,31.0,0.012,1.6,2.0,2.0,62.0,0.0,0.0,0.0,0.0,0.1,-0.01,1.6,1.0,1.0,1.0,1.0,0.0,50.474999999999994,0.0049999999999954525,29.354710000000004,31.0,0.012,1.6,3.6,0.05,True,False,False,104.10000000000001,1.0,79.60000000000001,98.0,1.0,1.0,105.80000000000001,72.0,2.0,137.0,0.0,0.0,1.0,1.0,12.620000000000001,1.0,1.0,1.0,0.0,0.0,0.0,1.0,137.0,0.0,0.0,0.0,0.0,1.0,1.0,50.0,50.0,1.0,1.0,1.0,137.0
19.7,394,EV-LAB-001,NORMAL_BASELINE,50.52,50.78,50.21,2.1,23.6,0.0,0.0,4.800000000000001,2.0,2779.0,398.5,71.2,31.0,0.011,2.2,2.0,2.0,62.0,0.0,0.0,0.0,0.0,0.11,-0.01,1.7000000000000002,1.0,1.0,1.0,1.0,0.0,50.495000000000005,0.02499999999999858,28.3732,31.0,0.011,2.2,3.8000000000000003,0.05,True,False,False,104.5,1.0,79.60000000000001,98.0,1.0,1.0,105.2,73.0,2.0,138.0,0.0,0.0,1.0,1.0,12.58,1.0,1.0,1.0,0.0,0.0,0.0,1.0,138.0,0.0,0.0,0.0,0.0,1.0,1.0,50.0,50.0,1.0,1.0,1.0,138.0
19.75,395,EV-LAB-001,NORMAL_BASELINE,50.58,50.870000000000005,50.5,2.2,25.200000000000003,0.0,0.0,4.800000000000001,2.0,2782.0,398.6,75.5,31.0,0.01,2.0,2.0,2.0,63.0,0.0,0.0,0.0,0.0,0.11,-0.01,1.7000000000000002,1.0,1.0,1.0,1.0,0.0,50.685,0.10500000000000398,30.094300000000004,31.0,0.01,2.0,3.9000000000000004,0.05,True,False,False,106.10000000000001,1.0,79.60000000000001,98.0,1.0,1.0,106.9,72.0,2.0,139.0,0.0,0.0,1.0,1.0,12.620000000000001,1.0,1.0,1.0,0.0,0.0,0.0,1.0,139.0,0.0,0.0,0.0,0.0,1.0,1.0,50.0,50.0,1.0,1.0,1.0,139.0
19.8,396,EV-LAB-001,NORMAL_BASELINE,50.63,50.92,50.45,2.2,23.200000000000003,0.0,0.0,4.800000000000001,2.0,2785.0,398.90000000000003,72.2,30.0,0.01,2.1,2.0,2.0,61.0,0.0,0.0,0.0,0.0,0.12,-0.01,1.7000000000000002,1.0,1.0,1.0,1.0,0.0,50.685,0.054999999999999716,28.800580000000004,30.0,0.01,2.1,3.9000000000000004,0.05,True,False,False,103.7,1.0,79.60000000000001,98.0,1.0,1.0,104.30000000000001,72.0,2.0,140.0,0.0,0.0,1.0,1.0,12.56,1.0,1.0,1.0,0.0,0.0,0.0,1.0,140.0,0.0,0.0,0.0,0.0,1.0,1.0,50.0,50.0,1.0,1.0,1.0,140.0
19.85,397,EV-LAB-001,NORMAL_BASELINE,50.69,50.97,50.480000000000004,2.3000000000000003,24.400000000000002,0.0,0.0,4.800000000000001,2.0,2788.0,398.5,75.3,31.0,0.012,1.8,2.0,2.0,62.0,0.0,0.0,0.0,0.0,0.12,-0.01,1.8,1.0,1.0,1.0,1.0,0.0,50.725,0.035000000000003695,30.00705,31.0,0.012,1.8,4.1000000000000005,0.05,True,False,False,105.2,1.0,79.60000000000001,98.0,1.0,1.0,105.7,72.0,2.0,141.0,0.0,0.0,1.0,1.0,12.63,1.0,1.0,1.0,0.0,0.0,0.0,1.0,141.0,0.0,0.0,0.0,0.0,1.0,1.0,50.0,50.0,1.0,1.0,1.0,141.0
19.9,398,EV-LAB-001,NORMAL_BASELINE,50.76,51.03,50.5,2.4000000000000004,25.200000000000003,0.0,0.0,4.800000000000001,2.0,2792.0,398.6,73.5,31.0,0.012,2.2,2.0,2.0,62.0,0.0,0.0,0.0,0.0,0.13,-0.01,1.8,1.0,1.0,1.0,1.0,0.0,50.765,0.005000000000002558,29.297100000000004,31.0,0.012,2.2,4.2,0.05,True,False,False,106.2,1.0,79.60000000000001,98.0,1.0,1.0,102.2,73.0,2.0,142.0,0.0,0.0,1.0,1.0,12.530000000000001,1.0,1.0,1.0,0.0,0.0,0.0,1.0,142.0,0.0,0.0,0.0,0.0,1.0,1.0,50.0,50.0,1.0,1.0,1.0,142.0
19.95,399,EV-LAB-001,NORMAL_BASELINE,50.82,51.01,50.58,2.4000000000000004,23.200000000000003,0.0,0.0,4.800000000000001,2.0,2795.0,398.3,72.4,31.0,0.012,2.2,2.0,2.0,61.0,0.0,0.0,0.0,0.0,0.13,-0.01,2.0,1.0,1.0,1.0,1.0,0.0,50.795,0.02499999999999858,28.836920000000003,31.0,0.012,2.2,4.4,0.05,True,False,False,103.9,1.0,79.60000000000001,98.0,1.0,1.0,105.10000000000001,73.0,2.0,143.0,0.0,0.0,1.0,1.0,12.55,1.0,1.0,1.0,0.0,0.0,0.0,1.0,143.0,0.0,0.0,0.0,0.0,1.0,1.0,50.0,50.0,1.0,1.0,1.0,143.0
20.0,400,EV-LAB-001,NORMAL_BASELINE,50.89,51.230000000000004,50.7,2.5,25.200000000000003,0.0,0.0,4.800000000000001,2.0,2799.0,399.0,73.8,31.0,0.009000000000000001,2.0,2.0,2.0,61.0,0.0,0.0,0.0,0.0,0.14,-0.01,2.0,1.0,1.0,1.0,1.0,0.0,50.965,0.07500000000000284,29.446199999999997,31.0,0.009000000000000001,2.0,4.5,0.05,True,False,False,106.4,1.0,79.60000000000001,98.0,1.0,1.0,107.5,72.0,2.0,144.0,0.0,0.0,1.0,1.0,12.56,1.0,1.0,1.0,0.0,0.0,0.0,1.0,144.0,0.0,0.0,0.0,0.0,1.0,1.0,50.0,50.0,1.0,1.0,1.0,144.0
20.05,401,EV-LAB-001,NORMAL_BASELINE,50.96,51.050000000000004,50.86,2.5,24.8,0.0,0.0,4.800000000000001,2.0,2803.0,399.3,73.60000000000001,31.0,0.01,2.1,2.0,2.0,62.0,0.0,0.0,0.0,0.0,0.14,-0.01,2.0,1.0,1.0,1.0,1.0,0.0,50.955,0.005000000000002558,29.388480000000005,31.0,0.01,2.1,4.5,0.05,True,False,False,105.7,1.0,79.60000000000001,98.0,1.0,1.0,107.30000000000001,72.0,2.0,145.0,0.0,0.0,1.0,1.0,12.63,1.0,1.0,1.0,0.0,0.0,0.0,1.0,145.0,0.0,0.0,0.0,0.0,1.0,1.0,50.0,50.0,1.0,1.0,1.0,145.0
20.1,402,EV-LAB-001,NORMAL_BASELINE,51.03,51.35,50.88,2.6,24.8,0.0,0.0,4.800000000000001,2.0,2807.0,398.6,73.2,31.0,0.015,1.8,2.0,2.0,62.0,0.0,0.0,0.0,0.0,0.15,-0.01,2.0,1.0,1.0,1.0,1.0,0.0,51.115,0.08500000000000085,29.177520000000005,31.0,0.015,1.8,4.6,0.05,True,False,False,105.60000000000001,1.0,79.60000000000001,98.0,1.0,1.0,108.10000000000001,71.0,2.0,146.0,0.0,0.0,1.0,1.0,12.6,1.0,1.0,1.0,0.0,0.0,0.0,1.0,146.0,0.0,0.0,0.0,0.0,1.0,1.0,50.0,50.0,1.0,1.0,1.0,146.0
20.15,403,EV-LAB-001,NORMAL_BASELINE,51.11,51.35,50.89,2.6,23.6,0.0,0.0,4.800000000000001,2.0,2811.0,399.0,71.60000000000001,31.0,0.013000000000000001,2.1,2.0,2.0,62.0,0.0,0.0,0.0,0.0,0.15,-0.01,2.1,1.0,1.0,1.0,1.0,0.0,51.120000000000005,0.010000000000005116,28.568400000000004,31.0,0.013000000000000001,2.1,4.7,0.05,True,False,False,104.5,1.0,79.60000000000001,98.0,1.0,1.0,105.0,72.0,2.0,147.0,0.0,0.0,1.0,1.0,12.56,1.0,1.0,1.0,0.0,0.0,0.0,1.0,147.0,0.0,0.0,0.0,0.0,1.0,1.0,50.0,50.0,1.0,1.0,1.0,147.0
20.2,404,EV-LAB-001,NORMAL_BASELINE,51.19,51.56,51.1,2.7,24.400000000000002,0.0,0.0,4.800000000000001,2.0,2815.0,398.6,72.7,31.0,0.01,2.2,2.0,2.0,62.0,0.0,0.0,0.0,0.0,0.16,-0.01,2.1,1.0,1.0,1.0,1.0,0.0,51.33,0.14000000000000057,28.97822,31.0,0.01,2.2,4.800000000000001,0.05,True,False,False,105.0,1.0,79.60000000000001,98.0,1.0,1.0,105.9,73.0,2.0,148.0,0.0,0.0,1.0,1.0,12.57,1.0,1.0,1.0,0.0,0.0,0.0,1.0,148.0,0.0,0.0,0.0,0.0,1.0,1.0,50.0,50.0,1.0,1.0,1.0,148.0
20.25,405,EV-LAB-001,NORMAL_BASELINE,51.27,51.53,51.160000000000004,2.7,25.6,0.0,0.0,4.800000000000001,2.0,2820.0,398.3,75.0,31.0,0.014,1.7000000000000002,2.0,2.0,62.0,0.0,0.0,0.0,0.0,0.16,-0.01,2.2,1.0,1.0,1.0,1.0,0.0,51.345,0.07499999999999574,29.8725,31.0,0.014,1.7000000000000002,4.9,0.05,True,False,False,106.7,1.0,79.60000000000001,98.0,1.0,1.0,109.4,72.0,2.0,149.0,0.0,0.0,1.0,1.0,12.620000000000001,1.0,1.0,1.0,0.0,0.0,0.0,1.0,149.0,0.0,0.0,0.0,0.0,1.0,1.0,50.0,50.0,1.0,1.0,1.0,149.0
20.3,406,EV-LAB-001,NORMAL_BASELINE,51.35,51.59,51.120000000000005,2.8000000000000003,24.0,0.0,0.0,4.800000000000001,2.0,2824.0,398.3,75.10000000000001,31.0,0.01,1.9000000000000001,2.0,2.0,63.0,0.0,0.0,0.0,0.0,0.17,-0.01,2.3000000000000003,1.0,1.0,1.0,1.0,0.0,51.355000000000004,0.005000000000002558,29.912330000000004,31.0,0.01,1.9000000000000001,5.1000000000000005,0.05,True,False,False,104.9,1.0,79.60000000000001,98.0,1.0,1.0,105.10000000000001,72.0,2.0,150.0,0.0,0.0,1.0,1.0,12.69,1.0,1.0,1.0,0.0,0.0,0.0,1.0,150.0,0.0,0.0,0.0,0.0,1.0,1.0,50.0,50.0,1.0,1.0,1.0,150.0
20.35,407,EV-LAB-001,NORMAL_BASELINE,51.43,51.7,51.21,2.8000000000000003,25.6,0.0,0.0,4.800000000000001,2.0,2829.0,398.90000000000003,74.0,31.0,0.009000000000000001,2.0,2.0,2.0,61.0,0.0,0.0,0.0,0.0,0.17,-0.01,2.2,1.0,1.0,1.0,1.0,0.0,51.455,0.02499999999999858,29.518600000000003,31.0,0.009000000000000001,2.0,5.0,0.05,True,False,False,106.80000000000001,1.0,79.60000000000001,98.0,1.0,1.0,106.7,73.0,2.0,151.0,0.0,0.0,1.0,1.0,12.56,1.0,1.0,1.0,0.0,0.0,0.0,1.0,151.0,0.0,0.0,0.0,0.0,1.0,1.0,50.0,50.0,1.0,1.0,1.0,151.0
20.4,408,EV-LAB-001,NORMAL_BASELINE,51.52,51.730000000000004,51.300000000000004,2.9000000000000004,24.8,0.0,0.0,4.800000000000001,2.0,2834.0,398.1,74.4,31.0,0.013000000000000001,1.7000000000000002,2.0,2.0,62.0,0.0,0.0,0.0,0.0,0.18,-0.01,2.3000000000000003,1.0,1.0,1.0,1.0,0.0,51.515,0.005000000000002558,29.618640000000003,31.0,0.013000000000000001,1.7000000000000002,5.200000000000001,0.05,True,False,False,105.80000000000001,1.0,79.60000000000001,98.0,1.0,1.0,105.7,73.0,2.0,152.0,0.0,0.0,1.0,1.0,12.56,1.0,1.0,1.0,0.0,0.0,0.0,1.0,152.0,0.0,0.0,0.0,0.0,1.0,1.0,50.0,50.0,1.0,1.0,1.0,152.0
20.45,409,EV-LAB-001,NORMAL_BASELINE,51.61,51.86,51.51,2.9000000000000004,25.200000000000003,0.0,0.0,4.800000000000001,2.0,2838.0,398.6,75.60000000000001,31.0,0.013000000000000001,1.9000000000000001,2.0,2.0,63.0,0.0,0.0,0.0,0.0,0.18,-0.01,2.3000000000000003,1.0,1.0,1.0,1.0,0.0,51.685,0.07500000000000284,30.134160000000005,31.0,0.013000000000000001,1.9000000000000001,5.200000000000001,0.05,True,False,False,106.0,1.0,79.60000000000001,98.0,1.0,1.0,105.80000000000001,73.0,2.0,153.0,0.0,0.0,1.0,1.0,12.55,1.0,1.0,1.0,0.0,0.0,0.0,1.0,153.0,0.0,0.0,0.0,0.0,1.0,1.0,50.0,50.0,1.0,1.0,1.0,153.0
20.5,410,EV-LAB-001,NORMAL_BASELINE,51.7,52.04,51.51,3.0,23.6,0.0,0.0,4.800000000000001,2.0,2843.0,398.40000000000003,73.8,31.0,0.009000000000000001,2.3000000000000003,2.0,2.0,62.0,0.0,0.0,0.0,0.0,0.18,-0.01,2.3000000000000003,1.0,1.0,1.0,1.0,0.0,51.775,0.07499999999999574,29.40192,31.0,0.009000000000000001,2.3000000000000003,5.300000000000001,0.05,True,False,False,104.2,1.0,79.60000000000001,98.0,1.0,1.0,105.7,73.0,2.0,154.0,0.0,0.0,1.0,1.0,12.61,1.0,1.0,1.0,0.0,0.0,0.0,1.0,154.0,0.0,0.0,0.0,0.0,1.0,1.0,50.0,50.0,1.0,1.0,1.0,154.0
20.55,411,EV-LAB-001,NORMAL_BASELINE,51.79,51.99,51.620000000000005,3.0,25.200000000000003,0.0,0.0,4.800000000000001,2.0,2849.0,399.40000000000003,75.3,31.0,0.011,2.2,2.0,2.0,62.0,0.0,0.0,0.0,0.0,0.19,-0.01,2.4000000000000004,1.0,1.0,1.0,1.0,0.0,51.80500000000001,0.015000000000007674,30.07482,31.0,0.011,2.2,5.4,0.05,True,False,False,106.10000000000001,1.0,79.60000000000001,98.0,1.0,1.0,103.60000000000001,73.0,2.0,155.0,0.0,0.0,1.0,1.0,12.59,1.0,1.0,1.0,0.0,0.0,0.0,1.0,155.0,0.0,0.0,0.0,0.0,1.0,1.0,50.0,50.0,1.0,1.0,1.0,155.0
20.6,412,EV-LAB-001,NORMAL_BASELINE,51.89,52.06,51.77,3.0,24.400000000000002,0.0,0.0,4.800000000000001,2.0,2854.0,398.70000000000005,73.10000000000001,31.0,0.012,2.1,2.0,2.0,63.0,0.0,0.0,0.0,0.0,0.19,-0.01,2.5,1.0,1.0,1.0,1.0,0.0,51.915000000000006,0.025000000000005684,29.144970000000008,31.0,0.012,2.1,5.5,0.05,True,False,False,105.4,1.0,79.60000000000001,98.0,1.0,1.0,105.2,73.0,2.0,156.0,0.0,0.0,1.0,1.0,12.58,1.0,1.0,1.0,0.0,0.0,0.0,1.0,156.0,0.0,0.0,0.0,0.0,1.0,1.0,50.0,50.0,1.0,1.0,1.0,156.0
20.65,413,EV-LAB-001,NORMAL_BASELINE,51.980000000000004,52.29,51.77,3.1,24.400000000000002,0.0,0.0,4.800000000000001,2.0,2859.0,398.6,73.0,31.0,0.013000000000000001,1.8,2.0,2.0,63.0,0.0,0.0,0.0,0.0,0.2,-0.01,2.4000000000000004,1.0,1.0,1.0,1.0,0.0,52.03,0.04999999999999716,29.097800000000003,31.0,0.013000000000000001,1.8,5.5,0.05,True,False,False,105.30000000000001,1.0,79.60000000000001,98.0,1.0,1.0,106.2,73.0,2.0,157.0,0.0,0.0,1.0,1.0,12.64,1.0,1.0,1.0,0.0,0.0,0.0,1.0,157.0,0.0,0.0,0.0,0.0,1.0,1.0,50.0,50.0,1.0,1.0,1.0,157.0
20.7,414,EV-LAB-001,NORMAL_BASELINE,52.08,52.29,51.79,3.1,25.6,0.0,0.0,4.800000000000001,2.0,2864.0,399.1,72.3,31.0,0.014,1.9000000000000001,2.0,2.0,63.0,0.0,0.0,0.0,0.0,0.2,-0.01,2.6,1.0,1.0,1.0,1.0,0.0,52.04,0.03999999999999915,28.85493,31.0,0.014,1.9000000000000001,5.7,0.05,True,False,False,106.5,1.0,79.60000000000001,98.0,1.0,1.0,103.10000000000001,73.0,2.0,158.0,0.0,0.0,1.0,1.0,12.58,1.0,1.0,1.0,0.0,0.0,0.0,1.0,158.0,0.0,0.0,0.0,0.0,1.0,1.0,50.0,50.0,1.0,1.0,1.0,158.0
20.75,415,EV-LAB-001,NORMAL_BASELINE,52.18,52.47,51.97,3.1,23.200000000000003,0.0,0.0,4.800000000000001,2.0,2870.0,398.20000000000005,72.60000000000001,31.0,0.017,1.9000000000000001,2.0,2.0,62.0,0.0,0.0,0.0,0.0,0.2,-0.01,2.6,1.0,1.0,1.0,1.0,0.0,52.22,0.03999999999999915,28.909320000000008,31.0,0.017,1.9000000000000001,5.7,0.05,True,False,False,103.9,1.0,79.60000000000001,98.0,1.0,1.0,104.0,73.0,2.0,159.0,0.0,0.0,1.0,1.0,12.64,1.0,1.0,1.0,0.0,0.0,0.0,1.0,159.0,0.0,0.0,0.0,0.0,1.0,1.0,50.0,50.0,1.0,1.0,1.0,159.0
20.8,416,EV-LAB-001,NORMAL_BASELINE,52.28,52.49,52.03,3.2,25.200000000000003,0.0,0.0,4.800000000000001,2.0,2876.0,398.5,73.5,31.0,0.014,1.9000000000000001,2.0,2.0,62.0,0.0,0.0,0.0,0.0,0.21,-0.01,2.6,1.0,1.0,1.0,1.0,0.0,52.260000000000005,0.01999999999999602,29.28975,31.0,0.014,1.9000000000000001,5.800000000000001,0.05,True,False,False,106.2,1.0,79.60000000000001,98.0,1.0,1.0,109.80000000000001,74.0,2.0,160.0,0.0,0.0,1.0,1.0,12.530000000000001,1.0,1.0,1.0,0.0,0.0,0.0,1.0,160.0,0.0,0.0,0.0,0.0,1.0,1.0,50.0,50.0,1.0,1.0,1.0,160.0
20.85,417,EV-LAB-001,NORMAL_BASELINE,52.39,52.57,52.21,3.2,25.200000000000003,0.0,0.0,4.800000000000001,2.0,2881.0,397.70000000000005,74.7,31.0,0.011,1.9000000000000001,2.0,2.0,63.0,0.0,0.0,0.0,0.0,0.21,-0.01,2.6,1.0,1.0,1.0,1.0,0.0,52.39,0.0,29.708190000000005,31.0,0.011,1.9000000000000001,5.800000000000001,0.05,True,False,False,106.30000000000001,1.0,79.60000000000001,98.0,1.0,1.0,107.4,73.0,2.0,161.0,0.0,0.0,1.0,1.0,12.68,1.0,1.0,1.0,0.0,0.0,0.0,1.0,161.0,0.0,0.0,0.0,0.0,1.0,1.0,50.0,50.0,1.0,1.0,1.0,161.0
20.9,418,EV-LAB-001,NORMAL_BASELINE,52.49,52.72,52.230000000000004,3.2,24.8,0.0,0.0,4.800000000000001,2.0,2887.0,398.90000000000003,74.5,31.0,0.012,2.1,2.0,2.0,63.0,0.0,0.0,0.0,0.0,0.21,-0.01,2.6,1.0,1.0,1.0,1.0,0.0,52.475,0.015000000000000568,29.71805,31.0,0.012,2.1,5.800000000000001,0.05,True,False,False,105.5,1.0,79.60000000000001,98.0,1.0,1.0,103.5,73.0,2.0,162.0,0.0,0.0,1.0,1.0,12.65,1.0,1.0,1.0,0.0,0.0,0.0,1.0,162.0,0.0,0.0,0.0,0.0,1.0,1.0,50.0,50.0,1.0,1.0,1.0,162.0
20.95,419,EV-LAB-001,NORMAL_BASELINE,52.6,52.92,52.410000000000004,3.3000000000000003,24.8,0.0,0.0,4.800000000000001,2.0,2893.0,398.40000000000003,76.0,31.0,0.013000000000000001,2.1,2.0,2.0,62.0,0.0,0.0,0.0,0.0,0.22,-0.01,2.6,1.0,1.0,1.0,1.0,0.0,52.665000000000006,0.06500000000000483,30.2784,31.0,0.013000000000000001,2.1,5.9,0.05,True,False,False,105.5,1.0,79.60000000000001,98.0,1.0,1.0,105.30000000000001,74.0,2.0,163.0,0.0,0.0,1.0,1.0,12.6,1.0,1.0,1.0,0.0,0.0,0.0,1.0,163.0,0.0,0.0,0.0,0.0,1.0,1.0,50.0,50.0,1.0,1.0,1.0,163.0
21.0,420,EV-LAB-001,NORMAL_BASELINE,52.7,52.94,52.29,3.3000000000000003,24.400000000000002,0.0,0.0,4.800000000000001,2.0,2899.0,399.8,72.8,31.0,0.011,1.7000000000000002,2.0,2.0,62.0,0.0,0.0,0.0,0.0,0.22,-0.01,2.7,1.0,1.0,1.0,1.0,0.0,52.614999999999995,0.08500000000000796,29.105439999999998,31.0,0.011,1.7000000000000002,6.0,0.05,True,False,False,105.4,1.0,79.60000000000001,98.0,1.0,1.0,105.60000000000001,73.0,2.0,164.0,0.0,0.0,1.0,1.0,12.620000000000001,1.0,1.0,1.0,0.0,0.0,0.0,1.0,164.0,0.0,0.0,0.0,0.0,1.0,1.0,50.0,50.0,1.0,1.0,1.0,164.0
21.05,421,EV-LAB-001,NORMAL_BASELINE,52.81,53.04,52.44,3.3000000000000003,24.8,0.0,0.0,4.800000000000001,2.0,2905.0,399.0,73.2,31.0,0.012,1.9000000000000001,2.0,2.0,63.0,0.0,0.0,0.0,0.0,0.22,-0.01,2.7,1.0,1.0,1.0,1.0,0.0,52.739999999999995,0.07000000000000739,29.2068,31.0,0.012,1.9000000000000001,6.0,0.05,True,False,False,105.9,1.0,79.60000000000001,98.0,1.0,1.0,107.30000000000001,73.0,2.0,165.0,0.0,0.0,1.0,1.0,12.69,1.0,1.0,1.0,0.0,0.0,0.0,1.0,165.0,0.0,0.0,0.0,0.0,1.0,1.0,50.0,50.0,1.0,1.0,1.0,165.0
21.1,422,EV-LAB-001,NORMAL_BASELINE,52.93,53.17,52.74,3.3000000000000003,25.200000000000003,0.0,0.0,4.800000000000001,2.0,2911.0,398.5,74.2,31.0,0.014,2.3000000000000003,2.0,2.0,62.0,0.0,0.0,0.0,0.0,0.23,-0.02,2.6,1.0,1.0,1.0,1.0,0.0,52.955,0.02499999999999858,29.5687,31.0,0.014,2.3000000000000003,5.9,0.05,True,False,False,106.10000000000001,1.0,79.60000000000001,98.0,1.0,1.0,105.5,73.0,2.0,166.0,0.0,0.0,1.0,1.0,12.620000000000001,1.0,1.0,1.0,0.0,0.0,0.0,1.0,166.0,0.0,0.0,0.0,0.0,1.0,1.0,50.0,50.0,1.0,1.0,1.0,166.0
21.15,423,EV-LAB-001,NORMAL_BASELINE,53.04,53.33,52.78,3.3000000000000003,24.0,0.0,0.0,4.800000000000001,2.0,2917.0,398.90000000000003,73.0,31.0,0.01,2.3000000000000003,2.0,2.0,62.0,0.0,0.0,0.0,0.0,0.23,-0.01,2.7,1.0,1.0,1.0,1.0,0.0,53.055,0.015000000000000568,29.1197,31.0,0.01,2.3000000000000003,6.0,0.05,True,False,False,104.80000000000001,1.0,79.60000000000001,98.0,1.0,1.0,108.10000000000001,73.0,2.0,167.0,0.0,0.0,1.0,1.0,12.67,1.0,1.0,1.0,0.0,0.0,0.0,1.0,167.0,0.0,0.0,0.0,0.0,1.0,1.0,50.0,50.0,1.0,1.0,1.0,167.0
21.2,424,EV-LAB-001,NORMAL_BASELINE,53.15,53.480000000000004,52.94,3.4000000000000004,25.200000000000003,0.0,0.0,4.800000000000001,2.0,2923.0,398.8,75.3,31.0,0.008,2.3000000000000003,2.0,2.0,63.0,0.0,0.0,0.0,0.0,0.23,-0.01,2.7,1.0,1.0,1.0,1.0,0.0,53.21,0.060000000000002274,30.02964,31.0,0.008,2.3000000000000003,6.1000000000000005,0.05,True,False,False,106.10000000000001,1.0,79.60000000000001,98.0,1.0,1.0,105.7,74.0,2.0,168.0,0.0,0.0,1.0,1.0,12.58,1.0,1.0,1.0,0.0,0.0,0.0,1.0,168.0,0.0,0.0,0.0,0.0,1.0,1.0,50.0,50.0,1.0,1.0,1.0,168.0
21.25,425,EV-LAB-001,NORMAL_BASELINE,53.27,53.370000000000005,53.160000000000004,3.4000000000000004,25.200000000000003,0.0,0.0,4.800000000000001,2.0,2930.0,398.90000000000003,74.7,31.0,0.014,2.3000000000000003,2.0,2.0,63.0,0.0,0.0,0.0,0.0,0.23,-0.02,2.7,1.0,1.0,1.0,1.0,0.0,53.265,0.005000000000002558,29.797830000000005,31.0,0.014,2.3000000000000003,6.1000000000000005,0.05,True,False,False,106.10000000000001,1.0,79.60000000000001,98.0,1.0,1.0,103.60000000000001,74.0,2.0,169.0,0.0,0.0,1.0,1.0,12.57,1.0,1.0,1.0,0.0,0.0,0.0,1.0,169.0,0.0,0.0,0.0,0.0,1.0,1.0,50.0,50.0,1.0,1.0,1.0,169.0
21.3,426,EV-LAB-001,NORMAL_BASELINE,53.38,53.550000000000004,53.15,3.4000000000000004,25.200000000000003,0.0,0.0,4.800000000000001,2.0,2936.0,399.0,73.5,30.0,0.009000000000000001,1.8,2.0,2.0,62.0,0.0,0.0,0.0,0.0,0.24,-0.01,2.7,1.0,1.0,1.0,1.0,0.0,53.35,0.030000000000001137,29.3265,30.0,0.009000000000000001,1.8,6.1000000000000005,0.05,True,False,False,106.4,1.0,79.60000000000001,98.0,1.0,1.0,110.10000000000001,74.0,2.0,170.0,0.0,0.0,1.0,1.0,12.57,1.0,1.0,1.0,0.0,0.0,0.0,1.0,170.0,0.0,0.0,0.0,0.0,1.0,1.0,50.0,50.0,1.0,1.0,1.0,170.0
21.35,427,EV-LAB-001,NORMAL_BASELINE,53.5,53.79,53.34,3.4000000000000004,25.6,0.0,0.0,4.800000000000001,2.0,2942.0,398.0,73.8,31.0,0.01,2.0,2.0,2.0,62.0,0.0,0.0,0.0,0.0,0.24,-0.01,2.7,1.0,1.0,1.0,1.0,0.0,53.565,0.06499999999999773,29.3724,31.0,0.01,2.0,6.1000000000000005,0.05,True,False,False,106.60000000000001,1.0,79.60000000000001,98.0,1.0,1.0,104.60000000000001,73.0,2.0,171.0,0.0,0.0,1.0,1.0,12.6,1.0,1.0,1.0,0.0,0.0,0.0,1.0,171.0,0.0,0.0,0.0,0.0,1.0,1.0,50.0,50.0,1.0,1.0,1.0,171.0
21.4,428,EV-LAB-001,NORMAL_BASELINE,53.620000000000005,53.89,53.38,3.4000000000000004,26.0,0.0,0.0,4.800000000000001,2.0,2949.0,398.90000000000003,75.60000000000001,30.0,0.014,1.9000000000000001,2.0,2.0,62.0,0.0,0.0,0.0,0.0,0.24,-0.01,2.7,1.0,1.0,1.0,1.0,0.0,53.635000000000005,0.015000000000000568,30.156840000000006,30.0,0.014,1.9000000000000001,6.1000000000000005,0.05,True,False,False,107.10000000000001,1.0,79.60000000000001,98.0,1.0,1.0,106.5,74.0,2.0,172.0,0.0,0.0,1.0,1.0,12.58,1.0,1.0,1.0,0.0,0.0,0.0,1.0,172.0,0.0,0.0,0.0,0.0,1.0,1.0,50.0,50.0,1.0,1.0,1.0,172.0
21.45,429,EV-LAB-001,NORMAL_BASELINE,53.730000000000004,53.85,53.52,3.4000000000000004,25.6,0.0,0.0,4.800000000000001,2.0,2955.0,399.20000000000005,73.4,31.0,0.01,1.9000000000000001,2.0,2.0,63.0,0.0,0.0,0.0,0.0,0.24,-0.01,2.8000000000000003,1.0,1.0,1.0,1.0,0.0,53.685,0.045000000000001705,29.301280000000006,31.0,0.01,1.9000000000000001,6.200000000000001,0.05,True,False,False,106.80000000000001,1.0,79.60000000000001,98.0,1.0,1.0,104.9,73.0,2.0,173.0,0.0,0.0,1.0,1.0,12.63,1.0,1.0,1.0,0.0,0.0,0.0,1.0,173.0,0.0,0.0,0.0,0.0,1.0,1.0,50.0,50.0,1.0,1.0,1.0,173.0
21.5,430,EV-LAB-001,NORMAL_BASELINE,53.85,54.11,53.64,3.4000000000000004,24.8,0.0,0.0,4.800000000000001,2.0,2962.0,398.90000000000003,73.9,31.0,0.013000000000000001,2.1,2.0,2.0,62.0,0.0,0.0,0.0,0.0,0.24,-0.02,2.7,1.0,1.0,1.0,1.0,0.0,53.875,0.02499999999999858,29.478710000000007,31.0,0.013000000000000001,2.1,6.1000000000000005,0.05,True,False,False,106.0,1.0,79.60000000000001,98.0,1.0,1.0,106.10000000000001,75.0,2.0,174.0,0.0,0.0,1.0,1.0,12.55,1.0,1.0,1.0,0.0,0.0,0.0,1.0,174.0,0.0,0.0,0.0,0.0,1.0,1.0,50.0,50.0,1.0,1.0,1.0,174.0
21.55,431,EV-LAB-001,NORMAL_BASELINE,53.97,54.13,53.76,3.4000000000000004,26.400000000000002,0.0,0.0,4.800000000000001,2.0,2969.0,399.40000000000003,76.3,31.0,0.011,1.9000000000000001,2.0,2.0,63.0,0.0,0.0,0.0,0.0,0.25,-0.02,2.7,1.0,1.0,1.0,1.0,0.0,53.945,0.02499999999999858,30.474220000000003,31.0,0.011,1.9000000000000001,6.1000000000000005,0.05,True,False,False,107.7,1.0,79.60000000000001,98.0,1.0,1.0,108.80000000000001,74.0,2.0,175.0,0.0,0.0,1.0,1.0,12.52,1.0,1.0,1.0,0.0,0.0,0.0,1.0,175.0,0.0,0.0,0.0,0.0,1.0,1.0,50.0,50.0,1.0,1.0,1.0,175.0
21.6,432,EV-LAB-001,NORMAL_BASELINE,54.1,54.230000000000004,53.82,3.5,27.200000000000003,0.0,0.0,4.800000000000001,2.0,2975.0,398.8,78.0,31.0,0.013000000000000001,2.1,2.0,2.0,64.0,0.0,0.0,0.0,0.0,0.25,-0.02,2.8000000000000003,1.0,1.0,1.0,1.0,0.0,54.025000000000006,0.07499999999999574,31.1064,31.0,0.013000000000000001,2.1,6.300000000000001,0.05,True,False,False,108.7,1.0,79.60000000000001,98.0,1.0,1.0,109.2,74.0,2.0,176.0,0.0,0.0,1.0,1.0,12.63,1.0,1.0,1.0,0.0,0.0,0.0,1.0,176.0,0.0,0.0,0.0,0.0,1.0,1.0,50.0,50.0,1.0,1.0,1.0,176.0
21.65,433,EV-LAB-001,NORMAL_BASELINE,54.22,54.47,53.99,3.5,26.400000000000002,0.0,0.0,4.800000000000001,2.0,2982.0,398.8,74.10000000000001,31.0,0.012,2.0,2.0,2.0,62.0,0.0,0.0,0.0,0.0,0.25,-0.01,2.7,1.0,1.0,1.0,1.0,0.0,54.230000000000004,0.010000000000005116,29.551080000000006,31.0,0.012,2.0,6.2,0.05,True,False,False,107.5,1.0,79.60000000000001,98.0,1.0,1.0,107.7,74.0,2.0,177.0,0.0,0.0,1.0,1.0,12.540000000000001,1.0,1.0,1.0,0.0,0.0,0.0,1.0,177.0,0.0,0.0,0.0,0.0,1.0,1.0,50.0,50.0,1.0,1.0,1.0,177.0
21.7,434,EV-LAB-001,NORMAL_BASELINE,54.34,54.63,53.96,3.5,26.400000000000002,0.0,0.0,4.800000000000001,2.0,2989.0,399.40000000000003,76.3,31.0,0.01,1.9000000000000001,2.0,2.0,62.0,0.0,0.0,0.0,0.0,0.25,-0.01,2.9000000000000004,1.0,1.0,1.0,1.0,0.0,54.295,0.045000000000001705,30.474220000000003,31.0,0.01,1.9000000000000001,6.4,0.05,True,False,False,107.5,1.0,79.60000000000001,98.0,1.0,1.0,108.80000000000001,74.0,2.0,178.0,0.0,0.0,1.0,1.0,12.6,1.0,1.0,1.0,0.0,0.0,0.0,1.0,178.0,0.0,0.0,0.0,0.0,1.0,1.0,50.0,50.0,1.0,1.0,1.0,178.0
21.75,435,EV-LAB-001,NORMAL_BASELINE,54.46,54.72,54.370000000000005,3.5,26.400000000000002,0.0,0.0,4.800000000000001,2.0,2996.0,398.8,76.3,31.0,0.011,2.1,2.0,2.0,63.0,0.0,0.0,0.0,0.0,0.25,-0.01,2.8000000000000003,1.0,1.0,1.0,1.0,0.0,54.545,0.08500000000000085,30.42844,31.0,0.011,2.1,6.300000000000001,0.05,True,False,False,107.9,1.0,79.60000000000001,98.0,1.0,1.0,108.0,74.0,2.0,179.0,0.0,0.0,1.0,1.0,12.65,1.0,1.0,1.0,0.0,0.0,0.0,1.0,179.0,0.0,0.0,0.0,0.0,1.0,1.0,50.0,50.0,1.0,1.0,1.0,179.0
21.8,436,EV-LAB-001,NORMAL_BASELINE,54.59,54.82,54.31,3.5,26.400000000000002,0.0,0.0,4.800000000000001,2.0,3002.0,398.5,76.3,31.0,0.013000000000000001,2.3000000000000003,2.0,2.0,63.0,0.0,0.0,0.0,0.0,0.25,-0.02,2.7,1.0,1.0,1.0,1.0,0.0,54.565,0.025000000000005684,30.405549999999998,31.0,0.013000000000000001,2.3000000000000003,6.2,0.05,True,False,False,107.9,1.0,79.60000000000001,98.0,1.0,1.0,107.60000000000001,75.0,2.0,180.0,0.0,0.0,1.0,1.0,12.61,1.0,1.0,1.0,0.0,0.0,0.0,1.0,180.0,0.0,0.0,0.0,0.0,1.0,1.0,50.0,50.0,1.0,1.0,1.0,180.0
21.85,437,EV-LAB-001,NORMAL_BASELINE,54.71,55.050000000000004,54.61,3.5,26.8,0.0,0.0,4.800000000000001,2.0,3009.0,398.90000000000003,76.3,31.0,0.011,2.2,2.0,2.0,63.0,0.0,0.0,0.0,0.0,0.25,-0.02,2.7,1.0,1.0,1.0,1.0,0.0,54.83,0.11999999999999744,30.43607,31.0,0.011,2.2,6.2,0.05,True,False,False,108.2,1.0,79.60000000000001,98.0,1.0,1.0,108.5,74.0,2.0,181.0,0.0,0.0,1.0,1.0,12.59,1.0,1.0,1.0,0.0,0.0,0.0,1.0,181.0,0.0,0.0,0.0,0.0,1.0,1.0,50.0,50.0,1.0,1.0,1.0,181.0
21.9,438,EV-LAB-001,NORMAL_BASELINE,54.84,55.120000000000005,54.6,3.5,25.200000000000003,0.0,0.0,4.800000000000001,2.0,3016.0,399.40000000000003,77.5,31.0,0.012,1.8,2.0,2.0,63.0,0.0,0.0,0.0,0.0,0.25,-0.01,2.8000000000000003,1.0,1.0,1.0,1.0,0.0,54.86,0.01999999999999602,30.953500000000005,31.0,0.012,1.8,6.300000000000001,0.05,True,False,False,106.0,1.0,79.60000000000001,98.0,1.0,1.0,106.4,74.0,2.0,182.0,0.0,0.0,1.0,1.0,12.61,1.0,1.0,1.0,0.0,0.0,0.0,1.0,182.0,0.0,0.0,0.0,0.0,1.0,1.0,50.0,50.0,1.0,1.0,1.0,182.0
21.95,439,EV-LAB-001,NORMAL_BASELINE,54.96,55.13,54.82,3.5,26.400000000000002,0.0,0.0,4.800000000000001,2.0,3023.0,399.1,75.4,30.0,0.009000000000000001,2.2,2.0,2.0,63.0,0.0,0.0,0.0,0.0,0.26,-0.01,2.8000000000000003,1.0,1.0,1.0,1.0,0.0,54.975,0.015000000000000568,30.092140000000004,30.0,0.009000000000000001,2.2,6.300000000000001,0.05,True,False,False,107.9,1.0,79.60000000000001,98.0,1.0,1.0,107.80000000000001,75.0,2.0,183.0,0.0,0.0,1.0,1.0,12.57,1.0,1.0,1.0,0.0,0.0,0.0,1.0,183.0,0.0,0.0,0.0,0.0,1.0,1.0,50.0,50.0,1.0,1.0,1.0,183.0
22.0,440,EV-LAB-001,NORMAL_BASELINE,55.09,55.31,54.78,3.5,26.0,0.0,0.0,4.800000000000001,2.0,3030.0,398.20000000000005,75.10000000000001,30.0,0.013000000000000001,2.0,2.0,2.0,63.0,0.0,0.0,0.0,0.0,0.26,-0.02,2.9000000000000004,1.0,1.0,1.0,1.0,0.0,55.045,0.045000000000001705,29.904820000000008,30.0,0.013000000000000001,2.0,6.4,0.05,True,False,False,107.0,1.0,79.60000000000001,98.0,1.0,1.0,105.80000000000001,75.0,2.0,184.0,0.0,0.0,1.0,1.0,12.620000000000001,1.0,1.0,1.0,0.0,0.0,0.0,1.0,184.0,0.0,0.0,0.0,0.0,1.0,1.0,50.0,50.0,1.0,1.0,1.0,184.0
22.05,441,EV-LAB-001,NORMAL_BASELINE,55.21,55.35,55.02,3.5,26.8,0.0,0.0,4.800000000000001,2.0,3037.0,398.20000000000005,73.2,30.0,0.014,2.1,2.0,2.0,63.0,0.0,0.0,0.0,0.0,0.26,-0.01,2.8000000000000003,1.0,1.0,1.0,1.0,0.0,55.185,0.02499999999999858,29.148240000000005,30.0,0.014,2.1,6.300000000000001,0.05,True,False,False,108.10000000000001,1.0,79.60000000000001,98.0,1.0,1.0,108.2,75.0,2.0,185.0,0.0,0.0,1.0,1.0,12.61,1.0,1.0,1.0,0.0,0.0,0.0,1.0,185.0,0.0,0.0,0.0,0.0,1.0,1.0,50.0,50.0,1.0,1.0,1.0,185.0
22.1,442,EV-LAB-001,NORMAL_BASELINE,55.34,55.59,55.0,3.5,26.0,0.0,0.0,4.800000000000001,2.0,3044.0,398.70000000000005,76.0,31.0,0.01,2.0,2.0,2.0,62.0,0.0,0.0,0.0,0.0,0.26,-0.01,2.7,1.0,1.0,1.0,1.0,0.0,55.295,0.045000000000001705,30.301200000000005,31.0,0.01,2.0,6.2,0.05,True,False,False,107.2,1.0,79.60000000000001,98.0,1.0,1.0,105.7,74.0,2.0,186.0,0.0,0.0,1.0,1.0,12.64,1.0,1.0,1.0,0.0,0.0,0.0,1.0,186.0,0.0,0.0,0.0,0.0,1.0,1.0,50.0,50.0,1.0,1.0,1.0,186.0
22.15,443,EV-LAB-001,NORMAL_BASELINE,55.47,55.660000000000004,55.31,3.5,27.6,0.0,0.0,4.800000000000001,2.0,3051.0,398.90000000000003,75.7,31.0,0.01,2.2,2.0,2.0,63.0,0.0,0.0,0.0,0.0,0.26,-0.02,2.8000000000000003,1.0,1.0,1.0,1.0,0.0,55.485,0.015000000000000568,30.196730000000002,31.0,0.01,2.2,6.300000000000001,0.05,True,False,False,109.10000000000001,1.0,79.60000000000001,98.0,1.0,1.0,109.5,75.0,2.0,187.0,0.0,0.0,1.0,1.0,12.6,1.0,1.0,1.0,0.0,0.0,0.0,1.0,187.0,0.0,0.0,0.0,0.0,1.0,1.0,50.0,50.0,1.0,1.0,1.0,187.0
22.2,444,EV-LAB-001,NORMAL_BASELINE,55.59,55.79,55.29,3.4000000000000004,25.200000000000003,0.0,0.0,4.800000000000001,2.0,3058.0,398.3,74.2,30.0,0.012,1.9000000000000001,2.0,2.0,64.0,0.0,0.0,0.0,0.0,0.26,-0.02,2.7,1.0,1.0,1.0,1.0,0.0,55.54,0.05000000000000426,29.55386,30.0,0.012,1.9000000000000001,6.1000000000000005,0.05,True,False,False,106.10000000000001,1.0,79.60000000000001,98.0,1.0,1.0,106.60000000000001,74.0,2.0,188.0,0.0,0.0,1.0,1.0,12.6,1.0,1.0,1.0,0.0,0.0,0.0,1.0,188.0,0.0,0.0,0.0,0.0,1.0,1.0,50.0,50.0,1.0,1.0,1.0,188.0
22.25,445,EV-LAB-001,NORMAL_BASELINE,55.72,55.99,55.52,3.4000000000000004,26.8,0.0,0.0,4.800000000000001,2.0,3064.0,399.0,75.10000000000001,31.0,0.013000000000000001,1.9000000000000001,2.0,2.0,63.0,0.0,0.0,0.0,0.0,0.26,-0.01,2.7,1.0,1.0,1.0,1.0,0.0,55.755,0.035000000000003695,29.964900000000004,31.0,0.013000000000000001,1.9000000000000001,6.1000000000000005,0.05,True,False,False,108.10000000000001,1.0,79.60000000000001,98.0,1.0,1.0,107.7,75.0,2.0,189.0,0.0,0.0,1.0,1.0,12.57,1.0,1.0,1.0,0.0,0.0,0.0,1.0,189.0,0.0,0.0,0.0,0.0,1.0,1.0,50.0,50.0,1.0,1.0,1.0,189.0
22.3,446,EV-LAB-001,NORMAL_BASELINE,55.84,56.03,55.56,3.4000000000000004,26.400000000000002,0.0,0.0,4.800000000000001,2.0,3071.0,399.1,75.60000000000001,30.0,0.013000000000000001,1.7000000000000002,2.0,2.0,63.0,0.0,0.0,0.0,0.0,0.26,-0.01,2.7,1.0,1.0,1.0,1.0,0.0,55.795,0.045000000000001705,30.171960000000006,30.0,0.013000000000000001,1.7000000000000002,6.1000000000000005,0.05,True,False,False,107.9,1.0,79.60000000000001,98.0,1.0,1.0,109.10000000000001,74.0,2.0,190.0,0.0,0.0,1.0,1.0,12.66,1.0,1.0,1.0,0.0,0.0,0.0,1.0,190.0,0.0,0.0,0.0,0.0,1.0,1.0,50.0,50.0,1.0,1.0,1.0,190.0
22.35,447,EV-LAB-001,NORMAL_BASELINE,55.97,56.02,55.65,3.4000000000000004,25.6,0.0,0.0,4.800000000000001,2.0,3078.0,399.20000000000005,75.60000000000001,31.0,0.014,2.0,2.0,2.0,63.0,0.0,0.0,0.0,0.0,0.26,-0.02,2.8000000000000003,1.0,1.0,1.0,1.0,0.0,55.835,0.134999999999998,30.179520000000007,31.0,0.014,2.0,6.200000000000001,0.05,True,False,False,106.7,1.0,79.60000000000001,98.0,1.0,1.0,105.5,74.0,2.0,191.0,0.0,0.0,1.0,1.0,12.57,1.0,1.0,1.0,0.0,0.0,0.0,1.0,191.0,0.0,0.0,0.0,0.0,1.0,1.0,50.0,50.0,1.0,1.0,1.0,191.0
22.4,448,EV-LAB-001,NORMAL_BASELINE,56.1,56.26,55.93,3.4000000000000004,27.6,0.0,0.0,4.800000000000001,2.0,3085.0,398.70000000000005,76.60000000000001,31.0,0.012,2.0,2.0,2.0,64.0,0.0,0.0,0.0,0.0,0.26,-0.01,2.7,1.0,1.0,1.0,1.0,0.0,56.095,0.005000000000002558,30.540420000000005,31.0,0.012,2.0,6.1000000000000005,0.05,True,False,False,109.0,1.0,79.60000000000001,98.0,1.0,1.0,107.4,75.0,2.0,192.0,0.0,0.0,1.0,1.0,12.64,1.0,1.0,1.0,0.0,0.0,0.0,1.0,192.0,0.0,0.0,0.0,0.0,1.0,1.0,50.0,50.0,1.0,1.0,1.0,192.0
22.45,449,EV-LAB-001,NORMAL_BASELINE,56.22,56.53,56.06,3.4000000000000004,26.400000000000002,0.0,0.0,4.800000000000001,2.0,3092.0,398.90000000000003,74.10000000000001,30.0,0.015,1.8,2.0,2.0,64.0,0.0,0.0,0.0,0.0,0.26,-0.01,2.8000000000000003,1.0,1.0,1.0,1.0,0.0,56.295,0.07500000000000284,29.558490000000006,30.0,0.015,1.8,6.200000000000001,0.05,True,False,False,107.80000000000001,1.0,79.60000000000001,98.0,1.0,1.0,107.9,75.0,2.0,193.0,0.0,0.0,1.0,1.0,12.64,1.0,1.0,1.0,0.0,0.0,0.0,1.0,193.0,0.0,0.0,0.0,0.0,1.0,1.0,50.0,50.0,1.0,1.0,1.0,193.0
22.5,450,EV-LAB-001,NORMAL_BASELINE,56.35,56.53,56.08,3.4000000000000004,28.400000000000002,0.0,0.0,4.800000000000001,2.0,3099.0,399.0,76.0,31.0,0.017,2.0,2.0,2.0,64.0,0.0,0.0,0.0,0.0,0.26,-0.01,2.7,1.0,1.0,1.0,1.0,0.0,56.305,0.045000000000001705,30.324,31.0,0.017,2.0,6.1000000000000005,0.05,True,False,False,110.0,1.0,79.60000000000001,98.0,1.0,1.0,110.30000000000001,74.0,2.0,194.0,0.0,0.0,1.0,1.0,12.58,1.0,1.0,1.0,0.0,0.0,0.0,1.0,194.0,0.0,0.0,0.0,0.0,1.0,1.0,50.0,50.0,1.0,1.0,1.0,194.0
22.55,451,EV-LAB-001,NORMAL_BASELINE,56.47,56.620000000000005,56.18,3.4000000000000004,26.400000000000002,0.0,0.0,4.800000000000001,2.0,3106.0,398.6,75.9,31.0,0.014,2.0,2.0,2.0,63.0,0.0,0.0,0.0,0.0,0.26,-0.02,2.7,1.0,1.0,1.0,1.0,0.0,56.400000000000006,0.06999999999999318,30.253740000000004,31.0,0.014,2.0,6.1000000000000005,0.05,True,False,False,107.80000000000001,1.0,79.60000000000001,98.0,1.0,1.0,106.5,75.0,2.0,195.0,0.0,0.0,1.0,1.0,12.67,1.0,1.0,1.0,0.0,0.0,0.0,1.0,195.0,0.0,0.0,0.0,0.0,1.0,1.0,50.0,50.0,1.0,1.0,1.0,195.0
22.6,452,EV-LAB-001,NORMAL_BASELINE,56.6,56.9,56.42,3.4000000000000004,26.8,0.0,0.0,4.800000000000001,2.0,3113.0,398.40000000000003,75.2,31.0,0.013000000000000001,2.0,2.0,2.0,63.0,0.0,0.0,0.0,0.0,0.25,-0.02,2.7,1.0,1.0,1.0,1.0,0.0,56.66,0.05999999999999517,29.959680000000002,31.0,0.013000000000000001,2.0,6.1000000000000005,0.05,True,False,False,108.30000000000001,1.0,79.60000000000001,98.0,1.0,1.0,107.4,76.0,2.0,196.0,0.0,0.0,1.0,1.0,12.61,1.0,1.0,1.0,0.0,0.0,0.0,1.0,196.0,0.0,0.0,0.0,0.0,1.0,1.0,50.0,50.0,1.0,1.0,1.0,196.0
22.65,453,EV-LAB-001,NORMAL_BASELINE,56.72,56.86,56.57,3.4000000000000004,27.6,0.0,0.0,4.800000000000001,2.0,3120.0,398.90000000000003,75.10000000000001,31.0,0.015,2.2,2.0,2.0,65.0,0.0,0.0,0.0,0.0,0.25,-0.01,2.7,1.0,1.0,1.0,1.0,0.0,56.715,0.0049999999999954525,29.957390000000007,31.0,0.015,2.2,6.1000000000000005,0.05,True,False,False,109.30000000000001,1.0,79.60000000000001,98.0,1.0,1.0,110.2,75.0,2.0,197.0,0.0,0.0,1.0,1.0,12.61,1.0,1.0,1.0,0.0,0.0,0.0,1.0,197.0,0.0,0.0,0.0,0.0,1.0,1.0,50.0,50.0,1.0,1.0,1.0,197.0
22.7,454,EV-LAB-001,NORMAL_BASELINE,56.84,57.19,56.7,3.4000000000000004,26.8,0.0,0.0,4.800000000000001,2.0,3126.0,398.6,75.3,31.0,0.011,2.0,2.0,2.0,64.0,0.0,0.0,0.0,0.0,0.25,-0.01,2.6,1.0,1.0,1.0,1.0,0.0,56.945,0.10499999999999687,30.014580000000002,31.0,0.011,2.0,6.0,0.05,True,False,False,108.2,1.0,79.60000000000001,98.0,1.0,1.0,108.9,75.0,2.0,198.0,0.0,0.0,1.0,1.0,12.51,1.0,1.0,1.0,0.0,0.0,0.0,1.0,198.0,0.0,0.0,0.0,0.0,1.0,1.0,50.0,50.0,1.0,1.0,1.0,198.0
22.75,455,EV-LAB-001,NORMAL_BASELINE,56.97,57.07,56.75,3.3000000000000003,27.6,0.0,0.0,4.800000000000001,2.0,3133.0,398.70000000000005,76.80000000000001,31.0,0.01,1.9000000000000001,2.0,2.0,64.0,0.0,0.0,0.0,0.0,0.25,-0.01,2.6,1.0,1.0,1.0,1.0,0.0,56.91,0.060000000000002274,30.620160000000006,31.0,0.01,1.9000000000000001,5.9,0.05,True,False,False,109.0,1.0,79.60000000000001,98.0,1.0,1.0,112.10000000000001,75.0,2.0,199.0,0.0,0.0,1.0,1.0,12.57,1.0,1.0,1.0,0.0,0.0,0.0,1.0,199.0,0.0,0.0,0.0,0.0,1.0,1.0,50.0,50.0,1.0,1.0,1.0,199.0
22.8,456,EV-LAB-001,NORMAL_BASELINE,57.09,57.300000000000004,56.910000000000004,3.3000000000000003,27.200000000000003,0.0,0.0,4.800000000000001,2.0,3140.0,398.3,75.3,30.0,0.015,1.9000000000000001,2.0,2.0,63.0,0.0,0.0,0.0,0.0,0.25,-0.01,2.8000000000000003,1.0,1.0,1.0,1.0,0.0,57.105000000000004,0.015000000000000568,29.991989999999998,30.0,0.015,1.9000000000000001,6.1000000000000005,0.05,True,False,False,108.4,1.0,79.60000000000001,98.0,1.0,1.0,108.9,76.0,2.0,200.0,0.0,0.0,1.0,1.0,12.51,1.0,1.0,1.0,0.0,0.0,0.0,1.0,200.0,0.0,0.0,0.0,0.0,1.0,1.0,50.0,50.0,1.0,1.0,1.0,200.0
22.85,457,EV-LAB-001,NORMAL_BASELINE,57.21,57.6,56.88,3.3000000000000003,27.6,0.0,0.0,4.800000000000001,2.0,3147.0,399.20000000000005,76.2,31.0,0.01,2.2,2.0,2.0,64.0,0.0,0.0,0.0,0.0,0.25,-0.02,2.7,1.0,1.0,1.0,1.0,0.0,57.24,0.030000000000001137,30.419040000000006,31.0,0.01,2.2,6.0,0.05,True,False,False,109.30000000000001,1.0,79.60000000000001,98.0,1.0,1.0,109.0,75.0,2.0,201.0,0.0,0.0,1.0,1.0,12.57,1.0,1.0,1.0,0.0,0.0,0.0,1.0,201.0,0.0,0.0,0.0,0.0,1.0,1.0,50.0,50.0,1.0,1.0,1.0,201.0
22.9,458,EV-LAB-001,NORMAL_BASELINE,57.33,57.52,57.11,3.3000000000000003,28.0,0.0,0.0,4.800000000000001,2.0,3153.0,399.20000000000005,75.2,30.0,0.015,1.7000000000000002,2.0,2.0,64.0,0.0,0.0,0.0,0.0,0.25,-0.01,2.6,1.0,1.0,1.0,1.0,0.0,57.315,0.015000000000000568,30.019840000000002,30.0,0.015,1.7000000000000002,5.9,0.05,True,False,False,109.5,1.0,79.60000000000001,98.0,1.0,1.0,108.80000000000001,76.0,2.0,202.0,0.0,0.0,1.0,1.0,12.620000000000001,1.0,1.0,1.0,0.0,0.0,0.0,1.0,202.0,0.0,0.0,0.0,0.0,1.0,1.0,50.0,50.0,1.0,1.0,1.0,202.0
22.95,459,EV-LAB-001,NORMAL_BASELINE,57.46,57.730000000000004,57.2,3.3000000000000003,28.8,0.0,0.0,4.800000000000001,2.0,3160.0,399.20000000000005,76.2,31.0,0.012,2.2,2.0,2.0,64.0,0.0,0.0,0.0,0.0,0.25,-0.01,2.7,1.0,1.0,1.0,1.0,0.0,57.465,0.005000000000002558,30.419040000000006,31.0,0.012,2.2,6.0,0.05,True,False,False,110.60000000000001,1.0,79.60000000000001,98.0,1.0,1.0,109.5,75.0,2.0,203.0,0.0,0.0,1.0,1.0,12.58,1.0,1.0,1.0,0.0,0.0,0.0,1.0,203.0,0.0,0.0,0.0,0.0,1.0,1.0,50.0,50.0,1.0,1.0,1.0,203.0
23.0,460,EV-LAB-001,NORMAL_BASELINE,57.58,57.69,57.46,3.3000000000000003,28.400000000000002,0.0,0.0,4.800000000000001,2.0,3167.0,398.5,76.10000000000001,30.0,0.014,2.1,2.0,2.0,64.0,0.0,0.0,0.0,0.0,0.24,-0.01,2.5,1.0,1.0,1.0,1.0,0.0,57.575,0.0049999999999954525,30.325850000000003,30.0,0.014,2.1,5.800000000000001,0.05,True,False,False,110.30000000000001,1.0,79.60000000000001,98.0,1.0,1.0,107.80000000000001,75.0,2.0,204.0,0.0,0.0,1.0,1.0,12.6,1.0,1.0,1.0,0.0,0.0,0.0,1.0,204.0,0.0,0.0,0.0,0.0,1.0,1.0,50.0,50.0,1.0,1.0,1.0,204.0
23.05,461,EV-LAB-001,NORMAL_BASELINE,57.69,58.050000000000004,57.53,3.3000000000000003,28.400000000000002,0.0,0.0,4.800000000000001,2.0,3173.0,398.40000000000003,76.60000000000001,31.0,0.013000000000000001,1.6,2.0,2.0,64.0,0.0,0.0,0.0,0.0,0.24,-0.02,2.5,1.0,1.0,1.0,1.0,0.0,57.790000000000006,0.10000000000000853,30.517440000000008,31.0,0.013000000000000001,1.6,5.800000000000001,0.05,True,False,False,110.30000000000001,1.0,79.60000000000001,98.0,1.0,1.0,111.4,75.0,2.0,205.0,0.0,0.0,1.0,1.0,12.540000000000001,1.0,1.0,1.0,0.0,0.0,0.0,1.0,205.0,0.0,0.0,0.0,0.0,1.0,1.0,50.0,50.0,1.0,1.0,1.0,205.0
23.1,462,EV-LAB-001,NORMAL_BASELINE,57.81,58.13,57.51,3.2,26.8,0.0,0.0,4.800000000000001,2.0,3180.0,398.70000000000005,77.2,31.0,0.009000000000000001,2.0,2.0,2.0,65.0,0.0,0.0,0.0,0.0,0.24,-0.01,2.6,1.0,1.0,1.0,1.0,0.0,57.82,0.00999999999999801,30.779640000000004,31.0,0.009000000000000001,2.0,5.800000000000001,0.05,True,False,False,108.2,1.0,79.60000000000001,98.0,1.0,1.0,108.5,76.0,2.0,206.0,0.0,0.0,1.0,1.0,12.67,1.0,1.0,1.0,0.0,0.0,0.0,1.0,206.0,0.0,0.0,0.0,0.0,1.0,1.0,50.0,50.0,1.0,1.0,1.0,206.0
23.15,463,EV-LAB-001,NORMAL_BASELINE,57.93,58.34,57.67,3.2,29.200000000000003,0.0,0.0,4.800000000000001,2.0,3186.0,398.1,76.2,31.0,0.012,2.0,2.0,2.0,64.0,0.0,0.0,0.0,0.0,0.24,-0.01,2.7,1.0,1.0,1.0,1.0,0.0,58.005,0.07500000000000284,30.33522,31.0,0.012,2.0,5.9,0.05,True,False,False,111.10000000000001,1.0,79.60000000000001,98.0,1.0,1.0,110.10000000000001,75.0,2.0,207.0,0.0,0.0,1.0,1.0,12.620000000000001,1.0,1.0,1.0,0.0,0.0,0.0,1.0,207.0,0.0,0.0,0.0,0.0,1.0,1.0,50.0,50.0,1.0,1.0,1.0,207.0
23.2,464,EV-LAB-001,NORMAL_BASELINE,58.050000000000004,58.300000000000004,57.88,3.2,29.200000000000003,0.0,0.0,4.800000000000001,2.0,3193.0,397.8,78.60000000000001,30.0,0.013000000000000001,2.2,2.0,2.0,65.0,0.0,0.0,0.0,0.0,0.24,-0.02,2.7,1.0,1.0,1.0,1.0,0.0,58.09,0.03999999999999915,31.267080000000007,30.0,0.013000000000000001,2.2,5.9,0.05,True,False,False,111.10000000000001,1.0,79.60000000000001,98.0,1.0,1.0,112.7,76.0,2.0,208.0,0.0,0.0,1.0,1.0,12.67,1.0,1.0,1.0,0.0,0.0,0.0,1.0,208.0,0.0,0.0,0.0,0.0,1.0,1.0,50.0,50.0,1.0,1.0,1.0,208.0
23.25,465,EV-LAB-001,NORMAL_BASELINE,58.160000000000004,58.43,57.9,3.2,29.200000000000003,0.0,0.0,4.800000000000001,2.0,3199.0,399.0,77.60000000000001,30.0,0.01,1.9000000000000001,2.0,2.0,64.0,0.0,0.0,0.0,0.0,0.24,-0.01,2.6,1.0,1.0,1.0,1.0,0.0,58.165,0.0049999999999954525,30.962400000000006,30.0,0.01,1.9000000000000001,5.800000000000001,0.05,True,False,False,110.9,1.0,79.60000000000001,98.0,1.0,1.0,109.30000000000001,76.0,2.0,209.0,0.0,0.0,1.0,1.0,12.63,1.0,1.0,1.0,0.0,0.0,0.0,1.0,209.0,0.0,0.0,0.0,0.0,1.0,1.0,50.0,50.0,1.0,1.0,1.0,209.0
23.3,466,EV-LAB-001,NORMAL_BASELINE,58.28,58.4,57.96,3.2,28.400000000000002,0.0,0.0,4.800000000000001,2.0,3205.0,398.90000000000003,77.7,30.0,0.009000000000000001,1.9000000000000001,2.0,2.0,64.0,0.0,0.0,0.0,0.0,0.23,-0.01,2.6,1.0,1.0,1.0,1.0,0.0,58.18,0.10000000000000142,30.99453,30.0,0.009000000000000001,1.9000000000000001,5.800000000000001,0.05,True,False,False,110.0,1.0,79.60000000000001,98.0,1.0,1.0,110.10000000000001,75.0,2.0,210.0,0.0,0.0,1.0,1.0,12.57,1.0,1.0,1.0,0.0,0.0,0.0,1.0,210.0,0.0,0.0,0.0,0.0,1.0,1.0,50.0,50.0,1.0,1.0,1.0,210.0
23.35,467,EV-LAB-001,NORMAL_BASELINE,58.39,58.67,58.21,3.2,30.8,0.0,0.0,4.800000000000001,2.0,3212.0,399.6,78.10000000000001,30.0,0.01,2.1,2.0,2.0,64.0,0.0,0.0,0.0,0.0,0.23,-0.01,2.6,1.0,1.0,1.0,1.0,0.0,58.44,0.04999999999999716,31.208760000000005,30.0,0.01,2.1,5.800000000000001,0.05,True,False,False,113.0,1.0,79.60000000000001,98.0,1.0,1.0,110.2,76.0,2.0,211.0,0.0,0.0,1.0,1.0,12.58,1.0,1.0,1.0,0.0,0.0,0.0,1.0,211.0,0.0,0.0,0.0,0.0,1.0,1.0,50.0,50.0,1.0,1.0,1.0,211.0
23.4,468,EV-LAB-001,NORMAL_BASELINE,58.5,58.69,58.35,3.1,28.0,0.0,0.0,4.800000000000001,2.0,3218.0,397.8,76.7,31.0,0.011,1.9000000000000001,2.0,2.0,64.0,0.0,0.0,0.0,0.0,0.23,-0.01,2.5,1.0,1.0,1.0,1.0,0.0,58.519999999999996,0.01999999999999602,30.511260000000004,31.0,0.011,1.9000000000000001,5.6,0.05,True,False,False,109.7,1.0,79.60000000000001,98.0,1.0,1.0,109.2,76.0,2.0,212.0,0.0,0.0,1.0,1.0,12.620000000000001,1.0,1.0,1.0,0.0,0.0,0.0,1.0,212.0,0.0,0.0,0.0,0.0,1.0,1.0,50.0,50.0,1.0,1.0,1.0,212.0
23.45,469,EV-LAB-001,NORMAL_BASELINE,58.620000000000005,58.910000000000004,58.43,3.1,28.8,0.0,0.0,4.800000000000001,2.0,3224.0,398.5,79.30000000000001,30.0,0.01,2.0,2.0,2.0,65.0,0.0,0.0,0.0,0.0,0.23,-0.01,2.4000000000000004,1.0,1.0,1.0,1.0,0.0,58.67,0.04999999999999716,31.601050000000004,30.0,0.01,2.0,5.5,0.05,True,False,False,110.4,1.0,79.60000000000001,98.0,1.0,1.0,107.0,76.0,2.0,213.0,0.0,0.0,1.0,1.0,12.58,1.0,1.0,1.0,0.0,0.0,0.0,1.0,213.0,0.0,0.0,0.0,0.0,1.0,1.0,50.0,50.0,1.0,1.0,1.0,213.0
23.5,470,EV-LAB-001,NORMAL_BASELINE,58.730000000000004,59.11,58.52,3.1,28.0,0.0,0.0,4.800000000000001,2.0,3230.0,398.90000000000003,76.9,31.0,0.013000000000000001,2.0,2.0,2.0,63.0,0.0,0.0,0.0,0.0,0.23,-0.01,2.6,1.0,1.0,1.0,1.0,0.0,58.815,0.08499999999999375,30.675410000000003,31.0,0.013000000000000001,2.0,5.7,0.05,True,False,False,109.60000000000001,1.0,79.60000000000001,98.0,1.0,1.0,107.4,77.0,2.0,214.0,0.0,0.0,1.0,1.0,12.65,1.0,1.0,1.0,0.0,0.0,0.0,1.0,214.0,0.0,0.0,0.0,0.0,1.0,1.0,50.0,50.0,1.0,1.0,1.0,214.0
23.55,471,EV-LAB-001,NORMAL_BASELINE,58.84,59.11,58.63,3.1,28.0,0.0,0.0,4.800000000000001,2.0,3236.0,399.1,75.10000000000001,30.0,0.013000000000000001,2.1,2.0,2.0,65.0,0.0,0.0,0.0,0.0,0.22,-0.01,2.5,1.0,1.0,1.0,1.0,0.0,58.870000000000005,0.030000000000001137,29.972410000000004,30.0,0.013000000000000001,2.1,5.6,0.05,True,False,False,109.60000000000001,1.0,79.60000000000001,98.0,1.0,1.0,109.7,76.0,2.0,215.0,0.0,0.0,1.0,1.0,12.64,1.0,1.0,1.0,0.0,0.0,0.0,1.0,215.0,0.0,0.0,0.0,0.0,1.0,1.0,50.0,50.0,1.0,1.0,1.0,215.0
23.6,472,EV-LAB-001,NORMAL_BASELINE,58.94,59.17,58.910000000000004,3.1,30.0,0.0,0.0,4.800000000000001,2.0,3242.0,398.3,77.9,31.0,0.014,1.9000000000000001,2.0,2.0,65.0,0.0,0.0,0.0,0.0,0.22,-0.01,2.4000000000000004,1.0,1.0,1.0,1.0,0.0,59.040000000000006,0.10000000000000853,31.027570000000004,31.0,0.014,1.9000000000000001,5.5,0.05,True,False,False,112.0,1.0,79.60000000000001,98.0,1.0,1.0,111.60000000000001,75.0,2.0,216.0,0.0,0.0,1.0,1.0,12.61,1.0,1.0,1.0,0.0,0.0,0.0,1.0,216.0,0.0,0.0,0.0,0.0,1.0,1.0,50.0,50.0,1.0,1.0,1.0,216.0
23.65,473,EV-LAB-001,NORMAL_BASELINE,59.050000000000004,59.27,58.78,3.1,29.200000000000003,0.0,0.0,4.800000000000001,2.0,3248.0,399.3,78.80000000000001,30.0,0.01,2.2,2.0,2.0,66.0,0.0,0.0,0.0,0.0,0.22,-0.01,2.4000000000000004,1.0,1.0,1.0,1.0,0.0,59.025000000000006,0.02499999999999858,31.464840000000002,30.0,0.01,2.2,5.5,0.05,True,False,False,111.2,1.0,79.60000000000001,98.0,1.0,1.0,110.5,76.0,2.0,217.0,0.0,0.0,1.0,1.0,12.6,1.0,1.0,1.0,0.0,0.0,0.0,1.0,217.0,0.0,0.0,0.0,0.0,1.0,1.0,50.0,50.0,1.0,1.0,1.0,217.0
23.7,474,EV-LAB-001,NORMAL_BASELINE,59.160000000000004,59.300000000000004,58.79,3.1,28.8,0.0,0.0,4.800000000000001,2.0,3254.0,398.40000000000003,77.30000000000001,31.0,0.013000000000000001,2.0,2.0,2.0,66.0,0.0,0.0,0.0,0.0,0.22,-0.01,2.5,1.0,1.0,1.0,1.0,0.0,59.045,0.11500000000000199,30.79632000000001,31.0,0.013000000000000001,2.0,5.6,0.05,True,False,False,110.80000000000001,1.0,79.60000000000001,98.0,1.0,1.0,107.0,76.0,2.0,218.0,0.0,0.0,1.0,1.0,12.64,1.0,1.0,1.0,0.0,0.0,0.0,1.0,218.0,0.0,0.0,0.0,0.0,1.0,1.0,50.0,50.0,1.0,1.0,1.0,218.0
23.75,475,EV-LAB-001,NORMAL_BASELINE,59.26,59.45,59.120000000000005,3.0,29.6,0.0,0.0,4.800000000000001,2.0,3259.0,398.8,77.5,31.0,0.01,2.0,2.0,2.0,65.0,0.0,0.0,0.0,0.0,0.21,-0.01,2.5,1.0,1.0,1.0,1.0,0.0,59.285000000000004,0.025000000000005684,30.907,31.0,0.01,2.0,5.5,0.05,True,False,False,111.4,1.0,79.60000000000001,98.0,1.0,1.0,110.9,75.0,2.0,219.0,0.0,0.0,1.0,1.0,12.63,1.0,1.0,1.0,0.0,0.0,0.0,1.0,219.0,0.0,0.0,0.0,0.0,1.0,1.0,50.0,50.0,1.0,1.0,1.0,219.0
23.8,476,EV-LAB-001,NORMAL_BASELINE,59.36,59.480000000000004,59.22,3.0,30.0,0.0,0.0,4.800000000000001,2.0,3265.0,398.90000000000003,77.5,30.0,0.012,1.8,2.0,2.0,64.0,0.0,0.0,0.0,0.0,0.21,-0.01,2.5,1.0,1.0,1.0,1.0,0.0,59.35,0.00999999999999801,30.914750000000005,30.0,0.012,1.8,5.5,0.05,True,False,False,112.2,1.0,79.60000000000001,98.0,1.0,1.0,113.9,76.0,2.0,220.0,0.0,0.0,1.0,1.0,12.63,1.0,1.0,1.0,0.0,0.0,0.0,1.0,220.0,0.0,0.0,0.0,0.0,1.0,1.0,50.0,50.0,1.0,1.0,1.0,220.0
23.85,477,EV-LAB-001,NORMAL_BASELINE,59.47,59.76,59.160000000000004,3.0,30.0,0.0,0.0,4.800000000000001,2.0,3271.0,398.40000000000003,78.7,30.0,0.011,1.8,2.0,2.0,64.0,0.0,0.0,0.0,0.0,0.21,-0.01,2.4000000000000004,1.0,1.0,1.0,1.0,0.0,59.46,0.00999999999999801,31.354080000000007,30.0,0.011,1.8,5.4,0.05,True,False,False,112.2,1.0,79.60000000000001,98.0,1.0,1.0,112.60000000000001,76.0,2.0,221.0,0.0,0.0,1.0,1.0,12.59,1.0,1.0,1.0,0.0,0.0,0.0,1.0,221.0,0.0,0.0,0.0,0.0,1.0,1.0,50.0,50.0,1.0,1.0,1.0,221.0
23.9,478,EV-LAB-001,NORMAL_BASELINE,59.57,59.660000000000004,59.43,3.0,30.8,0.0,0.0,4.800000000000001,2.0,3276.0,398.90000000000003,78.0,30.0,0.013000000000000001,2.0,2.0,2.0,65.0,0.0,0.0,0.0,0.0,0.21,-0.01,2.4000000000000004,1.0,1.0,1.0,1.0,0.0,59.545,0.02499999999999858,31.114200000000004,30.0,0.013000000000000001,2.0,5.4,0.05,True,False,False,112.9,1.0,79.60000000000001,98.0,1.0,1.0,115.30000000000001,76.0,2.0,222.0,0.0,0.0,1.0,1.0,12.63,1.0,1.0,1.0,0.0,0.0,0.0,1.0,222.0,0.0,0.0,0.0,0.0,1.0,1.0,50.0,50.0,1.0,1.0,1.0,222.0
23.95,479,EV-LAB-001,NORMAL_BASELINE,59.67,60.01,59.53,3.0,29.6,0.0,0.0,4.800000000000001,2.0,3282.0,398.5,78.10000000000001,30.0,0.011,2.1,2.0,2.0,66.0,0.0,0.0,0.0,0.0,0.2,-0.01,2.4000000000000004,1.0,1.0,1.0,1.0,0.0,59.769999999999996,0.09999999999999432,31.122850000000003,30.0,0.011,2.1,5.4,0.05,True,False,False,111.60000000000001,1.0,79.60000000000001,98.0,1.0,1.0,112.2,77.0,2.0,223.0,0.0,0.0,1.0,1.0,12.64,1.0,1.0,1.0,0.0,0.0,0.0,1.0,223.0,0.0,0.0,0.0,0.0,1.0,1.0,50.0,50.0,1.0,1.0,1.0,223.0
24.0,480,EV-LAB-001,NORMAL_BASELINE,59.76,59.980000000000004,59.67,3.0,29.200000000000003,0.0,0.0,4.800000000000001,2.0,3287.0,399.5,77.4,31.0,0.013000000000000001,2.0,2.0,2.0,65.0,0.0,0.0,0.0,0.0,0.2,-0.01,2.4000000000000004,1.0,1.0,1.0,1.0,0.0,59.825,0.06500000000000483,30.921300000000002,31.0,0.013000000000000001,2.0,5.4,0.05,True,False,False,111.2,1.0,79.60000000000001,98.0,1.0,1.0,110.4,76.0,2.0,224.0,0.0,0.0,1.0,1.0,12.59,1.0,1.0,1.0,0.0,0.0,0.0,1.0,224.0,0.0,0.0,0.0,0.0,1.0,1.0,50.0,50.0,1.0,1.0,1.0,224.0
24.05,481,EV-LAB-001,NORMAL_BASELINE,59.86,60.1,59.660000000000004,3.0,28.8,0.0,0.0,4.800000000000001,2.0,3292.0,399.40000000000003,75.4,30.0,0.011,1.7000000000000002,2.0,2.0,64.0,0.0,0.0,0.0,0.0,0.2,-0.01,2.4000000000000004,1.0,1.0,1.0,1.0,0.0,59.88,0.020000000000003126,30.114760000000004,30.0,0.011,1.7000000000000002,5.4,0.05,True,False,False,110.4,1.0,79.60000000000001,98.0,1.0,1.0,110.7,75.0,2.0,225.0,0.0,0.0,1.0,1.0,12.65,1.0,1.0,1.0,0.0,0.0,0.0,1.0,225.0,0.0,0.0,0.0,0.0,1.0,1.0,50.0,50.0,1.0,1.0,1.0,225.0
24.1,482,EV-LAB-001,NORMAL_BASELINE,59.96,60.18,59.68,2.9000000000000004,30.400000000000002,0.0,0.0,4.800000000000001,2.0,3298.0,399.70000000000005,79.0,31.0,0.011,1.9000000000000001,2.0,2.0,64.0,0.0,0.0,0.0,0.0,0.19,-0.01,2.4000000000000004,1.0,1.0,1.0,1.0,0.0,59.93,0.030000000000001137,31.576300000000003,31.0,0.011,1.9000000000000001,5.300000000000001,0.05,True,False,False,112.4,1.0,79.60000000000001,98.0,1.0,1.0,112.5,76.0,2.0,226.0,0.0,0.0,1.0,1.0,12.620000000000001,1.0,1.0,1.0,0.0,0.0,0.0,1.0,226.0,0.0,0.0,0.0,0.0,1.0,1.0,50.0,50.0,1.0,1.0,1.0,226.0
24.15,483,EV-LAB-001,NORMAL_BASELINE,60.050000000000004,60.31,59.800000000000004,2.9000000000000004,30.0,0.0,0.0,4.800000000000001,2.0,3303.0,398.8,78.80000000000001,30.0,0.007,1.7000000000000002,2.0,2.0,65.0,0.0,0.0,0.0,0.0,0.19,-0.01,2.4000000000000004,1.0,1.0,1.0,1.0,0.0,60.05500000000001,0.005000000000002558,31.425440000000005,30.0,0.007,1.7000000000000002,5.300000000000001,0.05,True,False,False,111.9,1.0,79.60000000000001,98.0,1.0,1.0,111.9,77.0,2.0,227.0,0.0,0.0,1.0,1.0,12.59,1.0,1.0,1.0,0.0,0.0,0.0,1.0,227.0,0.0,0.0,0.0,0.0,1.0,1.0,50.0,50.0,1.0,1.0,1.0,227.0
24.2,484,EV-LAB-001,NORMAL_BASELINE,60.14,60.25,59.88,2.9000000000000004,29.200000000000003,0.0,0.0,4.800000000000001,2.0,3308.0,399.40000000000003,77.60000000000001,30.0,0.009000000000000001,1.9000000000000001,2.0,2.0,64.0,0.0,0.0,0.0,0.0,0.19,-0.01,2.3000000000000003,1.0,1.0,1.0,1.0,0.0,60.065,0.07500000000000284,30.993440000000007,30.0,0.009000000000000001,1.9000000000000001,5.200000000000001,0.05,True,False,False,111.10000000000001,1.0,79.60000000000001,98.0,1.0,1.0,109.4,76.0,2.0,228.0,0.0,0.0,1.0,1.0,12.6,1.0,1.0,1.0,0.0,0.0,0.0,1.0,228.0,0.0,0.0,0.0,0.0,1.0,1.0,50.0,50.0,1.0,1.0,1.0,228.0
24.25,485,EV-LAB-001,NORMAL_BASELINE,60.230000000000004,60.39,59.97,2.9000000000000004,28.8,0.0,0.0,4.800000000000001,2.0,3313.0,398.3,77.4,30.0,0.013000000000000001,2.1,2.0,2.0,64.0,0.0,0.0,0.0,0.0,0.19,-0.01,2.2,1.0,1.0,1.0,1.0,0.0,60.18,0.05000000000000426,30.82842,30.0,0.013000000000000001,2.1,5.1000000000000005,0.05,True,False,False,110.80000000000001,1.0,79.60000000000001,98.0,1.0,1.0,111.0,76.0,2.0,229.0,0.0,0.0,1.0,1.0,12.61,1.0,1.0,1.0,0.0,0.0,0.0,1.0,229.0,0.0,0.0,0.0,0.0,1.0,1.0,50.0,50.0,1.0,1.0,1.0,229.0
24.3,486,EV-LAB-001,NORMAL_BASELINE,60.32,60.64,60.09,2.9000000000000004,30.400000000000002,0.0,0.0,4.800000000000001,2.0,3318.0,398.5,79.2,31.0,0.016,1.9000000000000001,2.0,2.0,65.0,0.0,0.0,0.0,0.0,0.18,-0.01,2.3000000000000003,1.0,1.0,1.0,1.0,0.0,60.365,0.045000000000001705,31.5612,31.0,0.016,1.9000000000000001,5.200000000000001,0.05,True,False,False,112.30000000000001,1.0,79.60000000000001,98.0,1.0,1.0,113.2,77.0,2.0,230.0,0.0,0.0,1.0,1.0,12.55,1.0,1.0,1.0,0.0,0.0,0.0,1.0,230.0,0.0,0.0,0.0,0.0,1.0,1.0,50.0,50.0,1.0,1.0,1.0,230.0
24.35,487,EV-LAB-001,NORMAL_BASELINE,60.410000000000004,60.71,60.26,2.9000000000000004,31.200000000000003,0.0,0.0,4.800000000000001,2.0,3323.0,398.6,77.5,31.0,0.008,1.9000000000000001,2.0,2.0,65.0,0.0,0.0,0.0,0.0,0.18,-0.01,2.2,1.0,1.0,1.0,1.0,0.0,60.485,0.07499999999999574,30.8915,31.0,0.008,1.9000000000000001,5.1000000000000005,0.05,True,False,False,113.2,1.0,79.60000000000001,98.0,1.0,1.0,111.30000000000001,76.0,2.0,231.0,0.0,0.0,1.0,1.0,12.540000000000001,1.0,1.0,1.0,0.0,0.0,0.0,1.0,231.0,0.0,0.0,0.0,0.0,1.0,1.0,50.0,50.0,1.0,1.0,1.0,231.0
24.4,488,EV-LAB-001,NORMAL_BASELINE,60.5,60.78,60.34,2.9000000000000004,28.400000000000002,0.0,0.0,4.800000000000001,2.0,3327.0,398.6,77.7,30.0,0.012,2.1,2.0,2.0,65.0,0.0,0.0,0.0,0.0,0.18,-0.01,2.3000000000000003,1.0,1.0,1.0,1.0,0.0,60.56,0.060000000000002274,30.971220000000002,30.0,0.012,2.1,5.200000000000001,0.05,True,False,False,110.0,1.0,79.60000000000001,98.0,1.0,1.0,112.4,76.0,2.0,232.0,0.0,0.0,1.0,1.0,12.66,1.0,1.0,1.0,0.0,0.0,0.0,1.0,232.0,0.0,0.0,0.0,0.0,1.0,1.0,50.0,50.0,1.0,1.0,1.0,232.0
24.45,489,EV-LAB-001,NORMAL_BASELINE,60.58,60.85,60.370000000000005,2.8000000000000003,30.400000000000002,0.0,0.0,4.800000000000001,2.0,3332.0,398.70000000000005,79.4,30.0,0.014,2.3000000000000003,2.0,2.0,65.0,0.0,0.0,0.0,0.0,0.17,0.0,2.3000000000000003,1.0,1.0,1.0,1.0,0.0,60.61,0.030000000000001137,31.656780000000005,30.0,0.014,2.3000000000000003,5.1000000000000005,0.05,True,False,False,112.4,1.0,79.60000000000001,98.0,1.0,1.0,111.9,77.0,2.0,233.0,0.0,0.0,1.0,1.0,12.620000000000001,1.0,1.0,1.0,0.0,0.0,0.0,1.0,233.0,0.0,0.0,0.0,0.0,1.0,1.0,50.0,50.0,1.0,1.0,1.0,233.0
24.5,490,EV-LAB-001,NORMAL_BASELINE,60.660000000000004,60.88,60.38,2.8000000000000003,31.6,0.0,0.0,4.800000000000001,2.0,3337.0,397.90000000000003,80.2,31.0,0.013000000000000001,1.8,2.0,2.0,66.0,0.0,0.0,0.0,0.0,0.17,-0.01,2.2,1.0,1.0,1.0,1.0,0.0,60.63,0.030000000000001137,31.911580000000004,31.0,0.013000000000000001,1.8,5.0,0.05,True,False,False,113.80000000000001,1.0,79.60000000000001,98.0,1.0,1.0,113.10000000000001,76.0,2.0,234.0,0.0,0.0,1.0,1.0,12.58,1.0,1.0,1.0,0.0,0.0,0.0,1.0,234.0,0.0,0.0,0.0,0.0,1.0,1.0,50.0,50.0,1.0,1.0,1.0,234.0
24.55,491,EV-LAB-001,NORMAL_BASELINE,60.75,61.03,60.56,2.8000000000000003,31.200000000000003,0.0,0.0,4.800000000000001,2.0,3341.0,398.5,80.5,30.0,0.012,2.2,2.0,2.0,65.0,0.0,0.0,0.0,0.0,0.17,-0.01,2.2,1.0,1.0,1.0,1.0,0.0,60.795,0.045000000000001705,32.07925,30.0,0.012,2.2,5.0,0.05,True,False,False,113.5,1.0,79.60000000000001,98.0,1.0,1.0,113.0,77.0,2.0,235.0,0.0,0.0,1.0,1.0,12.620000000000001,1.0,1.0,1.0,0.0,0.0,0.0,1.0,235.0,0.0,0.0,0.0,0.0,1.0,1.0,50.0,50.0,1.0,1.0,1.0,235.0
24.6,492,EV-LAB-001,NORMAL_BASELINE,60.83,61.13,60.56,2.8000000000000003,30.8,0.0,0.0,4.800000000000001,2.0,3346.0,398.40000000000003,80.2,31.0,0.013000000000000001,2.0,2.0,2.0,65.0,0.0,0.0,0.0,0.0,0.16,-0.01,2.3000000000000003,1.0,1.0,1.0,1.0,0.0,60.845,0.015000000000000568,31.951680000000003,31.0,0.013000000000000001,2.0,5.1000000000000005,0.05,True,False,False,113.2,1.0,79.60000000000001,98.0,1.0,1.0,115.9,76.0,2.0,236.0,0.0,0.0,1.0,1.0,12.58,1.0,1.0,1.0,0.0,0.0,0.0,1.0,236.0,0.0,0.0,0.0,0.0,1.0,1.0,50.0,50.0,1.0,1.0,1.0,236.0
24.65,493,EV-LAB-001,NORMAL_BASELINE,60.910000000000004,61.160000000000004,60.620000000000005,2.8000000000000003,30.400000000000002,0.0,0.0,4.800000000000001,2.0,3350.0,397.90000000000003,79.2,30.0,0.01,2.1,2.0,2.0,66.0,0.0,0.0,0.0,0.0,0.16,0.0,2.3000000000000003,1.0,1.0,1.0,1.0,0.0,60.89,0.020000000000003126,31.513680000000004,30.0,0.01,2.1,5.1000000000000005,0.05,True,False,False,112.4,1.0,79.60000000000001,98.0,1.0,1.0,113.2,77.0,2.0,237.0,0.0,0.0,1.0,1.0,12.6,1.0,1.0,1.0,0.0,0.0,0.0,1.0,237.0,0.0,0.0,0.0,0.0,1.0,1.0,50.0,50.0,1.0,1.0,1.0,237.0
24.7,494,EV-LAB-001,NORMAL_BASELINE,60.980000000000004,61.27,60.77,2.8000000000000003,31.200000000000003,0.0,0.0,4.800000000000001,2.0,3354.0,398.70000000000005,78.0,30.0,0.009000000000000001,2.2,2.0,2.0,65.0,0.0,0.0,0.0,0.0,0.16,-0.01,2.4000000000000004,1.0,1.0,1.0,1.0,0.0,61.02,0.03999999999999915,31.0986,30.0,0.009000000000000001,2.2,5.200000000000001,0.05,True,False,False,113.5,1.0,79.60000000000001,98.0,1.0,1.0,114.0,77.0,2.0,238.0,0.0,0.0,1.0,1.0,12.540000000000001,1.0,1.0,1.0,0.0,0.0,0.0,1.0,238.0,0.0,0.0,0.0,0.0,1.0,1.0,50.0,50.0,1.0,1.0,1.0,238.0
24.75,495,EV-LAB-001,NORMAL_BASELINE,61.06,61.24,60.85,2.8000000000000003,30.400000000000002,0.0,0.0,4.800000000000001,2.0,3358.0,398.6,76.7,30.0,0.012,1.7000000000000002,2.0,2.0,65.0,0.0,0.0,0.0,0.0,0.16,-0.01,2.3000000000000003,1.0,1.0,1.0,1.0,0.0,61.045,0.015000000000000568,30.572620000000004,30.0,0.012,1.7000000000000002,5.1000000000000005,0.05,True,False,False,112.7,1.0,79.60000000000001,98.0,1.0,1.0,112.30000000000001,77.0,2.0,239.0,0.0,0.0,1.0,1.0,12.56,1.0,1.0,1.0,0.0,0.0,0.0,1.0,239.0,0.0,0.0,0.0,0.0,1.0,1.0,50.0,50.0,1.0,1.0,1.0,239.0
24.8,496,EV-LAB-001,NORMAL_BASELINE,61.14,61.410000000000004,61.03,2.8000000000000003,30.8,0.0,0.0,4.800000000000001,2.0,3362.0,398.70000000000005,78.10000000000001,30.0,0.014,2.1,2.0,2.0,65.0,0.0,0.0,0.0,0.0,0.15,0.0,2.1,1.0,1.0,1.0,1.0,0.0,61.22,0.0799999999999983,31.13847000000001,30.0,0.014,2.1,4.9,0.05,True,False,False,113.0,1.0,79.60000000000001,98.0,1.0,1.0,110.0,77.0,2.0,240.0,0.0,0.0,1.0,1.0,12.540000000000001,1.0,1.0,1.0,0.0,0.0,0.0,1.0,240.0,0.0,0.0,0.0,0.0,1.0,1.0,50.0,50.0,1.0,1.0,1.0,240.0
24.85,497,EV-LAB-001,NORMAL_BASELINE,61.21,61.63,61.19,2.7,30.400000000000002,0.0,0.0,4.800000000000001,2.0,3366.0,398.70000000000005,78.2,31.0,0.013000000000000001,1.9000000000000001,2.0,2.0,65.0,0.0,0.0,0.0,0.0,0.15,0.0,2.2,1.0,1.0,1.0,1.0,0.0,61.41,0.19999999999999574,31.178340000000002,31.0,0.013000000000000001,1.9000000000000001,4.9,0.05,True,False,False,112.60000000000001,1.0,79.60000000000001,98.0,1.0,1.0,112.0,77.0,2.0,241.0,0.0,0.0,1.0,1.0,12.540000000000001,1.0,1.0,1.0,0.0,0.0,0.0,1.0,241.0,0.0,0.0,0.0,0.0,1.0,1.0,50.0,50.0,1.0,1.0,1.0,241.0
24.9,498,EV-LAB-001,NORMAL_BASELINE,61.28,61.57,61.08,2.7,31.200000000000003,0.0,0.0,4.800000000000001,2.0,3370.0,399.20000000000005,79.7,31.0,0.013000000000000001,2.0,2.0,2.0,66.0,0.0,0.0,0.0,0.0,0.15,0.0,2.2,1.0,1.0,1.0,1.0,0.0,61.325,0.045000000000001705,31.816240000000004,31.0,0.013000000000000001,2.0,4.9,0.05,True,False,False,113.2,1.0,79.60000000000001,98.0,1.0,1.0,112.2,76.0,2.0,242.0,0.0,0.0,1.0,1.0,12.59,1.0,1.0,1.0,0.0,0.0,0.0,1.0,242.0,0.0,0.0,0.0,0.0,1.0,1.0,50.0,50.0,1.0,1.0,1.0,242.0
24.95,499,EV-LAB-001,NORMAL_BASELINE,61.35,61.7,61.14,2.7,30.400000000000002,0.0,0.0,4.800000000000001,2.0,3374.0,398.5,79.5,30.0,0.009000000000000001,1.9000000000000001,2.0,2.0,65.0,0.0,0.0,0.0,0.0,0.14,0.0,2.1,1.0,1.0,1.0,1.0,0.0,61.42,0.07000000000000028,31.68075,30.0,0.009000000000000001,1.9000000000000001,4.800000000000001,0.05,True,False,False,112.7,1.0,79.60000000000001,98.0,1.0,1.0,112.30000000000001,76.0,2.0,243.0,0.0,0.0,1.0,1.0,12.6,1.0,1.0,1.0,0.0,0.0,0.0,1.0,243.0,0.0,0.0,0.0,0.0,1.0,1.0,50.0,50.0,1.0,1.0,1.0,243.0
25.0,500,EV-LAB-001,NORMAL_BASELINE,61.42,61.620000000000005,61.31,2.7,32.800000000000004,0.0,0.0,4.800000000000001,2.0,3378.0,398.70000000000005,80.4,31.0,0.014,1.8,2.0,2.0,65.0,0.0,0.0,0.0,0.0,0.14,0.0,2.1,1.0,1.0,1.0,1.0,0.0,61.465,0.045000000000001705,32.05548000000001,31.0,0.014,1.8,4.800000000000001,0.05,True,False,False,115.30000000000001,1.0,79.60000000000001,98.0,1.0,1.0,116.7,77.0,2.0,244.0,0.0,0.0,1.0,1.0,12.64,1.0,1.0,1.0,0.0,0.0,0.0,1.0,244.0,0.0,0.0,0.0,0.0,1.0,1.0,50.0,50.0,1.0,1.0,1.0,244.0
25.05,501,EV-LAB-001,NORMAL_BASELINE,61.49,61.660000000000004,61.24,2.7,30.8,0.0,0.0,4.800000000000001,2.0,3382.0,397.8,80.10000000000001,30.0,0.012,2.0,2.0,2.0,66.0,0.0,0.0,0.0,0.0,0.14,0.0,2.2,1.0,1.0,1.0,1.0,0.0,61.45,0.03999999999999915,31.863780000000006,30.0,0.012,2.0,4.9,0.05,True,False,False,113.2,1.0,79.60000000000001,98.0,1.0,1.0,113.2,77.0,2.0,245.0,0.0,0.0,1.0,1.0,12.65,1.0,1.0,1.0,0.0,0.0,0.0,1.0,245.0,0.0,0.0,0.0,0.0,1.0,1.0,50.0,50.0,1.0,1.0,1.0,245.0
25.1,502,EV-LAB-001,NORMAL_BASELINE,61.550000000000004,61.89,61.44,2.7,32.0,0.0,0.0,4.800000000000001,2.0,3385.0,398.6,77.80000000000001,30.0,0.016,1.9000000000000001,2.0,2.0,66.0,0.0,0.0,0.0,0.0,0.13,0.0,2.1,1.0,1.0,1.0,1.0,0.0,61.665,0.11499999999999488,31.011080000000007,30.0,0.016,1.9000000000000001,4.800000000000001,0.05,True,False,False,114.60000000000001,1.0,79.60000000000001,98.0,1.0,1.0,116.2,77.0,2.0,246.0,0.0,0.0,1.0,1.0,12.64,1.0,1.0,1.0,0.0,0.0,0.0,1.0,246.0,0.0,0.0,0.0,0.0,1.0,1.0,50.0,50.0,1.0,1.0,1.0,246.0
25.15,503,EV-LAB-001,NORMAL_BASELINE,61.620000000000005,61.910000000000004,61.43,2.7,31.6,0.0,0.0,4.800000000000001,2.0,3389.0,398.70000000000005,79.30000000000001,30.0,0.012,2.2,2.0,2.0,66.0,0.0,0.0,0.0,0.0,0.13,0.0,2.3000000000000003,1.0,1.0,1.0,1.0,0.0,61.67,0.04999999999999716,31.616910000000008,30.0,0.012,2.2,5.0,0.05,True,False,False,114.10000000000001,1.0,79.60000000000001,98.0,1.0,1.0,115.7,76.0,2.0,247.0,0.0,0.0,1.0,1.0,12.67,1.0,1.0,1.0,0.0,0.0,0.0,1.0,247.0,0.0,0.0,0.0,0.0,1.0,1.0,50.0,50.0,1.0,1.0,1.0,247.0
25.2,504,EV-LAB-001,NORMAL_BASELINE,61.68,61.89,61.480000000000004,2.7,31.200000000000003,0.0,0.0,4.800000000000001,2.0,3392.0,397.90000000000003,78.60000000000001,30.0,0.01,2.0,2.0,2.0,65.0,0.0,0.0,0.0,0.0,0.13,0.0,2.2,1.0,1.0,1.0,1.0,0.0,61.685,0.005000000000002558,31.274940000000004,30.0,0.01,2.0,4.9,0.05,True,False,False,113.5,1.0,79.60000000000001,98.0,1.0,1.0,114.4,76.0,2.0,248.0,0.0,0.0,1.0,1.0,12.55,1.0,1.0,1.0,0.0,0.0,0.0,1.0,248.0,0.0,0.0,0.0,0.0,1.0,1.0,50.0,50.0,1.0,1.0,1.0,248.0
25.25,505,EV-LAB-001,NORMAL_BASELINE,61.74,61.910000000000004,61.56,2.7,31.6,0.0,0.0,4.800000000000001,2.0,3396.0,398.40000000000003,78.80000000000001,30.0,0.014,1.6,2.0,2.0,66.0,0.0,0.0,0.0,0.0,0.13,0.0,2.2,1.0,1.0,1.0,1.0,0.0,61.735,0.005000000000002558,31.393920000000005,30.0,0.014,1.6,4.9,0.05,True,False,False,113.9,1.0,79.60000000000001,98.0,1.0,1.0,116.30000000000001,77.0,2.0,249.0,0.0,0.0,1.0,1.0,12.56,1.0,1.0,1.0,0.0,0.0,0.0,1.0,249.0,0.0,0.0,0.0,0.0,1.0,1.0,50.0,50.0,1.0,1.0,1.0,249.0
25.3,506,EV-LAB-001,NORMAL_BASELINE,61.800000000000004,61.96,61.480000000000004,2.6,32.800000000000004,0.0,0.0,4.800000000000001,2.0,3399.0,398.40000000000003,80.5,30.0,0.012,1.9000000000000001,2.0,2.0,66.0,0.0,0.0,0.0,0.0,0.12,0.0,2.1,1.0,1.0,1.0,1.0,0.0,61.72,0.0800000000000054,32.071200000000005,30.0,0.012,1.9000000000000001,4.7,0.05,True,False,False,115.2,1.0,79.60000000000001,98.0,1.0,1.0,113.0,77.0,2.0,250.0,0.0,0.0,1.0,1.0,12.620000000000001,1.0,1.0,1.0,0.0,0.0,0.0,1.0,250.0,0.0,0.0,0.0,0.0,1.0,1.0,50.0,50.0,1.0,1.0,1.0,250.0
25.35,507,EV-LAB-001,NORMAL_BASELINE,61.86,62.15,61.75,2.6,32.800000000000004,0.0,0.0,4.800000000000001,2.0,3403.0,399.3,81.0,30.0,0.015,2.1,2.0,2.0,66.0,0.0,0.0,0.0,0.0,0.12,0.0,2.1,1.0,1.0,1.0,1.0,0.0,61.95,0.09000000000000341,32.3433,30.0,0.015,2.1,4.7,0.05,True,False,False,115.5,1.0,79.60000000000001,98.0,1.0,1.0,115.10000000000001,77.0,2.0,251.0,0.0,0.0,1.0,1.0,12.55,1.0,1.0,1.0,0.0,0.0,0.0,1.0,251.0,0.0,0.0,0.0,0.0,1.0,1.0,50.0,50.0,1.0,1.0,1.0,251.0
25.4,508,EV-LAB-001,NORMAL_BASELINE,61.92,62.15,61.74,2.6,31.6,0.0,0.0,4.800000000000001,2.0,3406.0,398.90000000000003,79.2,30.0,0.013000000000000001,2.1,2.0,2.0,66.0,0.0,0.0,0.0,0.0,0.12,0.0,2.1,1.0,1.0,1.0,1.0,0.0,61.945,0.02499999999999858,31.592880000000005,30.0,0.013000000000000001,2.1,4.7,0.05,True,False,False,114.10000000000001,1.0,79.60000000000001,98.0,1.0,1.0,114.7,77.0,2.0,252.0,0.0,0.0,1.0,1.0,12.620000000000001,1.0,1.0,1.0,0.0,0.0,0.0,1.0,252.0,0.0,0.0,0.0,0.0,1.0,1.0,50.0,50.0,1.0,1.0,1.0,252.0
25.45,509,EV-LAB-001,NORMAL_BASELINE,61.980000000000004,62.29,61.82,2.6,32.0,0.0,0.0,4.800000000000001,2.0,3409.0,398.8,80.2,30.0,0.013000000000000001,1.9000000000000001,2.0,2.0,65.0,0.0,0.0,0.0,0.0,0.12,0.0,2.1,1.0,1.0,1.0,1.0,0.0,62.055,0.07499999999999574,31.983760000000004,30.0,0.013000000000000001,1.9000000000000001,4.7,0.05,True,False,False,114.5,1.0,79.60000000000001,98.0,1.0,1.0,113.60000000000001,78.0,2.0,253.0,0.0,0.0,1.0,1.0,12.65,1.0,1.0,1.0,0.0,0.0,0.0,1.0,253.0,0.0,0.0,0.0,0.0,1.0,1.0,50.0,50.0,1.0,1.0,1.0,253.0
25.5,510,EV-LAB-001,NORMAL_BASELINE,62.03,62.32,61.870000000000005,2.6,31.200000000000003,0.0,0.0,4.800000000000001,2.0,3412.0,398.5,79.9,31.0,0.013000000000000001,1.9000000000000001,2.0,2.0,65.0,0.0,0.0,0.0,0.0,0.11,0.0,2.0,1.0,1.0,1.0,1.0,0.0,62.095,0.06499999999999773,31.84015,31.0,0.013000000000000001,1.9000000000000001,4.6,0.05,True,False,False,113.7,1.0,79.60000000000001,98.0,1.0,1.0,113.80000000000001,78.0,2.0,254.0,0.0,0.0,1.0,1.0,12.620000000000001,1.0,1.0,1.0,0.0,0.0,0.0,1.0,254.0,0.0,0.0,0.0,0.0,1.0,1.0,50.0,50.0,1.0,1.0,1.0,254.0
25.55,511,EV-LAB-001,NORMAL_BASELINE,62.09,62.39,61.85,2.6,32.800000000000004,0.0,0.0,4.800000000000001,2.0,3415.0,398.70000000000005,80.0,30.0,0.012,1.9000000000000001,2.0,2.0,66.0,0.0,0.0,0.0,0.0,0.11,0.01,2.1,1.0,1.0,1.0,1.0,0.0,62.120000000000005,0.030000000000001137,31.896000000000004,30.0,0.012,1.9000000000000001,4.7,0.05,True,False,False,115.4,1.0,79.60000000000001,98.0,1.0,1.0,117.30000000000001,77.0,2.0,255.0,0.0,0.0,1.0,1.0,12.59,1.0,1.0,1.0,0.0,0.0,0.0,1.0,255.0,0.0,0.0,0.0,0.0,1.0,1.0,50.0,50.0,1.0,1.0,1.0,255.0
25.6,512,EV-LAB-001,NORMAL_BASELINE,62.14,62.53,61.93,2.6,33.6,0.0,0.0,4.800000000000001,2.0,3418.0,399.1,81.5,30.0,0.011,2.0,2.0,2.0,66.0,0.0,0.0,0.0,0.0,0.11,0.0,2.0,1.0,1.0,1.0,1.0,0.0,62.230000000000004,0.09000000000000341,32.526650000000004,30.0,0.011,2.0,4.6,0.05,True,False,False,116.4,1.0,79.60000000000001,98.0,1.0,1.0,115.5,77.0,2.0,0.0,0.0,0.0,1.0,1.0,12.58,1.0,1.0,1.0,0.0,0.0,0.0,1.0,0.0,0.0,0.0,0.0,0.0,1.0,1.0,50.0,50.0,1.0,1.0,1.0,0.0
25.65,513,EV-LAB-001,NORMAL_BASELINE,62.190000000000005,62.32,61.9,2.6,32.4,0.0,0.0,4.800000000000001,2.0,3421.0,398.5,80.30000000000001,30.0,0.009000000000000001,2.0,2.0,2.0,66.0,0.0,0.0,0.0,0.0,0.11,0.0,2.1,1.0,1.0,1.0,1.0,0.0,62.11,0.0800000000000054,31.999550000000003,30.0,0.009000000000000001,2.0,4.7,0.05,True,False,False,114.80000000000001,1.0,79.60000000000001,98.0,1.0,1.0,113.30000000000001,78.0,2.0,1.0,0.0,0.0,1.0,1.0,12.620000000000001,1.0,1.0,1.0,0.0,0.0,0.0,1.0,1.0,0.0,0.0,0.0,0.0,1.0,1.0,50.0,50.0,1.0,1.0,1.0,1.0
25.7,514,EV-LAB-001,NORMAL_BASELINE,62.24,62.43,62.02,2.6,34.0,0.0,0.0,4.800000000000001,2.0,3423.0,398.40000000000003,80.80000000000001,30.0,0.015,1.9000000000000001,2.0,2.0,66.0,0.0,0.0,0.0,0.0,0.1,0.0,2.1,1.0,1.0,1.0,1.0,0.0,62.225,0.015000000000000568,32.190720000000006,30.0,0.015,1.9000000000000001,4.7,0.05,True,False,False,116.60000000000001,1.0,79.60000000000001,98.0,1.0,1.0,116.2,77.0,2.0,2.0,0.0,0.0,1.0,1.0,12.6,1.0,1.0,1.0,0.0,0.0,0.0,1.0,2.0,0.0,0.0,0.0,0.0,1.0,1.0,50.0,50.0,1.0,1.0,1.0,2.0
25.75,515,EV-LAB-001,NORMAL_BASELINE,62.29,62.440000000000005,62.120000000000005,2.5,33.2,0.0,0.0,4.800000000000001,2.0,3426.0,397.8,81.4,30.0,0.01,2.2,2.0,2.0,66.0,0.0,0.0,0.0,0.0,0.1,0.01,2.0,1.0,1.0,1.0,1.0,0.0,62.28,0.00999999999999801,32.38092,30.0,0.01,2.2,4.5,0.05,True,False,False,115.80000000000001,1.0,79.60000000000001,98.0,1.0,1.0,115.80000000000001,77.0,2.0,3.0,0.0,0.0,1.0,1.0,12.55,1.0,1.0,1.0,0.0,0.0,0.0,1.0,3.0,0.0,0.0,0.0,0.0,1.0,1.0,50.0,50.0,1.0,1.0,1.0,3.0
25.8,516,EV-LAB-001,NORMAL_BASELINE,62.34,62.620000000000005,62.03,2.5,34.0,0.0,0.0,4.800000000000001,2.0,3429.0,398.40000000000003,80.9,30.0,0.009000000000000001,1.9000000000000001,2.0,2.0,66.0,0.0,0.0,0.0,0.0,0.1,0.01,2.0,1.0,1.0,1.0,1.0,0.0,62.325,0.015000000000000568,32.230560000000004,30.0,0.009000000000000001,1.9000000000000001,4.5,0.05,True,False,False,116.7,1.0,79.60000000000001,98.0,1.0,1.0,114.80000000000001,78.0,2.0,4.0,0.0,0.0,1.0,1.0,12.540000000000001,1.0,1.0,1.0,0.0,0.0,0.0,1.0,4.0,0.0,0.0,0.0,0.0,1.0,1.0,50.0,50.0,1.0,1.0,1.0,4.0
25.85,517,EV-LAB-001,NORMAL_BASELINE,62.39,62.730000000000004,62.190000000000005,2.5,33.6,0.0,0.0,4.800000000000001,2.0,3431.0,398.40000000000003,83.5,30.0,0.013000000000000001,1.9000000000000001,2.0,2.0,66.0,0.0,0.0,0.0,0.0,0.1,0.01,2.0,1.0,1.0,1.0,1.0,0.0,62.46000000000001,0.07000000000000739,33.266400000000004,30.0,0.013000000000000001,1.9000000000000001,4.5,0.05,True,False,False,116.10000000000001,1.0,79.60000000000001,98.0,1.0,1.0,116.4,77.0,2.0,5.0,0.0,0.0,1.0,1.0,12.57,1.0,1.0,1.0,0.0,0.0,0.0,1.0,5.0,0.0,0.0,0.0,0.0,1.0,1.0,50.0,50.0,1.0,1.0,1.0,5.0
25.9,518,EV-LAB-001,NORMAL_BASELINE,62.440000000000005,62.61,62.24,2.5,33.2,0.0,0.0,4.800000000000001,2.0,3434.0,398.90000000000003,83.0,30.0,0.014,1.8,2.0,2.0,65.0,0.0,0.0,0.0,0.0,0.09,0.0,2.1,1.0,1.0,1.0,1.0,0.0,62.425,0.015000000000007674,33.108700000000006,30.0,0.014,1.8,4.6,0.05,True,False,False,116.10000000000001,1.0,79.60000000000001,98.0,1.0,1.0,115.10000000000001,77.0,2.0,6.0,0.0,0.0,1.0,1.0,12.58,1.0,1.0,1.0,0.0,0.0,0.0,1.0,6.0,0.0,0.0,0.0,0.0,1.0,1.0,50.0,50.0,1.0,1.0,1.0,6.0
25.95,519,EV-LAB-001,NORMAL_BASELINE,62.480000000000004,62.620000000000005,62.230000000000004,2.5,34.0,0.0,0.0,4.800000000000001,2.0,3436.0,398.6,82.9,30.0,0.014,2.0,2.0,2.0,65.0,0.0,0.0,0.0,0.0,0.09,0.01,2.0,1.0,1.0,1.0,1.0,0.0,62.425000000000004,0.054999999999999716,33.04394,30.0,0.014,2.0,4.5,0.05,True,False,False,116.60000000000001,1.0,79.60000000000001,98.0,1.0,1.0,117.0,77.0,2.0,7.0,0.0,0.0,1.0,1.0,12.49,1.0,1.0,1.0,0.0,0.0,0.0,1.0,7.0,0.0,0.0,0.0,0.0,1.0,1.0,50.0,50.0,1.0,1.0,1.0,7.0
26.0,520,EV-LAB-001,NORMAL_BASELINE,62.53,62.74,62.230000000000004,2.5,32.0,0.0,0.0,4.800000000000001,2.0,3439.0,398.0,78.2,31.0,0.014,1.6,2.0,2.0,66.0,0.0,0.0,0.0,0.0,0.09,0.01,2.0,1.0,1.0,1.0,1.0,0.0,62.485,0.045000000000001705,31.123600000000003,31.0,0.014,1.6,4.5,0.05,True,False,False,114.30000000000001,1.0,79.60000000000001,98.0,1.0,1.0,115.30000000000001,78.0,2.0,8.0,0.0,0.0,1.0,1.0,12.66,1.0,1.0,1.0,0.0,0.0,0.0,1.0,8.0,0.0,0.0,0.0,0.0,1.0,1.0,50.0,50.0,1.0,1.0,1.0,8.0
26.05,521,EV-LAB-001,NORMAL_BASELINE,62.57,62.74,62.38,2.5,34.0,0.0,0.0,4.800000000000001,2.0,3441.0,398.20000000000005,82.2,30.0,0.012,2.2,2.0,2.0,66.0,0.0,0.0,0.0,0.0,0.09,0.01,1.9000000000000001,1.0,1.0,1.0,1.0,0.0,62.56,0.00999999999999801,32.732040000000005,30.0,0.012,2.2,4.4,0.05,True,False,False,116.7,1.0,79.60000000000001,98.0,1.0,1.0,117.9,78.0,2.0,9.0,0.0,0.0,1.0,1.0,12.61,1.0,1.0,1.0,0.0,0.0,0.0,1.0,9.0,0.0,0.0,0.0,0.0,1.0,1.0,50.0,50.0,1.0,1.0,1.0,9.0
26.1,522,EV-LAB-001,NORMAL_BASELINE,62.61,62.940000000000005,62.4,2.4000000000000004,34.4,0.0,0.0,4.800000000000001,2.0,3444.0,398.5,81.7,30.0,0.012,1.8,2.0,2.0,65.0,0.0,0.0,0.0,0.0,0.09,0.01,2.0,1.0,1.0,1.0,1.0,0.0,62.67,0.060000000000002274,32.55745,30.0,0.012,1.8,4.4,0.05,True,False,False,117.10000000000001,1.0,79.60000000000001,98.0,1.0,1.0,118.2,77.0,2.0,10.0,0.0,0.0,1.0,1.0,12.63,1.0,1.0,1.0,0.0,0.0,0.0,1.0,10.0,0.0,0.0,0.0,0.0,1.0,1.0,50.0,50.0,1.0,1.0,1.0,10.0
26.15,523,EV-LAB-001,NORMAL_BASELINE,62.65,62.95,62.49,2.4000000000000004,33.2,0.0,0.0,4.800000000000001,2.0,3446.0,399.3,80.60000000000001,30.0,0.01,1.9000000000000001,2.0,2.0,66.0,0.0,0.0,0.0,0.0,0.08,0.01,2.0,1.0,1.0,1.0,1.0,0.0,62.72,0.07000000000000028,32.183580000000006,30.0,0.01,1.9000000000000001,4.4,0.05,True,False,False,116.0,1.0,79.60000000000001,98.0,1.0,1.0,118.30000000000001,77.0,2.0,11.0,0.0,0.0,1.0,1.0,12.61,1.0,1.0,1.0,0.0,0.0,0.0,1.0,11.0,0.0,0.0,0.0,0.0,1.0,1.0,50.0,50.0,1.0,1.0,1.0,11.0
26.2,524,EV-LAB-001,NORMAL_BASELINE,62.690000000000005,63.01,62.51,2.4000000000000004,35.2,0.0,0.0,4.800000000000001,2.0,3448.0,398.3,83.2,30.0,0.011,1.9000000000000001,2.0,2.0,66.0,0.0,0.0,0.0,0.0,0.08,0.01,1.9000000000000001,1.0,1.0,1.0,1.0,0.0,62.76,0.06999999999999318,33.138560000000005,30.0,0.011,1.9000000000000001,4.300000000000001,0.05,True,False,False,118.4,1.0,79.60000000000001,98.0,1.0,1.0,120.80000000000001,77.0,2.0,12.0,0.0,0.0,1.0,1.0,12.64,1.0,1.0,1.0,0.0,0.0,0.0,1.0,12.0,0.0,0.0,0.0,0.0,1.0,1.0,50.0,50.0,1.0,1.0,1.0,12.0
26.25,525,EV-LAB-001,NORMAL_BASELINE,62.730000000000004,63.09,62.61,2.4000000000000004,34.0,0.0,0.0,4.800000000000001,2.0,3450.0,398.1,83.10000000000001,31.0,0.01,1.8,2.0,2.0,66.0,0.0,0.0,0.0,0.0,0.08,0.01,2.0,1.0,1.0,1.0,1.0,0.0,62.85,0.11999999999999744,33.08211000000001,31.0,0.01,1.8,4.4,0.05,True,False,False,117.0,1.0,79.60000000000001,98.0,1.0,1.0,116.80000000000001,79.0,2.0,13.0,0.0,0.0,1.0,1.0,12.56,1.0,1.0,1.0,0.0,0.0,0.0,1.0,13.0,0.0,0.0,0.0,0.0,1.0,1.0,50.0,50.0,1.0,1.0,1.0,13.0
26.3,526,EV-LAB-001,NORMAL_BASELINE,62.77,63.0,62.620000000000005,2.4000000000000004,35.6,0.0,0.0,4.800000000000001,2.0,3452.0,398.8,84.30000000000001,30.0,0.011,1.8,2.0,2.0,65.0,0.0,0.0,0.0,0.0,0.08,0.01,1.9000000000000001,1.0,1.0,1.0,1.0,0.0,62.81,0.03999999999999915,33.618840000000006,30.0,0.011,1.8,4.300000000000001,0.05,True,False,False,118.7,1.0,79.60000000000001,98.0,1.0,1.0,119.80000000000001,78.0,2.0,14.0,0.0,0.0,1.0,1.0,12.61,1.0,1.0,1.0,0.0,0.0,0.0,1.0,14.0,0.0,0.0,0.0,0.0,1.0,1.0,50.0,50.0,1.0,1.0,1.0,14.0
26.35,527,EV-LAB-001,NORMAL_BASELINE,62.81,63.07,62.58,2.4000000000000004,35.6,0.0,0.0,4.800000000000001,2.0,3455.0,398.3,85.10000000000001,30.0,0.011,2.0,2.0,2.0,66.0,0.0,0.0,0.0,0.0,0.08,0.01,1.9000000000000001,1.0,1.0,1.0,1.0,0.0,62.825,0.015000000000000568,33.89533,30.0,0.011,2.0,4.300000000000001,0.05,True,False,False,118.80000000000001,1.0,79.60000000000001,98.0,1.0,1.0,118.2,78.0,2.0,15.0,0.0,0.0,1.0,1.0,12.6,1.0,1.0,1.0,0.0,0.0,0.0,1.0,15.0,0.0,0.0,0.0,0.0,1.0,1.0,50.0,50.0,1.0,1.0,1.0,15.0
26.4,528,EV-LAB-001,NORMAL_BASELINE,62.85,62.99,62.59,2.3000000000000003,35.2,0.0,0.0,4.800000000000001,2.0,3457.0,398.3,83.2,30.0,0.016,2.0,2.0,2.0,65.0,0.0,0.0,0.0,0.0,0.08,0.01,1.9000000000000001,1.0,1.0,1.0,1.0,0.0,62.790000000000006,0.05999999999999517,33.138560000000005,30.0,0.016,2.0,4.2,0.05,True,False,False,118.4,1.0,79.60000000000001,98.0,1.0,1.0,115.80000000000001,77.0,2.0,16.0,0.0,0.0,1.0,1.0,12.55,1.0,1.0,1.0,0.0,0.0,0.0,1.0,16.0,0.0,0.0,0.0,0.0,1.0,1.0,50.0,50.0,1.0,1.0,1.0,16.0
26.45,529,EV-LAB-001,NORMAL_BASELINE,62.88,63.24,62.67,2.3000000000000003,35.6,0.0,0.0,4.800000000000001,2.0,3459.0,398.40000000000003,83.4,30.0,0.013000000000000001,2.1,2.0,2.0,66.0,0.0,0.0,0.0,0.0,0.08,0.01,1.9000000000000001,1.0,1.0,1.0,1.0,0.0,62.955,0.07499999999999574,33.226560000000006,30.0,0.013000000000000001,2.1,4.2,0.05,True,False,False,118.80000000000001,1.0,79.60000000000001,98.0,1.0,1.0,118.30000000000001,78.0,2.0,17.0,0.0,0.0,1.0,1.0,12.6,1.0,1.0,1.0,0.0,0.0,0.0,1.0,17.0,0.0,0.0,0.0,0.0,1.0,1.0,50.0,50.0,1.0,1.0,1.0,17.0
26.5,530,EV-LAB-001,NORMAL_BASELINE,62.92,63.18,62.83,2.3000000000000003,35.2,0.0,0.0,4.800000000000001,2.0,3461.0,398.6,82.2,30.0,0.018000000000000002,2.0,2.0,2.0,66.0,0.0,0.0,0.0,0.0,0.07,0.01,1.9000000000000001,1.0,1.0,1.0,1.0,0.0,63.004999999999995,0.08499999999999375,32.764920000000004,30.0,0.018000000000000002,2.0,4.2,0.05,True,False,False,118.4,1.0,79.60000000000001,98.0,1.0,1.0,118.0,78.0,2.0,18.0,0.0,0.0,1.0,1.0,12.6,1.0,1.0,1.0,0.0,0.0,0.0,1.0,18.0,0.0,0.0,0.0,0.0,1.0,1.0,50.0,50.0,1.0,1.0,1.0,18.0
26.55,531,EV-LAB-001,NORMAL_BASELINE,62.96,63.190000000000005,62.81,2.3000000000000003,34.800000000000004,0.0,0.0,4.800000000000001,2.0,3463.0,398.70000000000005,83.2,30.0,0.01,1.9000000000000001,2.0,2.0,66.0,0.0,0.0,0.0,0.0,0.07,0.01,1.8,1.0,1.0,1.0,1.0,0.0,63.0,0.03999999999999915,33.17184,30.0,0.01,1.9000000000000001,4.1000000000000005,0.05,True,False,False,118.0,1.0,79.60000000000001,98.0,1.0,1.0,118.10000000000001,78.0,2.0,19.0,0.0,0.0,1.0,1.0,12.61,1.0,1.0,1.0,0.0,0.0,0.0,1.0,19.0,0.0,0.0,0.0,0.0,1.0,1.0,50.0,50.0,1.0,1.0,1.0,19.0
26.6,532,EV-LAB-001,NORMAL_BASELINE,62.99,63.34,62.64,2.3000000000000003,34.0,0.0,0.0,4.800000000000001,2.0,3464.0,399.3,83.10000000000001,30.0,0.013000000000000001,2.1,2.0,2.0,67.0,0.0,0.0,0.0,0.0,0.07,0.01,1.8,1.0,1.0,1.0,1.0,0.0,62.99,0.0,33.181830000000005,30.0,0.013000000000000001,2.1,4.1000000000000005,0.05,True,False,False,116.60000000000001,1.0,79.60000000000001,98.0,1.0,1.0,118.4,77.0,2.0,20.0,0.0,0.0,1.0,1.0,12.56,1.0,1.0,1.0,0.0,0.0,0.0,1.0,20.0,0.0,0.0,0.0,0.0,1.0,1.0,50.0,50.0,1.0,1.0,1.0,20.0
26.65,533,EV-LAB-001,NORMAL_BASELINE,63.03,63.440000000000005,62.82,2.2,36.0,0.0,0.0,4.800000000000001,2.0,3466.0,398.6,82.9,30.0,0.013000000000000001,1.7000000000000002,2.0,2.0,66.0,0.0,0.0,0.0,0.0,0.07,0.01,1.8,1.0,1.0,1.0,1.0,0.0,63.13,0.10000000000000142,33.04394,30.0,0.013000000000000001,1.7000000000000002,4.0,0.05,True,False,False,119.30000000000001,1.0,79.60000000000001,98.0,1.0,1.0,122.0,77.0,2.0,21.0,0.0,0.0,1.0,1.0,12.61,1.0,1.0,1.0,0.0,0.0,0.0,1.0,21.0,0.0,0.0,0.0,0.0,1.0,1.0,50.0,50.0,1.0,1.0,1.0,21.0
26.7,534,EV-LAB-001,NORMAL_BASELINE,63.06,63.27,62.82,2.2,34.800000000000004,0.0,0.0,4.800000000000001,2.0,3468.0,398.8,80.60000000000001,30.0,0.008,2.1,2.0,2.0,66.0,0.0,0.0,0.0,0.0,0.07,0.01,1.8,1.0,1.0,1.0,1.0,0.0,63.045,0.015000000000000568,32.143280000000004,30.0,0.008,2.1,4.0,0.05,True,False,False,117.9,1.0,79.60000000000001,98.0,1.0,1.0,118.4,78.0,2.0,22.0,0.0,0.0,1.0,1.0,12.620000000000001,1.0,1.0,1.0,0.0,0.0,0.0,1.0,22.0,0.0,0.0,0.0,0.0,1.0,1.0,50.0,50.0,1.0,1.0,1.0,22.0
26.75,535,EV-LAB-001,NORMAL_BASELINE,63.09,63.33,62.870000000000005,2.2,34.4,0.0,0.0,4.800000000000001,2.0,3470.0,398.1,82.2,30.0,0.014,1.9000000000000001,2.0,2.0,65.0,0.0,0.0,0.0,0.0,0.07,0.01,1.8,1.0,1.0,1.0,1.0,0.0,63.1,0.00999999999999801,32.72382,30.0,0.014,1.9000000000000001,4.0,0.05,True,False,False,117.5,1.0,79.60000000000001,98.0,1.0,1.0,116.10000000000001,77.0,2.0,23.0,0.0,0.0,1.0,1.0,12.6,1.0,1.0,1.0,0.0,0.0,0.0,1.0,23.0,0.0,0.0,0.0,0.0,1.0,1.0,50.0,50.0,1.0,1.0,1.0,23.0
26.8,536,EV-LAB-001,NORMAL_BASELINE,63.13,63.230000000000004,63.03,2.2,35.2,0.0,0.0,4.800000000000001,2.0,3472.0,398.8,82.10000000000001,30.0,0.016,1.7000000000000002,2.0,2.0,65.0,0.0,0.0,0.0,0.0,0.07,0.01,1.7000000000000002,1.0,1.0,1.0,1.0,0.0,63.13,0.0,32.74148,30.0,0.016,1.7000000000000002,3.9000000000000004,0.05,True,False,False,118.4,1.0,79.60000000000001,98.0,1.0,1.0,119.4,77.0,2.0,24.0,0.0,0.0,1.0,1.0,12.64,1.0,1.0,1.0,0.0,0.0,0.0,1.0,24.0,0.0,0.0,0.0,0.0,1.0,1.0,50.0,50.0,1.0,1.0,1.0,24.0
26.85,537,EV-LAB-001,NORMAL_BASELINE,63.160000000000004,63.43,62.980000000000004,2.2,34.4,0.0,0.0,4.800000000000001,2.0,3474.0,398.3,81.5,30.0,0.012,2.0,2.0,2.0,66.0,0.0,0.0,0.0,0.0,0.07,0.01,1.7000000000000002,1.0,1.0,1.0,1.0,0.0,63.205,0.0449999999999946,32.46145,30.0,0.012,2.0,3.9000000000000004,0.05,True,False,False,117.5,1.0,79.60000000000001,98.0,1.0,1.0,116.60000000000001,77.0,2.0,25.0,0.0,0.0,1.0,1.0,12.620000000000001,1.0,1.0,1.0,0.0,0.0,0.0,1.0,25.0,0.0,0.0,0.0,0.0,1.0,1.0,50.0,50.0,1.0,1.0,1.0,25.0
26.9,538,EV-LAB-001,NORMAL_BASELINE,63.190000000000005,63.45,63.1,2.1,36.0,0.0,0.0,4.800000000000001,2.0,3475.0,398.1,82.0,30.0,0.012,2.0,2.0,2.0,66.0,0.0,0.0,0.0,0.0,0.07,0.01,1.7000000000000002,1.0,1.0,1.0,1.0,0.0,63.275000000000006,0.08500000000000085,32.6442,30.0,0.012,2.0,3.8000000000000003,0.05,True,False,False,119.10000000000001,1.0,79.60000000000001,98.0,1.0,1.0,117.60000000000001,78.0,2.0,26.0,0.0,0.0,1.0,1.0,12.63,1.0,1.0,1.0,0.0,0.0,0.0,1.0,26.0,0.0,0.0,0.0,0.0,1.0,1.0,50.0,50.0,1.0,1.0,1.0,26.0
26.95,539,EV-LAB-001,NORMAL_BASELINE,63.22,63.440000000000005,63.08,2.1,35.2,0.0,0.0,4.800000000000001,2.0,3477.0,400.0,82.80000000000001,30.0,0.009000000000000001,2.0,2.0,2.0,66.0,0.0,0.0,0.0,0.0,0.06,0.01,1.6,1.0,1.0,1.0,1.0,0.0,63.260000000000005,0.04000000000000625,33.120000000000005,30.0,0.009000000000000001,2.0,3.7,0.05,True,False,False,118.4,1.0,79.60000000000001,98.0,1.0,1.0,120.7,78.0,2.0,27.0,0.0,0.0,1.0,1.0,12.67,1.0,1.0,1.0,0.0,0.0,0.0,1.0,27.0,0.0,0.0,0.0,0.0,1.0,1.0,50.0,50.0,1.0,1.0,1.0,27.0
27.0,540,EV-LAB-001,NORMAL_BASELINE,63.25,63.52,62.97,2.1,35.2,0.0,0.0,4.800000000000001,2.0,3479.0,397.90000000000003,82.5,30.0,0.014,2.0,2.0,2.0,65.0,0.0,0.0,0.0,0.0,0.06,0.01,1.7000000000000002,1.0,1.0,1.0,1.0,0.0,63.245000000000005,0.0049999999999954525,32.82675,30.0,0.014,2.0,3.8000000000000003,0.05,True,False,False,118.10000000000001,1.0,79.60000000000001,98.0,1.0,1.0,116.7,79.0,2.0,28.0,0.0,0.0,1.0,1.0,12.61,1.0,1.0,1.0,0.0,0.0,0.0,1.0,28.0,0.0,0.0,0.0,0.0,1.0,1.0,50.0,50.0,1.0,1.0,1.0,28.0
27.05,541,EV-LAB-001,NORMAL_BASELINE,63.28,63.56,62.95,2.0,36.0,0.0,0.0,4.800000000000001,2.0,3481.0,398.8,84.9,30.0,0.011,1.8,2.0,2.0,65.0,0.0,0.0,0.0,0.0,0.06,0.01,1.6,1.0,1.0,1.0,1.0,0.0,63.255,0.02499999999999858,33.85812,30.0,0.011,1.8,3.6,0.05,True,False,False,119.0,1.0,79.60000000000001,98.0,1.0,1.0,117.80000000000001,78.0,2.0,29.0,0.0,0.0,1.0,1.0,12.64,1.0,1.0,1.0,0.0,0.0,0.0,1.0,29.0,0.0,0.0,0.0,0.0,1.0,1.0,50.0,50.0,1.0,1.0,1.0,29.0
27.1,542,EV-LAB-001,NORMAL_BASELINE,63.32,63.7,63.25,2.0,36.0,0.0,0.0,4.800000000000001,2.0,3482.0,398.0,84.30000000000001,30.0,0.014,1.9000000000000001,2.0,2.0,67.0,0.0,0.0,0.0,0.0,0.06,0.02,1.6,1.0,1.0,1.0,1.0,0.0,63.475,0.15500000000000114,33.5514,30.0,0.014,1.9000000000000001,3.6,0.05,True,False,False,119.4,1.0,79.60000000000001,98.0,1.0,1.0,118.2,78.0,2.0,30.0,0.0,0.0,1.0,1.0,12.61,1.0,1.0,1.0,0.0,0.0,0.0,1.0,30.0,0.0,0.0,0.0,0.0,1.0,1.0,50.0,50.0,1.0,1.0,1.0,30.0
27.15,543,EV-LAB-001,NORMAL_BASELINE,63.35,63.64,63.120000000000005,2.0,35.2,0.0,0.0,4.800000000000001,2.0,3484.0,398.0,81.4,30.0,0.012,1.9000000000000001,2.0,2.0,66.0,0.0,0.0,0.0,0.0,0.06,0.01,1.6,1.0,1.0,1.0,1.0,0.0,63.38,0.030000000000001137,32.3972,30.0,0.012,1.9000000000000001,3.6,0.05,True,False,False,118.10000000000001,1.0,79.60000000000001,98.0,1.0,1.0,116.7,78.0,2.0,31.0,0.0,0.0,1.0,1.0,12.620000000000001,1.0,1.0,1.0,0.0,0.0,0.0,1.0,31.0,0.0,0.0,0.0,0.0,1.0,1.0,50.0,50.0,1.0,1.0,1.0,31.0
27.2,544,EV-LAB-001,NORMAL_BASELINE,63.38,63.550000000000004,63.14,1.9000000000000001,36.800000000000004,0.0,0.0,4.800000000000001,2.0,3486.0,399.20000000000005,84.4,30.0,0.012,2.3000000000000003,2.0,2.0,66.0,0.0,0.0,0.0,0.0,0.06,0.01,1.5,1.0,1.0,1.0,1.0,0.0,63.345,0.035000000000003695,33.69248,30.0,0.012,2.3000000000000003,3.4000000000000004,0.05,True,False,False,120.10000000000001,1.0,79.60000000000001,98.0,1.0,1.0,121.30000000000001,78.0,2.0,32.0,0.0,0.0,1.0,1.0,12.63,1.0,1.0,1.0,0.0,0.0,0.0,1.0,32.0,0.0,0.0,0.0,0.0,1.0,1.0,50.0,50.0,1.0,1.0,1.0,32.0
27.25,545,EV-LAB-001,NORMAL_BASELINE,63.410000000000004,63.64,63.18,1.9000000000000001,36.800000000000004,0.0,0.0,4.800000000000001,2.0,3487.0,398.40000000000003,84.4,30.0,0.014,1.9000000000000001,2.0,2.0,67.0,0.0,0.0,0.0,0.0,0.06,0.02,1.6,1.0,1.0,1.0,1.0,0.0,63.41,7.105427357601002e-15,33.62496000000001,30.0,0.014,1.9000000000000001,3.5,0.05,True,False,False,120.10000000000001,1.0,79.60000000000001,98.0,1.0,1.0,122.80000000000001,78.0,2.0,33.0,0.0,0.0,1.0,1.0,12.58,1.0,1.0,1.0,0.0,0.0,0.0,1.0,33.0,0.0,0.0,0.0,0.0,1.0,1.0,50.0,50.0,1.0,1.0,1.0,33.0
27.3,546,EV-LAB-001,NORMAL_BASELINE,63.440000000000005,63.730000000000004,63.28,1.9000000000000001,35.2,0.0,0.0,4.800000000000001,2.0,3489.0,399.1,82.10000000000001,30.0,0.012,2.0,2.0,2.0,66.0,0.0,0.0,0.0,0.0,0.06,0.01,1.5,1.0,1.0,1.0,1.0,0.0,63.505,0.06499999999999773,32.766110000000005,30.0,0.012,2.0,3.4000000000000004,0.05,True,False,False,118.10000000000001,1.0,79.60000000000001,98.0,1.0,1.0,118.4,78.0,2.0,34.0,0.0,0.0,1.0,1.0,12.61,1.0,1.0,1.0,0.0,0.0,0.0,1.0,34.0,0.0,0.0,0.0,0.0,1.0,1.0,50.0,50.0,1.0,1.0,1.0,34.0
27.35,547,EV-LAB-001,NORMAL_BASELINE,63.47,63.6,63.35,1.8,36.800000000000004,0.0,0.0,4.800000000000001,2.0,3491.0,398.0,83.4,30.0,0.016,1.8,2.0,2.0,66.0,0.0,0.0,0.0,0.0,0.06,0.01,1.5,1.0,1.0,1.0,1.0,0.0,63.475,0.005000000000002558,33.193200000000004,30.0,0.016,1.8,3.3,0.05,True,False,False,120.2,1.0,79.60000000000001,98.0,1.0,1.0,119.10000000000001,78.0,2.0,35.0,0.0,0.0,1.0,1.0,12.57,1.0,1.0,1.0,0.0,0.0,0.0,1.0,35.0,0.0,0.0,0.0,0.0,1.0,1.0,50.0,50.0,1.0,1.0,1.0,35.0
27.4,548,EV-LAB-001,NORMAL_BASELINE,63.5,63.64,63.2,1.8,37.2,0.0,0.0,4.800000000000001,2.0,3492.0,397.70000000000005,85.10000000000001,30.0,0.014,1.7000000000000002,2.0,2.0,66.0,0.0,0.0,0.0,0.0,0.06,0.01,1.5,1.0,1.0,1.0,1.0,0.0,63.42,0.0799999999999983,33.84427,30.0,0.014,1.7000000000000002,3.3,0.05,True,False,False,120.80000000000001,1.0,79.60000000000001,98.0,1.0,1.0,119.4,79.0,2.0,36.0,0.0,0.0,1.0,1.0,12.68,1.0,1.0,1.0,0.0,0.0,0.0,1.0,36.0,0.0,0.0,0.0,0.0,1.0,1.0,50.0,50.0,1.0,1.0,1.0,36.0
27.45,549,EV-LAB-001,NORMAL_BASELINE,63.53,63.76,63.440000000000005,1.8,36.0,0.0,0.0,4.800000000000001,2.0,3494.0,398.70000000000005,84.60000000000001,30.0,0.012,2.1,2.0,2.0,67.0,0.0,0.0,0.0,0.0,0.06,0.01,1.5,1.0,1.0,1.0,1.0,0.0,63.6,0.07000000000000028,33.73002,30.0,0.012,2.1,3.3,0.05,True,False,False,119.2,1.0,79.60000000000001,98.0,1.0,1.0,116.9,78.0,2.0,37.0,0.0,0.0,1.0,1.0,12.64,1.0,1.0,1.0,0.0,0.0,0.0,1.0,37.0,0.0,0.0,0.0,0.0,1.0,1.0,50.0,50.0,1.0,1.0,1.0,37.0
27.5,550,EV-LAB-001,NORMAL_BASELINE,63.56,63.77,63.440000000000005,1.7000000000000002,36.0,0.0,0.0,4.800000000000001,2.0,3496.0,398.3,82.0,30.0,0.014,2.1,2.0,2.0,66.0,0.0,0.0,0.0,0.0,0.06,0.01,1.4000000000000001,1.0,1.0,1.0,1.0,0.0,63.605000000000004,0.045000000000001705,32.6606,30.0,0.014,2.1,3.1000000000000005,0.05,True,False,False,119.4,1.0,79.60000000000001,98.0,1.0,1.0,119.5,78.0,2.0,38.0,0.0,0.0,1.0,1.0,12.6,1.0,1.0,1.0,0.0,0.0,0.0,1.0,38.0,0.0,0.0,0.0,0.0,1.0,1.0,50.0,50.0,1.0,1.0,1.0,38.0
27.55,551,EV-LAB-001,NORMAL_BASELINE,63.59,63.9,63.35,1.7000000000000002,37.6,0.0,0.0,4.800000000000001,2.0,3497.0,398.6,87.10000000000001,30.0,0.015,2.0,2.0,2.0,66.0,0.0,0.0,0.0,0.0,0.06,0.01,1.3,1.0,1.0,1.0,1.0,0.0,63.625,0.03499999999999659,34.71806000000001,30.0,0.015,2.0,3.0,0.05,True,False,False,121.0,1.0,79.60000000000001,98.0,1.0,1.0,121.7,78.0,2.0,39.0,0.0,0.0,1.0,1.0,12.6,1.0,1.0,1.0,0.0,0.0,0.0,1.0,39.0,0.0,0.0,0.0,0.0,1.0,1.0,50.0,50.0,1.0,1.0,1.0,39.0
27.6,552,EV-LAB-001,NORMAL_BASELINE,63.620000000000005,63.84,63.52,1.7000000000000002,36.800000000000004,0.0,0.0,4.800000000000001,2.0,3499.0,398.8,84.80000000000001,30.0,0.013000000000000001,2.0,2.0,2.0,66.0,0.0,0.0,0.0,0.0,0.06,0.01,1.3,1.0,1.0,1.0,1.0,0.0,63.68000000000001,0.060000000000002274,33.81824,30.0,0.013000000000000001,2.0,3.0,0.05,True,False,False,120.10000000000001,1.0,79.60000000000001,98.0,1.0,1.0,117.80000000000001,78.0,2.0,40.0,0.0,0.0,1.0,1.0,12.530000000000001,1.0,1.0,1.0,0.0,0.0,0.0,1.0,40.0,0.0,0.0,0.0,0.0,1.0,1.0,50.0,50.0,1.0,1.0,1.0,40.0
27.65,553,EV-LAB-001,NORMAL_BASELINE,63.65,63.95,63.35,1.6,36.0,0.0,0.0,4.800000000000001,2.0,3501.0,398.6,83.60000000000001,30.0,0.009000000000000001,2.1,2.0,2.0,66.0,0.0,0.0,0.0,0.0,0.06,0.01,1.2000000000000002,1.0,1.0,1.0,1.0,0.0,63.650000000000006,7.105427357601002e-15,33.32296000000001,30.0,0.009000000000000001,2.1,2.8000000000000003,0.05,True,False,False,119.4,1.0,79.60000000000001,98.0,1.0,1.0,120.2,78.0,2.0,41.0,0.0,0.0,1.0,1.0,12.620000000000001,1.0,1.0,1.0,0.0,0.0,0.0,1.0,41.0,0.0,0.0,0.0,0.0,1.0,1.0,50.0,50.0,1.0,1.0,1.0,41.0
27.7,554,EV-LAB-001,NORMAL_BASELINE,63.68,63.72,63.6,1.6,36.4,0.0,0.0,4.800000000000001,2.0,3503.0,399.1,82.7,30.0,0.011,2.1,2.0,2.0,66.0,0.0,0.0,0.0,0.0,0.06,0.01,1.3,1.0,1.0,1.0,1.0,0.0,63.66,0.020000000000003126,33.00557,30.0,0.011,2.1,2.9000000000000004,0.05,True,False,False,119.80000000000001,1.0,79.60000000000001,98.0,1.0,1.0,118.9,78.0,2.0,42.0,0.0,0.0,1.0,1.0,12.620000000000001,1.0,1.0,1.0,0.0,0.0,0.0,1.0,42.0,0.0,0.0,0.0,0.0,1.0,1.0,50.0,50.0,1.0,1.0,1.0,42.0
27.75,555,EV-LAB-001,NORMAL_BASELINE,63.71,63.92,63.49,1.5,37.2,0.0,0.0,4.800000000000001,2.0,3504.0,398.6,85.4,30.0,0.014,1.9000000000000001,2.0,2.0,66.0,0.0,0.0,0.0,0.0,0.06,0.02,1.3,1.0,1.0,1.0,1.0,0.0,63.705,0.005000000000002558,34.040440000000004,30.0,0.014,1.9000000000000001,2.8,0.05,True,False,False,120.7,1.0,79.60000000000001,98.0,1.0,1.0,120.4,78.0,2.0,43.0,0.0,0.0,1.0,1.0,12.6,1.0,1.0,1.0,0.0,0.0,0.0,1.0,43.0,0.0,0.0,0.0,0.0,1.0,1.0,50.0,50.0,1.0,1.0,1.0,43.0
27.8,556,EV-LAB-001,NORMAL_BASELINE,63.75,64.04,63.440000000000005,1.5,37.2,0.0,0.0,4.800000000000001,2.0,3506.0,397.6,82.7,30.0,0.013000000000000001,2.3000000000000003,2.0,2.0,67.0,0.0,0.0,0.0,0.0,0.06,0.01,1.2000000000000002,1.0,1.0,1.0,1.0,0.0,63.74000000000001,0.009999999999990905,32.88152,30.0,0.013000000000000001,2.3000000000000003,2.7,0.05,True,False,False,120.5,1.0,79.60000000000001,98.0,1.0,1.0,121.7,78.0,2.0,44.0,0.0,0.0,1.0,1.0,12.69,1.0,1.0,1.0,0.0,0.0,0.0,1.0,44.0,0.0,0.0,0.0,0.0,1.0,1.0,50.0,50.0,1.0,1.0,1.0,44.0
27.85,557,EV-LAB-001,NORMAL_BASELINE,63.78,63.84,63.440000000000005,1.4000000000000001,38.400000000000006,0.0,0.0,4.800000000000001,2.0,3508.0,398.3,86.60000000000001,30.0,0.011,2.1,2.0,2.0,66.0,0.0,0.0,0.0,0.0,0.06,0.01,1.1,1.0,1.0,1.0,1.0,0.0,63.64,0.14000000000000057,34.49278,30.0,0.011,2.1,2.5,0.05,True,False,False,121.9,1.0,79.60000000000001,98.0,1.0,1.0,121.5,78.0,2.0,45.0,0.0,0.0,1.0,1.0,12.65,1.0,1.0,1.0,0.0,0.0,0.0,1.0,45.0,0.0,0.0,0.0,0.0,1.0,1.0,50.0,50.0,1.0,1.0,1.0,45.0
27.9,558,EV-LAB-001,NORMAL_BASELINE,63.81,63.99,63.57,1.4000000000000001,35.2,0.0,0.0,4.800000000000001,2.0,3510.0,398.6,84.0,30.0,0.011,2.0,2.0,2.0,66.0,0.0,0.0,0.0,0.0,0.07,0.01,1.1,1.0,1.0,1.0,1.0,0.0,63.78,0.030000000000001137,33.4824,30.0,0.011,2.0,2.5,0.05,True,False,False,118.10000000000001,1.0,79.60000000000001,98.0,1.0,1.0,115.7,77.0,2.0,46.0,0.0,0.0,1.0,1.0,12.59,1.0,1.0,1.0,0.0,0.0,0.0,1.0,46.0,0.0,0.0,0.0,0.0,1.0,1.0,50.0,50.0,1.0,1.0,1.0,46.0
27.95,559,EV-LAB-001,NORMAL_BASELINE,63.84,64.04,63.690000000000005,1.3,38.800000000000004,0.0,0.0,4.800000000000001,2.0,3511.0,397.70000000000005,84.5,30.0,0.01,2.0,2.0,2.0,66.0,0.0,0.0,0.0,0.0,0.07,0.02,1.1,1.0,1.0,1.0,1.0,0.0,63.86500000000001,0.025000000000005684,33.605650000000004,30.0,0.01,2.0,2.4000000000000004,0.05,True,False,False,122.7,1.0,79.60000000000001,98.0,1.0,1.0,123.5,79.0,2.0,47.0,0.0,0.0,1.0,1.0,12.55,1.0,1.0,1.0,0.0,0.0,0.0,1.0,47.0,0.0,0.0,0.0,0.0,1.0,1.0,50.0,50.0,1.0,1.0,1.0,47.0
28.0,560,EV-LAB-001,NORMAL_BASELINE,63.870000000000005,64.24,63.660000000000004,1.3,37.6,0.0,0.0,4.800000000000001,2.0,3513.0,398.6,86.10000000000001,30.0,0.01,2.0,2.0,2.0,66.0,0.0,0.0,0.0,0.0,0.07,0.01,1.0,1.0,1.0,1.0,1.0,0.0,63.95,0.0799999999999983,34.31946000000001,30.0,0.01,2.0,2.3,0.05,True,False,False,121.2,1.0,79.60000000000001,98.0,1.0,1.0,120.10000000000001,79.0,2.0,48.0,0.0,0.0,1.0,1.0,12.55,1.0,1.0,1.0,0.0,0.0,0.0,1.0,48.0,0.0,0.0,0.0,0.0,1.0,1.0,50.0,50.0,1.0,1.0,1.0,48.0
28.05,561,EV-LAB-001,NORMAL_BASELINE,63.910000000000004,64.11,63.76,1.2000000000000002,37.6,0.0,0.0,4.800000000000001,2.0,3515.0,398.70000000000005,86.10000000000001,30.0,0.013000000000000001,2.2,2.0,2.0,67.0,0.0,0.0,0.0,0.0,0.07,0.01,1.0,1.0,1.0,1.0,1.0,0.0,63.935,0.02499999999999858,34.328070000000004,30.0,0.013000000000000001,2.2,2.2,0.05,True,False,False,121.0,1.0,79.60000000000001,98.0,1.0,1.0,120.60000000000001,78.0,2.0,49.0,0.0,0.0,1.0,1.0,12.52,1.0,1.0,1.0,0.0,0.0,0.0,1.0,49.0,0.0,0.0,0.0,0.0,1.0,1.0,50.0,50.0,1.0,1.0,1.0,49.0
28.1,562,EV-LAB-001,NORMAL_BASELINE,63.940000000000005,64.19,63.77,1.2000000000000002,37.2,0.0,0.0,4.800000000000001,2.0,3517.0,398.70000000000005,85.2,30.0,0.014,1.9000000000000001,2.0,2.0,66.0,0.0,0.0,0.0,0.0,0.07,0.01,0.9,1.0,1.0,1.0,1.0,0.0,63.980000000000004,0.03999999999999915,33.969240000000006,30.0,0.014,1.9000000000000001,2.1,0.05,True,False,False,120.80000000000001,1.0,79.60000000000001,98.0,1.0,1.0,119.7,78.0,2.0,50.0,0.0,0.0,1.0,1.0,12.58,1.0,1.0,1.0,0.0,0.0,0.0,1.0,50.0,0.0,0.0,0.0,0.0,1.0,1.0,50.0,50.0,1.0,1.0,1.0,50.0
28.15,563,EV-LAB-001,NORMAL_BASELINE,63.97,64.3,63.76,1.1,36.0,0.0,0.0,4.800000000000001,2.0,3519.0,398.6,81.7,30.0,0.012,1.8,2.0,2.0,66.0,0.0,0.0,0.0,0.0,0.07,0.02,0.9,1.0,1.0,1.0,1.0,0.0,64.03,0.060000000000002274,32.56562,30.0,0.012,1.8,2.0,0.05,True,False,False,119.4,1.0,79.60000000000001,98.0,1.0,1.0,119.30000000000001,79.0,2.0,51.0,0.0,0.0,1.0,1.0,12.51,1.0,1.0,1.0,0.0,0.0,0.0,1.0,51.0,0.0,0.0,0.0,0.0,1.0,1.0,50.0,50.0,1.0,1.0,1.0,51.0
28.2,564,EV-LAB-001,NORMAL_BASELINE,64.01,64.22,63.78,1.1,36.800000000000004,0.0,0.0,4.800000000000001,2.0,3520.0,398.20000000000005,85.0,30.0,0.012,1.9000000000000001,2.0,2.0,66.0,0.0,0.0,0.0,0.0,0.07,0.01,0.8,1.0,1.0,1.0,1.0,0.0,64.0,0.010000000000005116,33.84700000000001,30.0,0.012,1.9000000000000001,1.9000000000000001,0.05,True,False,False,120.0,1.0,79.60000000000001,98.0,1.0,1.0,120.4,78.0,2.0,52.0,0.0,0.0,1.0,1.0,12.61,1.0,1.0,1.0,0.0,0.0,0.0,1.0,52.0,0.0,0.0,0.0,0.0,1.0,1.0,50.0,50.0,1.0,1.0,1.0,52.0
28.25,565,EV-LAB-001,NORMAL_BASELINE,64.04,64.17,63.84,1.0,39.6,0.0,0.0,4.800000000000001,2.0,3522.0,398.20000000000005,87.30000000000001,30.0,0.01,2.0,2.0,2.0,67.0,0.0,0.0,0.0,0.0,0.07,0.01,0.8,1.0,1.0,1.0,1.0,0.0,64.005,0.0350000000000108,34.76286000000001,30.0,0.01,2.0,1.8,0.05,True,False,False,123.5,1.0,79.60000000000001,98.0,1.0,1.0,122.10000000000001,78.0,2.0,53.0,0.0,0.0,1.0,1.0,12.58,1.0,1.0,1.0,0.0,0.0,0.0,1.0,53.0,0.0,0.0,0.0,0.0,1.0,1.0,50.0,50.0,1.0,1.0,1.0,53.0
28.3,566,EV-LAB-001,NORMAL_BASELINE,64.08,64.28,63.86,0.9,38.800000000000004,0.0,0.0,4.800000000000001,2.0,3524.0,398.1,85.7,30.0,0.009000000000000001,1.8,2.0,2.0,66.0,0.0,0.0,0.0,0.0,0.07,0.01,0.8,1.0,1.0,1.0,1.0,0.0,64.07,0.010000000000005116,34.11717000000001,30.0,0.009000000000000001,1.8,1.7000000000000002,0.05,True,False,False,122.5,1.0,79.60000000000001,98.0,1.0,1.0,121.30000000000001,77.0,2.0,54.0,0.0,0.0,1.0,1.0,12.57,1.0,1.0,1.0,0.0,0.0,0.0,1.0,54.0,0.0,0.0,0.0,0.0,1.0,1.0,50.0,50.0,1.0,1.0,1.0,54.0
28.35,567,EV-LAB-001,NORMAL_BASELINE,64.11,64.51,63.95,0.9,37.2,0.0,0.0,4.800000000000001,2.0,3526.0,398.5,85.7,30.0,0.011,1.7000000000000002,2.0,2.0,66.0,0.0,0.0,0.0,0.0,0.07,0.01,0.7000000000000001,1.0,1.0,1.0,1.0,0.0,64.23,0.12000000000000455,34.151450000000004,30.0,0.011,1.7000000000000002,1.6,0.05,True,False,False,120.9,1.0,79.60000000000001,98.0,1.0,1.0,118.80000000000001,77.0,2.0,55.0,0.0,0.0,1.0,1.0,12.59,1.0,1.0,1.0,0.0,0.0,0.0,1.0,55.0,0.0,0.0,0.0,0.0,1.0,1.0,50.0,50.0,1.0,1.0,1.0,55.0
28.4,568,EV-LAB-001,NORMAL_BASELINE,64.15,64.42,63.84,0.8,36.4,0.0,0.0,4.800000000000001,2.0,3528.0,398.3,83.7,30.0,0.014,2.0,2.0,2.0,67.0,0.0,0.0,0.0,0.0,0.07,0.02,0.6000000000000001,1.0,1.0,1.0,1.0,0.0,64.13,0.020000000000010232,33.33771,30.0,0.014,2.0,1.4000000000000001,0.05,True,False,False,119.60000000000001,1.0,79.60000000000001,98.0,1.0,1.0,118.0,79.0,2.0,56.0,0.0,0.0,1.0,1.0,12.59,1.0,1.0,1.0,0.0,0.0,0.0,1.0,56.0,0.0,0.0,0.0,0.0,1.0,1.0,50.0,50.0,1.0,1.0,1.0,56.0
28.45,569,EV-LAB-001,NORMAL_BASELINE,64.19,64.39,64.03,0.8,38.0,0.0,0.0,4.800000000000001,2.0,3530.0,398.1,83.7,30.0,0.013000000000000001,2.0,2.0,2.0,66.0,0.0,0.0,0.0,0.0,0.08,0.01,0.7000000000000001,1.0,1.0,1.0,1.0,0.0,64.21000000000001,0.020000000000010232,33.32097,30.0,0.013000000000000001,2.0,1.5,0.05,True,False,False,121.4,1.0,79.60000000000001,98.0,1.0,1.0,120.80000000000001,77.0,2.0,57.0,0.0,0.0,1.0,1.0,12.620000000000001,1.0,1.0,1.0,0.0,0.0,0.0,1.0,57.0,0.0,0.0,0.0,0.0,1.0,1.0,50.0,50.0,1.0,1.0,1.0,57.0
28.5,570,EV-LAB-001,NORMAL_BASELINE,64.23,64.62,64.01,0.7000000000000001,37.6,0.0,0.0,4.800000000000001,2.0,3532.0,398.20000000000005,83.5,30.0,0.014,2.0,2.0,2.0,67.0,0.0,0.0,0.0,0.0,0.08,0.02,0.6000000000000001,1.0,1.0,1.0,1.0,0.0,64.315,0.08499999999999375,33.249700000000004,30.0,0.014,2.0,1.3000000000000003,0.05,True,False,False,121.2,1.0,79.60000000000001,98.0,1.0,1.0,119.4,78.0,2.0,58.0,0.0,0.0,1.0,1.0,12.69,1.0,1.0,1.0,0.0,0.0,0.0,1.0,58.0,0.0,0.0,0.0,0.0,1.0,1.0,50.0,50.0,1.0,1.0,1.0,58.0
28.55,571,EV-LAB-001,NORMAL_BASELINE,64.26,64.37,64.11,0.6000000000000001,38.400000000000006,0.0,0.0,4.800000000000001,2.0,3534.0,398.5,87.80000000000001,30.0,0.014,1.8,2.0,2.0,66.0,0.0,0.0,0.0,0.0,0.08,0.02,0.5,1.0,1.0,1.0,1.0,0.0,64.24000000000001,0.01999999999999602,34.9883,30.0,0.014,1.8,1.1,0.05,True,False,False,122.30000000000001,1.0,79.60000000000001,98.0,1.0,1.0,124.60000000000001,78.0,2.0,59.0,0.0,0.0,1.0,1.0,12.63,1.0,1.0,1.0,0.0,0.0,0.0,1.0,59.0,0.0,0.0,0.0,0.0,1.0,1.0,50.0,50.0,1.0,1.0,1.0,59.0
28.6,572,EV-LAB-001,NORMAL_BASELINE,64.3,64.51,64.15,0.6000000000000001,36.800000000000004,0.0,0.0,4.800000000000001,2.0,3537.0,398.70000000000005,84.4,30.0,0.012,1.6,2.0,2.0,67.0,0.0,0.0,0.0,0.0,0.08,0.01,0.5,1.0,1.0,1.0,1.0,0.0,64.33000000000001,0.030000000000015348,33.65028000000001,30.0,0.012,1.6,1.1,0.05,True,False,False,120.30000000000001,1.0,79.60000000000001,98.0,1.0,1.0,120.60000000000001,78.0,2.0,60.0,0.0,0.0,1.0,1.0,12.63,1.0,1.0,1.0,0.0,0.0,0.0,1.0,60.0,0.0,0.0,0.0,0.0,1.0,1.0,50.0,50.0,1.0,1.0,1.0,60.0
28.65,573,EV-LAB-001,NORMAL_BASELINE,64.34,64.7,64.15,0.5,38.800000000000004,0.0,0.0,4.800000000000001,2.0,3539.0,398.3,86.9,30.0,0.015,2.3000000000000003,2.0,2.0,67.0,0.0,0.0,0.0,0.0,0.08,0.02,0.4,1.0,1.0,1.0,1.0,0.0,64.42500000000001,0.08500000000000796,34.61227,30.0,0.015,2.3000000000000003,0.9,0.05,True,False,False,122.80000000000001,1.0,79.60000000000001,98.0,1.0,1.0,122.10000000000001,78.0,2.0,61.0,0.0,0.0,1.0,1.0,12.58,1.0,1.0,1.0,0.0,0.0,0.0,1.0,61.0,0.0,0.0,0.0,0.0,1.0,1.0,50.0,50.0,1.0,1.0,1.0,61.0
28.7,574,EV-LAB-001,NORMAL_BASELINE,64.38,64.61,64.2,0.4,38.800000000000004,0.0,0.0,4.800000000000001,2.0,3541.0,398.3,84.4,30.0,0.011,1.8,2.0,2.0,66.0,0.0,0.0,0.0,0.0,0.08,0.01,0.4,1.0,1.0,1.0,1.0,0.0,64.405,0.025000000000005684,33.61652,30.0,0.011,1.8,0.8,0.05,True,False,False,122.7,1.0,79.60000000000001,98.0,1.0,1.0,123.7,78.0,2.0,62.0,0.0,0.0,1.0,1.0,12.66,1.0,1.0,1.0,0.0,0.0,0.0,1.0,62.0,0.0,0.0,0.0,0.0,1.0,1.0,50.0,50.0,1.0,1.0,1.0,62.0
28.75,575,EV-LAB-001,NORMAL_BASELINE,64.42,64.7,64.15,0.4,37.6,0.0,0.0,4.800000000000001,2.0,3543.0,399.0,87.4,30.0,0.011,2.1,2.0,2.0,67.0,0.0,0.0,0.0,0.0,0.08,0.01,0.2,1.0,1.0,1.0,1.0,0.0,64.42500000000001,0.005000000000009663,34.872600000000006,30.0,0.011,2.1,0.6000000000000001,0.05,True,False,False,121.0,1.0,79.60000000000001,98.0,1.0,1.0,121.2,78.0,2.0,63.0,0.0,0.0,1.0,1.0,12.620000000000001,1.0,1.0,1.0,0.0,0.0,0.0,1.0,63.0,0.0,0.0,0.0,0.0,1.0,1.0,50.0,50.0,1.0,1.0,1.0,63.0
28.8,576,EV-LAB-001,NORMAL_BASELINE,64.46000000000001,64.67,64.34,0.30000000000000004,38.0,0.0,0.0,4.800000000000001,2.0,3545.0,397.70000000000005,86.2,31.0,0.01,2.2,2.0,2.0,66.0,0.0,0.0,0.0,0.0,0.08,0.01,0.2,1.0,1.0,1.0,1.0,0.0,64.505,0.044999999999987494,34.281740000000006,31.0,0.01,2.2,0.5,0.05,True,False,False,121.7,1.0,79.60000000000001,98.0,1.0,1.0,121.30000000000001,78.0,2.0,64.0,0.0,0.0,1.0,1.0,12.57,1.0,1.0,1.0,0.0,0.0,0.0,1.0,64.0,0.0,0.0,0.0,0.0,1.0,1.0,50.0,50.0,1.0,1.0,1.0,64.0
28.85,577,EV-LAB-001,NORMAL_BASELINE,64.5,64.77,64.35,0.2,38.800000000000004,0.0,0.0,4.800000000000001,2.0,3548.0,399.0,87.2,30.0,0.015,1.7000000000000002,2.0,2.0,67.0,0.0,0.0,0.0,0.0,0.08,0.01,0.2,1.0,1.0,1.0,1.0,0.0,64.56,0.060000000000002274,34.7928,30.0,0.015,1.7000000000000002,0.4,0.05,True,False,False,122.80000000000001,1.0,79.60000000000001,98.0,1.0,1.0,121.4,78.0,2.0,65.0,0.0,0.0,1.0,1.0,12.64,1.0,1.0,1.0,0.0,0.0,0.0,1.0,65.0,0.0,0.0,0.0,0.0,1.0,1.0,50.0,50.0,1.0,1.0,1.0,65.0
28.9,578,EV-LAB-001,NORMAL_BASELINE,64.55,64.88,64.42,0.1,38.400000000000006,0.0,0.0,4.800000000000001,2.0,3550.0,398.90000000000003,86.10000000000001,30.0,0.011,2.3000000000000003,2.0,2.0,66.0,0.0,0.0,0.0,0.0,0.09,0.01,0.2,1.0,1.0,1.0,1.0,0.0,64.65,0.10000000000000853,34.345290000000006,30.0,0.011,2.3000000000000003,0.30000000000000004,0.05,True,False,False,122.2,1.0,79.60000000000001,98.0,1.0,1.0,120.0,78.0,2.0,66.0,0.0,0.0,1.0,1.0,12.57,1.0,1.0,1.0,0.0,0.0,0.0,1.0,66.0,0.0,0.0,0.0,0.0,1.0,1.0,50.0,50.0,1.0,1.0,1.0,66.0
28.95,579,EV-LAB-001,NORMAL_BASELINE,64.59,64.83,64.48,0.1,39.2,0.0,0.0,4.800000000000001,2.0,3552.0,398.5,85.7,30.0,0.008,2.2,2.0,2.0,66.0,0.0,0.0,0.0,0.0,0.09,0.01,0.0,1.0,1.0,1.0,1.0,0.0,64.655,0.06499999999999773,34.151450000000004,30.0,0.008,2.2,0.1,0.05,True,False,False,123.0,1.0,79.60000000000001,98.0,1.0,1.0,124.4,78.0,2.0,67.0,0.0,0.0,1.0,1.0,12.57,1.0,1.0,1.0,0.0,0.0,0.0,1.0,67.0,0.0,0.0,0.0,0.0,1.0,1.0,50.0,50.0,1.0,1.0,1.0,67.0
29.0,580,EV-LAB-001,NORMAL_BASELINE,64.63,64.79,64.52,0.0,38.0,0.0,0.0,4.800000000000001,2.0,3555.0,399.0,83.60000000000001,30.0,0.013000000000000001,2.1,2.0,2.0,66.0,0.0,0.0,0.0,0.0,0.09,0.01,0.0,1.0,1.0,1.0,1.0,0.0,64.655,0.025000000000005684,33.3564,30.0,0.013000000000000001,2.1,0.0,0.05,True,False,False,121.5,1.0,79.60000000000001,98.0,1.0,1.0,120.0,79.0,2.0,68.0,0.0,0.0,1.0,1.0,12.51,1.0,1.0,1.0,0.0,0.0,0.0,1.0,68.0,0.0,0.0,0.0,0.0,1.0,1.0,50.0,50.0,1.0,1.0,1.0,68.0
29.05,581,EV-LAB-001,NORMAL_BASELINE,64.68,64.93,64.44,-0.1,39.6,0.0,0.0,4.800000000000001,2.0,3557.0,398.70000000000005,86.5,30.0,0.011,2.1,2.0,2.0,66.0,0.0,0.0,0.0,0.0,0.09,0.01,0.0,1.0,1.0,1.0,1.0,0.0,64.685,0.0049999999999954525,34.487550000000006,30.0,0.011,2.1,0.1,0.05,True,False,False,123.60000000000001,1.0,79.60000000000001,98.0,1.0,1.0,123.0,78.0,2.0,69.0,0.0,0.0,1.0,1.0,12.65,1.0,1.0,1.0,0.0,0.0,0.0,1.0,69.0,0.0,0.0,0.0,0.0,1.0,1.0,50.0,50.0,1.0,1.0,1.0,69.0
29.1,582,EV-LAB-001,NORMAL_BASELINE,64.72,65.0,64.43,-0.2,38.0,0.0,0.0,4.800000000000001,2.0,3560.0,398.3,85.2,30.0,0.011,1.8,2.0,2.0,66.0,0.0,0.0,0.0,0.0,0.09,0.01,-0.1,1.0,1.0,1.0,1.0,0.0,64.715,0.0049999999999954525,33.93516,30.0,0.011,1.8,0.30000000000000004,0.05,True,False,False,121.5,1.0,79.60000000000001,98.0,1.0,1.0,122.60000000000001,78.0,2.0,70.0,0.0,0.0,1.0,1.0,12.59,1.0,1.0,1.0,0.0,0.0,0.0,1.0,70.0,0.0,0.0,0.0,0.0,1.0,1.0,50.0,50.0,1.0,1.0,1.0,70.0
29.15,583,EV-LAB-001,NORMAL_BASELINE,64.77,64.94,64.44,-0.2,38.0,0.0,0.0,4.800000000000001,2.0,3562.0,399.5,87.4,30.0,0.01,2.1,2.0,2.0,66.0,0.0,0.0,0.0,0.0,0.09,0.01,-0.2,1.0,1.0,1.0,1.0,0.0,64.69,0.0799999999999983,34.9163,30.0,0.01,2.1,0.4,0.05,True,False,False,121.4,1.0,79.60000000000001,98.0,1.0,1.0,125.7,78.0,2.0,71.0,0.0,0.0,1.0,1.0,12.56,1.0,1.0,1.0,0.0,0.0,0.0,1.0,71.0,0.0,0.0,0.0,0.0,1.0,1.0,50.0,50.0,1.0,1.0,1.0,71.0
29.2,584,EV-LAB-001,NORMAL_BASELINE,64.81,65.14,64.61,-0.30000000000000004,38.800000000000004,0.0,0.0,4.800000000000001,2.0,3565.0,398.5,85.30000000000001,30.0,0.011,1.9000000000000001,2.0,2.0,67.0,0.0,0.0,0.0,0.0,0.09,0.01,-0.30000000000000004,1.0,1.0,1.0,1.0,0.0,64.875,0.06499999999999773,33.992050000000006,30.0,0.011,1.9000000000000001,0.6000000000000001,0.05,True,False,False,122.4,1.0,79.60000000000001,98.0,1.0,1.0,119.7,79.0,2.0,72.0,0.0,0.0,1.0,1.0,12.59,1.0,1.0,1.0,0.0,0.0,0.0,1.0,72.0,0.0,0.0,0.0,0.0,1.0,1.0,50.0,50.0,1.0,1.0,1.0,72.0
29.25,585,EV-LAB-001,NORMAL_BASELINE,64.86,65.25,64.46000000000001,-0.4,37.6,0.0,0.0,4.800000000000001,2.0,3567.0,398.6,83.9,30.0,0.012,2.0,2.0,2.0,67.0,0.0,0.0,0.0,0.0,0.1,0.01,-0.30000000000000004,1.0,1.0,1.0,1.0,0.0,64.855,0.0049999999999954525,33.44254,30.0,0.012,2.0,0.7000000000000001,0.05,True,False,False,121.30000000000001,1.0,79.60000000000001,98.0,1.0,1.0,117.2,78.0,2.0,73.0,0.0,0.0,1.0,1.0,12.57,1.0,1.0,1.0,0.0,0.0,0.0,1.0,73.0,0.0,0.0,0.0,0.0,1.0,1.0,50.0,50.0,1.0,1.0,1.0,73.0
29.3,586,EV-LAB-001,NORMAL_BASELINE,64.91,65.25,64.81,-0.5,39.6,0.0,0.0,4.800000000000001,2.0,3570.0,398.3,86.7,30.0,0.014,2.0,2.0,2.0,67.0,0.0,0.0,0.0,0.0,0.1,0.01,-0.4,1.0,1.0,1.0,1.0,0.0,65.03,0.12000000000000455,34.53261,30.0,0.014,2.0,0.9,0.05,True,False,False,123.60000000000001,1.0,79.60000000000001,98.0,1.0,1.0,121.7,79.0,2.0,74.0,0.0,0.0,1.0,1.0,12.67,1.0,1.0,1.0,0.0,0.0,0.0,1.0,74.0,0.0,0.0,0.0,0.0,1.0,1.0,50.0,50.0,1.0,1.0,1.0,74.0
29.35,587,EV-LAB-001,NORMAL_BASELINE,64.96000000000001,65.21000000000001,64.75,-0.5,38.0,0.0,0.0,4.800000000000001,2.0,3573.0,399.1,87.0,30.0,0.014,2.1,2.0,2.0,67.0,0.0,0.0,0.0,0.0,0.1,0.01,-0.5,1.0,1.0,1.0,1.0,0.0,64.98,0.01999999999999602,34.721700000000006,30.0,0.014,2.1,1.0,0.05,True,False,False,121.5,1.0,79.60000000000001,98.0,1.0,1.0,117.5,78.0,2.0,75.0,0.0,0.0,1.0,1.0,12.6,1.0,1.0,1.0,0.0,0.0,0.0,1.0,75.0,0.0,0.0,0.0,0.0,1.0,1.0,50.0,50.0,1.0,1.0,1.0,75.0
29.4,588,EV-LAB-001,NORMAL_BASELINE,65.01,65.47,64.88,-0.6000000000000001,40.0,0.0,0.0,4.800000000000001,2.0,3575.0,398.40000000000003,87.0,30.0,0.014,1.9000000000000001,2.0,2.0,66.0,0.0,0.0,0.0,0.0,0.1,0.01,-0.6000000000000001,1.0,1.0,1.0,1.0,0.0,65.175,0.16499999999999204,34.6608,30.0,0.014,1.9000000000000001,1.2000000000000002,0.05,True,False,False,124.10000000000001,1.0,79.60000000000001,98.0,1.0,1.0,123.7,77.0,2.0,76.0,0.0,0.0,1.0,1.0,12.57,1.0,1.0,1.0,0.0,0.0,0.0,1.0,76.0,0.0,0.0,0.0,0.0,1.0,1.0,50.0,50.0,1.0,1.0,1.0,76.0
29.45,589,EV-LAB-001,NORMAL_BASELINE,65.06,65.25,64.72,-0.7000000000000001,40.0,0.0,0.0,4.800000000000001,2.0,3578.0,398.40000000000003,88.10000000000001,30.0,0.013000000000000001,2.2,2.0,2.0,66.0,0.0,0.0,0.0,0.0,0.1,0.01,-0.6000000000000001,1.0,1.0,1.0,1.0,0.0,64.985,0.07500000000000284,35.09904000000001,30.0,0.013000000000000001,2.2,1.3000000000000003,0.05,True,False,False,123.80000000000001,1.0,79.60000000000001,98.0,1.0,1.0,122.2,79.0,2.0,77.0,0.0,0.0,1.0,1.0,12.56,1.0,1.0,1.0,0.0,0.0,0.0,1.0,77.0,0.0,0.0,0.0,0.0,1.0,1.0,50.0,50.0,1.0,1.0,1.0,77.0
29.5,590,EV-LAB-001,NORMAL_BASELINE,65.11,65.46000000000001,64.92,-0.8,39.2,0.0,0.0,4.800000000000001,2.0,3581.0,398.70000000000005,87.10000000000001,30.0,0.01,1.9000000000000001,2.0,2.0,67.0,0.0,0.0,0.0,0.0,0.1,0.01,-0.7000000000000001,1.0,1.0,1.0,1.0,0.0,65.19,0.0799999999999983,34.72677,30.0,0.01,1.9000000000000001,1.5,0.05,True,False,False,122.9,1.0,79.60000000000001,98.0,1.0,1.0,120.2,79.0,2.0,78.0,0.0,0.0,1.0,1.0,12.63,1.0,1.0,1.0,0.0,0.0,0.0,1.0,78.0,0.0,0.0,0.0,0.0,1.0,1.0,50.0,50.0,1.0,1.0,1.0,78.0
29.55,591,EV-LAB-001,NORMAL_BASELINE,65.16,65.42,64.91,-0.9,38.400000000000006,0.0,0.0,4.800000000000001,2.0,3584.0,398.70000000000005,84.2,30.0,0.012,1.9000000000000001,2.0,2.0,67.0,0.0,0.0,0.0,0.0,0.1,0.01,-0.7000000000000001,1.0,1.0,1.0,1.0,0.0,65.16499999999999,0.0049999999999954525,33.57054000000001,30.0,0.012,1.9000000000000001,1.6,0.05,True,False,False,121.9,1.0,79.60000000000001,98.0,1.0,1.0,121.2,78.0,2.0,79.0,0.0,0.0,1.0,1.0,12.65,1.0,1.0,1.0,0.0,0.0,0.0,1.0,79.0,0.0,0.0,0.0,0.0,1.0,1.0,50.0,50.0,1.0,1.0,1.0,79.0
29.6,592,EV-LAB-001,NORMAL_BASELINE,65.21000000000001,65.62,64.97,-1.0,39.6,0.0,0.0,4.800000000000001,2.0,3586.0,398.6,86.0,30.0,0.013000000000000001,2.1,2.0,2.0,67.0,0.0,0.0,0.0,0.0,0.1,0.01,-0.7000000000000001,1.0,1.0,1.0,1.0,0.0,65.295,0.08499999999999375,34.2796,30.0,0.013000000000000001,2.1,1.7000000000000002,0.05,True,False,False,123.5,1.0,79.60000000000001,98.0,1.0,1.0,125.30000000000001,79.0,2.0,80.0,0.0,0.0,1.0,1.0,12.59,1.0,1.0,1.0,0.0,0.0,0.0,1.0,80.0,0.0,0.0,0.0,0.0,1.0,1.0,50.0,50.0,1.0,1.0,1.0,80.0
29.65,593,EV-LAB-001,NORMAL_BASELINE,65.26,65.6,65.05,-1.0,37.6,0.0,0.0,4.800000000000001,2.0,3589.0,398.90000000000003,84.7,30.0,0.011,2.0,2.0,2.0,66.0,0.0,0.0,0.0,0.0,0.11,0.01,-0.8,1.0,1.0,1.0,1.0,0.0,65.32499999999999,0.06499999999998352,33.78683,30.0,0.011,2.0,1.8,0.05,True,False,False,121.0,1.0,79.60000000000001,98.0,1.0,1.0,122.7,78.0,2.0,81.0,0.0,0.0,1.0,1.0,12.620000000000001,1.0,1.0,1.0,0.0,0.0,0.0,1.0,81.0,0.0,0.0,0.0,0.0,1.0,1.0,50.0,50.0,1.0,1.0,1.0,81.0
29.7,594,EV-LAB-001,NORMAL_BASELINE,65.31,65.53,65.02,-1.1,38.800000000000004,0.0,0.0,4.800000000000001,2.0,3592.0,399.1,86.80000000000001,30.0,0.013000000000000001,1.9000000000000001,2.0,2.0,67.0,0.0,0.0,0.0,0.0,0.11,0.01,-0.9,1.0,1.0,1.0,1.0,0.0,65.275,0.03499999999999659,34.64188000000001,30.0,0.013000000000000001,1.9000000000000001,2.0,0.05,True,False,False,122.5,1.0,79.60000000000001,98.0,1.0,1.0,122.2,80.0,2.0,82.0,0.0,0.0,1.0,1.0,12.59,1.0,1.0,1.0,0.0,0.0,0.0,1.0,82.0,0.0,0.0,0.0,0.0,1.0,1.0,50.0,50.0,1.0,1.0,1.0,82.0
29.75,595,EV-LAB-001,NORMAL_BASELINE,65.36,65.63,65.24,-1.2000000000000002,40.0,0.0,0.0,4.800000000000001,2.0,3595.0,397.90000000000003,88.10000000000001,30.0,0.012,2.0,2.0,2.0,66.0,0.0,0.0,0.0,0.0,0.11,0.01,-0.9,1.0,1.0,1.0,1.0,0.0,65.435,0.07500000000000284,35.054990000000004,30.0,0.012,2.0,2.1,0.05,True,False,False,123.80000000000001,1.0,79.60000000000001,98.0,1.0,1.0,124.4,79.0,2.0,83.0,0.0,0.0,1.0,1.0,12.55,1.0,1.0,1.0,0.0,0.0,0.0,1.0,83.0,0.0,0.0,0.0,0.0,1.0,1.0,50.0,50.0,1.0,1.0,1.0,83.0
29.8,596,EV-LAB-001,NORMAL_BASELINE,65.42,65.79,65.27,-1.3,39.6,0.0,0.0,4.800000000000001,2.0,3598.0,398.1,84.9,30.0,0.011,2.3000000000000003,2.0,2.0,66.0,0.0,0.0,0.0,0.0,0.11,0.01,-1.0,1.0,1.0,1.0,1.0,0.0,65.53,0.10999999999999943,33.79869,30.0,0.011,2.3000000000000003,2.3,0.05,True,False,False,123.60000000000001,1.0,79.60000000000001,98.0,1.0,1.0,124.9,80.0,2.0,84.0,0.0,0.0,1.0,1.0,12.6,1.0,1.0,1.0,0.0,0.0,0.0,1.0,84.0,0.0,0.0,0.0,0.0,1.0,1.0,50.0,50.0,1.0,1.0,1.0,84.0
29.85,597,EV-LAB-001,NORMAL_BASELINE,65.47,65.7,65.25,-1.4000000000000001,39.2,0.0,0.0,4.800000000000001,2.0,3601.0,398.3,85.30000000000001,30.0,0.013000000000000001,2.1,2.0,2.0,67.0,0.0,0.0,0.0,0.0,0.11,0.01,-1.1,1.0,1.0,1.0,1.0,0.0,65.475,0.0049999999999954525,33.974990000000005,30.0,0.013000000000000001,2.1,2.5,0.05,True,False,False,122.9,1.0,79.60000000000001,98.0,1.0,1.0,122.80000000000001,79.0,2.0,85.0,0.0,0.0,1.0,1.0,12.6,1.0,1.0,1.0,0.0,0.0,0.0,1.0,85.0,0.0,0.0,0.0,0.0,1.0,1.0,50.0,50.0,1.0,1.0,1.0,85.0
29.9,598,EV-LAB-001,NORMAL_BASELINE,65.53,65.85,65.31,-1.5,40.0,0.0,0.0,4.800000000000001,2.0,3604.0,398.3,88.60000000000001,30.0,0.012,1.9000000000000001,2.0,2.0,66.0,0.0,0.0,0.0,0.0,0.11,0.01,-1.1,1.0,1.0,1.0,1.0,0.0,65.58,0.04999999999999716,35.28938,30.0,0.012,1.9000000000000001,2.6,0.05,True,False,False,124.0,1.0,79.60000000000001,98.0,1.0,1.0,126.2,78.0,2.0,86.0,0.0,0.0,1.0,1.0,12.58,1.0,1.0,1.0,0.0,0.0,0.0,1.0,86.0,0.0,0.0,0.0,0.0,1.0,1.0,50.0,50.0,1.0,1.0,1.0,86.0
29.95,599,EV-LAB-001,NORMAL_BASELINE,65.58,65.87,65.35,-1.6,38.800000000000004,0.0,0.0,4.800000000000001,2.0,3607.0,399.0,85.5,30.0,0.01,1.9000000000000001,2.0,2.0,67.0,0.0,0.0,0.0,0.0,0.11,0.01,-1.3,1.0,1.0,1.0,1.0,0.0,65.61,0.030000000000001137,34.1145,30.0,0.01,1.9000000000000001,2.9000000000000004,0.05,True,False,False,122.5,1.0,79.60000000000001,98.0,1.0,1.0,124.5,79.0,2.0,87.0,0.0,0.0,1.0,1.0,12.6,1.0,1.0,1.0,0.0,0.0,0.0,1.0,87.0,0.0,0.0,0.0,0.0,1.0,1.0,50.0,50.0,1.0,1.0,1.0,87.0
