scenario_id,window_index,feature_z_rms,feature_z_max,diagonal_mahalanobis,temporal_delta_rms,corrected_ood_score,corrected_ood_flag,ood_statistical_feature_count,ood_excluded_feature_count
S00_NORMAL_BASELINE,0,0.0995181222396125,0.1738316799721709,0.14073987817316352,0.009878426078661845,1.0224193081041815,True,2,57
S00_NORMAL_BASELINE,1,0.10824429860271077,0.20156463773006592,0.15308055513351662,0.009851501044939651,1.0196325610930972,True,2,57
S00_NORMAL_BASELINE,2,0.1229078145756462,0.22917424652832613,0.17381789829451644,0.009821118440573342,1.016487954747183,True,2,57
S00_NORMAL_BASELINE,3,0.14162371189786735,0.2566399482070124,0.20028617411958388,0.009786586400144223,1.0129138808408924,True,2,57
S00_NORMAL_BASELINE,4,0.16294460692271945,0.28392062644624644,0.23043847302566275,0.009747240839334922,1.0088416064988783,True,2,57
S00_NORMAL_BASELINE,5,0.1859230355216163,0.3110368394059674,0.2629348783922445,0.009703739808095102,1.0043392400380808,True,2,57
S00_NORMAL_BASELINE,6,0.20996142564775025,0.3379680289262361,0.2969302957262386,0.009656097837705956,0.9994082854493525,False,2,57
S00_NORMAL_BASELINE,7,0.2346793803751137,0.3646936368471135,0.3318867625358002,0.009604334296370925,0.9940507473460808,False,2,57
S00_NORMAL_BASELINE,8,0.25983279078634736,0.39123422132853863,0.3674590566793034,0.00954838381550167,0.988259860064755,False,2,57
S00_NORMAL_BASELINE,9,0.285250381460063,0.4175281078906941,0.40340495813291993,0.009487641340550005,0.9819730003243387,False,2,57
S00_NORMAL_BASELINE,10,0.31081577553013245,0.4435958546935191,0.43955988515422484,0.009423465941919871,0.9753308322155483,False,2,57
S00_NORMAL_BASELINE,11,0.33644853258203283,0.46945801989695274,0.47581007781803697,0.009355058423363547,0.9682506387480323,False,2,57
S00_NORMAL_BASELINE,12,0.3620809451961603,0.4950529290211776,0.5120597833732793,0.009283275516777215,0.9608210918646237,False,2,57
S00_NORMAL_BASELINE,13,0.3876661336398397,0.5204011402261328,0.5482427038662021,0.009207311256903872,0.9529587739809968,False,2,57
S00_NORMAL_BASELINE,14,0.4131613715546579,0.5454615371919401,0.5842984151012667,0.009126531278114816,0.9445980281127273,False,2,57
S00_NORMAL_BASELINE,15,0.4385326589741022,0.5702341199185995,0.6201788338647107,0.009042351634914531,0.9358854162176803,False,2,57
S00_NORMAL_BASELINE,16,0.4637581317294954,0.5947600047259892,0.6558530395526608,0.008955325898599988,0.9268782330488788,False,2,57
S00_NORMAL_BASELINE,17,0.4888078703785561,0.6189364008144137,0.6912787196840638,0.008862877163360715,0.9173097682787049,False,2,57
S00_NORMAL_BASELINE,18,0.5136653912899566,0.6428455408236293,0.7264325628839393,0.008768301770462665,0.9075211939652952,False,2,57
S00_NORMAL_BASELINE,19,0.5383133260299386,0.666446308433758,0.7612900064777088,0.00866953129767885,0.8972984279456268,False,2,57
S00_NORMAL_BASELINE,20,0.562735143972725,0.6897387036447996,0.7958276726302038,0.008568731314711718,0.8868656071681563,False,2,57
S00_NORMAL_BASELINE,21,0.586911184343721,0.7126404938169976,0.830017756807346,0.008462551336111413,0.8758759556396057,False,2,57
S00_NORMAL_BASELINE,22,0.6108326770809895,0.7352544697500476,0.8638478562686006,0.008353411800943851,0.8645799893445432,False,2,57
S00_NORMAL_BASELINE,23,0.6344821841749176,0.7574983988041932,0.8972933099442725,0.00824092604718709,0.8529376886772345,False,2,57
S00_NORMAL_BASELINE,24,0.6578492418222796,0.7793928391393735,0.9303393197819256,0.008124946629471046,0.8409337930089048,False,2,57
S00_NORMAL_BASELINE,25,0.6809228723765001,0.8009377907555885,0.9629703610448905,0.008006922594113224,0.8287182789574442,False,2,57
S00_NORMAL_BASELINE,26,0.7036913795132093,0.8220921373329599,0.9951698926326132,0.007885551582890123,0.8161563521554939,False,2,57
S00_NORMAL_BASELINE,27,0.7261457858560436,0.8428764370314268,1.026925218617686,0.007759908041028349,0.8031522174770397,False,2,57
S00_NORMAL_BASELINE,28,0.748274892656415,0.8632906898509893,1.058220501577974,0.007633709042662226,0.7900905929261769,False,2,57
S00_NORMAL_BASELINE,29,0.7700728174753062,0.8833143376317082,1.089047422488439,0.007503276922887817,0.7765908393629678,False,2,57
S00_NORMAL_BASELINE,30,0.7915285482816863,0.9029473803735835,1.119390407985448,0.007370057921282013,0.7628026429070212,False,2,57
S00_NORMAL_BASELINE,31,0.8126322853772411,0.922169259916676,1.1492355992027377,0.00723337278760391,0.748655701006513,False,2,57
S00_NORMAL_BASELINE,32,0.8333745962084803,0.9409799762609858,1.1785696564952346,0.00709623822777385,0.734462243398779,False,2,57
S00_NORMAL_BASELINE,33,0.8537539978365426,0.9594000875664521,1.2073904826706887,0.006955412366080656,0.7198867352227807,False,2,57
S00_NORMAL_BASELINE,34,0.8737581552576345,0.9773884775131965,1.235680633399443,0.006812675244287326,0.7051134111990323,False,2,57
S00_NORMAL_BASELINE,35,0.8933846504896645,0.9949862624210972,1.263436689138431,0.006668444587781254,0.6901855059985383,False,2,57
S00_NORMAL_BASELINE,36,0.9126240154300321,1.012131767810337,1.290645259968544,0.006520844245253782,0.6749088375413178,False,2,57
S00_NORMAL_BASELINE,37,0.9314670617471182,1.0288249936809157,1.317293351626592,0.006371377773955598,0.6594390243390345,False,2,57
S00_NORMAL_BASELINE,38,0.9499115714287688,1.0451070563527118,1.343377827369704,0.006220432187078415,0.6438161223435727,False,2,57
S00_NORMAL_BASELINE,39,0.9679520405634017,1.060957397665786,1.368890903491475,0.006067361575138042,0.6279732797788834,False,2,57
S00_NORMAL_BASELINE,40,0.9855812199702526,1.0763554594601992,1.393822328102152,0.00591230698331069,0.6119250948522446,False,2,57
S00_NORMAL_BASELINE,41,1.002795390635551,1.0913217998958906,1.4181668417220217,0.005755815136906435,0.5957281537555047,False,2,57
S00_NORMAL_BASELINE,42,1.0195909144283817,1.10585641897286,1.4419192992570031,0.005598648403067605,0.5794613616583716,False,2,57
S00_NORMAL_BASELINE,43,1.0359601898124102,1.1198976422112903,1.4650689505113164,0.005439028305942998,0.5793235865532007,False,2,57
S00_NORMAL_BASELINE,44,1.0519031924152267,1.1335277022509376,1.487615761017169,0.005278416863752383,0.5863744231381519,False,2,57
S00_NORMAL_BASELINE,45,1.067412826373112,1.146684924611985,1.5095496957078527,0.005116666881450242,0.593180660565556,False,2,57
S00_NORMAL_BASELINE,46,1.0824852062972312,1.1593693092944322,1.530865259813782,0.004952107919596783,0.5997422988354125,False,2,57
S00_NORMAL_BASELINE,47,1.09711892472017,1.1716425307780967,1.5515604628754511,0.004788841581434507,0.6060912421856628,False,2,57
S00_NORMAL_BASELINE,48,1.1113099244443139,1.1834223564232218,1.5716295671489682,0.00462465021502666,0.6121849516323853,False,2,57
S00_NORMAL_BASELINE,49,1.125059723014104,1.194770460709625,1.5910747187662637,0.004459526648040585,0.6180553314135212,False,2,57
S00_NORMAL_BASELINE,50,1.1383630581066617,1.2056457273174281,1.6098884756789527,0.00429315864558912,0.6236811120371097,False,2,57
S00_NORMAL_BASELINE,51,1.1512181209209118,1.2160687144065705,1.6280682798560233,0.004126910394420184,0.6290729282491313,False,2,57
S00_NORMAL_BASELINE,52,1.1636229029259482,1.2260188638171123,1.6456112908058274,0.003959395099404276,0.6342201453036055,False,2,57
S00_NORMAL_BASELINE,53,1.1755774556658152,1.2355372918689327,1.6625175814226516,0.0037916300025647317,0.6391440326924931,False,2,57
S00_NORMAL_BASELINE,54,1.1870764230655773,1.2445623240822135,1.6787795770726812,0.003624649208346607,0.6438126861778529,False,2,57
S00_NORMAL_BASELINE,55,1.198124698807869,1.2531556349367725,1.694404198468268,0.00345655674857884,0.6482580099976262,False,2,57
S00_NORMAL_BASELINE,56,1.2087207292423345,1.2613172244326096,1.7093892484160074,0.003289951639159603,0.6524800041518126,False,2,57
S00_NORMAL_BASELINE,57,1.218864207196837,1.2690059762498467,1.723734292508897,0.0031239283901157455,0.6564573991484518,False,2,57
S00_NORMAL_BASELINE,58,1.2285566415910552,1.2762424485484227,1.737441464681612,0.00295630881036386,0.660200829733524,False,2,57
S00_NORMAL_BASELINE,59,1.2377929097352043,1.2830060831683987,1.7505035203567822,0.002790239949307472,0.6636996611610488,False,2,57
S00_NORMAL_BASELINE,60,1.2465779640026486,1.2893379964296527,1.7629274632479854,0.002623994005468943,0.666975162922987,False,2,57
S00_NORMAL_BASELINE,61,1.2549118479921746,1.2952381883321848,1.774713355013217,0.0024594659879242217,0.6700273350193384,False,2,57
S00_NORMAL_BASELINE,62,1.2627978575178214,1.300706658875995,1.7858658566373904,0.002295842838683041,0.6728561774501032,False,2,57
S00_NORMAL_BASELINE,63,1.2702341156888817,1.3057022917412053,1.7963823137962114,0.0021334194320616006,0.6754404207233207,False,2,57
S00_NORMAL_BASELINE,64,1.2772256928790255,1.3102867614076326,1.8062698970808913,0.001971577321038132,0.6778119690769316,False,2,57
S00_NORMAL_BASELINE,65,1.283772580836963,1.3144395097153383,1.8155285948223439,0.00181314513549728,0.679960187764956,False,2,57
S00_NORMAL_BASELINE,66,1.289879719637966,1.3181605366643219,1.8241653933420172,0.0016554594750232202,0.6818850767873936,False,2,57
S00_NORMAL_BASELINE,67,1.2955470830830726,1.3214498422545837,1.8321802555889843,0.0014987559861538542,0.6835866361442446,False,2,57
S00_NORMAL_BASELINE,68,1.3007763836803712,1.324327984646063,1.8395756034154098,0.0013459174339272668,0.6850755005814894,False,2,57
S00_NORMAL_BASELINE,69,1.3055726429552246,1.3267949638387593,1.846358538330565,0.0011966601056366212,0.6863516700991276,False,2,57
S00_NORMAL_BASELINE,70,1.3099392072402354,1.328850779832673,1.8525337927634014,0.0010533331968669575,0.6874151446971595,False,2,57
S00_NORMAL_BASELINE,71,1.3138810894565525,1.3304954326278038,1.8581084560549943,0.0009153689950042006,0.6882659243755849,False,2,57
S00_NORMAL_BASELINE,72,1.317401685650094,1.331749480384091,1.86308733093954,0.0007851806365860321,0.6889146438803843,False,2,57
S00_NORMAL_BASELINE,73,1.320502646180332,1.3325923649415956,1.867472751377786,0.0006670168946795471,0.6893506684655774,False,2,57
S00_NORMAL_BASELINE,74,1.3231890733131444,1.333065202620196,1.8712719330633365,0.0005699631516309667,0.6895952676231247,False,2,57
S00_NORMAL_BASELINE,75,1.3254694234133482,1.3331679934198915,1.8744968351020033,0.0004997314346429343,0.6896484413530263,False,2,57
S00_NORMAL_BASELINE,76,1.3273453608543053,1.3331679934198915,1.8771498112731684,0.00047012096847302316,0.6896484413530263,False,2,57
S00_NORMAL_BASELINE,77,1.328821958346972,1.3331679934198915,1.879238035473464,0.0004864690827860028,0.6896484413530263,False,2,57
S00_NORMAL_BASELINE,78,1.3299042860544534,1.3331679934198915,1.8807686779963162,0.0005435150426624956,0.6900933457550746,False,2,57
S00_NORMAL_BASELINE,79,1.3305974174355215,1.3331679934198915,1.8817489137959291,0.0006288324894486492,0.6904530147619534,False,2,57
S00_NORMAL_BASELINE,80,1.3309081491793942,1.3331679934198915,1.8821883548423737,0.0007296506388979059,0.6906142548684859,False,2,57
S00_NORMAL_BASELINE,81,1.3308432670591817,1.3331679934198915,1.8820965976680137,0.0008395021646067386,0.6905805872430134,False,2,57
S00_NORMAL_BASELINE,82,1.3304078494034244,1.3331679934198915,1.8814808241139451,0.0009555744969572629,0.6903546470531718,False,2,57
S00_NORMAL_BASELINE,83,1.329606985552578,1.3331679934198915,1.8803482315944637,0.0010754129940909148,0.6899390751807294,False,2,57
S00_NORMAL_BASELINE,84,1.3284491619913459,1.3331679934198915,1.878710821811334,0.001194327641628152,0.6896484413530263,False,2,57
S00_NORMAL_BASELINE,85,1.3269411857585027,1.3331679934198915,1.876578221371111,0.0013141962598417823,0.6896484413530263,False,2,57
S00_NORMAL_BASELINE,86,1.3250881359902709,1.3331679934198915,1.8739576132571254,0.0014335661043167838,0.6896484413530263,False,2,57
S00_NORMAL_BASELINE,87,1.3228934028073367,1.3328801791807436,1.8708537918240293,0.001552831683427679,0.6894995549093019,False,2,57
S00_NORMAL_BASELINE,88,1.3203688779154934,1.3322223180626913,1.8672835744834362,0.0016683628920321331,0.6891592430379317,False,2,57
S00_NORMAL_BASELINE,89,1.3175213605314418,1.3311944100657345,1.863256576779817,0.001782142714818274,0.6886275057389157,False,2,57
S00_NORMAL_BASELINE,90,1.3143576697167558,1.329796455189873,1.8587824423225332,0.0018941291760197594,0.687904343012254,False,2,57
S00_NORMAL_BASELINE,91,1.310886334187112,1.3280695697549856,1.8538732325369633,0.0020042926966834978,0.6870110243499072,False,2,57
S00_NORMAL_BASELINE,92,1.307114113534698,1.3260137537610721,1.8485385069300553,0.002111843923345685,0.6859475497518754,False,2,57
S00_NORMAL_BASELINE,93,1.3030460990138808,1.323608449048193,1.8427854656227851,0.002217268054276808,0.6847032844721781,False,2,57
S00_NORMAL_BASELINE,94,1.2986924996988438,1.3208536556163488,1.8366285464263215,0.0023189095851013,0.6832782285108154,False,2,57
S00_NORMAL_BASELINE,95,1.294061886153597,1.3178110479453566,1.830079869948525,0.0024192189402401695,0.6817042861057283,False,2,57
S00_NORMAL_BASELINE,96,1.2891609662941828,1.3144395097153383,1.8231489226152375,0.0025155849127718654,0.679960187764956,False,2,57
S00_NORMAL_BASELINE,97,1.2839982948838193,1.3107595990862329,1.815847802688626,0.0026094645449941632,0.678056568234479,False,2,57
S00_NORMAL_BASELINE,98,1.2785807155732292,1.3067507578981012,1.8081861885523574,0.002700372677578344,0.6759827927683169,False,2,57
S00_NORMAL_BASELINE,99,1.2729202020438957,1.3024952187907,1.8001810135491776,0.0027889564232213785,0.6737814003503909,False,2,57
S00_NORMAL_BASELINE,100,1.2670217459151214,1.2979518654441509,1.7918393368948025,0.0028742049538200785,0.6714311214887405,False,2,57
S00_NORMAL_BASELINE,101,1.2608938755142483,1.2931206978584537,1.7831732194654228,0.002956200955000568,0.6689319561833655,False,2,57
S00_NORMAL_BASELINE,102,1.2545451652690291,1.2880222741935479,1.774194787333057,0.003035582739409548,0.6662945391802465,False,2,57
S00_NORMAL_BASELINE,103,1.2479857940975194,1.2826771526093725,1.7649184356616687,0.0031114400824459806,0.6635295052253638,False,2,57
S00_NORMAL_BASELINE,104,1.2412209052416139,1.2770647749459882,1.7553514380937005,0.0031848091239459913,0.6606262195727367,False,2,57
S00_NORMAL_BASELINE,105,1.2342624178392996,1.2712262575232736,1.7455106508357454,0.003254619506404917,0.6576059517143263,False,2,57
S00_NORMAL_BASELINE,106,1.2271154606190273,1.265141042181289,1.7354033270051359,0.003321871411478079,0.6544580669041519,False,2,57
S00_NORMAL_BASELINE,107,1.2197902791685853,1.2588502452399133,1.725043956051077,0.0033862984930707798,0.6512038346341744,False,2,57
S00_NORMAL_BASELINE,108,1.2122952783392074,1.252333308539207,1.7144444242281733,0.00344660259075588,0.6478326201584134,False,2,57
S00_NORMAL_BASELINE,109,1.2046373879187053,1.2455902320791703,1.7036145317363323,0.003504339114187784,0.6443444234768688,False,2,57
S00_NORMAL_BASELINE,110,1.1968285391017834,1.2386621321796814,1.69257115183292,0.0035585477414961505,0.6407605140815015,False,2,57
S00_NORMAL_BASELINE,111,1.188873879013466,1.2315490088407401,1.6813215636519538,0.003610765087311648,0.6370808919723112,False,2,57
S00_NORMAL_BASELINE,112,1.1807818847283778,1.2242508620623467,1.6698777555873363,0.003659541234075455,0.6333055571492981,False,2,57
S00_NORMAL_BASELINE,113,1.1725610899694459,1.216767691844501,1.6582517961457695,0.003704919257451761,0.6294345096124621,False,2,57
S00_NORMAL_BASELINE,114,1.1642217339402499,1.2091406145070815,1.6464581657478226,0.0037474842953947817,0.625489018853764,False,2,57
S00_NORMAL_BASELINE,115,1.1557705474378817,1.2013285137302097,1.6345063831780289,0.003785988434100931,0.6214478153812428,False,2,57
S00_NORMAL_BASELINE,116,1.147216254357815,1.193393063993703,1.6224087858876841,0.003823123870674232,0.6173428034328399,False,2,57
S00_NORMAL_BASELINE,117,1.1385671879604142,1.1852931489776832,1.6101771588866145,0.0038554445969022234,0.6131527135165943,False,2,57
S00_NORMAL_BASELINE,118,1.1298320542939635,1.1770698850020287,1.5978238143863783,0.003885728290233914,0.6088988151244669,False,2,57
S00_NORMAL_BASELINE,119,1.1210176773679807,1.1687438302266784,1.585358402993785,0.00391393029950597,0.6045917430024378,False,2,57
S00_NORMAL_BASELINE,120,1.1121307718522693,1.1602738683317542,1.5727904206859376,0.003938033510528718,0.6002102276585465,False,2,57
S00_NORMAL_BASELINE,121,1.1031817061689035,1.1517216737970735,1.560134530625954,0.0039600492487690125,0.595786173330734,False,2,57
S00_NORMAL_BASELINE,122,1.0941755311554258,1.143046130302758,1.5473978757767881,0.00397865595485344,0.5912983105270395,False,2,57
S00_NORMAL_BASELINE,123,1.0851225797366757,1.1342883541686857,1.534595069100887,0.0039944986868105554,0.5867679087394237,False,2,57
S00_NORMAL_BASELINE,124,1.0760296650487617,1.125448345394857,1.5217357458277376,0.0040075890978018645,0.5821949679678867,False,2,57
S00_NORMAL_BASELINE,125,1.0669036586952492,1.116546662141211,1.5088296238722971,0.004018611130792531,0.5775901229584088,False,2,57
S00_NORMAL_BASELINE,126,1.0577513160278995,1.1075833044077474,1.4958862567446451,0.0040268736262570335,0.5729533737109898,False,2,57
S00_NORMAL_BASELINE,127,1.048579449847432,1.0985377140345274,1.482915279199957,0.004031699376771673,0.5682740854796496,False,2,57
S00_NORMAL_BASELINE,128,1.0393951153794518,1.0894715655013683,1.4699266688339687,0.004035835075155006,0.5635841625023291,False,2,57
S00_NORMAL_BASELINE,129,1.0302048878121295,1.0803437424883917,1.4569297243669663,0.004035835075155006,0.5588623352870676,False,2,57
S00_NORMAL_BASELINE,130,1.0210157655690262,1.0711748031555368,1.4439343430644653,0.004033765788247954,0.5541192385798455,False,2,57
S00_NORMAL_BASELINE,131,1.0118362563709877,1.0619853056627429,1.430952556660671,0.004028942512821822,0.549365507126643,False,2,57
S00_NORMAL_BASELINE,132,1.0026698785785482,1.0527752500100098,1.4179893408687672,0.004022732661051113,0.5446011409274604,False,2,57
S00_NORMAL_BASELINE,133,0.9935250638344167,1.0435446361973375,1.4050566198322272,0.004013081482363237,0.5398261399822972,False,2,57
S00_NORMAL_BASELINE,134,0.9844054441153128,1.0343140223846652,1.3921595299417853,0.00400272502572013,0.5350511390371342,False,2,57
S00_NORMAL_BASELINE,135,0.9753177485728548,1.025083408571993,1.3793075876549237,0.003989618655164564,0.5302761380919712,False,2,57
S00_NORMAL_BASELINE,136,0.9662671437474105,1.0158527947593208,1.366508099563101,0.003974432798584955,0.525501137146808,False,2,57
S00_NORMAL_BASELINE,137,0.9572588462398578,1.0066427391065875,1.353768443054028,0.003957864132361413,0.5207367709476253,False,2,57
S00_NORMAL_BASELINE,138,0.9482995540351643,0.9974532416137937,1.3410980905088872,0.003938558785015477,0.5159830394944229,False,2,57
S00_NORMAL_BASELINE,139,0.9393927799424303,0.9882637441209996,1.3285020097899494,0.00391713684168648,0.5112293080412204,False,2,57
S00_NORMAL_BASELINE,140,0.9305455152825455,0.979135921108023,1.315990088118036,0.0038950524470007177,0.506507480825959,False,2,57
S00_NORMAL_BASELINE,141,0.9217609848766961,0.9700286562549857,1.303566886079005,0.003870204535437337,0.5017962883566778,False,2,57
S00_NORMAL_BASELINE,142,0.9130428362530908,0.9609830658817656,1.291237562056718,0.0038453446807990193,0.4971170001253376,False,2,57
S00_NORMAL_BASELINE,143,0.904394360634659,0.9519580336684847,1.2790067705432786,0.0038176990885377946,0.4924483466399777,False,2,57
S00_NORMAL_BASELINE,144,0.8958225221247488,0.9430152340949604,1.2668843602680917,0.0037894106817486146,0.4878222321385391,False,2,57
S00_NORMAL_BASELINE,145,0.8873272670223319,0.9340929926813751,1.2548702552864346,0.003758970420485103,0.48320675238308075,False,2,57
S00_NORMAL_BASELINE,146,0.8789172517600845,0.9252529839075465,1.2429766976427996,0.003727207233779656,0.4786338116115438,False,2,57
S00_NORMAL_BASELINE,147,0.8705925062074875,0.9164746496135352,1.2312037295790117,0.0036947071070875743,0.47409277507794767,False,2,57
S00_NORMAL_BASELINE,148,0.8623565057936882,0.9077579897993414,1.2195562660941064,0.0036608000997767117,0.4695836427822926,False,2,57
S00_NORMAL_BASELINE,149,0.8542143842998142,0.8991441207848432,1.2080415674509803,0.0036262755900455775,0.46512768421653905,False,2,57
S00_NORMAL_BASELINE,150,0.8461644344262098,0.8905919262501625,1.1966572191633054,0.0035909816747320272,0.46070362988872654,False,2,57
S00_NORMAL_BASELINE,151,0.8382118237657312,0.8821219643552383,1.1854105293109836,0.0035543268626213784,0.45632211454483523,False,2,57
S00_NORMAL_BASELINE,152,0.8303583238540471,0.8737547932600097,1.174304003223784,0.003517688737705135,0.4519937729308455,False,2,57
S00_NORMAL_BASELINE,153,0.8226039031230102,0.8654492966445986,1.1633375962576047,0.003479594719060848,0.4476973355547968,False,2,57
S00_NORMAL_BASELINE,154,0.814955422099657,0.8572465908288832,1.1525210106628252,0.003440196407824339,0.4434540719086497,False,2,57
S00_NORMAL_BASELINE,155,0.8074112876182244,0.8491466758128634,1.1418519933628168,0.00340143692546853,0.43926398199240413,False,2,57
S00_NORMAL_BASELINE,156,0.7999715175757691,0.8411289934366002,1.1313305696678395,0.0033619301391780458,0.43511643106007986,False,2,57
S00_NORMAL_BASELINE,157,0.7926395759987785,0.8332346600199718,1.1209616384511323,0.0033224982801612303,0.4310326886036375,False,2,57
S00_NORMAL_BASELINE,158,0.7854120666977694,0.8254225592431,1.1107403967754674,0.00328296030356142,0.42699148513111645,False,2,57
S00_NORMAL_BASELINE,159,0.7782957120284745,0.8177132492659238,1.1006763514874933,0.0032414570391481926,0.42300345538849693,False,2,57
S00_NORMAL_BASELINE,160,0.7712873338935777,0.8101272882483825,1.0907650080788835,0.0032019545504384135,0.4190792341217594,False,2,57
S00_NORMAL_BASELINE,161,0.7643851655793295,0.8026235598705977,1.0810038680390917,0.0031616892502387083,0.4151975518389431,False,2,57
S00_NORMAL_BASELINE,162,0.7575926865394834,0.7952431804524477,1.0713978520588063,0.0031214944889477072,0.41137967803200864,False,2,57
S00_NORMAL_BASELINE,163,0.7509081462516889,0.7879655918339934,1.061944484525578,0.003081273422661256,0.40761497795497587,False,2,57
S00_NORMAL_BASELINE,164,0.7443315931520006,0.7807907940152348,1.052643833938332,0.00304102500763774,0.40390345160784463,False,2,57
S00_NORMAL_BASELINE,165,0.7378614422822936,0.7737599033160502,1.0434936588277923,0.003002893138355586,0.4002663684825757,False,2,57
S00_NORMAL_BASELINE,166,0.7314941011273007,0.766811245256622,1.0344888786101452,0.00296401382990163,0.396671824341228,False,2,57
S00_NORMAL_BASELINE,167,0.7252313840515333,0.7599653779968896,1.0256320591842891,0.002925124282216783,0.39313045392978185,False,2,57
S00_NORMAL_BASELINE,168,0.7190716733106415,0.7532428596967919,1.0169209127142247,0.0028876223979291114,0.38965289199421765,False,2,57
S00_NORMAL_BASELINE,169,0.713013160589196,0.7466025740364509,1.0083528818557466,0.002849378295681424,0.38621786904257477,False,2,57
S00_NORMAL_BASELINE,170,0.7070543706613301,0.740126753655623,0.9999258803244264,0.002814677007034112,0.3828679240587744,False,2,57
S00_NORMAL_BASELINE,171,0.7011882137419763,0.7337126077546123,0.9916298816500675,0.0027791751903703515,0.37954988331291495,False,2,57
S00_NORMAL_BASELINE,172,0.6954182215364642,0.7274012526532975,0.9834698804182452,0.0027437058046441165,0.3762850162969571,False,2,57
S00_NORMAL_BASELINE,173,0.6897410631607668,0.7212132465116174,0.9754411660475939,0.002710320543569305,0.37308395775688125,False,2,57
S00_NORMAL_BASELINE,174,0.6841532105847565,0.7151280311696331,0.9675387491500588,0.0026776454438755906,0.36993607294670694,False,2,57
S00_NORMAL_BASELINE,175,0.6786496372210723,0.7091456066273444,0.9597555210576212,0.0026469982988895488,0.3668413618664342,False,2,57
S00_NORMAL_BASELINE,176,0.6732285522410748,0.7032454147248122,0.9520889491561317,0.002616348124904225,0.36378918977008273,False,2,57
S00_NORMAL_BASELINE,177,0.6678866766456604,0.6974480136219757,0.9445343962405868,0.002587754427702255,0.3607901914036329,False,2,57
S00_NORMAL_BASELINE,178,0.6626205394593859,0.691753403318835,0.9370869536104403,0.0025605816105156247,0.3578443667670846,False,2,57
S00_NORMAL_BASELINE,179,0.657425003021639,0.6861410256554507,0.9297393555163748,0.002534764726470165,0.3549410811144576,False,2,57
S00_NORMAL_BASELINE,180,0.6522983324935071,0.6806314387917621,0.9224891485256722,0.002510394091629259,0.3520909691917322,False,2,57
S00_NORMAL_BASELINE,181,0.6472336965543676,0.6751835264078909,0.915326671692059,0.0024873377717937292,0.34927276150694775,False,2,57
S00_NORMAL_BASELINE,182,0.6422294546006189,0.6698178466637763,0.908249604851671,0.0024656819988648575,0.3464970928060846,False,2,57
S00_NORMAL_BASELINE,183,0.6372821519398518,0.6645549577193575,0.9012530623316498,0.0024461691570997024,0.34377459783512304,False,2,57
S00_NORMAL_BASELINE,184,0.6323815841319832,0.6593537432547559,0.894322612874433,0.002429371398683786,0.3410840071021024,False,2,57
S00_NORMAL_BASELINE,185,0.6275259931951728,0.654234761429911,0.8874557703182598,0.0024140154469895828,0.3384359553530031,False,2,57
S00_NORMAL_BASELINE,186,0.6227101671841709,0.6491568959249443,0.8806451638594719,0.0023993352846982956,0.3358091730958644,False,2,57
S00_NORMAL_BASELINE,187,0.6179308137512857,0.6441612630597341,0.8738861374153112,0.002387460588561948,0.33322492982264695,False,2,57
S00_NORMAL_BASELINE,188,0.6131810167600137,0.6392067465144022,0.8671689100917355,0.0023769670439302715,0.33066195604139015,False,2,57
S00_NORMAL_BASELINE,189,0.6084574074902419,0.6343139044488878,0.8604887177990729,0.0023685789491856095,0.3281308864980743,False,2,57
S00_NORMAL_BASELINE,190,0.6037515131499829,0.6294621787032515,0.8538335781999838,0.002362970343780952,0.32562108644671905,False,2,57
S00_NORMAL_BASELINE,191,0.5990598771260836,0.6246721274374327,0.8471986029052672,0.0023594750155671806,0.3231431906333048,False,2,57
S00_NORMAL_BASELINE,192,0.5943755774254995,0.6199026343315531,0.840574002738481,0.002357375330995095,0.32067592956587093,False,2,57
S00_NORMAL_BASELINE,193,0.5896919645615248,0.6151742575455518,0.833950373905343,0.0023587775717511645,0.31822993799039767,False,2,57
S00_NORMAL_BASELINE,194,0.5850054521044021,0.6104869970794287,0.8273226444282495,0.002361570592587947,0.31580521590688504,False,2,57
S00_NORMAL_BASELINE,195,0.5803075140290047,0.6057791784533664,0.8206787566868337,0.002365780781999653,0.313369859077392,False,2,57
S00_NORMAL_BASELINE,196,0.5755949679658321,0.6011124761471824,0.8140142101309868,0.002373492328074412,0.3109557717398597,False,2,57
S00_NORMAL_BASELINE,197,0.5708608369280329,0.5964663320009376,0.8073191378112798,0.002383286477539531,0.30855231914830766,False,2,57
S00_NORMAL_BASELINE,198,0.5660982559899596,0.5918201878546927,0.800583831256757,0.0023951818679349745,0.30614886655675566,False,2,57
S00_NORMAL_BASELINE,199,0.561300479230768,0.587174043708448,0.7937987502946697,0.0024098873314722697,0.30374541396520366,False,2,57
S00_NORMAL_BASELINE,200,0.5564623384819939,0.5825278995622031,0.7869565860310836,0.0024266629579725685,0.30134196137365166,False,2,57
S00_NORMAL_BASELINE,201,0.5515737390046599,0.57784063909608,0.7800430623492278,0.0024463313933268537,0.29891723929013897,False,2,57
S00_NORMAL_BASELINE,202,0.5466346308401774,0.5731533786299569,0.773058108596989,0.0024672950713574633,0.29649251720662634,False,2,57
S00_NORMAL_BASELINE,203,0.5416332200845875,0.5684455600038947,0.7659850456754351,0.0024925244575212586,0.2940571603771334,False,2,57
S00_NORMAL_BASELINE,204,0.5365659153496866,0.563676066898015,0.7588187945946608,0.0025177280155597778,0.2915898993096994,False,2,57
S00_NORMAL_BASELINE,205,0.5314262414110117,0.5589065737921354,0.7515501980044113,0.002547818091232107,0.28912263824226553,False,2,57
S00_NORMAL_BASELINE,206,0.5262054602523291,0.5540754062064382,0.7441668984836204,0.002579301086726529,0.2866234729368906,False,2,57
S00_NORMAL_BASELINE,207,0.5208985870920926,0.5491825641409238,0.7366618464866203,0.0026129022709543755,0.28409240339357483,False,2,57
S00_NORMAL_BASELINE,208,0.5155005975858146,0.544248605755531,0.7290279365172941,0.002649238088362301,0.2815400643582983,False,2,57
S00_NORMAL_BASELINE,209,0.5100013826208739,0.5392529728903209,0.72125087213147,0.0026891205761811754,0.27895582108508093,False,2,57
S00_NORMAL_BASELINE,210,0.5043957734914296,0.5341751073853542,0.7133233436752475,0.0027303605928208027,0.2825929319061039,False,2,57
S00_NORMAL_BASELINE,211,0.4986771756533145,0.5290355674005701,0.7052360250548275,0.002775073762220534,0.2872207549375044,False,2,57
S00_NORMAL_BASELINE,212,0.4928386959641925,0.5237726784561512,0.6969791678948314,0.0028205527022289495,0.2919278353981413,False,2,57
S00_NORMAL_BASELINE,213,0.48687728931644186,0.518468673191854,0.6885484657627613,0.00287006071356097,0.29705192564173155,False,2,57
S00_NORMAL_BASELINE,214,0.48078251845556597,0.5130207608079829,0.6799291581517543,0.002920387376458818,0.30226074650544754,False,2,57
S00_NORMAL_BASELINE,215,0.474551468884774,0.5075111739442942,0.6711171233409212,0.002974779621166068,0.3078903559955611,False,2,57
S00_NORMAL_BASELINE,216,0.4681753856444915,0.5018576799610317,0.662099979947694,0.0030299086831024552,0.31359622623365363,False,2,57
S00_NORMAL_BASELINE,217,0.46164967239414817,0.49610139517807356,0.6528712277649006,0.0030885268866412395,0.31966322340781805,False,2,57
S00_NORMAL_BASELINE,218,0.45496911565604437,0.4902217614354805,0.6434234938216712,0.0031484218984067277,0.32586237051895967,False,2,57
S00_NORMAL_BASELINE,219,0.44812560452456146,0.4842187787332527,0.6337453075652768,0.0032118573151607957,0.33242795033810635,False,2,57
S00_NORMAL_BASELINE,220,0.441112499794823,0.47805133075151174,0.6238272797421378,0.0032767697399997187,0.33914640082431646,False,2,57
S00_NORMAL_BASELINE,221,0.43392838932261657,0.471760533810136,0.613667413278757,0.003343593757072401,0.34606270153418106,False,2,57
S00_NORMAL_BASELINE,222,0.4265649989588095,0.46530527158924717,0.6032540067612135,0.003412593879047185,0.35320422958802256,False,2,57
S00_NORMAL_BASELINE,223,0.419019266826829,0.4587061022487844,0.5925827300421322,0.003483572447561523,0.3605505273011178,False,2,57
S00_NORMAL_BASELINE,224,0.41128315506305474,0.45194246762880846,0.5816422158657687,0.0035574106467934647,0.36819279743294103,False,2,57
S00_NORMAL_BASELINE,225,0.40335346933349736,0.4450143677293195,0.5704279467616723,0.0036325143103848982,0.3759660434089482,False,2,57
S00_NORMAL_BASELINE,226,0.3952224562588242,0.4379012443903783,0.5589289577956366,0.0037105509099242323,0.3840428489114111,False,2,57
S00_NORMAL_BASELINE,227,0.38689020121933276,0.430623655771924,0.5471453697136361,0.0037889968843172234,0.3921620248027698,False,2,57
S00_NORMAL_BASELINE,228,0.37834890479538846,0.42314048555407835,0.5350661524706454,0.0038696955382882645,0.40051435353418924,False,2,57
S00_NORMAL_BASELINE,229,0.3695945978002356,0.4154928500567196,0.5226856927889225,0.003953817853607901,0.4092210319807698,False,2,57
S00_NORMAL_BASELINE,230,0.36062378632086556,0.40761907480003035,0.5099990495293052,0.004037165270085695,0.4178475082239408,False,2,57
S00_NORMAL_BASELINE,231,0.35143303026799644,0.3995397179439497,0.497001357670875,0.00412343060583774,0.4267759897644869,False,2,57
S00_NORMAL_BASELINE,232,0.3420184611923155,0.3912753376484169,0.48368714640014865,0.0042123944006080515,0.43598376241683895,False,2,57
S00_NORMAL_BASELINE,233,0.332378486191783,0.38278481759355354,0.47005416301345804,0.004300485121221648,0.4451011716987387,False,2,57
S00_NORMAL_BASELINE,234,0.32250852617194364,0.3740887159392988,0.45609593169332097,0.004392159390757866,0.4545894790954645,False,2,57
S00_NORMAL_BASELINE,235,0.31240627776793134,0.3651459163657745,0.44180919498990484,0.004483828693888664,0.46407727246811875,False,2,57
S00_NORMAL_BASELINE,236,0.30207092832704246,0.35599753519285876,0.4271928036387346,0.004578242395343019,0.4738491116809494,False,2,57
S00_NORMAL_BASELINE,237,0.2915005297725737,0.3465818979407343,0.4122440026433159,0.004671986217568837,0.4835516182438314,False,2,57
S00_NORMAL_BASELINE,238,0.28069698686252004,0.3369812372491576,0.39696548573823837,0.004769042116238813,0.4935969254593134,False,2,57
S00_NORMAL_BASELINE,239,0.26965689728066894,0.3271133204783721,0.3813524413217706,0.004865379067607587,0.5035678214683535,False,2,57
S00_NORMAL_BASELINE,240,0.25838187771032894,0.31697814762837784,0.3654071557293737,0.004963296302105882,0.513702277134674,False,2,57
S00_NORMAL_BASELINE,241,0.24687578199450802,0.3066373931789922,0.34913507911809677,0.005063834882290964,0.5241080426657486,False,2,57
S00_NORMAL_BASELINE,242,0.23513938008283655,0.2960088244904587,0.3325373003611495,0.00516297457120035,0.5343690226369758,False,2,57
S00_NORMAL_BASELINE,243,0.22318107799301842,0.28511299972271636,0.3156257073627742,0.005262874973036285,0.5447087365662077,False,2,57
S00_NORMAL_BASELINE,244,0.21100925507921253,0.27401159335558267,0.29841215031926627,0.005365363657059153,0.5553163382805654,False,2,57
S00_NORMAL_BASELINE,245,0.19862800700218125,0.262601814589362,0.2809024213696228,0.005467321054852144,0.5658689517513272,False,2,57
S00_NORMAL_BASELINE,246,0.18605641069724116,0.25094533790387163,0.263123499374497,0.00557060125800056,0.5765584758721745,False,2,57
S00_NORMAL_BASELINE,247,0.17331377230265177,0.23900104697923336,0.2451026873364526,0.005672435081400679,0.5870982993656411,False,2,57
S00_NORMAL_BASELINE,248,0.1604297313338097,0.22681005813532545,0.22688190186014556,0.005775596763211419,0.5977755565015358,False,2,57
S00_NORMAL_BASELINE,249,0.14743948015809766,0.21433125505226963,0.20851091246882056,0.005879579988091001,0.6085378435287648,False,2,57
S00_NORMAL_BASELINE,250,0.13440139289917394,0.20160575404994419,0.19007227263984677,0.0059841005281919745,0.6193557428015596,False,2,57
S00_NORMAL_BASELINE,251,0.12139441922169762,0.1885718806485317,0.1716776340597299,0.0060872908741474475,0.6300359666828439,False,2,57
S00_NORMAL_BASELINE,252,0.10854660116488513,0.1752501930079713,0.15350807551688375,0.006191295486385147,0.6408004673064207,False,2,57
S00_NORMAL_BASELINE,253,0.09605310706133766,0.16168180744814126,0.13583960671421863,0.006294345892498255,0.6514662073827275,False,2,57
S00_NORMAL_BASELINE,254,0.08421726204255,0.1478256076491633,0.11910119416650308,0.006398959452718565,0.6622937342586743,False,2,57
S00_NORMAL_BASELINE,255,0.07353422777364625,0.13368159361103743,0.10399310221612285,0.0065013668504097216,0.6728929228195231,False,2,57
S00_NORMAL_BASELINE,256,0.06478289613552134,0.11924976533376365,0.09161685032466184,0.00660384646876533,0.6834995862352922,False,2,57
S00_NORMAL_BASELINE,257,0.059057670128984954,0.10453012281734197,0.08352015805856694,0.006705649363326337,0.6940362085869944,False,2,57
S00_NORMAL_BASELINE,258,0.057507992051812035,0.0935888645161158,0.08132858230451673,0.006808044861743648,0.7046341655703392,False,2,57
S00_NORMAL_BASELINE,259,0.060672311931845954,0.11184451054206894,0.08580360639454751,0.006909023376781267,0.7150854644570275,False,2,57
S00_NORMAL_BASELINE,260,0.06810081704303622,0.13038797080717,0.09630909907095063,0.007009457697812118,0.7254804391423253,False,2,57
S00_NORMAL_BASELINE,261,0.0787694672868214,0.1491781289915407,0.11139684893792666,0.007109134936905185,0.7357970556777678,False,2,57
S00_NORMAL_BASELINE,262,0.09169833551388863,0.1681944269352419,0.12968102973077975,0.0072073288956977935,0.7459601523704292,False,2,57
S00_NORMAL_BASELINE,263,0.10619321026203914,0.18745742279821273,0.15017987818451348,0.007303529261374927,0.7559169117298421,False,2,57
S00_NORMAL_BASELINE,264,0.12181249351527186,0.20698767474039234,0.17226888039578217,0.007401046002789686,0.7660099162724603,False,2,57
S00_NORMAL_BASELINE,265,0.13827316786405047,0.22674406644190245,0.1955477893056318,0.007495198860480695,0.7757547580974561,False,2,57
S00_NORMAL_BASELINE,266,0.15539206232465613,0.24670603974280392,0.219757562024654,0.007588492538439655,0.7854106746280595,False,2,57
S00_NORMAL_BASELINE,267,0.17305719644265993,0.26693526912291415,0.2447398342754746,0.007681220819781087,0.7950080724823175,False,2,57
S00_NORMAL_BASELINE,268,0.1911852987778985,0.28737008010241577,0.2703768424580564,0.007771829330659317,0.8043860736196221,False,2,57
S00_NORMAL_BASELINE,269,0.20972057080438344,0.3080310308412479,0.296589675540186,0.007861075947797279,0.8136231184502692,False,2,57
S00_NORMAL_BASELINE,270,0.22861791681963572,0.3288770050195322,0.32331455856781294,0.00794816044251361,0.8226363831267951,False,2,57
S00_NORMAL_BASELINE,271,0.2478489146657507,0.3499491189571471,0.35051129653975654,0.008033273676480029,0.8314456218749017,False,2,57
S00_NORMAL_BASELINE,272,0.26738581298414993,0.3712062563342141,0.3781406431083409,0.00811627229517435,0.8400359974694869,False,2,57
S00_NORMAL_BASELINE,273,0.2872079300704018,0.39264841715073345,0.40617334992666565,0.008197829855101979,0.8484772231594774,False,2,57
S00_NORMAL_BASELINE,274,0.3073017902816238,0.41429615956664406,0.43459035955780495,0.008278037531723844,0.8567787356254672,False,2,57
S00_NORMAL_BASELINE,275,0.3276488180467058,0.4360878091021287,0.4633654021771659,0.00835408193443383,0.8646493483106078,False,2,57
S00_NORMAL_BASELINE,276,0.3482365273602287,0.4580644820770655,0.4924808199065448,0.008428754263427278,0.8723779510592707,False,2,57
S00_NORMAL_BASELINE,277,0.36905382556684757,0.4802056203315155,0.5219209253623103,0.008501999801566754,0.8799588806354959,False,2,57
S00_NORMAL_BASELINE,278,0.3900921230995213,0.5025112238654785,0.5516735710622579,0.008571862745479575,0.887189710952864,False,2,57
S00_NORMAL_BASELINE,279,0.4113362498112787,0.5249401763590763,0.5817173031787978,0.008638902302758997,0.8941283201223241,False,2,57
S00_NORMAL_BASELINE,280,0.43277992855019304,0.5475335941321873,0.612043244478542,0.008703918730853265,0.9008575349687191,False,2,57
S00_NORMAL_BASELINE,281,0.45441207040676806,0.5702503608649331,0.6426357128752891,0.00876681278287294,0.907367083416799,False,2,57
S00_NORMAL_BASELINE,282,0.47622261955007605,0.5930699183973744,0.6734804872765602,0.008825562835447418,0.9134477269956411,False,2,57
S00_NORMAL_BASELINE,283,0.4982020352413128,0.6160128248894507,0.7045640750401433,0.008882237482122222,0.9193135655997754,False,2,57
S00_NORMAL_BASELINE,284,0.5203416285683394,0.6390585221812226,0.7358741881886492,0.008936137261940204,0.9248922048637273,False,2,57
S00_NORMAL_BASELINE,285,0.542635351621682,0.6622275684326294,0.767402273686476,0.008987322698472994,0.9301899089906943,False,2,57
S00_NORMAL_BASELINE,286,0.5650679216701271,0.6854377310039145,0.7991267184878714,0.009034970262800006,0.9351214425532426,False,2,57
S00_NORMAL_BASELINE,287,0.587634809253839,0.7087506843748952,0.8310411169693059,0.009079892102840997,0.9397708630426753,False,2,57
S00_NORMAL_BASELINE,288,0.6103250794742223,0.7321253122256933,0.8631300048488822,0.009121353497574144,0.9440621266689392,False,2,57
S00_NORMAL_BASELINE,289,0.6331275070187387,0.7555410563963697,0.8953775071373671,0.009158664270532288,0.9479238000133496,False,2,57
S00_NORMAL_BASELINE,290,0.6560333792370828,0.7790184750468635,0.9277713022865346,0.009193895282212722,0.9515702176004518,False,2,57
S00_NORMAL_BASELINE,291,0.6790349156321186,0.8025370100172355,0.9603003870118125,0.009224998795494514,0.9547894381803244,False,2,57
S00_NORMAL_BASELINE,292,0.7021199856659323,0.8260761031475468,0.9929476061419644,0.009252638652901409,0.9576501696026203,False,2,57
S00_NORMAL_BASELINE,293,0.7252775445153177,0.849615196277858,1.0256973399382183,0.009276805885022495,0.9601514835313045,False,2,57
S00_NORMAL_BASELINE,294,0.7485023094717613,0.8731954057280474,1.0585421175225485,0.009298229260200266,0.9623688076527884,False,2,57
S00_NORMAL_BASELINE,295,0.7717838207125937,0.8967756151782369,1.0914671464718753,0.009316196185591223,0.9642283884484237,False,2,57
S00_NORMAL_BASELINE,296,0.7951093508925543,0.9203147083085481,1.1244544276019184,0.00932863497587658,0.9655158060244562,False,2,57
S00_NORMAL_BASELINE,297,0.8184671851112685,0.9438332432789203,1.1574873935416865,0.009338992228349215,0.9665877839714093,False,2,57
S00_NORMAL_BASELINE,298,0.8418514914323925,0.9673312200893531,1.1905577966877068,0.009345211262233609,0.9672314553691124,False,2,57
S00_NORMAL_BASELINE,299,0.8652485170171074,0.9907675224199687,1.223646187588801,0.00934728335403652,0.9674459173340642,False,2,57
S00_NORMAL_BASELINE,300,0.888651608704378,1.0141832665906452,1.2567431572544001,0.00934728335403652,0.9674459173340642,False,2,57
S00_NORMAL_BASELINE,301,0.9120459436876364,1.0374756618016867,1.2898277430704235,0.009341070798090387,0.9668029164044196,False,2,57
S00_NORMAL_BASELINE,302,0.9354235003022305,1.06072694069285,1.3228886006899274,0.00933208980466021,0.9658733815761129,False,2,57
S00_NORMAL_BASELINE,303,0.9587700987524289,1.0838548706243785,1.3559056768534767,0.009318284383290899,0.9644445173772921,False,2,57
S00_NORMAL_BASELINE,304,0.9820810977735311,1.1069416842360287,1.3888724078215853,0.009303087271262733,0.9628716128840771,False,2,57
S00_NORMAL_BASELINE,305,1.0053418217035148,1.1298640325681657,1.4217680390739849,0.009280992694144967,0.960584819211713,False,2,57
S00_NORMAL_BASELINE,306,1.0285427708829211,1.1527041482605462,1.45457913606343,0.009256114415267157,0.9580099117847073,False,2,57
S00_NORMAL_BASELINE,307,1.0516717752104612,1.1754003568333529,1.4872884876676231,0.009227804927416178,0.9550798734617093,False,2,57
S00_NORMAL_BASELINE,308,1.0747179640676534,1.1979321001266465,1.519880720510476,0.009194675667578294,0.9516509876602941,False,2,57
S00_NORMAL_BASELINE,309,1.0976692659391294,1.220299378140427,1.5523387628912366,0.00915671072882312,0.9477216080096099,False,2,57
S00_NORMAL_BASELINE,310,1.1205176627174986,1.2425433071945726,1.5846512754936881,0.009116655198345334,0.943575851648148,False,2,57
S00_NORMAL_BASELINE,311,1.1432525407327452,1.264602212809266,1.6168032483217474,0.009071052120130653,0.9388559228554034,False,2,57
S00_NORMAL_BASELINE,312,1.1658567564528786,1.2864349786646287,1.6487704367599672,0.009022090865849024,0.9337884220887916,False,2,57
S00_NORMAL_BASELINE,313,1.1883266301516446,1.3081032792404785,1.6805476368895726,0.008968917074741735,0.9282849228187384,False,2,57
S00_NORMAL_BASELINE,314,1.210646920506949,1.329545440056998,1.7121132942261497,0.008912355455065408,0.9224307825342208,False,2,57
S00_NORMAL_BASELINE,315,1.2328105517006525,1.3507820192741258,1.7434574020517204,0.008850182393353806,0.9159958567442508,False,2,57
S00_NORMAL_BASELINE,316,1.254802671543355,1.3717924587319232,1.7745589561986046,0.008786006805639865,0.909353669065244,False,2,57
S00_NORMAL_BASELINE,317,1.2766140018490653,1.392535642110512,1.8054048353303396,0.008715603717140828,0.9020669336624182,False,2,57
S00_NORMAL_BASELINE,318,1.2982331183778226,1.41305268572977,1.8359788831318327,0.008642416144316604,0.8944920035092835,False,2,57
S00_NORMAL_BASELINE,319,1.3196495979638394,1.4333024732698194,1.866266359020664,0.008565826059488905,0.8865649126029371,False,2,57
S00_NORMAL_BASELINE,320,1.3408547250831784,1.45328500473066,1.8962549373846787,0.008485806809079897,0.8782829022921127,False,2,57
S00_NORMAL_BASELINE,321,1.3618343722410855,1.4729386056324745,1.925924638929193,0.008398898790057742,0.8692879028893967,False,2,57
S00_NORMAL_BASELINE,322,1.3825789771244128,1.4923455086150192,1.9552619405012657,0.008309842420042722,0.8600705486785162,False,2,57
S00_NORMAL_BASELINE,323,1.4030763140990472,1.5114234810385379,1.984249552443325,0.008217477170488499,0.8505107246954134,False,2,57
S00_NORMAL_BASELINE,324,1.4233192904038998,1.5301930810629694,2.012877444076445,0.008120209146114644,0.8404434624221456,False,2,57
S00_NORMAL_BASELINE,325,1.443298112059035,1.548674866848253,2.0411317646213702,0.008020841633769059,0.830158902674327,False,2,57
S00_NORMAL_BASELINE,326,1.4630004122257865,1.5667866057546322,2.068995024727136,0.007916023003233182,0.8193101509748624,False,2,57
S00_NORMAL_BASELINE,327,1.4824142889036007,1.5845488559420462,2.0964503924231397,0.007807074350321591,0.8196878819036973,False,2,57
S00_NORMAL_BASELINE,328,1.501531380190416,1.6019821755704338,2.123486042194078,0.007696075664250057,0.8287061464950075,False,2,57
S00_NORMAL_BASELINE,329,1.5203410776524189,1.619024890159978,2.1500869714489776,0.0075795826232914944,0.8375223509126917,False,2,57
S00_NORMAL_BASELINE,330,1.5388334264205428,1.6357181160305567,2.176239101876992,0.00746028885229141,0.8461577646487104,False,2,57
S00_NORMAL_BASELINE,331,1.5569998991599092,1.652041295022231,2.2019303740054847,0.007337512618987948,0.8546017529570834,False,2,57
S00_NORMAL_BASELINE,332,1.5748302489055828,1.6679738689750618,2.2271462964376725,0.007212847904641463,0.8628436810918304,False,2,57
S00_NORMAL_BASELINE,333,1.59231728348247,1.6834952797291098,2.2518766979019933,0.007082590548718704,0.870872914306971,False,2,57
S00_NORMAL_BASELINE,334,1.609449373657348,1.6986260854443143,2.276105132179105,0.006950324131610895,0.8787000873484855,False,2,57
S00_NORMAL_BASELINE,335,1.6262195444465417,1.7133457279607358,2.2998217351524954,0.006814621948756697,0.8863145654703936,False,2,57
S00_NORMAL_BASELINE,336,1.6426193075763857,1.727654207278375,2.323014502590427,0.006674636347285919,0.8937163486726954,False,2,57
S00_NORMAL_BASELINE,337,1.6586350545509794,1.7415104070773528,2.3456641891734336,0.006532156994934736,0.9008841674634301,False,2,57
S00_NORMAL_BASELINE,338,1.6742633024593558,1.754955443677548,2.3677658693215884,0.006387583617628068,0.9078392913345587,False,2,57
S00_NORMAL_BASELINE,339,1.6894936209839182,1.767927642599143,2.3893047923382866,0.006238260583776106,0.9145498160481396,False,2,57
S00_NORMAL_BASELINE,340,1.704317658678787,1.7804681201620163,2.4102691474955,0.006087655041724397,0.921037011096134,False,2,57
S00_NORMAL_BASELINE,341,1.7187301693206443,1.7925563182062285,2.4306515155130612,0.005933551863880975,0.9272902417325614,False,2,57
S00_NORMAL_BASELINE,342,1.7327209438203888,1.8041716785718407,2.4504374585587034,0.005776059542247571,0.9332988732114414,False,2,57
S00_NORMAL_BASELINE,343,1.7462814692625956,1.8153142012588526,2.469614937551978,0.005615893602741316,0.939062905532774,False,2,57
S00_NORMAL_BASELINE,344,1.7594084735399211,1.8260250025871427,2.488179325034301,0.005454960570794202,0.9446036081885202,False,2,57
S00_NORMAL_BASELINE,345,1.7720914420572103,1.8362012917570152,2.5061157511226027,0.005289519681208082,0.9498678074487779,False,2,57
S00_NORMAL_BASELINE,346,1.7843254231496006,1.8459253014082266,2.523417213105277,0.005122567377970113,0.9548980422974686,False,2,57
S00_NORMAL_BASELINE,347,1.7961018020023345,1.8551353570609599,2.540071527794457,0.00495233894265525,0.9596624084966513,False,2,57
S00_NORMAL_BASELINE,348,1.8074155608195936,1.8638725750350928,2.556071598955243,0.00478152720772368,0.9641821755382868,False,2,57
S00_NORMAL_BASELINE,349,1.8182614509102806,1.8720958390107474,2.5714100038175003,0.004607324625701029,0.9684360739304142,False,2,57
S00_NORMAL_BASELINE,350,1.828630982348643,1.8798051489879235,2.586074735813087,0.004432157801912937,0.9724241036730337,False,2,57
S00_NORMAL_BASELINE,351,1.8385224044161452,1.8870210631265605,2.6000633190521047,0.004254847041329386,0.9761568995121256,False,2,57
S00_NORMAL_BASELINE,352,1.8479289249593869,1.8937230232667188,2.6133661479790984,0.004075627980267962,0.9796238267017093,False,2,57
S00_NORMAL_BASELINE,353,1.856843679231379,1.8998904712484599,2.625973514375773,0.003894788804294178,0.9828142504958051,False,2,57
S00_NORMAL_BASELINE,354,1.8652649967289379,1.9055645233916616,2.637883055793871,0.0037133182964917866,0.985749440386373,False,2,57
S00_NORMAL_BASELINE,355,1.8731877122696852,1.9107040633764456,2.6490874675624196,0.00352838955890803,0.9884081268814526,False,2,57
S00_NORMAL_BASELINE,356,1.880603362167499,1.9153090912028121,2.6595747802217184,0.0033443836940455,0.990790309981044,False,2,57
S00_NORMAL_BASELINE,357,1.88751357344387,1.9194001650307004,2.669347294727626,0.003158230105946858,0.9929066244311274,False,2,57
S00_NORMAL_BASELINE,358,1.8939115659044674,1.922956726700171,2.678395422437364,0.0029721590554370597,0.9947464354857226,False,2,57
S00_NORMAL_BASELINE,359,1.8997973242028785,1.9259993343711632,2.6867191416478264,0.0027847985159394676,0.9963203778908097,False,2,57
S00_NORMAL_BASELINE,360,1.905164015577664,1.9284868717237986,2.694308789375119,0.002597202108585064,0.9976071821544282,False,2,57
S00_NORMAL_BASELINE,361,1.9100099144637006,1.9304398969180165,2.7011619253016406,0.0024099294891641,0.9986174830225585,False,2,57
S00_NORMAL_BASELINE,362,1.9143367620329723,1.9318995262736953,2.7072810118164257,0.0022228766657356324,0.9993725499871612,False,2,57
S00_NORMAL_BASELINE,363,1.9181359671842604,1.932762968991139,2.712653899267615,0.002035527832083727,0.9998192093183346,False,2,57
S00_NORMAL_BASELINE,364,1.921407555859643,1.9331124577101044,2.7172806243428473,0.001850607835823816,1.0,False,2,57
S00_NORMAL_BASELINE,365,1.9241532355661257,1.9331124577101044,2.721163601821688,0.0016665004780663942,1.0,False,2,57
S00_NORMAL_BASELINE,366,1.9263696034771014,1.9331124577101044,2.724298019380598,0.0014858818106961373,1.0,False,2,57
S00_NORMAL_BASELINE,367,1.9280549295446097,1.9331124577101044,2.7266814303622895,0.0013101108781401725,1.0004764185522184,True,2,57
S00_NORMAL_BASELINE,368,1.9292092115532309,1.9331124577101044,2.7283138316336846,0.0011403487309616083,1.0010753807043273,True,2,57
S00_NORMAL_BASELINE,369,1.9298307477047643,1.9331124577101044,2.7291928164886885,0.000981374903360227,1.0013978986229604,True,2,57
S00_NORMAL_BASELINE,370,1.9299229543054928,1.9331124577101044,2.7293232163139787,0.0008371826625636645,1.0014457450448906,True,2,57
S00_NORMAL_BASELINE,371,1.9294824095664804,1.9331124577101044,2.7287001919692355,0.0007211731617805511,1.0012171443883713,True,2,57
S00_NORMAL_BASELINE,372,1.9285125261510985,1.9331124577101044,2.7273285696892815,0.00064543364706522,1.0007138674998526,True,2,57
S00_NORMAL_BASELINE,373,1.9270116071276164,1.9331124577101044,2.7252059496502494,0.0006240499273515787,1.0,False,2,57
S00_NORMAL_BASELINE,374,1.9249779238270652,1.9331124577101044,2.7223298871450385,0.0006659855044184024,1.0,False,2,57
S00_NORMAL_BASELINE,375,1.9224217252306341,1.9331124577101044,2.7187148764218465,0.0007540728924618203,1.0,False,2,57
S00_NORMAL_BASELINE,376,1.9193413049609207,1.9329479924305912,2.7143585042986085,0.0008776469623132843,0.9999149220321574,False,2,57
S00_NORMAL_BASELINE,377,1.9157349555513312,1.9322490149926606,2.709258356052911,0.0010244503684283222,0.9995533406688265,False,2,57
S00_NORMAL_BASELINE,378,1.9116060724864403,1.9309949672363733,2.7034192336250897,0.0011836623678697466,0.9989046211640271,False,2,57
S00_NORMAL_BASELINE,379,1.906959787172802,1.9292064073216684,2.6968483939198875,0.0013503270908187047,0.9979793982637394,False,2,57
S00_NORMAL_BASELINE,380,1.901796148281127,1.926883335248546,2.6895459057680835,0.0015237881051675833,0.9967776719679634,False,2,57
S00_NORMAL_BASELINE,381,1.8961219373650626,1.9240668673368844,2.6815213597348198,0.001698180296634179,0.9953207117686598,False,2,57
S00_NORMAL_BASELINE,382,1.8899354243412578,1.920695329106866,2.6727723091127573,0.001875296146727114,0.9935766134278875,False,2,57
S00_NORMAL_BASELINE,383,1.8832451314176426,1.916809836878369,2.6633108061239317,0.002051791966285404,0.9915666464376072,False,2,57
S00_NORMAL_BASELINE,384,1.8760510964925852,1.9123692743315157,2.6531369043647297,0.002229702791895716,0.9892695413058584,False,2,57
S00_NORMAL_BASELINE,385,1.8683635492827078,1.9074147577861837,2.642265070839138,0.00240545027930234,0.9867065675246016,False,2,57
S00_NORMAL_BASELINE,386,1.860185916094949,1.9019874035622517,2.6307001510768973,0.002581679455287261,0.9838989945857974,False,2,57
S00_NORMAL_BASELINE,387,1.851516458940124,1.8960255371799022,2.6184396871901314,0.002758008056764006,0.9808149182515051,False,2,57
S00_NORMAL_BASELINE,388,1.8423653574345527,1.8895291586391352,2.605498075330299,0.002930682521703572,0.9774543385217245,False,2,57
S00_NORMAL_BASELINE,389,1.8327362024566973,1.8825393842598288,2.591880393766424,0.0031042253290810454,0.9738385248884162,False,2,57
S00_NORMAL_BASELINE,390,1.8226373725020315,1.875056214041983,2.577598491480436,0.0032741696160687064,0.9699674773515801,False,2,57
S00_NORMAL_BASELINE,391,1.8120723112849988,1.8670385316657199,2.562657238620006,0.003442327886826853,0.9658199264192558,False,2,57
S00_NORMAL_BASELINE,392,1.8010496907527513,1.8585685697707957,2.5470688991704096,0.003609772552350264,0.9614384110753645,False,2,57
S00_NORMAL_BASELINE,393,1.7895744353760976,1.849584653877393,2.5308404373850513,0.0037733768617497663,0.9567910270819653,False,2,57
S00_NORMAL_BASELINE,394,1.77765353348265,1.8401484584653294,2.5139817362516186,0.003936449777726663,0.951909678676999,False,2,57
S00_NORMAL_BASELINE,395,1.7652903285154424,1.8301983090547873,2.496497524112595,0.004096622850392052,0.9467624616225248,False,2,57
S00_NORMAL_BASELINE,396,1.7524968232689286,1.8198164382855235,2.4784047754826837,0.004254430262245103,0.9413919149024639,False,2,57
S00_NORMAL_BASELINE,397,1.7392779481739793,1.8089617298376595,2.459710463044091,0.004408916180258874,0.9357767690248556,False,2,57
S00_NORMAL_BASELINE,398,1.7256389754217925,1.797613625551256,2.440422042801111,0.004561239682265687,0.9299063892437197,False,2,57
S00_NORMAL_BASELINE,399,1.711591928506339,1.7858543580660702,2.4205565185419857,0.004711229826052582,0.9238233145429775,False,2,57
S00_NORMAL_BASELINE,400,1.697143357540574,1.7736016947423447,2.400123153525291,0.004855957366558782,0.9174850059387075,False,2,57
S00_NORMAL_BASELINE,401,1.682302191540511,1.760958426379776,2.379134575286571,0.005000738496560877,0.9109446371608116,False,2,57
S00_NORMAL_BASELINE,402,1.6670749208515074,1.747862878498546,2.3575999625602555,0.005140724343291436,0.9041703039713487,False,2,57
S00_NORMAL_BASELINE,403,1.651470263816418,1.7343356092585942,2.3355316449450516,0.005278170870971359,0.897172641116299,False,2,57
S00_NORMAL_BASELINE,404,1.6354968417190394,1.7204177349797989,2.312941814777429,0.005413513989847232,0.8899729180876232,False,2,57
S00_NORMAL_BASELINE,405,1.6191645671016708,1.7060681393422816,2.289844490509144,0.0055433221322802794,0.8825498653933609,False,2,57
S00_NORMAL_BASELINE,406,1.6024838525776564,1.6913073805059817,2.266254397799209,0.005669846392778216,0.8749141177794921,False,2,57
S00_NORMAL_BASELINE,407,1.5854618057474712,1.6761765747907773,2.242181588312611,0.005795103050385909,0.8670869447379775,False,2,57
S00_NORMAL_BASELINE,408,1.5681083883099705,1.6606757221966684,2.2176401500189757,0.005916069439269074,0.8590683462688172,False,2,57
S00_NORMAL_BASELINE,409,1.5504320489972971,1.6447637064037768,2.1926420312298847,0.006032387817270595,0.8508370528800506,False,2,57
S00_NORMAL_BASELINE,410,1.532443408963288,1.62850220189192,2.1672022525251413,0.00614671351984711,0.8424249688096186,False,2,57
S00_NORMAL_BASELINE,411,1.5141540971142764,1.6119117668210368,2.141337259661798,0.00625668900835194,0.8338427288035014,False,2,57
S00_NORMAL_BASELINE,412,1.4955692412310095,1.59493072671131,2.1150543044169328,0.006362794354450404,0.8250584286237582,False,2,57
S00_NORMAL_BASELINE,413,1.4767027602020506,1.5776413142024963,2.0883730710715245,0.006466065637356585,0.8161146072543103,False,2,57
S00_NORMAL_BASELINE,414,1.4575629437866415,1.5600024129747172,2.0613052831155216,0.006564561072896015,0.8069899952031968,False,2,57
S00_NORMAL_BASELINE,415,1.4381618893023462,1.542034581187912,2.033868048739492,0.006658972644380243,0.7976952272163983,False,2,57
S00_NORMAL_BASELINE,416,1.4185100112476963,1.5237994933218981,2.0060760962685036,0.006751247409466044,0.7882622075318558,False,2,57
S00_NORMAL_BASELINE,417,1.398613859255459,1.505256033056797,1.977938688282045,0.006839416292048812,0.7786696666576083,False,2,57
S00_NORMAL_BASELINE,418,1.3784853666620223,1.4863836422326697,1.9494727010662807,0.0069221554858298435,0.7689069698476758,False,2,57
S00_NORMAL_BASELINE,419,1.3581369532564462,1.4672645534892728,1.9206956988553407,0.007002813282175956,0.7590166560859795,False,2,57
S00_NORMAL_BASELINE,420,1.3375799981257044,1.4478782086666673,1.8916237741083501,0.007077862404010088,0.748988090626539,False,2,57
S00_NORMAL_BASELINE,421,1.3168216639831096,1.4282040496049135,1.8622670564316202,0.00714961968611798,0.7399872362742829,False,2,57
S00_NORMAL_BASELINE,422,1.2958773624307622,1.4083243089437687,1.8326473411218587,0.007217808682851016,0.7470448126842237,False,2,57
S00_NORMAL_BASELINE,423,1.274752090775489,1.388177312203415,1.8027716954381554,0.007281959166679785,0.7536844021055016,False,2,57
S00_NORMAL_BASELINE,424,1.2534597073014286,1.3678041757037307,1.7726597179538903,0.00734196510213215,0.759895029843039,False,2,57
S00_NORMAL_BASELINE,425,1.2320120650384392,1.3472254576046552,1.7423281713846441,0.007397800735426916,0.7656740303747236,False,2,57
S00_NORMAL_BASELINE,426,1.21041777479469,1.3264411579061883,1.7117892332521132,0.007450214063073418,0.7710988215065345,False,2,57
S00_NORMAL_BASELINE,427,1.1886886792788465,1.30545127660833,1.681059651675507,0.00749779904941622,0.7760238782337237,False,2,57
S00_NORMAL_BASELINE,428,1.1668337735863512,1.2842763718710195,1.6501521476407952,0.0075426700912678895,0.7806680410992024,False,2,57
S00_NORMAL_BASELINE,429,1.1448664412234029,1.2629370018541959,1.6190856482839562,0.007582666832700765,0.7848077127813701,False,2,57
S00_NORMAL_BASELINE,430,1.1227953371207249,1.24141260839792,1.5878723935254007,0.00761856416558997,0.7885230947625792,False,2,57
S00_NORMAL_BASELINE,431,1.1006342649633565,1.2197854241419486,1.5565319047237214,0.0076516502737470835,0.7919475143553852,False,2,57
S00_NORMAL_BASELINE,432,1.0783880593834392,1.1979732164465247,1.5250710190812624,0.007679953823465932,0.7948769380803798,False,2,57
S00_NORMAL_BASELINE,433,1.0560739314819838,1.1760582179514054,1.4935140767704964,0.0077040811997537186,0.7973741269214052,False,2,57
S00_NORMAL_BASELINE,434,1.033698672530013,1.153999312336712,1.461870682099009,0.007724094830230881,0.7994455421511363,False,2,57
S00_NORMAL_BASELINE,435,1.0112746286958216,1.131837615922323,1.4301582951854468,0.007740659719208808,0.8011600118645068,False,2,57
S00_NORMAL_BASELINE,436,0.9888105330112279,1.1095936868681773,1.3983892664018476,0.007754464058560728,0.8025887640742856,False,2,57
S00_NORMAL_BASELINE,437,0.9663178290988856,1.0872469670143359,1.3665797794745707,0.00776274305913831,0.8034456424853726,False,2,57
S00_NORMAL_BASELINE,438,0.9438072049318813,1.0648385726806773,1.3347449494801096,0.007768262940474436,0.8040169514379891,False,2,57
S00_NORMAL_BASELINE,439,0.9212871578663956,1.042327387547323,1.3028967934948192,0.00776895367156567,0.8040884422603896,False,2,57
S00_NORMAL_BASELINE,440,0.8987718379003152,1.0197956442540292,1.2710553226376187,0.007766883337916915,0.8038741622647861,False,2,57
S00_NORMAL_BASELINE,441,0.8762678188395461,0.9972022264809184,1.2392298336739764,0.0077606690231219405,0.8032309792938933,False,2,57
S00_NORMAL_BASELINE,442,0.85378728655537,0.9745882505478684,1.2074375600283282,0.007751006744845445,0.8022309313316471,False,2,57
S00_NORMAL_BASELINE,443,0.8313373045899136,0.95193315829494,1.1756884910577485,0.0077378808512765605,0.800872398412123,False,2,57
S00_NORMAL_BASELINE,444,0.808930054307645,0.9292986242019508,1.1439998538130758,0.007722009043262106,0.7992296627334551,False,2,57
S00_NORMAL_BASELINE,445,0.7865734446983064,0.9066435319490225,1.1123828332948684,0.007701309059211334,0.7970872097553765,False,2,57
S00_NORMAL_BASELINE,446,0.7642767683905419,0.8839884396960941,1.0808505712645853,0.007677828476851271,0.7946569642305034,False,2,57
S00_NORMAL_BASELINE,447,0.7420504607629184,0.8613333474431657,1.0494178255761233,0.007650194998202448,0.7917968930110942,False,2,57
S00_NORMAL_BASELINE,448,0.7199052919631089,0.8387399296700548,1.0180998275183912,0.007620511613843996,0.7887246560923492,False,2,57
S00_NORMAL_BASELINE,449,0.6978462370048102,0.816167070056883,0.9869036128232317,0.007587356672680692,0.7852931122680104,False,2,57
S00_NORMAL_BASELINE,450,0.6758853523907571,0.7936353267635895,0.9558462319603273,0.007550072567195706,0.7814341990130349,False,2,57
S00_NORMAL_BASELINE,451,0.6540302474643592,0.7711652579501134,0.9249384461663284,0.0075106970451840095,0.7773588236798732,False,2,57
S00_NORMAL_BASELINE,452,0.6322909086638138,0.7487568636164547,0.8941943783975733,0.007467203033176865,0.7728571837112271,False,2,57
S00_NORMAL_BASELINE,453,0.6106749117255386,0.7264307019225524,0.8636247423632493,0.00742162330619992,0.76813967177681,False,2,57
S00_NORMAL_BASELINE,454,0.5891894221899862,0.7041662147084677,0.8332396716678457,0.0073725562285360926,0.763061218266477,False,2,57
S00_NORMAL_BASELINE,455,0.5678453771861142,0.6820045182940787,0.8030546337474684,0.007320747106322075,0.7576989625320375,False,2,57
S00_NORMAL_BASELINE,456,0.5466499262435609,0.6599661708393244,0.773079739563896,0.007266899774943272,0.752125751693269,False,2,57
S00_NORMAL_BASELINE,457,0.5256097073951632,0.6380100560243267,0.7433243767131938,0.007208892139862575,0.7461219484910487,False,2,57
S00_NORMAL_BASELINE,458,0.5047333241352848,0.6161772901689638,0.7138007123737753,0.0071494613441510846,0.7399708478453015,False,2,57
S00_NORMAL_BASELINE,459,0.4840294568816367,0.5944678732732358,0.6845210225100938,0.007086610130233344,0.7334657331503511,False,2,57
S00_NORMAL_BASELINE,460,0.4635059028665103,0.5728818053371425,0.6554963340738053,0.0070209687467031965,0.7266718352765933,False,2,57
S00_NORMAL_BASELINE,461,0.44317092354645987,0.5514602026805624,0.6267383305288136,0.006953970426295936,0.7197374941326231,False,2,57
S00_NORMAL_BASELINE,462,0.4230276242138337,0.530161948983617,0.5982514034216728,0.006884793896156499,0.7125777077942925,False,2,57
S00_NORMAL_BASELINE,463,0.40308762586984415,0.5090487187261239,0.5700519873299056,0.006813647738705718,0.7052140645888,False,2,57
S00_NORMAL_BASELINE,464,0.3833552821424406,0.48807939558820473,0.5421462392132038,0.006739699358356132,0.6975603906866624,False,2,57
S00_NORMAL_BASELINE,465,0.3638410888873732,0.46727453772979866,0.514549002453118,0.006663000789565472,0.6896220716658908,False,2,57
S00_NORMAL_BASELINE,466,0.3445517499780956,0.44665470331084484,0.4872697577584066,0.00658556080883112,0.6816070163431565,False,2,57
S00_NORMAL_BASELINE,467,0.3254947506317526,0.4262198923313432,0.4603190908246731,0.006506069531139859,0.6733796513266815,False,2,57
S00_NORMAL_BASELINE,468,0.30667839566202304,0.405990662951233,0.43370874643205515,0.006425246477594906,0.6650144472115446,False,2,57
S00_NORMAL_BASELINE,469,0.28811068993977307,0.38592589885063583,0.40745004517749667,0.006340941293021123,0.6562888417562676,False,2,57
S00_NORMAL_BASELINE,470,0.2698024823429448,0.3660872745093692,0.3815583296913201,0.006257279632866998,0.6476298412223267,False,2,57
S00_NORMAL_BASELINE,471,0.25176321312594624,0.34645423176749385,0.35604695050934115,0.006170947460623643,0.6386944420899845,False,2,57
S00_NORMAL_BASELINE,472,0.23400358786105743,0.32702677062500995,0.3309310475970716,0.0060838355221996395,0.6296783369835778,False,2,57
S00_NORMAL_BASELINE,473,0.21653968780111246,0.30778433292197827,0.30623336328036904,0.00599325435410183,0.620303165830161,False,2,57
S00_NORMAL_BASELINE,474,0.1993911738705419,0.2887885931382162,0.28198170230521225,0.005903330717602868,0.6109960493442587,False,2,57
S00_NORMAL_BASELINE,475,0.18257670952136013,0.27001899311378463,0.25820245877856046,0.005812042236412077,0.6015476711275527,False,2,57
S00_NORMAL_BASELINE,476,0.16612329441914472,0.2514960910086227,0.23493381599365318,0.0057207622010205334,0.5921001670529572,False,2,57
S00_NORMAL_BASELINE,477,0.1500660918878033,0.23317877050285216,0.2122255024000585,0.005626702117180809,0.582364927342315,False,2,57
S00_NORMAL_BASELINE,478,0.13445947150754206,0.21510814791635122,0.19015440819548474,0.005531971520692035,0.5725602894225595,False,2,57
S00_NORMAL_BASELINE,479,0.11937443703683483,0.19728422324911993,0.16882094785814492,0.0054371904413047815,0.5627504265115228,False,2,57
S00_NORMAL_BASELINE,480,0.10491751345930232,0.17972755466109744,0.1483757704646071,0.005343121855994682,0.5530143068967958,False,2,57
S00_NORMAL_BASELINE,481,0.09124939357002011,0.16237646767246627,0.12904612994504272,0.005246219219264164,0.5429848623263194,False,2,57
S00_NORMAL_BASELINE,482,0.07863456556304077,0.14531319492298306,0.11120606909056859,0.005150133003811883,0.5330399175407046,False,2,57
S00_NORMAL_BASELINE,483,0.0674797412239226,0.12847606193283032,0.09543076522429818,0.005053820885929978,0.5230715918031084,False,2,57
S00_NORMAL_BASELINE,484,0.058423301574976536,0.1119267431818255,0.08262302544594523,0.0049570913657205435,0.5130600648312755,False,2,57
S00_NORMAL_BASELINE,485,0.05233061361515372,0.09560356419015116,0.07400666350185653,0.0048594905036336965,0.5029583537802856,False,2,57
S00_NORMAL_BASELINE,486,0.050063779479287085,0.0797164237708043,0.07080087592326365,0.004761926094303837,0.49286041559779525,False,2,57
S00_NORMAL_BASELINE,487,0.0519041652883315,0.09262694821258198,0.07340357449441323,0.004664240462653775,0.4827499308780568,False,2,57
S00_NORMAL_BASELINE,488,0.05726551465556576,0.10529077473509002,0.08098566748217634,0.004567988937080642,0.4727878764579679,False,2,57
S00_NORMAL_BASELINE,489,0.06510749161163426,0.11764622885851102,0.09207589764926569,0.004470571795609508,0.46270518053178694,False,2,57
S00_NORMAL_BASELINE,490,0.07451415076183314,0.12979610138254064,0.10537892259609792,0.00437426252916076,0.45273714991816016,False,2,57
S00_NORMAL_BASELINE,491,0.0848423866516633,0.1416787178273615,0.11998525386688427,0.004277233386893287,0.44269461199632043,False,2,57
S00_NORMAL_BASELINE,492,0.09568783399617807,0.15331463635291273,0.13532303259150036,0.004181657159765288,0.43280245111630966,False,2,57
S00_NORMAL_BASELINE,493,0.10679969535473718,0.1647038569591943,0.15103757762798417,0.004086779903118012,0.42298263383735396,False,2,57
S00_NORMAL_BASELINE,494,0.11802069529767703,0.17584637964620625,0.16690646793067743,0.003991034042384496,0.41307291584123956,False,2,57
S00_NORMAL_BASELINE,495,0.1292484344266591,0.18674220441394856,0.18278488888167094,0.0038975680621455315,0.4033991659861264,False,2,57
S00_NORMAL_BASELINE,496,0.1404214389478451,0.1974324475822995,0.19858590340798807,0.0038052762458702354,0.3938469423638134,False,2,57
S00_NORMAL_BASELINE,497,0.15149035189970292,0.20785543467144166,0.21423971022523264,0.003713154479369348,0.38431231893117734,False,2,57
S00_NORMAL_BASELINE,498,0.16242537006563396,0.21805228200125334,0.22970416122028844,0.003621626428105622,0.37483914515835104,False,2,57
S00_NORMAL_BASELINE,499,0.17320477820813543,0.2280229895717345,0.244948546409769,0.0035307037945439216,0.36542863225306477,False,2,57
S00_NORMAL_BASELINE,500,0.1838150753199722,0.2377881155428243,0.25995377248613666,0.003443406755678168,0.3563933692095458,False,2,57
S00_NORMAL_BASELINE,501,0.19424329812686564,0.24728598543470534,0.27470150661109377,0.0033540177971637195,0.3471415920146026,False,2,57
S00_NORMAL_BASELINE,502,0.2044855312364125,0.2566193900470733,0.28918621158360175,0.0032678970272284873,0.33822807306842373,False,2,57
S00_NORMAL_BASELINE,503,0.21453415823207625,0.2657060967401716,0.3033971161640978,0.0031819199228651975,0.3293294235410667,False,2,57
S00_NORMAL_BASELINE,504,0.22439069480432536,0.2746283381537568,0.3173363638625989,0.003098494140822474,0.32069483644440183,False,2,57
S00_NORMAL_BASELINE,505,0.23405327640543686,0.28334499796795065,0.3310013178104275,0.003016485864067399,0.31220696146198373,False,2,57
S00_NORMAL_BASELINE,506,0.24352091873244913,0.2918560761827531,0.3443905859929859,0.002935934572918966,0.30386988481565674,False,2,57
S00_NORMAL_BASELINE,507,0.25279332355352396,0.30016157279816424,0.35750374664676354,0.0028552606167652206,0.29552011231385017,False,2,57
S00_NORMAL_BASELINE,508,0.26187218535581225,0.30830260413406224,0.3703431961384707,0.002778090561373681,0.2875329943244561,False,2,57
S00_NORMAL_BASELINE,509,0.27075929078392025,0.3162380538705689,0.3829114611651406,0.0027017033893788475,0.2796269049416855,False,2,57
S00_NORMAL_BASELINE,510,0.279462106493709,0.32405015464744075,0.39521910117275744,0.0026285142936145027,0.2720518171639078,False,2,57
S00_NORMAL_BASELINE,511,0.28798010537625,0.33165667382492126,0.40726537071672586,0.0025554032853777266,0.264484811462695,False,2,57
S00_NORMAL_BASELINE,512,0.2963175654702322,0.33911928588282775,0.4190563198573799,0.002486607953469293,0.25736447922651484,False,2,57
S00_NORMAL_BASELINE,513,0.30448096195734503,0.3464174326612212,0.4306011058844838,0.0024175885052600972,0.25022095090309016,False,2,57
S00_NORMAL_BASELINE,514,0.31247177078533844,0.35357167232004066,0.44190181610336265,0.0023521894595091722,0.24345213504367216,False,2,57
S00_NORMAL_BASELINE,515,0.3202951916401662,0.36056144669934703,0.4529658039804126,0.002286660206680232,0.2366698427225634,False,2,57
S00_NORMAL_BASELINE,516,0.32795459982373387,0.3674278721190186,0.4637978429133655,0.0022238232381040332,0.23016620242364802,False,2,57
S00_NORMAL_BASELINE,517,0.33545426430983905,0.37415039041911624,0.4744039701428633,0.0021631547508182743,0.2238870004231978,False,2,57
S00_NORMAL_BASELINE,518,0.34280035727521546,0.380749559759579,0.4847929144449522,0.0021053150006639042,0.21790057334839397,False,2,57
S00_NORMAL_BASELINE,519,0.35000088884668473,0.38724593830034615,0.49497600384961965,0.002049363543252772,0.2121095849947655,False,2,57
S00_NORMAL_BASELINE,520,0.35705891933053435,0.39361896788147843,0.5049575662835226,0.0019963687588020183,0.20662461295369217,False,2,57
S00_NORMAL_BASELINE,521,0.36398234084585285,0.39988920666291505,0.5147487628885117,0.0019437778094995473,0.2068628780845008,False,2,57
S00_NORMAL_BASELINE,522,0.3707748568205551,0.40607721280459513,0.5243548311025715,0.0018954537976716142,0.21006393662457673,False,2,57
S00_NORMAL_BASELINE,523,0.3774442178749411,0.4121624281465795,0.533786731958047,0.0018484723618980463,0.21321182143475104,False,2,57
S00_NORMAL_BASELINE,524,0.38399545050032646,0.4181654108488073,0.5430515739871281,0.0018042884180992052,0.21631716726100408,False,2,57
S00_NORMAL_BASELINE,525,0.39043316434492015,0.4240656027513395,0.5521558762168296,0.0017615505593643126,0.21936933935735553,False,2,57
S00_NORMAL_BASELINE,526,0.3967659859642338,0.4299246783339934,0.5611118384389525,0.0017229521862095704,0.22240024196174635,False,2,57
S00_NORMAL_BASELINE,527,0.40299837842877184,0.4356809631169516,0.5699257723883341,0.001685128095052301,0.22537797083623556,False,2,57
S00_NORMAL_BASELINE,528,0.4091372650629759,0.4413961315800315,0.5786074691242964,0.00165076304744471,0.22833443021876415,False,2,57
S00_NORMAL_BASELINE,529,0.41519100569116485,0.44707018372323315,0.5871687512237702,0.0016191490875416884,0.23126962010933208,False,2,57
S00_NORMAL_BASELINE,530,0.42116262856428816,0.45266200322667827,0.5956139012803185,0.0015882888879912144,0.23416227101597878,False,2,57
S00_NORMAL_BASELINE,531,0.42706095053934456,0.4582538227301234,0.6039553882126867,0.0015615324112098268,0.23705492192262545,False,2,57
S00_NORMAL_BASELINE,532,0.4328907043138559,0.4637839677537511,0.6121999050658963,0.0015362503128547797,0.23991566859133115,False,2,57
S00_NORMAL_BASELINE,533,0.4386568619257787,0.4692729964575005,0.6203544833634583,0.0015123415912503058,0.24275514576807622,False,2,57
S00_NORMAL_BASELINE,534,0.44436826964812765,0.47478258332118906,0.6284316336246467,0.001492563027182054,0.24560525769080163,False,2,57
S00_NORMAL_BASELINE,535,0.4500297320181201,0.48025105386499933,0.6364381504911549,0.001474239592064708,0.2484341001215664,False,2,57
S00_NORMAL_BASELINE,536,0.4556462710067684,0.4856989662488705,0.6443811361024986,0.0014587947896848032,0.2512523078063508,False,2,57
S00_NORMAL_BASELINE,537,0.4612280805014944,0.49116743679268077,0.652275006792523,0.0014453580642333486,0.2540811502371156,False,2,57
S00_NORMAL_BASELINE,538,0.46677686343997005,0.4966153491765519,0.6601221708787798,0.001434827200672519,0.2568993579219,False,2,57
S00_NORMAL_BASELINE,539,0.47230450872806684,0.5021043778803014,0.667939441813194,0.0014270551780559634,0.2597388350986451,False,2,57
S00_NORMAL_BASELINE,540,0.4778143911789137,0.5075934065840508,0.6757315923022632,0.0014206981478425433,0.2625783122753902,False,2,57
S00_NORMAL_BASELINE,541,0.4833134885913649,0.5131235516076785,0.6835084904437624,0.001418583997843891,0.2654390589440959,False,2,57
S00_NORMAL_BASELINE,542,0.48880641892673427,0.518633138471367,0.6912766670212123,0.0014157676954812438,0.2682891708668213,False,2,57
S00_NORMAL_BASELINE,543,0.494298684075583,0.524204399814873,0.6990439028828632,0.0014171765462543875,0.2711711870274876,False,2,57
S00_NORMAL_BASELINE,544,0.4997986692908012,0.5298167774782573,0.7068220565670764,0.0014213947200933457,0.27407447268011464,False,2,57
S00_NORMAL_BASELINE,545,0.5053149019260782,0.5354908296214589,0.7146231875730903,0.001427058886110665,0.27700966257068255,False,2,57
S00_NORMAL_BASELINE,546,0.5108456003801412,0.5411648817646606,0.722444776336222,0.0014340707356906685,0.27994485246125056,False,2,57
S00_NORMAL_BASELINE,547,0.5163992262007931,0.5469006083876796,0.7302987892921333,0.0014438814268045613,0.28291194658975943,False,2,57
S00_NORMAL_BASELINE,548,0.5219843754893183,0.5527185676504552,0.7381973831638441,0.0014558600048229175,0.2859215797021896,False,2,57
S00_NORMAL_BASELINE,549,0.5276045519368444,0.5585982013930483,0.7461455129188653,0.0014705979291489606,0.2889631170525607,False,2,57
S00_NORMAL_BASELINE,550,0.5332645997539145,0.5645189514555196,0.7541500293054461,0.0014853392473292404,0.2920259238948925,False,2,57
S00_NORMAL_BASELINE,551,0.538968155465992,0.5705219341577474,0.7622160751472166,0.0015028759557436792,0.29513126972114556,False,2,57
S00_NORMAL_BASELINE,552,0.5447238228458994,0.576627707659671,0.7703558180163901,0.0015226178663004161,0.2982897892773002,False,2,57
S00_NORMAL_BASELINE,553,0.5505314833841192,0.5827745974814728,0.7785690903151995,0.001544233717328257,0.3014695783254155,False,2,57
S00_NORMAL_BASELINE,554,0.5564012519635664,0.5890242781029702,0.7868701966482452,0.001567362213062398,0.3047025411034323,False,2,57
S00_NORMAL_BASELINE,555,0.5623367510759735,0.5953767495241633,0.7952642599924648,0.001592628876054635,0.3079886776113508,False,2,57
S00_NORMAL_BASELINE,556,0.5683395349207611,0.6017908954251739,0.8037534783177575,0.0016178541817933908,0.31130671835721024,False,2,57
S00_NORMAL_BASELINE,557,0.5744149868392494,0.6083283902858193,0.8123454648184294,0.0016472002380693424,0.31468856757895153,False,2,57
S00_NORMAL_BASELINE,558,0.5805677824049342,0.6149275596262821,0.8210468317539299,0.001676430308614261,0.31810232103863384,False,2,57
S00_NORMAL_BASELINE,559,0.586805014741989,0.6216706360863189,0.8298676103166648,0.0017079599416412112,0.3215905177201784,False,2,57
S00_NORMAL_BASELINE,560,0.5931248463988756,0.628475387026173,0.8388052019577488,0.00173932874361253,0.32511061863966384,False,2,57
S00_NORMAL_BASELINE,561,0.5995325013142893,0.635403486925662,0.8478669944421333,0.001773439683132536,0.3286945280350312,False,2,57
S00_NORMAL_BASELINE,562,0.6060347445724416,0.6424549357847857,0.8570625550436612,0.0018090057016252102,0.3323422459062805,False,2,57
S00_NORMAL_BASELINE,563,0.6126332605382846,0.6496091754436053,0.866394265814092,0.001844617485046691,0.3360431375074314,False,2,57
S00_NORMAL_BASELINE,564,0.6193263029783678,0.6568456477421812,0.8758596572063962,0.0018813587821509558,0.3397865680925035,False,2,57
S00_NORMAL_BASELINE,565,0.6261205626921074,0.6642054690003921,0.8854681914398519,0.001918888805522534,0.3435938071534576,False,2,57
S00_NORMAL_BASELINE,566,0.6330196912391617,0.6717091973781769,0.8952250325996515,0.001957957082037433,0.34747548943627393,False,2,57
S00_NORMAL_BASELINE,567,0.640021848084383,0.6792951583957183,0.9051275777760271,0.0019974668071924342,0.3513997107030115,False,2,57
S00_NORMAL_BASELINE,568,0.6471338538490315,0.6870250265328336,0.9151854727840687,0.0020378623460305893,0.3553983751916113,False,2,57
S00_NORMAL_BASELINE,569,0.6543540370853338,0.6948576854696445,0.9253963538396662,0.0020794357931304148,0.35945021341011274,False,2,57
S00_NORMAL_BASELINE,570,0.6616873414607941,0.7028136933660903,0.9357672123444523,0.002120478558637686,0.36356586010449604,False,2,57
S00_NORMAL_BASELINE,571,0.6691322865769056,0.710893050222171,0.9462959546987804,0.0021634516449085405,0.3677453152747613,False,2,57
S00_NORMAL_BASELINE,572,0.6766937759879315,0.7190957560378863,0.9569895155755938,0.002206479928889621,0.37198857892090836,False,2,57
S00_NORMAL_BASELINE,573,0.6843700624597505,0.7274012526532975,0.9678454240127013,0.0022488001796771,0.3762850162969571,False,2,57
S00_NORMAL_BASELINE,574,0.6921612395026691,0.7358300982283434,0.9788638122536467,0.002291800745004745,0.3806452621488878,False,2,57
S00_NORMAL_BASELINE,575,0.7000689903262552,0.7443822927630241,0.9900470607162293,0.0023360830517634725,0.3850693164767003,False,2,57
S00_NORMAL_BASELINE,576,0.7080947460052908,0.7530372780974006,1.001397193245814,0.002379639130919041,0.38954654453441445,False,2,57
S00_NORMAL_BASELINE,577,0.7162403854825256,0.761836170551351,1.0129168670687214,0.0024233753234177064,0.39409821581399085,False,2,57
S00_NORMAL_BASELINE,578,0.724500712072222,0.770717295645058,1.024598732961501,0.0024668766673852107,0.3986924260774885,False,2,57
S00_NORMAL_BASELINE,579,0.7328789979389287,0.7797217696983997,1.0364474184636365,0.002509801058491412,0.40335044481686805,False,2,57
S00_NORMAL_BASELINE,580,0.7413737136940497,0.7888495927113763,1.0484607606930332,0.002553396717064768,0.4080722720321296,False,2,57
S00_NORMAL_BASELINE,581,0.7499828775583757,0.7980596483641094,1.0606359569906552,0.0025955324511101607,0.4128366382313123,False,2,57
S00_NORMAL_BASELINE,582,0.7587065887625625,0.8073930529764773,1.0729731476898423,0.002637729339805018,0.41766481290637697,False,2,57
S00_NORMAL_BASELINE,583,0.7675431229008948,0.816829248388541,1.0854698941126448,0.0026792379092351356,0.42254616131134326,False,2,57
S00_NORMAL_BASELINE,584,0.7764907758066745,0.8263682346003003,1.0981237862034054,0.002720696683171363,0.4274806834462111,False,2,57
S00_NORMAL_BASELINE,585,0.7855476265465647,0.8359894534518161,1.110932107352147,0.0027607375376247838,0.4324577445650002,False,2,57
S00_NORMAL_BASELINE,586,0.794713836554716,0.8457340212629668,1.1238950858612344,0.0028008634416793,0.4374986141596713,False,2,57
S00_NORMAL_BASELINE,587,0.8039859195497338,0.855560821713874,1.1370077913842376,0.002840223093364442,0.4425820227382636,False,2,57
S00_NORMAL_BASELINE,588,0.8133620162316929,0.8654698548045378,1.1502675944739857,0.0028775607347583864,0.44770797030077714,False,2,57
C01_SPEED_SENSOR_SPOOFING,0,0.0995181222396125,0.1738316799721709,0.14073987817316352,0.009878426078661845,1.0224193081041815,True,2,57
C01_SPEED_SENSOR_SPOOFING,1,0.10824429860271077,0.20156463773006592,0.15308055513351662,0.009851501044939651,1.0196325610930972,True,2,57
C01_SPEED_SENSOR_SPOOFING,2,0.1229078145756462,0.22917424652832613,0.17381789829451644,0.009821118440573342,1.016487954747183,True,2,57
C01_SPEED_SENSOR_SPOOFING,3,0.14162371189786735,0.2566399482070124,0.20028617411958388,0.009786586400144223,1.0129138808408924,True,2,57
C01_SPEED_SENSOR_SPOOFING,4,0.16294460692271945,0.28392062644624644,0.23043847302566275,0.009747240839334922,1.0088416064988783,True,2,57
C01_SPEED_SENSOR_SPOOFING,5,0.1859230355216163,0.3110368394059674,0.2629348783922445,0.009703739808095102,1.0043392400380808,True,2,57
C01_SPEED_SENSOR_SPOOFING,6,0.20996142564775025,0.3379680289262361,0.2969302957262386,0.009656097837705956,0.9994082854493525,False,2,57
C01_SPEED_SENSOR_SPOOFING,7,0.2346793803751137,0.3646936368471135,0.3318867625358002,0.009604334296370925,0.9940507473460808,False,2,57
C01_SPEED_SENSOR_SPOOFING,8,0.25983279078634736,0.39123422132853863,0.3674590566793034,0.00954838381550167,0.988259860064755,False,2,57
C01_SPEED_SENSOR_SPOOFING,9,0.285250381460063,0.4175281078906941,0.40340495813291993,0.009487641340550005,0.9819730003243387,False,2,57
C01_SPEED_SENSOR_SPOOFING,10,0.31081577553013245,0.4435958546935191,0.43955988515422484,0.009423465941919871,0.9753308322155483,False,2,57
C01_SPEED_SENSOR_SPOOFING,11,0.33644853258203283,0.46945801989695274,0.47581007781803697,0.009355058423363547,0.9682506387480323,False,2,57
C01_SPEED_SENSOR_SPOOFING,12,0.3620809451961603,0.4950529290211776,0.5120597833732793,0.009283275516777215,0.9608210918646237,False,2,57
C01_SPEED_SENSOR_SPOOFING,13,0.3876661336398397,0.5204011402261328,0.5482427038662021,0.009207311256903872,0.9529587739809968,False,2,57
C01_SPEED_SENSOR_SPOOFING,14,0.4131613715546579,0.5454615371919401,0.5842984151012667,0.009126531278114816,0.9445980281127273,False,2,57
C01_SPEED_SENSOR_SPOOFING,15,0.4385326589741022,0.5702341199185995,0.6201788338647107,0.009042351634914531,0.9358854162176803,False,2,57
C01_SPEED_SENSOR_SPOOFING,16,0.4637581317294954,0.5947600047259892,0.6558530395526608,0.008955325898599988,0.9268782330488788,False,2,57
C01_SPEED_SENSOR_SPOOFING,17,0.4888078703785561,0.6189364008144137,0.6912787196840638,0.008862877163360715,0.9173097682787049,False,2,57
C01_SPEED_SENSOR_SPOOFING,18,0.5136653912899566,0.6428455408236293,0.7264325628839393,0.008768301770462665,0.9075211939652952,False,2,57
C01_SPEED_SENSOR_SPOOFING,19,0.5383133260299386,0.666446308433758,0.7612900064777088,0.00866953129767885,0.8972984279456268,False,2,57
C01_SPEED_SENSOR_SPOOFING,20,0.562735143972725,0.6897387036447996,0.7958276726302038,0.008568731314711718,0.8868656071681563,False,2,57
C01_SPEED_SENSOR_SPOOFING,21,0.586911184343721,0.7126404938169976,0.830017756807346,0.008462551336111413,0.8758759556396057,False,2,57
C01_SPEED_SENSOR_SPOOFING,22,0.6108326770809895,0.7352544697500476,0.8638478562686006,0.008353411800943851,0.8645799893445432,False,2,57
C01_SPEED_SENSOR_SPOOFING,23,0.6344821841749176,0.7574983988041932,0.8972933099442725,0.00824092604718709,0.8529376886772345,False,2,57
C01_SPEED_SENSOR_SPOOFING,24,0.6578492418222796,0.7793928391393735,0.9303393197819256,0.008124946629471046,0.8409337930089048,False,2,57
C01_SPEED_SENSOR_SPOOFING,25,0.6809228723765001,0.8009377907555885,0.9629703610448905,0.008006922594113224,0.8287182789574442,False,2,57
C01_SPEED_SENSOR_SPOOFING,26,0.7036913795132093,0.8220921373329599,0.9951698926326132,0.007885551582890123,0.8161563521554939,False,2,57
C01_SPEED_SENSOR_SPOOFING,27,0.7261457858560436,0.8428764370314268,1.026925218617686,0.007759908041028349,0.8031522174770397,False,2,57
C01_SPEED_SENSOR_SPOOFING,28,0.748274892656415,0.8632906898509893,1.058220501577974,0.007633709042662226,0.7900905929261769,False,2,57
C01_SPEED_SENSOR_SPOOFING,29,0.7700728174753062,0.8833143376317082,1.089047422488439,0.007503276922887817,0.7765908393629678,False,2,57
C01_SPEED_SENSOR_SPOOFING,30,0.7915285482816863,0.9029473803735835,1.119390407985448,0.007370057921282013,0.7628026429070212,False,2,57
C01_SPEED_SENSOR_SPOOFING,31,0.8126322853772411,0.922169259916676,1.1492355992027377,0.00723337278760391,0.748655701006513,False,2,57
C01_SPEED_SENSOR_SPOOFING,32,0.8333745962084803,0.9409799762609858,1.1785696564952346,0.00709623822777385,0.734462243398779,False,2,57
C01_SPEED_SENSOR_SPOOFING,33,0.8537539978365426,0.9594000875664521,1.2073904826706887,0.006955412366080656,0.7198867352227807,False,2,57
C01_SPEED_SENSOR_SPOOFING,34,0.8737581552576345,0.9773884775131965,1.235680633399443,0.006812675244287326,0.7051134111990323,False,2,57
C01_SPEED_SENSOR_SPOOFING,35,0.8933846504896645,0.9949862624210972,1.263436689138431,0.006668444587781254,0.6901855059985383,False,2,57
C01_SPEED_SENSOR_SPOOFING,36,0.9126240154300321,1.012131767810337,1.290645259968544,0.006520844245253782,0.6749088375413178,False,2,57
C01_SPEED_SENSOR_SPOOFING,37,0.9314670617471182,1.0288249936809157,1.317293351626592,0.006371377773955598,0.6594390243390345,False,2,57
C01_SPEED_SENSOR_SPOOFING,38,0.9499115714287688,1.0451070563527118,1.343377827369704,0.006220432187078415,0.6438161223435727,False,2,57
C01_SPEED_SENSOR_SPOOFING,39,0.9679520405634017,1.060957397665786,1.368890903491475,0.006067361575138042,0.6279732797788834,False,2,57
C01_SPEED_SENSOR_SPOOFING,40,0.9855812199702526,1.0763554594601992,1.393822328102152,0.00591230698331069,0.6119250948522446,False,2,57
C01_SPEED_SENSOR_SPOOFING,41,1.002795390635551,1.0913217998958906,1.4181668417220217,0.005755815136906435,0.5957281537555047,False,2,57
C01_SPEED_SENSOR_SPOOFING,42,1.0195909144283817,1.10585641897286,1.4419192992570031,0.005598648403067605,0.5794613616583716,False,2,57
C01_SPEED_SENSOR_SPOOFING,43,1.0359601898124102,1.1198976422112903,1.4650689505113164,0.005439028305942998,0.5793235865532007,False,2,57
C01_SPEED_SENSOR_SPOOFING,44,1.0519031924152267,1.1335277022509376,1.487615761017169,0.005278416863752383,0.5863744231381519,False,2,57
C01_SPEED_SENSOR_SPOOFING,45,1.067412826373112,1.146684924611985,1.5095496957078527,0.005116666881450242,0.593180660565556,False,2,57
C01_SPEED_SENSOR_SPOOFING,46,1.0824852062972312,1.1593693092944322,1.530865259813782,0.004952107919596783,0.5997422988354125,False,2,57
C01_SPEED_SENSOR_SPOOFING,47,1.09711892472017,1.1716425307780967,1.5515604628754511,0.004788841581434507,0.6060912421856628,False,2,57
C01_SPEED_SENSOR_SPOOFING,48,1.1113099244443139,1.1834223564232218,1.5716295671489682,0.00462465021502666,0.6121849516323853,False,2,57
C01_SPEED_SENSOR_SPOOFING,49,1.125059723014104,1.194770460709625,1.5910747187662637,0.004459526648040585,0.6180553314135212,False,2,57
C01_SPEED_SENSOR_SPOOFING,50,1.1383630581066617,1.2056457273174281,1.6098884756789527,0.00429315864558912,0.6236811120371097,False,2,57
C01_SPEED_SENSOR_SPOOFING,51,1.1512181209209118,1.2160687144065705,1.6280682798560233,0.004126910394420184,0.6290729282491313,False,2,57
C01_SPEED_SENSOR_SPOOFING,52,1.1636229029259482,1.2260188638171123,1.6456112908058274,0.003959395099404276,0.6342201453036055,False,2,57
C01_SPEED_SENSOR_SPOOFING,53,1.1755774556658152,1.2355372918689327,1.6625175814226516,0.0037916300025647317,0.6391440326924931,False,2,57
C01_SPEED_SENSOR_SPOOFING,54,1.1870764230655773,1.2445623240822135,1.6787795770726812,0.003624649208346607,0.6438126861778529,False,2,57
C01_SPEED_SENSOR_SPOOFING,55,1.198124698807869,1.2531556349367725,1.694404198468268,0.00345655674857884,0.6482580099976262,False,2,57
C01_SPEED_SENSOR_SPOOFING,56,1.2087207292423345,1.2613172244326096,1.7093892484160074,0.003289951639159603,0.6524800041518126,False,2,57
C01_SPEED_SENSOR_SPOOFING,57,1.218864207196837,1.2690059762498467,1.723734292508897,0.0031239283901157455,0.6564573991484518,False,2,57
C01_SPEED_SENSOR_SPOOFING,58,1.2285566415910552,1.2762424485484227,1.737441464681612,0.00295630881036386,0.660200829733524,False,2,57
C01_SPEED_SENSOR_SPOOFING,59,1.2377929097352043,1.2830060831683987,1.7505035203567822,0.002790239949307472,0.6636996611610488,False,2,57
C01_SPEED_SENSOR_SPOOFING,60,1.2465779640026486,1.2893379964296527,1.7629274632479854,0.002623994005468943,0.666975162922987,False,2,57
C01_SPEED_SENSOR_SPOOFING,61,1.2549118479921746,1.2952381883321848,1.774713355013217,0.0024594659879242217,0.6700273350193384,False,2,57
C01_SPEED_SENSOR_SPOOFING,62,1.2627978575178214,1.300706658875995,1.7858658566373904,0.002295842838683041,0.6728561774501032,False,2,57
C01_SPEED_SENSOR_SPOOFING,63,1.2702341156888817,1.3057022917412053,1.7963823137962114,0.0021334194320616006,0.6754404207233207,False,2,57
C01_SPEED_SENSOR_SPOOFING,64,1.2772256928790255,1.3102867614076326,1.8062698970808913,0.001971577321038132,0.6778119690769316,False,2,57
C01_SPEED_SENSOR_SPOOFING,65,1.283772580836963,1.3144395097153383,1.8155285948223439,0.00181314513549728,0.679960187764956,False,2,57
C01_SPEED_SENSOR_SPOOFING,66,1.289879719637966,1.3181605366643219,1.8241653933420172,0.0016554594750232202,0.6818850767873936,False,2,57
C01_SPEED_SENSOR_SPOOFING,67,1.2955470830830726,1.3214498422545837,1.8321802555889843,0.0014987559861538542,0.6835866361442446,False,2,57
C01_SPEED_SENSOR_SPOOFING,68,1.3007763836803712,1.324327984646063,1.8395756034154098,0.0013459174339272668,0.6850755005814894,False,2,57
C01_SPEED_SENSOR_SPOOFING,69,1.3055726429552246,1.3267949638387593,1.846358538330565,0.0011966601056366212,0.6863516700991276,False,2,57
C01_SPEED_SENSOR_SPOOFING,70,1.3099392072402354,1.328850779832673,1.8525337927634014,0.0010533331968669575,0.6874151446971595,False,2,57
C01_SPEED_SENSOR_SPOOFING,71,1.3138810894565525,1.3304954326278038,1.8581084560549943,0.0009153689950042006,0.6882659243755849,False,2,57
C01_SPEED_SENSOR_SPOOFING,72,1.317401685650094,1.331749480384091,1.86308733093954,0.0007851806365860321,0.6889146438803843,False,2,57
C01_SPEED_SENSOR_SPOOFING,73,1.320502646180332,1.3325923649415956,1.867472751377786,0.0006670168946795471,0.6893506684655774,False,2,57
C01_SPEED_SENSOR_SPOOFING,74,1.3231890733131444,1.333065202620196,1.8712719330633365,0.0005699631516309667,0.6895952676231247,False,2,57
C01_SPEED_SENSOR_SPOOFING,75,1.3254694234133482,1.3331679934198915,1.8744968351020033,0.0004997314346429343,0.6896484413530263,False,2,57
C01_SPEED_SENSOR_SPOOFING,76,1.3273453608543053,1.3331679934198915,1.8771498112731684,0.00047012096847302316,0.6896484413530263,False,2,57
C01_SPEED_SENSOR_SPOOFING,77,1.328821958346972,1.3331679934198915,1.879238035473464,0.0004864690827860028,0.6896484413530263,False,2,57
C01_SPEED_SENSOR_SPOOFING,78,1.3299042860544534,1.3331679934198915,1.8807686779963162,0.0005435150426624956,0.6900933457550746,False,2,57
C01_SPEED_SENSOR_SPOOFING,79,1.3305974174355215,1.3331679934198915,1.8817489137959291,0.0006288324894486492,0.6904530147619534,False,2,57
C01_SPEED_SENSOR_SPOOFING,80,1.3309081491793942,1.3331679934198915,1.8821883548423737,0.0007296506388979059,0.6906142548684859,False,2,57
C01_SPEED_SENSOR_SPOOFING,81,1.3308432670591817,1.3331679934198915,1.8820965976680137,0.0008395021646067386,0.6905805872430134,False,2,57
C01_SPEED_SENSOR_SPOOFING,82,1.3304078494034244,1.3331679934198915,1.8814808241139451,0.0009555744969572629,0.6903546470531718,False,2,57
C01_SPEED_SENSOR_SPOOFING,83,1.329606985552578,1.3331679934198915,1.8803482315944637,0.0010754129940909148,0.6899390751807294,False,2,57
C01_SPEED_SENSOR_SPOOFING,84,1.3284491619913459,1.3331679934198915,1.878710821811334,0.001194327641628152,0.6896484413530263,False,2,57
C01_SPEED_SENSOR_SPOOFING,85,1.3269411857585027,1.3331679934198915,1.876578221371111,0.0013141962598417823,0.6896484413530263,False,2,57
C01_SPEED_SENSOR_SPOOFING,86,1.3250881359902709,1.3331679934198915,1.8739576132571254,0.0014335661043167838,0.6896484413530263,False,2,57
C01_SPEED_SENSOR_SPOOFING,87,1.3228934028073367,1.3328801791807436,1.8708537918240293,0.001552831683427679,0.6894995549093019,False,2,57
C01_SPEED_SENSOR_SPOOFING,88,1.3203688779154934,1.3322223180626913,1.8672835744834362,0.0016683628920321331,0.6891592430379317,False,2,57
C01_SPEED_SENSOR_SPOOFING,89,1.3175213605314418,1.3311944100657345,1.863256576779817,0.001782142714818274,0.6886275057389157,False,2,57
C01_SPEED_SENSOR_SPOOFING,90,1.3143576697167558,1.329796455189873,1.8587824423225332,0.0018941291760197594,0.687904343012254,False,2,57
C01_SPEED_SENSOR_SPOOFING,91,1.310886334187112,1.3280695697549856,1.8538732325369633,0.0020042926966834978,0.6870110243499072,False,2,57
C01_SPEED_SENSOR_SPOOFING,92,1.307114113534698,1.3260137537610721,1.8485385069300553,0.002111843923345685,0.6859475497518754,False,2,57
C01_SPEED_SENSOR_SPOOFING,93,1.3030460990138808,1.323608449048193,1.8427854656227851,0.002217268054276808,0.6847032844721781,False,2,57
C01_SPEED_SENSOR_SPOOFING,94,1.2986924996988438,1.3208536556163488,1.8366285464263215,0.0023189095851013,0.6832782285108154,False,2,57
C01_SPEED_SENSOR_SPOOFING,95,1.294061886153597,1.3178110479453566,1.830079869948525,0.0024192189402401695,0.6817042861057283,False,2,57
C01_SPEED_SENSOR_SPOOFING,96,1.2891609662941828,1.3144395097153383,1.8231489226152375,0.0025155849127718654,0.679960187764956,False,2,57
C01_SPEED_SENSOR_SPOOFING,97,1.2839982948838193,1.3107595990862329,1.815847802688626,0.0026094645449941632,0.678056568234479,False,2,57
C01_SPEED_SENSOR_SPOOFING,98,1.2785807155732292,1.3067507578981012,1.8081861885523574,0.002700372677578344,0.6759827927683169,False,2,57
C01_SPEED_SENSOR_SPOOFING,99,1.2729202020438957,1.3024952187907,1.8001810135491776,0.0027889564232213785,0.6737814003503909,False,2,57
C01_SPEED_SENSOR_SPOOFING,100,1.2670217459151214,1.2979518654441509,1.7918393368948025,0.0028742049538200785,0.6714311214887405,False,2,57
C01_SPEED_SENSOR_SPOOFING,101,1.2608938755142483,1.2931206978584537,1.7831732194654228,0.002956200955000568,0.6689319561833655,False,2,57
C01_SPEED_SENSOR_SPOOFING,102,1.2545451652690291,1.2880222741935479,1.774194787333057,0.003035582739409548,0.6662945391802465,False,2,57
C01_SPEED_SENSOR_SPOOFING,103,1.2479857940975194,1.2826771526093725,1.7649184356616687,0.0031114400824459806,0.6635295052253638,False,2,57
C01_SPEED_SENSOR_SPOOFING,104,1.2412209052416139,1.2770647749459882,1.7553514380937005,0.0031848091239459913,0.6606262195727367,False,2,57
C01_SPEED_SENSOR_SPOOFING,105,1.2342624178392996,1.2712262575232736,1.7455106508357454,0.003254619506404917,0.6576059517143263,False,2,57
C01_SPEED_SENSOR_SPOOFING,106,1.2271154606190273,1.265141042181289,1.7354033270051359,0.003321871411478079,0.6544580669041519,False,2,57
C01_SPEED_SENSOR_SPOOFING,107,1.2197902791685853,1.2588502452399133,1.725043956051077,0.0033862984930707798,0.6512038346341744,False,2,57
C01_SPEED_SENSOR_SPOOFING,108,1.2122952783392074,1.252333308539207,1.7144444242281733,0.00344660259075588,0.6478326201584134,False,2,57
C01_SPEED_SENSOR_SPOOFING,109,1.2046373879187053,1.2455902320791703,1.7036145317363323,0.003504339114187784,0.6443444234768688,False,2,57
C01_SPEED_SENSOR_SPOOFING,110,1.1968285391017834,1.2386621321796814,1.69257115183292,0.0035585477414961505,0.6407605140815015,False,2,57
C01_SPEED_SENSOR_SPOOFING,111,1.188873879013466,1.2315490088407401,1.6813215636519538,0.003610765087311648,0.6370808919723112,False,2,57
C01_SPEED_SENSOR_SPOOFING,112,1.1807818847283778,1.2242508620623467,1.6698777555873363,0.003659541234075455,0.6333055571492981,False,2,57
C01_SPEED_SENSOR_SPOOFING,113,1.1725610899694459,1.216767691844501,1.6582517961457695,0.003704919257451761,0.6294345096124621,False,2,57
C01_SPEED_SENSOR_SPOOFING,114,1.1642217339402499,1.2091406145070815,1.6464581657478226,0.0037474842953947817,0.625489018853764,False,2,57
C01_SPEED_SENSOR_SPOOFING,115,1.1557705474378817,1.2013285137302097,1.6345063831780289,0.003785988434100931,0.6214478153812428,False,2,57
C01_SPEED_SENSOR_SPOOFING,116,1.147216254357815,1.193393063993703,1.6224087858876841,0.003823123870674232,0.6173428034328399,False,2,57
C01_SPEED_SENSOR_SPOOFING,117,1.1385671879604142,1.1852931489776832,1.6101771588866145,0.0038554445969022234,0.6131527135165943,False,2,57
C01_SPEED_SENSOR_SPOOFING,118,1.1298320542939635,1.1770698850020287,1.5978238143863783,0.003885728290233914,0.6088988151244669,False,2,57
C01_SPEED_SENSOR_SPOOFING,119,1.1210176773679807,1.1687438302266784,1.585358402993785,0.00391393029950597,0.6045917430024378,False,2,57
C01_SPEED_SENSOR_SPOOFING,120,1.1121307718522693,1.1602738683317542,1.5727904206859376,0.003938033510528718,0.6002102276585465,False,2,57
C01_SPEED_SENSOR_SPOOFING,121,1.1031817061689035,1.1517216737970735,1.560134530625954,0.0039600492487690125,0.595786173330734,False,2,57
C01_SPEED_SENSOR_SPOOFING,122,1.0941755311554258,1.143046130302758,1.5473978757767881,0.00397865595485344,0.5912983105270395,False,2,57
C01_SPEED_SENSOR_SPOOFING,123,1.0851225797366757,1.1342883541686857,1.534595069100887,0.0039944986868105554,0.5867679087394237,False,2,57
C01_SPEED_SENSOR_SPOOFING,124,1.0760296650487617,1.125448345394857,1.5217357458277376,0.0040075890978018645,0.5821949679678867,False,2,57
C01_SPEED_SENSOR_SPOOFING,125,1.0669036586952492,1.116546662141211,1.5088296238722971,0.004018611130792531,0.5775901229584088,False,2,57
C01_SPEED_SENSOR_SPOOFING,126,1.0577513160278995,1.1075833044077474,1.4958862567446451,0.0040268736262570335,0.5729533737109898,False,2,57
C01_SPEED_SENSOR_SPOOFING,127,1.048579449847432,1.0985377140345274,1.482915279199957,0.004031699376771673,0.5682740854796496,False,2,57
C01_SPEED_SENSOR_SPOOFING,128,1.0393951153794518,1.0894715655013683,1.4699266688339687,0.004035835075155006,0.5635841625023291,False,2,57
C01_SPEED_SENSOR_SPOOFING,129,1.4512491020471754,3.6737350606505133,2.0523761624968913,0.30032734099287783,31.083946950413566,True,2,57
C01_SPEED_SENSOR_SPOOFING,130,1.7686115494484753,3.6737350606505133,2.5011944397997277,0.300327313192678,31.08394407308667,True,2,57
C01_SPEED_SENSOR_SPOOFING,131,2.0361668963154274,3.6737350606505133,2.879574840024409,0.3003272484488714,31.083937372088204,True,2,57
C01_SPEED_SENSOR_SPOOFING,132,2.271586706538377,3.6737350606505133,3.2125087284930043,0.3003271652068137,31.08392875651662,True,2,57
C01_SPEED_SENSOR_SPOOFING,133,2.484035302153242,3.6737350606505133,3.5129564137186637,0.30032703608913164,31.083915392807654,True,2,57
C01_SPEED_SENSOR_SPOOFING,134,2.678986091957953,3.6737350606505133,3.7886584646558323,0.3003268978808425,31.083901088218823,True,2,57
C01_SPEED_SENSOR_SPOOFING,135,2.8600279962148667,3.6737350606505133,4.044690381013812,0.30032672348645917,31.08388303836115,True,2,57
C01_SPEED_SENSOR_SPOOFING,136,3.0296614165309244,3.6737350606505133,4.284588264656516,0.3003265221374378,31.08386219869242,True,2,57
C01_SPEED_SENSOR_SPOOFING,137,3.1897126251499732,3.6737350606505133,4.51093485455978,0.3003263033295431,31.083839552026383,True,2,57
C01_SPEED_SENSOR_SPOOFING,138,3.3415672544162778,3.6737350606505133,4.725689730777327,0.30032604953350533,31.083813284079724,True,2,57
C01_SPEED_SENSOR_SPOOFING,139,3.4863010794450817,3.6737350606505133,4.930374269067196,0.300325769364094,31.083784286483,True,2,57
C01_SPEED_SENSOR_SPOOFING,140,3.6247736851836994,3.6737350606505133,5.126204106119891,0.0038950524470007177,1.9004249059582845,True,2,57
C01_SPEED_SENSOR_SPOOFING,141,3.615990317551298,3.6646277957974758,5.113782548490841,0.003870204535437337,1.8957137134890032,True,2,57
C01_SPEED_SENSOR_SPOOFING,142,3.6072736670252272,3.6555822054242557,5.101455343098404,0.0038453446807990193,1.891034425257663,True,2,57
C01_SPEED_SENSOR_SPOOFING,143,3.5986271287060108,3.646557173210975,5.08922729133979,0.0038176990885377946,1.8863657717723032,True,2,57
C01_SPEED_SENSOR_SPOOFING,144,3.590057586862391,3.6376143736374504,5.077108129041219,0.0037894106817486146,1.8817396572708645,True,2,57
C01_SPEED_SENSOR_SPOOFING,145,3.581565030622142,3.628692132223865,5.065097840827042,0.003758970420485103,1.8771241775154062,True,2,57
C01_SPEED_SENSOR_SPOOFING,146,3.5731580517073938,3.6198521234500367,5.053208577227221,0.003727207233779656,1.8725512367438693,True,2,57
C01_SPEED_SENSOR_SPOOFING,147,3.564836659582645,3.611073789156025,5.041440351626576,0.0036947071070875743,1.868010200210273,True,2,57
C01_SPEED_SENSOR_SPOOFING,148,3.556604294828374,3.6023571293418315,5.029798029740684,0.0036608000997767117,1.863501067914618,True,2,57
C01_SPEED_SENSOR_SPOOFING,149,3.409209813819819,3.5937432603273334,4.821350755679442,0.3025674647274304,31.31580025786467,True,2,57
C01_SPEED_SENSOR_SPOOFING,150,3.255786548765336,3.5851910657926527,4.60437749345583,0.3025670437875186,31.31575669048967,True,2,57
C01_SPEED_SENSOR_SPOOFING,151,3.0954343980459385,3.5767211038977282,4.377605307152764,0.30256661097413945,31.315711894208146,True,2,57
C01_SPEED_SENSOR_SPOOFING,152,2.9270082175906618,3.5683539328025,4.139414718494213,0.30256618279474873,31.315667577545458,True,2,57
C01_SPEED_SENSOR_SPOOFING,153,2.7490151227968753,3.5600484361870888,3.8876944698280806,0.3025657423046086,31.315621986717453,True,2,57
C01_SPEED_SENSOR_SPOOFING,154,2.559455822116174,3.5518457303713733,3.619617135931473,0.3025652917772531,31.315575357035417,True,2,57
C01_SPEED_SENSOR_SPOOFING,155,2.3555282609545576,3.5437458153553534,3.331220013195046,0.3025648535605017,31.315530001503657,True,2,57
C01_SPEED_SENSOR_SPOOFING,156,2.1331036392576856,3.53572813297909,3.0166640965856253,0.3025644120037759,31.315484300283792,True,2,57
C01_SPEED_SENSOR_SPOOFING,157,1.8856381546909835,3.527833799562462,2.666695052092165,0.30256397642771615,31.31543921806421,True,2,57
C01_SPEED_SENSOR_SPOOFING,158,1.6015455839942951,3.52002169878559,2.264927485643471,0.30256354483857545,31.31539454849164,True,2,57
C01_SPEED_SENSOR_SPOOFING,159,1.256205063637268,3.512312388808414,1.7765422381175813,0.3025630973543643,31.315348233775723,True,2,57
C01_SPEED_SENSOR_SPOOFING,160,0.7712873338935777,0.8101272882483825,1.0907650080788835,0.0032019545504384135,0.4190792341217594,False,2,57
C01_SPEED_SENSOR_SPOOFING,161,0.7643851655793295,0.8026235598705977,1.0810038680390917,0.0031616892502387083,0.4151975518389431,False,2,57
C01_SPEED_SENSOR_SPOOFING,162,0.7575926865394834,0.7952431804524477,1.0713978520588063,0.0031214944889477072,0.41137967803200864,False,2,57
C01_SPEED_SENSOR_SPOOFING,163,0.7509081462516889,0.7879655918339934,1.061944484525578,0.003081273422661256,0.40761497795497587,False,2,57
C01_SPEED_SENSOR_SPOOFING,164,0.7443315931520006,0.7807907940152348,1.052643833938332,0.00304102500763774,0.40390345160784463,False,2,57
C01_SPEED_SENSOR_SPOOFING,165,0.7378614422822936,0.7737599033160502,1.0434936588277923,0.003002893138355586,0.4002663684825757,False,2,57
C01_SPEED_SENSOR_SPOOFING,166,0.7314941011273007,0.766811245256622,1.0344888786101452,0.00296401382990163,0.396671824341228,False,2,57
C01_SPEED_SENSOR_SPOOFING,167,0.7252313840515333,0.7599653779968896,1.0256320591842891,0.002925124282216783,0.39313045392978185,False,2,57
C01_SPEED_SENSOR_SPOOFING,168,0.7190716733106415,0.7532428596967919,1.0169209127142247,0.0028876223979291114,0.38965289199421765,False,2,57
C01_SPEED_SENSOR_SPOOFING,169,0.713013160589196,0.7466025740364509,1.0083528818557466,0.002849378295681424,0.38621786904257477,False,2,57
C01_SPEED_SENSOR_SPOOFING,170,0.7070543706613301,0.740126753655623,0.9999258803244264,0.002814677007034112,0.3828679240587744,False,2,57
C01_SPEED_SENSOR_SPOOFING,171,0.7011882137419763,0.7337126077546123,0.9916298816500675,0.0027791751903703515,0.37954988331291495,False,2,57
C01_SPEED_SENSOR_SPOOFING,172,0.6954182215364642,0.7274012526532975,0.9834698804182452,0.0027437058046441165,0.3762850162969571,False,2,57
C01_SPEED_SENSOR_SPOOFING,173,0.6897410631607668,0.7212132465116174,0.9754411660475939,0.002710320543569305,0.37308395775688125,False,2,57
C01_SPEED_SENSOR_SPOOFING,174,0.6841532105847565,0.7151280311696331,0.9675387491500588,0.0026776454438755906,0.36993607294670694,False,2,57
C01_SPEED_SENSOR_SPOOFING,175,0.6786496372210723,0.7091456066273444,0.9597555210576212,0.0026469982988895488,0.3668413618664342,False,2,57
C01_SPEED_SENSOR_SPOOFING,176,0.6732285522410748,0.7032454147248122,0.9520889491561317,0.002616348124904225,0.36378918977008273,False,2,57
C01_SPEED_SENSOR_SPOOFING,177,0.6678866766456604,0.6974480136219757,0.9445343962405868,0.002587754427702255,0.3607901914036329,False,2,57
C01_SPEED_SENSOR_SPOOFING,178,0.6626205394593859,0.691753403318835,0.9370869536104403,0.0025605816105156247,0.3578443667670846,False,2,57
C01_SPEED_SENSOR_SPOOFING,179,0.657425003021639,0.6861410256554507,0.9297393555163748,0.002534764726470165,0.3549410811144576,False,2,57
C01_SPEED_SENSOR_SPOOFING,180,0.6522983324935071,0.6806314387917621,0.9224891485256722,0.002510394091629259,0.3520909691917322,False,2,57
C01_SPEED_SENSOR_SPOOFING,181,0.6472336965543676,0.6751835264078909,0.915326671692059,0.0024873377717937292,0.34927276150694775,False,2,57
C01_SPEED_SENSOR_SPOOFING,182,0.6422294546006189,0.6698178466637763,0.908249604851671,0.0024656819988648575,0.3464970928060846,False,2,57
C01_SPEED_SENSOR_SPOOFING,183,0.6372821519398518,0.6645549577193575,0.9012530623316498,0.0024461691570997024,0.34377459783512304,False,2,57
C01_SPEED_SENSOR_SPOOFING,184,0.6323815841319832,0.6593537432547559,0.894322612874433,0.002429371398683786,0.3410840071021024,False,2,57
C01_SPEED_SENSOR_SPOOFING,185,0.6275259931951728,0.654234761429911,0.8874557703182598,0.0024140154469895828,0.3384359553530031,False,2,57
C01_SPEED_SENSOR_SPOOFING,186,0.6227101671841709,0.6491568959249443,0.8806451638594719,0.0023993352846982956,0.3358091730958644,False,2,57
C01_SPEED_SENSOR_SPOOFING,187,0.6179308137512857,0.6441612630597341,0.8738861374153112,0.002387460588561948,0.33322492982264695,False,2,57
C01_SPEED_SENSOR_SPOOFING,188,0.6131810167600137,0.6392067465144022,0.8671689100917355,0.0023769670439302715,0.33066195604139015,False,2,57
C01_SPEED_SENSOR_SPOOFING,189,0.6084574074902419,0.6343139044488878,0.8604887177990729,0.0023685789491856095,0.3281308864980743,False,2,57
C01_SPEED_SENSOR_SPOOFING,190,0.6037515131499829,0.6294621787032515,0.8538335781999838,0.002362970343780952,0.32562108644671905,False,2,57
C01_SPEED_SENSOR_SPOOFING,191,0.5990598771260836,0.6246721274374327,0.8471986029052672,0.0023594750155671806,0.3231431906333048,False,2,57
C01_SPEED_SENSOR_SPOOFING,192,0.5943755774254995,0.6199026343315531,0.840574002738481,0.002357375330995095,0.32067592956587093,False,2,57
C01_SPEED_SENSOR_SPOOFING,193,0.5896919645615248,0.6151742575455518,0.833950373905343,0.0023587775717511645,0.31822993799039767,False,2,57
C01_SPEED_SENSOR_SPOOFING,194,0.5850054521044021,0.6104869970794287,0.8273226444282495,0.002361570592587947,0.31580521590688504,False,2,57
C01_SPEED_SENSOR_SPOOFING,195,0.5803075140290047,0.6057791784533664,0.8206787566868337,0.002365780781999653,0.313369859077392,False,2,57
C01_SPEED_SENSOR_SPOOFING,196,0.5755949679658321,0.6011124761471824,0.8140142101309868,0.002373492328074412,0.3109557717398597,False,2,57
C01_SPEED_SENSOR_SPOOFING,197,0.5708608369280329,0.5964663320009376,0.8073191378112798,0.002383286477539531,0.30855231914830766,False,2,57
C01_SPEED_SENSOR_SPOOFING,198,0.5660982559899596,0.5918201878546927,0.800583831256757,0.0023951818679349745,0.30614886655675566,False,2,57
C01_SPEED_SENSOR_SPOOFING,199,0.561300479230768,0.587174043708448,0.7937987502946697,0.0024098873314722697,0.30374541396520366,False,2,57
C01_SPEED_SENSOR_SPOOFING,200,0.5564623384819939,0.5825278995622031,0.7869565860310836,0.0024266629579725685,0.30134196137365166,False,2,57
C01_SPEED_SENSOR_SPOOFING,201,0.5515737390046599,0.57784063909608,0.7800430623492278,0.0024463313933268537,0.29891723929013897,False,2,57
C01_SPEED_SENSOR_SPOOFING,202,0.5466346308401774,0.5731533786299569,0.773058108596989,0.0024672950713574633,0.29649251720662634,False,2,57
C01_SPEED_SENSOR_SPOOFING,203,0.5416332200845875,0.5684455600038947,0.7659850456754351,0.0024925244575212586,0.2940571603771334,False,2,57
C01_SPEED_SENSOR_SPOOFING,204,0.5365659153496866,0.563676066898015,0.7588187945946608,0.0025177280155597778,0.2915898993096994,False,2,57
C01_SPEED_SENSOR_SPOOFING,205,0.5314262414110117,0.5589065737921354,0.7515501980044113,0.002547818091232107,0.28912263824226553,False,2,57
C01_SPEED_SENSOR_SPOOFING,206,0.5262054602523291,0.5540754062064382,0.7441668984836204,0.002579301086726529,0.2866234729368906,False,2,57
C01_SPEED_SENSOR_SPOOFING,207,0.5208985870920926,0.5491825641409238,0.7366618464866203,0.0026129022709543755,0.28409240339357483,False,2,57
C01_SPEED_SENSOR_SPOOFING,208,0.5155005975858146,0.544248605755531,0.7290279365172941,0.002649238088362301,0.2815400643582983,False,2,57
C01_SPEED_SENSOR_SPOOFING,209,0.5100013826208739,0.5392529728903209,0.72125087213147,0.0026891205761811754,0.27895582108508093,False,2,57
C01_SPEED_SENSOR_SPOOFING,210,0.5043957734914296,0.5341751073853542,0.7133233436752475,0.0027303605928208027,0.2825929319061039,False,2,57
C01_SPEED_SENSOR_SPOOFING,211,0.4986771756533145,0.5290355674005701,0.7052360250548275,0.002775073762220534,0.2872207549375044,False,2,57
C01_SPEED_SENSOR_SPOOFING,212,0.4928386959641925,0.5237726784561512,0.6969791678948314,0.0028205527022289495,0.2919278353981413,False,2,57
C01_SPEED_SENSOR_SPOOFING,213,0.48687728931644186,0.518468673191854,0.6885484657627613,0.00287006071356097,0.29705192564173155,False,2,57
C01_SPEED_SENSOR_SPOOFING,214,0.48078251845556597,0.5130207608079829,0.6799291581517543,0.002920387376458818,0.30226074650544754,False,2,57
C01_SPEED_SENSOR_SPOOFING,215,0.474551468884774,0.5075111739442942,0.6711171233409212,0.002974779621166068,0.3078903559955611,False,2,57
C01_SPEED_SENSOR_SPOOFING,216,0.4681753856444915,0.5018576799610317,0.662099979947694,0.0030299086831024552,0.31359622623365363,False,2,57
C01_SPEED_SENSOR_SPOOFING,217,0.46164967239414817,0.49610139517807356,0.6528712277649006,0.0030885268866412395,0.31966322340781805,False,2,57
C01_SPEED_SENSOR_SPOOFING,218,0.45496911565604437,0.4902217614354805,0.6434234938216712,0.0031484218984067277,0.32586237051895967,False,2,57
C01_SPEED_SENSOR_SPOOFING,219,0.44812560452456146,0.4842187787332527,0.6337453075652768,0.0032118573151607957,0.33242795033810635,False,2,57
C01_SPEED_SENSOR_SPOOFING,220,0.441112499794823,0.47805133075151174,0.6238272797421378,0.0032767697399997187,0.33914640082431646,False,2,57
C01_SPEED_SENSOR_SPOOFING,221,0.43392838932261657,0.471760533810136,0.613667413278757,0.003343593757072401,0.34606270153418106,False,2,57
C01_SPEED_SENSOR_SPOOFING,222,0.4265649989588095,0.46530527158924717,0.6032540067612135,0.003412593879047185,0.35320422958802256,False,2,57
C01_SPEED_SENSOR_SPOOFING,223,0.419019266826829,0.4587061022487844,0.5925827300421322,0.003483572447561523,0.3605505273011178,False,2,57
C01_SPEED_SENSOR_SPOOFING,224,0.41128315506305474,0.45194246762880846,0.5816422158657687,0.0035574106467934647,0.36819279743294103,False,2,57
C01_SPEED_SENSOR_SPOOFING,225,0.40335346933349736,0.4450143677293195,0.5704279467616723,0.0036325143103848982,0.3759660434089482,False,2,57
C01_SPEED_SENSOR_SPOOFING,226,0.3952224562588242,0.4379012443903783,0.5589289577956366,0.0037105509099242323,0.3840428489114111,False,2,57
C01_SPEED_SENSOR_SPOOFING,227,0.38689020121933276,0.430623655771924,0.5471453697136361,0.0037889968843172234,0.3921620248027698,False,2,57
C01_SPEED_SENSOR_SPOOFING,228,0.37834890479538846,0.42314048555407835,0.5350661524706454,0.0038696955382882645,0.40051435353418924,False,2,57
C01_SPEED_SENSOR_SPOOFING,229,0.3695945978002356,0.4154928500567196,0.5226856927889225,0.003953817853607901,0.4092210319807698,False,2,57
C01_SPEED_SENSOR_SPOOFING,230,0.36062378632086556,0.40761907480003035,0.5099990495293052,0.004037165270085695,0.4178475082239408,False,2,57
C01_SPEED_SENSOR_SPOOFING,231,0.35143303026799644,0.3995397179439497,0.497001357670875,0.00412343060583774,0.4267759897644869,False,2,57
C01_SPEED_SENSOR_SPOOFING,232,0.3420184611923155,0.3912753376484169,0.48368714640014865,0.0042123944006080515,0.43598376241683895,False,2,57
C01_SPEED_SENSOR_SPOOFING,233,0.332378486191783,0.38278481759355354,0.47005416301345804,0.004300485121221648,0.4451011716987387,False,2,57
C01_SPEED_SENSOR_SPOOFING,234,0.32250852617194364,0.3740887159392988,0.45609593169332097,0.004392159390757866,0.4545894790954645,False,2,57
C01_SPEED_SENSOR_SPOOFING,235,0.31240627776793134,0.3651459163657745,0.44180919498990484,0.004483828693888664,0.46407727246811875,False,2,57
C01_SPEED_SENSOR_SPOOFING,236,0.30207092832704246,0.35599753519285876,0.4271928036387346,0.004578242395343019,0.4738491116809494,False,2,57
C01_SPEED_SENSOR_SPOOFING,237,0.2915005297725737,0.3465818979407343,0.4122440026433159,0.004671986217568837,0.4835516182438314,False,2,57
C01_SPEED_SENSOR_SPOOFING,238,0.28069698686252004,0.3369812372491576,0.39696548573823837,0.004769042116238813,0.4935969254593134,False,2,57
C01_SPEED_SENSOR_SPOOFING,239,0.26965689728066894,0.3271133204783721,0.3813524413217706,0.004865379067607587,0.5035678214683535,False,2,57
C01_SPEED_SENSOR_SPOOFING,240,0.25838187771032894,0.31697814762837784,0.3654071557293737,0.004963296302105882,0.513702277134674,False,2,57
C01_SPEED_SENSOR_SPOOFING,241,0.24687578199450802,0.3066373931789922,0.34913507911809677,0.005063834882290964,0.5241080426657486,False,2,57
C01_SPEED_SENSOR_SPOOFING,242,0.23513938008283655,0.2960088244904587,0.3325373003611495,0.00516297457120035,0.5343690226369758,False,2,57
C01_SPEED_SENSOR_SPOOFING,243,0.22318107799301842,0.28511299972271636,0.3156257073627742,0.005262874973036285,0.5447087365662077,False,2,57
C01_SPEED_SENSOR_SPOOFING,244,0.21100925507921253,0.27401159335558267,0.29841215031926627,0.005365363657059153,0.5553163382805654,False,2,57
C01_SPEED_SENSOR_SPOOFING,245,0.19862800700218125,0.262601814589362,0.2809024213696228,0.005467321054852144,0.5658689517513272,False,2,57
C01_SPEED_SENSOR_SPOOFING,246,0.18605641069724116,0.25094533790387163,0.263123499374497,0.00557060125800056,0.5765584758721745,False,2,57
C01_SPEED_SENSOR_SPOOFING,247,0.17331377230265177,0.23900104697923336,0.2451026873364526,0.005672435081400679,0.5870982993656411,False,2,57
C01_SPEED_SENSOR_SPOOFING,248,0.1604297313338097,0.22681005813532545,0.22688190186014556,0.005775596763211419,0.5977755565015358,False,2,57
C01_SPEED_SENSOR_SPOOFING,249,0.14743948015809766,0.21433125505226963,0.20851091246882056,0.005879579988091001,0.6085378435287648,False,2,57
C01_SPEED_SENSOR_SPOOFING,250,0.13440139289917394,0.20160575404994419,0.19007227263984677,0.0059841005281919745,0.6193557428015596,False,2,57
C01_SPEED_SENSOR_SPOOFING,251,0.12139441922169762,0.1885718806485317,0.1716776340597299,0.0060872908741474475,0.6300359666828439,False,2,57
C01_SPEED_SENSOR_SPOOFING,252,0.10854660116488513,0.1752501930079713,0.15350807551688375,0.006191295486385147,0.6408004673064207,False,2,57
C01_SPEED_SENSOR_SPOOFING,253,0.09605310706133766,0.16168180744814126,0.13583960671421863,0.006294345892498255,0.6514662073827275,False,2,57
C01_SPEED_SENSOR_SPOOFING,254,0.08421726204255,0.1478256076491633,0.11910119416650308,0.006398959452718565,0.6622937342586743,False,2,57
C01_SPEED_SENSOR_SPOOFING,255,0.07353422777364625,0.13368159361103743,0.10399310221612285,0.0065013668504097216,0.6728929228195231,False,2,57
C01_SPEED_SENSOR_SPOOFING,256,0.06478289613552134,0.11924976533376365,0.09161685032466184,0.00660384646876533,0.6834995862352922,False,2,57
C01_SPEED_SENSOR_SPOOFING,257,0.059057670128984954,0.10453012281734197,0.08352015805856694,0.006705649363326337,0.6940362085869944,False,2,57
C01_SPEED_SENSOR_SPOOFING,258,0.057507992051812035,0.0935888645161158,0.08132858230451673,0.006808044861743648,0.7046341655703392,False,2,57
C01_SPEED_SENSOR_SPOOFING,259,0.060672311931845954,0.11184451054206894,0.08580360639454751,0.006909023376781267,0.7150854644570275,False,2,57
C01_SPEED_SENSOR_SPOOFING,260,0.06810081704303622,0.13038797080717,0.09630909907095063,0.007009457697812118,0.7254804391423253,False,2,57
C01_SPEED_SENSOR_SPOOFING,261,0.0787694672868214,0.1491781289915407,0.11139684893792666,0.007109134936905185,0.7357970556777678,False,2,57
C01_SPEED_SENSOR_SPOOFING,262,0.09169833551388863,0.1681944269352419,0.12968102973077975,0.0072073288956977935,0.7459601523704292,False,2,57
C01_SPEED_SENSOR_SPOOFING,263,0.10619321026203914,0.18745742279821273,0.15017987818451348,0.007303529261374927,0.7559169117298421,False,2,57
C01_SPEED_SENSOR_SPOOFING,264,0.12181249351527186,0.20698767474039234,0.17226888039578217,0.007401046002789686,0.7660099162724603,False,2,57
C01_SPEED_SENSOR_SPOOFING,265,0.13827316786405047,0.22674406644190245,0.1955477893056318,0.007495198860480695,0.7757547580974561,False,2,57
C01_SPEED_SENSOR_SPOOFING,266,0.15539206232465613,0.24670603974280392,0.219757562024654,0.007588492538439655,0.7854106746280595,False,2,57
C01_SPEED_SENSOR_SPOOFING,267,0.17305719644265993,0.26693526912291415,0.2447398342754746,0.007681220819781087,0.7950080724823175,False,2,57
C01_SPEED_SENSOR_SPOOFING,268,0.1911852987778985,0.28737008010241577,0.2703768424580564,0.007771829330659317,0.8043860736196221,False,2,57
C01_SPEED_SENSOR_SPOOFING,269,0.20972057080438344,0.3080310308412479,0.296589675540186,0.007861075947797279,0.8136231184502692,False,2,57
C01_SPEED_SENSOR_SPOOFING,270,0.22861791681963572,0.3288770050195322,0.32331455856781294,0.00794816044251361,0.8226363831267951,False,2,57
C01_SPEED_SENSOR_SPOOFING,271,0.2478489146657507,0.3499491189571471,0.35051129653975654,0.008033273676480029,0.8314456218749017,False,2,57
C01_SPEED_SENSOR_SPOOFING,272,0.26738581298414993,0.3712062563342141,0.3781406431083409,0.00811627229517435,0.8400359974694869,False,2,57
C01_SPEED_SENSOR_SPOOFING,273,0.2872079300704018,0.39264841715073345,0.40617334992666565,0.008197829855101979,0.8484772231594774,False,2,57
C01_SPEED_SENSOR_SPOOFING,274,0.3073017902816238,0.41429615956664406,0.43459035955780495,0.008278037531723844,0.8567787356254672,False,2,57
C01_SPEED_SENSOR_SPOOFING,275,0.3276488180467058,0.4360878091021287,0.4633654021771659,0.00835408193443383,0.8646493483106078,False,2,57
C01_SPEED_SENSOR_SPOOFING,276,0.3482365273602287,0.4580644820770655,0.4924808199065448,0.008428754263427278,0.8723779510592707,False,2,57
C01_SPEED_SENSOR_SPOOFING,277,0.36905382556684757,0.4802056203315155,0.5219209253623103,0.008501999801566754,0.8799588806354959,False,2,57
C01_SPEED_SENSOR_SPOOFING,278,0.3900921230995213,0.5025112238654785,0.5516735710622579,0.008571862745479575,0.887189710952864,False,2,57
C01_SPEED_SENSOR_SPOOFING,279,0.4113362498112787,0.5249401763590763,0.5817173031787978,0.008638902302758997,0.8941283201223241,False,2,57
C01_SPEED_SENSOR_SPOOFING,280,0.43277992855019304,0.5475335941321873,0.612043244478542,0.008703918730853265,0.9008575349687191,False,2,57
C01_SPEED_SENSOR_SPOOFING,281,0.45441207040676806,0.5702503608649331,0.6426357128752891,0.00876681278287294,0.907367083416799,False,2,57
C01_SPEED_SENSOR_SPOOFING,282,0.47622261955007605,0.5930699183973744,0.6734804872765602,0.008825562835447418,0.9134477269956411,False,2,57
C01_SPEED_SENSOR_SPOOFING,283,0.4982020352413128,0.6160128248894507,0.7045640750401433,0.008882237482122222,0.9193135655997754,False,2,57
C01_SPEED_SENSOR_SPOOFING,284,0.5203416285683394,0.6390585221812226,0.7358741881886492,0.008936137261940204,0.9248922048637273,False,2,57
C01_SPEED_SENSOR_SPOOFING,285,0.542635351621682,0.6622275684326294,0.767402273686476,0.008987322698472994,0.9301899089906943,False,2,57
C01_SPEED_SENSOR_SPOOFING,286,0.5650679216701271,0.6854377310039145,0.7991267184878714,0.009034970262800006,0.9351214425532426,False,2,57
C01_SPEED_SENSOR_SPOOFING,287,0.587634809253839,0.7087506843748952,0.8310411169693059,0.009079892102840997,0.9397708630426753,False,2,57
C01_SPEED_SENSOR_SPOOFING,288,0.6103250794742223,0.7321253122256933,0.8631300048488822,0.009121353497574144,0.9440621266689392,False,2,57
C01_SPEED_SENSOR_SPOOFING,289,0.6331275070187387,0.7555410563963697,0.8953775071373671,0.009158664270532288,0.9479238000133496,False,2,57
C01_SPEED_SENSOR_SPOOFING,290,0.6560333792370828,0.7790184750468635,0.9277713022865346,0.009193895282212722,0.9515702176004518,False,2,57
C01_SPEED_SENSOR_SPOOFING,291,0.6790349156321186,0.8025370100172355,0.9603003870118125,0.009224998795494514,0.9547894381803244,False,2,57
C01_SPEED_SENSOR_SPOOFING,292,0.7021199856659323,0.8260761031475468,0.9929476061419644,0.009252638652901409,0.9576501696026203,False,2,57
C01_SPEED_SENSOR_SPOOFING,293,0.7252775445153177,0.849615196277858,1.0256973399382183,0.009276805885022495,0.9601514835313045,False,2,57
C01_SPEED_SENSOR_SPOOFING,294,0.7485023094717613,0.8731954057280474,1.0585421175225485,0.009298229260200266,0.9623688076527884,False,2,57
C01_SPEED_SENSOR_SPOOFING,295,0.7717838207125937,0.8967756151782369,1.0914671464718753,0.009316196185591223,0.9642283884484237,False,2,57
C01_SPEED_SENSOR_SPOOFING,296,0.7951093508925543,0.9203147083085481,1.1244544276019184,0.00932863497587658,0.9655158060244562,False,2,57
C01_SPEED_SENSOR_SPOOFING,297,0.8184671851112685,0.9438332432789203,1.1574873935416865,0.009338992228349215,0.9665877839714093,False,2,57
C01_SPEED_SENSOR_SPOOFING,298,0.8418514914323925,0.9673312200893531,1.1905577966877068,0.009345211262233609,0.9672314553691124,False,2,57
C01_SPEED_SENSOR_SPOOFING,299,0.8652485170171074,0.9907675224199687,1.223646187588801,0.00934728335403652,0.9674459173340642,False,2,57
C01_SPEED_SENSOR_SPOOFING,300,0.888651608704378,1.0141832665906452,1.2567431572544001,0.00934728335403652,0.9674459173340642,False,2,57
C01_SPEED_SENSOR_SPOOFING,301,0.9120459436876364,1.0374756618016867,1.2898277430704235,0.009341070798090387,0.9668029164044196,False,2,57
C01_SPEED_SENSOR_SPOOFING,302,0.9354235003022305,1.06072694069285,1.3228886006899274,0.00933208980466021,0.9658733815761129,False,2,57
C01_SPEED_SENSOR_SPOOFING,303,0.9587700987524289,1.0838548706243785,1.3559056768534767,0.009318284383290899,0.9644445173772921,False,2,57
C01_SPEED_SENSOR_SPOOFING,304,0.9820810977735311,1.1069416842360287,1.3888724078215853,0.009303087271262733,0.9628716128840771,False,2,57
C01_SPEED_SENSOR_SPOOFING,305,1.0053418217035148,1.1298640325681657,1.4217680390739849,0.009280992694144967,0.960584819211713,False,2,57
C01_SPEED_SENSOR_SPOOFING,306,1.0285427708829211,1.1527041482605462,1.45457913606343,0.009256114415267157,0.9580099117847073,False,2,57
C01_SPEED_SENSOR_SPOOFING,307,1.0516717752104612,1.1754003568333529,1.4872884876676231,0.009227804927416178,0.9550798734617093,False,2,57
C01_SPEED_SENSOR_SPOOFING,308,1.0747179640676534,1.1979321001266465,1.519880720510476,0.009194675667578294,0.9516509876602941,False,2,57
C01_SPEED_SENSOR_SPOOFING,309,1.0976692659391294,1.220299378140427,1.5523387628912366,0.00915671072882312,0.9477216080096099,False,2,57
C01_SPEED_SENSOR_SPOOFING,310,1.1205176627174986,1.2425433071945726,1.5846512754936881,0.009116655198345334,0.943575851648148,False,2,57
C01_SPEED_SENSOR_SPOOFING,311,1.1432525407327452,1.264602212809266,1.6168032483217474,0.009071052120130653,0.9388559228554034,False,2,57
C01_SPEED_SENSOR_SPOOFING,312,1.1658567564528786,1.2864349786646287,1.6487704367599672,0.009022090865849024,0.9337884220887916,False,2,57
C01_SPEED_SENSOR_SPOOFING,313,1.1883266301516446,1.3081032792404785,1.6805476368895726,0.008968917074741735,0.9282849228187384,False,2,57
C01_SPEED_SENSOR_SPOOFING,314,1.210646920506949,1.329545440056998,1.7121132942261497,0.008912355455065408,0.9224307825342208,False,2,57
C01_SPEED_SENSOR_SPOOFING,315,1.2328105517006525,1.3507820192741258,1.7434574020517204,0.008850182393353806,0.9159958567442508,False,2,57
C01_SPEED_SENSOR_SPOOFING,316,1.254802671543355,1.3717924587319232,1.7745589561986046,0.008786006805639865,0.909353669065244,False,2,57
C01_SPEED_SENSOR_SPOOFING,317,1.2766140018490653,1.392535642110512,1.8054048353303396,0.008715603717140828,0.9020669336624182,False,2,57
C01_SPEED_SENSOR_SPOOFING,318,1.2982331183778226,1.41305268572977,1.8359788831318327,0.008642416144316604,0.8944920035092835,False,2,57
C01_SPEED_SENSOR_SPOOFING,319,1.3196495979638394,1.4333024732698194,1.866266359020664,0.008565826059488905,0.8865649126029371,False,2,57
C01_SPEED_SENSOR_SPOOFING,320,1.3408547250831784,1.45328500473066,1.8962549373846787,0.008485806809079897,0.8782829022921127,False,2,57
C01_SPEED_SENSOR_SPOOFING,321,1.3618343722410855,1.4729386056324745,1.925924638929193,0.008398898790057742,0.8692879028893967,False,2,57
C01_SPEED_SENSOR_SPOOFING,322,1.3825789771244128,1.4923455086150192,1.9552619405012657,0.008309842420042722,0.8600705486785162,False,2,57
C01_SPEED_SENSOR_SPOOFING,323,1.4030763140990472,1.5114234810385379,1.984249552443325,0.008217477170488499,0.8505107246954134,False,2,57
C01_SPEED_SENSOR_SPOOFING,324,1.4233192904038998,1.5301930810629694,2.012877444076445,0.008120209146114644,0.8404434624221456,False,2,57
C01_SPEED_SENSOR_SPOOFING,325,1.443298112059035,1.548674866848253,2.0411317646213702,0.008020841633769059,0.830158902674327,False,2,57
C01_SPEED_SENSOR_SPOOFING,326,1.4630004122257865,1.5667866057546322,2.068995024727136,0.007916023003233182,0.8193101509748624,False,2,57
C01_SPEED_SENSOR_SPOOFING,327,1.4824142889036007,1.5845488559420462,2.0964503924231397,0.007807074350321591,0.8196878819036973,False,2,57
C01_SPEED_SENSOR_SPOOFING,328,1.501531380190416,1.6019821755704338,2.123486042194078,0.007696075664250057,0.8287061464950075,False,2,57
C01_SPEED_SENSOR_SPOOFING,329,1.5203410776524189,1.619024890159978,2.1500869714489776,0.0075795826232914944,0.8375223509126917,False,2,57
C01_SPEED_SENSOR_SPOOFING,330,1.5388334264205428,1.6357181160305567,2.176239101876992,0.00746028885229141,0.8461577646487104,False,2,57
C01_SPEED_SENSOR_SPOOFING,331,1.5569998991599092,1.652041295022231,2.2019303740054847,0.007337512618987948,0.8546017529570834,False,2,57
C01_SPEED_SENSOR_SPOOFING,332,1.5748302489055828,1.6679738689750618,2.2271462964376725,0.007212847904641463,0.8628436810918304,False,2,57
C01_SPEED_SENSOR_SPOOFING,333,1.59231728348247,1.6834952797291098,2.2518766979019933,0.007082590548718704,0.870872914306971,False,2,57
C01_SPEED_SENSOR_SPOOFING,334,1.609449373657348,1.6986260854443143,2.276105132179105,0.006950324131610895,0.8787000873484855,False,2,57
C01_SPEED_SENSOR_SPOOFING,335,1.6262195444465417,1.7133457279607358,2.2998217351524954,0.006814621948756697,0.8863145654703936,False,2,57
C01_SPEED_SENSOR_SPOOFING,336,1.6426193075763857,1.727654207278375,2.323014502590427,0.006674636347285919,0.8937163486726954,False,2,57
C01_SPEED_SENSOR_SPOOFING,337,1.6586350545509794,1.7415104070773528,2.3456641891734336,0.006532156994934736,0.9008841674634301,False,2,57
C01_SPEED_SENSOR_SPOOFING,338,1.6742633024593558,1.754955443677548,2.3677658693215884,0.006387583617628068,0.9078392913345587,False,2,57
C01_SPEED_SENSOR_SPOOFING,339,1.6894936209839182,1.767927642599143,2.3893047923382866,0.006238260583776106,0.9145498160481396,False,2,57
C01_SPEED_SENSOR_SPOOFING,340,1.704317658678787,1.7804681201620163,2.4102691474955,0.006087655041724397,0.921037011096134,False,2,57
C01_SPEED_SENSOR_SPOOFING,341,1.7187301693206443,1.7925563182062285,2.4306515155130612,0.005933551863880975,0.9272902417325614,False,2,57
C01_SPEED_SENSOR_SPOOFING,342,1.7327209438203888,1.8041716785718407,2.4504374585587034,0.005776059542247571,0.9332988732114414,False,2,57
C01_SPEED_SENSOR_SPOOFING,343,1.7462814692625956,1.8153142012588526,2.469614937551978,0.005615893602741316,0.939062905532774,False,2,57
C01_SPEED_SENSOR_SPOOFING,344,1.7594084735399211,1.8260250025871427,2.488179325034301,0.005454960570794202,0.9446036081885202,False,2,57
C01_SPEED_SENSOR_SPOOFING,345,1.7720914420572103,1.8362012917570152,2.5061157511226027,0.005289519681208082,0.9498678074487779,False,2,57
C01_SPEED_SENSOR_SPOOFING,346,1.7843254231496006,1.8459253014082266,2.523417213105277,0.005122567377970113,0.9548980422974686,False,2,57
C01_SPEED_SENSOR_SPOOFING,347,1.7961018020023345,1.8551353570609599,2.540071527794457,0.00495233894265525,0.9596624084966513,False,2,57
C01_SPEED_SENSOR_SPOOFING,348,1.8074155608195936,1.8638725750350928,2.556071598955243,0.00478152720772368,0.9641821755382868,False,2,57
C01_SPEED_SENSOR_SPOOFING,349,1.8182614509102806,1.8720958390107474,2.5714100038175003,0.004607324625701029,0.9684360739304142,False,2,57
C01_SPEED_SENSOR_SPOOFING,350,1.828630982348643,1.8798051489879235,2.586074735813087,0.004432157801912937,0.9724241036730337,False,2,57
C01_SPEED_SENSOR_SPOOFING,351,1.8385224044161452,1.8870210631265605,2.6000633190521047,0.004254847041329386,0.9761568995121256,False,2,57
C01_SPEED_SENSOR_SPOOFING,352,1.8479289249593869,1.8937230232667188,2.6133661479790984,0.004075627980267962,0.9796238267017093,False,2,57
C01_SPEED_SENSOR_SPOOFING,353,1.856843679231379,1.8998904712484599,2.625973514375773,0.003894788804294178,0.9828142504958051,False,2,57
C01_SPEED_SENSOR_SPOOFING,354,1.8652649967289379,1.9055645233916616,2.637883055793871,0.0037133182964917866,0.985749440386373,False,2,57
C01_SPEED_SENSOR_SPOOFING,355,1.8731877122696852,1.9107040633764456,2.6490874675624196,0.00352838955890803,0.9884081268814526,False,2,57
C01_SPEED_SENSOR_SPOOFING,356,1.880603362167499,1.9153090912028121,2.6595747802217184,0.0033443836940455,0.990790309981044,False,2,57
C01_SPEED_SENSOR_SPOOFING,357,1.88751357344387,1.9194001650307004,2.669347294727626,0.003158230105946858,0.9929066244311274,False,2,57
C01_SPEED_SENSOR_SPOOFING,358,1.8939115659044674,1.922956726700171,2.678395422437364,0.0029721590554370597,0.9947464354857226,False,2,57
C01_SPEED_SENSOR_SPOOFING,359,1.8997973242028785,1.9259993343711632,2.6867191416478264,0.0027847985159394676,0.9963203778908097,False,2,57
C01_SPEED_SENSOR_SPOOFING,360,1.905164015577664,1.9284868717237986,2.694308789375119,0.002597202108585064,0.9976071821544282,False,2,57
C01_SPEED_SENSOR_SPOOFING,361,1.9100099144637006,1.9304398969180165,2.7011619253016406,0.0024099294891641,0.9986174830225585,False,2,57
C01_SPEED_SENSOR_SPOOFING,362,1.9143367620329723,1.9318995262736953,2.7072810118164257,0.0022228766657356324,0.9993725499871612,False,2,57
C01_SPEED_SENSOR_SPOOFING,363,1.9181359671842604,1.932762968991139,2.712653899267615,0.002035527832083727,0.9998192093183346,False,2,57
C01_SPEED_SENSOR_SPOOFING,364,1.921407555859643,1.9331124577101044,2.7172806243428473,0.001850607835823816,1.0,False,2,57
C01_SPEED_SENSOR_SPOOFING,365,1.9241532355661257,1.9331124577101044,2.721163601821688,0.0016665004780663942,1.0,False,2,57
C01_SPEED_SENSOR_SPOOFING,366,1.9263696034771014,1.9331124577101044,2.724298019380598,0.0014858818106961373,1.0,False,2,57
C01_SPEED_SENSOR_SPOOFING,367,1.9280549295446097,1.9331124577101044,2.7266814303622895,0.0013101108781401725,1.0004764185522184,True,2,57
C01_SPEED_SENSOR_SPOOFING,368,1.9292092115532309,1.9331124577101044,2.7283138316336846,0.0011403487309616083,1.0010753807043273,True,2,57
C01_SPEED_SENSOR_SPOOFING,369,1.9298307477047643,1.9331124577101044,2.7291928164886885,0.000981374903360227,1.0013978986229604,True,2,57
C01_SPEED_SENSOR_SPOOFING,370,1.9299229543054928,1.9331124577101044,2.7293232163139787,0.0008371826625636645,1.0014457450448906,True,2,57
C01_SPEED_SENSOR_SPOOFING,371,1.9294824095664804,1.9331124577101044,2.7287001919692355,0.0007211731617805511,1.0012171443883713,True,2,57
C01_SPEED_SENSOR_SPOOFING,372,1.9285125261510985,1.9331124577101044,2.7273285696892815,0.00064543364706522,1.0007138674998526,True,2,57
C01_SPEED_SENSOR_SPOOFING,373,1.9270116071276164,1.9331124577101044,2.7252059496502494,0.0006240499273515787,1.0,False,2,57
C01_SPEED_SENSOR_SPOOFING,374,1.9249779238270652,1.9331124577101044,2.7223298871450385,0.0006659855044184024,1.0,False,2,57
C01_SPEED_SENSOR_SPOOFING,375,1.9224217252306341,1.9331124577101044,2.7187148764218465,0.0007540728924618203,1.0,False,2,57
C01_SPEED_SENSOR_SPOOFING,376,1.9193413049609207,1.9329479924305912,2.7143585042986085,0.0008776469623132843,0.9999149220321574,False,2,57
C01_SPEED_SENSOR_SPOOFING,377,1.9157349555513312,1.9322490149926606,2.709258356052911,0.0010244503684283222,0.9995533406688265,False,2,57
C01_SPEED_SENSOR_SPOOFING,378,1.9116060724864403,1.9309949672363733,2.7034192336250897,0.0011836623678697466,0.9989046211640271,False,2,57
C01_SPEED_SENSOR_SPOOFING,379,1.906959787172802,1.9292064073216684,2.6968483939198875,0.0013503270908187047,0.9979793982637394,False,2,57
C01_SPEED_SENSOR_SPOOFING,380,1.901796148281127,1.926883335248546,2.6895459057680835,0.0015237881051675833,0.9967776719679634,False,2,57
C01_SPEED_SENSOR_SPOOFING,381,1.8961219373650626,1.9240668673368844,2.6815213597348198,0.001698180296634179,0.9953207117686598,False,2,57
C01_SPEED_SENSOR_SPOOFING,382,1.8899354243412578,1.920695329106866,2.6727723091127573,0.001875296146727114,0.9935766134278875,False,2,57
C01_SPEED_SENSOR_SPOOFING,383,1.8832451314176426,1.916809836878369,2.6633108061239317,0.002051791966285404,0.9915666464376072,False,2,57
C01_SPEED_SENSOR_SPOOFING,384,1.8760510964925852,1.9123692743315157,2.6531369043647297,0.002229702791895716,0.9892695413058584,False,2,57
C01_SPEED_SENSOR_SPOOFING,385,1.8683635492827078,1.9074147577861837,2.642265070839138,0.00240545027930234,0.9867065675246016,False,2,57
C01_SPEED_SENSOR_SPOOFING,386,1.860185916094949,1.9019874035622517,2.6307001510768973,0.002581679455287261,0.9838989945857974,False,2,57
C01_SPEED_SENSOR_SPOOFING,387,1.851516458940124,1.8960255371799022,2.6184396871901314,0.002758008056764006,0.9808149182515051,False,2,57
C01_SPEED_SENSOR_SPOOFING,388,1.8423653574345527,1.8895291586391352,2.605498075330299,0.002930682521703572,0.9774543385217245,False,2,57
C01_SPEED_SENSOR_SPOOFING,389,1.8327362024566973,1.8825393842598288,2.591880393766424,0.0031042253290810454,0.9738385248884162,False,2,57
C01_SPEED_SENSOR_SPOOFING,390,1.8226373725020315,1.875056214041983,2.577598491480436,0.0032741696160687064,0.9699674773515801,False,2,57
C01_SPEED_SENSOR_SPOOFING,391,1.8120723112849988,1.8670385316657199,2.562657238620006,0.003442327886826853,0.9658199264192558,False,2,57
C01_SPEED_SENSOR_SPOOFING,392,1.8010496907527513,1.8585685697707957,2.5470688991704096,0.003609772552350264,0.9614384110753645,False,2,57
C01_SPEED_SENSOR_SPOOFING,393,1.7895744353760976,1.849584653877393,2.5308404373850513,0.0037733768617497663,0.9567910270819653,False,2,57
C01_SPEED_SENSOR_SPOOFING,394,1.77765353348265,1.8401484584653294,2.5139817362516186,0.003936449777726663,0.951909678676999,False,2,57
C01_SPEED_SENSOR_SPOOFING,395,1.7652903285154424,1.8301983090547873,2.496497524112595,0.004096622850392052,0.9467624616225248,False,2,57
C01_SPEED_SENSOR_SPOOFING,396,1.7524968232689286,1.8198164382855235,2.4784047754826837,0.004254430262245103,0.9413919149024639,False,2,57
C01_SPEED_SENSOR_SPOOFING,397,1.7392779481739793,1.8089617298376595,2.459710463044091,0.004408916180258874,0.9357767690248556,False,2,57
C01_SPEED_SENSOR_SPOOFING,398,1.7256389754217925,1.797613625551256,2.440422042801111,0.004561239682265687,0.9299063892437197,False,2,57
C01_SPEED_SENSOR_SPOOFING,399,1.711591928506339,1.7858543580660702,2.4205565185419857,0.004711229826052582,0.9238233145429775,False,2,57
C01_SPEED_SENSOR_SPOOFING,400,1.697143357540574,1.7736016947423447,2.400123153525291,0.004855957366558782,0.9174850059387075,False,2,57
C01_SPEED_SENSOR_SPOOFING,401,1.682302191540511,1.760958426379776,2.379134575286571,0.005000738496560877,0.9109446371608116,False,2,57
C01_SPEED_SENSOR_SPOOFING,402,1.6670749208515074,1.747862878498546,2.3575999625602555,0.005140724343291436,0.9041703039713487,False,2,57
C01_SPEED_SENSOR_SPOOFING,403,1.651470263816418,1.7343356092585942,2.3355316449450516,0.005278170870971359,0.897172641116299,False,2,57
C01_SPEED_SENSOR_SPOOFING,404,1.6354968417190394,1.7204177349797989,2.312941814777429,0.005413513989847232,0.8899729180876232,False,2,57
C01_SPEED_SENSOR_SPOOFING,405,1.6191645671016708,1.7060681393422816,2.289844490509144,0.0055433221322802794,0.8825498653933609,False,2,57
C01_SPEED_SENSOR_SPOOFING,406,1.6024838525776564,1.6913073805059817,2.266254397799209,0.005669846392778216,0.8749141177794921,False,2,57
C01_SPEED_SENSOR_SPOOFING,407,1.5854618057474712,1.6761765747907773,2.242181588312611,0.005795103050385909,0.8670869447379775,False,2,57
C01_SPEED_SENSOR_SPOOFING,408,1.5681083883099705,1.6606757221966684,2.2176401500189757,0.005916069439269074,0.8590683462688172,False,2,57
C01_SPEED_SENSOR_SPOOFING,409,1.5504320489972971,1.6447637064037768,2.1926420312298847,0.006032387817270595,0.8508370528800506,False,2,57
C01_SPEED_SENSOR_SPOOFING,410,1.532443408963288,1.62850220189192,2.1672022525251413,0.00614671351984711,0.8424249688096186,False,2,57
C01_SPEED_SENSOR_SPOOFING,411,1.5141540971142764,1.6119117668210368,2.141337259661798,0.00625668900835194,0.8338427288035014,False,2,57
C01_SPEED_SENSOR_SPOOFING,412,1.4955692412310095,1.59493072671131,2.1150543044169328,0.006362794354450404,0.8250584286237582,False,2,57
C01_SPEED_SENSOR_SPOOFING,413,1.4767027602020506,1.5776413142024963,2.0883730710715245,0.006466065637356585,0.8161146072543103,False,2,57
C01_SPEED_SENSOR_SPOOFING,414,1.4575629437866415,1.5600024129747172,2.0613052831155216,0.006564561072896015,0.8069899952031968,False,2,57
C01_SPEED_SENSOR_SPOOFING,415,1.4381618893023462,1.542034581187912,2.033868048739492,0.006658972644380243,0.7976952272163983,False,2,57
C01_SPEED_SENSOR_SPOOFING,416,1.4185100112476963,1.5237994933218981,2.0060760962685036,0.006751247409466044,0.7882622075318558,False,2,57
C01_SPEED_SENSOR_SPOOFING,417,1.398613859255459,1.505256033056797,1.977938688282045,0.006839416292048812,0.7786696666576083,False,2,57
C01_SPEED_SENSOR_SPOOFING,418,1.3784853666620223,1.4863836422326697,1.9494727010662807,0.0069221554858298435,0.7689069698476758,False,2,57
C01_SPEED_SENSOR_SPOOFING,419,1.3581369532564462,1.4672645534892728,1.9206956988553407,0.007002813282175956,0.7590166560859795,False,2,57
C01_SPEED_SENSOR_SPOOFING,420,1.3375799981257044,1.4478782086666673,1.8916237741083501,0.007077862404010088,0.748988090626539,False,2,57
C01_SPEED_SENSOR_SPOOFING,421,1.3168216639831096,1.4282040496049135,1.8622670564316202,0.00714961968611798,0.7399872362742829,False,2,57
C01_SPEED_SENSOR_SPOOFING,422,1.2958773624307622,1.4083243089437687,1.8326473411218587,0.007217808682851016,0.7470448126842237,False,2,57
C01_SPEED_SENSOR_SPOOFING,423,1.274752090775489,1.388177312203415,1.8027716954381554,0.007281959166679785,0.7536844021055016,False,2,57
C01_SPEED_SENSOR_SPOOFING,424,1.2534597073014286,1.3678041757037307,1.7726597179538903,0.00734196510213215,0.759895029843039,False,2,57
C01_SPEED_SENSOR_SPOOFING,425,1.2320120650384392,1.3472254576046552,1.7423281713846441,0.007397800735426916,0.7656740303747236,False,2,57
C01_SPEED_SENSOR_SPOOFING,426,1.21041777479469,1.3264411579061883,1.7117892332521132,0.007450214063073418,0.7710988215065345,False,2,57
C01_SPEED_SENSOR_SPOOFING,427,1.1886886792788465,1.30545127660833,1.681059651675507,0.00749779904941622,0.7760238782337237,False,2,57
C01_SPEED_SENSOR_SPOOFING,428,1.1668337735863512,1.2842763718710195,1.6501521476407952,0.0075426700912678895,0.7806680410992024,False,2,57
C01_SPEED_SENSOR_SPOOFING,429,1.1448664412234029,1.2629370018541959,1.6190856482839562,0.007582666832700765,0.7848077127813701,False,2,57
C01_SPEED_SENSOR_SPOOFING,430,1.1227953371207249,1.24141260839792,1.5878723935254007,0.00761856416558997,0.7885230947625792,False,2,57
C01_SPEED_SENSOR_SPOOFING,431,1.1006342649633565,1.2197854241419486,1.5565319047237214,0.0076516502737470835,0.7919475143553852,False,2,57
C01_SPEED_SENSOR_SPOOFING,432,1.0783880593834392,1.1979732164465247,1.5250710190812624,0.007679953823465932,0.7948769380803798,False,2,57
C01_SPEED_SENSOR_SPOOFING,433,1.0560739314819838,1.1760582179514054,1.4935140767704964,0.0077040811997537186,0.7973741269214052,False,2,57
C01_SPEED_SENSOR_SPOOFING,434,1.033698672530013,1.153999312336712,1.461870682099009,0.007724094830230881,0.7994455421511363,False,2,57
C01_SPEED_SENSOR_SPOOFING,435,1.0112746286958216,1.131837615922323,1.4301582951854468,0.007740659719208808,0.8011600118645068,False,2,57
C01_SPEED_SENSOR_SPOOFING,436,0.9888105330112279,1.1095936868681773,1.3983892664018476,0.007754464058560728,0.8025887640742856,False,2,57
C01_SPEED_SENSOR_SPOOFING,437,0.9663178290988856,1.0872469670143359,1.3665797794745707,0.00776274305913831,0.8034456424853726,False,2,57
C01_SPEED_SENSOR_SPOOFING,438,0.9438072049318813,1.0648385726806773,1.3347449494801096,0.007768262940474436,0.8040169514379891,False,2,57
C01_SPEED_SENSOR_SPOOFING,439,0.9212871578663956,1.042327387547323,1.3028967934948192,0.00776895367156567,0.8040884422603896,False,2,57
C01_SPEED_SENSOR_SPOOFING,440,0.8987718379003152,1.0197956442540292,1.2710553226376187,0.007766883337916915,0.8038741622647861,False,2,57
C01_SPEED_SENSOR_SPOOFING,441,0.8762678188395461,0.9972022264809184,1.2392298336739764,0.0077606690231219405,0.8032309792938933,False,2,57
C01_SPEED_SENSOR_SPOOFING,442,0.85378728655537,0.9745882505478684,1.2074375600283282,0.007751006744845445,0.8022309313316471,False,2,57
C01_SPEED_SENSOR_SPOOFING,443,0.8313373045899136,0.95193315829494,1.1756884910577485,0.0077378808512765605,0.800872398412123,False,2,57
C01_SPEED_SENSOR_SPOOFING,444,0.808930054307645,0.9292986242019508,1.1439998538130758,0.007722009043262106,0.7992296627334551,False,2,57
C01_SPEED_SENSOR_SPOOFING,445,0.7865734446983064,0.9066435319490225,1.1123828332948684,0.007701309059211334,0.7970872097553765,False,2,57
C01_SPEED_SENSOR_SPOOFING,446,0.7642767683905419,0.8839884396960941,1.0808505712645853,0.007677828476851271,0.7946569642305034,False,2,57
C01_SPEED_SENSOR_SPOOFING,447,0.7420504607629184,0.8613333474431657,1.0494178255761233,0.007650194998202448,0.7917968930110942,False,2,57
C01_SPEED_SENSOR_SPOOFING,448,0.7199052919631089,0.8387399296700548,1.0180998275183912,0.007620511613843996,0.7887246560923492,False,2,57
C01_SPEED_SENSOR_SPOOFING,449,0.6978462370048102,0.816167070056883,0.9869036128232317,0.007587356672680692,0.7852931122680104,False,2,57
C01_SPEED_SENSOR_SPOOFING,450,0.6758853523907571,0.7936353267635895,0.9558462319603273,0.007550072567195706,0.7814341990130349,False,2,57
C01_SPEED_SENSOR_SPOOFING,451,0.6540302474643592,0.7711652579501134,0.9249384461663284,0.0075106970451840095,0.7773588236798732,False,2,57
C01_SPEED_SENSOR_SPOOFING,452,0.6322909086638138,0.7487568636164547,0.8941943783975733,0.007467203033176865,0.7728571837112271,False,2,57
C01_SPEED_SENSOR_SPOOFING,453,0.6106749117255386,0.7264307019225524,0.8636247423632493,0.00742162330619992,0.76813967177681,False,2,57
C01_SPEED_SENSOR_SPOOFING,454,0.5891894221899862,0.7041662147084677,0.8332396716678457,0.0073725562285360926,0.763061218266477,False,2,57
C01_SPEED_SENSOR_SPOOFING,455,0.5678453771861142,0.6820045182940787,0.8030546337474684,0.007320747106322075,0.7576989625320375,False,2,57
C01_SPEED_SENSOR_SPOOFING,456,0.5466499262435609,0.6599661708393244,0.773079739563896,0.007266899774943272,0.752125751693269,False,2,57
C01_SPEED_SENSOR_SPOOFING,457,0.5256097073951632,0.6380100560243267,0.7433243767131938,0.007208892139862575,0.7461219484910487,False,2,57
C01_SPEED_SENSOR_SPOOFING,458,0.5047333241352848,0.6161772901689638,0.7138007123737753,0.0071494613441510846,0.7399708478453015,False,2,57
C01_SPEED_SENSOR_SPOOFING,459,0.4840294568816367,0.5944678732732358,0.6845210225100938,0.007086610130233344,0.7334657331503511,False,2,57
C01_SPEED_SENSOR_SPOOFING,460,0.4635059028665103,0.5728818053371425,0.6554963340738053,0.0070209687467031965,0.7266718352765933,False,2,57
C01_SPEED_SENSOR_SPOOFING,461,0.44317092354645987,0.5514602026805624,0.6267383305288136,0.006953970426295936,0.7197374941326231,False,2,57
C01_SPEED_SENSOR_SPOOFING,462,0.4230276242138337,0.530161948983617,0.5982514034216728,0.006884793896156499,0.7125777077942925,False,2,57
C01_SPEED_SENSOR_SPOOFING,463,0.40308762586984415,0.5090487187261239,0.5700519873299056,0.006813647738705718,0.7052140645888,False,2,57
C01_SPEED_SENSOR_SPOOFING,464,0.3833552821424406,0.48807939558820473,0.5421462392132038,0.006739699358356132,0.6975603906866624,False,2,57
C01_SPEED_SENSOR_SPOOFING,465,0.3638410888873732,0.46727453772979866,0.514549002453118,0.006663000789565472,0.6896220716658908,False,2,57
C01_SPEED_SENSOR_SPOOFING,466,0.3445517499780956,0.44665470331084484,0.4872697577584066,0.00658556080883112,0.6816070163431565,False,2,57
C01_SPEED_SENSOR_SPOOFING,467,0.3254947506317526,0.4262198923313432,0.4603190908246731,0.006506069531139859,0.6733796513266815,False,2,57
C01_SPEED_SENSOR_SPOOFING,468,0.30667839566202304,0.405990662951233,0.43370874643205515,0.006425246477594906,0.6650144472115446,False,2,57
C01_SPEED_SENSOR_SPOOFING,469,0.28811068993977307,0.38592589885063583,0.40745004517749667,0.006340941293021123,0.6562888417562676,False,2,57
C01_SPEED_SENSOR_SPOOFING,470,0.2698024823429448,0.3660872745093692,0.3815583296913201,0.006257279632866998,0.6476298412223267,False,2,57
C01_SPEED_SENSOR_SPOOFING,471,0.25176321312594624,0.34645423176749385,0.35604695050934115,0.006170947460623643,0.6386944420899845,False,2,57
C01_SPEED_SENSOR_SPOOFING,472,0.23400358786105743,0.32702677062500995,0.3309310475970716,0.0060838355221996395,0.6296783369835778,False,2,57
C01_SPEED_SENSOR_SPOOFING,473,0.21653968780111246,0.30778433292197827,0.30623336328036904,0.00599325435410183,0.620303165830161,False,2,57
C01_SPEED_SENSOR_SPOOFING,474,0.1993911738705419,0.2887885931382162,0.28198170230521225,0.005903330717602868,0.6109960493442587,False,2,57
C01_SPEED_SENSOR_SPOOFING,475,0.18257670952136013,0.27001899311378463,0.25820245877856046,0.005812042236412077,0.6015476711275527,False,2,57
C01_SPEED_SENSOR_SPOOFING,476,0.16612329441914472,0.2514960910086227,0.23493381599365318,0.0057207622010205334,0.5921001670529572,False,2,57
C01_SPEED_SENSOR_SPOOFING,477,0.1500660918878033,0.23317877050285216,0.2122255024000585,0.005626702117180809,0.582364927342315,False,2,57
C01_SPEED_SENSOR_SPOOFING,478,0.13445947150754206,0.21510814791635122,0.19015440819548474,0.005531971520692035,0.5725602894225595,False,2,57
C01_SPEED_SENSOR_SPOOFING,479,0.11937443703683483,0.19728422324911993,0.16882094785814492,0.0054371904413047815,0.5627504265115228,False,2,57
C01_SPEED_SENSOR_SPOOFING,480,0.10491751345930232,0.17972755466109744,0.1483757704646071,0.005343121855994682,0.5530143068967958,False,2,57
C01_SPEED_SENSOR_SPOOFING,481,0.09124939357002011,0.16237646767246627,0.12904612994504272,0.005246219219264164,0.5429848623263194,False,2,57
C01_SPEED_SENSOR_SPOOFING,482,0.07863456556304077,0.14531319492298306,0.11120606909056859,0.005150133003811883,0.5330399175407046,False,2,57
C01_SPEED_SENSOR_SPOOFING,483,0.0674797412239226,0.12847606193283032,0.09543076522429818,0.005053820885929978,0.5230715918031084,False,2,57
C01_SPEED_SENSOR_SPOOFING,484,0.058423301574976536,0.1119267431818255,0.08262302544594523,0.0049570913657205435,0.5130600648312755,False,2,57
C01_SPEED_SENSOR_SPOOFING,485,0.05233061361515372,0.09560356419015116,0.07400666350185653,0.0048594905036336965,0.5029583537802856,False,2,57
C01_SPEED_SENSOR_SPOOFING,486,0.050063779479287085,0.0797164237708043,0.07080087592326365,0.004761926094303837,0.49286041559779525,False,2,57
C01_SPEED_SENSOR_SPOOFING,487,0.0519041652883315,0.09262694821258198,0.07340357449441323,0.004664240462653775,0.4827499308780568,False,2,57
C01_SPEED_SENSOR_SPOOFING,488,0.05726551465556576,0.10529077473509002,0.08098566748217634,0.004567988937080642,0.4727878764579679,False,2,57
C01_SPEED_SENSOR_SPOOFING,489,0.06510749161163426,0.11764622885851102,0.09207589764926569,0.004470571795609508,0.46270518053178694,False,2,57
C01_SPEED_SENSOR_SPOOFING,490,0.07451415076183314,0.12979610138254064,0.10537892259609792,0.00437426252916076,0.45273714991816016,False,2,57
C01_SPEED_SENSOR_SPOOFING,491,0.0848423866516633,0.1416787178273615,0.11998525386688427,0.004277233386893287,0.44269461199632043,False,2,57
C01_SPEED_SENSOR_SPOOFING,492,0.09568783399617807,0.15331463635291273,0.13532303259150036,0.004181657159765288,0.43280245111630966,False,2,57
C01_SPEED_SENSOR_SPOOFING,493,0.10679969535473718,0.1647038569591943,0.15103757762798417,0.004086779903118012,0.42298263383735396,False,2,57
C01_SPEED_SENSOR_SPOOFING,494,0.11802069529767703,0.17584637964620625,0.16690646793067743,0.003991034042384496,0.41307291584123956,False,2,57
C01_SPEED_SENSOR_SPOOFING,495,0.1292484344266591,0.18674220441394856,0.18278488888167094,0.0038975680621455315,0.4033991659861264,False,2,57
C01_SPEED_SENSOR_SPOOFING,496,0.1404214389478451,0.1974324475822995,0.19858590340798807,0.0038052762458702354,0.3938469423638134,False,2,57
C01_SPEED_SENSOR_SPOOFING,497,0.15149035189970292,0.20785543467144166,0.21423971022523264,0.003713154479369348,0.38431231893117734,False,2,57
C01_SPEED_SENSOR_SPOOFING,498,0.16242537006563396,0.21805228200125334,0.22970416122028844,0.003621626428105622,0.37483914515835104,False,2,57
C01_SPEED_SENSOR_SPOOFING,499,0.17320477820813543,0.2280229895717345,0.244948546409769,0.0035307037945439216,0.36542863225306477,False,2,57
C01_SPEED_SENSOR_SPOOFING,500,0.1838150753199722,0.2377881155428243,0.25995377248613666,0.003443406755678168,0.3563933692095458,False,2,57
C01_SPEED_SENSOR_SPOOFING,501,0.19424329812686564,0.24728598543470534,0.27470150661109377,0.0033540177971637195,0.3471415920146026,False,2,57
C01_SPEED_SENSOR_SPOOFING,502,0.2044855312364125,0.2566193900470733,0.28918621158360175,0.0032678970272284873,0.33822807306842373,False,2,57
C01_SPEED_SENSOR_SPOOFING,503,0.21453415823207625,0.2657060967401716,0.3033971161640978,0.0031819199228651975,0.3293294235410667,False,2,57
C01_SPEED_SENSOR_SPOOFING,504,0.22439069480432536,0.2746283381537568,0.3173363638625989,0.003098494140822474,0.32069483644440183,False,2,57
C01_SPEED_SENSOR_SPOOFING,505,0.23405327640543686,0.28334499796795065,0.3310013178104275,0.003016485864067399,0.31220696146198373,False,2,57
C01_SPEED_SENSOR_SPOOFING,506,0.24352091873244913,0.2918560761827531,0.3443905859929859,0.002935934572918966,0.30386988481565674,False,2,57
C01_SPEED_SENSOR_SPOOFING,507,0.25279332355352396,0.30016157279816424,0.35750374664676354,0.0028552606167652206,0.29552011231385017,False,2,57
C01_SPEED_SENSOR_SPOOFING,508,0.26187218535581225,0.30830260413406224,0.3703431961384707,0.002778090561373681,0.2875329943244561,False,2,57
C01_SPEED_SENSOR_SPOOFING,509,0.27075929078392025,0.3162380538705689,0.3829114611651406,0.0027017033893788475,0.2796269049416855,False,2,57
C01_SPEED_SENSOR_SPOOFING,510,0.279462106493709,0.32405015464744075,0.39521910117275744,0.0026285142936145027,0.2720518171639078,False,2,57
C01_SPEED_SENSOR_SPOOFING,511,0.28798010537625,0.33165667382492126,0.40726537071672586,0.0025554032853777266,0.264484811462695,False,2,57
C01_SPEED_SENSOR_SPOOFING,512,0.2963175654702322,0.33911928588282775,0.4190563198573799,0.002486607953469293,0.25736447922651484,False,2,57
C01_SPEED_SENSOR_SPOOFING,513,0.30448096195734503,0.3464174326612212,0.4306011058844838,0.0024175885052600972,0.25022095090309016,False,2,57
C01_SPEED_SENSOR_SPOOFING,514,0.31247177078533844,0.35357167232004066,0.44190181610336265,0.0023521894595091722,0.24345213504367216,False,2,57
C01_SPEED_SENSOR_SPOOFING,515,0.3202951916401662,0.36056144669934703,0.4529658039804126,0.002286660206680232,0.2366698427225634,False,2,57
C01_SPEED_SENSOR_SPOOFING,516,0.32795459982373387,0.3674278721190186,0.4637978429133655,0.0022238232381040332,0.23016620242364802,False,2,57
C01_SPEED_SENSOR_SPOOFING,517,0.33545426430983905,0.37415039041911624,0.4744039701428633,0.0021631547508182743,0.2238870004231978,False,2,57
C01_SPEED_SENSOR_SPOOFING,518,0.34280035727521546,0.380749559759579,0.4847929144449522,0.0021053150006639042,0.21790057334839397,False,2,57
C01_SPEED_SENSOR_SPOOFING,519,0.35000088884668473,0.38724593830034615,0.49497600384961965,0.002049363543252772,0.2121095849947655,False,2,57
C01_SPEED_SENSOR_SPOOFING,520,0.35705891933053435,0.39361896788147843,0.5049575662835226,0.0019963687588020183,0.20662461295369217,False,2,57
C01_SPEED_SENSOR_SPOOFING,521,0.36398234084585285,0.39988920666291505,0.5147487628885117,0.0019437778094995473,0.2068628780845008,False,2,57
C01_SPEED_SENSOR_SPOOFING,522,0.3707748568205551,0.40607721280459513,0.5243548311025715,0.0018954537976716142,0.21006393662457673,False,2,57
C01_SPEED_SENSOR_SPOOFING,523,0.3774442178749411,0.4121624281465795,0.533786731958047,0.0018484723618980463,0.21321182143475104,False,2,57
C01_SPEED_SENSOR_SPOOFING,524,0.38399545050032646,0.4181654108488073,0.5430515739871281,0.0018042884180992052,0.21631716726100408,False,2,57
C01_SPEED_SENSOR_SPOOFING,525,0.39043316434492015,0.4240656027513395,0.5521558762168296,0.0017615505593643126,0.21936933935735553,False,2,57
C01_SPEED_SENSOR_SPOOFING,526,0.3967659859642338,0.4299246783339934,0.5611118384389525,0.0017229521862095704,0.22240024196174635,False,2,57
C01_SPEED_SENSOR_SPOOFING,527,0.40299837842877184,0.4356809631169516,0.5699257723883341,0.001685128095052301,0.22537797083623556,False,2,57
C01_SPEED_SENSOR_SPOOFING,528,0.4091372650629759,0.4413961315800315,0.5786074691242964,0.00165076304744471,0.22833443021876415,False,2,57
C01_SPEED_SENSOR_SPOOFING,529,0.41519100569116485,0.44707018372323315,0.5871687512237702,0.0016191490875416884,0.23126962010933208,False,2,57
C01_SPEED_SENSOR_SPOOFING,530,0.42116262856428816,0.45266200322667827,0.5956139012803185,0.0015882888879912144,0.23416227101597878,False,2,57
C01_SPEED_SENSOR_SPOOFING,531,0.42706095053934456,0.4582538227301234,0.6039553882126867,0.0015615324112098268,0.23705492192262545,False,2,57
C01_SPEED_SENSOR_SPOOFING,532,0.4328907043138559,0.4637839677537511,0.6121999050658963,0.0015362503128547797,0.23991566859133115,False,2,57
C01_SPEED_SENSOR_SPOOFING,533,0.4386568619257787,0.4692729964575005,0.6203544833634583,0.0015123415912503058,0.24275514576807622,False,2,57
C01_SPEED_SENSOR_SPOOFING,534,0.44436826964812765,0.47478258332118906,0.6284316336246467,0.001492563027182054,0.24560525769080163,False,2,57
C01_SPEED_SENSOR_SPOOFING,535,0.4500297320181201,0.48025105386499933,0.6364381504911549,0.001474239592064708,0.2484341001215664,False,2,57
C01_SPEED_SENSOR_SPOOFING,536,0.4556462710067684,0.4856989662488705,0.6443811361024986,0.0014587947896848032,0.2512523078063508,False,2,57
C01_SPEED_SENSOR_SPOOFING,537,0.4612280805014944,0.49116743679268077,0.652275006792523,0.0014453580642333486,0.2540811502371156,False,2,57
C01_SPEED_SENSOR_SPOOFING,538,0.46677686343997005,0.4966153491765519,0.6601221708787798,0.001434827200672519,0.2568993579219,False,2,57
C01_SPEED_SENSOR_SPOOFING,539,0.47230450872806684,0.5021043778803014,0.667939441813194,0.0014270551780559634,0.2597388350986451,False,2,57
C01_SPEED_SENSOR_SPOOFING,540,0.4778143911789137,0.5075934065840508,0.6757315923022632,0.0014206981478425433,0.2625783122753902,False,2,57
C01_SPEED_SENSOR_SPOOFING,541,0.4833134885913649,0.5131235516076785,0.6835084904437624,0.001418583997843891,0.2654390589440959,False,2,57
C01_SPEED_SENSOR_SPOOFING,542,0.48880641892673427,0.518633138471367,0.6912766670212123,0.0014157676954812438,0.2682891708668213,False,2,57
C01_SPEED_SENSOR_SPOOFING,543,0.494298684075583,0.524204399814873,0.6990439028828632,0.0014171765462543875,0.2711711870274876,False,2,57
C01_SPEED_SENSOR_SPOOFING,544,0.4997986692908012,0.5298167774782573,0.7068220565670764,0.0014213947200933457,0.27407447268011464,False,2,57
C01_SPEED_SENSOR_SPOOFING,545,0.5053149019260782,0.5354908296214589,0.7146231875730903,0.001427058886110665,0.27700966257068255,False,2,57
C01_SPEED_SENSOR_SPOOFING,546,0.5108456003801412,0.5411648817646606,0.722444776336222,0.0014340707356906685,0.27994485246125056,False,2,57
C01_SPEED_SENSOR_SPOOFING,547,0.5163992262007931,0.5469006083876796,0.7302987892921333,0.0014438814268045613,0.28291194658975943,False,2,57
C01_SPEED_SENSOR_SPOOFING,548,0.5219843754893183,0.5527185676504552,0.7381973831638441,0.0014558600048229175,0.2859215797021896,False,2,57
C01_SPEED_SENSOR_SPOOFING,549,0.5276045519368444,0.5585982013930483,0.7461455129188653,0.0014705979291489606,0.2889631170525607,False,2,57
C01_SPEED_SENSOR_SPOOFING,550,0.5332645997539145,0.5645189514555196,0.7541500293054461,0.0014853392473292404,0.2920259238948925,False,2,57
C01_SPEED_SENSOR_SPOOFING,551,0.538968155465992,0.5705219341577474,0.7622160751472166,0.0015028759557436792,0.29513126972114556,False,2,57
C01_SPEED_SENSOR_SPOOFING,552,0.5447238228458994,0.576627707659671,0.7703558180163901,0.0015226178663004161,0.2982897892773002,False,2,57
C01_SPEED_SENSOR_SPOOFING,553,0.5505314833841192,0.5827745974814728,0.7785690903151995,0.001544233717328257,0.3014695783254155,False,2,57
C01_SPEED_SENSOR_SPOOFING,554,0.5564012519635664,0.5890242781029702,0.7868701966482452,0.001567362213062398,0.3047025411034323,False,2,57
C01_SPEED_SENSOR_SPOOFING,555,0.5623367510759735,0.5953767495241633,0.7952642599924648,0.001592628876054635,0.3079886776113508,False,2,57
C01_SPEED_SENSOR_SPOOFING,556,0.5683395349207611,0.6017908954251739,0.8037534783177575,0.0016178541817933908,0.31130671835721024,False,2,57
C01_SPEED_SENSOR_SPOOFING,557,0.5744149868392494,0.6083283902858193,0.8123454648184294,0.0016472002380693424,0.31468856757895153,False,2,57
C01_SPEED_SENSOR_SPOOFING,558,0.5805677824049342,0.6149275596262821,0.8210468317539299,0.001676430308614261,0.31810232103863384,False,2,57
C01_SPEED_SENSOR_SPOOFING,559,0.586805014741989,0.6216706360863189,0.8298676103166648,0.0017079599416412112,0.3215905177201784,False,2,57
C01_SPEED_SENSOR_SPOOFING,560,0.5931248463988756,0.628475387026173,0.8388052019577488,0.00173932874361253,0.32511061863966384,False,2,57
C01_SPEED_SENSOR_SPOOFING,561,0.5995325013142893,0.635403486925662,0.8478669944421333,0.001773439683132536,0.3286945280350312,False,2,57
C01_SPEED_SENSOR_SPOOFING,562,0.6060347445724416,0.6424549357847857,0.8570625550436612,0.0018090057016252102,0.3323422459062805,False,2,57
C01_SPEED_SENSOR_SPOOFING,563,0.6126332605382846,0.6496091754436053,0.866394265814092,0.001844617485046691,0.3360431375074314,False,2,57
C01_SPEED_SENSOR_SPOOFING,564,0.6193263029783678,0.6568456477421812,0.8758596572063962,0.0018813587821509558,0.3397865680925035,False,2,57
C01_SPEED_SENSOR_SPOOFING,565,0.6261205626921074,0.6642054690003921,0.8854681914398519,0.001918888805522534,0.3435938071534576,False,2,57
C01_SPEED_SENSOR_SPOOFING,566,0.6330196912391617,0.6717091973781769,0.8952250325996515,0.001957957082037433,0.34747548943627393,False,2,57
C01_SPEED_SENSOR_SPOOFING,567,0.640021848084383,0.6792951583957183,0.9051275777760271,0.0019974668071924342,0.3513997107030115,False,2,57
C01_SPEED_SENSOR_SPOOFING,568,0.6471338538490315,0.6870250265328336,0.9151854727840687,0.0020378623460305893,0.3553983751916113,False,2,57
C01_SPEED_SENSOR_SPOOFING,569,0.6543540370853338,0.6948576854696445,0.9253963538396662,0.0020794357931304148,0.35945021341011274,False,2,57
C01_SPEED_SENSOR_SPOOFING,570,0.6616873414607941,0.7028136933660903,0.9357672123444523,0.002120478558637686,0.36356586010449604,False,2,57
C01_SPEED_SENSOR_SPOOFING,571,0.6691322865769056,0.710893050222171,0.9462959546987804,0.0021634516449085405,0.3677453152747613,False,2,57
C01_SPEED_SENSOR_SPOOFING,572,0.6766937759879315,0.7190957560378863,0.9569895155755938,0.002206479928889621,0.37198857892090836,False,2,57
C01_SPEED_SENSOR_SPOOFING,573,0.6843700624597505,0.7274012526532975,0.9678454240127013,0.0022488001796771,0.3762850162969571,False,2,57
C01_SPEED_SENSOR_SPOOFING,574,0.6921612395026691,0.7358300982283434,0.9788638122536467,0.002291800745004745,0.3806452621488878,False,2,57
C01_SPEED_SENSOR_SPOOFING,575,0.7000689903262552,0.7443822927630241,0.9900470607162293,0.0023360830517634725,0.3850693164767003,False,2,57
C01_SPEED_SENSOR_SPOOFING,576,0.7080947460052908,0.7530372780974006,1.001397193245814,0.002379639130919041,0.38954654453441445,False,2,57
C01_SPEED_SENSOR_SPOOFING,577,0.7162403854825256,0.761836170551351,1.0129168670687214,0.0024233753234177064,0.39409821581399085,False,2,57
C01_SPEED_SENSOR_SPOOFING,578,0.724500712072222,0.770717295645058,1.024598732961501,0.0024668766673852107,0.3986924260774885,False,2,57
C01_SPEED_SENSOR_SPOOFING,579,0.7328789979389287,0.7797217696983997,1.0364474184636365,0.002509801058491412,0.40335044481686805,False,2,57
C01_SPEED_SENSOR_SPOOFING,580,0.7413737136940497,0.7888495927113763,1.0484607606930332,0.002553396717064768,0.4080722720321296,False,2,57
C01_SPEED_SENSOR_SPOOFING,581,0.7499828775583757,0.7980596483641094,1.0606359569906552,0.0025955324511101607,0.4128366382313123,False,2,57
C01_SPEED_SENSOR_SPOOFING,582,0.7587065887625625,0.8073930529764773,1.0729731476898423,0.002637729339805018,0.41766481290637697,False,2,57
C01_SPEED_SENSOR_SPOOFING,583,0.7675431229008948,0.816829248388541,1.0854698941126448,0.0026792379092351356,0.42254616131134326,False,2,57
C01_SPEED_SENSOR_SPOOFING,584,0.7764907758066745,0.8263682346003003,1.0981237862034054,0.002720696683171363,0.4274806834462111,False,2,57
C01_SPEED_SENSOR_SPOOFING,585,0.7855476265465647,0.8359894534518161,1.110932107352147,0.0027607375376247838,0.4324577445650002,False,2,57
C01_SPEED_SENSOR_SPOOFING,586,0.794713836554716,0.8457340212629668,1.1238950858612344,0.0028008634416793,0.4374986141596713,False,2,57
C01_SPEED_SENSOR_SPOOFING,587,0.8039859195497338,0.855560821713874,1.1370077913842376,0.002840223093364442,0.4425820227382636,False,2,57
C01_SPEED_SENSOR_SPOOFING,588,0.8133620162316929,0.8654698548045378,1.1502675944739857,0.0028775607347583864,0.44770797030077714,False,2,57
C02_BRAKE_ACCELERATOR_ATTACK,0,0.0995181222396125,0.1738316799721709,0.14073987817316352,0.009878426078661845,1.0224193081041815,True,2,57
C02_BRAKE_ACCELERATOR_ATTACK,1,0.10824429860271077,0.20156463773006592,0.15308055513351662,0.009851501044939651,1.0196325610930972,True,2,57
C02_BRAKE_ACCELERATOR_ATTACK,2,0.1229078145756462,0.22917424652832613,0.17381789829451644,0.009821118440573342,1.016487954747183,True,2,57
C02_BRAKE_ACCELERATOR_ATTACK,3,0.14162371189786735,0.2566399482070124,0.20028617411958388,0.009786586400144223,1.0129138808408924,True,2,57
C02_BRAKE_ACCELERATOR_ATTACK,4,0.16294460692271945,0.28392062644624644,0.23043847302566275,0.009747240839334922,1.0088416064988783,True,2,57
C02_BRAKE_ACCELERATOR_ATTACK,5,0.1859230355216163,0.3110368394059674,0.2629348783922445,0.009703739808095102,1.0043392400380808,True,2,57
C02_BRAKE_ACCELERATOR_ATTACK,6,0.20996142564775025,0.3379680289262361,0.2969302957262386,0.009656097837705956,0.9994082854493525,False,2,57
C02_BRAKE_ACCELERATOR_ATTACK,7,0.2346793803751137,0.3646936368471135,0.3318867625358002,0.009604334296370925,0.9940507473460808,False,2,57
C02_BRAKE_ACCELERATOR_ATTACK,8,0.25983279078634736,0.39123422132853863,0.3674590566793034,0.00954838381550167,0.988259860064755,False,2,57
C02_BRAKE_ACCELERATOR_ATTACK,9,0.285250381460063,0.4175281078906941,0.40340495813291993,0.009487641340550005,0.9819730003243387,False,2,57
C02_BRAKE_ACCELERATOR_ATTACK,10,0.31081577553013245,0.4435958546935191,0.43955988515422484,0.009423465941919871,0.9753308322155483,False,2,57
C02_BRAKE_ACCELERATOR_ATTACK,11,0.33644853258203283,0.46945801989695274,0.47581007781803697,0.009355058423363547,0.9682506387480323,False,2,57
C02_BRAKE_ACCELERATOR_ATTACK,12,0.3620809451961603,0.4950529290211776,0.5120597833732793,0.009283275516777215,0.9608210918646237,False,2,57
C02_BRAKE_ACCELERATOR_ATTACK,13,0.3876661336398397,0.5204011402261328,0.5482427038662021,0.009207311256903872,0.9529587739809968,False,2,57
C02_BRAKE_ACCELERATOR_ATTACK,14,0.4131613715546579,0.5454615371919401,0.5842984151012667,0.009126531278114816,0.9445980281127273,False,2,57
C02_BRAKE_ACCELERATOR_ATTACK,15,0.4385326589741022,0.5702341199185995,0.6201788338647107,0.009042351634914531,0.9358854162176803,False,2,57
C02_BRAKE_ACCELERATOR_ATTACK,16,0.4637581317294954,0.5947600047259892,0.6558530395526608,0.008955325898599988,0.9268782330488788,False,2,57
C02_BRAKE_ACCELERATOR_ATTACK,17,0.4888078703785561,0.6189364008144137,0.6912787196840638,0.008862877163360715,0.9173097682787049,False,2,57
C02_BRAKE_ACCELERATOR_ATTACK,18,0.5136653912899566,0.6428455408236293,0.7264325628839393,0.008768301770462665,0.9075211939652952,False,2,57
C02_BRAKE_ACCELERATOR_ATTACK,19,0.5383133260299386,0.666446308433758,0.7612900064777088,0.00866953129767885,0.8972984279456268,False,2,57
C02_BRAKE_ACCELERATOR_ATTACK,20,0.562735143972725,0.6897387036447996,0.7958276726302038,0.008568731314711718,0.8868656071681563,False,2,57
C02_BRAKE_ACCELERATOR_ATTACK,21,0.586911184343721,0.7126404938169976,0.830017756807346,0.008462551336111413,0.8758759556396057,False,2,57
C02_BRAKE_ACCELERATOR_ATTACK,22,0.6108326770809895,0.7352544697500476,0.8638478562686006,0.008353411800943851,0.8645799893445432,False,2,57
C02_BRAKE_ACCELERATOR_ATTACK,23,0.6344821841749176,0.7574983988041932,0.8972933099442725,0.00824092604718709,0.8529376886772345,False,2,57
C02_BRAKE_ACCELERATOR_ATTACK,24,0.6578492418222796,0.7793928391393735,0.9303393197819256,0.008124946629471046,0.8409337930089048,False,2,57
C02_BRAKE_ACCELERATOR_ATTACK,25,0.6809228723765001,0.8009377907555885,0.9629703610448905,0.008006922594113224,0.8287182789574442,False,2,57
C02_BRAKE_ACCELERATOR_ATTACK,26,0.7036913795132093,0.8220921373329599,0.9951698926326132,0.007885551582890123,0.8161563521554939,False,2,57
C02_BRAKE_ACCELERATOR_ATTACK,27,0.7261457858560436,0.8428764370314268,1.026925218617686,0.007759908041028349,0.8031522174770397,False,2,57
C02_BRAKE_ACCELERATOR_ATTACK,28,0.748274892656415,0.8632906898509893,1.058220501577974,0.007633709042662226,0.7900905929261769,False,2,57
C02_BRAKE_ACCELERATOR_ATTACK,29,0.7700728174753062,0.8833143376317082,1.089047422488439,0.007503276922887817,0.7765908393629678,False,2,57
C02_BRAKE_ACCELERATOR_ATTACK,30,0.7915285482816863,0.9029473803735835,1.119390407985448,0.007370057921282013,0.7628026429070212,False,2,57
C02_BRAKE_ACCELERATOR_ATTACK,31,0.8126322853772411,0.922169259916676,1.1492355992027377,0.00723337278760391,0.748655701006513,False,2,57
C02_BRAKE_ACCELERATOR_ATTACK,32,0.8333745962084803,0.9409799762609858,1.1785696564952346,0.00709623822777385,0.734462243398779,False,2,57
C02_BRAKE_ACCELERATOR_ATTACK,33,0.8537539978365426,0.9594000875664521,1.2073904826706887,0.006955412366080656,0.7198867352227807,False,2,57
C02_BRAKE_ACCELERATOR_ATTACK,34,0.8737581552576345,0.9773884775131965,1.235680633399443,0.006812675244287326,0.7051134111990323,False,2,57
C02_BRAKE_ACCELERATOR_ATTACK,35,0.8933846504896645,0.9949862624210972,1.263436689138431,0.006668444587781254,0.6901855059985383,False,2,57
C02_BRAKE_ACCELERATOR_ATTACK,36,0.9126240154300321,1.012131767810337,1.290645259968544,0.006520844245253782,0.6749088375413178,False,2,57
C02_BRAKE_ACCELERATOR_ATTACK,37,0.9314670617471182,1.0288249936809157,1.317293351626592,0.006371377773955598,0.6594390243390345,False,2,57
C02_BRAKE_ACCELERATOR_ATTACK,38,0.9499115714287688,1.0451070563527118,1.343377827369704,0.006220432187078415,0.6438161223435727,False,2,57
C02_BRAKE_ACCELERATOR_ATTACK,39,0.9679520405634017,1.060957397665786,1.368890903491475,0.006067361575138042,0.6279732797788834,False,2,57
C02_BRAKE_ACCELERATOR_ATTACK,40,0.9855812199702526,1.0763554594601992,1.393822328102152,0.00591230698331069,0.6119250948522446,False,2,57
C02_BRAKE_ACCELERATOR_ATTACK,41,1.002795390635551,1.0913217998958906,1.4181668417220217,0.005755815136906435,0.5957281537555047,False,2,57
C02_BRAKE_ACCELERATOR_ATTACK,42,1.0195909144283817,1.10585641897286,1.4419192992570031,0.005598648403067605,0.5794613616583716,False,2,57
C02_BRAKE_ACCELERATOR_ATTACK,43,1.0359601898124102,1.1198976422112903,1.4650689505113164,0.005439028305942998,0.5793235865532007,False,2,57
C02_BRAKE_ACCELERATOR_ATTACK,44,1.0519031924152267,1.1335277022509376,1.487615761017169,0.005278416863752383,0.5863744231381519,False,2,57
C02_BRAKE_ACCELERATOR_ATTACK,45,1.067412826373112,1.146684924611985,1.5095496957078527,0.005116666881450242,0.593180660565556,False,2,57
C02_BRAKE_ACCELERATOR_ATTACK,46,1.0824852062972312,1.1593693092944322,1.530865259813782,0.004952107919596783,0.5997422988354125,False,2,57
C02_BRAKE_ACCELERATOR_ATTACK,47,1.09711892472017,1.1716425307780967,1.5515604628754511,0.004788841581434507,0.6060912421856628,False,2,57
C02_BRAKE_ACCELERATOR_ATTACK,48,1.1113099244443139,1.1834223564232218,1.5716295671489682,0.00462465021502666,0.6121849516323853,False,2,57
C02_BRAKE_ACCELERATOR_ATTACK,49,1.125059723014104,1.194770460709625,1.5910747187662637,0.004459526648040585,0.6180553314135212,False,2,57
C02_BRAKE_ACCELERATOR_ATTACK,50,1.1383630581066617,1.2056457273174281,1.6098884756789527,0.00429315864558912,0.6236811120371097,False,2,57
C02_BRAKE_ACCELERATOR_ATTACK,51,1.1512181209209118,1.2160687144065705,1.6280682798560233,0.004126910394420184,0.6290729282491313,False,2,57
C02_BRAKE_ACCELERATOR_ATTACK,52,1.1636229029259482,1.2260188638171123,1.6456112908058274,0.003959395099404276,0.6342201453036055,False,2,57
C02_BRAKE_ACCELERATOR_ATTACK,53,1.1755774556658152,1.2355372918689327,1.6625175814226516,0.0037916300025647317,0.6391440326924931,False,2,57
C02_BRAKE_ACCELERATOR_ATTACK,54,1.1870764230655773,1.2445623240822135,1.6787795770726812,0.003624649208346607,0.6438126861778529,False,2,57
C02_BRAKE_ACCELERATOR_ATTACK,55,1.198124698807869,1.2531556349367725,1.694404198468268,0.00345655674857884,0.6482580099976262,False,2,57
C02_BRAKE_ACCELERATOR_ATTACK,56,1.2087207292423345,1.2613172244326096,1.7093892484160074,0.003289951639159603,0.6524800041518126,False,2,57
C02_BRAKE_ACCELERATOR_ATTACK,57,1.218864207196837,1.2690059762498467,1.723734292508897,0.0031239283901157455,0.6564573991484518,False,2,57
C02_BRAKE_ACCELERATOR_ATTACK,58,1.2285566415910552,1.2762424485484227,1.737441464681612,0.00295630881036386,0.660200829733524,False,2,57
C02_BRAKE_ACCELERATOR_ATTACK,59,1.2377929097352043,1.2830060831683987,1.7505035203567822,0.002790239949307472,0.6636996611610488,False,2,57
C02_BRAKE_ACCELERATOR_ATTACK,60,1.2465779640026486,1.2893379964296527,1.7629274632479854,0.002623994005468943,0.666975162922987,False,2,57
C02_BRAKE_ACCELERATOR_ATTACK,61,1.2549118479921746,1.2952381883321848,1.774713355013217,0.0024594659879242217,0.6700273350193384,False,2,57
C02_BRAKE_ACCELERATOR_ATTACK,62,1.2627978575178214,1.300706658875995,1.7858658566373904,0.002295842838683041,0.6728561774501032,False,2,57
C02_BRAKE_ACCELERATOR_ATTACK,63,1.2702341156888817,1.3057022917412053,1.7963823137962114,0.0021334194320616006,0.6754404207233207,False,2,57
C02_BRAKE_ACCELERATOR_ATTACK,64,1.2772256928790255,1.3102867614076326,1.8062698970808913,0.001971577321038132,0.6778119690769316,False,2,57
C02_BRAKE_ACCELERATOR_ATTACK,65,1.283772580836963,1.3144395097153383,1.8155285948223439,0.00181314513549728,0.679960187764956,False,2,57
C02_BRAKE_ACCELERATOR_ATTACK,66,1.289879719637966,1.3181605366643219,1.8241653933420172,0.0016554594750232202,0.6818850767873936,False,2,57
C02_BRAKE_ACCELERATOR_ATTACK,67,1.2955470830830726,1.3214498422545837,1.8321802555889843,0.0014987559861538542,0.6835866361442446,False,2,57
C02_BRAKE_ACCELERATOR_ATTACK,68,1.3007763836803712,1.324327984646063,1.8395756034154098,0.0013459174339272668,0.6850755005814894,False,2,57
C02_BRAKE_ACCELERATOR_ATTACK,69,1.3055726429552246,1.3267949638387593,1.846358538330565,0.0011966601056366212,0.6863516700991276,False,2,57
C02_BRAKE_ACCELERATOR_ATTACK,70,1.3099392072402354,1.328850779832673,1.8525337927634014,0.0010533331968669575,0.6874151446971595,False,2,57
C02_BRAKE_ACCELERATOR_ATTACK,71,1.3138810894565525,1.3304954326278038,1.8581084560549943,0.0009153689950042006,0.6882659243755849,False,2,57
C02_BRAKE_ACCELERATOR_ATTACK,72,1.317401685650094,1.331749480384091,1.86308733093954,0.0007851806365860321,0.6889146438803843,False,2,57
C02_BRAKE_ACCELERATOR_ATTACK,73,1.320502646180332,1.3325923649415956,1.867472751377786,0.0006670168946795471,0.6893506684655774,False,2,57
C02_BRAKE_ACCELERATOR_ATTACK,74,1.3231890733131444,1.333065202620196,1.8712719330633365,0.0005699631516309667,0.6895952676231247,False,2,57
C02_BRAKE_ACCELERATOR_ATTACK,75,1.3254694234133482,1.3331679934198915,1.8744968351020033,0.0004997314346429343,0.6896484413530263,False,2,57
C02_BRAKE_ACCELERATOR_ATTACK,76,1.3273453608543053,1.3331679934198915,1.8771498112731684,0.00047012096847302316,0.6896484413530263,False,2,57
C02_BRAKE_ACCELERATOR_ATTACK,77,1.328821958346972,1.3331679934198915,1.879238035473464,0.0004864690827860028,0.6896484413530263,False,2,57
C02_BRAKE_ACCELERATOR_ATTACK,78,1.3299042860544534,1.3331679934198915,1.8807686779963162,0.0005435150426624956,0.6900933457550746,False,2,57
C02_BRAKE_ACCELERATOR_ATTACK,79,1.3305974174355215,1.3331679934198915,1.8817489137959291,0.0006288324894486492,0.6904530147619534,False,2,57
C02_BRAKE_ACCELERATOR_ATTACK,80,1.3309081491793942,1.3331679934198915,1.8821883548423737,0.0007296506388979059,0.6906142548684859,False,2,57
C02_BRAKE_ACCELERATOR_ATTACK,81,1.3308432670591817,1.3331679934198915,1.8820965976680137,0.0008395021646067386,0.6905805872430134,False,2,57
C02_BRAKE_ACCELERATOR_ATTACK,82,1.3304078494034244,1.3331679934198915,1.8814808241139451,0.0009555744969572629,0.6903546470531718,False,2,57
C02_BRAKE_ACCELERATOR_ATTACK,83,1.329606985552578,1.3331679934198915,1.8803482315944637,0.0010754129940909148,0.6899390751807294,False,2,57
C02_BRAKE_ACCELERATOR_ATTACK,84,1.3284491619913459,1.3331679934198915,1.878710821811334,0.001194327641628152,0.6896484413530263,False,2,57
C02_BRAKE_ACCELERATOR_ATTACK,85,1.3269411857585027,1.3331679934198915,1.876578221371111,0.0013141962598417823,0.6896484413530263,False,2,57
C02_BRAKE_ACCELERATOR_ATTACK,86,1.3250881359902709,1.3331679934198915,1.8739576132571254,0.0014335661043167838,0.6896484413530263,False,2,57
C02_BRAKE_ACCELERATOR_ATTACK,87,1.3228934028073367,1.3328801791807436,1.8708537918240293,0.001552831683427679,0.6894995549093019,False,2,57
C02_BRAKE_ACCELERATOR_ATTACK,88,1.3203688779154934,1.3322223180626913,1.8672835744834362,0.0016683628920321331,0.6891592430379317,False,2,57
C02_BRAKE_ACCELERATOR_ATTACK,89,1.3175213605314418,1.3311944100657345,1.863256576779817,0.001782142714818274,0.6886275057389157,False,2,57
C02_BRAKE_ACCELERATOR_ATTACK,90,1.3143576697167558,1.329796455189873,1.8587824423225332,0.0018941291760197594,0.687904343012254,False,2,57
C02_BRAKE_ACCELERATOR_ATTACK,91,1.310886334187112,1.3280695697549856,1.8538732325369633,0.0020042926966834978,0.6870110243499072,False,2,57
C02_BRAKE_ACCELERATOR_ATTACK,92,1.307114113534698,1.3260137537610721,1.8485385069300553,0.002111843923345685,0.6859475497518754,False,2,57
C02_BRAKE_ACCELERATOR_ATTACK,93,1.3030460990138808,1.323608449048193,1.8427854656227851,0.002217268054276808,0.6847032844721781,False,2,57
C02_BRAKE_ACCELERATOR_ATTACK,94,1.2986924996988438,1.3208536556163488,1.8366285464263215,0.0023189095851013,0.6832782285108154,False,2,57
C02_BRAKE_ACCELERATOR_ATTACK,95,1.294061886153597,1.3178110479453566,1.830079869948525,0.0024192189402401695,0.6817042861057283,False,2,57
C02_BRAKE_ACCELERATOR_ATTACK,96,1.2891609662941828,1.3144395097153383,1.8231489226152375,0.0025155849127718654,0.679960187764956,False,2,57
C02_BRAKE_ACCELERATOR_ATTACK,97,1.2839982948838193,1.3107595990862329,1.815847802688626,0.0026094645449941632,0.678056568234479,False,2,57
C02_BRAKE_ACCELERATOR_ATTACK,98,1.2785807155732292,1.3067507578981012,1.8081861885523574,0.002700372677578344,0.6759827927683169,False,2,57
C02_BRAKE_ACCELERATOR_ATTACK,99,1.2729202020438957,1.3024952187907,1.8001810135491776,0.0027889564232213785,0.6737814003503909,False,2,57
C02_BRAKE_ACCELERATOR_ATTACK,100,1.2670217459151214,1.2979518654441509,1.7918393368948025,0.0028742049538200785,0.6714311214887405,False,2,57
C02_BRAKE_ACCELERATOR_ATTACK,101,1.2608938755142483,1.2931206978584537,1.7831732194654228,0.002956200955000568,0.6689319561833655,False,2,57
C02_BRAKE_ACCELERATOR_ATTACK,102,1.2545451652690291,1.2880222741935479,1.774194787333057,0.003035582739409548,0.6662945391802465,False,2,57
C02_BRAKE_ACCELERATOR_ATTACK,103,1.2479857940975194,1.2826771526093725,1.7649184356616687,0.0031114400824459806,0.6635295052253638,False,2,57
C02_BRAKE_ACCELERATOR_ATTACK,104,1.2412209052416139,1.2770647749459882,1.7553514380937005,0.0031848091239459913,0.6606262195727367,False,2,57
C02_BRAKE_ACCELERATOR_ATTACK,105,1.2342624178392996,1.2712262575232736,1.7455106508357454,0.003254619506404917,0.6576059517143263,False,2,57
C02_BRAKE_ACCELERATOR_ATTACK,106,1.2271154606190273,1.265141042181289,1.7354033270051359,0.003321871411478079,0.6544580669041519,False,2,57
C02_BRAKE_ACCELERATOR_ATTACK,107,1.2197902791685853,1.2588502452399133,1.725043956051077,0.0033862984930707798,0.6512038346341744,False,2,57
C02_BRAKE_ACCELERATOR_ATTACK,108,1.2122952783392074,1.252333308539207,1.7144444242281733,0.00344660259075588,0.6478326201584134,False,2,57
C02_BRAKE_ACCELERATOR_ATTACK,109,1.2046373879187053,1.2455902320791703,1.7036145317363323,0.003504339114187784,0.6443444234768688,False,2,57
C02_BRAKE_ACCELERATOR_ATTACK,110,1.1968285391017834,1.2386621321796814,1.69257115183292,0.0035585477414961505,0.6407605140815015,False,2,57
C02_BRAKE_ACCELERATOR_ATTACK,111,1.188873879013466,1.2315490088407401,1.6813215636519538,0.003610765087311648,0.6370808919723112,False,2,57
C02_BRAKE_ACCELERATOR_ATTACK,112,1.1807818847283778,1.2242508620623467,1.6698777555873363,0.003659541234075455,0.6333055571492981,False,2,57
C02_BRAKE_ACCELERATOR_ATTACK,113,1.1725610899694459,1.216767691844501,1.6582517961457695,0.003704919257451761,0.6294345096124621,False,2,57
C02_BRAKE_ACCELERATOR_ATTACK,114,1.1642217339402499,1.2091406145070815,1.6464581657478226,0.0037474842953947817,0.625489018853764,False,2,57
C02_BRAKE_ACCELERATOR_ATTACK,115,1.1557705474378817,1.2013285137302097,1.6345063831780289,0.003785988434100931,0.6214478153812428,False,2,57
C02_BRAKE_ACCELERATOR_ATTACK,116,1.147216254357815,1.193393063993703,1.6224087858876841,0.003823123870674232,0.6173428034328399,False,2,57
C02_BRAKE_ACCELERATOR_ATTACK,117,1.1385671879604142,1.1852931489776832,1.6101771588866145,0.0038554445969022234,0.6131527135165943,False,2,57
C02_BRAKE_ACCELERATOR_ATTACK,118,1.1298320542939635,1.1770698850020287,1.5978238143863783,0.003885728290233914,0.6088988151244669,False,2,57
C02_BRAKE_ACCELERATOR_ATTACK,119,1.1210176773679807,1.1687438302266784,1.585358402993785,0.00391393029950597,0.6045917430024378,False,2,57
C02_BRAKE_ACCELERATOR_ATTACK,120,1.1121307718522693,1.1602738683317542,1.5727904206859376,0.003938033510528718,0.6002102276585465,False,2,57
C02_BRAKE_ACCELERATOR_ATTACK,121,1.1031817061689035,1.1517216737970735,1.560134530625954,0.0039600492487690125,0.595786173330734,False,2,57
C02_BRAKE_ACCELERATOR_ATTACK,122,1.0941755311554258,1.143046130302758,1.5473978757767881,0.00397865595485344,0.5912983105270395,False,2,57
C02_BRAKE_ACCELERATOR_ATTACK,123,1.0851225797366757,1.1342883541686857,1.534595069100887,0.0039944986868105554,0.5867679087394237,False,2,57
C02_BRAKE_ACCELERATOR_ATTACK,124,1.0760296650487617,1.125448345394857,1.5217357458277376,0.0040075890978018645,0.5821949679678867,False,2,57
C02_BRAKE_ACCELERATOR_ATTACK,125,1.0669036586952492,1.116546662141211,1.5088296238722971,0.004018611130792531,0.5775901229584088,False,2,57
C02_BRAKE_ACCELERATOR_ATTACK,126,1.0577513160278995,1.1075833044077474,1.4958862567446451,0.0040268736262570335,0.5729533737109898,False,2,57
C02_BRAKE_ACCELERATOR_ATTACK,127,1.048579449847432,1.0985377140345274,1.482915279199957,0.004031699376771673,0.5682740854796496,False,2,57
C02_BRAKE_ACCELERATOR_ATTACK,128,1.0393951153794518,1.0894715655013683,1.4699266688339687,0.004035835075155006,0.5635841625023291,False,2,57
C02_BRAKE_ACCELERATOR_ATTACK,129,1.0302048878121295,1.0803437424883917,1.4569297243669663,0.004035835075155006,0.5588623352870676,False,2,57
C02_BRAKE_ACCELERATOR_ATTACK,130,1.0210157655690262,1.0711748031555368,1.4439343430644653,0.004033765788247954,0.5541192385798455,False,2,57
C02_BRAKE_ACCELERATOR_ATTACK,131,1.0118362563709877,1.0619853056627429,1.430952556660671,0.004028942512821822,0.549365507126643,False,2,57
C02_BRAKE_ACCELERATOR_ATTACK,132,1.0026698785785482,1.0527752500100098,1.4179893408687672,0.004022732661051113,0.5446011409274604,False,2,57
C02_BRAKE_ACCELERATOR_ATTACK,133,0.9935250638344167,1.0435446361973375,1.4050566198322272,0.004013081482363237,0.5398261399822972,False,2,57
C02_BRAKE_ACCELERATOR_ATTACK,134,0.9844054441153128,1.0343140223846652,1.3921595299417853,0.00400272502572013,0.5350511390371342,False,2,57
C02_BRAKE_ACCELERATOR_ATTACK,135,0.9753177485728548,1.025083408571993,1.3793075876549237,0.003989618655164564,0.5302761380919712,False,2,57
C02_BRAKE_ACCELERATOR_ATTACK,136,0.9662671437474105,1.0158527947593208,1.366508099563101,0.003974432798584955,0.525501137146808,False,2,57
C02_BRAKE_ACCELERATOR_ATTACK,137,0.9572588462398578,1.0066427391065875,1.353768443054028,0.003957864132361413,0.5207367709476253,False,2,57
C02_BRAKE_ACCELERATOR_ATTACK,138,0.9482995540351643,0.9974532416137937,1.3410980905088872,0.003938558785015477,0.5159830394944229,False,2,57
C02_BRAKE_ACCELERATOR_ATTACK,139,0.9393927799424303,0.9882637441209996,1.3285020097899494,0.00391713684168648,0.5112293080412204,False,2,57
C02_BRAKE_ACCELERATOR_ATTACK,140,0.9305455152825455,0.979135921108023,1.315990088118036,0.0038950524470007177,0.506507480825959,False,2,57
C02_BRAKE_ACCELERATOR_ATTACK,141,0.9217609848766961,0.9700286562549857,1.303566886079005,0.003870204535437337,0.5017962883566778,False,2,57
C02_BRAKE_ACCELERATOR_ATTACK,142,0.9130428362530908,0.9609830658817656,1.291237562056718,0.0038453446807990193,0.4971170001253376,False,2,57
C02_BRAKE_ACCELERATOR_ATTACK,143,0.904394360634659,0.9519580336684847,1.2790067705432786,0.0038176990885377946,0.4924483466399777,False,2,57
C02_BRAKE_ACCELERATOR_ATTACK,144,0.8958225221247488,0.9430152340949604,1.2668843602680917,0.0037894106817486146,0.4878222321385391,False,2,57
C02_BRAKE_ACCELERATOR_ATTACK,145,0.8873272670223319,0.9340929926813751,1.2548702552864346,0.003758970420485103,0.48320675238308075,False,2,57
C02_BRAKE_ACCELERATOR_ATTACK,146,0.8789172517600845,0.9252529839075465,1.2429766976427996,0.003727207233779656,0.4786338116115438,False,2,57
C02_BRAKE_ACCELERATOR_ATTACK,147,0.8705925062074875,0.9164746496135352,1.2312037295790117,0.0036947071070875743,0.47409277507794767,False,2,57
C02_BRAKE_ACCELERATOR_ATTACK,148,0.8623565057936882,0.9077579897993414,1.2195562660941064,0.0036608000997767117,0.4695836427822926,False,2,57
C02_BRAKE_ACCELERATOR_ATTACK,149,0.8542143842998142,0.8991441207848432,1.2080415674509803,0.0036262755900455775,0.46512768421653905,False,2,57
C02_BRAKE_ACCELERATOR_ATTACK,150,0.8461644344262098,0.8905919262501625,1.1966572191633054,0.0035909816747320272,0.46070362988872654,False,2,57
C02_BRAKE_ACCELERATOR_ATTACK,151,0.8382118237657312,0.8821219643552383,1.1854105293109836,0.0035543268626213784,0.45632211454483523,False,2,57
C02_BRAKE_ACCELERATOR_ATTACK,152,0.8303583238540471,0.8737547932600097,1.174304003223784,0.003517688737705135,0.4519937729308455,False,2,57
C02_BRAKE_ACCELERATOR_ATTACK,153,0.8226039031230102,0.8654492966445986,1.1633375962576047,0.003479594719060848,0.4476973355547968,False,2,57
C02_BRAKE_ACCELERATOR_ATTACK,154,0.814955422099657,0.8572465908288832,1.1525210106628252,0.003440196407824339,0.4434540719086497,False,2,57
C02_BRAKE_ACCELERATOR_ATTACK,155,0.8074112876182244,0.8491466758128634,1.1418519933628168,0.00340143692546853,0.43926398199240413,False,2,57
C02_BRAKE_ACCELERATOR_ATTACK,156,0.7999715175757691,0.8411289934366002,1.1313305696678395,0.0033619301391780458,0.43511643106007986,False,2,57
C02_BRAKE_ACCELERATOR_ATTACK,157,0.7926395759987785,0.8332346600199718,1.1209616384511323,0.0033224982801612303,0.4310326886036375,False,2,57
C02_BRAKE_ACCELERATOR_ATTACK,158,0.7854120666977694,0.8254225592431,1.1107403967754674,0.00328296030356142,0.42699148513111645,False,2,57
C02_BRAKE_ACCELERATOR_ATTACK,159,0.7782957120284745,0.8177132492659238,1.1006763514874933,0.0032414570391481926,0.42300345538849693,False,2,57
C02_BRAKE_ACCELERATOR_ATTACK,160,0.7712873338935777,0.8101272882483825,1.0907650080788835,0.0032019545504384135,0.4190792341217594,False,2,57
C02_BRAKE_ACCELERATOR_ATTACK,161,0.7643851655793295,0.8026235598705977,1.0810038680390917,0.0031616892502387083,0.4151975518389431,False,2,57
C02_BRAKE_ACCELERATOR_ATTACK,162,0.7575926865394834,0.7952431804524477,1.0713978520588063,0.0031214944889477072,0.41137967803200864,False,2,57
C02_BRAKE_ACCELERATOR_ATTACK,163,0.7509081462516889,0.7879655918339934,1.061944484525578,0.003081273422661256,0.40761497795497587,False,2,57
C02_BRAKE_ACCELERATOR_ATTACK,164,0.7443315931520006,0.7807907940152348,1.052643833938332,0.00304102500763774,0.40390345160784463,False,2,57
C02_BRAKE_ACCELERATOR_ATTACK,165,0.7378614422822936,0.7737599033160502,1.0434936588277923,0.003002893138355586,0.4002663684825757,False,2,57
C02_BRAKE_ACCELERATOR_ATTACK,166,0.7314941011273007,0.766811245256622,1.0344888786101452,0.00296401382990163,0.396671824341228,False,2,57
C02_BRAKE_ACCELERATOR_ATTACK,167,0.7252313840515333,0.7599653779968896,1.0256320591842891,0.002925124282216783,0.39313045392978185,False,2,57
C02_BRAKE_ACCELERATOR_ATTACK,168,0.7190716733106415,0.7532428596967919,1.0169209127142247,0.0028876223979291114,0.38965289199421765,False,2,57
C02_BRAKE_ACCELERATOR_ATTACK,169,0.713013160589196,0.7466025740364509,1.0083528818557466,0.002849378295681424,0.38621786904257477,False,2,57
C02_BRAKE_ACCELERATOR_ATTACK,170,0.7070543706613301,0.740126753655623,0.9999258803244264,0.002814677007034112,0.3828679240587744,False,2,57
C02_BRAKE_ACCELERATOR_ATTACK,171,0.7011882137419763,0.7337126077546123,0.9916298816500675,0.0027791751903703515,0.37954988331291495,False,2,57
C02_BRAKE_ACCELERATOR_ATTACK,172,0.6954182215364642,0.7274012526532975,0.9834698804182452,0.0027437058046441165,0.3762850162969571,False,2,57
C02_BRAKE_ACCELERATOR_ATTACK,173,0.6897410631607668,0.7212132465116174,0.9754411660475939,0.002710320543569305,0.37308395775688125,False,2,57
C02_BRAKE_ACCELERATOR_ATTACK,174,0.6841532105847565,0.7151280311696331,0.9675387491500588,0.0026776454438755906,0.36993607294670694,False,2,57
C02_BRAKE_ACCELERATOR_ATTACK,175,0.6786496372210723,0.7091456066273444,0.9597555210576212,0.0026469982988895488,0.3668413618664342,False,2,57
C02_BRAKE_ACCELERATOR_ATTACK,176,0.6732285522410748,0.7032454147248122,0.9520889491561317,0.002616348124904225,0.36378918977008273,False,2,57
C02_BRAKE_ACCELERATOR_ATTACK,177,0.6678866766456604,0.6974480136219757,0.9445343962405868,0.002587754427702255,0.3607901914036329,False,2,57
C02_BRAKE_ACCELERATOR_ATTACK,178,0.6626205394593859,0.691753403318835,0.9370869536104403,0.0025605816105156247,0.3578443667670846,False,2,57
C02_BRAKE_ACCELERATOR_ATTACK,179,0.657425003021639,0.6861410256554507,0.9297393555163748,0.002534764726470165,0.3549410811144576,False,2,57
C02_BRAKE_ACCELERATOR_ATTACK,180,0.6522983324935071,0.6806314387917621,0.9224891485256722,0.002510394091629259,0.3520909691917322,False,2,57
C02_BRAKE_ACCELERATOR_ATTACK,181,0.6472336965543676,0.6751835264078909,0.915326671692059,0.0024873377717937292,0.34927276150694775,False,2,57
C02_BRAKE_ACCELERATOR_ATTACK,182,0.6422294546006189,0.6698178466637763,0.908249604851671,0.0024656819988648575,0.3464970928060846,False,2,57
C02_BRAKE_ACCELERATOR_ATTACK,183,0.6372821519398518,0.6645549577193575,0.9012530623316498,0.0024461691570997024,0.34377459783512304,False,2,57
C02_BRAKE_ACCELERATOR_ATTACK,184,0.6323815841319832,0.6593537432547559,0.894322612874433,0.002429371398683786,0.3410840071021024,False,2,57
C02_BRAKE_ACCELERATOR_ATTACK,185,0.6275259931951728,0.654234761429911,0.8874557703182598,0.0024140154469895828,0.3384359553530031,False,2,57
C02_BRAKE_ACCELERATOR_ATTACK,186,0.6227101671841709,0.6491568959249443,0.8806451638594719,0.0023993352846982956,0.3358091730958644,False,2,57
C02_BRAKE_ACCELERATOR_ATTACK,187,0.6179308137512857,0.6441612630597341,0.8738861374153112,0.002387460588561948,0.33322492982264695,False,2,57
C02_BRAKE_ACCELERATOR_ATTACK,188,0.6131810167600137,0.6392067465144022,0.8671689100917355,0.0023769670439302715,0.33066195604139015,False,2,57
C02_BRAKE_ACCELERATOR_ATTACK,189,0.6084574074902419,0.6343139044488878,0.8604887177990729,0.0023685789491856095,0.3281308864980743,False,2,57
C02_BRAKE_ACCELERATOR_ATTACK,190,0.6037515131499829,0.6294621787032515,0.8538335781999838,0.002362970343780952,0.32562108644671905,False,2,57
C02_BRAKE_ACCELERATOR_ATTACK,191,0.5990598771260836,0.6246721274374327,0.8471986029052672,0.0023594750155671806,0.3231431906333048,False,2,57
C02_BRAKE_ACCELERATOR_ATTACK,192,0.5943755774254995,0.6199026343315531,0.840574002738481,0.002357375330995095,0.32067592956587093,False,2,57
C02_BRAKE_ACCELERATOR_ATTACK,193,0.5896919645615248,0.6151742575455518,0.833950373905343,0.0023587775717511645,0.31822993799039767,False,2,57
C02_BRAKE_ACCELERATOR_ATTACK,194,0.5850054521044021,0.6104869970794287,0.8273226444282495,0.002361570592587947,0.31580521590688504,False,2,57
C02_BRAKE_ACCELERATOR_ATTACK,195,0.5803075140290047,0.6057791784533664,0.8206787566868337,0.002365780781999653,0.313369859077392,False,2,57
C02_BRAKE_ACCELERATOR_ATTACK,196,0.5755949679658321,0.6011124761471824,0.8140142101309868,0.002373492328074412,0.3109557717398597,False,2,57
C02_BRAKE_ACCELERATOR_ATTACK,197,0.5708608369280329,0.5964663320009376,0.8073191378112798,0.002383286477539531,0.30855231914830766,False,2,57
C02_BRAKE_ACCELERATOR_ATTACK,198,0.5660982559899596,0.5918201878546927,0.800583831256757,0.0023951818679349745,0.30614886655675566,False,2,57
C02_BRAKE_ACCELERATOR_ATTACK,199,0.561300479230768,0.587174043708448,0.7937987502946697,0.0024098873314722697,0.30374541396520366,False,2,57
C02_BRAKE_ACCELERATOR_ATTACK,200,0.5564623384819939,0.5825278995622031,0.7869565860310836,0.0024266629579725685,0.30134196137365166,False,2,57
C02_BRAKE_ACCELERATOR_ATTACK,201,0.5515737390046599,0.57784063909608,0.7800430623492278,0.0024463313933268537,0.29891723929013897,False,2,57
C02_BRAKE_ACCELERATOR_ATTACK,202,0.5466346308401774,0.5731533786299569,0.773058108596989,0.0024672950713574633,0.29649251720662634,False,2,57
C02_BRAKE_ACCELERATOR_ATTACK,203,0.5416332200845875,0.5684455600038947,0.7659850456754351,0.0024925244575212586,0.2940571603771334,False,2,57
C02_BRAKE_ACCELERATOR_ATTACK,204,0.5365659153496866,0.563676066898015,0.7588187945946608,0.0025177280155597778,0.2915898993096994,False,2,57
C02_BRAKE_ACCELERATOR_ATTACK,205,0.5314262414110117,0.5589065737921354,0.7515501980044113,0.002547818091232107,0.28912263824226553,False,2,57
C02_BRAKE_ACCELERATOR_ATTACK,206,0.5262054602523291,0.5540754062064382,0.7441668984836204,0.002579301086726529,0.2866234729368906,False,2,57
C02_BRAKE_ACCELERATOR_ATTACK,207,0.5208985870920926,0.5491825641409238,0.7366618464866203,0.0026129022709543755,0.28409240339357483,False,2,57
C02_BRAKE_ACCELERATOR_ATTACK,208,0.5155005975858146,0.544248605755531,0.7290279365172941,0.002649238088362301,0.2815400643582983,False,2,57
C02_BRAKE_ACCELERATOR_ATTACK,209,0.5100013826208739,0.5392529728903209,0.72125087213147,0.0026891205761811754,0.27895582108508093,False,2,57
C02_BRAKE_ACCELERATOR_ATTACK,210,0.5043957734914296,0.5341751073853542,0.7133233436752475,0.0027303605928208027,0.2825929319061039,False,2,57
C02_BRAKE_ACCELERATOR_ATTACK,211,0.4986771756533145,0.5290355674005701,0.7052360250548275,0.002775073762220534,0.2872207549375044,False,2,57
C02_BRAKE_ACCELERATOR_ATTACK,212,0.4928386959641925,0.5237726784561512,0.6969791678948314,0.0028205527022289495,0.2919278353981413,False,2,57
C02_BRAKE_ACCELERATOR_ATTACK,213,0.48687728931644186,0.518468673191854,0.6885484657627613,0.00287006071356097,0.29705192564173155,False,2,57
C02_BRAKE_ACCELERATOR_ATTACK,214,0.48078251845556597,0.5130207608079829,0.6799291581517543,0.002920387376458818,0.30226074650544754,False,2,57
C02_BRAKE_ACCELERATOR_ATTACK,215,0.474551468884774,0.5075111739442942,0.6711171233409212,0.002974779621166068,0.3078903559955611,False,2,57
C02_BRAKE_ACCELERATOR_ATTACK,216,0.4681753856444915,0.5018576799610317,0.662099979947694,0.0030299086831024552,0.31359622623365363,False,2,57
C02_BRAKE_ACCELERATOR_ATTACK,217,0.46164967239414817,0.49610139517807356,0.6528712277649006,0.0030885268866412395,0.31966322340781805,False,2,57
C02_BRAKE_ACCELERATOR_ATTACK,218,0.45496911565604437,0.4902217614354805,0.6434234938216712,0.0031484218984067277,0.32586237051895967,False,2,57
C02_BRAKE_ACCELERATOR_ATTACK,219,0.44812560452456146,0.4842187787332527,0.6337453075652768,0.0032118573151607957,0.33242795033810635,False,2,57
C02_BRAKE_ACCELERATOR_ATTACK,220,0.441112499794823,0.47805133075151174,0.6238272797421378,0.0032767697399997187,0.33914640082431646,False,2,57
C02_BRAKE_ACCELERATOR_ATTACK,221,0.43392838932261657,0.471760533810136,0.613667413278757,0.003343593757072401,0.34606270153418106,False,2,57
C02_BRAKE_ACCELERATOR_ATTACK,222,0.4265649989588095,0.46530527158924717,0.6032540067612135,0.003412593879047185,0.35320422958802256,False,2,57
C02_BRAKE_ACCELERATOR_ATTACK,223,0.419019266826829,0.4587061022487844,0.5925827300421322,0.003483572447561523,0.3605505273011178,False,2,57
C02_BRAKE_ACCELERATOR_ATTACK,224,0.41128315506305474,0.45194246762880846,0.5816422158657687,0.0035574106467934647,0.36819279743294103,False,2,57
C02_BRAKE_ACCELERATOR_ATTACK,225,0.40335346933349736,0.4450143677293195,0.5704279467616723,0.0036325143103848982,0.3759660434089482,False,2,57
C02_BRAKE_ACCELERATOR_ATTACK,226,0.3952224562588242,0.4379012443903783,0.5589289577956366,0.0037105509099242323,0.3840428489114111,False,2,57
C02_BRAKE_ACCELERATOR_ATTACK,227,0.38689020121933276,0.430623655771924,0.5471453697136361,0.0037889968843172234,0.3921620248027698,False,2,57
C02_BRAKE_ACCELERATOR_ATTACK,228,0.37834890479538846,0.42314048555407835,0.5350661524706454,0.0038696955382882645,0.40051435353418924,False,2,57
C02_BRAKE_ACCELERATOR_ATTACK,229,0.3695945978002356,0.4154928500567196,0.5226856927889225,0.003953817853607901,0.4092210319807698,False,2,57
C02_BRAKE_ACCELERATOR_ATTACK,230,0.36062378632086556,0.40761907480003035,0.5099990495293052,0.004037165270085695,0.4178475082239408,False,2,57
C02_BRAKE_ACCELERATOR_ATTACK,231,0.35143303026799644,0.3995397179439497,0.497001357670875,0.00412343060583774,0.4267759897644869,False,2,57
C02_BRAKE_ACCELERATOR_ATTACK,232,0.3420184611923155,0.3912753376484169,0.48368714640014865,0.0042123944006080515,0.43598376241683895,False,2,57
C02_BRAKE_ACCELERATOR_ATTACK,233,0.332378486191783,0.38278481759355354,0.47005416301345804,0.004300485121221648,0.4451011716987387,False,2,57
C02_BRAKE_ACCELERATOR_ATTACK,234,0.32250852617194364,0.3740887159392988,0.45609593169332097,0.004392159390757866,0.4545894790954645,False,2,57
C02_BRAKE_ACCELERATOR_ATTACK,235,0.31240627776793134,0.3651459163657745,0.44180919498990484,0.004483828693888664,0.46407727246811875,False,2,57
C02_BRAKE_ACCELERATOR_ATTACK,236,0.30207092832704246,0.35599753519285876,0.4271928036387346,0.004578242395343019,0.4738491116809494,False,2,57
C02_BRAKE_ACCELERATOR_ATTACK,237,0.2915005297725737,0.3465818979407343,0.4122440026433159,0.004671986217568837,0.4835516182438314,False,2,57
C02_BRAKE_ACCELERATOR_ATTACK,238,0.28069698686252004,0.3369812372491576,0.39696548573823837,0.004769042116238813,0.4935969254593134,False,2,57
C02_BRAKE_ACCELERATOR_ATTACK,239,0.26965689728066894,0.3271133204783721,0.3813524413217706,0.004865379067607587,0.5035678214683535,False,2,57
C02_BRAKE_ACCELERATOR_ATTACK,240,0.25838187771032894,0.31697814762837784,0.3654071557293737,0.004963296302105882,0.513702277134674,False,2,57
C02_BRAKE_ACCELERATOR_ATTACK,241,0.24687578199450802,0.3066373931789922,0.34913507911809677,0.005063834882290964,0.5241080426657486,False,2,57
C02_BRAKE_ACCELERATOR_ATTACK,242,0.23513938008283655,0.2960088244904587,0.3325373003611495,0.00516297457120035,0.5343690226369758,False,2,57
C02_BRAKE_ACCELERATOR_ATTACK,243,0.22318107799301842,0.28511299972271636,0.3156257073627742,0.005262874973036285,0.5447087365662077,False,2,57
C02_BRAKE_ACCELERATOR_ATTACK,244,0.21100925507921253,0.27401159335558267,0.29841215031926627,0.005365363657059153,0.5553163382805654,False,2,57
C02_BRAKE_ACCELERATOR_ATTACK,245,0.19862800700218125,0.262601814589362,0.2809024213696228,0.005467321054852144,0.5658689517513272,False,2,57
C02_BRAKE_ACCELERATOR_ATTACK,246,0.18605641069724116,0.25094533790387163,0.263123499374497,0.00557060125800056,0.5765584758721745,False,2,57
C02_BRAKE_ACCELERATOR_ATTACK,247,0.17331377230265177,0.23900104697923336,0.2451026873364526,0.005672435081400679,0.5870982993656411,False,2,57
C02_BRAKE_ACCELERATOR_ATTACK,248,0.1604297313338097,0.22681005813532545,0.22688190186014556,0.005775596763211419,0.5977755565015358,False,2,57
C02_BRAKE_ACCELERATOR_ATTACK,249,0.14743948015809766,0.21433125505226963,0.20851091246882056,0.005879579988091001,0.6085378435287648,False,2,57
C02_BRAKE_ACCELERATOR_ATTACK,250,0.13440139289917394,0.20160575404994419,0.19007227263984677,0.0059841005281919745,0.6193557428015596,False,2,57
C02_BRAKE_ACCELERATOR_ATTACK,251,0.12139441922169762,0.1885718806485317,0.1716776340597299,0.0060872908741474475,0.6300359666828439,False,2,57
C02_BRAKE_ACCELERATOR_ATTACK,252,0.10854660116488513,0.1752501930079713,0.15350807551688375,0.006191295486385147,0.6408004673064207,False,2,57
C02_BRAKE_ACCELERATOR_ATTACK,253,0.09605310706133766,0.16168180744814126,0.13583960671421863,0.006294345892498255,0.6514662073827275,False,2,57
C02_BRAKE_ACCELERATOR_ATTACK,254,0.08421726204255,0.1478256076491633,0.11910119416650308,0.006398959452718565,0.6622937342586743,False,2,57
C02_BRAKE_ACCELERATOR_ATTACK,255,0.07353422777364625,0.13368159361103743,0.10399310221612285,0.0065013668504097216,0.6728929228195231,False,2,57
C02_BRAKE_ACCELERATOR_ATTACK,256,0.06478289613552134,0.11924976533376365,0.09161685032466184,0.00660384646876533,0.6834995862352922,False,2,57
C02_BRAKE_ACCELERATOR_ATTACK,257,0.059057670128984954,0.10453012281734197,0.08352015805856694,0.006705649363326337,0.6940362085869944,False,2,57
C02_BRAKE_ACCELERATOR_ATTACK,258,0.057507992051812035,0.0935888645161158,0.08132858230451673,0.006808044861743648,0.7046341655703392,False,2,57
C02_BRAKE_ACCELERATOR_ATTACK,259,0.060672311931845954,0.11184451054206894,0.08580360639454751,0.006909023376781267,0.7150854644570275,False,2,57
C02_BRAKE_ACCELERATOR_ATTACK,260,0.06810081704303622,0.13038797080717,0.09630909907095063,0.007009457697812118,0.7254804391423253,False,2,57
C02_BRAKE_ACCELERATOR_ATTACK,261,0.0787694672868214,0.1491781289915407,0.11139684893792666,0.007109134936905185,0.7357970556777678,False,2,57
C02_BRAKE_ACCELERATOR_ATTACK,262,0.09169833551388863,0.1681944269352419,0.12968102973077975,0.0072073288956977935,0.7459601523704292,False,2,57
C02_BRAKE_ACCELERATOR_ATTACK,263,0.10619321026203914,0.18745742279821273,0.15017987818451348,0.007303529261374927,0.7559169117298421,False,2,57
C02_BRAKE_ACCELERATOR_ATTACK,264,0.12181249351527186,0.20698767474039234,0.17226888039578217,0.007401046002789686,0.7660099162724603,False,2,57
C02_BRAKE_ACCELERATOR_ATTACK,265,0.13827316786405047,0.22674406644190245,0.1955477893056318,0.007495198860480695,0.7757547580974561,False,2,57
C02_BRAKE_ACCELERATOR_ATTACK,266,0.15539206232465613,0.24670603974280392,0.219757562024654,0.007588492538439655,0.7854106746280595,False,2,57
C02_BRAKE_ACCELERATOR_ATTACK,267,0.17305719644265993,0.26693526912291415,0.2447398342754746,0.007681220819781087,0.7950080724823175,False,2,57
C02_BRAKE_ACCELERATOR_ATTACK,268,0.1911852987778985,0.28737008010241577,0.2703768424580564,0.007771829330659317,0.8043860736196221,False,2,57
C02_BRAKE_ACCELERATOR_ATTACK,269,0.20972057080438344,0.3080310308412479,0.296589675540186,0.007861075947797279,0.8136231184502692,False,2,57
C02_BRAKE_ACCELERATOR_ATTACK,270,0.22861791681963572,0.3288770050195322,0.32331455856781294,0.00794816044251361,0.8226363831267951,False,2,57
C02_BRAKE_ACCELERATOR_ATTACK,271,0.2478489146657507,0.3499491189571471,0.35051129653975654,0.008033273676480029,0.8314456218749017,False,2,57
C02_BRAKE_ACCELERATOR_ATTACK,272,0.26738581298414993,0.3712062563342141,0.3781406431083409,0.00811627229517435,0.8400359974694869,False,2,57
C02_BRAKE_ACCELERATOR_ATTACK,273,0.2872079300704018,0.39264841715073345,0.40617334992666565,0.008197829855101979,0.8484772231594774,False,2,57
C02_BRAKE_ACCELERATOR_ATTACK,274,0.3073017902816238,0.41429615956664406,0.43459035955780495,0.008278037531723844,0.8567787356254672,False,2,57
C02_BRAKE_ACCELERATOR_ATTACK,275,0.3276488180467058,0.4360878091021287,0.4633654021771659,0.00835408193443383,0.8646493483106078,False,2,57
C02_BRAKE_ACCELERATOR_ATTACK,276,0.3482365273602287,0.4580644820770655,0.4924808199065448,0.008428754263427278,0.8723779510592707,False,2,57
C02_BRAKE_ACCELERATOR_ATTACK,277,0.36905382556684757,0.4802056203315155,0.5219209253623103,0.008501999801566754,0.8799588806354959,False,2,57
C02_BRAKE_ACCELERATOR_ATTACK,278,0.3900921230995213,0.5025112238654785,0.5516735710622579,0.008571862745479575,0.887189710952864,False,2,57
C02_BRAKE_ACCELERATOR_ATTACK,279,0.4113362498112787,0.5249401763590763,0.5817173031787978,0.008638902302758997,0.8941283201223241,False,2,57
C02_BRAKE_ACCELERATOR_ATTACK,280,0.43277992855019304,0.5475335941321873,0.612043244478542,0.008703918730853265,0.9008575349687191,False,2,57
C02_BRAKE_ACCELERATOR_ATTACK,281,0.45441207040676806,0.5702503608649331,0.6426357128752891,0.00876681278287294,0.907367083416799,False,2,57
C02_BRAKE_ACCELERATOR_ATTACK,282,0.47622261955007605,0.5930699183973744,0.6734804872765602,0.008825562835447418,0.9134477269956411,False,2,57
C02_BRAKE_ACCELERATOR_ATTACK,283,0.4982020352413128,0.6160128248894507,0.7045640750401433,0.008882237482122222,0.9193135655997754,False,2,57
C02_BRAKE_ACCELERATOR_ATTACK,284,0.5203416285683394,0.6390585221812226,0.7358741881886492,0.008936137261940204,0.9248922048637273,False,2,57
C02_BRAKE_ACCELERATOR_ATTACK,285,0.542635351621682,0.6622275684326294,0.767402273686476,0.008987322698472994,0.9301899089906943,False,2,57
C02_BRAKE_ACCELERATOR_ATTACK,286,0.5650679216701271,0.6854377310039145,0.7991267184878714,0.009034970262800006,0.9351214425532426,False,2,57
C02_BRAKE_ACCELERATOR_ATTACK,287,0.587634809253839,0.7087506843748952,0.8310411169693059,0.009079892102840997,0.9397708630426753,False,2,57
C02_BRAKE_ACCELERATOR_ATTACK,288,0.6103250794742223,0.7321253122256933,0.8631300048488822,0.009121353497574144,0.9440621266689392,False,2,57
C02_BRAKE_ACCELERATOR_ATTACK,289,0.6331275070187387,0.7555410563963697,0.8953775071373671,0.009158664270532288,0.9479238000133496,False,2,57
C02_BRAKE_ACCELERATOR_ATTACK,290,0.6560333792370828,0.7790184750468635,0.9277713022865346,0.009193895282212722,0.9515702176004518,False,2,57
C02_BRAKE_ACCELERATOR_ATTACK,291,0.6790349156321186,0.8025370100172355,0.9603003870118125,0.009224998795494514,0.9547894381803244,False,2,57
C02_BRAKE_ACCELERATOR_ATTACK,292,0.7021199856659323,0.8260761031475468,0.9929476061419644,0.009252638652901409,0.9576501696026203,False,2,57
C02_BRAKE_ACCELERATOR_ATTACK,293,0.7252775445153177,0.849615196277858,1.0256973399382183,0.009276805885022495,0.9601514835313045,False,2,57
C02_BRAKE_ACCELERATOR_ATTACK,294,0.7485023094717613,0.8731954057280474,1.0585421175225485,0.009298229260200266,0.9623688076527884,False,2,57
C02_BRAKE_ACCELERATOR_ATTACK,295,0.7717838207125937,0.8967756151782369,1.0914671464718753,0.009316196185591223,0.9642283884484237,False,2,57
C02_BRAKE_ACCELERATOR_ATTACK,296,0.7951093508925543,0.9203147083085481,1.1244544276019184,0.00932863497587658,0.9655158060244562,False,2,57
C02_BRAKE_ACCELERATOR_ATTACK,297,0.8184671851112685,0.9438332432789203,1.1574873935416865,0.009338992228349215,0.9665877839714093,False,2,57
C02_BRAKE_ACCELERATOR_ATTACK,298,0.8418514914323925,0.9673312200893531,1.1905577966877068,0.009345211262233609,0.9672314553691124,False,2,57
C02_BRAKE_ACCELERATOR_ATTACK,299,0.8652485170171074,0.9907675224199687,1.223646187588801,0.00934728335403652,0.9674459173340642,False,2,57
C02_BRAKE_ACCELERATOR_ATTACK,300,0.888651608704378,1.0141832665906452,1.2567431572544001,0.00934728335403652,0.9674459173340642,False,2,57
C02_BRAKE_ACCELERATOR_ATTACK,301,0.9120459436876364,1.0374756618016867,1.2898277430704235,0.009341070798090387,0.9668029164044196,False,2,57
C02_BRAKE_ACCELERATOR_ATTACK,302,0.9354235003022305,1.06072694069285,1.3228886006899274,0.00933208980466021,0.9658733815761129,False,2,57
C02_BRAKE_ACCELERATOR_ATTACK,303,0.9587700987524289,1.0838548706243785,1.3559056768534767,0.009318284383290899,0.9644445173772921,False,2,57
C02_BRAKE_ACCELERATOR_ATTACK,304,0.9820810977735311,1.1069416842360287,1.3888724078215853,0.009303087271262733,0.9628716128840771,False,2,57
C02_BRAKE_ACCELERATOR_ATTACK,305,1.0053418217035148,1.1298640325681657,1.4217680390739849,0.009280992694144967,0.960584819211713,False,2,57
C02_BRAKE_ACCELERATOR_ATTACK,306,1.0285427708829211,1.1527041482605462,1.45457913606343,0.009256114415267157,0.9580099117847073,False,2,57
C02_BRAKE_ACCELERATOR_ATTACK,307,1.0516717752104612,1.1754003568333529,1.4872884876676231,0.009227804927416178,0.9550798734617093,False,2,57
C02_BRAKE_ACCELERATOR_ATTACK,308,1.0747179640676534,1.1979321001266465,1.519880720510476,0.009194675667578294,0.9516509876602941,False,2,57
C02_BRAKE_ACCELERATOR_ATTACK,309,1.0976692659391294,1.220299378140427,1.5523387628912366,0.00915671072882312,0.9477216080096099,False,2,57
C02_BRAKE_ACCELERATOR_ATTACK,310,1.1205176627174986,1.2425433071945726,1.5846512754936881,0.009116655198345334,0.943575851648148,False,2,57
C02_BRAKE_ACCELERATOR_ATTACK,311,1.1432525407327452,1.264602212809266,1.6168032483217474,0.009071052120130653,0.9388559228554034,False,2,57
C02_BRAKE_ACCELERATOR_ATTACK,312,1.1658567564528786,1.2864349786646287,1.6487704367599672,0.009022090865849024,0.9337884220887916,False,2,57
C02_BRAKE_ACCELERATOR_ATTACK,313,1.1883266301516446,1.3081032792404785,1.6805476368895726,0.008968917074741735,0.9282849228187384,False,2,57
C02_BRAKE_ACCELERATOR_ATTACK,314,1.210646920506949,1.329545440056998,1.7121132942261497,0.008912355455065408,0.9224307825342208,False,2,57
C02_BRAKE_ACCELERATOR_ATTACK,315,1.2328105517006525,1.3507820192741258,1.7434574020517204,0.008850182393353806,0.9159958567442508,False,2,57
C02_BRAKE_ACCELERATOR_ATTACK,316,1.254802671543355,1.3717924587319232,1.7745589561986046,0.008786006805639865,0.909353669065244,False,2,57
C02_BRAKE_ACCELERATOR_ATTACK,317,1.2766140018490653,1.392535642110512,1.8054048353303396,0.008715603717140828,0.9020669336624182,False,2,57
C02_BRAKE_ACCELERATOR_ATTACK,318,1.2982331183778226,1.41305268572977,1.8359788831318327,0.008642416144316604,0.8944920035092835,False,2,57
C02_BRAKE_ACCELERATOR_ATTACK,319,1.3196495979638394,1.4333024732698194,1.866266359020664,0.008565826059488905,0.8865649126029371,False,2,57
C02_BRAKE_ACCELERATOR_ATTACK,320,1.3408547250831784,1.45328500473066,1.8962549373846787,0.008485806809079897,0.8782829022921127,False,2,57
C02_BRAKE_ACCELERATOR_ATTACK,321,1.3618343722410855,1.4729386056324745,1.925924638929193,0.008398898790057742,0.8692879028893967,False,2,57
C02_BRAKE_ACCELERATOR_ATTACK,322,1.3825789771244128,1.4923455086150192,1.9552619405012657,0.008309842420042722,0.8600705486785162,False,2,57
C02_BRAKE_ACCELERATOR_ATTACK,323,1.4030763140990472,1.5114234810385379,1.984249552443325,0.008217477170488499,0.8505107246954134,False,2,57
C02_BRAKE_ACCELERATOR_ATTACK,324,1.4233192904038998,1.5301930810629694,2.012877444076445,0.008120209146114644,0.8404434624221456,False,2,57
C02_BRAKE_ACCELERATOR_ATTACK,325,1.443298112059035,1.548674866848253,2.0411317646213702,0.008020841633769059,0.830158902674327,False,2,57
C02_BRAKE_ACCELERATOR_ATTACK,326,1.4630004122257865,1.5667866057546322,2.068995024727136,0.007916023003233182,0.8193101509748624,False,2,57
C02_BRAKE_ACCELERATOR_ATTACK,327,1.4824142889036007,1.5845488559420462,2.0964503924231397,0.007807074350321591,0.8196878819036973,False,2,57
C02_BRAKE_ACCELERATOR_ATTACK,328,1.501531380190416,1.6019821755704338,2.123486042194078,0.007696075664250057,0.8287061464950075,False,2,57
C02_BRAKE_ACCELERATOR_ATTACK,329,1.5203410776524189,1.619024890159978,2.1500869714489776,0.0075795826232914944,0.8375223509126917,False,2,57
C02_BRAKE_ACCELERATOR_ATTACK,330,1.5388334264205428,1.6357181160305567,2.176239101876992,0.00746028885229141,0.8461577646487104,False,2,57
C02_BRAKE_ACCELERATOR_ATTACK,331,1.5569998991599092,1.652041295022231,2.2019303740054847,0.007337512618987948,0.8546017529570834,False,2,57
C02_BRAKE_ACCELERATOR_ATTACK,332,1.5748302489055828,1.6679738689750618,2.2271462964376725,0.007212847904641463,0.8628436810918304,False,2,57
C02_BRAKE_ACCELERATOR_ATTACK,333,1.59231728348247,1.6834952797291098,2.2518766979019933,0.007082590548718704,0.870872914306971,False,2,57
C02_BRAKE_ACCELERATOR_ATTACK,334,1.609449373657348,1.6986260854443143,2.276105132179105,0.006950324131610895,0.8787000873484855,False,2,57
C02_BRAKE_ACCELERATOR_ATTACK,335,1.6262195444465417,1.7133457279607358,2.2998217351524954,0.006814621948756697,0.8863145654703936,False,2,57
C02_BRAKE_ACCELERATOR_ATTACK,336,1.6426193075763857,1.727654207278375,2.323014502590427,0.006674636347285919,0.8937163486726954,False,2,57
C02_BRAKE_ACCELERATOR_ATTACK,337,1.6586350545509794,1.7415104070773528,2.3456641891734336,0.006532156994934736,0.9008841674634301,False,2,57
C02_BRAKE_ACCELERATOR_ATTACK,338,1.6742633024593558,1.754955443677548,2.3677658693215884,0.006387583617628068,0.9078392913345587,False,2,57
C02_BRAKE_ACCELERATOR_ATTACK,339,1.6894936209839182,1.767927642599143,2.3893047923382866,0.006238260583776106,0.9145498160481396,False,2,57
C02_BRAKE_ACCELERATOR_ATTACK,340,1.704317658678787,1.7804681201620163,2.4102691474955,0.006087655041724397,0.921037011096134,False,2,57
C02_BRAKE_ACCELERATOR_ATTACK,341,1.7187301693206443,1.7925563182062285,2.4306515155130612,0.005933551863880975,0.9272902417325614,False,2,57
C02_BRAKE_ACCELERATOR_ATTACK,342,1.7327209438203888,1.8041716785718407,2.4504374585587034,0.005776059542247571,0.9332988732114414,False,2,57
C02_BRAKE_ACCELERATOR_ATTACK,343,1.7462814692625956,1.8153142012588526,2.469614937551978,0.005615893602741316,0.939062905532774,False,2,57
C02_BRAKE_ACCELERATOR_ATTACK,344,1.7594084735399211,1.8260250025871427,2.488179325034301,0.005454960570794202,0.9446036081885202,False,2,57
C02_BRAKE_ACCELERATOR_ATTACK,345,1.7720914420572103,1.8362012917570152,2.5061157511226027,0.005289519681208082,0.9498678074487779,False,2,57
C02_BRAKE_ACCELERATOR_ATTACK,346,1.7843254231496006,1.8459253014082266,2.523417213105277,0.005122567377970113,0.9548980422974686,False,2,57
C02_BRAKE_ACCELERATOR_ATTACK,347,1.7961018020023345,1.8551353570609599,2.540071527794457,0.00495233894265525,0.9596624084966513,False,2,57
C02_BRAKE_ACCELERATOR_ATTACK,348,1.8074155608195936,1.8638725750350928,2.556071598955243,0.00478152720772368,0.9641821755382868,False,2,57
C02_BRAKE_ACCELERATOR_ATTACK,349,1.8182614509102806,1.8720958390107474,2.5714100038175003,0.004607324625701029,0.9684360739304142,False,2,57
C02_BRAKE_ACCELERATOR_ATTACK,350,1.828630982348643,1.8798051489879235,2.586074735813087,0.004432157801912937,0.9724241036730337,False,2,57
C02_BRAKE_ACCELERATOR_ATTACK,351,1.8385224044161452,1.8870210631265605,2.6000633190521047,0.004254847041329386,0.9761568995121256,False,2,57
C02_BRAKE_ACCELERATOR_ATTACK,352,1.8479289249593869,1.8937230232667188,2.6133661479790984,0.004075627980267962,0.9796238267017093,False,2,57
C02_BRAKE_ACCELERATOR_ATTACK,353,1.856843679231379,1.8998904712484599,2.625973514375773,0.003894788804294178,0.9828142504958051,False,2,57
C02_BRAKE_ACCELERATOR_ATTACK,354,1.8652649967289379,1.9055645233916616,2.637883055793871,0.0037133182964917866,0.985749440386373,False,2,57
C02_BRAKE_ACCELERATOR_ATTACK,355,1.8731877122696852,1.9107040633764456,2.6490874675624196,0.00352838955890803,0.9884081268814526,False,2,57
C02_BRAKE_ACCELERATOR_ATTACK,356,1.880603362167499,1.9153090912028121,2.6595747802217184,0.0033443836940455,0.990790309981044,False,2,57
C02_BRAKE_ACCELERATOR_ATTACK,357,1.88751357344387,1.9194001650307004,2.669347294727626,0.003158230105946858,0.9929066244311274,False,2,57
C02_BRAKE_ACCELERATOR_ATTACK,358,1.8939115659044674,1.922956726700171,2.678395422437364,0.0029721590554370597,0.9947464354857226,False,2,57
C02_BRAKE_ACCELERATOR_ATTACK,359,1.8997973242028785,1.9259993343711632,2.6867191416478264,0.0027847985159394676,0.9963203778908097,False,2,57
C02_BRAKE_ACCELERATOR_ATTACK,360,1.905164015577664,1.9284868717237986,2.694308789375119,0.002597202108585064,0.9976071821544282,False,2,57
C02_BRAKE_ACCELERATOR_ATTACK,361,1.9100099144637006,1.9304398969180165,2.7011619253016406,0.0024099294891641,0.9986174830225585,False,2,57
C02_BRAKE_ACCELERATOR_ATTACK,362,1.9143367620329723,1.9318995262736953,2.7072810118164257,0.0022228766657356324,0.9993725499871612,False,2,57
C02_BRAKE_ACCELERATOR_ATTACK,363,1.9181359671842604,1.932762968991139,2.712653899267615,0.002035527832083727,0.9998192093183346,False,2,57
C02_BRAKE_ACCELERATOR_ATTACK,364,1.921407555859643,1.9331124577101044,2.7172806243428473,0.001850607835823816,1.0,False,2,57
C02_BRAKE_ACCELERATOR_ATTACK,365,1.9241532355661257,1.9331124577101044,2.721163601821688,0.0016665004780663942,1.0,False,2,57
C02_BRAKE_ACCELERATOR_ATTACK,366,1.9263696034771014,1.9331124577101044,2.724298019380598,0.0014858818106961373,1.0,False,2,57
C02_BRAKE_ACCELERATOR_ATTACK,367,1.9280549295446097,1.9331124577101044,2.7266814303622895,0.0013101108781401725,1.0004764185522184,True,2,57
C02_BRAKE_ACCELERATOR_ATTACK,368,1.9292092115532309,1.9331124577101044,2.7283138316336846,0.0011403487309616083,1.0010753807043273,True,2,57
C02_BRAKE_ACCELERATOR_ATTACK,369,1.9298307477047643,1.9331124577101044,2.7291928164886885,0.000981374903360227,1.0013978986229604,True,2,57
C02_BRAKE_ACCELERATOR_ATTACK,370,1.9299229543054928,1.9331124577101044,2.7293232163139787,0.0008371826625636645,1.0014457450448906,True,2,57
C02_BRAKE_ACCELERATOR_ATTACK,371,1.9294824095664804,1.9331124577101044,2.7287001919692355,0.0007211731617805511,1.0012171443883713,True,2,57
C02_BRAKE_ACCELERATOR_ATTACK,372,1.9285125261510985,1.9331124577101044,2.7273285696892815,0.00064543364706522,1.0007138674998526,True,2,57
C02_BRAKE_ACCELERATOR_ATTACK,373,1.9270116071276164,1.9331124577101044,2.7252059496502494,0.0006240499273515787,1.0,False,2,57
C02_BRAKE_ACCELERATOR_ATTACK,374,1.9249779238270652,1.9331124577101044,2.7223298871450385,0.0006659855044184024,1.0,False,2,57
C02_BRAKE_ACCELERATOR_ATTACK,375,1.9224217252306341,1.9331124577101044,2.7187148764218465,0.0007540728924618203,1.0,False,2,57
C02_BRAKE_ACCELERATOR_ATTACK,376,1.9193413049609207,1.9329479924305912,2.7143585042986085,0.0008776469623132843,0.9999149220321574,False,2,57
C02_BRAKE_ACCELERATOR_ATTACK,377,1.9157349555513312,1.9322490149926606,2.709258356052911,0.0010244503684283222,0.9995533406688265,False,2,57
C02_BRAKE_ACCELERATOR_ATTACK,378,1.9116060724864403,1.9309949672363733,2.7034192336250897,0.0011836623678697466,0.9989046211640271,False,2,57
C02_BRAKE_ACCELERATOR_ATTACK,379,1.906959787172802,1.9292064073216684,2.6968483939198875,0.0013503270908187047,0.9979793982637394,False,2,57
C02_BRAKE_ACCELERATOR_ATTACK,380,1.901796148281127,1.926883335248546,2.6895459057680835,0.0015237881051675833,0.9967776719679634,False,2,57
C02_BRAKE_ACCELERATOR_ATTACK,381,1.8961219373650626,1.9240668673368844,2.6815213597348198,0.001698180296634179,0.9953207117686598,False,2,57
C02_BRAKE_ACCELERATOR_ATTACK,382,1.8899354243412578,1.920695329106866,2.6727723091127573,0.001875296146727114,0.9935766134278875,False,2,57
C02_BRAKE_ACCELERATOR_ATTACK,383,1.8832451314176426,1.916809836878369,2.6633108061239317,0.002051791966285404,0.9915666464376072,False,2,57
C02_BRAKE_ACCELERATOR_ATTACK,384,1.8760510964925852,1.9123692743315157,2.6531369043647297,0.002229702791895716,0.9892695413058584,False,2,57
C02_BRAKE_ACCELERATOR_ATTACK,385,1.8683635492827078,1.9074147577861837,2.642265070839138,0.00240545027930234,0.9867065675246016,False,2,57
C02_BRAKE_ACCELERATOR_ATTACK,386,1.860185916094949,1.9019874035622517,2.6307001510768973,0.002581679455287261,0.9838989945857974,False,2,57
C02_BRAKE_ACCELERATOR_ATTACK,387,1.851516458940124,1.8960255371799022,2.6184396871901314,0.002758008056764006,0.9808149182515051,False,2,57
C02_BRAKE_ACCELERATOR_ATTACK,388,1.8423653574345527,1.8895291586391352,2.605498075330299,0.002930682521703572,0.9774543385217245,False,2,57
C02_BRAKE_ACCELERATOR_ATTACK,389,1.8327362024566973,1.8825393842598288,2.591880393766424,0.0031042253290810454,0.9738385248884162,False,2,57
C02_BRAKE_ACCELERATOR_ATTACK,390,1.8226373725020315,1.875056214041983,2.577598491480436,0.0032741696160687064,0.9699674773515801,False,2,57
C02_BRAKE_ACCELERATOR_ATTACK,391,1.8120723112849988,1.8670385316657199,2.562657238620006,0.003442327886826853,0.9658199264192558,False,2,57
C02_BRAKE_ACCELERATOR_ATTACK,392,1.8010496907527513,1.8585685697707957,2.5470688991704096,0.003609772552350264,0.9614384110753645,False,2,57
C02_BRAKE_ACCELERATOR_ATTACK,393,1.7895744353760976,1.849584653877393,2.5308404373850513,0.0037733768617497663,0.9567910270819653,False,2,57
C02_BRAKE_ACCELERATOR_ATTACK,394,1.77765353348265,1.8401484584653294,2.5139817362516186,0.003936449777726663,0.951909678676999,False,2,57
C02_BRAKE_ACCELERATOR_ATTACK,395,1.7652903285154424,1.8301983090547873,2.496497524112595,0.004096622850392052,0.9467624616225248,False,2,57
C02_BRAKE_ACCELERATOR_ATTACK,396,1.7524968232689286,1.8198164382855235,2.4784047754826837,0.004254430262245103,0.9413919149024639,False,2,57
C02_BRAKE_ACCELERATOR_ATTACK,397,1.7392779481739793,1.8089617298376595,2.459710463044091,0.004408916180258874,0.9357767690248556,False,2,57
C02_BRAKE_ACCELERATOR_ATTACK,398,1.7256389754217925,1.797613625551256,2.440422042801111,0.004561239682265687,0.9299063892437197,False,2,57
C02_BRAKE_ACCELERATOR_ATTACK,399,1.711591928506339,1.7858543580660702,2.4205565185419857,0.004711229826052582,0.9238233145429775,False,2,57
C02_BRAKE_ACCELERATOR_ATTACK,400,1.697143357540574,1.7736016947423447,2.400123153525291,0.004855957366558782,0.9174850059387075,False,2,57
C02_BRAKE_ACCELERATOR_ATTACK,401,1.682302191540511,1.760958426379776,2.379134575286571,0.005000738496560877,0.9109446371608116,False,2,57
C02_BRAKE_ACCELERATOR_ATTACK,402,1.6670749208515074,1.747862878498546,2.3575999625602555,0.005140724343291436,0.9041703039713487,False,2,57
C02_BRAKE_ACCELERATOR_ATTACK,403,1.651470263816418,1.7343356092585942,2.3355316449450516,0.005278170870971359,0.897172641116299,False,2,57
C02_BRAKE_ACCELERATOR_ATTACK,404,1.6354968417190394,1.7204177349797989,2.312941814777429,0.005413513989847232,0.8899729180876232,False,2,57
C02_BRAKE_ACCELERATOR_ATTACK,405,1.6191645671016708,1.7060681393422816,2.289844490509144,0.0055433221322802794,0.8825498653933609,False,2,57
C02_BRAKE_ACCELERATOR_ATTACK,406,1.6024838525776564,1.6913073805059817,2.266254397799209,0.005669846392778216,0.8749141177794921,False,2,57
C02_BRAKE_ACCELERATOR_ATTACK,407,1.5854618057474712,1.6761765747907773,2.242181588312611,0.005795103050385909,0.8670869447379775,False,2,57
C02_BRAKE_ACCELERATOR_ATTACK,408,1.5681083883099705,1.6606757221966684,2.2176401500189757,0.005916069439269074,0.8590683462688172,False,2,57
C02_BRAKE_ACCELERATOR_ATTACK,409,1.5504320489972971,1.6447637064037768,2.1926420312298847,0.006032387817270595,0.8508370528800506,False,2,57
C02_BRAKE_ACCELERATOR_ATTACK,410,1.532443408963288,1.62850220189192,2.1672022525251413,0.00614671351984711,0.8424249688096186,False,2,57
C02_BRAKE_ACCELERATOR_ATTACK,411,1.5141540971142764,1.6119117668210368,2.141337259661798,0.00625668900835194,0.8338427288035014,False,2,57
C02_BRAKE_ACCELERATOR_ATTACK,412,1.4955692412310095,1.59493072671131,2.1150543044169328,0.006362794354450404,0.8250584286237582,False,2,57
C02_BRAKE_ACCELERATOR_ATTACK,413,1.4767027602020506,1.5776413142024963,2.0883730710715245,0.006466065637356585,0.8161146072543103,False,2,57
C02_BRAKE_ACCELERATOR_ATTACK,414,1.4575629437866415,1.5600024129747172,2.0613052831155216,0.006564561072896015,0.8069899952031968,False,2,57
C02_BRAKE_ACCELERATOR_ATTACK,415,1.4381618893023462,1.542034581187912,2.033868048739492,0.006658972644380243,0.7976952272163983,False,2,57
C02_BRAKE_ACCELERATOR_ATTACK,416,1.4185100112476963,1.5237994933218981,2.0060760962685036,0.006751247409466044,0.7882622075318558,False,2,57
C02_BRAKE_ACCELERATOR_ATTACK,417,1.398613859255459,1.505256033056797,1.977938688282045,0.006839416292048812,0.7786696666576083,False,2,57
C02_BRAKE_ACCELERATOR_ATTACK,418,1.3784853666620223,1.4863836422326697,1.9494727010662807,0.0069221554858298435,0.7689069698476758,False,2,57
C02_BRAKE_ACCELERATOR_ATTACK,419,1.3581369532564462,1.4672645534892728,1.9206956988553407,0.007002813282175956,0.7590166560859795,False,2,57
C02_BRAKE_ACCELERATOR_ATTACK,420,1.3375799981257044,1.4478782086666673,1.8916237741083501,0.007077862404010088,0.748988090626539,False,2,57
C02_BRAKE_ACCELERATOR_ATTACK,421,1.3168216639831096,1.4282040496049135,1.8622670564316202,0.00714961968611798,0.7399872362742829,False,2,57
C02_BRAKE_ACCELERATOR_ATTACK,422,1.2958773624307622,1.4083243089437687,1.8326473411218587,0.007217808682851016,0.7470448126842237,False,2,57
C02_BRAKE_ACCELERATOR_ATTACK,423,1.274752090775489,1.388177312203415,1.8027716954381554,0.007281959166679785,0.7536844021055016,False,2,57
C02_BRAKE_ACCELERATOR_ATTACK,424,1.2534597073014286,1.3678041757037307,1.7726597179538903,0.00734196510213215,0.759895029843039,False,2,57
C02_BRAKE_ACCELERATOR_ATTACK,425,1.2320120650384392,1.3472254576046552,1.7423281713846441,0.007397800735426916,0.7656740303747236,False,2,57
C02_BRAKE_ACCELERATOR_ATTACK,426,1.21041777479469,1.3264411579061883,1.7117892332521132,0.007450214063073418,0.7710988215065345,False,2,57
C02_BRAKE_ACCELERATOR_ATTACK,427,1.1886886792788465,1.30545127660833,1.681059651675507,0.00749779904941622,0.7760238782337237,False,2,57
C02_BRAKE_ACCELERATOR_ATTACK,428,1.1668337735863512,1.2842763718710195,1.6501521476407952,0.0075426700912678895,0.7806680410992024,False,2,57
C02_BRAKE_ACCELERATOR_ATTACK,429,1.1448664412234029,1.2629370018541959,1.6190856482839562,0.007582666832700765,0.7848077127813701,False,2,57
C02_BRAKE_ACCELERATOR_ATTACK,430,1.1227953371207249,1.24141260839792,1.5878723935254007,0.00761856416558997,0.7885230947625792,False,2,57
C02_BRAKE_ACCELERATOR_ATTACK,431,1.1006342649633565,1.2197854241419486,1.5565319047237214,0.0076516502737470835,0.7919475143553852,False,2,57
C02_BRAKE_ACCELERATOR_ATTACK,432,1.0783880593834392,1.1979732164465247,1.5250710190812624,0.007679953823465932,0.7948769380803798,False,2,57
C02_BRAKE_ACCELERATOR_ATTACK,433,1.0560739314819838,1.1760582179514054,1.4935140767704964,0.0077040811997537186,0.7973741269214052,False,2,57
C02_BRAKE_ACCELERATOR_ATTACK,434,1.033698672530013,1.153999312336712,1.461870682099009,0.007724094830230881,0.7994455421511363,False,2,57
C02_BRAKE_ACCELERATOR_ATTACK,435,1.0112746286958216,1.131837615922323,1.4301582951854468,0.007740659719208808,0.8011600118645068,False,2,57
C02_BRAKE_ACCELERATOR_ATTACK,436,0.9888105330112279,1.1095936868681773,1.3983892664018476,0.007754464058560728,0.8025887640742856,False,2,57
C02_BRAKE_ACCELERATOR_ATTACK,437,0.9663178290988856,1.0872469670143359,1.3665797794745707,0.00776274305913831,0.8034456424853726,False,2,57
C02_BRAKE_ACCELERATOR_ATTACK,438,0.9438072049318813,1.0648385726806773,1.3347449494801096,0.007768262940474436,0.8040169514379891,False,2,57
C02_BRAKE_ACCELERATOR_ATTACK,439,0.9212871578663956,1.042327387547323,1.3028967934948192,0.00776895367156567,0.8040884422603896,False,2,57
C02_BRAKE_ACCELERATOR_ATTACK,440,0.8987718379003152,1.0197956442540292,1.2710553226376187,0.007766883337916915,0.8038741622647861,False,2,57
C02_BRAKE_ACCELERATOR_ATTACK,441,0.8762678188395461,0.9972022264809184,1.2392298336739764,0.0077606690231219405,0.8032309792938933,False,2,57
C02_BRAKE_ACCELERATOR_ATTACK,442,0.85378728655537,0.9745882505478684,1.2074375600283282,0.007751006744845445,0.8022309313316471,False,2,57
C02_BRAKE_ACCELERATOR_ATTACK,443,0.8313373045899136,0.95193315829494,1.1756884910577485,0.0077378808512765605,0.800872398412123,False,2,57
C02_BRAKE_ACCELERATOR_ATTACK,444,0.808930054307645,0.9292986242019508,1.1439998538130758,0.007722009043262106,0.7992296627334551,False,2,57
C02_BRAKE_ACCELERATOR_ATTACK,445,0.7865734446983064,0.9066435319490225,1.1123828332948684,0.007701309059211334,0.7970872097553765,False,2,57
C02_BRAKE_ACCELERATOR_ATTACK,446,0.7642767683905419,0.8839884396960941,1.0808505712645853,0.007677828476851271,0.7946569642305034,False,2,57
C02_BRAKE_ACCELERATOR_ATTACK,447,0.7420504607629184,0.8613333474431657,1.0494178255761233,0.007650194998202448,0.7917968930110942,False,2,57
C02_BRAKE_ACCELERATOR_ATTACK,448,0.7199052919631089,0.8387399296700548,1.0180998275183912,0.007620511613843996,0.7887246560923492,False,2,57
C02_BRAKE_ACCELERATOR_ATTACK,449,0.6978462370048102,0.816167070056883,0.9869036128232317,0.007587356672680692,0.7852931122680104,False,2,57
C02_BRAKE_ACCELERATOR_ATTACK,450,0.6758853523907571,0.7936353267635895,0.9558462319603273,0.007550072567195706,0.7814341990130349,False,2,57
C02_BRAKE_ACCELERATOR_ATTACK,451,0.6540302474643592,0.7711652579501134,0.9249384461663284,0.0075106970451840095,0.7773588236798732,False,2,57
C02_BRAKE_ACCELERATOR_ATTACK,452,0.6322909086638138,0.7487568636164547,0.8941943783975733,0.007467203033176865,0.7728571837112271,False,2,57
C02_BRAKE_ACCELERATOR_ATTACK,453,0.6106749117255386,0.7264307019225524,0.8636247423632493,0.00742162330619992,0.76813967177681,False,2,57
C02_BRAKE_ACCELERATOR_ATTACK,454,0.5891894221899862,0.7041662147084677,0.8332396716678457,0.0073725562285360926,0.763061218266477,False,2,57
C02_BRAKE_ACCELERATOR_ATTACK,455,0.5678453771861142,0.6820045182940787,0.8030546337474684,0.007320747106322075,0.7576989625320375,False,2,57
C02_BRAKE_ACCELERATOR_ATTACK,456,0.5466499262435609,0.6599661708393244,0.773079739563896,0.007266899774943272,0.752125751693269,False,2,57
C02_BRAKE_ACCELERATOR_ATTACK,457,0.5256097073951632,0.6380100560243267,0.7433243767131938,0.007208892139862575,0.7461219484910487,False,2,57
C02_BRAKE_ACCELERATOR_ATTACK,458,0.5047333241352848,0.6161772901689638,0.7138007123737753,0.0071494613441510846,0.7399708478453015,False,2,57
C02_BRAKE_ACCELERATOR_ATTACK,459,0.4840294568816367,0.5944678732732358,0.6845210225100938,0.007086610130233344,0.7334657331503511,False,2,57
C02_BRAKE_ACCELERATOR_ATTACK,460,0.4635059028665103,0.5728818053371425,0.6554963340738053,0.0070209687467031965,0.7266718352765933,False,2,57
C02_BRAKE_ACCELERATOR_ATTACK,461,0.44317092354645987,0.5514602026805624,0.6267383305288136,0.006953970426295936,0.7197374941326231,False,2,57
C02_BRAKE_ACCELERATOR_ATTACK,462,0.4230276242138337,0.530161948983617,0.5982514034216728,0.006884793896156499,0.7125777077942925,False,2,57
C02_BRAKE_ACCELERATOR_ATTACK,463,0.40308762586984415,0.5090487187261239,0.5700519873299056,0.006813647738705718,0.7052140645888,False,2,57
C02_BRAKE_ACCELERATOR_ATTACK,464,0.3833552821424406,0.48807939558820473,0.5421462392132038,0.006739699358356132,0.6975603906866624,False,2,57
C02_BRAKE_ACCELERATOR_ATTACK,465,0.3638410888873732,0.46727453772979866,0.514549002453118,0.006663000789565472,0.6896220716658908,False,2,57
C02_BRAKE_ACCELERATOR_ATTACK,466,0.3445517499780956,0.44665470331084484,0.4872697577584066,0.00658556080883112,0.6816070163431565,False,2,57
C02_BRAKE_ACCELERATOR_ATTACK,467,0.3254947506317526,0.4262198923313432,0.4603190908246731,0.006506069531139859,0.6733796513266815,False,2,57
C02_BRAKE_ACCELERATOR_ATTACK,468,0.30667839566202304,0.405990662951233,0.43370874643205515,0.006425246477594906,0.6650144472115446,False,2,57
C02_BRAKE_ACCELERATOR_ATTACK,469,0.28811068993977307,0.38592589885063583,0.40745004517749667,0.006340941293021123,0.6562888417562676,False,2,57
C02_BRAKE_ACCELERATOR_ATTACK,470,0.2698024823429448,0.3660872745093692,0.3815583296913201,0.006257279632866998,0.6476298412223267,False,2,57
C02_BRAKE_ACCELERATOR_ATTACK,471,0.25176321312594624,0.34645423176749385,0.35604695050934115,0.006170947460623643,0.6386944420899845,False,2,57
C02_BRAKE_ACCELERATOR_ATTACK,472,0.23400358786105743,0.32702677062500995,0.3309310475970716,0.0060838355221996395,0.6296783369835778,False,2,57
C02_BRAKE_ACCELERATOR_ATTACK,473,0.21653968780111246,0.30778433292197827,0.30623336328036904,0.00599325435410183,0.620303165830161,False,2,57
C02_BRAKE_ACCELERATOR_ATTACK,474,0.1993911738705419,0.2887885931382162,0.28198170230521225,0.005903330717602868,0.6109960493442587,False,2,57
C02_BRAKE_ACCELERATOR_ATTACK,475,0.18257670952136013,0.27001899311378463,0.25820245877856046,0.005812042236412077,0.6015476711275527,False,2,57
C02_BRAKE_ACCELERATOR_ATTACK,476,0.16612329441914472,0.2514960910086227,0.23493381599365318,0.0057207622010205334,0.5921001670529572,False,2,57
C02_BRAKE_ACCELERATOR_ATTACK,477,0.1500660918878033,0.23317877050285216,0.2122255024000585,0.005626702117180809,0.582364927342315,False,2,57
C02_BRAKE_ACCELERATOR_ATTACK,478,0.13445947150754206,0.21510814791635122,0.19015440819548474,0.005531971520692035,0.5725602894225595,False,2,57
C02_BRAKE_ACCELERATOR_ATTACK,479,0.11937443703683483,0.19728422324911993,0.16882094785814492,0.0054371904413047815,0.5627504265115228,False,2,57
C02_BRAKE_ACCELERATOR_ATTACK,480,0.10491751345930232,0.17972755466109744,0.1483757704646071,0.005343121855994682,0.5530143068967958,False,2,57
C02_BRAKE_ACCELERATOR_ATTACK,481,0.09124939357002011,0.16237646767246627,0.12904612994504272,0.005246219219264164,0.5429848623263194,False,2,57
C02_BRAKE_ACCELERATOR_ATTACK,482,0.07863456556304077,0.14531319492298306,0.11120606909056859,0.005150133003811883,0.5330399175407046,False,2,57
C02_BRAKE_ACCELERATOR_ATTACK,483,0.0674797412239226,0.12847606193283032,0.09543076522429818,0.005053820885929978,0.5230715918031084,False,2,57
C02_BRAKE_ACCELERATOR_ATTACK,484,0.058423301574976536,0.1119267431818255,0.08262302544594523,0.0049570913657205435,0.5130600648312755,False,2,57
C02_BRAKE_ACCELERATOR_ATTACK,485,0.05233061361515372,0.09560356419015116,0.07400666350185653,0.0048594905036336965,0.5029583537802856,False,2,57
C02_BRAKE_ACCELERATOR_ATTACK,486,0.050063779479287085,0.0797164237708043,0.07080087592326365,0.004761926094303837,0.49286041559779525,False,2,57
C02_BRAKE_ACCELERATOR_ATTACK,487,0.0519041652883315,0.09262694821258198,0.07340357449441323,0.004664240462653775,0.4827499308780568,False,2,57
C02_BRAKE_ACCELERATOR_ATTACK,488,0.05726551465556576,0.10529077473509002,0.08098566748217634,0.004567988937080642,0.4727878764579679,False,2,57
C02_BRAKE_ACCELERATOR_ATTACK,489,0.06510749161163426,0.11764622885851102,0.09207589764926569,0.004470571795609508,0.46270518053178694,False,2,57
C02_BRAKE_ACCELERATOR_ATTACK,490,0.07451415076183314,0.12979610138254064,0.10537892259609792,0.00437426252916076,0.45273714991816016,False,2,57
C02_BRAKE_ACCELERATOR_ATTACK,491,0.0848423866516633,0.1416787178273615,0.11998525386688427,0.004277233386893287,0.44269461199632043,False,2,57
C02_BRAKE_ACCELERATOR_ATTACK,492,0.09568783399617807,0.15331463635291273,0.13532303259150036,0.004181657159765288,0.43280245111630966,False,2,57
C02_BRAKE_ACCELERATOR_ATTACK,493,0.10679969535473718,0.1647038569591943,0.15103757762798417,0.004086779903118012,0.42298263383735396,False,2,57
C02_BRAKE_ACCELERATOR_ATTACK,494,0.11802069529767703,0.17584637964620625,0.16690646793067743,0.003991034042384496,0.41307291584123956,False,2,57
C02_BRAKE_ACCELERATOR_ATTACK,495,0.1292484344266591,0.18674220441394856,0.18278488888167094,0.0038975680621455315,0.4033991659861264,False,2,57
C02_BRAKE_ACCELERATOR_ATTACK,496,0.1404214389478451,0.1974324475822995,0.19858590340798807,0.0038052762458702354,0.3938469423638134,False,2,57
C02_BRAKE_ACCELERATOR_ATTACK,497,0.15149035189970292,0.20785543467144166,0.21423971022523264,0.003713154479369348,0.38431231893117734,False,2,57
C02_BRAKE_ACCELERATOR_ATTACK,498,0.16242537006563396,0.21805228200125334,0.22970416122028844,0.003621626428105622,0.37483914515835104,False,2,57
C02_BRAKE_ACCELERATOR_ATTACK,499,0.17320477820813543,0.2280229895717345,0.244948546409769,0.0035307037945439216,0.36542863225306477,False,2,57
C02_BRAKE_ACCELERATOR_ATTACK,500,0.1838150753199722,0.2377881155428243,0.25995377248613666,0.003443406755678168,0.3563933692095458,False,2,57
C02_BRAKE_ACCELERATOR_ATTACK,501,0.19424329812686564,0.24728598543470534,0.27470150661109377,0.0033540177971637195,0.3471415920146026,False,2,57
C02_BRAKE_ACCELERATOR_ATTACK,502,0.2044855312364125,0.2566193900470733,0.28918621158360175,0.0032678970272284873,0.33822807306842373,False,2,57
C02_BRAKE_ACCELERATOR_ATTACK,503,0.21453415823207625,0.2657060967401716,0.3033971161640978,0.0031819199228651975,0.3293294235410667,False,2,57
C02_BRAKE_ACCELERATOR_ATTACK,504,0.22439069480432536,0.2746283381537568,0.3173363638625989,0.003098494140822474,0.32069483644440183,False,2,57
C02_BRAKE_ACCELERATOR_ATTACK,505,0.23405327640543686,0.28334499796795065,0.3310013178104275,0.003016485864067399,0.31220696146198373,False,2,57
C02_BRAKE_ACCELERATOR_ATTACK,506,0.24352091873244913,0.2918560761827531,0.3443905859929859,0.002935934572918966,0.30386988481565674,False,2,57
C02_BRAKE_ACCELERATOR_ATTACK,507,0.25279332355352396,0.30016157279816424,0.35750374664676354,0.0028552606167652206,0.29552011231385017,False,2,57
C02_BRAKE_ACCELERATOR_ATTACK,508,0.26187218535581225,0.30830260413406224,0.3703431961384707,0.002778090561373681,0.2875329943244561,False,2,57
C02_BRAKE_ACCELERATOR_ATTACK,509,0.27075929078392025,0.3162380538705689,0.3829114611651406,0.0027017033893788475,0.2796269049416855,False,2,57
C02_BRAKE_ACCELERATOR_ATTACK,510,0.279462106493709,0.32405015464744075,0.39521910117275744,0.0026285142936145027,0.2720518171639078,False,2,57
C02_BRAKE_ACCELERATOR_ATTACK,511,0.28798010537625,0.33165667382492126,0.40726537071672586,0.0025554032853777266,0.264484811462695,False,2,57
C02_BRAKE_ACCELERATOR_ATTACK,512,0.2963175654702322,0.33911928588282775,0.4190563198573799,0.002486607953469293,0.25736447922651484,False,2,57
C02_BRAKE_ACCELERATOR_ATTACK,513,0.30448096195734503,0.3464174326612212,0.4306011058844838,0.0024175885052600972,0.25022095090309016,False,2,57
C02_BRAKE_ACCELERATOR_ATTACK,514,0.31247177078533844,0.35357167232004066,0.44190181610336265,0.0023521894595091722,0.24345213504367216,False,2,57
C02_BRAKE_ACCELERATOR_ATTACK,515,0.3202951916401662,0.36056144669934703,0.4529658039804126,0.002286660206680232,0.2366698427225634,False,2,57
C02_BRAKE_ACCELERATOR_ATTACK,516,0.32795459982373387,0.3674278721190186,0.4637978429133655,0.0022238232381040332,0.23016620242364802,False,2,57
C02_BRAKE_ACCELERATOR_ATTACK,517,0.33545426430983905,0.37415039041911624,0.4744039701428633,0.0021631547508182743,0.2238870004231978,False,2,57
C02_BRAKE_ACCELERATOR_ATTACK,518,0.34280035727521546,0.380749559759579,0.4847929144449522,0.0021053150006639042,0.21790057334839397,False,2,57
C02_BRAKE_ACCELERATOR_ATTACK,519,0.35000088884668473,0.38724593830034615,0.49497600384961965,0.002049363543252772,0.2121095849947655,False,2,57
C02_BRAKE_ACCELERATOR_ATTACK,520,0.35705891933053435,0.39361896788147843,0.5049575662835226,0.0019963687588020183,0.20662461295369217,False,2,57
C02_BRAKE_ACCELERATOR_ATTACK,521,0.36398234084585285,0.39988920666291505,0.5147487628885117,0.0019437778094995473,0.2068628780845008,False,2,57
C02_BRAKE_ACCELERATOR_ATTACK,522,0.3707748568205551,0.40607721280459513,0.5243548311025715,0.0018954537976716142,0.21006393662457673,False,2,57
C02_BRAKE_ACCELERATOR_ATTACK,523,0.3774442178749411,0.4121624281465795,0.533786731958047,0.0018484723618980463,0.21321182143475104,False,2,57
C02_BRAKE_ACCELERATOR_ATTACK,524,0.38399545050032646,0.4181654108488073,0.5430515739871281,0.0018042884180992052,0.21631716726100408,False,2,57
C02_BRAKE_ACCELERATOR_ATTACK,525,0.39043316434492015,0.4240656027513395,0.5521558762168296,0.0017615505593643126,0.21936933935735553,False,2,57
C02_BRAKE_ACCELERATOR_ATTACK,526,0.3967659859642338,0.4299246783339934,0.5611118384389525,0.0017229521862095704,0.22240024196174635,False,2,57
C02_BRAKE_ACCELERATOR_ATTACK,527,0.40299837842877184,0.4356809631169516,0.5699257723883341,0.001685128095052301,0.22537797083623556,False,2,57
C02_BRAKE_ACCELERATOR_ATTACK,528,0.4091372650629759,0.4413961315800315,0.5786074691242964,0.00165076304744471,0.22833443021876415,False,2,57
C02_BRAKE_ACCELERATOR_ATTACK,529,0.41519100569116485,0.44707018372323315,0.5871687512237702,0.0016191490875416884,0.23126962010933208,False,2,57
C02_BRAKE_ACCELERATOR_ATTACK,530,0.42116262856428816,0.45266200322667827,0.5956139012803185,0.0015882888879912144,0.23416227101597878,False,2,57
C02_BRAKE_ACCELERATOR_ATTACK,531,0.42706095053934456,0.4582538227301234,0.6039553882126867,0.0015615324112098268,0.23705492192262545,False,2,57
C02_BRAKE_ACCELERATOR_ATTACK,532,0.4328907043138559,0.4637839677537511,0.6121999050658963,0.0015362503128547797,0.23991566859133115,False,2,57
C02_BRAKE_ACCELERATOR_ATTACK,533,0.4386568619257787,0.4692729964575005,0.6203544833634583,0.0015123415912503058,0.24275514576807622,False,2,57
C02_BRAKE_ACCELERATOR_ATTACK,534,0.44436826964812765,0.47478258332118906,0.6284316336246467,0.001492563027182054,0.24560525769080163,False,2,57
C02_BRAKE_ACCELERATOR_ATTACK,535,0.4500297320181201,0.48025105386499933,0.6364381504911549,0.001474239592064708,0.2484341001215664,False,2,57
C02_BRAKE_ACCELERATOR_ATTACK,536,0.4556462710067684,0.4856989662488705,0.6443811361024986,0.0014587947896848032,0.2512523078063508,False,2,57
C02_BRAKE_ACCELERATOR_ATTACK,537,0.4612280805014944,0.49116743679268077,0.652275006792523,0.0014453580642333486,0.2540811502371156,False,2,57
C02_BRAKE_ACCELERATOR_ATTACK,538,0.46677686343997005,0.4966153491765519,0.6601221708787798,0.001434827200672519,0.2568993579219,False,2,57
C02_BRAKE_ACCELERATOR_ATTACK,539,0.47230450872806684,0.5021043778803014,0.667939441813194,0.0014270551780559634,0.2597388350986451,False,2,57
C02_BRAKE_ACCELERATOR_ATTACK,540,0.4778143911789137,0.5075934065840508,0.6757315923022632,0.0014206981478425433,0.2625783122753902,False,2,57
C02_BRAKE_ACCELERATOR_ATTACK,541,0.4833134885913649,0.5131235516076785,0.6835084904437624,0.001418583997843891,0.2654390589440959,False,2,57
C02_BRAKE_ACCELERATOR_ATTACK,542,0.48880641892673427,0.518633138471367,0.6912766670212123,0.0014157676954812438,0.2682891708668213,False,2,57
C02_BRAKE_ACCELERATOR_ATTACK,543,0.494298684075583,0.524204399814873,0.6990439028828632,0.0014171765462543875,0.2711711870274876,False,2,57
C02_BRAKE_ACCELERATOR_ATTACK,544,0.4997986692908012,0.5298167774782573,0.7068220565670764,0.0014213947200933457,0.27407447268011464,False,2,57
C02_BRAKE_ACCELERATOR_ATTACK,545,0.5053149019260782,0.5354908296214589,0.7146231875730903,0.001427058886110665,0.27700966257068255,False,2,57
C02_BRAKE_ACCELERATOR_ATTACK,546,0.5108456003801412,0.5411648817646606,0.722444776336222,0.0014340707356906685,0.27994485246125056,False,2,57
C02_BRAKE_ACCELERATOR_ATTACK,547,0.5163992262007931,0.5469006083876796,0.7302987892921333,0.0014438814268045613,0.28291194658975943,False,2,57
C02_BRAKE_ACCELERATOR_ATTACK,548,0.5219843754893183,0.5527185676504552,0.7381973831638441,0.0014558600048229175,0.2859215797021896,False,2,57
C02_BRAKE_ACCELERATOR_ATTACK,549,0.5276045519368444,0.5585982013930483,0.7461455129188653,0.0014705979291489606,0.2889631170525607,False,2,57
C02_BRAKE_ACCELERATOR_ATTACK,550,0.5332645997539145,0.5645189514555196,0.7541500293054461,0.0014853392473292404,0.2920259238948925,False,2,57
C02_BRAKE_ACCELERATOR_ATTACK,551,0.538968155465992,0.5705219341577474,0.7622160751472166,0.0015028759557436792,0.29513126972114556,False,2,57
C02_BRAKE_ACCELERATOR_ATTACK,552,0.5447238228458994,0.576627707659671,0.7703558180163901,0.0015226178663004161,0.2982897892773002,False,2,57
C02_BRAKE_ACCELERATOR_ATTACK,553,0.5505314833841192,0.5827745974814728,0.7785690903151995,0.001544233717328257,0.3014695783254155,False,2,57
C02_BRAKE_ACCELERATOR_ATTACK,554,0.5564012519635664,0.5890242781029702,0.7868701966482452,0.001567362213062398,0.3047025411034323,False,2,57
C02_BRAKE_ACCELERATOR_ATTACK,555,0.5623367510759735,0.5953767495241633,0.7952642599924648,0.001592628876054635,0.3079886776113508,False,2,57
C02_BRAKE_ACCELERATOR_ATTACK,556,0.5683395349207611,0.6017908954251739,0.8037534783177575,0.0016178541817933908,0.31130671835721024,False,2,57
C02_BRAKE_ACCELERATOR_ATTACK,557,0.5744149868392494,0.6083283902858193,0.8123454648184294,0.0016472002380693424,0.31468856757895153,False,2,57
C02_BRAKE_ACCELERATOR_ATTACK,558,0.5805677824049342,0.6149275596262821,0.8210468317539299,0.001676430308614261,0.31810232103863384,False,2,57
C02_BRAKE_ACCELERATOR_ATTACK,559,0.586805014741989,0.6216706360863189,0.8298676103166648,0.0017079599416412112,0.3215905177201784,False,2,57
C02_BRAKE_ACCELERATOR_ATTACK,560,0.5931248463988756,0.628475387026173,0.8388052019577488,0.00173932874361253,0.32511061863966384,False,2,57
C02_BRAKE_ACCELERATOR_ATTACK,561,0.5995325013142893,0.635403486925662,0.8478669944421333,0.001773439683132536,0.3286945280350312,False,2,57
C02_BRAKE_ACCELERATOR_ATTACK,562,0.6060347445724416,0.6424549357847857,0.8570625550436612,0.0018090057016252102,0.3323422459062805,False,2,57
C02_BRAKE_ACCELERATOR_ATTACK,563,0.6126332605382846,0.6496091754436053,0.866394265814092,0.001844617485046691,0.3360431375074314,False,2,57
C02_BRAKE_ACCELERATOR_ATTACK,564,0.6193263029783678,0.6568456477421812,0.8758596572063962,0.0018813587821509558,0.3397865680925035,False,2,57
C02_BRAKE_ACCELERATOR_ATTACK,565,0.6261205626921074,0.6642054690003921,0.8854681914398519,0.001918888805522534,0.3435938071534576,False,2,57
C02_BRAKE_ACCELERATOR_ATTACK,566,0.6330196912391617,0.6717091973781769,0.8952250325996515,0.001957957082037433,0.34747548943627393,False,2,57
C02_BRAKE_ACCELERATOR_ATTACK,567,0.640021848084383,0.6792951583957183,0.9051275777760271,0.0019974668071924342,0.3513997107030115,False,2,57
C02_BRAKE_ACCELERATOR_ATTACK,568,0.6471338538490315,0.6870250265328336,0.9151854727840687,0.0020378623460305893,0.3553983751916113,False,2,57
C02_BRAKE_ACCELERATOR_ATTACK,569,0.6543540370853338,0.6948576854696445,0.9253963538396662,0.0020794357931304148,0.35945021341011274,False,2,57
C02_BRAKE_ACCELERATOR_ATTACK,570,0.6616873414607941,0.7028136933660903,0.9357672123444523,0.002120478558637686,0.36356586010449604,False,2,57
C02_BRAKE_ACCELERATOR_ATTACK,571,0.6691322865769056,0.710893050222171,0.9462959546987804,0.0021634516449085405,0.3677453152747613,False,2,57
C02_BRAKE_ACCELERATOR_ATTACK,572,0.6766937759879315,0.7190957560378863,0.9569895155755938,0.002206479928889621,0.37198857892090836,False,2,57
C02_BRAKE_ACCELERATOR_ATTACK,573,0.6843700624597505,0.7274012526532975,0.9678454240127013,0.0022488001796771,0.3762850162969571,False,2,57
C02_BRAKE_ACCELERATOR_ATTACK,574,0.6921612395026691,0.7358300982283434,0.9788638122536467,0.002291800745004745,0.3806452621488878,False,2,57
C02_BRAKE_ACCELERATOR_ATTACK,575,0.7000689903262552,0.7443822927630241,0.9900470607162293,0.0023360830517634725,0.3850693164767003,False,2,57
C02_BRAKE_ACCELERATOR_ATTACK,576,0.7080947460052908,0.7530372780974006,1.001397193245814,0.002379639130919041,0.38954654453441445,False,2,57
C02_BRAKE_ACCELERATOR_ATTACK,577,0.7162403854825256,0.761836170551351,1.0129168670687214,0.0024233753234177064,0.39409821581399085,False,2,57
C02_BRAKE_ACCELERATOR_ATTACK,578,0.724500712072222,0.770717295645058,1.024598732961501,0.0024668766673852107,0.3986924260774885,False,2,57
C02_BRAKE_ACCELERATOR_ATTACK,579,0.7328789979389287,0.7797217696983997,1.0364474184636365,0.002509801058491412,0.40335044481686805,False,2,57
C02_BRAKE_ACCELERATOR_ATTACK,580,0.7413737136940497,0.7888495927113763,1.0484607606930332,0.002553396717064768,0.4080722720321296,False,2,57
C02_BRAKE_ACCELERATOR_ATTACK,581,0.7499828775583757,0.7980596483641094,1.0606359569906552,0.0025955324511101607,0.4128366382313123,False,2,57
C02_BRAKE_ACCELERATOR_ATTACK,582,0.7587065887625625,0.8073930529764773,1.0729731476898423,0.002637729339805018,0.41766481290637697,False,2,57
C02_BRAKE_ACCELERATOR_ATTACK,583,0.7675431229008948,0.816829248388541,1.0854698941126448,0.0026792379092351356,0.42254616131134326,False,2,57
C02_BRAKE_ACCELERATOR_ATTACK,584,0.7764907758066745,0.8263682346003003,1.0981237862034054,0.002720696683171363,0.4274806834462111,False,2,57
C02_BRAKE_ACCELERATOR_ATTACK,585,0.7855476265465647,0.8359894534518161,1.110932107352147,0.0027607375376247838,0.4324577445650002,False,2,57
C02_BRAKE_ACCELERATOR_ATTACK,586,0.794713836554716,0.8457340212629668,1.1238950858612344,0.0028008634416793,0.4374986141596713,False,2,57
C02_BRAKE_ACCELERATOR_ATTACK,587,0.8039859195497338,0.855560821713874,1.1370077913842376,0.002840223093364442,0.4425820227382636,False,2,57
C02_BRAKE_ACCELERATOR_ATTACK,588,0.8133620162316929,0.8654698548045378,1.1502675944739857,0.0028775607347583864,0.44770797030077714,False,2,57
C03_TORQUE_DYNAMICS_ATTACK,0,0.0995181222396125,0.1738316799721709,0.14073987817316352,0.009878426078661845,1.0224193081041815,True,2,57
C03_TORQUE_DYNAMICS_ATTACK,1,0.10824429860271077,0.20156463773006592,0.15308055513351662,0.009851501044939651,1.0196325610930972,True,2,57
C03_TORQUE_DYNAMICS_ATTACK,2,0.1229078145756462,0.22917424652832613,0.17381789829451644,0.009821118440573342,1.016487954747183,True,2,57
C03_TORQUE_DYNAMICS_ATTACK,3,0.14162371189786735,0.2566399482070124,0.20028617411958388,0.009786586400144223,1.0129138808408924,True,2,57
C03_TORQUE_DYNAMICS_ATTACK,4,0.16294460692271945,0.28392062644624644,0.23043847302566275,0.009747240839334922,1.0088416064988783,True,2,57
C03_TORQUE_DYNAMICS_ATTACK,5,0.1859230355216163,0.3110368394059674,0.2629348783922445,0.009703739808095102,1.0043392400380808,True,2,57
C03_TORQUE_DYNAMICS_ATTACK,6,0.20996142564775025,0.3379680289262361,0.2969302957262386,0.009656097837705956,0.9994082854493525,False,2,57
C03_TORQUE_DYNAMICS_ATTACK,7,0.2346793803751137,0.3646936368471135,0.3318867625358002,0.009604334296370925,0.9940507473460808,False,2,57
C03_TORQUE_DYNAMICS_ATTACK,8,0.25983279078634736,0.39123422132853863,0.3674590566793034,0.00954838381550167,0.988259860064755,False,2,57
C03_TORQUE_DYNAMICS_ATTACK,9,0.285250381460063,0.4175281078906941,0.40340495813291993,0.009487641340550005,0.9819730003243387,False,2,57
C03_TORQUE_DYNAMICS_ATTACK,10,0.31081577553013245,0.4435958546935191,0.43955988515422484,0.009423465941919871,0.9753308322155483,False,2,57
C03_TORQUE_DYNAMICS_ATTACK,11,0.33644853258203283,0.46945801989695274,0.47581007781803697,0.009355058423363547,0.9682506387480323,False,2,57
C03_TORQUE_DYNAMICS_ATTACK,12,0.3620809451961603,0.4950529290211776,0.5120597833732793,0.009283275516777215,0.9608210918646237,False,2,57
C03_TORQUE_DYNAMICS_ATTACK,13,0.3876661336398397,0.5204011402261328,0.5482427038662021,0.009207311256903872,0.9529587739809968,False,2,57
C03_TORQUE_DYNAMICS_ATTACK,14,0.4131613715546579,0.5454615371919401,0.5842984151012667,0.009126531278114816,0.9445980281127273,False,2,57
C03_TORQUE_DYNAMICS_ATTACK,15,0.4385326589741022,0.5702341199185995,0.6201788338647107,0.009042351634914531,0.9358854162176803,False,2,57
C03_TORQUE_DYNAMICS_ATTACK,16,0.4637581317294954,0.5947600047259892,0.6558530395526608,0.008955325898599988,0.9268782330488788,False,2,57
C03_TORQUE_DYNAMICS_ATTACK,17,0.4888078703785561,0.6189364008144137,0.6912787196840638,0.008862877163360715,0.9173097682787049,False,2,57
C03_TORQUE_DYNAMICS_ATTACK,18,0.5136653912899566,0.6428455408236293,0.7264325628839393,0.008768301770462665,0.9075211939652952,False,2,57
C03_TORQUE_DYNAMICS_ATTACK,19,0.5383133260299386,0.666446308433758,0.7612900064777088,0.00866953129767885,0.8972984279456268,False,2,57
C03_TORQUE_DYNAMICS_ATTACK,20,0.562735143972725,0.6897387036447996,0.7958276726302038,0.008568731314711718,0.8868656071681563,False,2,57
C03_TORQUE_DYNAMICS_ATTACK,21,0.586911184343721,0.7126404938169976,0.830017756807346,0.008462551336111413,0.8758759556396057,False,2,57
C03_TORQUE_DYNAMICS_ATTACK,22,0.6108326770809895,0.7352544697500476,0.8638478562686006,0.008353411800943851,0.8645799893445432,False,2,57
C03_TORQUE_DYNAMICS_ATTACK,23,0.6344821841749176,0.7574983988041932,0.8972933099442725,0.00824092604718709,0.8529376886772345,False,2,57
C03_TORQUE_DYNAMICS_ATTACK,24,0.6578492418222796,0.7793928391393735,0.9303393197819256,0.008124946629471046,0.8409337930089048,False,2,57
C03_TORQUE_DYNAMICS_ATTACK,25,0.6809228723765001,0.8009377907555885,0.9629703610448905,0.008006922594113224,0.8287182789574442,False,2,57
C03_TORQUE_DYNAMICS_ATTACK,26,0.7036913795132093,0.8220921373329599,0.9951698926326132,0.007885551582890123,0.8161563521554939,False,2,57
C03_TORQUE_DYNAMICS_ATTACK,27,0.7261457858560436,0.8428764370314268,1.026925218617686,0.007759908041028349,0.8031522174770397,False,2,57
C03_TORQUE_DYNAMICS_ATTACK,28,0.748274892656415,0.8632906898509893,1.058220501577974,0.007633709042662226,0.7900905929261769,False,2,57
C03_TORQUE_DYNAMICS_ATTACK,29,0.7700728174753062,0.8833143376317082,1.089047422488439,0.007503276922887817,0.7765908393629678,False,2,57
C03_TORQUE_DYNAMICS_ATTACK,30,0.7915285482816863,0.9029473803735835,1.119390407985448,0.007370057921282013,0.7628026429070212,False,2,57
C03_TORQUE_DYNAMICS_ATTACK,31,0.8126322853772411,0.922169259916676,1.1492355992027377,0.00723337278760391,0.748655701006513,False,2,57
C03_TORQUE_DYNAMICS_ATTACK,32,0.8333745962084803,0.9409799762609858,1.1785696564952346,0.00709623822777385,0.734462243398779,False,2,57
C03_TORQUE_DYNAMICS_ATTACK,33,0.8537539978365426,0.9594000875664521,1.2073904826706887,0.006955412366080656,0.7198867352227807,False,2,57
C03_TORQUE_DYNAMICS_ATTACK,34,0.8737581552576345,0.9773884775131965,1.235680633399443,0.006812675244287326,0.7051134111990323,False,2,57
C03_TORQUE_DYNAMICS_ATTACK,35,0.8933846504896645,0.9949862624210972,1.263436689138431,0.006668444587781254,0.6901855059985383,False,2,57
C03_TORQUE_DYNAMICS_ATTACK,36,0.9126240154300321,1.012131767810337,1.290645259968544,0.006520844245253782,0.6749088375413178,False,2,57
C03_TORQUE_DYNAMICS_ATTACK,37,0.9314670617471182,1.0288249936809157,1.317293351626592,0.006371377773955598,0.6594390243390345,False,2,57
C03_TORQUE_DYNAMICS_ATTACK,38,0.9499115714287688,1.0451070563527118,1.343377827369704,0.006220432187078415,0.6438161223435727,False,2,57
C03_TORQUE_DYNAMICS_ATTACK,39,0.9679520405634017,1.060957397665786,1.368890903491475,0.006067361575138042,0.6279732797788834,False,2,57
C03_TORQUE_DYNAMICS_ATTACK,40,0.9855812199702526,1.0763554594601992,1.393822328102152,0.00591230698331069,0.6119250948522446,False,2,57
C03_TORQUE_DYNAMICS_ATTACK,41,1.002795390635551,1.0913217998958906,1.4181668417220217,0.005755815136906435,0.5957281537555047,False,2,57
C03_TORQUE_DYNAMICS_ATTACK,42,1.0195909144283817,1.10585641897286,1.4419192992570031,0.005598648403067605,0.5794613616583716,False,2,57
C03_TORQUE_DYNAMICS_ATTACK,43,1.0359601898124102,1.1198976422112903,1.4650689505113164,0.005439028305942998,0.5793235865532007,False,2,57
C03_TORQUE_DYNAMICS_ATTACK,44,1.0519031924152267,1.1335277022509376,1.487615761017169,0.005278416863752383,0.5863744231381519,False,2,57
C03_TORQUE_DYNAMICS_ATTACK,45,1.067412826373112,1.146684924611985,1.5095496957078527,0.005116666881450242,0.593180660565556,False,2,57
C03_TORQUE_DYNAMICS_ATTACK,46,1.0824852062972312,1.1593693092944322,1.530865259813782,0.004952107919596783,0.5997422988354125,False,2,57
C03_TORQUE_DYNAMICS_ATTACK,47,1.09711892472017,1.1716425307780967,1.5515604628754511,0.004788841581434507,0.6060912421856628,False,2,57
C03_TORQUE_DYNAMICS_ATTACK,48,1.1113099244443139,1.1834223564232218,1.5716295671489682,0.00462465021502666,0.6121849516323853,False,2,57
C03_TORQUE_DYNAMICS_ATTACK,49,1.125059723014104,1.194770460709625,1.5910747187662637,0.004459526648040585,0.6180553314135212,False,2,57
C03_TORQUE_DYNAMICS_ATTACK,50,1.1383630581066617,1.2056457273174281,1.6098884756789527,0.00429315864558912,0.6236811120371097,False,2,57
C03_TORQUE_DYNAMICS_ATTACK,51,1.1512181209209118,1.2160687144065705,1.6280682798560233,0.004126910394420184,0.6290729282491313,False,2,57
C03_TORQUE_DYNAMICS_ATTACK,52,1.1636229029259482,1.2260188638171123,1.6456112908058274,0.003959395099404276,0.6342201453036055,False,2,57
C03_TORQUE_DYNAMICS_ATTACK,53,1.1755774556658152,1.2355372918689327,1.6625175814226516,0.0037916300025647317,0.6391440326924931,False,2,57
C03_TORQUE_DYNAMICS_ATTACK,54,1.1870764230655773,1.2445623240822135,1.6787795770726812,0.003624649208346607,0.6438126861778529,False,2,57
C03_TORQUE_DYNAMICS_ATTACK,55,1.198124698807869,1.2531556349367725,1.694404198468268,0.00345655674857884,0.6482580099976262,False,2,57
C03_TORQUE_DYNAMICS_ATTACK,56,1.2087207292423345,1.2613172244326096,1.7093892484160074,0.003289951639159603,0.6524800041518126,False,2,57
C03_TORQUE_DYNAMICS_ATTACK,57,1.218864207196837,1.2690059762498467,1.723734292508897,0.0031239283901157455,0.6564573991484518,False,2,57
C03_TORQUE_DYNAMICS_ATTACK,58,1.2285566415910552,1.2762424485484227,1.737441464681612,0.00295630881036386,0.660200829733524,False,2,57
C03_TORQUE_DYNAMICS_ATTACK,59,1.2377929097352043,1.2830060831683987,1.7505035203567822,0.002790239949307472,0.6636996611610488,False,2,57
C03_TORQUE_DYNAMICS_ATTACK,60,1.2465779640026486,1.2893379964296527,1.7629274632479854,0.002623994005468943,0.666975162922987,False,2,57
C03_TORQUE_DYNAMICS_ATTACK,61,1.2549118479921746,1.2952381883321848,1.774713355013217,0.0024594659879242217,0.6700273350193384,False,2,57
C03_TORQUE_DYNAMICS_ATTACK,62,1.2627978575178214,1.300706658875995,1.7858658566373904,0.002295842838683041,0.6728561774501032,False,2,57
C03_TORQUE_DYNAMICS_ATTACK,63,1.2702341156888817,1.3057022917412053,1.7963823137962114,0.0021334194320616006,0.6754404207233207,False,2,57
C03_TORQUE_DYNAMICS_ATTACK,64,1.2772256928790255,1.3102867614076326,1.8062698970808913,0.001971577321038132,0.6778119690769316,False,2,57
C03_TORQUE_DYNAMICS_ATTACK,65,1.283772580836963,1.3144395097153383,1.8155285948223439,0.00181314513549728,0.679960187764956,False,2,57
C03_TORQUE_DYNAMICS_ATTACK,66,1.289879719637966,1.3181605366643219,1.8241653933420172,0.0016554594750232202,0.6818850767873936,False,2,57
C03_TORQUE_DYNAMICS_ATTACK,67,1.2955470830830726,1.3214498422545837,1.8321802555889843,0.0014987559861538542,0.6835866361442446,False,2,57
C03_TORQUE_DYNAMICS_ATTACK,68,1.3007763836803712,1.324327984646063,1.8395756034154098,0.0013459174339272668,0.6850755005814894,False,2,57
C03_TORQUE_DYNAMICS_ATTACK,69,1.3055726429552246,1.3267949638387593,1.846358538330565,0.0011966601056366212,0.6863516700991276,False,2,57
C03_TORQUE_DYNAMICS_ATTACK,70,1.3099392072402354,1.328850779832673,1.8525337927634014,0.0010533331968669575,0.6874151446971595,False,2,57
C03_TORQUE_DYNAMICS_ATTACK,71,1.3138810894565525,1.3304954326278038,1.8581084560549943,0.0009153689950042006,0.6882659243755849,False,2,57
C03_TORQUE_DYNAMICS_ATTACK,72,1.317401685650094,1.331749480384091,1.86308733093954,0.0007851806365860321,0.6889146438803843,False,2,57
C03_TORQUE_DYNAMICS_ATTACK,73,1.320502646180332,1.3325923649415956,1.867472751377786,0.0006670168946795471,0.6893506684655774,False,2,57
C03_TORQUE_DYNAMICS_ATTACK,74,1.3231890733131444,1.333065202620196,1.8712719330633365,0.0005699631516309667,0.6895952676231247,False,2,57
C03_TORQUE_DYNAMICS_ATTACK,75,1.3254694234133482,1.3331679934198915,1.8744968351020033,0.0004997314346429343,0.6896484413530263,False,2,57
C03_TORQUE_DYNAMICS_ATTACK,76,1.3273453608543053,1.3331679934198915,1.8771498112731684,0.00047012096847302316,0.6896484413530263,False,2,57
C03_TORQUE_DYNAMICS_ATTACK,77,1.328821958346972,1.3331679934198915,1.879238035473464,0.0004864690827860028,0.6896484413530263,False,2,57
C03_TORQUE_DYNAMICS_ATTACK,78,1.3299042860544534,1.3331679934198915,1.8807686779963162,0.0005435150426624956,0.6900933457550746,False,2,57
C03_TORQUE_DYNAMICS_ATTACK,79,1.3305974174355215,1.3331679934198915,1.8817489137959291,0.0006288324894486492,0.6904530147619534,False,2,57
C03_TORQUE_DYNAMICS_ATTACK,80,1.3309081491793942,1.3331679934198915,1.8821883548423737,0.0007296506388979059,0.6906142548684859,False,2,57
C03_TORQUE_DYNAMICS_ATTACK,81,1.3308432670591817,1.3331679934198915,1.8820965976680137,0.0008395021646067386,0.6905805872430134,False,2,57
C03_TORQUE_DYNAMICS_ATTACK,82,1.3304078494034244,1.3331679934198915,1.8814808241139451,0.0009555744969572629,0.6903546470531718,False,2,57
C03_TORQUE_DYNAMICS_ATTACK,83,1.329606985552578,1.3331679934198915,1.8803482315944637,0.0010754129940909148,0.6899390751807294,False,2,57
C03_TORQUE_DYNAMICS_ATTACK,84,1.3284491619913459,1.3331679934198915,1.878710821811334,0.001194327641628152,0.6896484413530263,False,2,57
C03_TORQUE_DYNAMICS_ATTACK,85,1.3269411857585027,1.3331679934198915,1.876578221371111,0.0013141962598417823,0.6896484413530263,False,2,57
C03_TORQUE_DYNAMICS_ATTACK,86,1.3250881359902709,1.3331679934198915,1.8739576132571254,0.0014335661043167838,0.6896484413530263,False,2,57
C03_TORQUE_DYNAMICS_ATTACK,87,1.3228934028073367,1.3328801791807436,1.8708537918240293,0.001552831683427679,0.6894995549093019,False,2,57
C03_TORQUE_DYNAMICS_ATTACK,88,1.3203688779154934,1.3322223180626913,1.8672835744834362,0.0016683628920321331,0.6891592430379317,False,2,57
C03_TORQUE_DYNAMICS_ATTACK,89,1.3175213605314418,1.3311944100657345,1.863256576779817,0.001782142714818274,0.6886275057389157,False,2,57
C03_TORQUE_DYNAMICS_ATTACK,90,1.3143576697167558,1.329796455189873,1.8587824423225332,0.0018941291760197594,0.687904343012254,False,2,57
C03_TORQUE_DYNAMICS_ATTACK,91,1.310886334187112,1.3280695697549856,1.8538732325369633,0.0020042926966834978,0.6870110243499072,False,2,57
C03_TORQUE_DYNAMICS_ATTACK,92,1.307114113534698,1.3260137537610721,1.8485385069300553,0.002111843923345685,0.6859475497518754,False,2,57
C03_TORQUE_DYNAMICS_ATTACK,93,1.3030460990138808,1.323608449048193,1.8427854656227851,0.002217268054276808,0.6847032844721781,False,2,57
C03_TORQUE_DYNAMICS_ATTACK,94,1.2986924996988438,1.3208536556163488,1.8366285464263215,0.0023189095851013,0.6832782285108154,False,2,57
C03_TORQUE_DYNAMICS_ATTACK,95,1.294061886153597,1.3178110479453566,1.830079869948525,0.0024192189402401695,0.6817042861057283,False,2,57
C03_TORQUE_DYNAMICS_ATTACK,96,1.2891609662941828,1.3144395097153383,1.8231489226152375,0.0025155849127718654,0.679960187764956,False,2,57
C03_TORQUE_DYNAMICS_ATTACK,97,1.2839982948838193,1.3107595990862329,1.815847802688626,0.0026094645449941632,0.678056568234479,False,2,57
C03_TORQUE_DYNAMICS_ATTACK,98,1.2785807155732292,1.3067507578981012,1.8081861885523574,0.002700372677578344,0.6759827927683169,False,2,57
C03_TORQUE_DYNAMICS_ATTACK,99,1.2729202020438957,1.3024952187907,1.8001810135491776,0.0027889564232213785,0.6737814003503909,False,2,57
C03_TORQUE_DYNAMICS_ATTACK,100,1.2670217459151214,1.2979518654441509,1.7918393368948025,0.0028742049538200785,0.6714311214887405,False,2,57
C03_TORQUE_DYNAMICS_ATTACK,101,1.2608938755142483,1.2931206978584537,1.7831732194654228,0.002956200955000568,0.6689319561833655,False,2,57
C03_TORQUE_DYNAMICS_ATTACK,102,1.2545451652690291,1.2880222741935479,1.774194787333057,0.003035582739409548,0.6662945391802465,False,2,57
C03_TORQUE_DYNAMICS_ATTACK,103,1.2479857940975194,1.2826771526093725,1.7649184356616687,0.0031114400824459806,0.6635295052253638,False,2,57
C03_TORQUE_DYNAMICS_ATTACK,104,1.2412209052416139,1.2770647749459882,1.7553514380937005,0.0031848091239459913,0.6606262195727367,False,2,57
C03_TORQUE_DYNAMICS_ATTACK,105,1.2342624178392996,1.2712262575232736,1.7455106508357454,0.003254619506404917,0.6576059517143263,False,2,57
C03_TORQUE_DYNAMICS_ATTACK,106,1.2271154606190273,1.265141042181289,1.7354033270051359,0.003321871411478079,0.6544580669041519,False,2,57
C03_TORQUE_DYNAMICS_ATTACK,107,1.2197902791685853,1.2588502452399133,1.725043956051077,0.0033862984930707798,0.6512038346341744,False,2,57
C03_TORQUE_DYNAMICS_ATTACK,108,1.2122952783392074,1.252333308539207,1.7144444242281733,0.00344660259075588,0.6478326201584134,False,2,57
C03_TORQUE_DYNAMICS_ATTACK,109,1.2046373879187053,1.2455902320791703,1.7036145317363323,0.003504339114187784,0.6443444234768688,False,2,57
C03_TORQUE_DYNAMICS_ATTACK,110,1.1968285391017834,1.2386621321796814,1.69257115183292,0.0035585477414961505,0.6407605140815015,False,2,57
C03_TORQUE_DYNAMICS_ATTACK,111,1.188873879013466,1.2315490088407401,1.6813215636519538,0.003610765087311648,0.6370808919723112,False,2,57
C03_TORQUE_DYNAMICS_ATTACK,112,1.1807818847283778,1.2242508620623467,1.6698777555873363,0.003659541234075455,0.6333055571492981,False,2,57
C03_TORQUE_DYNAMICS_ATTACK,113,1.1725610899694459,1.216767691844501,1.6582517961457695,0.003704919257451761,0.6294345096124621,False,2,57
C03_TORQUE_DYNAMICS_ATTACK,114,1.1642217339402499,1.2091406145070815,1.6464581657478226,0.0037474842953947817,0.625489018853764,False,2,57
C03_TORQUE_DYNAMICS_ATTACK,115,1.1557705474378817,1.2013285137302097,1.6345063831780289,0.003785988434100931,0.6214478153812428,False,2,57
C03_TORQUE_DYNAMICS_ATTACK,116,1.147216254357815,1.193393063993703,1.6224087858876841,0.003823123870674232,0.6173428034328399,False,2,57
C03_TORQUE_DYNAMICS_ATTACK,117,1.1385671879604142,1.1852931489776832,1.6101771588866145,0.0038554445969022234,0.6131527135165943,False,2,57
C03_TORQUE_DYNAMICS_ATTACK,118,1.1298320542939635,1.1770698850020287,1.5978238143863783,0.003885728290233914,0.6088988151244669,False,2,57
C03_TORQUE_DYNAMICS_ATTACK,119,1.1210176773679807,1.1687438302266784,1.585358402993785,0.00391393029950597,0.6045917430024378,False,2,57
C03_TORQUE_DYNAMICS_ATTACK,120,1.1121307718522693,1.1602738683317542,1.5727904206859376,0.003938033510528718,0.6002102276585465,False,2,57
C03_TORQUE_DYNAMICS_ATTACK,121,1.1031817061689035,1.1517216737970735,1.560134530625954,0.0039600492487690125,0.595786173330734,False,2,57
C03_TORQUE_DYNAMICS_ATTACK,122,1.0941755311554258,1.143046130302758,1.5473978757767881,0.00397865595485344,0.5912983105270395,False,2,57
C03_TORQUE_DYNAMICS_ATTACK,123,1.0851225797366757,1.1342883541686857,1.534595069100887,0.0039944986868105554,0.5867679087394237,False,2,57
C03_TORQUE_DYNAMICS_ATTACK,124,1.0760296650487617,1.125448345394857,1.5217357458277376,0.0040075890978018645,0.5821949679678867,False,2,57
C03_TORQUE_DYNAMICS_ATTACK,125,1.0669036586952492,1.116546662141211,1.5088296238722971,0.004018611130792531,0.5775901229584088,False,2,57
C03_TORQUE_DYNAMICS_ATTACK,126,1.0577513160278995,1.1075833044077474,1.4958862567446451,0.0040268736262570335,0.5729533737109898,False,2,57
C03_TORQUE_DYNAMICS_ATTACK,127,1.048579449847432,1.0985377140345274,1.482915279199957,0.004031699376771673,0.5682740854796496,False,2,57
C03_TORQUE_DYNAMICS_ATTACK,128,1.0393951153794518,1.0894715655013683,1.4699266688339687,0.004035835075155006,0.5635841625023291,False,2,57
C03_TORQUE_DYNAMICS_ATTACK,129,1.2115913094594353,2.416254091653355,1.713448861890911,0.15964365236013367,16.52315371796383,True,2,57
C03_TORQUE_DYNAMICS_ATTACK,130,1.3614531225169109,2.416254091653355,1.9253854703986144,0.15964360006139863,16.52314830503306,True,2,57
C03_TORQUE_DYNAMICS_ATTACK,131,1.4957197080048799,2.416254091653355,2.1152670965692266,0.15964347826297504,16.52313569886898,True,2,57
C03_TORQUE_DYNAMICS_ATTACK,132,1.618281023675728,2.416254091653355,2.28859497141323,0.1596433216648653,16.523119490929606,True,2,57
C03_TORQUE_DYNAMICS_ATTACK,133,1.7316346072405715,2.416254091653355,2.4489011466342236,0.15964307876357636,16.523094350591883,True,2,57
C03_TORQUE_DYNAMICS_ATTACK,134,1.8374904857960612,2.416254091653355,2.5986039657443167,0.1596428016919953,16.523065673621286,True,2,57
C03_TORQUE_DYNAMICS_ATTACK,135,1.9370821570767638,2.416254091653355,2.7394478579688895,0.15964249058253058,16.52303347372212,True,2,57
C03_TORQUE_DYNAMICS_ATTACK,136,2.0313388558566454,2.416254091653355,2.8727469597279134,0.1596421117952597,16.522994269154882,True,2,57
C03_TORQUE_DYNAMICS_ATTACK,137,2.120977327289008,2.416254091653355,2.9995149017379537,0.15964170016280194,16.522951665103456,True,2,57
C03_TORQUE_DYNAMICS_ATTACK,138,2.2065684097746203,2.416254091653355,3.120558971407301,0.1596412227079295,16.52290224841739,True,2,57
C03_TORQUE_DYNAMICS_ATTACK,139,2.2885703523106113,2.416254091653355,3.236527230682639,0.15964069563684638,16.52284769644243,True,2,57
C03_TORQUE_DYNAMICS_ATTACK,140,2.367364146474106,2.416254091653355,3.347958483019487,0.0038943786352572266,1.2499293985801336,True,2,57
C03_TORQUE_DYNAMICS_ATTACK,141,2.358580188085404,2.4071468268003176,3.335536089934864,0.003870194964551813,1.2452182061108525,True,2,57
C03_TORQUE_DYNAMICS_ATTACK,142,2.349862888530846,2.3981012364270975,3.323207966677539,0.003845335048038309,1.2405389178795123,True,2,57
C03_TORQUE_DYNAMICS_ATTACK,143,2.3412156254251224,2.3890762042138167,3.310978889916016,0.0038176893860219665,1.2358702643941526,True,2,57
C03_TORQUE_DYNAMICS_ATTACK,144,2.3326452990644464,2.380133404640292,3.298858618142784,0.003789400906802152,1.2312441498927138,True,2,57
C03_TORQUE_DYNAMICS_ATTACK,145,2.3241518921116984,2.3712317213866463,3.2868471268394543,0.003759685389863518,1.226639304883236,True,2,57
C03_TORQUE_DYNAMICS_ATTACK,146,2.315742255196345,2.3623711544528785,3.274954104259128,0.0037272015548793567,1.2220557293657186,True,2,57
C03_TORQUE_DYNAMICS_ATTACK,147,2.307419904579261,2.3535928201588674,3.263184523145624,0.0036947013782333113,1.2175146928321225,True,2,57
C03_TORQUE_DYNAMICS_ATTACK,148,2.2991865402290923,2.3448761603446733,3.251540787617656,0.003660794317860658,1.2130055605364674,True,2,57
C03_TORQUE_DYNAMICS_ATTACK,149,2.2096939263364694,2.336262291330175,3.1249791193184895,0.16187936458971225,16.75455043366365,True,2,57
C03_TORQUE_DYNAMICS_ATTACK,150,2.116976028482361,2.3277100967954945,2.9938562106984867,0.16187857781282328,16.754469002079706,True,2,57
C03_TORQUE_DYNAMICS_ATTACK,151,2.02058629039857,2.3192606930605093,2.8575405358267987,0.16187778495402286,16.754386941016566,True,2,57
C03_TORQUE_DYNAMICS_ATTACK,152,1.919964129328519,2.310872963805342,2.715239310966243,0.16187696865737952,16.754302454131444,True,2,57
C03_TORQUE_DYNAMICS_ATTACK,153,1.8144018184163588,2.3025674671899306,2.5659516591988205,0.1618761453304834,16.754217239613588,True,2,57
C03_TORQUE_DYNAMICS_ATTACK,154,1.702976192608333,2.294364761374215,2.408372027985201,0.16187530323978166,16.754130083037655,True,2,57
C03_TORQUE_DYNAMICS_ATTACK,155,1.5844406157670061,2.2862648463581956,2.2407374075924777,0.16187448415610414,16.754045307693872,True,2,57
C03_TORQUE_DYNAMICS_ATTACK,156,1.4570508229172563,2.2782471639819324,2.0605810348364626,0.161873658826591,16.753959885904706,True,2,57
C03_TORQUE_DYNAMICS_ATTACK,157,1.3182352430509359,2.270352830565304,1.864266159120827,0.16187284467281268,16.753875620806593,True,2,57
C03_TORQUE_DYNAMICS_ATTACK,158,1.1638958752311384,2.262540729788432,1.6459973319419794,0.16187203796827182,16.753792126706223,True,2,57
C03_TORQUE_DYNAMICS_ATTACK,159,0.9867683094359896,2.254831419811256,1.3955011261243475,0.16187120155044105,16.753705557273705,True,2,57
C03_TORQUE_DYNAMICS_ATTACK,160,0.7712873338935777,0.8101272882483825,1.0907650080788835,0.0032019545504384135,0.4190792341217594,False,2,57
C03_TORQUE_DYNAMICS_ATTACK,161,0.7643851655793295,0.8026235598705977,1.0810038680390917,0.0031616892502387083,0.4151975518389431,False,2,57
C03_TORQUE_DYNAMICS_ATTACK,162,0.7575926865394834,0.7952431804524477,1.0713978520588063,0.0031214944889477072,0.41137967803200864,False,2,57
C03_TORQUE_DYNAMICS_ATTACK,163,0.7509081462516889,0.7879655918339934,1.061944484525578,0.003081273422661256,0.40761497795497587,False,2,57
C03_TORQUE_DYNAMICS_ATTACK,164,0.7443315931520006,0.7807907940152348,1.052643833938332,0.00304102500763774,0.40390345160784463,False,2,57
C03_TORQUE_DYNAMICS_ATTACK,165,0.7378614422822936,0.7737599033160502,1.0434936588277923,0.003002893138355586,0.4002663684825757,False,2,57
C03_TORQUE_DYNAMICS_ATTACK,166,0.7314941011273007,0.766811245256622,1.0344888786101452,0.00296401382990163,0.396671824341228,False,2,57
C03_TORQUE_DYNAMICS_ATTACK,167,0.7252313840515333,0.7599653779968896,1.0256320591842891,0.002925124282216783,0.39313045392978185,False,2,57
C03_TORQUE_DYNAMICS_ATTACK,168,0.7190716733106415,0.7532428596967919,1.0169209127142247,0.0028876223979291114,0.38965289199421765,False,2,57
C03_TORQUE_DYNAMICS_ATTACK,169,0.713013160589196,0.7466025740364509,1.0083528818557466,0.002849378295681424,0.38621786904257477,False,2,57
C03_TORQUE_DYNAMICS_ATTACK,170,0.7070543706613301,0.740126753655623,0.9999258803244264,0.002814677007034112,0.3828679240587744,False,2,57
C03_TORQUE_DYNAMICS_ATTACK,171,0.7011882137419763,0.7337126077546123,0.9916298816500675,0.0027791751903703515,0.37954988331291495,False,2,57
C03_TORQUE_DYNAMICS_ATTACK,172,0.6954182215364642,0.7274012526532975,0.9834698804182452,0.0027437058046441165,0.3762850162969571,False,2,57
C03_TORQUE_DYNAMICS_ATTACK,173,0.6897410631607668,0.7212132465116174,0.9754411660475939,0.002710320543569305,0.37308395775688125,False,2,57
C03_TORQUE_DYNAMICS_ATTACK,174,0.6841532105847565,0.7151280311696331,0.9675387491500588,0.0026776454438755906,0.36993607294670694,False,2,57
C03_TORQUE_DYNAMICS_ATTACK,175,0.6786496372210723,0.7091456066273444,0.9597555210576212,0.0026469982988895488,0.3668413618664342,False,2,57
C03_TORQUE_DYNAMICS_ATTACK,176,0.6732285522410748,0.7032454147248122,0.9520889491561317,0.002616348124904225,0.36378918977008273,False,2,57
C03_TORQUE_DYNAMICS_ATTACK,177,0.6678866766456604,0.6974480136219757,0.9445343962405868,0.002587754427702255,0.3607901914036329,False,2,57
C03_TORQUE_DYNAMICS_ATTACK,178,0.6626205394593859,0.691753403318835,0.9370869536104403,0.0025605816105156247,0.3578443667670846,False,2,57
C03_TORQUE_DYNAMICS_ATTACK,179,0.657425003021639,0.6861410256554507,0.9297393555163748,0.002534764726470165,0.3549410811144576,False,2,57
C03_TORQUE_DYNAMICS_ATTACK,180,0.6522983324935071,0.6806314387917621,0.9224891485256722,0.002510394091629259,0.3520909691917322,False,2,57
C03_TORQUE_DYNAMICS_ATTACK,181,0.6472336965543676,0.6751835264078909,0.915326671692059,0.0024873377717937292,0.34927276150694775,False,2,57
C03_TORQUE_DYNAMICS_ATTACK,182,0.6422294546006189,0.6698178466637763,0.908249604851671,0.0024656819988648575,0.3464970928060846,False,2,57
C03_TORQUE_DYNAMICS_ATTACK,183,0.6372821519398518,0.6645549577193575,0.9012530623316498,0.0024461691570997024,0.34377459783512304,False,2,57
C03_TORQUE_DYNAMICS_ATTACK,184,0.6323815841319832,0.6593537432547559,0.894322612874433,0.002429371398683786,0.3410840071021024,False,2,57
C03_TORQUE_DYNAMICS_ATTACK,185,0.6275259931951728,0.654234761429911,0.8874557703182598,0.0024140154469895828,0.3384359553530031,False,2,57
C03_TORQUE_DYNAMICS_ATTACK,186,0.6227101671841709,0.6491568959249443,0.8806451638594719,0.0023993352846982956,0.3358091730958644,False,2,57
C03_TORQUE_DYNAMICS_ATTACK,187,0.6179308137512857,0.6441612630597341,0.8738861374153112,0.002387460588561948,0.33322492982264695,False,2,57
C03_TORQUE_DYNAMICS_ATTACK,188,0.6131810167600137,0.6392067465144022,0.8671689100917355,0.0023769670439302715,0.33066195604139015,False,2,57
C03_TORQUE_DYNAMICS_ATTACK,189,0.6084574074902419,0.6343139044488878,0.8604887177990729,0.0023685789491856095,0.3281308864980743,False,2,57
C03_TORQUE_DYNAMICS_ATTACK,190,0.6037515131499829,0.6294621787032515,0.8538335781999838,0.002362970343780952,0.32562108644671905,False,2,57
C03_TORQUE_DYNAMICS_ATTACK,191,0.5990598771260836,0.6246721274374327,0.8471986029052672,0.0023594750155671806,0.3231431906333048,False,2,57
C03_TORQUE_DYNAMICS_ATTACK,192,0.5943755774254995,0.6199026343315531,0.840574002738481,0.002357375330995095,0.32067592956587093,False,2,57
C03_TORQUE_DYNAMICS_ATTACK,193,0.5896919645615248,0.6151742575455518,0.833950373905343,0.0023587775717511645,0.31822993799039767,False,2,57
C03_TORQUE_DYNAMICS_ATTACK,194,0.5850054521044021,0.6104869970794287,0.8273226444282495,0.002361570592587947,0.31580521590688504,False,2,57
C03_TORQUE_DYNAMICS_ATTACK,195,0.5803075140290047,0.6057791784533664,0.8206787566868337,0.002365780781999653,0.313369859077392,False,2,57
C03_TORQUE_DYNAMICS_ATTACK,196,0.5755949679658321,0.6011124761471824,0.8140142101309868,0.002373492328074412,0.3109557717398597,False,2,57
C03_TORQUE_DYNAMICS_ATTACK,197,0.5708608369280329,0.5964663320009376,0.8073191378112798,0.002383286477539531,0.30855231914830766,False,2,57
C03_TORQUE_DYNAMICS_ATTACK,198,0.5660982559899596,0.5918201878546927,0.800583831256757,0.0023951818679349745,0.30614886655675566,False,2,57
C03_TORQUE_DYNAMICS_ATTACK,199,0.561300479230768,0.587174043708448,0.7937987502946697,0.0024098873314722697,0.30374541396520366,False,2,57
C03_TORQUE_DYNAMICS_ATTACK,200,0.5564623384819939,0.5825278995622031,0.7869565860310836,0.0024266629579725685,0.30134196137365166,False,2,57
C03_TORQUE_DYNAMICS_ATTACK,201,0.5515737390046599,0.57784063909608,0.7800430623492278,0.0024463313933268537,0.29891723929013897,False,2,57
C03_TORQUE_DYNAMICS_ATTACK,202,0.5466346308401774,0.5731533786299569,0.773058108596989,0.0024672950713574633,0.29649251720662634,False,2,57
C03_TORQUE_DYNAMICS_ATTACK,203,0.5416332200845875,0.5684455600038947,0.7659850456754351,0.0024925244575212586,0.2940571603771334,False,2,57
C03_TORQUE_DYNAMICS_ATTACK,204,0.5365659153496866,0.563676066898015,0.7588187945946608,0.0025177280155597778,0.2915898993096994,False,2,57
C03_TORQUE_DYNAMICS_ATTACK,205,0.5314262414110117,0.5589065737921354,0.7515501980044113,0.002547818091232107,0.28912263824226553,False,2,57
C03_TORQUE_DYNAMICS_ATTACK,206,0.5262054602523291,0.5540754062064382,0.7441668984836204,0.002579301086726529,0.2866234729368906,False,2,57
C03_TORQUE_DYNAMICS_ATTACK,207,0.5208985870920926,0.5491825641409238,0.7366618464866203,0.0026129022709543755,0.28409240339357483,False,2,57
C03_TORQUE_DYNAMICS_ATTACK,208,0.5155005975858146,0.544248605755531,0.7290279365172941,0.002649238088362301,0.2815400643582983,False,2,57
C03_TORQUE_DYNAMICS_ATTACK,209,0.5100013826208739,0.5392529728903209,0.72125087213147,0.0026891205761811754,0.27895582108508093,False,2,57
C03_TORQUE_DYNAMICS_ATTACK,210,0.5043957734914296,0.5341751073853542,0.7133233436752475,0.0027303605928208027,0.2825929319061039,False,2,57
C03_TORQUE_DYNAMICS_ATTACK,211,0.4986771756533145,0.5290355674005701,0.7052360250548275,0.002775073762220534,0.2872207549375044,False,2,57
C03_TORQUE_DYNAMICS_ATTACK,212,0.4928386959641925,0.5237726784561512,0.6969791678948314,0.0028205527022289495,0.2919278353981413,False,2,57
C03_TORQUE_DYNAMICS_ATTACK,213,0.48687728931644186,0.518468673191854,0.6885484657627613,0.00287006071356097,0.29705192564173155,False,2,57
C03_TORQUE_DYNAMICS_ATTACK,214,0.48078251845556597,0.5130207608079829,0.6799291581517543,0.002920387376458818,0.30226074650544754,False,2,57
C03_TORQUE_DYNAMICS_ATTACK,215,0.474551468884774,0.5075111739442942,0.6711171233409212,0.002974779621166068,0.3078903559955611,False,2,57
C03_TORQUE_DYNAMICS_ATTACK,216,0.4681753856444915,0.5018576799610317,0.662099979947694,0.0030299086831024552,0.31359622623365363,False,2,57
C03_TORQUE_DYNAMICS_ATTACK,217,0.46164967239414817,0.49610139517807356,0.6528712277649006,0.0030885268866412395,0.31966322340781805,False,2,57
C03_TORQUE_DYNAMICS_ATTACK,218,0.45496911565604437,0.4902217614354805,0.6434234938216712,0.0031484218984067277,0.32586237051895967,False,2,57
C03_TORQUE_DYNAMICS_ATTACK,219,0.44812560452456146,0.4842187787332527,0.6337453075652768,0.0032118573151607957,0.33242795033810635,False,2,57
C03_TORQUE_DYNAMICS_ATTACK,220,0.441112499794823,0.47805133075151174,0.6238272797421378,0.0032767697399997187,0.33914640082431646,False,2,57
C03_TORQUE_DYNAMICS_ATTACK,221,0.43392838932261657,0.471760533810136,0.613667413278757,0.003343593757072401,0.34606270153418106,False,2,57
C03_TORQUE_DYNAMICS_ATTACK,222,0.4265649989588095,0.46530527158924717,0.6032540067612135,0.003412593879047185,0.35320422958802256,False,2,57
C03_TORQUE_DYNAMICS_ATTACK,223,0.419019266826829,0.4587061022487844,0.5925827300421322,0.003483572447561523,0.3605505273011178,False,2,57
C03_TORQUE_DYNAMICS_ATTACK,224,0.41128315506305474,0.45194246762880846,0.5816422158657687,0.0035574106467934647,0.36819279743294103,False,2,57
C03_TORQUE_DYNAMICS_ATTACK,225,0.40335346933349736,0.4450143677293195,0.5704279467616723,0.0036325143103848982,0.3759660434089482,False,2,57
C03_TORQUE_DYNAMICS_ATTACK,226,0.3952224562588242,0.4379012443903783,0.5589289577956366,0.0037105509099242323,0.3840428489114111,False,2,57
C03_TORQUE_DYNAMICS_ATTACK,227,0.38689020121933276,0.430623655771924,0.5471453697136361,0.0037889968843172234,0.3921620248027698,False,2,57
C03_TORQUE_DYNAMICS_ATTACK,228,0.37834890479538846,0.42314048555407835,0.5350661524706454,0.0038696955382882645,0.40051435353418924,False,2,57
C03_TORQUE_DYNAMICS_ATTACK,229,0.3695945978002356,0.4154928500567196,0.5226856927889225,0.003953817853607901,0.4092210319807698,False,2,57
C03_TORQUE_DYNAMICS_ATTACK,230,0.36062378632086556,0.40761907480003035,0.5099990495293052,0.004037165270085695,0.4178475082239408,False,2,57
C03_TORQUE_DYNAMICS_ATTACK,231,0.35143303026799644,0.3995397179439497,0.497001357670875,0.00412343060583774,0.4267759897644869,False,2,57
C03_TORQUE_DYNAMICS_ATTACK,232,0.3420184611923155,0.3912753376484169,0.48368714640014865,0.0042123944006080515,0.43598376241683895,False,2,57
C03_TORQUE_DYNAMICS_ATTACK,233,0.332378486191783,0.38278481759355354,0.47005416301345804,0.004300485121221648,0.4451011716987387,False,2,57
C03_TORQUE_DYNAMICS_ATTACK,234,0.32250852617194364,0.3740887159392988,0.45609593169332097,0.004392159390757866,0.4545894790954645,False,2,57
C03_TORQUE_DYNAMICS_ATTACK,235,0.31240627776793134,0.3651459163657745,0.44180919498990484,0.004483828693888664,0.46407727246811875,False,2,57
C03_TORQUE_DYNAMICS_ATTACK,236,0.30207092832704246,0.35599753519285876,0.4271928036387346,0.004578242395343019,0.4738491116809494,False,2,57
C03_TORQUE_DYNAMICS_ATTACK,237,0.2915005297725737,0.3465818979407343,0.4122440026433159,0.004671986217568837,0.4835516182438314,False,2,57
C03_TORQUE_DYNAMICS_ATTACK,238,0.28069698686252004,0.3369812372491576,0.39696548573823837,0.004769042116238813,0.4935969254593134,False,2,57
C03_TORQUE_DYNAMICS_ATTACK,239,0.26965689728066894,0.3271133204783721,0.3813524413217706,0.004865379067607587,0.5035678214683535,False,2,57
C03_TORQUE_DYNAMICS_ATTACK,240,0.25838187771032894,0.31697814762837784,0.3654071557293737,0.004963296302105882,0.513702277134674,False,2,57
C03_TORQUE_DYNAMICS_ATTACK,241,0.24687578199450802,0.3066373931789922,0.34913507911809677,0.005063834882290964,0.5241080426657486,False,2,57
C03_TORQUE_DYNAMICS_ATTACK,242,0.23513938008283655,0.2960088244904587,0.3325373003611495,0.00516297457120035,0.5343690226369758,False,2,57
C03_TORQUE_DYNAMICS_ATTACK,243,0.22318107799301842,0.28511299972271636,0.3156257073627742,0.005262874973036285,0.5447087365662077,False,2,57
C03_TORQUE_DYNAMICS_ATTACK,244,0.21100925507921253,0.27401159335558267,0.29841215031926627,0.005365363657059153,0.5553163382805654,False,2,57
C03_TORQUE_DYNAMICS_ATTACK,245,0.19862800700218125,0.262601814589362,0.2809024213696228,0.005467321054852144,0.5658689517513272,False,2,57
C03_TORQUE_DYNAMICS_ATTACK,246,0.18605641069724116,0.25094533790387163,0.263123499374497,0.00557060125800056,0.5765584758721745,False,2,57
C03_TORQUE_DYNAMICS_ATTACK,247,0.17331377230265177,0.23900104697923336,0.2451026873364526,0.005672435081400679,0.5870982993656411,False,2,57
C03_TORQUE_DYNAMICS_ATTACK,248,0.1604297313338097,0.22681005813532545,0.22688190186014556,0.005775596763211419,0.5977755565015358,False,2,57
C03_TORQUE_DYNAMICS_ATTACK,249,0.14743948015809766,0.21433125505226963,0.20851091246882056,0.005879579988091001,0.6085378435287648,False,2,57
C03_TORQUE_DYNAMICS_ATTACK,250,0.13440139289917394,0.20160575404994419,0.19007227263984677,0.0059841005281919745,0.6193557428015596,False,2,57
C03_TORQUE_DYNAMICS_ATTACK,251,0.12139441922169762,0.1885718806485317,0.1716776340597299,0.0060872908741474475,0.6300359666828439,False,2,57
C03_TORQUE_DYNAMICS_ATTACK,252,0.10854660116488513,0.1752501930079713,0.15350807551688375,0.006191295486385147,0.6408004673064207,False,2,57
C03_TORQUE_DYNAMICS_ATTACK,253,0.09605310706133766,0.16168180744814126,0.13583960671421863,0.006294345892498255,0.6514662073827275,False,2,57
C03_TORQUE_DYNAMICS_ATTACK,254,0.08421726204255,0.1478256076491633,0.11910119416650308,0.006398959452718565,0.6622937342586743,False,2,57
C03_TORQUE_DYNAMICS_ATTACK,255,0.07353422777364625,0.13368159361103743,0.10399310221612285,0.0065013668504097216,0.6728929228195231,False,2,57
C03_TORQUE_DYNAMICS_ATTACK,256,0.06478289613552134,0.11924976533376365,0.09161685032466184,0.00660384646876533,0.6834995862352922,False,2,57
C03_TORQUE_DYNAMICS_ATTACK,257,0.059057670128984954,0.10453012281734197,0.08352015805856694,0.006705649363326337,0.6940362085869944,False,2,57
C03_TORQUE_DYNAMICS_ATTACK,258,0.057507992051812035,0.0935888645161158,0.08132858230451673,0.006808044861743648,0.7046341655703392,False,2,57
C03_TORQUE_DYNAMICS_ATTACK,259,0.060672311931845954,0.11184451054206894,0.08580360639454751,0.006909023376781267,0.7150854644570275,False,2,57
C03_TORQUE_DYNAMICS_ATTACK,260,0.06810081704303622,0.13038797080717,0.09630909907095063,0.007009457697812118,0.7254804391423253,False,2,57
C03_TORQUE_DYNAMICS_ATTACK,261,0.0787694672868214,0.1491781289915407,0.11139684893792666,0.007109134936905185,0.7357970556777678,False,2,57
C03_TORQUE_DYNAMICS_ATTACK,262,0.09169833551388863,0.1681944269352419,0.12968102973077975,0.0072073288956977935,0.7459601523704292,False,2,57
C03_TORQUE_DYNAMICS_ATTACK,263,0.10619321026203914,0.18745742279821273,0.15017987818451348,0.007303529261374927,0.7559169117298421,False,2,57
C03_TORQUE_DYNAMICS_ATTACK,264,0.12181249351527186,0.20698767474039234,0.17226888039578217,0.007401046002789686,0.7660099162724603,False,2,57
C03_TORQUE_DYNAMICS_ATTACK,265,0.13827316786405047,0.22674406644190245,0.1955477893056318,0.007495198860480695,0.7757547580974561,False,2,57
C03_TORQUE_DYNAMICS_ATTACK,266,0.15539206232465613,0.24670603974280392,0.219757562024654,0.007588492538439655,0.7854106746280595,False,2,57
C03_TORQUE_DYNAMICS_ATTACK,267,0.17305719644265993,0.26693526912291415,0.2447398342754746,0.007681220819781087,0.7950080724823175,False,2,57
C03_TORQUE_DYNAMICS_ATTACK,268,0.1911852987778985,0.28737008010241577,0.2703768424580564,0.007771829330659317,0.8043860736196221,False,2,57
C03_TORQUE_DYNAMICS_ATTACK,269,0.20972057080438344,0.3080310308412479,0.296589675540186,0.007861075947797279,0.8136231184502692,False,2,57
C03_TORQUE_DYNAMICS_ATTACK,270,0.22861791681963572,0.3288770050195322,0.32331455856781294,0.00794816044251361,0.8226363831267951,False,2,57
C03_TORQUE_DYNAMICS_ATTACK,271,0.2478489146657507,0.3499491189571471,0.35051129653975654,0.008033273676480029,0.8314456218749017,False,2,57
C03_TORQUE_DYNAMICS_ATTACK,272,0.26738581298414993,0.3712062563342141,0.3781406431083409,0.00811627229517435,0.8400359974694869,False,2,57
C03_TORQUE_DYNAMICS_ATTACK,273,0.2872079300704018,0.39264841715073345,0.40617334992666565,0.008197829855101979,0.8484772231594774,False,2,57
C03_TORQUE_DYNAMICS_ATTACK,274,0.3073017902816238,0.41429615956664406,0.43459035955780495,0.008278037531723844,0.8567787356254672,False,2,57
C03_TORQUE_DYNAMICS_ATTACK,275,0.3276488180467058,0.4360878091021287,0.4633654021771659,0.00835408193443383,0.8646493483106078,False,2,57
C03_TORQUE_DYNAMICS_ATTACK,276,0.3482365273602287,0.4580644820770655,0.4924808199065448,0.008428754263427278,0.8723779510592707,False,2,57
C03_TORQUE_DYNAMICS_ATTACK,277,0.36905382556684757,0.4802056203315155,0.5219209253623103,0.008501999801566754,0.8799588806354959,False,2,57
C03_TORQUE_DYNAMICS_ATTACK,278,0.3900921230995213,0.5025112238654785,0.5516735710622579,0.008571862745479575,0.887189710952864,False,2,57
C03_TORQUE_DYNAMICS_ATTACK,279,0.4113362498112787,0.5249401763590763,0.5817173031787978,0.008638902302758997,0.8941283201223241,False,2,57
C03_TORQUE_DYNAMICS_ATTACK,280,0.43277992855019304,0.5475335941321873,0.612043244478542,0.008703918730853265,0.9008575349687191,False,2,57
C03_TORQUE_DYNAMICS_ATTACK,281,0.45441207040676806,0.5702503608649331,0.6426357128752891,0.00876681278287294,0.907367083416799,False,2,57
C03_TORQUE_DYNAMICS_ATTACK,282,0.47622261955007605,0.5930699183973744,0.6734804872765602,0.008825562835447418,0.9134477269956411,False,2,57
C03_TORQUE_DYNAMICS_ATTACK,283,0.4982020352413128,0.6160128248894507,0.7045640750401433,0.008882237482122222,0.9193135655997754,False,2,57
C03_TORQUE_DYNAMICS_ATTACK,284,0.5203416285683394,0.6390585221812226,0.7358741881886492,0.008936137261940204,0.9248922048637273,False,2,57
C03_TORQUE_DYNAMICS_ATTACK,285,0.542635351621682,0.6622275684326294,0.767402273686476,0.008987322698472994,0.9301899089906943,False,2,57
C03_TORQUE_DYNAMICS_ATTACK,286,0.5650679216701271,0.6854377310039145,0.7991267184878714,0.009034970262800006,0.9351214425532426,False,2,57
C03_TORQUE_DYNAMICS_ATTACK,287,0.587634809253839,0.7087506843748952,0.8310411169693059,0.009079892102840997,0.9397708630426753,False,2,57
C03_TORQUE_DYNAMICS_ATTACK,288,0.6103250794742223,0.7321253122256933,0.8631300048488822,0.009121353497574144,0.9440621266689392,False,2,57
C03_TORQUE_DYNAMICS_ATTACK,289,0.6331275070187387,0.7555410563963697,0.8953775071373671,0.009158664270532288,0.9479238000133496,False,2,57
C03_TORQUE_DYNAMICS_ATTACK,290,0.6560333792370828,0.7790184750468635,0.9277713022865346,0.009193895282212722,0.9515702176004518,False,2,57
C03_TORQUE_DYNAMICS_ATTACK,291,0.6790349156321186,0.8025370100172355,0.9603003870118125,0.009224998795494514,0.9547894381803244,False,2,57
C03_TORQUE_DYNAMICS_ATTACK,292,0.7021199856659323,0.8260761031475468,0.9929476061419644,0.009252638652901409,0.9576501696026203,False,2,57
C03_TORQUE_DYNAMICS_ATTACK,293,0.7252775445153177,0.849615196277858,1.0256973399382183,0.009276805885022495,0.9601514835313045,False,2,57
C03_TORQUE_DYNAMICS_ATTACK,294,0.7485023094717613,0.8731954057280474,1.0585421175225485,0.009298229260200266,0.9623688076527884,False,2,57
C03_TORQUE_DYNAMICS_ATTACK,295,0.7717838207125937,0.8967756151782369,1.0914671464718753,0.009316196185591223,0.9642283884484237,False,2,57
C03_TORQUE_DYNAMICS_ATTACK,296,0.7951093508925543,0.9203147083085481,1.1244544276019184,0.00932863497587658,0.9655158060244562,False,2,57
C03_TORQUE_DYNAMICS_ATTACK,297,0.8184671851112685,0.9438332432789203,1.1574873935416865,0.009338992228349215,0.9665877839714093,False,2,57
C03_TORQUE_DYNAMICS_ATTACK,298,0.8418514914323925,0.9673312200893531,1.1905577966877068,0.009345211262233609,0.9672314553691124,False,2,57
C03_TORQUE_DYNAMICS_ATTACK,299,0.8652485170171074,0.9907675224199687,1.223646187588801,0.00934728335403652,0.9674459173340642,False,2,57
C03_TORQUE_DYNAMICS_ATTACK,300,0.888651608704378,1.0141832665906452,1.2567431572544001,0.00934728335403652,0.9674459173340642,False,2,57
C03_TORQUE_DYNAMICS_ATTACK,301,0.9120459436876364,1.0374756618016867,1.2898277430704235,0.009341070798090387,0.9668029164044196,False,2,57
C03_TORQUE_DYNAMICS_ATTACK,302,0.9354235003022305,1.06072694069285,1.3228886006899274,0.00933208980466021,0.9658733815761129,False,2,57
C03_TORQUE_DYNAMICS_ATTACK,303,0.9587700987524289,1.0838548706243785,1.3559056768534767,0.009318284383290899,0.9644445173772921,False,2,57
C03_TORQUE_DYNAMICS_ATTACK,304,0.9820810977735311,1.1069416842360287,1.3888724078215853,0.009303087271262733,0.9628716128840771,False,2,57
C03_TORQUE_DYNAMICS_ATTACK,305,1.0053418217035148,1.1298640325681657,1.4217680390739849,0.009280992694144967,0.960584819211713,False,2,57
C03_TORQUE_DYNAMICS_ATTACK,306,1.0285427708829211,1.1527041482605462,1.45457913606343,0.009256114415267157,0.9580099117847073,False,2,57
C03_TORQUE_DYNAMICS_ATTACK,307,1.0516717752104612,1.1754003568333529,1.4872884876676231,0.009227804927416178,0.9550798734617093,False,2,57
C03_TORQUE_DYNAMICS_ATTACK,308,1.0747179640676534,1.1979321001266465,1.519880720510476,0.009194675667578294,0.9516509876602941,False,2,57
C03_TORQUE_DYNAMICS_ATTACK,309,1.0976692659391294,1.220299378140427,1.5523387628912366,0.00915671072882312,0.9477216080096099,False,2,57
C03_TORQUE_DYNAMICS_ATTACK,310,1.1205176627174986,1.2425433071945726,1.5846512754936881,0.009116655198345334,0.943575851648148,False,2,57
C03_TORQUE_DYNAMICS_ATTACK,311,1.1432525407327452,1.264602212809266,1.6168032483217474,0.009071052120130653,0.9388559228554034,False,2,57
C03_TORQUE_DYNAMICS_ATTACK,312,1.1658567564528786,1.2864349786646287,1.6487704367599672,0.009022090865849024,0.9337884220887916,False,2,57
C03_TORQUE_DYNAMICS_ATTACK,313,1.1883266301516446,1.3081032792404785,1.6805476368895726,0.008968917074741735,0.9282849228187384,False,2,57
C03_TORQUE_DYNAMICS_ATTACK,314,1.210646920506949,1.329545440056998,1.7121132942261497,0.008912355455065408,0.9224307825342208,False,2,57
C03_TORQUE_DYNAMICS_ATTACK,315,1.2328105517006525,1.3507820192741258,1.7434574020517204,0.008850182393353806,0.9159958567442508,False,2,57
C03_TORQUE_DYNAMICS_ATTACK,316,1.254802671543355,1.3717924587319232,1.7745589561986046,0.008786006805639865,0.909353669065244,False,2,57
C03_TORQUE_DYNAMICS_ATTACK,317,1.2766140018490653,1.392535642110512,1.8054048353303396,0.008715603717140828,0.9020669336624182,False,2,57
C03_TORQUE_DYNAMICS_ATTACK,318,1.2982331183778226,1.41305268572977,1.8359788831318327,0.008642416144316604,0.8944920035092835,False,2,57
C03_TORQUE_DYNAMICS_ATTACK,319,1.3196495979638394,1.4333024732698194,1.866266359020664,0.008565826059488905,0.8865649126029371,False,2,57
C03_TORQUE_DYNAMICS_ATTACK,320,1.3408547250831784,1.45328500473066,1.8962549373846787,0.008485806809079897,0.8782829022921127,False,2,57
C03_TORQUE_DYNAMICS_ATTACK,321,1.3618343722410855,1.4729386056324745,1.925924638929193,0.008398898790057742,0.8692879028893967,False,2,57
C03_TORQUE_DYNAMICS_ATTACK,322,1.3825789771244128,1.4923455086150192,1.9552619405012657,0.008309842420042722,0.8600705486785162,False,2,57
C03_TORQUE_DYNAMICS_ATTACK,323,1.4030763140990472,1.5114234810385379,1.984249552443325,0.008217477170488499,0.8505107246954134,False,2,57
C03_TORQUE_DYNAMICS_ATTACK,324,1.4233192904038998,1.5301930810629694,2.012877444076445,0.008120209146114644,0.8404434624221456,False,2,57
C03_TORQUE_DYNAMICS_ATTACK,325,1.443298112059035,1.548674866848253,2.0411317646213702,0.008020841633769059,0.830158902674327,False,2,57
C03_TORQUE_DYNAMICS_ATTACK,326,1.4630004122257865,1.5667866057546322,2.068995024727136,0.007916023003233182,0.8193101509748624,False,2,57
C03_TORQUE_DYNAMICS_ATTACK,327,1.4824142889036007,1.5845488559420462,2.0964503924231397,0.007807074350321591,0.8196878819036973,False,2,57
C03_TORQUE_DYNAMICS_ATTACK,328,1.501531380190416,1.6019821755704338,2.123486042194078,0.007696075664250057,0.8287061464950075,False,2,57
C03_TORQUE_DYNAMICS_ATTACK,329,1.5203410776524189,1.619024890159978,2.1500869714489776,0.0075795826232914944,0.8375223509126917,False,2,57
C03_TORQUE_DYNAMICS_ATTACK,330,1.5388334264205428,1.6357181160305567,2.176239101876992,0.00746028885229141,0.8461577646487104,False,2,57
C03_TORQUE_DYNAMICS_ATTACK,331,1.5569998991599092,1.652041295022231,2.2019303740054847,0.007337512618987948,0.8546017529570834,False,2,57
C03_TORQUE_DYNAMICS_ATTACK,332,1.5748302489055828,1.6679738689750618,2.2271462964376725,0.007212847904641463,0.8628436810918304,False,2,57
C03_TORQUE_DYNAMICS_ATTACK,333,1.59231728348247,1.6834952797291098,2.2518766979019933,0.007082590548718704,0.870872914306971,False,2,57
C03_TORQUE_DYNAMICS_ATTACK,334,1.609449373657348,1.6986260854443143,2.276105132179105,0.006950324131610895,0.8787000873484855,False,2,57
C03_TORQUE_DYNAMICS_ATTACK,335,1.6262195444465417,1.7133457279607358,2.2998217351524954,0.006814621948756697,0.8863145654703936,False,2,57
C03_TORQUE_DYNAMICS_ATTACK,336,1.6426193075763857,1.727654207278375,2.323014502590427,0.006674636347285919,0.8937163486726954,False,2,57
C03_TORQUE_DYNAMICS_ATTACK,337,1.6586350545509794,1.7415104070773528,2.3456641891734336,0.006532156994934736,0.9008841674634301,False,2,57
C03_TORQUE_DYNAMICS_ATTACK,338,1.6742633024593558,1.754955443677548,2.3677658693215884,0.006387583617628068,0.9078392913345587,False,2,57
C03_TORQUE_DYNAMICS_ATTACK,339,1.6894936209839182,1.767927642599143,2.3893047923382866,0.006238260583776106,0.9145498160481396,False,2,57
C03_TORQUE_DYNAMICS_ATTACK,340,1.704317658678787,1.7804681201620163,2.4102691474955,0.006087655041724397,0.921037011096134,False,2,57
C03_TORQUE_DYNAMICS_ATTACK,341,1.7187301693206443,1.7925563182062285,2.4306515155130612,0.005933551863880975,0.9272902417325614,False,2,57
C03_TORQUE_DYNAMICS_ATTACK,342,1.7327209438203888,1.8041716785718407,2.4504374585587034,0.005776059542247571,0.9332988732114414,False,2,57
C03_TORQUE_DYNAMICS_ATTACK,343,1.7462814692625956,1.8153142012588526,2.469614937551978,0.005615893602741316,0.939062905532774,False,2,57
C03_TORQUE_DYNAMICS_ATTACK,344,1.7594084735399211,1.8260250025871427,2.488179325034301,0.005454960570794202,0.9446036081885202,False,2,57
C03_TORQUE_DYNAMICS_ATTACK,345,1.7720914420572103,1.8362012917570152,2.5061157511226027,0.005289519681208082,0.9498678074487779,False,2,57
C03_TORQUE_DYNAMICS_ATTACK,346,1.7843254231496006,1.8459253014082266,2.523417213105277,0.005122567377970113,0.9548980422974686,False,2,57
C03_TORQUE_DYNAMICS_ATTACK,347,1.7961018020023345,1.8551353570609599,2.540071527794457,0.00495233894265525,0.9596624084966513,False,2,57
C03_TORQUE_DYNAMICS_ATTACK,348,1.8074155608195936,1.8638725750350928,2.556071598955243,0.00478152720772368,0.9641821755382868,False,2,57
C03_TORQUE_DYNAMICS_ATTACK,349,1.8182614509102806,1.8720958390107474,2.5714100038175003,0.004607324625701029,0.9684360739304142,False,2,57
C03_TORQUE_DYNAMICS_ATTACK,350,1.828630982348643,1.8798051489879235,2.586074735813087,0.004432157801912937,0.9724241036730337,False,2,57
C03_TORQUE_DYNAMICS_ATTACK,351,1.8385224044161452,1.8870210631265605,2.6000633190521047,0.004254847041329386,0.9761568995121256,False,2,57
C03_TORQUE_DYNAMICS_ATTACK,352,1.8479289249593869,1.8937230232667188,2.6133661479790984,0.004075627980267962,0.9796238267017093,False,2,57
C03_TORQUE_DYNAMICS_ATTACK,353,1.856843679231379,1.8998904712484599,2.625973514375773,0.003894788804294178,0.9828142504958051,False,2,57
C03_TORQUE_DYNAMICS_ATTACK,354,1.8652649967289379,1.9055645233916616,2.637883055793871,0.0037133182964917866,0.985749440386373,False,2,57
C03_TORQUE_DYNAMICS_ATTACK,355,1.8731877122696852,1.9107040633764456,2.6490874675624196,0.00352838955890803,0.9884081268814526,False,2,57
C03_TORQUE_DYNAMICS_ATTACK,356,1.880603362167499,1.9153090912028121,2.6595747802217184,0.0033443836940455,0.990790309981044,False,2,57
C03_TORQUE_DYNAMICS_ATTACK,357,1.88751357344387,1.9194001650307004,2.669347294727626,0.003158230105946858,0.9929066244311274,False,2,57
C03_TORQUE_DYNAMICS_ATTACK,358,1.8939115659044674,1.922956726700171,2.678395422437364,0.0029721590554370597,0.9947464354857226,False,2,57
C03_TORQUE_DYNAMICS_ATTACK,359,1.8997973242028785,1.9259993343711632,2.6867191416478264,0.0027847985159394676,0.9963203778908097,False,2,57
C03_TORQUE_DYNAMICS_ATTACK,360,1.905164015577664,1.9284868717237986,2.694308789375119,0.002597202108585064,0.9976071821544282,False,2,57
C03_TORQUE_DYNAMICS_ATTACK,361,1.9100099144637006,1.9304398969180165,2.7011619253016406,0.0024099294891641,0.9986174830225585,False,2,57
C03_TORQUE_DYNAMICS_ATTACK,362,1.9143367620329723,1.9318995262736953,2.7072810118164257,0.0022228766657356324,0.9993725499871612,False,2,57
C03_TORQUE_DYNAMICS_ATTACK,363,1.9181359671842604,1.932762968991139,2.712653899267615,0.002035527832083727,0.9998192093183346,False,2,57
C03_TORQUE_DYNAMICS_ATTACK,364,1.921407555859643,1.9331124577101044,2.7172806243428473,0.001850607835823816,1.0,False,2,57
C03_TORQUE_DYNAMICS_ATTACK,365,1.9241532355661257,1.9331124577101044,2.721163601821688,0.0016665004780663942,1.0,False,2,57
C03_TORQUE_DYNAMICS_ATTACK,366,1.9263696034771014,1.9331124577101044,2.724298019380598,0.0014858818106961373,1.0,False,2,57
C03_TORQUE_DYNAMICS_ATTACK,367,1.9280549295446097,1.9331124577101044,2.7266814303622895,0.0013101108781401725,1.0004764185522184,True,2,57
C03_TORQUE_DYNAMICS_ATTACK,368,1.9292092115532309,1.9331124577101044,2.7283138316336846,0.0011403487309616083,1.0010753807043273,True,2,57
C03_TORQUE_DYNAMICS_ATTACK,369,1.9298307477047643,1.9331124577101044,2.7291928164886885,0.000981374903360227,1.0013978986229604,True,2,57
C03_TORQUE_DYNAMICS_ATTACK,370,1.9299229543054928,1.9331124577101044,2.7293232163139787,0.0008371826625636645,1.0014457450448906,True,2,57
C03_TORQUE_DYNAMICS_ATTACK,371,1.9294824095664804,1.9331124577101044,2.7287001919692355,0.0007211731617805511,1.0012171443883713,True,2,57
C03_TORQUE_DYNAMICS_ATTACK,372,1.9285125261510985,1.9331124577101044,2.7273285696892815,0.00064543364706522,1.0007138674998526,True,2,57
C03_TORQUE_DYNAMICS_ATTACK,373,1.9270116071276164,1.9331124577101044,2.7252059496502494,0.0006240499273515787,1.0,False,2,57
C03_TORQUE_DYNAMICS_ATTACK,374,1.9249779238270652,1.9331124577101044,2.7223298871450385,0.0006659855044184024,1.0,False,2,57
C03_TORQUE_DYNAMICS_ATTACK,375,1.9224217252306341,1.9331124577101044,2.7187148764218465,0.0007540728924618203,1.0,False,2,57
C03_TORQUE_DYNAMICS_ATTACK,376,1.9193413049609207,1.9329479924305912,2.7143585042986085,0.0008776469623132843,0.9999149220321574,False,2,57
C03_TORQUE_DYNAMICS_ATTACK,377,1.9157349555513312,1.9322490149926606,2.709258356052911,0.0010244503684283222,0.9995533406688265,False,2,57
C03_TORQUE_DYNAMICS_ATTACK,378,1.9116060724864403,1.9309949672363733,2.7034192336250897,0.0011836623678697466,0.9989046211640271,False,2,57
C03_TORQUE_DYNAMICS_ATTACK,379,1.906959787172802,1.9292064073216684,2.6968483939198875,0.0013503270908187047,0.9979793982637394,False,2,57
C03_TORQUE_DYNAMICS_ATTACK,380,1.901796148281127,1.926883335248546,2.6895459057680835,0.0015237881051675833,0.9967776719679634,False,2,57
C03_TORQUE_DYNAMICS_ATTACK,381,1.8961219373650626,1.9240668673368844,2.6815213597348198,0.001698180296634179,0.9953207117686598,False,2,57
C03_TORQUE_DYNAMICS_ATTACK,382,1.8899354243412578,1.920695329106866,2.6727723091127573,0.001875296146727114,0.9935766134278875,False,2,57
C03_TORQUE_DYNAMICS_ATTACK,383,1.8832451314176426,1.916809836878369,2.6633108061239317,0.002051791966285404,0.9915666464376072,False,2,57
C03_TORQUE_DYNAMICS_ATTACK,384,1.8760510964925852,1.9123692743315157,2.6531369043647297,0.002229702791895716,0.9892695413058584,False,2,57
C03_TORQUE_DYNAMICS_ATTACK,385,1.8683635492827078,1.9074147577861837,2.642265070839138,0.00240545027930234,0.9867065675246016,False,2,57
C03_TORQUE_DYNAMICS_ATTACK,386,1.860185916094949,1.9019874035622517,2.6307001510768973,0.002581679455287261,0.9838989945857974,False,2,57
C03_TORQUE_DYNAMICS_ATTACK,387,1.851516458940124,1.8960255371799022,2.6184396871901314,0.002758008056764006,0.9808149182515051,False,2,57
C03_TORQUE_DYNAMICS_ATTACK,388,1.8423653574345527,1.8895291586391352,2.605498075330299,0.002930682521703572,0.9774543385217245,False,2,57
C03_TORQUE_DYNAMICS_ATTACK,389,1.8327362024566973,1.8825393842598288,2.591880393766424,0.0031042253290810454,0.9738385248884162,False,2,57
C03_TORQUE_DYNAMICS_ATTACK,390,1.8226373725020315,1.875056214041983,2.577598491480436,0.0032741696160687064,0.9699674773515801,False,2,57
C03_TORQUE_DYNAMICS_ATTACK,391,1.8120723112849988,1.8670385316657199,2.562657238620006,0.003442327886826853,0.9658199264192558,False,2,57
C03_TORQUE_DYNAMICS_ATTACK,392,1.8010496907527513,1.8585685697707957,2.5470688991704096,0.003609772552350264,0.9614384110753645,False,2,57
C03_TORQUE_DYNAMICS_ATTACK,393,1.7895744353760976,1.849584653877393,2.5308404373850513,0.0037733768617497663,0.9567910270819653,False,2,57
C03_TORQUE_DYNAMICS_ATTACK,394,1.77765353348265,1.8401484584653294,2.5139817362516186,0.003936449777726663,0.951909678676999,False,2,57
C03_TORQUE_DYNAMICS_ATTACK,395,1.7652903285154424,1.8301983090547873,2.496497524112595,0.004096622850392052,0.9467624616225248,False,2,57
C03_TORQUE_DYNAMICS_ATTACK,396,1.7524968232689286,1.8198164382855235,2.4784047754826837,0.004254430262245103,0.9413919149024639,False,2,57
C03_TORQUE_DYNAMICS_ATTACK,397,1.7392779481739793,1.8089617298376595,2.459710463044091,0.004408916180258874,0.9357767690248556,False,2,57
C03_TORQUE_DYNAMICS_ATTACK,398,1.7256389754217925,1.797613625551256,2.440422042801111,0.004561239682265687,0.9299063892437197,False,2,57
C03_TORQUE_DYNAMICS_ATTACK,399,1.711591928506339,1.7858543580660702,2.4205565185419857,0.004711229826052582,0.9238233145429775,False,2,57
C03_TORQUE_DYNAMICS_ATTACK,400,1.697143357540574,1.7736016947423447,2.400123153525291,0.004855957366558782,0.9174850059387075,False,2,57
C03_TORQUE_DYNAMICS_ATTACK,401,1.682302191540511,1.760958426379776,2.379134575286571,0.005000738496560877,0.9109446371608116,False,2,57
C03_TORQUE_DYNAMICS_ATTACK,402,1.6670749208515074,1.747862878498546,2.3575999625602555,0.005140724343291436,0.9041703039713487,False,2,57
C03_TORQUE_DYNAMICS_ATTACK,403,1.651470263816418,1.7343356092585942,2.3355316449450516,0.005278170870971359,0.897172641116299,False,2,57
C03_TORQUE_DYNAMICS_ATTACK,404,1.6354968417190394,1.7204177349797989,2.312941814777429,0.005413513989847232,0.8899729180876232,False,2,57
C03_TORQUE_DYNAMICS_ATTACK,405,1.6191645671016708,1.7060681393422816,2.289844490509144,0.0055433221322802794,0.8825498653933609,False,2,57
C03_TORQUE_DYNAMICS_ATTACK,406,1.6024838525776564,1.6913073805059817,2.266254397799209,0.005669846392778216,0.8749141177794921,False,2,57
C03_TORQUE_DYNAMICS_ATTACK,407,1.5854618057474712,1.6761765747907773,2.242181588312611,0.005795103050385909,0.8670869447379775,False,2,57
C03_TORQUE_DYNAMICS_ATTACK,408,1.5681083883099705,1.6606757221966684,2.2176401500189757,0.005916069439269074,0.8590683462688172,False,2,57
C03_TORQUE_DYNAMICS_ATTACK,409,1.5504320489972971,1.6447637064037768,2.1926420312298847,0.006032387817270595,0.8508370528800506,False,2,57
C03_TORQUE_DYNAMICS_ATTACK,410,1.532443408963288,1.62850220189192,2.1672022525251413,0.00614671351984711,0.8424249688096186,False,2,57
C03_TORQUE_DYNAMICS_ATTACK,411,1.5141540971142764,1.6119117668210368,2.141337259661798,0.00625668900835194,0.8338427288035014,False,2,57
C03_TORQUE_DYNAMICS_ATTACK,412,1.4955692412310095,1.59493072671131,2.1150543044169328,0.006362794354450404,0.8250584286237582,False,2,57
C03_TORQUE_DYNAMICS_ATTACK,413,1.4767027602020506,1.5776413142024963,2.0883730710715245,0.006466065637356585,0.8161146072543103,False,2,57
C03_TORQUE_DYNAMICS_ATTACK,414,1.4575629437866415,1.5600024129747172,2.0613052831155216,0.006564561072896015,0.8069899952031968,False,2,57
C03_TORQUE_DYNAMICS_ATTACK,415,1.4381618893023462,1.542034581187912,2.033868048739492,0.006658972644380243,0.7976952272163983,False,2,57
C03_TORQUE_DYNAMICS_ATTACK,416,1.4185100112476963,1.5237994933218981,2.0060760962685036,0.006751247409466044,0.7882622075318558,False,2,57
C03_TORQUE_DYNAMICS_ATTACK,417,1.398613859255459,1.505256033056797,1.977938688282045,0.006839416292048812,0.7786696666576083,False,2,57
C03_TORQUE_DYNAMICS_ATTACK,418,1.3784853666620223,1.4863836422326697,1.9494727010662807,0.0069221554858298435,0.7689069698476758,False,2,57
C03_TORQUE_DYNAMICS_ATTACK,419,1.3581369532564462,1.4672645534892728,1.9206956988553407,0.007002813282175956,0.7590166560859795,False,2,57
C03_TORQUE_DYNAMICS_ATTACK,420,1.3375799981257044,1.4478782086666673,1.8916237741083501,0.007077862404010088,0.748988090626539,False,2,57
C03_TORQUE_DYNAMICS_ATTACK,421,1.3168216639831096,1.4282040496049135,1.8622670564316202,0.00714961968611798,0.7399872362742829,False,2,57
C03_TORQUE_DYNAMICS_ATTACK,422,1.2958773624307622,1.4083243089437687,1.8326473411218587,0.007217808682851016,0.7470448126842237,False,2,57
C03_TORQUE_DYNAMICS_ATTACK,423,1.274752090775489,1.388177312203415,1.8027716954381554,0.007281959166679785,0.7536844021055016,False,2,57
C03_TORQUE_DYNAMICS_ATTACK,424,1.2534597073014286,1.3678041757037307,1.7726597179538903,0.00734196510213215,0.759895029843039,False,2,57
C03_TORQUE_DYNAMICS_ATTACK,425,1.2320120650384392,1.3472254576046552,1.7423281713846441,0.007397800735426916,0.7656740303747236,False,2,57
C03_TORQUE_DYNAMICS_ATTACK,426,1.21041777479469,1.3264411579061883,1.7117892332521132,0.007450214063073418,0.7710988215065345,False,2,57
C03_TORQUE_DYNAMICS_ATTACK,427,1.1886886792788465,1.30545127660833,1.681059651675507,0.00749779904941622,0.7760238782337237,False,2,57
C03_TORQUE_DYNAMICS_ATTACK,428,1.1668337735863512,1.2842763718710195,1.6501521476407952,0.0075426700912678895,0.7806680410992024,False,2,57
C03_TORQUE_DYNAMICS_ATTACK,429,1.1448664412234029,1.2629370018541959,1.6190856482839562,0.007582666832700765,0.7848077127813701,False,2,57
C03_TORQUE_DYNAMICS_ATTACK,430,1.1227953371207249,1.24141260839792,1.5878723935254007,0.00761856416558997,0.7885230947625792,False,2,57
C03_TORQUE_DYNAMICS_ATTACK,431,1.1006342649633565,1.2197854241419486,1.5565319047237214,0.0076516502737470835,0.7919475143553852,False,2,57
C03_TORQUE_DYNAMICS_ATTACK,432,1.0783880593834392,1.1979732164465247,1.5250710190812624,0.007679953823465932,0.7948769380803798,False,2,57
C03_TORQUE_DYNAMICS_ATTACK,433,1.0560739314819838,1.1760582179514054,1.4935140767704964,0.0077040811997537186,0.7973741269214052,False,2,57
C03_TORQUE_DYNAMICS_ATTACK,434,1.033698672530013,1.153999312336712,1.461870682099009,0.007724094830230881,0.7994455421511363,False,2,57
C03_TORQUE_DYNAMICS_ATTACK,435,1.0112746286958216,1.131837615922323,1.4301582951854468,0.007740659719208808,0.8011600118645068,False,2,57
C03_TORQUE_DYNAMICS_ATTACK,436,0.9888105330112279,1.1095936868681773,1.3983892664018476,0.007754464058560728,0.8025887640742856,False,2,57
C03_TORQUE_DYNAMICS_ATTACK,437,0.9663178290988856,1.0872469670143359,1.3665797794745707,0.00776274305913831,0.8034456424853726,False,2,57
C03_TORQUE_DYNAMICS_ATTACK,438,0.9438072049318813,1.0648385726806773,1.3347449494801096,0.007768262940474436,0.8040169514379891,False,2,57
C03_TORQUE_DYNAMICS_ATTACK,439,0.9212871578663956,1.042327387547323,1.3028967934948192,0.00776895367156567,0.8040884422603896,False,2,57
C03_TORQUE_DYNAMICS_ATTACK,440,0.8987718379003152,1.0197956442540292,1.2710553226376187,0.007766883337916915,0.8038741622647861,False,2,57
C03_TORQUE_DYNAMICS_ATTACK,441,0.8762678188395461,0.9972022264809184,1.2392298336739764,0.0077606690231219405,0.8032309792938933,False,2,57
C03_TORQUE_DYNAMICS_ATTACK,442,0.85378728655537,0.9745882505478684,1.2074375600283282,0.007751006744845445,0.8022309313316471,False,2,57
C03_TORQUE_DYNAMICS_ATTACK,443,0.8313373045899136,0.95193315829494,1.1756884910577485,0.0077378808512765605,0.800872398412123,False,2,57
C03_TORQUE_DYNAMICS_ATTACK,444,0.808930054307645,0.9292986242019508,1.1439998538130758,0.007722009043262106,0.7992296627334551,False,2,57
C03_TORQUE_DYNAMICS_ATTACK,445,0.7865734446983064,0.9066435319490225,1.1123828332948684,0.007701309059211334,0.7970872097553765,False,2,57
C03_TORQUE_DYNAMICS_ATTACK,446,0.7642767683905419,0.8839884396960941,1.0808505712645853,0.007677828476851271,0.7946569642305034,False,2,57
C03_TORQUE_DYNAMICS_ATTACK,447,0.7420504607629184,0.8613333474431657,1.0494178255761233,0.007650194998202448,0.7917968930110942,False,2,57
C03_TORQUE_DYNAMICS_ATTACK,448,0.7199052919631089,0.8387399296700548,1.0180998275183912,0.007620511613843996,0.7887246560923492,False,2,57
C03_TORQUE_DYNAMICS_ATTACK,449,0.6978462370048102,0.816167070056883,0.9869036128232317,0.007587356672680692,0.7852931122680104,False,2,57
C03_TORQUE_DYNAMICS_ATTACK,450,0.6758853523907571,0.7936353267635895,0.9558462319603273,0.007550072567195706,0.7814341990130349,False,2,57
C03_TORQUE_DYNAMICS_ATTACK,451,0.6540302474643592,0.7711652579501134,0.9249384461663284,0.0075106970451840095,0.7773588236798732,False,2,57
C03_TORQUE_DYNAMICS_ATTACK,452,0.6322909086638138,0.7487568636164547,0.8941943783975733,0.007467203033176865,0.7728571837112271,False,2,57
C03_TORQUE_DYNAMICS_ATTACK,453,0.6106749117255386,0.7264307019225524,0.8636247423632493,0.00742162330619992,0.76813967177681,False,2,57
C03_TORQUE_DYNAMICS_ATTACK,454,0.5891894221899862,0.7041662147084677,0.8332396716678457,0.0073725562285360926,0.763061218266477,False,2,57
C03_TORQUE_DYNAMICS_ATTACK,455,0.5678453771861142,0.6820045182940787,0.8030546337474684,0.007320747106322075,0.7576989625320375,False,2,57
C03_TORQUE_DYNAMICS_ATTACK,456,0.5466499262435609,0.6599661708393244,0.773079739563896,0.007266899774943272,0.752125751693269,False,2,57
C03_TORQUE_DYNAMICS_ATTACK,457,0.5256097073951632,0.6380100560243267,0.7433243767131938,0.007208892139862575,0.7461219484910487,False,2,57
C03_TORQUE_DYNAMICS_ATTACK,458,0.5047333241352848,0.6161772901689638,0.7138007123737753,0.0071494613441510846,0.7399708478453015,False,2,57
C03_TORQUE_DYNAMICS_ATTACK,459,0.4840294568816367,0.5944678732732358,0.6845210225100938,0.007086610130233344,0.7334657331503511,False,2,57
C03_TORQUE_DYNAMICS_ATTACK,460,0.4635059028665103,0.5728818053371425,0.6554963340738053,0.0070209687467031965,0.7266718352765933,False,2,57
C03_TORQUE_DYNAMICS_ATTACK,461,0.44317092354645987,0.5514602026805624,0.6267383305288136,0.006953970426295936,0.7197374941326231,False,2,57
C03_TORQUE_DYNAMICS_ATTACK,462,0.4230276242138337,0.530161948983617,0.5982514034216728,0.006884793896156499,0.7125777077942925,False,2,57
C03_TORQUE_DYNAMICS_ATTACK,463,0.40308762586984415,0.5090487187261239,0.5700519873299056,0.006813647738705718,0.7052140645888,False,2,57
C03_TORQUE_DYNAMICS_ATTACK,464,0.3833552821424406,0.48807939558820473,0.5421462392132038,0.006739699358356132,0.6975603906866624,False,2,57
C03_TORQUE_DYNAMICS_ATTACK,465,0.3638410888873732,0.46727453772979866,0.514549002453118,0.006663000789565472,0.6896220716658908,False,2,57
C03_TORQUE_DYNAMICS_ATTACK,466,0.3445517499780956,0.44665470331084484,0.4872697577584066,0.00658556080883112,0.6816070163431565,False,2,57
C03_TORQUE_DYNAMICS_ATTACK,467,0.3254947506317526,0.4262198923313432,0.4603190908246731,0.006506069531139859,0.6733796513266815,False,2,57
C03_TORQUE_DYNAMICS_ATTACK,468,0.30667839566202304,0.405990662951233,0.43370874643205515,0.006425246477594906,0.6650144472115446,False,2,57
C03_TORQUE_DYNAMICS_ATTACK,469,0.28811068993977307,0.38592589885063583,0.40745004517749667,0.006340941293021123,0.6562888417562676,False,2,57
C03_TORQUE_DYNAMICS_ATTACK,470,0.2698024823429448,0.3660872745093692,0.3815583296913201,0.006257279632866998,0.6476298412223267,False,2,57
C03_TORQUE_DYNAMICS_ATTACK,471,0.25176321312594624,0.34645423176749385,0.35604695050934115,0.006170947460623643,0.6386944420899845,False,2,57
C03_TORQUE_DYNAMICS_ATTACK,472,0.23400358786105743,0.32702677062500995,0.3309310475970716,0.0060838355221996395,0.6296783369835778,False,2,57
C03_TORQUE_DYNAMICS_ATTACK,473,0.21653968780111246,0.30778433292197827,0.30623336328036904,0.00599325435410183,0.620303165830161,False,2,57
C03_TORQUE_DYNAMICS_ATTACK,474,0.1993911738705419,0.2887885931382162,0.28198170230521225,0.005903330717602868,0.6109960493442587,False,2,57
C03_TORQUE_DYNAMICS_ATTACK,475,0.18257670952136013,0.27001899311378463,0.25820245877856046,0.005812042236412077,0.6015476711275527,False,2,57
C03_TORQUE_DYNAMICS_ATTACK,476,0.16612329441914472,0.2514960910086227,0.23493381599365318,0.0057207622010205334,0.5921001670529572,False,2,57
C03_TORQUE_DYNAMICS_ATTACK,477,0.1500660918878033,0.23317877050285216,0.2122255024000585,0.005626702117180809,0.582364927342315,False,2,57
C03_TORQUE_DYNAMICS_ATTACK,478,0.13445947150754206,0.21510814791635122,0.19015440819548474,0.005531971520692035,0.5725602894225595,False,2,57
C03_TORQUE_DYNAMICS_ATTACK,479,0.11937443703683483,0.19728422324911993,0.16882094785814492,0.0054371904413047815,0.5627504265115228,False,2,57
C03_TORQUE_DYNAMICS_ATTACK,480,0.10491751345930232,0.17972755466109744,0.1483757704646071,0.005343121855994682,0.5530143068967958,False,2,57
C03_TORQUE_DYNAMICS_ATTACK,481,0.09124939357002011,0.16237646767246627,0.12904612994504272,0.005246219219264164,0.5429848623263194,False,2,57
C03_TORQUE_DYNAMICS_ATTACK,482,0.07863456556304077,0.14531319492298306,0.11120606909056859,0.005150133003811883,0.5330399175407046,False,2,57
C03_TORQUE_DYNAMICS_ATTACK,483,0.0674797412239226,0.12847606193283032,0.09543076522429818,0.005053820885929978,0.5230715918031084,False,2,57
C03_TORQUE_DYNAMICS_ATTACK,484,0.058423301574976536,0.1119267431818255,0.08262302544594523,0.0049570913657205435,0.5130600648312755,False,2,57
C03_TORQUE_DYNAMICS_ATTACK,485,0.05233061361515372,0.09560356419015116,0.07400666350185653,0.0048594905036336965,0.5029583537802856,False,2,57
C03_TORQUE_DYNAMICS_ATTACK,486,0.050063779479287085,0.0797164237708043,0.07080087592326365,0.004761926094303837,0.49286041559779525,False,2,57
C03_TORQUE_DYNAMICS_ATTACK,487,0.0519041652883315,0.09262694821258198,0.07340357449441323,0.004664240462653775,0.4827499308780568,False,2,57
C03_TORQUE_DYNAMICS_ATTACK,488,0.05726551465556576,0.10529077473509002,0.08098566748217634,0.004567988937080642,0.4727878764579679,False,2,57
C03_TORQUE_DYNAMICS_ATTACK,489,0.06510749161163426,0.11764622885851102,0.09207589764926569,0.004470571795609508,0.46270518053178694,False,2,57
C03_TORQUE_DYNAMICS_ATTACK,490,0.07451415076183314,0.12979610138254064,0.10537892259609792,0.00437426252916076,0.45273714991816016,False,2,57
C03_TORQUE_DYNAMICS_ATTACK,491,0.0848423866516633,0.1416787178273615,0.11998525386688427,0.004277233386893287,0.44269461199632043,False,2,57
C03_TORQUE_DYNAMICS_ATTACK,492,0.09568783399617807,0.15331463635291273,0.13532303259150036,0.004181657159765288,0.43280245111630966,False,2,57
C03_TORQUE_DYNAMICS_ATTACK,493,0.10679969535473718,0.1647038569591943,0.15103757762798417,0.004086779903118012,0.42298263383735396,False,2,57
C03_TORQUE_DYNAMICS_ATTACK,494,0.11802069529767703,0.17584637964620625,0.16690646793067743,0.003991034042384496,0.41307291584123956,False,2,57
C03_TORQUE_DYNAMICS_ATTACK,495,0.1292484344266591,0.18674220441394856,0.18278488888167094,0.0038975680621455315,0.4033991659861264,False,2,57
C03_TORQUE_DYNAMICS_ATTACK,496,0.1404214389478451,0.1974324475822995,0.19858590340798807,0.0038052762458702354,0.3938469423638134,False,2,57
C03_TORQUE_DYNAMICS_ATTACK,497,0.15149035189970292,0.20785543467144166,0.21423971022523264,0.003713154479369348,0.38431231893117734,False,2,57
C03_TORQUE_DYNAMICS_ATTACK,498,0.16242537006563396,0.21805228200125334,0.22970416122028844,0.003621626428105622,0.37483914515835104,False,2,57
C03_TORQUE_DYNAMICS_ATTACK,499,0.17320477820813543,0.2280229895717345,0.244948546409769,0.0035307037945439216,0.36542863225306477,False,2,57
C03_TORQUE_DYNAMICS_ATTACK,500,0.1838150753199722,0.2377881155428243,0.25995377248613666,0.003443406755678168,0.3563933692095458,False,2,57
C03_TORQUE_DYNAMICS_ATTACK,501,0.19424329812686564,0.24728598543470534,0.27470150661109377,0.0033540177971637195,0.3471415920146026,False,2,57
C03_TORQUE_DYNAMICS_ATTACK,502,0.2044855312364125,0.2566193900470733,0.28918621158360175,0.0032678970272284873,0.33822807306842373,False,2,57
C03_TORQUE_DYNAMICS_ATTACK,503,0.21453415823207625,0.2657060967401716,0.3033971161640978,0.0031819199228651975,0.3293294235410667,False,2,57
C03_TORQUE_DYNAMICS_ATTACK,504,0.22439069480432536,0.2746283381537568,0.3173363638625989,0.003098494140822474,0.32069483644440183,False,2,57
C03_TORQUE_DYNAMICS_ATTACK,505,0.23405327640543686,0.28334499796795065,0.3310013178104275,0.003016485864067399,0.31220696146198373,False,2,57
C03_TORQUE_DYNAMICS_ATTACK,506,0.24352091873244913,0.2918560761827531,0.3443905859929859,0.002935934572918966,0.30386988481565674,False,2,57
C03_TORQUE_DYNAMICS_ATTACK,507,0.25279332355352396,0.30016157279816424,0.35750374664676354,0.0028552606167652206,0.29552011231385017,False,2,57
C03_TORQUE_DYNAMICS_ATTACK,508,0.26187218535581225,0.30830260413406224,0.3703431961384707,0.002778090561373681,0.2875329943244561,False,2,57
C03_TORQUE_DYNAMICS_ATTACK,509,0.27075929078392025,0.3162380538705689,0.3829114611651406,0.0027017033893788475,0.2796269049416855,False,2,57
C03_TORQUE_DYNAMICS_ATTACK,510,0.279462106493709,0.32405015464744075,0.39521910117275744,0.0026285142936145027,0.2720518171639078,False,2,57
C03_TORQUE_DYNAMICS_ATTACK,511,0.28798010537625,0.33165667382492126,0.40726537071672586,0.0025554032853777266,0.264484811462695,False,2,57
C03_TORQUE_DYNAMICS_ATTACK,512,0.2963175654702322,0.33911928588282775,0.4190563198573799,0.002486607953469293,0.25736447922651484,False,2,57
C03_TORQUE_DYNAMICS_ATTACK,513,0.30448096195734503,0.3464174326612212,0.4306011058844838,0.0024175885052600972,0.25022095090309016,False,2,57
C03_TORQUE_DYNAMICS_ATTACK,514,0.31247177078533844,0.35357167232004066,0.44190181610336265,0.0023521894595091722,0.24345213504367216,False,2,57
C03_TORQUE_DYNAMICS_ATTACK,515,0.3202951916401662,0.36056144669934703,0.4529658039804126,0.002286660206680232,0.2366698427225634,False,2,57
C03_TORQUE_DYNAMICS_ATTACK,516,0.32795459982373387,0.3674278721190186,0.4637978429133655,0.0022238232381040332,0.23016620242364802,False,2,57
C03_TORQUE_DYNAMICS_ATTACK,517,0.33545426430983905,0.37415039041911624,0.4744039701428633,0.0021631547508182743,0.2238870004231978,False,2,57
C03_TORQUE_DYNAMICS_ATTACK,518,0.34280035727521546,0.380749559759579,0.4847929144449522,0.0021053150006639042,0.21790057334839397,False,2,57
C03_TORQUE_DYNAMICS_ATTACK,519,0.35000088884668473,0.38724593830034615,0.49497600384961965,0.002049363543252772,0.2121095849947655,False,2,57
C03_TORQUE_DYNAMICS_ATTACK,520,0.35705891933053435,0.39361896788147843,0.5049575662835226,0.0019963687588020183,0.20662461295369217,False,2,57
C03_TORQUE_DYNAMICS_ATTACK,521,0.36398234084585285,0.39988920666291505,0.5147487628885117,0.0019437778094995473,0.2068628780845008,False,2,57
C03_TORQUE_DYNAMICS_ATTACK,522,0.3707748568205551,0.40607721280459513,0.5243548311025715,0.0018954537976716142,0.21006393662457673,False,2,57
C03_TORQUE_DYNAMICS_ATTACK,523,0.3774442178749411,0.4121624281465795,0.533786731958047,0.0018484723618980463,0.21321182143475104,False,2,57
C03_TORQUE_DYNAMICS_ATTACK,524,0.38399545050032646,0.4181654108488073,0.5430515739871281,0.0018042884180992052,0.21631716726100408,False,2,57
C03_TORQUE_DYNAMICS_ATTACK,525,0.39043316434492015,0.4240656027513395,0.5521558762168296,0.0017615505593643126,0.21936933935735553,False,2,57
C03_TORQUE_DYNAMICS_ATTACK,526,0.3967659859642338,0.4299246783339934,0.5611118384389525,0.0017229521862095704,0.22240024196174635,False,2,57
C03_TORQUE_DYNAMICS_ATTACK,527,0.40299837842877184,0.4356809631169516,0.5699257723883341,0.001685128095052301,0.22537797083623556,False,2,57
C03_TORQUE_DYNAMICS_ATTACK,528,0.4091372650629759,0.4413961315800315,0.5786074691242964,0.00165076304744471,0.22833443021876415,False,2,57
C03_TORQUE_DYNAMICS_ATTACK,529,0.41519100569116485,0.44707018372323315,0.5871687512237702,0.0016191490875416884,0.23126962010933208,False,2,57
C03_TORQUE_DYNAMICS_ATTACK,530,0.42116262856428816,0.45266200322667827,0.5956139012803185,0.0015882888879912144,0.23416227101597878,False,2,57
C03_TORQUE_DYNAMICS_ATTACK,531,0.42706095053934456,0.4582538227301234,0.6039553882126867,0.0015615324112098268,0.23705492192262545,False,2,57
C03_TORQUE_DYNAMICS_ATTACK,532,0.4328907043138559,0.4637839677537511,0.6121999050658963,0.0015362503128547797,0.23991566859133115,False,2,57
C03_TORQUE_DYNAMICS_ATTACK,533,0.4386568619257787,0.4692729964575005,0.6203544833634583,0.0015123415912503058,0.24275514576807622,False,2,57
C03_TORQUE_DYNAMICS_ATTACK,534,0.44436826964812765,0.47478258332118906,0.6284316336246467,0.001492563027182054,0.24560525769080163,False,2,57
C03_TORQUE_DYNAMICS_ATTACK,535,0.4500297320181201,0.48025105386499933,0.6364381504911549,0.001474239592064708,0.2484341001215664,False,2,57
C03_TORQUE_DYNAMICS_ATTACK,536,0.4556462710067684,0.4856989662488705,0.6443811361024986,0.0014587947896848032,0.2512523078063508,False,2,57
C03_TORQUE_DYNAMICS_ATTACK,537,0.4612280805014944,0.49116743679268077,0.652275006792523,0.0014453580642333486,0.2540811502371156,False,2,57
C03_TORQUE_DYNAMICS_ATTACK,538,0.46677686343997005,0.4966153491765519,0.6601221708787798,0.001434827200672519,0.2568993579219,False,2,57
C03_TORQUE_DYNAMICS_ATTACK,539,0.47230450872806684,0.5021043778803014,0.667939441813194,0.0014270551780559634,0.2597388350986451,False,2,57
C03_TORQUE_DYNAMICS_ATTACK,540,0.4778143911789137,0.5075934065840508,0.6757315923022632,0.0014206981478425433,0.2625783122753902,False,2,57
C03_TORQUE_DYNAMICS_ATTACK,541,0.4833134885913649,0.5131235516076785,0.6835084904437624,0.001418583997843891,0.2654390589440959,False,2,57
C03_TORQUE_DYNAMICS_ATTACK,542,0.48880641892673427,0.518633138471367,0.6912766670212123,0.0014157676954812438,0.2682891708668213,False,2,57
C03_TORQUE_DYNAMICS_ATTACK,543,0.494298684075583,0.524204399814873,0.6990439028828632,0.0014171765462543875,0.2711711870274876,False,2,57
C03_TORQUE_DYNAMICS_ATTACK,544,0.4997986692908012,0.5298167774782573,0.7068220565670764,0.0014213947200933457,0.27407447268011464,False,2,57
C03_TORQUE_DYNAMICS_ATTACK,545,0.5053149019260782,0.5354908296214589,0.7146231875730903,0.001427058886110665,0.27700966257068255,False,2,57
C03_TORQUE_DYNAMICS_ATTACK,546,0.5108456003801412,0.5411648817646606,0.722444776336222,0.0014340707356906685,0.27994485246125056,False,2,57
C03_TORQUE_DYNAMICS_ATTACK,547,0.5163992262007931,0.5469006083876796,0.7302987892921333,0.0014438814268045613,0.28291194658975943,False,2,57
C03_TORQUE_DYNAMICS_ATTACK,548,0.5219843754893183,0.5527185676504552,0.7381973831638441,0.0014558600048229175,0.2859215797021896,False,2,57
C03_TORQUE_DYNAMICS_ATTACK,549,0.5276045519368444,0.5585982013930483,0.7461455129188653,0.0014705979291489606,0.2889631170525607,False,2,57
C03_TORQUE_DYNAMICS_ATTACK,550,0.5332645997539145,0.5645189514555196,0.7541500293054461,0.0014853392473292404,0.2920259238948925,False,2,57
C03_TORQUE_DYNAMICS_ATTACK,551,0.538968155465992,0.5705219341577474,0.7622160751472166,0.0015028759557436792,0.29513126972114556,False,2,57
C03_TORQUE_DYNAMICS_ATTACK,552,0.5447238228458994,0.576627707659671,0.7703558180163901,0.0015226178663004161,0.2982897892773002,False,2,57
C03_TORQUE_DYNAMICS_ATTACK,553,0.5505314833841192,0.5827745974814728,0.7785690903151995,0.001544233717328257,0.3014695783254155,False,2,57
C03_TORQUE_DYNAMICS_ATTACK,554,0.5564012519635664,0.5890242781029702,0.7868701966482452,0.001567362213062398,0.3047025411034323,False,2,57
C03_TORQUE_DYNAMICS_ATTACK,555,0.5623367510759735,0.5953767495241633,0.7952642599924648,0.001592628876054635,0.3079886776113508,False,2,57
C03_TORQUE_DYNAMICS_ATTACK,556,0.5683395349207611,0.6017908954251739,0.8037534783177575,0.0016178541817933908,0.31130671835721024,False,2,57
C03_TORQUE_DYNAMICS_ATTACK,557,0.5744149868392494,0.6083283902858193,0.8123454648184294,0.0016472002380693424,0.31468856757895153,False,2,57
C03_TORQUE_DYNAMICS_ATTACK,558,0.5805677824049342,0.6149275596262821,0.8210468317539299,0.001676430308614261,0.31810232103863384,False,2,57
C03_TORQUE_DYNAMICS_ATTACK,559,0.586805014741989,0.6216706360863189,0.8298676103166648,0.0017079599416412112,0.3215905177201784,False,2,57
C03_TORQUE_DYNAMICS_ATTACK,560,0.5931248463988756,0.628475387026173,0.8388052019577488,0.00173932874361253,0.32511061863966384,False,2,57
C03_TORQUE_DYNAMICS_ATTACK,561,0.5995325013142893,0.635403486925662,0.8478669944421333,0.001773439683132536,0.3286945280350312,False,2,57
C03_TORQUE_DYNAMICS_ATTACK,562,0.6060347445724416,0.6424549357847857,0.8570625550436612,0.0018090057016252102,0.3323422459062805,False,2,57
C03_TORQUE_DYNAMICS_ATTACK,563,0.6126332605382846,0.6496091754436053,0.866394265814092,0.001844617485046691,0.3360431375074314,False,2,57
C03_TORQUE_DYNAMICS_ATTACK,564,0.6193263029783678,0.6568456477421812,0.8758596572063962,0.0018813587821509558,0.3397865680925035,False,2,57
C03_TORQUE_DYNAMICS_ATTACK,565,0.6261205626921074,0.6642054690003921,0.8854681914398519,0.001918888805522534,0.3435938071534576,False,2,57
C03_TORQUE_DYNAMICS_ATTACK,566,0.6330196912391617,0.6717091973781769,0.8952250325996515,0.001957957082037433,0.34747548943627393,False,2,57
C03_TORQUE_DYNAMICS_ATTACK,567,0.640021848084383,0.6792951583957183,0.9051275777760271,0.0019974668071924342,0.3513997107030115,False,2,57
C03_TORQUE_DYNAMICS_ATTACK,568,0.6471338538490315,0.6870250265328336,0.9151854727840687,0.0020378623460305893,0.3553983751916113,False,2,57
C03_TORQUE_DYNAMICS_ATTACK,569,0.6543540370853338,0.6948576854696445,0.9253963538396662,0.0020794357931304148,0.35945021341011274,False,2,57
C03_TORQUE_DYNAMICS_ATTACK,570,0.6616873414607941,0.7028136933660903,0.9357672123444523,0.002120478558637686,0.36356586010449604,False,2,57
C03_TORQUE_DYNAMICS_ATTACK,571,0.6691322865769056,0.710893050222171,0.9462959546987804,0.0021634516449085405,0.3677453152747613,False,2,57
C03_TORQUE_DYNAMICS_ATTACK,572,0.6766937759879315,0.7190957560378863,0.9569895155755938,0.002206479928889621,0.37198857892090836,False,2,57
C03_TORQUE_DYNAMICS_ATTACK,573,0.6843700624597505,0.7274012526532975,0.9678454240127013,0.0022488001796771,0.3762850162969571,False,2,57
C03_TORQUE_DYNAMICS_ATTACK,574,0.6921612395026691,0.7358300982283434,0.9788638122536467,0.002291800745004745,0.3806452621488878,False,2,57
C03_TORQUE_DYNAMICS_ATTACK,575,0.7000689903262552,0.7443822927630241,0.9900470607162293,0.0023360830517634725,0.3850693164767003,False,2,57
C03_TORQUE_DYNAMICS_ATTACK,576,0.7080947460052908,0.7530372780974006,1.001397193245814,0.002379639130919041,0.38954654453441445,False,2,57
C03_TORQUE_DYNAMICS_ATTACK,577,0.7162403854825256,0.761836170551351,1.0129168670687214,0.0024233753234177064,0.39409821581399085,False,2,57
C03_TORQUE_DYNAMICS_ATTACK,578,0.724500712072222,0.770717295645058,1.024598732961501,0.0024668766673852107,0.3986924260774885,False,2,57
C03_TORQUE_DYNAMICS_ATTACK,579,0.7328789979389287,0.7797217696983997,1.0364474184636365,0.002509801058491412,0.40335044481686805,False,2,57
C03_TORQUE_DYNAMICS_ATTACK,580,0.7413737136940497,0.7888495927113763,1.0484607606930332,0.002553396717064768,0.4080722720321296,False,2,57
C03_TORQUE_DYNAMICS_ATTACK,581,0.7499828775583757,0.7980596483641094,1.0606359569906552,0.0025955324511101607,0.4128366382313123,False,2,57
C03_TORQUE_DYNAMICS_ATTACK,582,0.7587065887625625,0.8073930529764773,1.0729731476898423,0.002637729339805018,0.41766481290637697,False,2,57
C03_TORQUE_DYNAMICS_ATTACK,583,0.7675431229008948,0.816829248388541,1.0854698941126448,0.0026792379092351356,0.42254616131134326,False,2,57
C03_TORQUE_DYNAMICS_ATTACK,584,0.7764907758066745,0.8263682346003003,1.0981237862034054,0.002720696683171363,0.4274806834462111,False,2,57
C03_TORQUE_DYNAMICS_ATTACK,585,0.7855476265465647,0.8359894534518161,1.110932107352147,0.0027607375376247838,0.4324577445650002,False,2,57
C03_TORQUE_DYNAMICS_ATTACK,586,0.794713836554716,0.8457340212629668,1.1238950858612344,0.0028008634416793,0.4374986141596713,False,2,57
C03_TORQUE_DYNAMICS_ATTACK,587,0.8039859195497338,0.855560821713874,1.1370077913842376,0.002840223093364442,0.4425820227382636,False,2,57
C03_TORQUE_DYNAMICS_ATTACK,588,0.8133620162316929,0.8654698548045378,1.1502675944739857,0.0028775607347583864,0.44770797030077714,False,2,57
C04_HV_POWER_ATTACK,0,0.0995181222396125,0.1738316799721709,0.14073987817316352,0.009878426078661845,1.0224193081041815,True,2,57
C04_HV_POWER_ATTACK,1,0.10824429860271077,0.20156463773006592,0.15308055513351662,0.009851501044939651,1.0196325610930972,True,2,57
C04_HV_POWER_ATTACK,2,0.1229078145756462,0.22917424652832613,0.17381789829451644,0.009821118440573342,1.016487954747183,True,2,57
C04_HV_POWER_ATTACK,3,0.14162371189786735,0.2566399482070124,0.20028617411958388,0.009786586400144223,1.0129138808408924,True,2,57
C04_HV_POWER_ATTACK,4,0.16294460692271945,0.28392062644624644,0.23043847302566275,0.009747240839334922,1.0088416064988783,True,2,57
C04_HV_POWER_ATTACK,5,0.1859230355216163,0.3110368394059674,0.2629348783922445,0.009703739808095102,1.0043392400380808,True,2,57
C04_HV_POWER_ATTACK,6,0.20996142564775025,0.3379680289262361,0.2969302957262386,0.009656097837705956,0.9994082854493525,False,2,57
C04_HV_POWER_ATTACK,7,0.2346793803751137,0.3646936368471135,0.3318867625358002,0.009604334296370925,0.9940507473460808,False,2,57
C04_HV_POWER_ATTACK,8,0.25983279078634736,0.39123422132853863,0.3674590566793034,0.00954838381550167,0.988259860064755,False,2,57
C04_HV_POWER_ATTACK,9,0.285250381460063,0.4175281078906941,0.40340495813291993,0.009487641340550005,0.9819730003243387,False,2,57
C04_HV_POWER_ATTACK,10,0.31081577553013245,0.4435958546935191,0.43955988515422484,0.009423465941919871,0.9753308322155483,False,2,57
C04_HV_POWER_ATTACK,11,0.33644853258203283,0.46945801989695274,0.47581007781803697,0.009355058423363547,0.9682506387480323,False,2,57
C04_HV_POWER_ATTACK,12,0.3620809451961603,0.4950529290211776,0.5120597833732793,0.009283275516777215,0.9608210918646237,False,2,57
C04_HV_POWER_ATTACK,13,0.3876661336398397,0.5204011402261328,0.5482427038662021,0.009207311256903872,0.9529587739809968,False,2,57
C04_HV_POWER_ATTACK,14,0.4131613715546579,0.5454615371919401,0.5842984151012667,0.009126531278114816,0.9445980281127273,False,2,57
C04_HV_POWER_ATTACK,15,0.4385326589741022,0.5702341199185995,0.6201788338647107,0.009042351634914531,0.9358854162176803,False,2,57
C04_HV_POWER_ATTACK,16,0.4637581317294954,0.5947600047259892,0.6558530395526608,0.008955325898599988,0.9268782330488788,False,2,57
C04_HV_POWER_ATTACK,17,0.4888078703785561,0.6189364008144137,0.6912787196840638,0.008862877163360715,0.9173097682787049,False,2,57
C04_HV_POWER_ATTACK,18,0.5136653912899566,0.6428455408236293,0.7264325628839393,0.008768301770462665,0.9075211939652952,False,2,57
C04_HV_POWER_ATTACK,19,0.5383133260299386,0.666446308433758,0.7612900064777088,0.00866953129767885,0.8972984279456268,False,2,57
C04_HV_POWER_ATTACK,20,0.562735143972725,0.6897387036447996,0.7958276726302038,0.008568731314711718,0.8868656071681563,False,2,57
C04_HV_POWER_ATTACK,21,0.586911184343721,0.7126404938169976,0.830017756807346,0.008462551336111413,0.8758759556396057,False,2,57
C04_HV_POWER_ATTACK,22,0.6108326770809895,0.7352544697500476,0.8638478562686006,0.008353411800943851,0.8645799893445432,False,2,57
C04_HV_POWER_ATTACK,23,0.6344821841749176,0.7574983988041932,0.8972933099442725,0.00824092604718709,0.8529376886772345,False,2,57
C04_HV_POWER_ATTACK,24,0.6578492418222796,0.7793928391393735,0.9303393197819256,0.008124946629471046,0.8409337930089048,False,2,57
C04_HV_POWER_ATTACK,25,0.6809228723765001,0.8009377907555885,0.9629703610448905,0.008006922594113224,0.8287182789574442,False,2,57
C04_HV_POWER_ATTACK,26,0.7036913795132093,0.8220921373329599,0.9951698926326132,0.007885551582890123,0.8161563521554939,False,2,57
C04_HV_POWER_ATTACK,27,0.7261457858560436,0.8428764370314268,1.026925218617686,0.007759908041028349,0.8031522174770397,False,2,57
C04_HV_POWER_ATTACK,28,0.748274892656415,0.8632906898509893,1.058220501577974,0.007633709042662226,0.7900905929261769,False,2,57
C04_HV_POWER_ATTACK,29,0.7700728174753062,0.8833143376317082,1.089047422488439,0.007503276922887817,0.7765908393629678,False,2,57
C04_HV_POWER_ATTACK,30,0.7915285482816863,0.9029473803735835,1.119390407985448,0.007370057921282013,0.7628026429070212,False,2,57
C04_HV_POWER_ATTACK,31,0.8126322853772411,0.922169259916676,1.1492355992027377,0.00723337278760391,0.748655701006513,False,2,57
C04_HV_POWER_ATTACK,32,0.8333745962084803,0.9409799762609858,1.1785696564952346,0.00709623822777385,0.734462243398779,False,2,57
C04_HV_POWER_ATTACK,33,0.8537539978365426,0.9594000875664521,1.2073904826706887,0.006955412366080656,0.7198867352227807,False,2,57
C04_HV_POWER_ATTACK,34,0.8737581552576345,0.9773884775131965,1.235680633399443,0.006812675244287326,0.7051134111990323,False,2,57
C04_HV_POWER_ATTACK,35,0.8933846504896645,0.9949862624210972,1.263436689138431,0.006668444587781254,0.6901855059985383,False,2,57
C04_HV_POWER_ATTACK,36,0.9126240154300321,1.012131767810337,1.290645259968544,0.006520844245253782,0.6749088375413178,False,2,57
C04_HV_POWER_ATTACK,37,0.9314670617471182,1.0288249936809157,1.317293351626592,0.006371377773955598,0.6594390243390345,False,2,57
C04_HV_POWER_ATTACK,38,0.9499115714287688,1.0451070563527118,1.343377827369704,0.006220432187078415,0.6438161223435727,False,2,57
C04_HV_POWER_ATTACK,39,0.9679520405634017,1.060957397665786,1.368890903491475,0.006067361575138042,0.6279732797788834,False,2,57
C04_HV_POWER_ATTACK,40,0.9855812199702526,1.0763554594601992,1.393822328102152,0.00591230698331069,0.6119250948522446,False,2,57
C04_HV_POWER_ATTACK,41,1.002795390635551,1.0913217998958906,1.4181668417220217,0.005755815136906435,0.5957281537555047,False,2,57
C04_HV_POWER_ATTACK,42,1.0195909144283817,1.10585641897286,1.4419192992570031,0.005598648403067605,0.5794613616583716,False,2,57
C04_HV_POWER_ATTACK,43,1.0359601898124102,1.1198976422112903,1.4650689505113164,0.005439028305942998,0.5793235865532007,False,2,57
C04_HV_POWER_ATTACK,44,1.0519031924152267,1.1335277022509376,1.487615761017169,0.005278416863752383,0.5863744231381519,False,2,57
C04_HV_POWER_ATTACK,45,1.067412826373112,1.146684924611985,1.5095496957078527,0.005116666881450242,0.593180660565556,False,2,57
C04_HV_POWER_ATTACK,46,1.0824852062972312,1.1593693092944322,1.530865259813782,0.004952107919596783,0.5997422988354125,False,2,57
C04_HV_POWER_ATTACK,47,1.09711892472017,1.1716425307780967,1.5515604628754511,0.004788841581434507,0.6060912421856628,False,2,57
C04_HV_POWER_ATTACK,48,1.1113099244443139,1.1834223564232218,1.5716295671489682,0.00462465021502666,0.6121849516323853,False,2,57
C04_HV_POWER_ATTACK,49,1.125059723014104,1.194770460709625,1.5910747187662637,0.004459526648040585,0.6180553314135212,False,2,57
C04_HV_POWER_ATTACK,50,1.1383630581066617,1.2056457273174281,1.6098884756789527,0.00429315864558912,0.6236811120371097,False,2,57
C04_HV_POWER_ATTACK,51,1.1512181209209118,1.2160687144065705,1.6280682798560233,0.004126910394420184,0.6290729282491313,False,2,57
C04_HV_POWER_ATTACK,52,1.1636229029259482,1.2260188638171123,1.6456112908058274,0.003959395099404276,0.6342201453036055,False,2,57
C04_HV_POWER_ATTACK,53,1.1755774556658152,1.2355372918689327,1.6625175814226516,0.0037916300025647317,0.6391440326924931,False,2,57
C04_HV_POWER_ATTACK,54,1.1870764230655773,1.2445623240822135,1.6787795770726812,0.003624649208346607,0.6438126861778529,False,2,57
C04_HV_POWER_ATTACK,55,1.198124698807869,1.2531556349367725,1.694404198468268,0.00345655674857884,0.6482580099976262,False,2,57
C04_HV_POWER_ATTACK,56,1.2087207292423345,1.2613172244326096,1.7093892484160074,0.003289951639159603,0.6524800041518126,False,2,57
C04_HV_POWER_ATTACK,57,1.218864207196837,1.2690059762498467,1.723734292508897,0.0031239283901157455,0.6564573991484518,False,2,57
C04_HV_POWER_ATTACK,58,1.2285566415910552,1.2762424485484227,1.737441464681612,0.00295630881036386,0.660200829733524,False,2,57
C04_HV_POWER_ATTACK,59,1.2377929097352043,1.2830060831683987,1.7505035203567822,0.002790239949307472,0.6636996611610488,False,2,57
C04_HV_POWER_ATTACK,60,1.2465779640026486,1.2893379964296527,1.7629274632479854,0.002623994005468943,0.666975162922987,False,2,57
C04_HV_POWER_ATTACK,61,1.2549118479921746,1.2952381883321848,1.774713355013217,0.0024594659879242217,0.6700273350193384,False,2,57
C04_HV_POWER_ATTACK,62,1.2627978575178214,1.300706658875995,1.7858658566373904,0.002295842838683041,0.6728561774501032,False,2,57
C04_HV_POWER_ATTACK,63,1.2702341156888817,1.3057022917412053,1.7963823137962114,0.0021334194320616006,0.6754404207233207,False,2,57
C04_HV_POWER_ATTACK,64,1.2772256928790255,1.3102867614076326,1.8062698970808913,0.001971577321038132,0.6778119690769316,False,2,57
C04_HV_POWER_ATTACK,65,1.283772580836963,1.3144395097153383,1.8155285948223439,0.00181314513549728,0.679960187764956,False,2,57
C04_HV_POWER_ATTACK,66,1.289879719637966,1.3181605366643219,1.8241653933420172,0.0016554594750232202,0.6818850767873936,False,2,57
C04_HV_POWER_ATTACK,67,1.2955470830830726,1.3214498422545837,1.8321802555889843,0.0014987559861538542,0.6835866361442446,False,2,57
C04_HV_POWER_ATTACK,68,1.3007763836803712,1.324327984646063,1.8395756034154098,0.0013459174339272668,0.6850755005814894,False,2,57
C04_HV_POWER_ATTACK,69,1.3055726429552246,1.3267949638387593,1.846358538330565,0.0011966601056366212,0.6863516700991276,False,2,57
C04_HV_POWER_ATTACK,70,1.3099392072402354,1.328850779832673,1.8525337927634014,0.0010533331968669575,0.6874151446971595,False,2,57
C04_HV_POWER_ATTACK,71,1.3138810894565525,1.3304954326278038,1.8581084560549943,0.0009153689950042006,0.6882659243755849,False,2,57
C04_HV_POWER_ATTACK,72,1.317401685650094,1.331749480384091,1.86308733093954,0.0007851806365860321,0.6889146438803843,False,2,57
C04_HV_POWER_ATTACK,73,1.320502646180332,1.3325923649415956,1.867472751377786,0.0006670168946795471,0.6893506684655774,False,2,57
C04_HV_POWER_ATTACK,74,1.3231890733131444,1.333065202620196,1.8712719330633365,0.0005699631516309667,0.6895952676231247,False,2,57
C04_HV_POWER_ATTACK,75,1.3254694234133482,1.3331679934198915,1.8744968351020033,0.0004997314346429343,0.6896484413530263,False,2,57
C04_HV_POWER_ATTACK,76,1.3273453608543053,1.3331679934198915,1.8771498112731684,0.00047012096847302316,0.6896484413530263,False,2,57
C04_HV_POWER_ATTACK,77,1.328821958346972,1.3331679934198915,1.879238035473464,0.0004864690827860028,0.6896484413530263,False,2,57
C04_HV_POWER_ATTACK,78,1.3299042860544534,1.3331679934198915,1.8807686779963162,0.0005435150426624956,0.6900933457550746,False,2,57
C04_HV_POWER_ATTACK,79,1.3305974174355215,1.3331679934198915,1.8817489137959291,0.0006288324894486492,0.6904530147619534,False,2,57
C04_HV_POWER_ATTACK,80,1.3309081491793942,1.3331679934198915,1.8821883548423737,0.0007296506388979059,0.6906142548684859,False,2,57
C04_HV_POWER_ATTACK,81,1.3308432670591817,1.3331679934198915,1.8820965976680137,0.0008395021646067386,0.6905805872430134,False,2,57
C04_HV_POWER_ATTACK,82,1.3304078494034244,1.3331679934198915,1.8814808241139451,0.0009555744969572629,0.6903546470531718,False,2,57
C04_HV_POWER_ATTACK,83,1.329606985552578,1.3331679934198915,1.8803482315944637,0.0010754129940909148,0.6899390751807294,False,2,57
C04_HV_POWER_ATTACK,84,1.3284491619913459,1.3331679934198915,1.878710821811334,0.001194327641628152,0.6896484413530263,False,2,57
C04_HV_POWER_ATTACK,85,1.3269411857585027,1.3331679934198915,1.876578221371111,0.0013141962598417823,0.6896484413530263,False,2,57
C04_HV_POWER_ATTACK,86,1.3250881359902709,1.3331679934198915,1.8739576132571254,0.0014335661043167838,0.6896484413530263,False,2,57
C04_HV_POWER_ATTACK,87,1.3228934028073367,1.3328801791807436,1.8708537918240293,0.001552831683427679,0.6894995549093019,False,2,57
C04_HV_POWER_ATTACK,88,1.3203688779154934,1.3322223180626913,1.8672835744834362,0.0016683628920321331,0.6891592430379317,False,2,57
C04_HV_POWER_ATTACK,89,1.3175213605314418,1.3311944100657345,1.863256576779817,0.001782142714818274,0.6886275057389157,False,2,57
C04_HV_POWER_ATTACK,90,1.3143576697167558,1.329796455189873,1.8587824423225332,0.0018941291760197594,0.687904343012254,False,2,57
C04_HV_POWER_ATTACK,91,1.310886334187112,1.3280695697549856,1.8538732325369633,0.0020042926966834978,0.6870110243499072,False,2,57
C04_HV_POWER_ATTACK,92,1.307114113534698,1.3260137537610721,1.8485385069300553,0.002111843923345685,0.6859475497518754,False,2,57
C04_HV_POWER_ATTACK,93,1.3030460990138808,1.323608449048193,1.8427854656227851,0.002217268054276808,0.6847032844721781,False,2,57
C04_HV_POWER_ATTACK,94,1.2986924996988438,1.3208536556163488,1.8366285464263215,0.0023189095851013,0.6832782285108154,False,2,57
C04_HV_POWER_ATTACK,95,1.294061886153597,1.3178110479453566,1.830079869948525,0.0024192189402401695,0.6817042861057283,False,2,57
C04_HV_POWER_ATTACK,96,1.2891609662941828,1.3144395097153383,1.8231489226152375,0.0025155849127718654,0.679960187764956,False,2,57
C04_HV_POWER_ATTACK,97,1.2839982948838193,1.3107595990862329,1.815847802688626,0.0026094645449941632,0.678056568234479,False,2,57
C04_HV_POWER_ATTACK,98,1.2785807155732292,1.3067507578981012,1.8081861885523574,0.002700372677578344,0.6759827927683169,False,2,57
C04_HV_POWER_ATTACK,99,1.2729202020438957,1.3024952187907,1.8001810135491776,0.0027889564232213785,0.6737814003503909,False,2,57
C04_HV_POWER_ATTACK,100,1.2670217459151214,1.2979518654441509,1.7918393368948025,0.0028742049538200785,0.6714311214887405,False,2,57
C04_HV_POWER_ATTACK,101,1.2608938755142483,1.2931206978584537,1.7831732194654228,0.002956200955000568,0.6689319561833655,False,2,57
C04_HV_POWER_ATTACK,102,1.2545451652690291,1.2880222741935479,1.774194787333057,0.003035582739409548,0.6662945391802465,False,2,57
C04_HV_POWER_ATTACK,103,1.2479857940975194,1.2826771526093725,1.7649184356616687,0.0031114400824459806,0.6635295052253638,False,2,57
C04_HV_POWER_ATTACK,104,1.2412209052416139,1.2770647749459882,1.7553514380937005,0.0031848091239459913,0.6606262195727367,False,2,57
C04_HV_POWER_ATTACK,105,1.2342624178392996,1.2712262575232736,1.7455106508357454,0.003254619506404917,0.6576059517143263,False,2,57
C04_HV_POWER_ATTACK,106,1.2271154606190273,1.265141042181289,1.7354033270051359,0.003321871411478079,0.6544580669041519,False,2,57
C04_HV_POWER_ATTACK,107,1.2197902791685853,1.2588502452399133,1.725043956051077,0.0033862984930707798,0.6512038346341744,False,2,57
C04_HV_POWER_ATTACK,108,1.2122952783392074,1.252333308539207,1.7144444242281733,0.00344660259075588,0.6478326201584134,False,2,57
C04_HV_POWER_ATTACK,109,1.2046373879187053,1.2455902320791703,1.7036145317363323,0.003504339114187784,0.6443444234768688,False,2,57
C04_HV_POWER_ATTACK,110,1.1968285391017834,1.2386621321796814,1.69257115183292,0.0035585477414961505,0.6407605140815015,False,2,57
C04_HV_POWER_ATTACK,111,1.188873879013466,1.2315490088407401,1.6813215636519538,0.003610765087311648,0.6370808919723112,False,2,57
C04_HV_POWER_ATTACK,112,1.1807818847283778,1.2242508620623467,1.6698777555873363,0.003659541234075455,0.6333055571492981,False,2,57
C04_HV_POWER_ATTACK,113,1.1725610899694459,1.216767691844501,1.6582517961457695,0.003704919257451761,0.6294345096124621,False,2,57
C04_HV_POWER_ATTACK,114,1.1642217339402499,1.2091406145070815,1.6464581657478226,0.0037474842953947817,0.625489018853764,False,2,57
C04_HV_POWER_ATTACK,115,1.1557705474378817,1.2013285137302097,1.6345063831780289,0.003785988434100931,0.6214478153812428,False,2,57
C04_HV_POWER_ATTACK,116,1.147216254357815,1.193393063993703,1.6224087858876841,0.003823123870674232,0.6173428034328399,False,2,57
C04_HV_POWER_ATTACK,117,1.1385671879604142,1.1852931489776832,1.6101771588866145,0.0038554445969022234,0.6131527135165943,False,2,57
C04_HV_POWER_ATTACK,118,1.1298320542939635,1.1770698850020287,1.5978238143863783,0.003885728290233914,0.6088988151244669,False,2,57
C04_HV_POWER_ATTACK,119,1.1210176773679807,1.1687438302266784,1.585358402993785,0.00391393029950597,0.6045917430024378,False,2,57
C04_HV_POWER_ATTACK,120,1.1121307718522693,1.1602738683317542,1.5727904206859376,0.003938033510528718,0.6002102276585465,False,2,57
C04_HV_POWER_ATTACK,121,1.1031817061689035,1.1517216737970735,1.560134530625954,0.0039600492487690125,0.595786173330734,False,2,57
C04_HV_POWER_ATTACK,122,1.0941755311554258,1.143046130302758,1.5473978757767881,0.00397865595485344,0.5912983105270395,False,2,57
C04_HV_POWER_ATTACK,123,1.0851225797366757,1.1342883541686857,1.534595069100887,0.0039944986868105554,0.5867679087394237,False,2,57
C04_HV_POWER_ATTACK,124,1.0760296650487617,1.125448345394857,1.5217357458277376,0.0040075890978018645,0.5821949679678867,False,2,57
C04_HV_POWER_ATTACK,125,1.0669036586952492,1.116546662141211,1.5088296238722971,0.004018611130792531,0.5775901229584088,False,2,57
C04_HV_POWER_ATTACK,126,1.0577513160278995,1.1075833044077474,1.4958862567446451,0.0040268736262570335,0.5729533737109898,False,2,57
C04_HV_POWER_ATTACK,127,1.048579449847432,1.0985377140345274,1.482915279199957,0.004031699376771673,0.5682740854796496,False,2,57
C04_HV_POWER_ATTACK,128,1.0393951153794518,1.0894715655013683,1.4699266688339687,0.004035835075155006,0.5635841625023291,False,2,57
C04_HV_POWER_ATTACK,129,1.0302048878121295,1.0803437424883917,1.4569297243669663,0.004035835075155006,0.5588623352870676,False,2,57
C04_HV_POWER_ATTACK,130,1.0210157655690262,1.0711748031555368,1.4439343430644653,0.004033765788247954,0.5541192385798455,False,2,57
C04_HV_POWER_ATTACK,131,1.0118362563709877,1.0619853056627429,1.430952556660671,0.004028942512821822,0.549365507126643,False,2,57
C04_HV_POWER_ATTACK,132,1.0026698785785482,1.0527752500100098,1.4179893408687672,0.004022732661051113,0.5446011409274604,False,2,57
C04_HV_POWER_ATTACK,133,0.9935250638344167,1.0435446361973375,1.4050566198322272,0.004013081482363237,0.5398261399822972,False,2,57
C04_HV_POWER_ATTACK,134,0.9844054441153128,1.0343140223846652,1.3921595299417853,0.00400272502572013,0.5350511390371342,False,2,57
C04_HV_POWER_ATTACK,135,0.9753177485728548,1.025083408571993,1.3793075876549237,0.003989618655164564,0.5302761380919712,False,2,57
C04_HV_POWER_ATTACK,136,0.9662671437474105,1.0158527947593208,1.366508099563101,0.003974432798584955,0.525501137146808,False,2,57
C04_HV_POWER_ATTACK,137,0.9572588462398578,1.0066427391065875,1.353768443054028,0.003957864132361413,0.5207367709476253,False,2,57
C04_HV_POWER_ATTACK,138,0.9482995540351643,0.9974532416137937,1.3410980905088872,0.003938558785015477,0.5159830394944229,False,2,57
C04_HV_POWER_ATTACK,139,0.9393927799424303,0.9882637441209996,1.3285020097899494,0.00391713684168648,0.5112293080412204,False,2,57
C04_HV_POWER_ATTACK,140,0.9305455152825455,0.979135921108023,1.315990088118036,0.0038950524470007177,0.506507480825959,False,2,57
C04_HV_POWER_ATTACK,141,0.9217609848766961,0.9700286562549857,1.303566886079005,0.003870204535437337,0.5017962883566778,False,2,57
C04_HV_POWER_ATTACK,142,0.9130428362530908,0.9609830658817656,1.291237562056718,0.0038453446807990193,0.4971170001253376,False,2,57
C04_HV_POWER_ATTACK,143,0.904394360634659,0.9519580336684847,1.2790067705432786,0.0038176990885377946,0.4924483466399777,False,2,57
C04_HV_POWER_ATTACK,144,0.8958225221247488,0.9430152340949604,1.2668843602680917,0.0037894106817486146,0.4878222321385391,False,2,57
C04_HV_POWER_ATTACK,145,0.8873272670223319,0.9340929926813751,1.2548702552864346,0.003758970420485103,0.48320675238308075,False,2,57
C04_HV_POWER_ATTACK,146,0.8789172517600845,0.9252529839075465,1.2429766976427996,0.003727207233779656,0.4786338116115438,False,2,57
C04_HV_POWER_ATTACK,147,0.8705925062074875,0.9164746496135352,1.2312037295790117,0.0036947071070875743,0.47409277507794767,False,2,57
C04_HV_POWER_ATTACK,148,0.8623565057936882,0.9077579897993414,1.2195562660941064,0.0036608000997767117,0.4695836427822926,False,2,57
C04_HV_POWER_ATTACK,149,0.8542143842998142,0.8991441207848432,1.2080415674509803,0.0036262755900455775,0.46512768421653905,False,2,57
C04_HV_POWER_ATTACK,150,0.8461644344262098,0.8905919262501625,1.1966572191633054,0.0035909816747320272,0.46070362988872654,False,2,57
C04_HV_POWER_ATTACK,151,0.8382118237657312,0.8821219643552383,1.1854105293109836,0.0035543268626213784,0.45632211454483523,False,2,57
C04_HV_POWER_ATTACK,152,0.8303583238540471,0.8737547932600097,1.174304003223784,0.003517688737705135,0.4519937729308455,False,2,57
C04_HV_POWER_ATTACK,153,0.8226039031230102,0.8654492966445986,1.1633375962576047,0.003479594719060848,0.4476973355547968,False,2,57
C04_HV_POWER_ATTACK,154,0.814955422099657,0.8572465908288832,1.1525210106628252,0.003440196407824339,0.4434540719086497,False,2,57
C04_HV_POWER_ATTACK,155,0.8074112876182244,0.8491466758128634,1.1418519933628168,0.00340143692546853,0.43926398199240413,False,2,57
C04_HV_POWER_ATTACK,156,0.7999715175757691,0.8411289934366002,1.1313305696678395,0.0033619301391780458,0.43511643106007986,False,2,57
C04_HV_POWER_ATTACK,157,0.7926395759987785,0.8332346600199718,1.1209616384511323,0.0033224982801612303,0.4310326886036375,False,2,57
C04_HV_POWER_ATTACK,158,0.7854120666977694,0.8254225592431,1.1107403967754674,0.00328296030356142,0.42699148513111645,False,2,57
C04_HV_POWER_ATTACK,159,0.7782957120284745,0.8177132492659238,1.1006763514874933,0.0032414570391481926,0.42300345538849693,False,2,57
C04_HV_POWER_ATTACK,160,0.7712873338935777,0.8101272882483825,1.0907650080788835,0.0032019545504384135,0.4190792341217594,False,2,57
C04_HV_POWER_ATTACK,161,0.7643851655793295,0.8026235598705977,1.0810038680390917,0.0031616892502387083,0.4151975518389431,False,2,57
C04_HV_POWER_ATTACK,162,0.7575926865394834,0.7952431804524477,1.0713978520588063,0.0031214944889477072,0.41137967803200864,False,2,57
C04_HV_POWER_ATTACK,163,0.7509081462516889,0.7879655918339934,1.061944484525578,0.003081273422661256,0.40761497795497587,False,2,57
C04_HV_POWER_ATTACK,164,0.7443315931520006,0.7807907940152348,1.052643833938332,0.00304102500763774,0.40390345160784463,False,2,57
C04_HV_POWER_ATTACK,165,0.7378614422822936,0.7737599033160502,1.0434936588277923,0.003002893138355586,0.4002663684825757,False,2,57
C04_HV_POWER_ATTACK,166,0.7314941011273007,0.766811245256622,1.0344888786101452,0.00296401382990163,0.396671824341228,False,2,57
C04_HV_POWER_ATTACK,167,0.7252313840515333,0.7599653779968896,1.0256320591842891,0.002925124282216783,0.39313045392978185,False,2,57
C04_HV_POWER_ATTACK,168,0.7190716733106415,0.7532428596967919,1.0169209127142247,0.0028876223979291114,0.38965289199421765,False,2,57
C04_HV_POWER_ATTACK,169,0.713013160589196,0.7466025740364509,1.0083528818557466,0.002849378295681424,0.38621786904257477,False,2,57
C04_HV_POWER_ATTACK,170,0.7070543706613301,0.740126753655623,0.9999258803244264,0.002814677007034112,0.3828679240587744,False,2,57
C04_HV_POWER_ATTACK,171,0.7011882137419763,0.7337126077546123,0.9916298816500675,0.0027791751903703515,0.37954988331291495,False,2,57
C04_HV_POWER_ATTACK,172,0.6954182215364642,0.7274012526532975,0.9834698804182452,0.0027437058046441165,0.3762850162969571,False,2,57
C04_HV_POWER_ATTACK,173,0.6897410631607668,0.7212132465116174,0.9754411660475939,0.002710320543569305,0.37308395775688125,False,2,57
C04_HV_POWER_ATTACK,174,0.6841532105847565,0.7151280311696331,0.9675387491500588,0.0026776454438755906,0.36993607294670694,False,2,57
C04_HV_POWER_ATTACK,175,0.6786496372210723,0.7091456066273444,0.9597555210576212,0.0026469982988895488,0.3668413618664342,False,2,57
C04_HV_POWER_ATTACK,176,0.6732285522410748,0.7032454147248122,0.9520889491561317,0.002616348124904225,0.36378918977008273,False,2,57
C04_HV_POWER_ATTACK,177,0.6678866766456604,0.6974480136219757,0.9445343962405868,0.002587754427702255,0.3607901914036329,False,2,57
C04_HV_POWER_ATTACK,178,0.6626205394593859,0.691753403318835,0.9370869536104403,0.0025605816105156247,0.3578443667670846,False,2,57
C04_HV_POWER_ATTACK,179,0.657425003021639,0.6861410256554507,0.9297393555163748,0.002534764726470165,0.3549410811144576,False,2,57
C04_HV_POWER_ATTACK,180,0.6522983324935071,0.6806314387917621,0.9224891485256722,0.002510394091629259,0.3520909691917322,False,2,57
C04_HV_POWER_ATTACK,181,0.6472336965543676,0.6751835264078909,0.915326671692059,0.0024873377717937292,0.34927276150694775,False,2,57
C04_HV_POWER_ATTACK,182,0.6422294546006189,0.6698178466637763,0.908249604851671,0.0024656819988648575,0.3464970928060846,False,2,57
C04_HV_POWER_ATTACK,183,0.6372821519398518,0.6645549577193575,0.9012530623316498,0.0024461691570997024,0.34377459783512304,False,2,57
C04_HV_POWER_ATTACK,184,0.6323815841319832,0.6593537432547559,0.894322612874433,0.002429371398683786,0.3410840071021024,False,2,57
C04_HV_POWER_ATTACK,185,0.6275259931951728,0.654234761429911,0.8874557703182598,0.0024140154469895828,0.3384359553530031,False,2,57
C04_HV_POWER_ATTACK,186,0.6227101671841709,0.6491568959249443,0.8806451638594719,0.0023993352846982956,0.3358091730958644,False,2,57
C04_HV_POWER_ATTACK,187,0.6179308137512857,0.6441612630597341,0.8738861374153112,0.002387460588561948,0.33322492982264695,False,2,57
C04_HV_POWER_ATTACK,188,0.6131810167600137,0.6392067465144022,0.8671689100917355,0.0023769670439302715,0.33066195604139015,False,2,57
C04_HV_POWER_ATTACK,189,0.6084574074902419,0.6343139044488878,0.8604887177990729,0.0023685789491856095,0.3281308864980743,False,2,57
C04_HV_POWER_ATTACK,190,0.6037515131499829,0.6294621787032515,0.8538335781999838,0.002362970343780952,0.32562108644671905,False,2,57
C04_HV_POWER_ATTACK,191,0.5990598771260836,0.6246721274374327,0.8471986029052672,0.0023594750155671806,0.3231431906333048,False,2,57
C04_HV_POWER_ATTACK,192,0.5943755774254995,0.6199026343315531,0.840574002738481,0.002357375330995095,0.32067592956587093,False,2,57
C04_HV_POWER_ATTACK,193,0.5896919645615248,0.6151742575455518,0.833950373905343,0.0023587775717511645,0.31822993799039767,False,2,57
C04_HV_POWER_ATTACK,194,0.5850054521044021,0.6104869970794287,0.8273226444282495,0.002361570592587947,0.31580521590688504,False,2,57
C04_HV_POWER_ATTACK,195,0.5803075140290047,0.6057791784533664,0.8206787566868337,0.002365780781999653,0.313369859077392,False,2,57
C04_HV_POWER_ATTACK,196,0.5755949679658321,0.6011124761471824,0.8140142101309868,0.002373492328074412,0.3109557717398597,False,2,57
C04_HV_POWER_ATTACK,197,0.5708608369280329,0.5964663320009376,0.8073191378112798,0.002383286477539531,0.30855231914830766,False,2,57
C04_HV_POWER_ATTACK,198,0.5660982559899596,0.5918201878546927,0.800583831256757,0.0023951818679349745,0.30614886655675566,False,2,57
C04_HV_POWER_ATTACK,199,0.561300479230768,0.587174043708448,0.7937987502946697,0.0024098873314722697,0.30374541396520366,False,2,57
C04_HV_POWER_ATTACK,200,0.5564623384819939,0.5825278995622031,0.7869565860310836,0.0024266629579725685,0.30134196137365166,False,2,57
C04_HV_POWER_ATTACK,201,0.5515737390046599,0.57784063909608,0.7800430623492278,0.0024463313933268537,0.29891723929013897,False,2,57
C04_HV_POWER_ATTACK,202,0.5466346308401774,0.5731533786299569,0.773058108596989,0.0024672950713574633,0.29649251720662634,False,2,57
C04_HV_POWER_ATTACK,203,0.5416332200845875,0.5684455600038947,0.7659850456754351,0.0024925244575212586,0.2940571603771334,False,2,57
C04_HV_POWER_ATTACK,204,0.5365659153496866,0.563676066898015,0.7588187945946608,0.0025177280155597778,0.2915898993096994,False,2,57
C04_HV_POWER_ATTACK,205,0.5314262414110117,0.5589065737921354,0.7515501980044113,0.002547818091232107,0.28912263824226553,False,2,57
C04_HV_POWER_ATTACK,206,0.5262054602523291,0.5540754062064382,0.7441668984836204,0.002579301086726529,0.2866234729368906,False,2,57
C04_HV_POWER_ATTACK,207,0.5208985870920926,0.5491825641409238,0.7366618464866203,0.0026129022709543755,0.28409240339357483,False,2,57
C04_HV_POWER_ATTACK,208,0.5155005975858146,0.544248605755531,0.7290279365172941,0.002649238088362301,0.2815400643582983,False,2,57
C04_HV_POWER_ATTACK,209,0.5100013826208739,0.5392529728903209,0.72125087213147,0.0026891205761811754,0.27895582108508093,False,2,57
C04_HV_POWER_ATTACK,210,0.5043957734914296,0.5341751073853542,0.7133233436752475,0.0027303605928208027,0.2825929319061039,False,2,57
C04_HV_POWER_ATTACK,211,0.4986771756533145,0.5290355674005701,0.7052360250548275,0.002775073762220534,0.2872207549375044,False,2,57
C04_HV_POWER_ATTACK,212,0.4928386959641925,0.5237726784561512,0.6969791678948314,0.0028205527022289495,0.2919278353981413,False,2,57
C04_HV_POWER_ATTACK,213,0.48687728931644186,0.518468673191854,0.6885484657627613,0.00287006071356097,0.29705192564173155,False,2,57
C04_HV_POWER_ATTACK,214,0.48078251845556597,0.5130207608079829,0.6799291581517543,0.002920387376458818,0.30226074650544754,False,2,57
C04_HV_POWER_ATTACK,215,0.474551468884774,0.5075111739442942,0.6711171233409212,0.002974779621166068,0.3078903559955611,False,2,57
C04_HV_POWER_ATTACK,216,0.4681753856444915,0.5018576799610317,0.662099979947694,0.0030299086831024552,0.31359622623365363,False,2,57
C04_HV_POWER_ATTACK,217,0.46164967239414817,0.49610139517807356,0.6528712277649006,0.0030885268866412395,0.31966322340781805,False,2,57
C04_HV_POWER_ATTACK,218,0.45496911565604437,0.4902217614354805,0.6434234938216712,0.0031484218984067277,0.32586237051895967,False,2,57
C04_HV_POWER_ATTACK,219,0.44812560452456146,0.4842187787332527,0.6337453075652768,0.0032118573151607957,0.33242795033810635,False,2,57
C04_HV_POWER_ATTACK,220,0.441112499794823,0.47805133075151174,0.6238272797421378,0.0032767697399997187,0.33914640082431646,False,2,57
C04_HV_POWER_ATTACK,221,0.43392838932261657,0.471760533810136,0.613667413278757,0.003343593757072401,0.34606270153418106,False,2,57
C04_HV_POWER_ATTACK,222,0.4265649989588095,0.46530527158924717,0.6032540067612135,0.003412593879047185,0.35320422958802256,False,2,57
C04_HV_POWER_ATTACK,223,0.419019266826829,0.4587061022487844,0.5925827300421322,0.003483572447561523,0.3605505273011178,False,2,57
C04_HV_POWER_ATTACK,224,0.41128315506305474,0.45194246762880846,0.5816422158657687,0.0035574106467934647,0.36819279743294103,False,2,57
C04_HV_POWER_ATTACK,225,0.40335346933349736,0.4450143677293195,0.5704279467616723,0.0036325143103848982,0.3759660434089482,False,2,57
C04_HV_POWER_ATTACK,226,0.3952224562588242,0.4379012443903783,0.5589289577956366,0.0037105509099242323,0.3840428489114111,False,2,57
C04_HV_POWER_ATTACK,227,0.38689020121933276,0.430623655771924,0.5471453697136361,0.0037889968843172234,0.3921620248027698,False,2,57
C04_HV_POWER_ATTACK,228,0.37834890479538846,0.42314048555407835,0.5350661524706454,0.0038696955382882645,0.40051435353418924,False,2,57
C04_HV_POWER_ATTACK,229,0.3695945978002356,0.4154928500567196,0.5226856927889225,0.003953817853607901,0.4092210319807698,False,2,57
C04_HV_POWER_ATTACK,230,0.36062378632086556,0.40761907480003035,0.5099990495293052,0.004037165270085695,0.4178475082239408,False,2,57
C04_HV_POWER_ATTACK,231,0.35143303026799644,0.3995397179439497,0.497001357670875,0.00412343060583774,0.4267759897644869,False,2,57
C04_HV_POWER_ATTACK,232,0.3420184611923155,0.3912753376484169,0.48368714640014865,0.0042123944006080515,0.43598376241683895,False,2,57
C04_HV_POWER_ATTACK,233,0.332378486191783,0.38278481759355354,0.47005416301345804,0.004300485121221648,0.4451011716987387,False,2,57
C04_HV_POWER_ATTACK,234,0.32250852617194364,0.3740887159392988,0.45609593169332097,0.004392159390757866,0.4545894790954645,False,2,57
C04_HV_POWER_ATTACK,235,0.31240627776793134,0.3651459163657745,0.44180919498990484,0.004483828693888664,0.46407727246811875,False,2,57
C04_HV_POWER_ATTACK,236,0.30207092832704246,0.35599753519285876,0.4271928036387346,0.004578242395343019,0.4738491116809494,False,2,57
C04_HV_POWER_ATTACK,237,0.2915005297725737,0.3465818979407343,0.4122440026433159,0.004671986217568837,0.4835516182438314,False,2,57
C04_HV_POWER_ATTACK,238,0.28069698686252004,0.3369812372491576,0.39696548573823837,0.004769042116238813,0.4935969254593134,False,2,57
C04_HV_POWER_ATTACK,239,0.26965689728066894,0.3271133204783721,0.3813524413217706,0.004865379067607587,0.5035678214683535,False,2,57
C04_HV_POWER_ATTACK,240,0.25838187771032894,0.31697814762837784,0.3654071557293737,0.004963296302105882,0.513702277134674,False,2,57
C04_HV_POWER_ATTACK,241,0.24687578199450802,0.3066373931789922,0.34913507911809677,0.005063834882290964,0.5241080426657486,False,2,57
C04_HV_POWER_ATTACK,242,0.23513938008283655,0.2960088244904587,0.3325373003611495,0.00516297457120035,0.5343690226369758,False,2,57
C04_HV_POWER_ATTACK,243,0.22318107799301842,0.28511299972271636,0.3156257073627742,0.005262874973036285,0.5447087365662077,False,2,57
C04_HV_POWER_ATTACK,244,0.21100925507921253,0.27401159335558267,0.29841215031926627,0.005365363657059153,0.5553163382805654,False,2,57
C04_HV_POWER_ATTACK,245,0.19862800700218125,0.262601814589362,0.2809024213696228,0.005467321054852144,0.5658689517513272,False,2,57
C04_HV_POWER_ATTACK,246,0.18605641069724116,0.25094533790387163,0.263123499374497,0.00557060125800056,0.5765584758721745,False,2,57
C04_HV_POWER_ATTACK,247,0.17331377230265177,0.23900104697923336,0.2451026873364526,0.005672435081400679,0.5870982993656411,False,2,57
C04_HV_POWER_ATTACK,248,0.1604297313338097,0.22681005813532545,0.22688190186014556,0.005775596763211419,0.5977755565015358,False,2,57
C04_HV_POWER_ATTACK,249,0.14743948015809766,0.21433125505226963,0.20851091246882056,0.005879579988091001,0.6085378435287648,False,2,57
C04_HV_POWER_ATTACK,250,0.13440139289917394,0.20160575404994419,0.19007227263984677,0.0059841005281919745,0.6193557428015596,False,2,57
C04_HV_POWER_ATTACK,251,0.12139441922169762,0.1885718806485317,0.1716776340597299,0.0060872908741474475,0.6300359666828439,False,2,57
C04_HV_POWER_ATTACK,252,0.10854660116488513,0.1752501930079713,0.15350807551688375,0.006191295486385147,0.6408004673064207,False,2,57
C04_HV_POWER_ATTACK,253,0.09605310706133766,0.16168180744814126,0.13583960671421863,0.006294345892498255,0.6514662073827275,False,2,57
C04_HV_POWER_ATTACK,254,0.08421726204255,0.1478256076491633,0.11910119416650308,0.006398959452718565,0.6622937342586743,False,2,57
C04_HV_POWER_ATTACK,255,0.07353422777364625,0.13368159361103743,0.10399310221612285,0.0065013668504097216,0.6728929228195231,False,2,57
C04_HV_POWER_ATTACK,256,0.06478289613552134,0.11924976533376365,0.09161685032466184,0.00660384646876533,0.6834995862352922,False,2,57
C04_HV_POWER_ATTACK,257,0.059057670128984954,0.10453012281734197,0.08352015805856694,0.006705649363326337,0.6940362085869944,False,2,57
C04_HV_POWER_ATTACK,258,0.057507992051812035,0.0935888645161158,0.08132858230451673,0.006808044861743648,0.7046341655703392,False,2,57
C04_HV_POWER_ATTACK,259,0.060672311931845954,0.11184451054206894,0.08580360639454751,0.006909023376781267,0.7150854644570275,False,2,57
C04_HV_POWER_ATTACK,260,0.06810081704303622,0.13038797080717,0.09630909907095063,0.007009457697812118,0.7254804391423253,False,2,57
C04_HV_POWER_ATTACK,261,0.0787694672868214,0.1491781289915407,0.11139684893792666,0.007109134936905185,0.7357970556777678,False,2,57
C04_HV_POWER_ATTACK,262,0.09169833551388863,0.1681944269352419,0.12968102973077975,0.0072073288956977935,0.7459601523704292,False,2,57
C04_HV_POWER_ATTACK,263,0.10619321026203914,0.18745742279821273,0.15017987818451348,0.007303529261374927,0.7559169117298421,False,2,57
C04_HV_POWER_ATTACK,264,0.12181249351527186,0.20698767474039234,0.17226888039578217,0.007401046002789686,0.7660099162724603,False,2,57
C04_HV_POWER_ATTACK,265,0.13827316786405047,0.22674406644190245,0.1955477893056318,0.007495198860480695,0.7757547580974561,False,2,57
C04_HV_POWER_ATTACK,266,0.15539206232465613,0.24670603974280392,0.219757562024654,0.007588492538439655,0.7854106746280595,False,2,57
C04_HV_POWER_ATTACK,267,0.17305719644265993,0.26693526912291415,0.2447398342754746,0.007681220819781087,0.7950080724823175,False,2,57
C04_HV_POWER_ATTACK,268,0.1911852987778985,0.28737008010241577,0.2703768424580564,0.007771829330659317,0.8043860736196221,False,2,57
C04_HV_POWER_ATTACK,269,0.20972057080438344,0.3080310308412479,0.296589675540186,0.007861075947797279,0.8136231184502692,False,2,57
C04_HV_POWER_ATTACK,270,0.22861791681963572,0.3288770050195322,0.32331455856781294,0.00794816044251361,0.8226363831267951,False,2,57
C04_HV_POWER_ATTACK,271,0.2478489146657507,0.3499491189571471,0.35051129653975654,0.008033273676480029,0.8314456218749017,False,2,57
C04_HV_POWER_ATTACK,272,0.26738581298414993,0.3712062563342141,0.3781406431083409,0.00811627229517435,0.8400359974694869,False,2,57
C04_HV_POWER_ATTACK,273,0.2872079300704018,0.39264841715073345,0.40617334992666565,0.008197829855101979,0.8484772231594774,False,2,57
C04_HV_POWER_ATTACK,274,0.3073017902816238,0.41429615956664406,0.43459035955780495,0.008278037531723844,0.8567787356254672,False,2,57
C04_HV_POWER_ATTACK,275,0.3276488180467058,0.4360878091021287,0.4633654021771659,0.00835408193443383,0.8646493483106078,False,2,57
C04_HV_POWER_ATTACK,276,0.3482365273602287,0.4580644820770655,0.4924808199065448,0.008428754263427278,0.8723779510592707,False,2,57
C04_HV_POWER_ATTACK,277,0.36905382556684757,0.4802056203315155,0.5219209253623103,0.008501999801566754,0.8799588806354959,False,2,57
C04_HV_POWER_ATTACK,278,0.3900921230995213,0.5025112238654785,0.5516735710622579,0.008571862745479575,0.887189710952864,False,2,57
C04_HV_POWER_ATTACK,279,0.4113362498112787,0.5249401763590763,0.5817173031787978,0.008638902302758997,0.8941283201223241,False,2,57
C04_HV_POWER_ATTACK,280,0.43277992855019304,0.5475335941321873,0.612043244478542,0.008703918730853265,0.9008575349687191,False,2,57
C04_HV_POWER_ATTACK,281,0.45441207040676806,0.5702503608649331,0.6426357128752891,0.00876681278287294,0.907367083416799,False,2,57
C04_HV_POWER_ATTACK,282,0.47622261955007605,0.5930699183973744,0.6734804872765602,0.008825562835447418,0.9134477269956411,False,2,57
C04_HV_POWER_ATTACK,283,0.4982020352413128,0.6160128248894507,0.7045640750401433,0.008882237482122222,0.9193135655997754,False,2,57
C04_HV_POWER_ATTACK,284,0.5203416285683394,0.6390585221812226,0.7358741881886492,0.008936137261940204,0.9248922048637273,False,2,57
C04_HV_POWER_ATTACK,285,0.542635351621682,0.6622275684326294,0.767402273686476,0.008987322698472994,0.9301899089906943,False,2,57
C04_HV_POWER_ATTACK,286,0.5650679216701271,0.6854377310039145,0.7991267184878714,0.009034970262800006,0.9351214425532426,False,2,57
C04_HV_POWER_ATTACK,287,0.587634809253839,0.7087506843748952,0.8310411169693059,0.009079892102840997,0.9397708630426753,False,2,57
C04_HV_POWER_ATTACK,288,0.6103250794742223,0.7321253122256933,0.8631300048488822,0.009121353497574144,0.9440621266689392,False,2,57
C04_HV_POWER_ATTACK,289,0.6331275070187387,0.7555410563963697,0.8953775071373671,0.009158664270532288,0.9479238000133496,False,2,57
C04_HV_POWER_ATTACK,290,0.6560333792370828,0.7790184750468635,0.9277713022865346,0.009193895282212722,0.9515702176004518,False,2,57
C04_HV_POWER_ATTACK,291,0.6790349156321186,0.8025370100172355,0.9603003870118125,0.009224998795494514,0.9547894381803244,False,2,57
C04_HV_POWER_ATTACK,292,0.7021199856659323,0.8260761031475468,0.9929476061419644,0.009252638652901409,0.9576501696026203,False,2,57
C04_HV_POWER_ATTACK,293,0.7252775445153177,0.849615196277858,1.0256973399382183,0.009276805885022495,0.9601514835313045,False,2,57
C04_HV_POWER_ATTACK,294,0.7485023094717613,0.8731954057280474,1.0585421175225485,0.009298229260200266,0.9623688076527884,False,2,57
C04_HV_POWER_ATTACK,295,0.7717838207125937,0.8967756151782369,1.0914671464718753,0.009316196185591223,0.9642283884484237,False,2,57
C04_HV_POWER_ATTACK,296,0.7951093508925543,0.9203147083085481,1.1244544276019184,0.00932863497587658,0.9655158060244562,False,2,57
C04_HV_POWER_ATTACK,297,0.8184671851112685,0.9438332432789203,1.1574873935416865,0.009338992228349215,0.9665877839714093,False,2,57
C04_HV_POWER_ATTACK,298,0.8418514914323925,0.9673312200893531,1.1905577966877068,0.009345211262233609,0.9672314553691124,False,2,57
C04_HV_POWER_ATTACK,299,0.8652485170171074,0.9907675224199687,1.223646187588801,0.00934728335403652,0.9674459173340642,False,2,57
C04_HV_POWER_ATTACK,300,0.888651608704378,1.0141832665906452,1.2567431572544001,0.00934728335403652,0.9674459173340642,False,2,57
C04_HV_POWER_ATTACK,301,0.9120459436876364,1.0374756618016867,1.2898277430704235,0.009341070798090387,0.9668029164044196,False,2,57
C04_HV_POWER_ATTACK,302,0.9354235003022305,1.06072694069285,1.3228886006899274,0.00933208980466021,0.9658733815761129,False,2,57
C04_HV_POWER_ATTACK,303,0.9587700987524289,1.0838548706243785,1.3559056768534767,0.009318284383290899,0.9644445173772921,False,2,57
C04_HV_POWER_ATTACK,304,0.9820810977735311,1.1069416842360287,1.3888724078215853,0.009303087271262733,0.9628716128840771,False,2,57
C04_HV_POWER_ATTACK,305,1.0053418217035148,1.1298640325681657,1.4217680390739849,0.009280992694144967,0.960584819211713,False,2,57
C04_HV_POWER_ATTACK,306,1.0285427708829211,1.1527041482605462,1.45457913606343,0.009256114415267157,0.9580099117847073,False,2,57
C04_HV_POWER_ATTACK,307,1.0516717752104612,1.1754003568333529,1.4872884876676231,0.009227804927416178,0.9550798734617093,False,2,57
C04_HV_POWER_ATTACK,308,1.0747179640676534,1.1979321001266465,1.519880720510476,0.009194675667578294,0.9516509876602941,False,2,57
C04_HV_POWER_ATTACK,309,1.0976692659391294,1.220299378140427,1.5523387628912366,0.00915671072882312,0.9477216080096099,False,2,57
C04_HV_POWER_ATTACK,310,1.1205176627174986,1.2425433071945726,1.5846512754936881,0.009116655198345334,0.943575851648148,False,2,57
C04_HV_POWER_ATTACK,311,1.1432525407327452,1.264602212809266,1.6168032483217474,0.009071052120130653,0.9388559228554034,False,2,57
C04_HV_POWER_ATTACK,312,1.1658567564528786,1.2864349786646287,1.6487704367599672,0.009022090865849024,0.9337884220887916,False,2,57
C04_HV_POWER_ATTACK,313,1.1883266301516446,1.3081032792404785,1.6805476368895726,0.008968917074741735,0.9282849228187384,False,2,57
C04_HV_POWER_ATTACK,314,1.210646920506949,1.329545440056998,1.7121132942261497,0.008912355455065408,0.9224307825342208,False,2,57
C04_HV_POWER_ATTACK,315,1.2328105517006525,1.3507820192741258,1.7434574020517204,0.008850182393353806,0.9159958567442508,False,2,57
C04_HV_POWER_ATTACK,316,1.254802671543355,1.3717924587319232,1.7745589561986046,0.008786006805639865,0.909353669065244,False,2,57
C04_HV_POWER_ATTACK,317,1.2766140018490653,1.392535642110512,1.8054048353303396,0.008715603717140828,0.9020669336624182,False,2,57
C04_HV_POWER_ATTACK,318,1.2982331183778226,1.41305268572977,1.8359788831318327,0.008642416144316604,0.8944920035092835,False,2,57
C04_HV_POWER_ATTACK,319,1.3196495979638394,1.4333024732698194,1.866266359020664,0.008565826059488905,0.8865649126029371,False,2,57
C04_HV_POWER_ATTACK,320,1.3408547250831784,1.45328500473066,1.8962549373846787,0.008485806809079897,0.8782829022921127,False,2,57
C04_HV_POWER_ATTACK,321,1.3618343722410855,1.4729386056324745,1.925924638929193,0.008398898790057742,0.8692879028893967,False,2,57
C04_HV_POWER_ATTACK,322,1.3825789771244128,1.4923455086150192,1.9552619405012657,0.008309842420042722,0.8600705486785162,False,2,57
C04_HV_POWER_ATTACK,323,1.4030763140990472,1.5114234810385379,1.984249552443325,0.008217477170488499,0.8505107246954134,False,2,57
C04_HV_POWER_ATTACK,324,1.4233192904038998,1.5301930810629694,2.012877444076445,0.008120209146114644,0.8404434624221456,False,2,57
C04_HV_POWER_ATTACK,325,1.443298112059035,1.548674866848253,2.0411317646213702,0.008020841633769059,0.830158902674327,False,2,57
C04_HV_POWER_ATTACK,326,1.4630004122257865,1.5667866057546322,2.068995024727136,0.007916023003233182,0.8193101509748624,False,2,57
C04_HV_POWER_ATTACK,327,1.4824142889036007,1.5845488559420462,2.0964503924231397,0.007807074350321591,0.8196878819036973,False,2,57
C04_HV_POWER_ATTACK,328,1.501531380190416,1.6019821755704338,2.123486042194078,0.007696075664250057,0.8287061464950075,False,2,57
C04_HV_POWER_ATTACK,329,1.5203410776524189,1.619024890159978,2.1500869714489776,0.0075795826232914944,0.8375223509126917,False,2,57
C04_HV_POWER_ATTACK,330,1.5388334264205428,1.6357181160305567,2.176239101876992,0.00746028885229141,0.8461577646487104,False,2,57
C04_HV_POWER_ATTACK,331,1.5569998991599092,1.652041295022231,2.2019303740054847,0.007337512618987948,0.8546017529570834,False,2,57
C04_HV_POWER_ATTACK,332,1.5748302489055828,1.6679738689750618,2.2271462964376725,0.007212847904641463,0.8628436810918304,False,2,57
C04_HV_POWER_ATTACK,333,1.59231728348247,1.6834952797291098,2.2518766979019933,0.007082590548718704,0.870872914306971,False,2,57
C04_HV_POWER_ATTACK,334,1.609449373657348,1.6986260854443143,2.276105132179105,0.006950324131610895,0.8787000873484855,False,2,57
C04_HV_POWER_ATTACK,335,1.6262195444465417,1.7133457279607358,2.2998217351524954,0.006814621948756697,0.8863145654703936,False,2,57
C04_HV_POWER_ATTACK,336,1.6426193075763857,1.727654207278375,2.323014502590427,0.006674636347285919,0.8937163486726954,False,2,57
C04_HV_POWER_ATTACK,337,1.6586350545509794,1.7415104070773528,2.3456641891734336,0.006532156994934736,0.9008841674634301,False,2,57
C04_HV_POWER_ATTACK,338,1.6742633024593558,1.754955443677548,2.3677658693215884,0.006387583617628068,0.9078392913345587,False,2,57
C04_HV_POWER_ATTACK,339,1.6894936209839182,1.767927642599143,2.3893047923382866,0.006238260583776106,0.9145498160481396,False,2,57
C04_HV_POWER_ATTACK,340,1.704317658678787,1.7804681201620163,2.4102691474955,0.006087655041724397,0.921037011096134,False,2,57
C04_HV_POWER_ATTACK,341,1.7187301693206443,1.7925563182062285,2.4306515155130612,0.005933551863880975,0.9272902417325614,False,2,57
C04_HV_POWER_ATTACK,342,1.7327209438203888,1.8041716785718407,2.4504374585587034,0.005776059542247571,0.9332988732114414,False,2,57
C04_HV_POWER_ATTACK,343,1.7462814692625956,1.8153142012588526,2.469614937551978,0.005615893602741316,0.939062905532774,False,2,57
C04_HV_POWER_ATTACK,344,1.7594084735399211,1.8260250025871427,2.488179325034301,0.005454960570794202,0.9446036081885202,False,2,57
C04_HV_POWER_ATTACK,345,1.7720914420572103,1.8362012917570152,2.5061157511226027,0.005289519681208082,0.9498678074487779,False,2,57
C04_HV_POWER_ATTACK,346,1.7843254231496006,1.8459253014082266,2.523417213105277,0.005122567377970113,0.9548980422974686,False,2,57
C04_HV_POWER_ATTACK,347,1.7961018020023345,1.8551353570609599,2.540071527794457,0.00495233894265525,0.9596624084966513,False,2,57
C04_HV_POWER_ATTACK,348,1.8074155608195936,1.8638725750350928,2.556071598955243,0.00478152720772368,0.9641821755382868,False,2,57
C04_HV_POWER_ATTACK,349,1.8182614509102806,1.8720958390107474,2.5714100038175003,0.004607324625701029,0.9684360739304142,False,2,57
C04_HV_POWER_ATTACK,350,1.828630982348643,1.8798051489879235,2.586074735813087,0.004432157801912937,0.9724241036730337,False,2,57
C04_HV_POWER_ATTACK,351,1.8385224044161452,1.8870210631265605,2.6000633190521047,0.004254847041329386,0.9761568995121256,False,2,57
C04_HV_POWER_ATTACK,352,1.8479289249593869,1.8937230232667188,2.6133661479790984,0.004075627980267962,0.9796238267017093,False,2,57
C04_HV_POWER_ATTACK,353,1.856843679231379,1.8998904712484599,2.625973514375773,0.003894788804294178,0.9828142504958051,False,2,57
C04_HV_POWER_ATTACK,354,1.8652649967289379,1.9055645233916616,2.637883055793871,0.0037133182964917866,0.985749440386373,False,2,57
C04_HV_POWER_ATTACK,355,1.8731877122696852,1.9107040633764456,2.6490874675624196,0.00352838955890803,0.9884081268814526,False,2,57
C04_HV_POWER_ATTACK,356,1.880603362167499,1.9153090912028121,2.6595747802217184,0.0033443836940455,0.990790309981044,False,2,57
C04_HV_POWER_ATTACK,357,1.88751357344387,1.9194001650307004,2.669347294727626,0.003158230105946858,0.9929066244311274,False,2,57
C04_HV_POWER_ATTACK,358,1.8939115659044674,1.922956726700171,2.678395422437364,0.0029721590554370597,0.9947464354857226,False,2,57
C04_HV_POWER_ATTACK,359,1.8997973242028785,1.9259993343711632,2.6867191416478264,0.0027847985159394676,0.9963203778908097,False,2,57
C04_HV_POWER_ATTACK,360,1.905164015577664,1.9284868717237986,2.694308789375119,0.002597202108585064,0.9976071821544282,False,2,57
C04_HV_POWER_ATTACK,361,1.9100099144637006,1.9304398969180165,2.7011619253016406,0.0024099294891641,0.9986174830225585,False,2,57
C04_HV_POWER_ATTACK,362,1.9143367620329723,1.9318995262736953,2.7072810118164257,0.0022228766657356324,0.9993725499871612,False,2,57
C04_HV_POWER_ATTACK,363,1.9181359671842604,1.932762968991139,2.712653899267615,0.002035527832083727,0.9998192093183346,False,2,57
C04_HV_POWER_ATTACK,364,1.921407555859643,1.9331124577101044,2.7172806243428473,0.001850607835823816,1.0,False,2,57
C04_HV_POWER_ATTACK,365,1.9241532355661257,1.9331124577101044,2.721163601821688,0.0016665004780663942,1.0,False,2,57
C04_HV_POWER_ATTACK,366,1.9263696034771014,1.9331124577101044,2.724298019380598,0.0014858818106961373,1.0,False,2,57
C04_HV_POWER_ATTACK,367,1.9280549295446097,1.9331124577101044,2.7266814303622895,0.0013101108781401725,1.0004764185522184,True,2,57
C04_HV_POWER_ATTACK,368,1.9292092115532309,1.9331124577101044,2.7283138316336846,0.0011403487309616083,1.0010753807043273,True,2,57
C04_HV_POWER_ATTACK,369,1.9298307477047643,1.9331124577101044,2.7291928164886885,0.000981374903360227,1.0013978986229604,True,2,57
C04_HV_POWER_ATTACK,370,1.9299229543054928,1.9331124577101044,2.7293232163139787,0.0008371826625636645,1.0014457450448906,True,2,57
C04_HV_POWER_ATTACK,371,1.9294824095664804,1.9331124577101044,2.7287001919692355,0.0007211731617805511,1.0012171443883713,True,2,57
C04_HV_POWER_ATTACK,372,1.9285125261510985,1.9331124577101044,2.7273285696892815,0.00064543364706522,1.0007138674998526,True,2,57
C04_HV_POWER_ATTACK,373,1.9270116071276164,1.9331124577101044,2.7252059496502494,0.0006240499273515787,1.0,False,2,57
C04_HV_POWER_ATTACK,374,1.9249779238270652,1.9331124577101044,2.7223298871450385,0.0006659855044184024,1.0,False,2,57
C04_HV_POWER_ATTACK,375,1.9224217252306341,1.9331124577101044,2.7187148764218465,0.0007540728924618203,1.0,False,2,57
C04_HV_POWER_ATTACK,376,1.9193413049609207,1.9329479924305912,2.7143585042986085,0.0008776469623132843,0.9999149220321574,False,2,57
C04_HV_POWER_ATTACK,377,1.9157349555513312,1.9322490149926606,2.709258356052911,0.0010244503684283222,0.9995533406688265,False,2,57
C04_HV_POWER_ATTACK,378,1.9116060724864403,1.9309949672363733,2.7034192336250897,0.0011836623678697466,0.9989046211640271,False,2,57
C04_HV_POWER_ATTACK,379,1.906959787172802,1.9292064073216684,2.6968483939198875,0.0013503270908187047,0.9979793982637394,False,2,57
C04_HV_POWER_ATTACK,380,1.901796148281127,1.926883335248546,2.6895459057680835,0.0015237881051675833,0.9967776719679634,False,2,57
C04_HV_POWER_ATTACK,381,1.8961219373650626,1.9240668673368844,2.6815213597348198,0.001698180296634179,0.9953207117686598,False,2,57
C04_HV_POWER_ATTACK,382,1.8899354243412578,1.920695329106866,2.6727723091127573,0.001875296146727114,0.9935766134278875,False,2,57
C04_HV_POWER_ATTACK,383,1.8832451314176426,1.916809836878369,2.6633108061239317,0.002051791966285404,0.9915666464376072,False,2,57
C04_HV_POWER_ATTACK,384,1.8760510964925852,1.9123692743315157,2.6531369043647297,0.002229702791895716,0.9892695413058584,False,2,57
C04_HV_POWER_ATTACK,385,1.8683635492827078,1.9074147577861837,2.642265070839138,0.00240545027930234,0.9867065675246016,False,2,57
C04_HV_POWER_ATTACK,386,1.860185916094949,1.9019874035622517,2.6307001510768973,0.002581679455287261,0.9838989945857974,False,2,57
C04_HV_POWER_ATTACK,387,1.851516458940124,1.8960255371799022,2.6184396871901314,0.002758008056764006,0.9808149182515051,False,2,57
C04_HV_POWER_ATTACK,388,1.8423653574345527,1.8895291586391352,2.605498075330299,0.002930682521703572,0.9774543385217245,False,2,57
C04_HV_POWER_ATTACK,389,1.8327362024566973,1.8825393842598288,2.591880393766424,0.0031042253290810454,0.9738385248884162,False,2,57
C04_HV_POWER_ATTACK,390,1.8226373725020315,1.875056214041983,2.577598491480436,0.0032741696160687064,0.9699674773515801,False,2,57
C04_HV_POWER_ATTACK,391,1.8120723112849988,1.8670385316657199,2.562657238620006,0.003442327886826853,0.9658199264192558,False,2,57
C04_HV_POWER_ATTACK,392,1.8010496907527513,1.8585685697707957,2.5470688991704096,0.003609772552350264,0.9614384110753645,False,2,57
C04_HV_POWER_ATTACK,393,1.7895744353760976,1.849584653877393,2.5308404373850513,0.0037733768617497663,0.9567910270819653,False,2,57
C04_HV_POWER_ATTACK,394,1.77765353348265,1.8401484584653294,2.5139817362516186,0.003936449777726663,0.951909678676999,False,2,57
C04_HV_POWER_ATTACK,395,1.7652903285154424,1.8301983090547873,2.496497524112595,0.004096622850392052,0.9467624616225248,False,2,57
C04_HV_POWER_ATTACK,396,1.7524968232689286,1.8198164382855235,2.4784047754826837,0.004254430262245103,0.9413919149024639,False,2,57
C04_HV_POWER_ATTACK,397,1.7392779481739793,1.8089617298376595,2.459710463044091,0.004408916180258874,0.9357767690248556,False,2,57
C04_HV_POWER_ATTACK,398,1.7256389754217925,1.797613625551256,2.440422042801111,0.004561239682265687,0.9299063892437197,False,2,57
C04_HV_POWER_ATTACK,399,1.711591928506339,1.7858543580660702,2.4205565185419857,0.004711229826052582,0.9238233145429775,False,2,57
C04_HV_POWER_ATTACK,400,1.697143357540574,1.7736016947423447,2.400123153525291,0.004855957366558782,0.9174850059387075,False,2,57
C04_HV_POWER_ATTACK,401,1.682302191540511,1.760958426379776,2.379134575286571,0.005000738496560877,0.9109446371608116,False,2,57
C04_HV_POWER_ATTACK,402,1.6670749208515074,1.747862878498546,2.3575999625602555,0.005140724343291436,0.9041703039713487,False,2,57
C04_HV_POWER_ATTACK,403,1.651470263816418,1.7343356092585942,2.3355316449450516,0.005278170870971359,0.897172641116299,False,2,57
C04_HV_POWER_ATTACK,404,1.6354968417190394,1.7204177349797989,2.312941814777429,0.005413513989847232,0.8899729180876232,False,2,57
C04_HV_POWER_ATTACK,405,1.6191645671016708,1.7060681393422816,2.289844490509144,0.0055433221322802794,0.8825498653933609,False,2,57
C04_HV_POWER_ATTACK,406,1.6024838525776564,1.6913073805059817,2.266254397799209,0.005669846392778216,0.8749141177794921,False,2,57
C04_HV_POWER_ATTACK,407,1.5854618057474712,1.6761765747907773,2.242181588312611,0.005795103050385909,0.8670869447379775,False,2,57
C04_HV_POWER_ATTACK,408,1.5681083883099705,1.6606757221966684,2.2176401500189757,0.005916069439269074,0.8590683462688172,False,2,57
C04_HV_POWER_ATTACK,409,1.5504320489972971,1.6447637064037768,2.1926420312298847,0.006032387817270595,0.8508370528800506,False,2,57
C04_HV_POWER_ATTACK,410,1.532443408963288,1.62850220189192,2.1672022525251413,0.00614671351984711,0.8424249688096186,False,2,57
C04_HV_POWER_ATTACK,411,1.5141540971142764,1.6119117668210368,2.141337259661798,0.00625668900835194,0.8338427288035014,False,2,57
C04_HV_POWER_ATTACK,412,1.4955692412310095,1.59493072671131,2.1150543044169328,0.006362794354450404,0.8250584286237582,False,2,57
C04_HV_POWER_ATTACK,413,1.4767027602020506,1.5776413142024963,2.0883730710715245,0.006466065637356585,0.8161146072543103,False,2,57
C04_HV_POWER_ATTACK,414,1.4575629437866415,1.5600024129747172,2.0613052831155216,0.006564561072896015,0.8069899952031968,False,2,57
C04_HV_POWER_ATTACK,415,1.4381618893023462,1.542034581187912,2.033868048739492,0.006658972644380243,0.7976952272163983,False,2,57
C04_HV_POWER_ATTACK,416,1.4185100112476963,1.5237994933218981,2.0060760962685036,0.006751247409466044,0.7882622075318558,False,2,57
C04_HV_POWER_ATTACK,417,1.398613859255459,1.505256033056797,1.977938688282045,0.006839416292048812,0.7786696666576083,False,2,57
C04_HV_POWER_ATTACK,418,1.3784853666620223,1.4863836422326697,1.9494727010662807,0.0069221554858298435,0.7689069698476758,False,2,57
C04_HV_POWER_ATTACK,419,1.3581369532564462,1.4672645534892728,1.9206956988553407,0.007002813282175956,0.7590166560859795,False,2,57
C04_HV_POWER_ATTACK,420,1.3375799981257044,1.4478782086666673,1.8916237741083501,0.007077862404010088,0.748988090626539,False,2,57
C04_HV_POWER_ATTACK,421,1.3168216639831096,1.4282040496049135,1.8622670564316202,0.00714961968611798,0.7399872362742829,False,2,57
C04_HV_POWER_ATTACK,422,1.2958773624307622,1.4083243089437687,1.8326473411218587,0.007217808682851016,0.7470448126842237,False,2,57
C04_HV_POWER_ATTACK,423,1.274752090775489,1.388177312203415,1.8027716954381554,0.007281959166679785,0.7536844021055016,False,2,57
C04_HV_POWER_ATTACK,424,1.2534597073014286,1.3678041757037307,1.7726597179538903,0.00734196510213215,0.759895029843039,False,2,57
C04_HV_POWER_ATTACK,425,1.2320120650384392,1.3472254576046552,1.7423281713846441,0.007397800735426916,0.7656740303747236,False,2,57
C04_HV_POWER_ATTACK,426,1.21041777479469,1.3264411579061883,1.7117892332521132,0.007450214063073418,0.7710988215065345,False,2,57
C04_HV_POWER_ATTACK,427,1.1886886792788465,1.30545127660833,1.681059651675507,0.00749779904941622,0.7760238782337237,False,2,57
C04_HV_POWER_ATTACK,428,1.1668337735863512,1.2842763718710195,1.6501521476407952,0.0075426700912678895,0.7806680410992024,False,2,57
C04_HV_POWER_ATTACK,429,1.1448664412234029,1.2629370018541959,1.6190856482839562,0.007582666832700765,0.7848077127813701,False,2,57
C04_HV_POWER_ATTACK,430,1.1227953371207249,1.24141260839792,1.5878723935254007,0.00761856416558997,0.7885230947625792,False,2,57
C04_HV_POWER_ATTACK,431,1.1006342649633565,1.2197854241419486,1.5565319047237214,0.0076516502737470835,0.7919475143553852,False,2,57
C04_HV_POWER_ATTACK,432,1.0783880593834392,1.1979732164465247,1.5250710190812624,0.007679953823465932,0.7948769380803798,False,2,57
C04_HV_POWER_ATTACK,433,1.0560739314819838,1.1760582179514054,1.4935140767704964,0.0077040811997537186,0.7973741269214052,False,2,57
C04_HV_POWER_ATTACK,434,1.033698672530013,1.153999312336712,1.461870682099009,0.007724094830230881,0.7994455421511363,False,2,57
C04_HV_POWER_ATTACK,435,1.0112746286958216,1.131837615922323,1.4301582951854468,0.007740659719208808,0.8011600118645068,False,2,57
C04_HV_POWER_ATTACK,436,0.9888105330112279,1.1095936868681773,1.3983892664018476,0.007754464058560728,0.8025887640742856,False,2,57
C04_HV_POWER_ATTACK,437,0.9663178290988856,1.0872469670143359,1.3665797794745707,0.00776274305913831,0.8034456424853726,False,2,57
C04_HV_POWER_ATTACK,438,0.9438072049318813,1.0648385726806773,1.3347449494801096,0.007768262940474436,0.8040169514379891,False,2,57
C04_HV_POWER_ATTACK,439,0.9212871578663956,1.042327387547323,1.3028967934948192,0.00776895367156567,0.8040884422603896,False,2,57
C04_HV_POWER_ATTACK,440,0.8987718379003152,1.0197956442540292,1.2710553226376187,0.007766883337916915,0.8038741622647861,False,2,57
C04_HV_POWER_ATTACK,441,0.8762678188395461,0.9972022264809184,1.2392298336739764,0.0077606690231219405,0.8032309792938933,False,2,57
C04_HV_POWER_ATTACK,442,0.85378728655537,0.9745882505478684,1.2074375600283282,0.007751006744845445,0.8022309313316471,False,2,57
C04_HV_POWER_ATTACK,443,0.8313373045899136,0.95193315829494,1.1756884910577485,0.0077378808512765605,0.800872398412123,False,2,57
C04_HV_POWER_ATTACK,444,0.808930054307645,0.9292986242019508,1.1439998538130758,0.007722009043262106,0.7992296627334551,False,2,57
C04_HV_POWER_ATTACK,445,0.7865734446983064,0.9066435319490225,1.1123828332948684,0.007701309059211334,0.7970872097553765,False,2,57
C04_HV_POWER_ATTACK,446,0.7642767683905419,0.8839884396960941,1.0808505712645853,0.007677828476851271,0.7946569642305034,False,2,57
C04_HV_POWER_ATTACK,447,0.7420504607629184,0.8613333474431657,1.0494178255761233,0.007650194998202448,0.7917968930110942,False,2,57
C04_HV_POWER_ATTACK,448,0.7199052919631089,0.8387399296700548,1.0180998275183912,0.007620511613843996,0.7887246560923492,False,2,57
C04_HV_POWER_ATTACK,449,0.6978462370048102,0.816167070056883,0.9869036128232317,0.007587356672680692,0.7852931122680104,False,2,57
C04_HV_POWER_ATTACK,450,0.6758853523907571,0.7936353267635895,0.9558462319603273,0.007550072567195706,0.7814341990130349,False,2,57
C04_HV_POWER_ATTACK,451,0.6540302474643592,0.7711652579501134,0.9249384461663284,0.0075106970451840095,0.7773588236798732,False,2,57
C04_HV_POWER_ATTACK,452,0.6322909086638138,0.7487568636164547,0.8941943783975733,0.007467203033176865,0.7728571837112271,False,2,57
C04_HV_POWER_ATTACK,453,0.6106749117255386,0.7264307019225524,0.8636247423632493,0.00742162330619992,0.76813967177681,False,2,57
C04_HV_POWER_ATTACK,454,0.5891894221899862,0.7041662147084677,0.8332396716678457,0.0073725562285360926,0.763061218266477,False,2,57
C04_HV_POWER_ATTACK,455,0.5678453771861142,0.6820045182940787,0.8030546337474684,0.007320747106322075,0.7576989625320375,False,2,57
C04_HV_POWER_ATTACK,456,0.5466499262435609,0.6599661708393244,0.773079739563896,0.007266899774943272,0.752125751693269,False,2,57
C04_HV_POWER_ATTACK,457,0.5256097073951632,0.6380100560243267,0.7433243767131938,0.007208892139862575,0.7461219484910487,False,2,57
C04_HV_POWER_ATTACK,458,0.5047333241352848,0.6161772901689638,0.7138007123737753,0.0071494613441510846,0.7399708478453015,False,2,57
C04_HV_POWER_ATTACK,459,0.4840294568816367,0.5944678732732358,0.6845210225100938,0.007086610130233344,0.7334657331503511,False,2,57
C04_HV_POWER_ATTACK,460,0.4635059028665103,0.5728818053371425,0.6554963340738053,0.0070209687467031965,0.7266718352765933,False,2,57
C04_HV_POWER_ATTACK,461,0.44317092354645987,0.5514602026805624,0.6267383305288136,0.006953970426295936,0.7197374941326231,False,2,57
C04_HV_POWER_ATTACK,462,0.4230276242138337,0.530161948983617,0.5982514034216728,0.006884793896156499,0.7125777077942925,False,2,57
C04_HV_POWER_ATTACK,463,0.40308762586984415,0.5090487187261239,0.5700519873299056,0.006813647738705718,0.7052140645888,False,2,57
C04_HV_POWER_ATTACK,464,0.3833552821424406,0.48807939558820473,0.5421462392132038,0.006739699358356132,0.6975603906866624,False,2,57
C04_HV_POWER_ATTACK,465,0.3638410888873732,0.46727453772979866,0.514549002453118,0.006663000789565472,0.6896220716658908,False,2,57
C04_HV_POWER_ATTACK,466,0.3445517499780956,0.44665470331084484,0.4872697577584066,0.00658556080883112,0.6816070163431565,False,2,57
C04_HV_POWER_ATTACK,467,0.3254947506317526,0.4262198923313432,0.4603190908246731,0.006506069531139859,0.6733796513266815,False,2,57
C04_HV_POWER_ATTACK,468,0.30667839566202304,0.405990662951233,0.43370874643205515,0.006425246477594906,0.6650144472115446,False,2,57
C04_HV_POWER_ATTACK,469,0.28811068993977307,0.38592589885063583,0.40745004517749667,0.006340941293021123,0.6562888417562676,False,2,57
C04_HV_POWER_ATTACK,470,0.2698024823429448,0.3660872745093692,0.3815583296913201,0.006257279632866998,0.6476298412223267,False,2,57
C04_HV_POWER_ATTACK,471,0.25176321312594624,0.34645423176749385,0.35604695050934115,0.006170947460623643,0.6386944420899845,False,2,57
C04_HV_POWER_ATTACK,472,0.23400358786105743,0.32702677062500995,0.3309310475970716,0.0060838355221996395,0.6296783369835778,False,2,57
C04_HV_POWER_ATTACK,473,0.21653968780111246,0.30778433292197827,0.30623336328036904,0.00599325435410183,0.620303165830161,False,2,57
C04_HV_POWER_ATTACK,474,0.1993911738705419,0.2887885931382162,0.28198170230521225,0.005903330717602868,0.6109960493442587,False,2,57
C04_HV_POWER_ATTACK,475,0.18257670952136013,0.27001899311378463,0.25820245877856046,0.005812042236412077,0.6015476711275527,False,2,57
C04_HV_POWER_ATTACK,476,0.16612329441914472,0.2514960910086227,0.23493381599365318,0.0057207622010205334,0.5921001670529572,False,2,57
C04_HV_POWER_ATTACK,477,0.1500660918878033,0.23317877050285216,0.2122255024000585,0.005626702117180809,0.582364927342315,False,2,57
C04_HV_POWER_ATTACK,478,0.13445947150754206,0.21510814791635122,0.19015440819548474,0.005531971520692035,0.5725602894225595,False,2,57
C04_HV_POWER_ATTACK,479,0.11937443703683483,0.19728422324911993,0.16882094785814492,0.0054371904413047815,0.5627504265115228,False,2,57
C04_HV_POWER_ATTACK,480,0.10491751345930232,0.17972755466109744,0.1483757704646071,0.005343121855994682,0.5530143068967958,False,2,57
C04_HV_POWER_ATTACK,481,0.09124939357002011,0.16237646767246627,0.12904612994504272,0.005246219219264164,0.5429848623263194,False,2,57
C04_HV_POWER_ATTACK,482,0.07863456556304077,0.14531319492298306,0.11120606909056859,0.005150133003811883,0.5330399175407046,False,2,57
C04_HV_POWER_ATTACK,483,0.0674797412239226,0.12847606193283032,0.09543076522429818,0.005053820885929978,0.5230715918031084,False,2,57
C04_HV_POWER_ATTACK,484,0.058423301574976536,0.1119267431818255,0.08262302544594523,0.0049570913657205435,0.5130600648312755,False,2,57
C04_HV_POWER_ATTACK,485,0.05233061361515372,0.09560356419015116,0.07400666350185653,0.0048594905036336965,0.5029583537802856,False,2,57
C04_HV_POWER_ATTACK,486,0.050063779479287085,0.0797164237708043,0.07080087592326365,0.004761926094303837,0.49286041559779525,False,2,57
C04_HV_POWER_ATTACK,487,0.0519041652883315,0.09262694821258198,0.07340357449441323,0.004664240462653775,0.4827499308780568,False,2,57
C04_HV_POWER_ATTACK,488,0.05726551465556576,0.10529077473509002,0.08098566748217634,0.004567988937080642,0.4727878764579679,False,2,57
C04_HV_POWER_ATTACK,489,0.06510749161163426,0.11764622885851102,0.09207589764926569,0.004470571795609508,0.46270518053178694,False,2,57
C04_HV_POWER_ATTACK,490,0.07451415076183314,0.12979610138254064,0.10537892259609792,0.00437426252916076,0.45273714991816016,False,2,57
C04_HV_POWER_ATTACK,491,0.0848423866516633,0.1416787178273615,0.11998525386688427,0.004277233386893287,0.44269461199632043,False,2,57
C04_HV_POWER_ATTACK,492,0.09568783399617807,0.15331463635291273,0.13532303259150036,0.004181657159765288,0.43280245111630966,False,2,57
C04_HV_POWER_ATTACK,493,0.10679969535473718,0.1647038569591943,0.15103757762798417,0.004086779903118012,0.42298263383735396,False,2,57
C04_HV_POWER_ATTACK,494,0.11802069529767703,0.17584637964620625,0.16690646793067743,0.003991034042384496,0.41307291584123956,False,2,57
C04_HV_POWER_ATTACK,495,0.1292484344266591,0.18674220441394856,0.18278488888167094,0.0038975680621455315,0.4033991659861264,False,2,57
C04_HV_POWER_ATTACK,496,0.1404214389478451,0.1974324475822995,0.19858590340798807,0.0038052762458702354,0.3938469423638134,False,2,57
C04_HV_POWER_ATTACK,497,0.15149035189970292,0.20785543467144166,0.21423971022523264,0.003713154479369348,0.38431231893117734,False,2,57
C04_HV_POWER_ATTACK,498,0.16242537006563396,0.21805228200125334,0.22970416122028844,0.003621626428105622,0.37483914515835104,False,2,57
C04_HV_POWER_ATTACK,499,0.17320477820813543,0.2280229895717345,0.244948546409769,0.0035307037945439216,0.36542863225306477,False,2,57
C04_HV_POWER_ATTACK,500,0.1838150753199722,0.2377881155428243,0.25995377248613666,0.003443406755678168,0.3563933692095458,False,2,57
C04_HV_POWER_ATTACK,501,0.19424329812686564,0.24728598543470534,0.27470150661109377,0.0033540177971637195,0.3471415920146026,False,2,57
C04_HV_POWER_ATTACK,502,0.2044855312364125,0.2566193900470733,0.28918621158360175,0.0032678970272284873,0.33822807306842373,False,2,57
C04_HV_POWER_ATTACK,503,0.21453415823207625,0.2657060967401716,0.3033971161640978,0.0031819199228651975,0.3293294235410667,False,2,57
C04_HV_POWER_ATTACK,504,0.22439069480432536,0.2746283381537568,0.3173363638625989,0.003098494140822474,0.32069483644440183,False,2,57
C04_HV_POWER_ATTACK,505,0.23405327640543686,0.28334499796795065,0.3310013178104275,0.003016485864067399,0.31220696146198373,False,2,57
C04_HV_POWER_ATTACK,506,0.24352091873244913,0.2918560761827531,0.3443905859929859,0.002935934572918966,0.30386988481565674,False,2,57
C04_HV_POWER_ATTACK,507,0.25279332355352396,0.30016157279816424,0.35750374664676354,0.0028552606167652206,0.29552011231385017,False,2,57
C04_HV_POWER_ATTACK,508,0.26187218535581225,0.30830260413406224,0.3703431961384707,0.002778090561373681,0.2875329943244561,False,2,57
C04_HV_POWER_ATTACK,509,0.27075929078392025,0.3162380538705689,0.3829114611651406,0.0027017033893788475,0.2796269049416855,False,2,57
C04_HV_POWER_ATTACK,510,0.279462106493709,0.32405015464744075,0.39521910117275744,0.0026285142936145027,0.2720518171639078,False,2,57
C04_HV_POWER_ATTACK,511,0.28798010537625,0.33165667382492126,0.40726537071672586,0.0025554032853777266,0.264484811462695,False,2,57
C04_HV_POWER_ATTACK,512,0.2963175654702322,0.33911928588282775,0.4190563198573799,0.002486607953469293,0.25736447922651484,False,2,57
C04_HV_POWER_ATTACK,513,0.30448096195734503,0.3464174326612212,0.4306011058844838,0.0024175885052600972,0.25022095090309016,False,2,57
C04_HV_POWER_ATTACK,514,0.31247177078533844,0.35357167232004066,0.44190181610336265,0.0023521894595091722,0.24345213504367216,False,2,57
C04_HV_POWER_ATTACK,515,0.3202951916401662,0.36056144669934703,0.4529658039804126,0.002286660206680232,0.2366698427225634,False,2,57
C04_HV_POWER_ATTACK,516,0.32795459982373387,0.3674278721190186,0.4637978429133655,0.0022238232381040332,0.23016620242364802,False,2,57
C04_HV_POWER_ATTACK,517,0.33545426430983905,0.37415039041911624,0.4744039701428633,0.0021631547508182743,0.2238870004231978,False,2,57
C04_HV_POWER_ATTACK,518,0.34280035727521546,0.380749559759579,0.4847929144449522,0.0021053150006639042,0.21790057334839397,False,2,57
C04_HV_POWER_ATTACK,519,0.35000088884668473,0.38724593830034615,0.49497600384961965,0.002049363543252772,0.2121095849947655,False,2,57
C04_HV_POWER_ATTACK,520,0.35705891933053435,0.39361896788147843,0.5049575662835226,0.0019963687588020183,0.20662461295369217,False,2,57
C04_HV_POWER_ATTACK,521,0.36398234084585285,0.39988920666291505,0.5147487628885117,0.0019437778094995473,0.2068628780845008,False,2,57
C04_HV_POWER_ATTACK,522,0.3707748568205551,0.40607721280459513,0.5243548311025715,0.0018954537976716142,0.21006393662457673,False,2,57
C04_HV_POWER_ATTACK,523,0.3774442178749411,0.4121624281465795,0.533786731958047,0.0018484723618980463,0.21321182143475104,False,2,57
C04_HV_POWER_ATTACK,524,0.38399545050032646,0.4181654108488073,0.5430515739871281,0.0018042884180992052,0.21631716726100408,False,2,57
C04_HV_POWER_ATTACK,525,0.39043316434492015,0.4240656027513395,0.5521558762168296,0.0017615505593643126,0.21936933935735553,False,2,57
C04_HV_POWER_ATTACK,526,0.3967659859642338,0.4299246783339934,0.5611118384389525,0.0017229521862095704,0.22240024196174635,False,2,57
C04_HV_POWER_ATTACK,527,0.40299837842877184,0.4356809631169516,0.5699257723883341,0.001685128095052301,0.22537797083623556,False,2,57
C04_HV_POWER_ATTACK,528,0.4091372650629759,0.4413961315800315,0.5786074691242964,0.00165076304744471,0.22833443021876415,False,2,57
C04_HV_POWER_ATTACK,529,0.41519100569116485,0.44707018372323315,0.5871687512237702,0.0016191490875416884,0.23126962010933208,False,2,57
C04_HV_POWER_ATTACK,530,0.42116262856428816,0.45266200322667827,0.5956139012803185,0.0015882888879912144,0.23416227101597878,False,2,57
C04_HV_POWER_ATTACK,531,0.42706095053934456,0.4582538227301234,0.6039553882126867,0.0015615324112098268,0.23705492192262545,False,2,57
C04_HV_POWER_ATTACK,532,0.4328907043138559,0.4637839677537511,0.6121999050658963,0.0015362503128547797,0.23991566859133115,False,2,57
C04_HV_POWER_ATTACK,533,0.4386568619257787,0.4692729964575005,0.6203544833634583,0.0015123415912503058,0.24275514576807622,False,2,57
C04_HV_POWER_ATTACK,534,0.44436826964812765,0.47478258332118906,0.6284316336246467,0.001492563027182054,0.24560525769080163,False,2,57
C04_HV_POWER_ATTACK,535,0.4500297320181201,0.48025105386499933,0.6364381504911549,0.001474239592064708,0.2484341001215664,False,2,57
C04_HV_POWER_ATTACK,536,0.4556462710067684,0.4856989662488705,0.6443811361024986,0.0014587947896848032,0.2512523078063508,False,2,57
C04_HV_POWER_ATTACK,537,0.4612280805014944,0.49116743679268077,0.652275006792523,0.0014453580642333486,0.2540811502371156,False,2,57
C04_HV_POWER_ATTACK,538,0.46677686343997005,0.4966153491765519,0.6601221708787798,0.001434827200672519,0.2568993579219,False,2,57
C04_HV_POWER_ATTACK,539,0.47230450872806684,0.5021043778803014,0.667939441813194,0.0014270551780559634,0.2597388350986451,False,2,57
C04_HV_POWER_ATTACK,540,0.4778143911789137,0.5075934065840508,0.6757315923022632,0.0014206981478425433,0.2625783122753902,False,2,57
C04_HV_POWER_ATTACK,541,0.4833134885913649,0.5131235516076785,0.6835084904437624,0.001418583997843891,0.2654390589440959,False,2,57
C04_HV_POWER_ATTACK,542,0.48880641892673427,0.518633138471367,0.6912766670212123,0.0014157676954812438,0.2682891708668213,False,2,57
C04_HV_POWER_ATTACK,543,0.494298684075583,0.524204399814873,0.6990439028828632,0.0014171765462543875,0.2711711870274876,False,2,57
C04_HV_POWER_ATTACK,544,0.4997986692908012,0.5298167774782573,0.7068220565670764,0.0014213947200933457,0.27407447268011464,False,2,57
C04_HV_POWER_ATTACK,545,0.5053149019260782,0.5354908296214589,0.7146231875730903,0.001427058886110665,0.27700966257068255,False,2,57
C04_HV_POWER_ATTACK,546,0.5108456003801412,0.5411648817646606,0.722444776336222,0.0014340707356906685,0.27994485246125056,False,2,57
C04_HV_POWER_ATTACK,547,0.5163992262007931,0.5469006083876796,0.7302987892921333,0.0014438814268045613,0.28291194658975943,False,2,57
C04_HV_POWER_ATTACK,548,0.5219843754893183,0.5527185676504552,0.7381973831638441,0.0014558600048229175,0.2859215797021896,False,2,57
C04_HV_POWER_ATTACK,549,0.5276045519368444,0.5585982013930483,0.7461455129188653,0.0014705979291489606,0.2889631170525607,False,2,57
C04_HV_POWER_ATTACK,550,0.5332645997539145,0.5645189514555196,0.7541500293054461,0.0014853392473292404,0.2920259238948925,False,2,57
C04_HV_POWER_ATTACK,551,0.538968155465992,0.5705219341577474,0.7622160751472166,0.0015028759557436792,0.29513126972114556,False,2,57
C04_HV_POWER_ATTACK,552,0.5447238228458994,0.576627707659671,0.7703558180163901,0.0015226178663004161,0.2982897892773002,False,2,57
C04_HV_POWER_ATTACK,553,0.5505314833841192,0.5827745974814728,0.7785690903151995,0.001544233717328257,0.3014695783254155,False,2,57
C04_HV_POWER_ATTACK,554,0.5564012519635664,0.5890242781029702,0.7868701966482452,0.001567362213062398,0.3047025411034323,False,2,57
C04_HV_POWER_ATTACK,555,0.5623367510759735,0.5953767495241633,0.7952642599924648,0.001592628876054635,0.3079886776113508,False,2,57
C04_HV_POWER_ATTACK,556,0.5683395349207611,0.6017908954251739,0.8037534783177575,0.0016178541817933908,0.31130671835721024,False,2,57
C04_HV_POWER_ATTACK,557,0.5744149868392494,0.6083283902858193,0.8123454648184294,0.0016472002380693424,0.31468856757895153,False,2,57
C04_HV_POWER_ATTACK,558,0.5805677824049342,0.6149275596262821,0.8210468317539299,0.001676430308614261,0.31810232103863384,False,2,57
C04_HV_POWER_ATTACK,559,0.586805014741989,0.6216706360863189,0.8298676103166648,0.0017079599416412112,0.3215905177201784,False,2,57
C04_HV_POWER_ATTACK,560,0.5931248463988756,0.628475387026173,0.8388052019577488,0.00173932874361253,0.32511061863966384,False,2,57
C04_HV_POWER_ATTACK,561,0.5995325013142893,0.635403486925662,0.8478669944421333,0.001773439683132536,0.3286945280350312,False,2,57
C04_HV_POWER_ATTACK,562,0.6060347445724416,0.6424549357847857,0.8570625550436612,0.0018090057016252102,0.3323422459062805,False,2,57
C04_HV_POWER_ATTACK,563,0.6126332605382846,0.6496091754436053,0.866394265814092,0.001844617485046691,0.3360431375074314,False,2,57
C04_HV_POWER_ATTACK,564,0.6193263029783678,0.6568456477421812,0.8758596572063962,0.0018813587821509558,0.3397865680925035,False,2,57
C04_HV_POWER_ATTACK,565,0.6261205626921074,0.6642054690003921,0.8854681914398519,0.001918888805522534,0.3435938071534576,False,2,57
C04_HV_POWER_ATTACK,566,0.6330196912391617,0.6717091973781769,0.8952250325996515,0.001957957082037433,0.34747548943627393,False,2,57
C04_HV_POWER_ATTACK,567,0.640021848084383,0.6792951583957183,0.9051275777760271,0.0019974668071924342,0.3513997107030115,False,2,57
C04_HV_POWER_ATTACK,568,0.6471338538490315,0.6870250265328336,0.9151854727840687,0.0020378623460305893,0.3553983751916113,False,2,57
C04_HV_POWER_ATTACK,569,0.6543540370853338,0.6948576854696445,0.9253963538396662,0.0020794357931304148,0.35945021341011274,False,2,57
C04_HV_POWER_ATTACK,570,0.6616873414607941,0.7028136933660903,0.9357672123444523,0.002120478558637686,0.36356586010449604,False,2,57
C04_HV_POWER_ATTACK,571,0.6691322865769056,0.710893050222171,0.9462959546987804,0.0021634516449085405,0.3677453152747613,False,2,57
C04_HV_POWER_ATTACK,572,0.6766937759879315,0.7190957560378863,0.9569895155755938,0.002206479928889621,0.37198857892090836,False,2,57
C04_HV_POWER_ATTACK,573,0.6843700624597505,0.7274012526532975,0.9678454240127013,0.0022488001796771,0.3762850162969571,False,2,57
C04_HV_POWER_ATTACK,574,0.6921612395026691,0.7358300982283434,0.9788638122536467,0.002291800745004745,0.3806452621488878,False,2,57
C04_HV_POWER_ATTACK,575,0.7000689903262552,0.7443822927630241,0.9900470607162293,0.0023360830517634725,0.3850693164767003,False,2,57
C04_HV_POWER_ATTACK,576,0.7080947460052908,0.7530372780974006,1.001397193245814,0.002379639130919041,0.38954654453441445,False,2,57
C04_HV_POWER_ATTACK,577,0.7162403854825256,0.761836170551351,1.0129168670687214,0.0024233753234177064,0.39409821581399085,False,2,57
C04_HV_POWER_ATTACK,578,0.724500712072222,0.770717295645058,1.024598732961501,0.0024668766673852107,0.3986924260774885,False,2,57
C04_HV_POWER_ATTACK,579,0.7328789979389287,0.7797217696983997,1.0364474184636365,0.002509801058491412,0.40335044481686805,False,2,57
C04_HV_POWER_ATTACK,580,0.7413737136940497,0.7888495927113763,1.0484607606930332,0.002553396717064768,0.4080722720321296,False,2,57
C04_HV_POWER_ATTACK,581,0.7499828775583757,0.7980596483641094,1.0606359569906552,0.0025955324511101607,0.4128366382313123,False,2,57
C04_HV_POWER_ATTACK,582,0.7587065887625625,0.8073930529764773,1.0729731476898423,0.002637729339805018,0.41766481290637697,False,2,57
C04_HV_POWER_ATTACK,583,0.7675431229008948,0.816829248388541,1.0854698941126448,0.0026792379092351356,0.42254616131134326,False,2,57
C04_HV_POWER_ATTACK,584,0.7764907758066745,0.8263682346003003,1.0981237862034054,0.002720696683171363,0.4274806834462111,False,2,57
C04_HV_POWER_ATTACK,585,0.7855476265465647,0.8359894534518161,1.110932107352147,0.0027607375376247838,0.4324577445650002,False,2,57
C04_HV_POWER_ATTACK,586,0.794713836554716,0.8457340212629668,1.1238950858612344,0.0028008634416793,0.4374986141596713,False,2,57
C04_HV_POWER_ATTACK,587,0.8039859195497338,0.855560821713874,1.1370077913842376,0.002840223093364442,0.4425820227382636,False,2,57
C04_HV_POWER_ATTACK,588,0.8133620162316929,0.8654698548045378,1.1502675944739857,0.0028775607347583864,0.44770797030077714,False,2,57
C05_BATTERY_THERMAL_ATTACK,0,0.0995181222396125,0.1738316799721709,0.14073987817316352,0.009878426078661845,1.0224193081041815,True,2,57
C05_BATTERY_THERMAL_ATTACK,1,0.10824429860271077,0.20156463773006592,0.15308055513351662,0.009851501044939651,1.0196325610930972,True,2,57
C05_BATTERY_THERMAL_ATTACK,2,0.1229078145756462,0.22917424652832613,0.17381789829451644,0.009821118440573342,1.016487954747183,True,2,57
C05_BATTERY_THERMAL_ATTACK,3,0.14162371189786735,0.2566399482070124,0.20028617411958388,0.009786586400144223,1.0129138808408924,True,2,57
C05_BATTERY_THERMAL_ATTACK,4,0.16294460692271945,0.28392062644624644,0.23043847302566275,0.009747240839334922,1.0088416064988783,True,2,57
C05_BATTERY_THERMAL_ATTACK,5,0.1859230355216163,0.3110368394059674,0.2629348783922445,0.009703739808095102,1.0043392400380808,True,2,57
C05_BATTERY_THERMAL_ATTACK,6,0.20996142564775025,0.3379680289262361,0.2969302957262386,0.009656097837705956,0.9994082854493525,False,2,57
C05_BATTERY_THERMAL_ATTACK,7,0.2346793803751137,0.3646936368471135,0.3318867625358002,0.009604334296370925,0.9940507473460808,False,2,57
C05_BATTERY_THERMAL_ATTACK,8,0.25983279078634736,0.39123422132853863,0.3674590566793034,0.00954838381550167,0.988259860064755,False,2,57
C05_BATTERY_THERMAL_ATTACK,9,0.285250381460063,0.4175281078906941,0.40340495813291993,0.009487641340550005,0.9819730003243387,False,2,57
C05_BATTERY_THERMAL_ATTACK,10,0.31081577553013245,0.4435958546935191,0.43955988515422484,0.009423465941919871,0.9753308322155483,False,2,57
C05_BATTERY_THERMAL_ATTACK,11,0.33644853258203283,0.46945801989695274,0.47581007781803697,0.009355058423363547,0.9682506387480323,False,2,57
C05_BATTERY_THERMAL_ATTACK,12,0.3620809451961603,0.4950529290211776,0.5120597833732793,0.009283275516777215,0.9608210918646237,False,2,57
C05_BATTERY_THERMAL_ATTACK,13,0.3876661336398397,0.5204011402261328,0.5482427038662021,0.009207311256903872,0.9529587739809968,False,2,57
C05_BATTERY_THERMAL_ATTACK,14,0.4131613715546579,0.5454615371919401,0.5842984151012667,0.009126531278114816,0.9445980281127273,False,2,57
C05_BATTERY_THERMAL_ATTACK,15,0.4385326589741022,0.5702341199185995,0.6201788338647107,0.009042351634914531,0.9358854162176803,False,2,57
C05_BATTERY_THERMAL_ATTACK,16,0.4637581317294954,0.5947600047259892,0.6558530395526608,0.008955325898599988,0.9268782330488788,False,2,57
C05_BATTERY_THERMAL_ATTACK,17,0.4888078703785561,0.6189364008144137,0.6912787196840638,0.008862877163360715,0.9173097682787049,False,2,57
C05_BATTERY_THERMAL_ATTACK,18,0.5136653912899566,0.6428455408236293,0.7264325628839393,0.008768301770462665,0.9075211939652952,False,2,57
C05_BATTERY_THERMAL_ATTACK,19,0.5383133260299386,0.666446308433758,0.7612900064777088,0.00866953129767885,0.8972984279456268,False,2,57
C05_BATTERY_THERMAL_ATTACK,20,0.562735143972725,0.6897387036447996,0.7958276726302038,0.008568731314711718,0.8868656071681563,False,2,57
C05_BATTERY_THERMAL_ATTACK,21,0.586911184343721,0.7126404938169976,0.830017756807346,0.008462551336111413,0.8758759556396057,False,2,57
C05_BATTERY_THERMAL_ATTACK,22,0.6108326770809895,0.7352544697500476,0.8638478562686006,0.008353411800943851,0.8645799893445432,False,2,57
C05_BATTERY_THERMAL_ATTACK,23,0.6344821841749176,0.7574983988041932,0.8972933099442725,0.00824092604718709,0.8529376886772345,False,2,57
C05_BATTERY_THERMAL_ATTACK,24,0.6578492418222796,0.7793928391393735,0.9303393197819256,0.008124946629471046,0.8409337930089048,False,2,57
C05_BATTERY_THERMAL_ATTACK,25,0.6809228723765001,0.8009377907555885,0.9629703610448905,0.008006922594113224,0.8287182789574442,False,2,57
C05_BATTERY_THERMAL_ATTACK,26,0.7036913795132093,0.8220921373329599,0.9951698926326132,0.007885551582890123,0.8161563521554939,False,2,57
C05_BATTERY_THERMAL_ATTACK,27,0.7261457858560436,0.8428764370314268,1.026925218617686,0.007759908041028349,0.8031522174770397,False,2,57
C05_BATTERY_THERMAL_ATTACK,28,0.748274892656415,0.8632906898509893,1.058220501577974,0.007633709042662226,0.7900905929261769,False,2,57
C05_BATTERY_THERMAL_ATTACK,29,0.7700728174753062,0.8833143376317082,1.089047422488439,0.007503276922887817,0.7765908393629678,False,2,57
C05_BATTERY_THERMAL_ATTACK,30,0.7915285482816863,0.9029473803735835,1.119390407985448,0.007370057921282013,0.7628026429070212,False,2,57
C05_BATTERY_THERMAL_ATTACK,31,0.8126322853772411,0.922169259916676,1.1492355992027377,0.00723337278760391,0.748655701006513,False,2,57
C05_BATTERY_THERMAL_ATTACK,32,0.8333745962084803,0.9409799762609858,1.1785696564952346,0.00709623822777385,0.734462243398779,False,2,57
C05_BATTERY_THERMAL_ATTACK,33,0.8537539978365426,0.9594000875664521,1.2073904826706887,0.006955412366080656,0.7198867352227807,False,2,57
C05_BATTERY_THERMAL_ATTACK,34,0.8737581552576345,0.9773884775131965,1.235680633399443,0.006812675244287326,0.7051134111990323,False,2,57
C05_BATTERY_THERMAL_ATTACK,35,0.8933846504896645,0.9949862624210972,1.263436689138431,0.006668444587781254,0.6901855059985383,False,2,57
C05_BATTERY_THERMAL_ATTACK,36,0.9126240154300321,1.012131767810337,1.290645259968544,0.006520844245253782,0.6749088375413178,False,2,57
C05_BATTERY_THERMAL_ATTACK,37,0.9314670617471182,1.0288249936809157,1.317293351626592,0.006371377773955598,0.6594390243390345,False,2,57
C05_BATTERY_THERMAL_ATTACK,38,0.9499115714287688,1.0451070563527118,1.343377827369704,0.006220432187078415,0.6438161223435727,False,2,57
C05_BATTERY_THERMAL_ATTACK,39,0.9679520405634017,1.060957397665786,1.368890903491475,0.006067361575138042,0.6279732797788834,False,2,57
C05_BATTERY_THERMAL_ATTACK,40,0.9855812199702526,1.0763554594601992,1.393822328102152,0.00591230698331069,0.6119250948522446,False,2,57
C05_BATTERY_THERMAL_ATTACK,41,1.002795390635551,1.0913217998958906,1.4181668417220217,0.005755815136906435,0.5957281537555047,False,2,57
C05_BATTERY_THERMAL_ATTACK,42,1.0195909144283817,1.10585641897286,1.4419192992570031,0.005598648403067605,0.5794613616583716,False,2,57
C05_BATTERY_THERMAL_ATTACK,43,1.0359601898124102,1.1198976422112903,1.4650689505113164,0.005439028305942998,0.5793235865532007,False,2,57
C05_BATTERY_THERMAL_ATTACK,44,1.0519031924152267,1.1335277022509376,1.487615761017169,0.005278416863752383,0.5863744231381519,False,2,57
C05_BATTERY_THERMAL_ATTACK,45,1.067412826373112,1.146684924611985,1.5095496957078527,0.005116666881450242,0.593180660565556,False,2,57
C05_BATTERY_THERMAL_ATTACK,46,1.0824852062972312,1.1593693092944322,1.530865259813782,0.004952107919596783,0.5997422988354125,False,2,57
C05_BATTERY_THERMAL_ATTACK,47,1.09711892472017,1.1716425307780967,1.5515604628754511,0.004788841581434507,0.6060912421856628,False,2,57
C05_BATTERY_THERMAL_ATTACK,48,1.1113099244443139,1.1834223564232218,1.5716295671489682,0.00462465021502666,0.6121849516323853,False,2,57
C05_BATTERY_THERMAL_ATTACK,49,1.125059723014104,1.194770460709625,1.5910747187662637,0.004459526648040585,0.6180553314135212,False,2,57
C05_BATTERY_THERMAL_ATTACK,50,1.1383630581066617,1.2056457273174281,1.6098884756789527,0.00429315864558912,0.6236811120371097,False,2,57
C05_BATTERY_THERMAL_ATTACK,51,1.1512181209209118,1.2160687144065705,1.6280682798560233,0.004126910394420184,0.6290729282491313,False,2,57
C05_BATTERY_THERMAL_ATTACK,52,1.1636229029259482,1.2260188638171123,1.6456112908058274,0.003959395099404276,0.6342201453036055,False,2,57
C05_BATTERY_THERMAL_ATTACK,53,1.1755774556658152,1.2355372918689327,1.6625175814226516,0.0037916300025647317,0.6391440326924931,False,2,57
C05_BATTERY_THERMAL_ATTACK,54,1.1870764230655773,1.2445623240822135,1.6787795770726812,0.003624649208346607,0.6438126861778529,False,2,57
C05_BATTERY_THERMAL_ATTACK,55,1.198124698807869,1.2531556349367725,1.694404198468268,0.00345655674857884,0.6482580099976262,False,2,57
C05_BATTERY_THERMAL_ATTACK,56,1.2087207292423345,1.2613172244326096,1.7093892484160074,0.003289951639159603,0.6524800041518126,False,2,57
C05_BATTERY_THERMAL_ATTACK,57,1.218864207196837,1.2690059762498467,1.723734292508897,0.0031239283901157455,0.6564573991484518,False,2,57
C05_BATTERY_THERMAL_ATTACK,58,1.2285566415910552,1.2762424485484227,1.737441464681612,0.00295630881036386,0.660200829733524,False,2,57
C05_BATTERY_THERMAL_ATTACK,59,1.2377929097352043,1.2830060831683987,1.7505035203567822,0.002790239949307472,0.6636996611610488,False,2,57
C05_BATTERY_THERMAL_ATTACK,60,1.2465779640026486,1.2893379964296527,1.7629274632479854,0.002623994005468943,0.666975162922987,False,2,57
C05_BATTERY_THERMAL_ATTACK,61,1.2549118479921746,1.2952381883321848,1.774713355013217,0.0024594659879242217,0.6700273350193384,False,2,57
C05_BATTERY_THERMAL_ATTACK,62,1.2627978575178214,1.300706658875995,1.7858658566373904,0.002295842838683041,0.6728561774501032,False,2,57
C05_BATTERY_THERMAL_ATTACK,63,1.2702341156888817,1.3057022917412053,1.7963823137962114,0.0021334194320616006,0.6754404207233207,False,2,57
C05_BATTERY_THERMAL_ATTACK,64,1.2772256928790255,1.3102867614076326,1.8062698970808913,0.001971577321038132,0.6778119690769316,False,2,57
C05_BATTERY_THERMAL_ATTACK,65,1.283772580836963,1.3144395097153383,1.8155285948223439,0.00181314513549728,0.679960187764956,False,2,57
C05_BATTERY_THERMAL_ATTACK,66,1.289879719637966,1.3181605366643219,1.8241653933420172,0.0016554594750232202,0.6818850767873936,False,2,57
C05_BATTERY_THERMAL_ATTACK,67,1.2955470830830726,1.3214498422545837,1.8321802555889843,0.0014987559861538542,0.6835866361442446,False,2,57
C05_BATTERY_THERMAL_ATTACK,68,1.3007763836803712,1.324327984646063,1.8395756034154098,0.0013459174339272668,0.6850755005814894,False,2,57
C05_BATTERY_THERMAL_ATTACK,69,1.3055726429552246,1.3267949638387593,1.846358538330565,0.0011966601056366212,0.6863516700991276,False,2,57
C05_BATTERY_THERMAL_ATTACK,70,1.3099392072402354,1.328850779832673,1.8525337927634014,0.0010533331968669575,0.6874151446971595,False,2,57
C05_BATTERY_THERMAL_ATTACK,71,1.3138810894565525,1.3304954326278038,1.8581084560549943,0.0009153689950042006,0.6882659243755849,False,2,57
C05_BATTERY_THERMAL_ATTACK,72,1.317401685650094,1.331749480384091,1.86308733093954,0.0007851806365860321,0.6889146438803843,False,2,57
C05_BATTERY_THERMAL_ATTACK,73,1.320502646180332,1.3325923649415956,1.867472751377786,0.0006670168946795471,0.6893506684655774,False,2,57
C05_BATTERY_THERMAL_ATTACK,74,1.3231890733131444,1.333065202620196,1.8712719330633365,0.0005699631516309667,0.6895952676231247,False,2,57
C05_BATTERY_THERMAL_ATTACK,75,1.3254694234133482,1.3331679934198915,1.8744968351020033,0.0004997314346429343,0.6896484413530263,False,2,57
C05_BATTERY_THERMAL_ATTACK,76,1.3273453608543053,1.3331679934198915,1.8771498112731684,0.00047012096847302316,0.6896484413530263,False,2,57
C05_BATTERY_THERMAL_ATTACK,77,1.328821958346972,1.3331679934198915,1.879238035473464,0.0004864690827860028,0.6896484413530263,False,2,57
C05_BATTERY_THERMAL_ATTACK,78,1.3299042860544534,1.3331679934198915,1.8807686779963162,0.0005435150426624956,0.6900933457550746,False,2,57
C05_BATTERY_THERMAL_ATTACK,79,1.3305974174355215,1.3331679934198915,1.8817489137959291,0.0006288324894486492,0.6904530147619534,False,2,57
C05_BATTERY_THERMAL_ATTACK,80,1.3309081491793942,1.3331679934198915,1.8821883548423737,0.0007296506388979059,0.6906142548684859,False,2,57
C05_BATTERY_THERMAL_ATTACK,81,1.3308432670591817,1.3331679934198915,1.8820965976680137,0.0008395021646067386,0.6905805872430134,False,2,57
C05_BATTERY_THERMAL_ATTACK,82,1.3304078494034244,1.3331679934198915,1.8814808241139451,0.0009555744969572629,0.6903546470531718,False,2,57
C05_BATTERY_THERMAL_ATTACK,83,1.329606985552578,1.3331679934198915,1.8803482315944637,0.0010754129940909148,0.6899390751807294,False,2,57
C05_BATTERY_THERMAL_ATTACK,84,1.3284491619913459,1.3331679934198915,1.878710821811334,0.001194327641628152,0.6896484413530263,False,2,57
C05_BATTERY_THERMAL_ATTACK,85,1.3269411857585027,1.3331679934198915,1.876578221371111,0.0013141962598417823,0.6896484413530263,False,2,57
C05_BATTERY_THERMAL_ATTACK,86,1.3250881359902709,1.3331679934198915,1.8739576132571254,0.0014335661043167838,0.6896484413530263,False,2,57
C05_BATTERY_THERMAL_ATTACK,87,1.3228934028073367,1.3328801791807436,1.8708537918240293,0.001552831683427679,0.6894995549093019,False,2,57
C05_BATTERY_THERMAL_ATTACK,88,1.3203688779154934,1.3322223180626913,1.8672835744834362,0.0016683628920321331,0.6891592430379317,False,2,57
C05_BATTERY_THERMAL_ATTACK,89,1.3175213605314418,1.3311944100657345,1.863256576779817,0.001782142714818274,0.6886275057389157,False,2,57
C05_BATTERY_THERMAL_ATTACK,90,1.3143576697167558,1.329796455189873,1.8587824423225332,0.0018941291760197594,0.687904343012254,False,2,57
C05_BATTERY_THERMAL_ATTACK,91,1.310886334187112,1.3280695697549856,1.8538732325369633,0.0020042926966834978,0.6870110243499072,False,2,57
C05_BATTERY_THERMAL_ATTACK,92,1.307114113534698,1.3260137537610721,1.8485385069300553,0.002111843923345685,0.6859475497518754,False,2,57
C05_BATTERY_THERMAL_ATTACK,93,1.3030460990138808,1.323608449048193,1.8427854656227851,0.002217268054276808,0.6847032844721781,False,2,57
C05_BATTERY_THERMAL_ATTACK,94,1.2986924996988438,1.3208536556163488,1.8366285464263215,0.0023189095851013,0.6832782285108154,False,2,57
C05_BATTERY_THERMAL_ATTACK,95,1.294061886153597,1.3178110479453566,1.830079869948525,0.0024192189402401695,0.6817042861057283,False,2,57
C05_BATTERY_THERMAL_ATTACK,96,1.2891609662941828,1.3144395097153383,1.8231489226152375,0.0025155849127718654,0.679960187764956,False,2,57
C05_BATTERY_THERMAL_ATTACK,97,1.2839982948838193,1.3107595990862329,1.815847802688626,0.0026094645449941632,0.678056568234479,False,2,57
C05_BATTERY_THERMAL_ATTACK,98,1.2785807155732292,1.3067507578981012,1.8081861885523574,0.002700372677578344,0.6759827927683169,False,2,57
C05_BATTERY_THERMAL_ATTACK,99,1.2729202020438957,1.3024952187907,1.8001810135491776,0.0027889564232213785,0.6737814003503909,False,2,57
C05_BATTERY_THERMAL_ATTACK,100,1.2670217459151214,1.2979518654441509,1.7918393368948025,0.0028742049538200785,0.6714311214887405,False,2,57
C05_BATTERY_THERMAL_ATTACK,101,1.2608938755142483,1.2931206978584537,1.7831732194654228,0.002956200955000568,0.6689319561833655,False,2,57
C05_BATTERY_THERMAL_ATTACK,102,1.2545451652690291,1.2880222741935479,1.774194787333057,0.003035582739409548,0.6662945391802465,False,2,57
C05_BATTERY_THERMAL_ATTACK,103,1.2479857940975194,1.2826771526093725,1.7649184356616687,0.0031114400824459806,0.6635295052253638,False,2,57
C05_BATTERY_THERMAL_ATTACK,104,1.2412209052416139,1.2770647749459882,1.7553514380937005,0.0031848091239459913,0.6606262195727367,False,2,57
C05_BATTERY_THERMAL_ATTACK,105,1.2342624178392996,1.2712262575232736,1.7455106508357454,0.003254619506404917,0.6576059517143263,False,2,57
C05_BATTERY_THERMAL_ATTACK,106,1.2271154606190273,1.265141042181289,1.7354033270051359,0.003321871411478079,0.6544580669041519,False,2,57
C05_BATTERY_THERMAL_ATTACK,107,1.2197902791685853,1.2588502452399133,1.725043956051077,0.0033862984930707798,0.6512038346341744,False,2,57
C05_BATTERY_THERMAL_ATTACK,108,1.2122952783392074,1.252333308539207,1.7144444242281733,0.00344660259075588,0.6478326201584134,False,2,57
C05_BATTERY_THERMAL_ATTACK,109,1.2046373879187053,1.2455902320791703,1.7036145317363323,0.003504339114187784,0.6443444234768688,False,2,57
C05_BATTERY_THERMAL_ATTACK,110,1.1968285391017834,1.2386621321796814,1.69257115183292,0.0035585477414961505,0.6407605140815015,False,2,57
C05_BATTERY_THERMAL_ATTACK,111,1.188873879013466,1.2315490088407401,1.6813215636519538,0.003610765087311648,0.6370808919723112,False,2,57
C05_BATTERY_THERMAL_ATTACK,112,1.1807818847283778,1.2242508620623467,1.6698777555873363,0.003659541234075455,0.6333055571492981,False,2,57
C05_BATTERY_THERMAL_ATTACK,113,1.1725610899694459,1.216767691844501,1.6582517961457695,0.003704919257451761,0.6294345096124621,False,2,57
C05_BATTERY_THERMAL_ATTACK,114,1.1642217339402499,1.2091406145070815,1.6464581657478226,0.0037474842953947817,0.625489018853764,False,2,57
C05_BATTERY_THERMAL_ATTACK,115,1.1557705474378817,1.2013285137302097,1.6345063831780289,0.003785988434100931,0.6214478153812428,False,2,57
C05_BATTERY_THERMAL_ATTACK,116,1.147216254357815,1.193393063993703,1.6224087858876841,0.003823123870674232,0.6173428034328399,False,2,57
C05_BATTERY_THERMAL_ATTACK,117,1.1385671879604142,1.1852931489776832,1.6101771588866145,0.0038554445969022234,0.6131527135165943,False,2,57
C05_BATTERY_THERMAL_ATTACK,118,1.1298320542939635,1.1770698850020287,1.5978238143863783,0.003885728290233914,0.6088988151244669,False,2,57
C05_BATTERY_THERMAL_ATTACK,119,1.1210176773679807,1.1687438302266784,1.585358402993785,0.00391393029950597,0.6045917430024378,False,2,57
C05_BATTERY_THERMAL_ATTACK,120,1.1121307718522693,1.1602738683317542,1.5727904206859376,0.003938033510528718,0.6002102276585465,False,2,57
C05_BATTERY_THERMAL_ATTACK,121,1.1031817061689035,1.1517216737970735,1.560134530625954,0.0039600492487690125,0.595786173330734,False,2,57
C05_BATTERY_THERMAL_ATTACK,122,1.0941755311554258,1.143046130302758,1.5473978757767881,0.00397865595485344,0.5912983105270395,False,2,57
C05_BATTERY_THERMAL_ATTACK,123,1.0851225797366757,1.1342883541686857,1.534595069100887,0.0039944986868105554,0.5867679087394237,False,2,57
C05_BATTERY_THERMAL_ATTACK,124,1.0760296650487617,1.125448345394857,1.5217357458277376,0.0040075890978018645,0.5821949679678867,False,2,57
C05_BATTERY_THERMAL_ATTACK,125,1.0669036586952492,1.116546662141211,1.5088296238722971,0.004018611130792531,0.5775901229584088,False,2,57
C05_BATTERY_THERMAL_ATTACK,126,1.0577513160278995,1.1075833044077474,1.4958862567446451,0.0040268736262570335,0.5729533737109898,False,2,57
C05_BATTERY_THERMAL_ATTACK,127,1.048579449847432,1.0985377140345274,1.482915279199957,0.004031699376771673,0.5682740854796496,False,2,57
C05_BATTERY_THERMAL_ATTACK,128,1.0393951153794518,1.0894715655013683,1.4699266688339687,0.004035835075155006,0.5635841625023291,False,2,57
C05_BATTERY_THERMAL_ATTACK,129,1.0302048878121295,1.0803437424883917,1.4569297243669663,0.004035835075155006,0.5588623352870676,False,2,57
C05_BATTERY_THERMAL_ATTACK,130,1.0210157655690262,1.0711748031555368,1.4439343430644653,0.004033765788247954,0.5541192385798455,False,2,57
C05_BATTERY_THERMAL_ATTACK,131,1.0118362563709877,1.0619853056627429,1.430952556660671,0.004028942512821822,0.549365507126643,False,2,57
C05_BATTERY_THERMAL_ATTACK,132,1.0026698785785482,1.0527752500100098,1.4179893408687672,0.004022732661051113,0.5446011409274604,False,2,57
C05_BATTERY_THERMAL_ATTACK,133,0.9935250638344167,1.0435446361973375,1.4050566198322272,0.004013081482363237,0.5398261399822972,False,2,57
C05_BATTERY_THERMAL_ATTACK,134,0.9844054441153128,1.0343140223846652,1.3921595299417853,0.00400272502572013,0.5350511390371342,False,2,57
C05_BATTERY_THERMAL_ATTACK,135,0.9753177485728548,1.025083408571993,1.3793075876549237,0.003989618655164564,0.5302761380919712,False,2,57
C05_BATTERY_THERMAL_ATTACK,136,0.9662671437474105,1.0158527947593208,1.366508099563101,0.003974432798584955,0.525501137146808,False,2,57
C05_BATTERY_THERMAL_ATTACK,137,0.9572588462398578,1.0066427391065875,1.353768443054028,0.003957864132361413,0.5207367709476253,False,2,57
C05_BATTERY_THERMAL_ATTACK,138,0.9482995540351643,0.9974532416137937,1.3410980905088872,0.003938558785015477,0.5159830394944229,False,2,57
C05_BATTERY_THERMAL_ATTACK,139,0.9393927799424303,0.9882637441209996,1.3285020097899494,0.00391713684168648,0.5112293080412204,False,2,57
C05_BATTERY_THERMAL_ATTACK,140,0.9305455152825455,0.979135921108023,1.315990088118036,0.0038950524470007177,0.506507480825959,False,2,57
C05_BATTERY_THERMAL_ATTACK,141,0.9217609848766961,0.9700286562549857,1.303566886079005,0.003870204535437337,0.5017962883566778,False,2,57
C05_BATTERY_THERMAL_ATTACK,142,0.9130428362530908,0.9609830658817656,1.291237562056718,0.0038453446807990193,0.4971170001253376,False,2,57
C05_BATTERY_THERMAL_ATTACK,143,0.904394360634659,0.9519580336684847,1.2790067705432786,0.0038176990885377946,0.4924483466399777,False,2,57
C05_BATTERY_THERMAL_ATTACK,144,0.8958225221247488,0.9430152340949604,1.2668843602680917,0.0037894106817486146,0.4878222321385391,False,2,57
C05_BATTERY_THERMAL_ATTACK,145,0.8873272670223319,0.9340929926813751,1.2548702552864346,0.003758970420485103,0.48320675238308075,False,2,57
C05_BATTERY_THERMAL_ATTACK,146,0.8789172517600845,0.9252529839075465,1.2429766976427996,0.003727207233779656,0.4786338116115438,False,2,57
C05_BATTERY_THERMAL_ATTACK,147,0.8705925062074875,0.9164746496135352,1.2312037295790117,0.0036947071070875743,0.47409277507794767,False,2,57
C05_BATTERY_THERMAL_ATTACK,148,0.8623565057936882,0.9077579897993414,1.2195562660941064,0.0036608000997767117,0.4695836427822926,False,2,57
C05_BATTERY_THERMAL_ATTACK,149,0.8542143842998142,0.8991441207848432,1.2080415674509803,0.0036262755900455775,0.46512768421653905,False,2,57
C05_BATTERY_THERMAL_ATTACK,150,0.8461644344262098,0.8905919262501625,1.1966572191633054,0.0035909816747320272,0.46070362988872654,False,2,57
C05_BATTERY_THERMAL_ATTACK,151,0.8382118237657312,0.8821219643552383,1.1854105293109836,0.0035543268626213784,0.45632211454483523,False,2,57
C05_BATTERY_THERMAL_ATTACK,152,0.8303583238540471,0.8737547932600097,1.174304003223784,0.003517688737705135,0.4519937729308455,False,2,57
C05_BATTERY_THERMAL_ATTACK,153,0.8226039031230102,0.8654492966445986,1.1633375962576047,0.003479594719060848,0.4476973355547968,False,2,57
C05_BATTERY_THERMAL_ATTACK,154,0.814955422099657,0.8572465908288832,1.1525210106628252,0.003440196407824339,0.4434540719086497,False,2,57
C05_BATTERY_THERMAL_ATTACK,155,0.8074112876182244,0.8491466758128634,1.1418519933628168,0.00340143692546853,0.43926398199240413,False,2,57
C05_BATTERY_THERMAL_ATTACK,156,0.7999715175757691,0.8411289934366002,1.1313305696678395,0.0033619301391780458,0.43511643106007986,False,2,57
C05_BATTERY_THERMAL_ATTACK,157,0.7926395759987785,0.8332346600199718,1.1209616384511323,0.0033224982801612303,0.4310326886036375,False,2,57
C05_BATTERY_THERMAL_ATTACK,158,0.7854120666977694,0.8254225592431,1.1107403967754674,0.00328296030356142,0.42699148513111645,False,2,57
C05_BATTERY_THERMAL_ATTACK,159,0.7782957120284745,0.8177132492659238,1.1006763514874933,0.0032414570391481926,0.42300345538849693,False,2,57
C05_BATTERY_THERMAL_ATTACK,160,0.7712873338935777,0.8101272882483825,1.0907650080788835,0.0032019545504384135,0.4190792341217594,False,2,57
C05_BATTERY_THERMAL_ATTACK,161,0.7643851655793295,0.8026235598705977,1.0810038680390917,0.0031616892502387083,0.4151975518389431,False,2,57
C05_BATTERY_THERMAL_ATTACK,162,0.7575926865394834,0.7952431804524477,1.0713978520588063,0.0031214944889477072,0.41137967803200864,False,2,57
C05_BATTERY_THERMAL_ATTACK,163,0.7509081462516889,0.7879655918339934,1.061944484525578,0.003081273422661256,0.40761497795497587,False,2,57
C05_BATTERY_THERMAL_ATTACK,164,0.7443315931520006,0.7807907940152348,1.052643833938332,0.00304102500763774,0.40390345160784463,False,2,57
C05_BATTERY_THERMAL_ATTACK,165,0.7378614422822936,0.7737599033160502,1.0434936588277923,0.003002893138355586,0.4002663684825757,False,2,57
C05_BATTERY_THERMAL_ATTACK,166,0.7314941011273007,0.766811245256622,1.0344888786101452,0.00296401382990163,0.396671824341228,False,2,57
C05_BATTERY_THERMAL_ATTACK,167,0.7252313840515333,0.7599653779968896,1.0256320591842891,0.002925124282216783,0.39313045392978185,False,2,57
C05_BATTERY_THERMAL_ATTACK,168,0.7190716733106415,0.7532428596967919,1.0169209127142247,0.0028876223979291114,0.38965289199421765,False,2,57
C05_BATTERY_THERMAL_ATTACK,169,0.713013160589196,0.7466025740364509,1.0083528818557466,0.002849378295681424,0.38621786904257477,False,2,57
C05_BATTERY_THERMAL_ATTACK,170,0.7070543706613301,0.740126753655623,0.9999258803244264,0.002814677007034112,0.3828679240587744,False,2,57
C05_BATTERY_THERMAL_ATTACK,171,0.7011882137419763,0.7337126077546123,0.9916298816500675,0.0027791751903703515,0.37954988331291495,False,2,57
C05_BATTERY_THERMAL_ATTACK,172,0.6954182215364642,0.7274012526532975,0.9834698804182452,0.0027437058046441165,0.3762850162969571,False,2,57
C05_BATTERY_THERMAL_ATTACK,173,0.6897410631607668,0.7212132465116174,0.9754411660475939,0.002710320543569305,0.37308395775688125,False,2,57
C05_BATTERY_THERMAL_ATTACK,174,0.6841532105847565,0.7151280311696331,0.9675387491500588,0.0026776454438755906,0.36993607294670694,False,2,57
C05_BATTERY_THERMAL_ATTACK,175,0.6786496372210723,0.7091456066273444,0.9597555210576212,0.0026469982988895488,0.3668413618664342,False,2,57
C05_BATTERY_THERMAL_ATTACK,176,0.6732285522410748,0.7032454147248122,0.9520889491561317,0.002616348124904225,0.36378918977008273,False,2,57
C05_BATTERY_THERMAL_ATTACK,177,0.6678866766456604,0.6974480136219757,0.9445343962405868,0.002587754427702255,0.3607901914036329,False,2,57
C05_BATTERY_THERMAL_ATTACK,178,0.6626205394593859,0.691753403318835,0.9370869536104403,0.0025605816105156247,0.3578443667670846,False,2,57
C05_BATTERY_THERMAL_ATTACK,179,0.657425003021639,0.6861410256554507,0.9297393555163748,0.002534764726470165,0.3549410811144576,False,2,57
C05_BATTERY_THERMAL_ATTACK,180,0.6522983324935071,0.6806314387917621,0.9224891485256722,0.002510394091629259,0.3520909691917322,False,2,57
C05_BATTERY_THERMAL_ATTACK,181,0.6472336965543676,0.6751835264078909,0.915326671692059,0.0024873377717937292,0.34927276150694775,False,2,57
C05_BATTERY_THERMAL_ATTACK,182,0.6422294546006189,0.6698178466637763,0.908249604851671,0.0024656819988648575,0.3464970928060846,False,2,57
C05_BATTERY_THERMAL_ATTACK,183,0.6372821519398518,0.6645549577193575,0.9012530623316498,0.0024461691570997024,0.34377459783512304,False,2,57
C05_BATTERY_THERMAL_ATTACK,184,0.6323815841319832,0.6593537432547559,0.894322612874433,0.002429371398683786,0.3410840071021024,False,2,57
C05_BATTERY_THERMAL_ATTACK,185,0.6275259931951728,0.654234761429911,0.8874557703182598,0.0024140154469895828,0.3384359553530031,False,2,57
C05_BATTERY_THERMAL_ATTACK,186,0.6227101671841709,0.6491568959249443,0.8806451638594719,0.0023993352846982956,0.3358091730958644,False,2,57
C05_BATTERY_THERMAL_ATTACK,187,0.6179308137512857,0.6441612630597341,0.8738861374153112,0.002387460588561948,0.33322492982264695,False,2,57
C05_BATTERY_THERMAL_ATTACK,188,0.6131810167600137,0.6392067465144022,0.8671689100917355,0.0023769670439302715,0.33066195604139015,False,2,57
C05_BATTERY_THERMAL_ATTACK,189,0.6084574074902419,0.6343139044488878,0.8604887177990729,0.0023685789491856095,0.3281308864980743,False,2,57
C05_BATTERY_THERMAL_ATTACK,190,0.6037515131499829,0.6294621787032515,0.8538335781999838,0.002362970343780952,0.32562108644671905,False,2,57
C05_BATTERY_THERMAL_ATTACK,191,0.5990598771260836,0.6246721274374327,0.8471986029052672,0.0023594750155671806,0.3231431906333048,False,2,57
C05_BATTERY_THERMAL_ATTACK,192,0.5943755774254995,0.6199026343315531,0.840574002738481,0.002357375330995095,0.32067592956587093,False,2,57
C05_BATTERY_THERMAL_ATTACK,193,0.5896919645615248,0.6151742575455518,0.833950373905343,0.0023587775717511645,0.31822993799039767,False,2,57
C05_BATTERY_THERMAL_ATTACK,194,0.5850054521044021,0.6104869970794287,0.8273226444282495,0.002361570592587947,0.31580521590688504,False,2,57
C05_BATTERY_THERMAL_ATTACK,195,0.5803075140290047,0.6057791784533664,0.8206787566868337,0.002365780781999653,0.313369859077392,False,2,57
C05_BATTERY_THERMAL_ATTACK,196,0.5755949679658321,0.6011124761471824,0.8140142101309868,0.002373492328074412,0.3109557717398597,False,2,57
C05_BATTERY_THERMAL_ATTACK,197,0.5708608369280329,0.5964663320009376,0.8073191378112798,0.002383286477539531,0.30855231914830766,False,2,57
C05_BATTERY_THERMAL_ATTACK,198,0.5660982559899596,0.5918201878546927,0.800583831256757,0.0023951818679349745,0.30614886655675566,False,2,57
C05_BATTERY_THERMAL_ATTACK,199,0.561300479230768,0.587174043708448,0.7937987502946697,0.0024098873314722697,0.30374541396520366,False,2,57
C05_BATTERY_THERMAL_ATTACK,200,0.5564623384819939,0.5825278995622031,0.7869565860310836,0.0024266629579725685,0.30134196137365166,False,2,57
C05_BATTERY_THERMAL_ATTACK,201,0.5515737390046599,0.57784063909608,0.7800430623492278,0.0024463313933268537,0.29891723929013897,False,2,57
C05_BATTERY_THERMAL_ATTACK,202,0.5466346308401774,0.5731533786299569,0.773058108596989,0.0024672950713574633,0.29649251720662634,False,2,57
C05_BATTERY_THERMAL_ATTACK,203,0.5416332200845875,0.5684455600038947,0.7659850456754351,0.0024925244575212586,0.2940571603771334,False,2,57
C05_BATTERY_THERMAL_ATTACK,204,0.5365659153496866,0.563676066898015,0.7588187945946608,0.0025177280155597778,0.2915898993096994,False,2,57
C05_BATTERY_THERMAL_ATTACK,205,0.5314262414110117,0.5589065737921354,0.7515501980044113,0.002547818091232107,0.28912263824226553,False,2,57
C05_BATTERY_THERMAL_ATTACK,206,0.5262054602523291,0.5540754062064382,0.7441668984836204,0.002579301086726529,0.2866234729368906,False,2,57
C05_BATTERY_THERMAL_ATTACK,207,0.5208985870920926,0.5491825641409238,0.7366618464866203,0.0026129022709543755,0.28409240339357483,False,2,57
C05_BATTERY_THERMAL_ATTACK,208,0.5155005975858146,0.544248605755531,0.7290279365172941,0.002649238088362301,0.2815400643582983,False,2,57
C05_BATTERY_THERMAL_ATTACK,209,0.5100013826208739,0.5392529728903209,0.72125087213147,0.0026891205761811754,0.27895582108508093,False,2,57
C05_BATTERY_THERMAL_ATTACK,210,0.5043957734914296,0.5341751073853542,0.7133233436752475,0.0027303605928208027,0.2825929319061039,False,2,57
C05_BATTERY_THERMAL_ATTACK,211,0.4986771756533145,0.5290355674005701,0.7052360250548275,0.002775073762220534,0.2872207549375044,False,2,57
C05_BATTERY_THERMAL_ATTACK,212,0.4928386959641925,0.5237726784561512,0.6969791678948314,0.0028205527022289495,0.2919278353981413,False,2,57
C05_BATTERY_THERMAL_ATTACK,213,0.48687728931644186,0.518468673191854,0.6885484657627613,0.00287006071356097,0.29705192564173155,False,2,57
C05_BATTERY_THERMAL_ATTACK,214,0.48078251845556597,0.5130207608079829,0.6799291581517543,0.002920387376458818,0.30226074650544754,False,2,57
C05_BATTERY_THERMAL_ATTACK,215,0.474551468884774,0.5075111739442942,0.6711171233409212,0.002974779621166068,0.3078903559955611,False,2,57
C05_BATTERY_THERMAL_ATTACK,216,0.4681753856444915,0.5018576799610317,0.662099979947694,0.0030299086831024552,0.31359622623365363,False,2,57
C05_BATTERY_THERMAL_ATTACK,217,0.46164967239414817,0.49610139517807356,0.6528712277649006,0.0030885268866412395,0.31966322340781805,False,2,57
C05_BATTERY_THERMAL_ATTACK,218,0.45496911565604437,0.4902217614354805,0.6434234938216712,0.0031484218984067277,0.32586237051895967,False,2,57
C05_BATTERY_THERMAL_ATTACK,219,0.44812560452456146,0.4842187787332527,0.6337453075652768,0.0032118573151607957,0.33242795033810635,False,2,57
C05_BATTERY_THERMAL_ATTACK,220,0.441112499794823,0.47805133075151174,0.6238272797421378,0.0032767697399997187,0.33914640082431646,False,2,57
C05_BATTERY_THERMAL_ATTACK,221,0.43392838932261657,0.471760533810136,0.613667413278757,0.003343593757072401,0.34606270153418106,False,2,57
C05_BATTERY_THERMAL_ATTACK,222,0.4265649989588095,0.46530527158924717,0.6032540067612135,0.003412593879047185,0.35320422958802256,False,2,57
C05_BATTERY_THERMAL_ATTACK,223,0.419019266826829,0.4587061022487844,0.5925827300421322,0.003483572447561523,0.3605505273011178,False,2,57
C05_BATTERY_THERMAL_ATTACK,224,0.41128315506305474,0.45194246762880846,0.5816422158657687,0.0035574106467934647,0.36819279743294103,False,2,57
C05_BATTERY_THERMAL_ATTACK,225,0.40335346933349736,0.4450143677293195,0.5704279467616723,0.0036325143103848982,0.3759660434089482,False,2,57
C05_BATTERY_THERMAL_ATTACK,226,0.3952224562588242,0.4379012443903783,0.5589289577956366,0.0037105509099242323,0.3840428489114111,False,2,57
C05_BATTERY_THERMAL_ATTACK,227,0.38689020121933276,0.430623655771924,0.5471453697136361,0.0037889968843172234,0.3921620248027698,False,2,57
C05_BATTERY_THERMAL_ATTACK,228,0.37834890479538846,0.42314048555407835,0.5350661524706454,0.0038696955382882645,0.40051435353418924,False,2,57
C05_BATTERY_THERMAL_ATTACK,229,0.3695945978002356,0.4154928500567196,0.5226856927889225,0.003953817853607901,0.4092210319807698,False,2,57
C05_BATTERY_THERMAL_ATTACK,230,0.36062378632086556,0.40761907480003035,0.5099990495293052,0.004037165270085695,0.4178475082239408,False,2,57
C05_BATTERY_THERMAL_ATTACK,231,0.35143303026799644,0.3995397179439497,0.497001357670875,0.00412343060583774,0.4267759897644869,False,2,57
C05_BATTERY_THERMAL_ATTACK,232,0.3420184611923155,0.3912753376484169,0.48368714640014865,0.0042123944006080515,0.43598376241683895,False,2,57
C05_BATTERY_THERMAL_ATTACK,233,0.332378486191783,0.38278481759355354,0.47005416301345804,0.004300485121221648,0.4451011716987387,False,2,57
C05_BATTERY_THERMAL_ATTACK,234,0.32250852617194364,0.3740887159392988,0.45609593169332097,0.004392159390757866,0.4545894790954645,False,2,57
C05_BATTERY_THERMAL_ATTACK,235,0.31240627776793134,0.3651459163657745,0.44180919498990484,0.004483828693888664,0.46407727246811875,False,2,57
C05_BATTERY_THERMAL_ATTACK,236,0.30207092832704246,0.35599753519285876,0.4271928036387346,0.004578242395343019,0.4738491116809494,False,2,57
C05_BATTERY_THERMAL_ATTACK,237,0.2915005297725737,0.3465818979407343,0.4122440026433159,0.004671986217568837,0.4835516182438314,False,2,57
C05_BATTERY_THERMAL_ATTACK,238,0.28069698686252004,0.3369812372491576,0.39696548573823837,0.004769042116238813,0.4935969254593134,False,2,57
C05_BATTERY_THERMAL_ATTACK,239,0.26965689728066894,0.3271133204783721,0.3813524413217706,0.004865379067607587,0.5035678214683535,False,2,57
C05_BATTERY_THERMAL_ATTACK,240,0.25838187771032894,0.31697814762837784,0.3654071557293737,0.004963296302105882,0.513702277134674,False,2,57
C05_BATTERY_THERMAL_ATTACK,241,0.24687578199450802,0.3066373931789922,0.34913507911809677,0.005063834882290964,0.5241080426657486,False,2,57
C05_BATTERY_THERMAL_ATTACK,242,0.23513938008283655,0.2960088244904587,0.3325373003611495,0.00516297457120035,0.5343690226369758,False,2,57
C05_BATTERY_THERMAL_ATTACK,243,0.22318107799301842,0.28511299972271636,0.3156257073627742,0.005262874973036285,0.5447087365662077,False,2,57
C05_BATTERY_THERMAL_ATTACK,244,0.21100925507921253,0.27401159335558267,0.29841215031926627,0.005365363657059153,0.5553163382805654,False,2,57
C05_BATTERY_THERMAL_ATTACK,245,0.19862800700218125,0.262601814589362,0.2809024213696228,0.005467321054852144,0.5658689517513272,False,2,57
C05_BATTERY_THERMAL_ATTACK,246,0.18605641069724116,0.25094533790387163,0.263123499374497,0.00557060125800056,0.5765584758721745,False,2,57
C05_BATTERY_THERMAL_ATTACK,247,0.17331377230265177,0.23900104697923336,0.2451026873364526,0.005672435081400679,0.5870982993656411,False,2,57
C05_BATTERY_THERMAL_ATTACK,248,0.1604297313338097,0.22681005813532545,0.22688190186014556,0.005775596763211419,0.5977755565015358,False,2,57
C05_BATTERY_THERMAL_ATTACK,249,0.14743948015809766,0.21433125505226963,0.20851091246882056,0.005879579988091001,0.6085378435287648,False,2,57
C05_BATTERY_THERMAL_ATTACK,250,0.13440139289917394,0.20160575404994419,0.19007227263984677,0.0059841005281919745,0.6193557428015596,False,2,57
C05_BATTERY_THERMAL_ATTACK,251,0.12139441922169762,0.1885718806485317,0.1716776340597299,0.0060872908741474475,0.6300359666828439,False,2,57
C05_BATTERY_THERMAL_ATTACK,252,0.10854660116488513,0.1752501930079713,0.15350807551688375,0.006191295486385147,0.6408004673064207,False,2,57
C05_BATTERY_THERMAL_ATTACK,253,0.09605310706133766,0.16168180744814126,0.13583960671421863,0.006294345892498255,0.6514662073827275,False,2,57
C05_BATTERY_THERMAL_ATTACK,254,0.08421726204255,0.1478256076491633,0.11910119416650308,0.006398959452718565,0.6622937342586743,False,2,57
C05_BATTERY_THERMAL_ATTACK,255,0.07353422777364625,0.13368159361103743,0.10399310221612285,0.0065013668504097216,0.6728929228195231,False,2,57
C05_BATTERY_THERMAL_ATTACK,256,0.06478289613552134,0.11924976533376365,0.09161685032466184,0.00660384646876533,0.6834995862352922,False,2,57
C05_BATTERY_THERMAL_ATTACK,257,0.059057670128984954,0.10453012281734197,0.08352015805856694,0.006705649363326337,0.6940362085869944,False,2,57
C05_BATTERY_THERMAL_ATTACK,258,0.057507992051812035,0.0935888645161158,0.08132858230451673,0.006808044861743648,0.7046341655703392,False,2,57
C05_BATTERY_THERMAL_ATTACK,259,0.060672311931845954,0.11184451054206894,0.08580360639454751,0.006909023376781267,0.7150854644570275,False,2,57
C05_BATTERY_THERMAL_ATTACK,260,0.06810081704303622,0.13038797080717,0.09630909907095063,0.007009457697812118,0.7254804391423253,False,2,57
C05_BATTERY_THERMAL_ATTACK,261,0.0787694672868214,0.1491781289915407,0.11139684893792666,0.007109134936905185,0.7357970556777678,False,2,57
C05_BATTERY_THERMAL_ATTACK,262,0.09169833551388863,0.1681944269352419,0.12968102973077975,0.0072073288956977935,0.7459601523704292,False,2,57
C05_BATTERY_THERMAL_ATTACK,263,0.10619321026203914,0.18745742279821273,0.15017987818451348,0.007303529261374927,0.7559169117298421,False,2,57
C05_BATTERY_THERMAL_ATTACK,264,0.12181249351527186,0.20698767474039234,0.17226888039578217,0.007401046002789686,0.7660099162724603,False,2,57
C05_BATTERY_THERMAL_ATTACK,265,0.13827316786405047,0.22674406644190245,0.1955477893056318,0.007495198860480695,0.7757547580974561,False,2,57
C05_BATTERY_THERMAL_ATTACK,266,0.15539206232465613,0.24670603974280392,0.219757562024654,0.007588492538439655,0.7854106746280595,False,2,57
C05_BATTERY_THERMAL_ATTACK,267,0.17305719644265993,0.26693526912291415,0.2447398342754746,0.007681220819781087,0.7950080724823175,False,2,57
C05_BATTERY_THERMAL_ATTACK,268,0.1911852987778985,0.28737008010241577,0.2703768424580564,0.007771829330659317,0.8043860736196221,False,2,57
C05_BATTERY_THERMAL_ATTACK,269,0.20972057080438344,0.3080310308412479,0.296589675540186,0.007861075947797279,0.8136231184502692,False,2,57
C05_BATTERY_THERMAL_ATTACK,270,0.22861791681963572,0.3288770050195322,0.32331455856781294,0.00794816044251361,0.8226363831267951,False,2,57
C05_BATTERY_THERMAL_ATTACK,271,0.2478489146657507,0.3499491189571471,0.35051129653975654,0.008033273676480029,0.8314456218749017,False,2,57
C05_BATTERY_THERMAL_ATTACK,272,0.26738581298414993,0.3712062563342141,0.3781406431083409,0.00811627229517435,0.8400359974694869,False,2,57
C05_BATTERY_THERMAL_ATTACK,273,0.2872079300704018,0.39264841715073345,0.40617334992666565,0.008197829855101979,0.8484772231594774,False,2,57
C05_BATTERY_THERMAL_ATTACK,274,0.3073017902816238,0.41429615956664406,0.43459035955780495,0.008278037531723844,0.8567787356254672,False,2,57
C05_BATTERY_THERMAL_ATTACK,275,0.3276488180467058,0.4360878091021287,0.4633654021771659,0.00835408193443383,0.8646493483106078,False,2,57
C05_BATTERY_THERMAL_ATTACK,276,0.3482365273602287,0.4580644820770655,0.4924808199065448,0.008428754263427278,0.8723779510592707,False,2,57
C05_BATTERY_THERMAL_ATTACK,277,0.36905382556684757,0.4802056203315155,0.5219209253623103,0.008501999801566754,0.8799588806354959,False,2,57
C05_BATTERY_THERMAL_ATTACK,278,0.3900921230995213,0.5025112238654785,0.5516735710622579,0.008571862745479575,0.887189710952864,False,2,57
C05_BATTERY_THERMAL_ATTACK,279,0.4113362498112787,0.5249401763590763,0.5817173031787978,0.008638902302758997,0.8941283201223241,False,2,57
C05_BATTERY_THERMAL_ATTACK,280,0.43277992855019304,0.5475335941321873,0.612043244478542,0.008703918730853265,0.9008575349687191,False,2,57
C05_BATTERY_THERMAL_ATTACK,281,0.45441207040676806,0.5702503608649331,0.6426357128752891,0.00876681278287294,0.907367083416799,False,2,57
C05_BATTERY_THERMAL_ATTACK,282,0.47622261955007605,0.5930699183973744,0.6734804872765602,0.008825562835447418,0.9134477269956411,False,2,57
C05_BATTERY_THERMAL_ATTACK,283,0.4982020352413128,0.6160128248894507,0.7045640750401433,0.008882237482122222,0.9193135655997754,False,2,57
C05_BATTERY_THERMAL_ATTACK,284,0.5203416285683394,0.6390585221812226,0.7358741881886492,0.008936137261940204,0.9248922048637273,False,2,57
C05_BATTERY_THERMAL_ATTACK,285,0.542635351621682,0.6622275684326294,0.767402273686476,0.008987322698472994,0.9301899089906943,False,2,57
C05_BATTERY_THERMAL_ATTACK,286,0.5650679216701271,0.6854377310039145,0.7991267184878714,0.009034970262800006,0.9351214425532426,False,2,57
C05_BATTERY_THERMAL_ATTACK,287,0.587634809253839,0.7087506843748952,0.8310411169693059,0.009079892102840997,0.9397708630426753,False,2,57
C05_BATTERY_THERMAL_ATTACK,288,0.6103250794742223,0.7321253122256933,0.8631300048488822,0.009121353497574144,0.9440621266689392,False,2,57
C05_BATTERY_THERMAL_ATTACK,289,0.6331275070187387,0.7555410563963697,0.8953775071373671,0.009158664270532288,0.9479238000133496,False,2,57
C05_BATTERY_THERMAL_ATTACK,290,0.6560333792370828,0.7790184750468635,0.9277713022865346,0.009193895282212722,0.9515702176004518,False,2,57
C05_BATTERY_THERMAL_ATTACK,291,0.6790349156321186,0.8025370100172355,0.9603003870118125,0.009224998795494514,0.9547894381803244,False,2,57
C05_BATTERY_THERMAL_ATTACK,292,0.7021199856659323,0.8260761031475468,0.9929476061419644,0.009252638652901409,0.9576501696026203,False,2,57
C05_BATTERY_THERMAL_ATTACK,293,0.7252775445153177,0.849615196277858,1.0256973399382183,0.009276805885022495,0.9601514835313045,False,2,57
C05_BATTERY_THERMAL_ATTACK,294,0.7485023094717613,0.8731954057280474,1.0585421175225485,0.009298229260200266,0.9623688076527884,False,2,57
C05_BATTERY_THERMAL_ATTACK,295,0.7717838207125937,0.8967756151782369,1.0914671464718753,0.009316196185591223,0.9642283884484237,False,2,57
C05_BATTERY_THERMAL_ATTACK,296,0.7951093508925543,0.9203147083085481,1.1244544276019184,0.00932863497587658,0.9655158060244562,False,2,57
C05_BATTERY_THERMAL_ATTACK,297,0.8184671851112685,0.9438332432789203,1.1574873935416865,0.009338992228349215,0.9665877839714093,False,2,57
C05_BATTERY_THERMAL_ATTACK,298,0.8418514914323925,0.9673312200893531,1.1905577966877068,0.009345211262233609,0.9672314553691124,False,2,57
C05_BATTERY_THERMAL_ATTACK,299,0.8652485170171074,0.9907675224199687,1.223646187588801,0.00934728335403652,0.9674459173340642,False,2,57
C05_BATTERY_THERMAL_ATTACK,300,0.888651608704378,1.0141832665906452,1.2567431572544001,0.00934728335403652,0.9674459173340642,False,2,57
C05_BATTERY_THERMAL_ATTACK,301,0.9120459436876364,1.0374756618016867,1.2898277430704235,0.009341070798090387,0.9668029164044196,False,2,57
C05_BATTERY_THERMAL_ATTACK,302,0.9354235003022305,1.06072694069285,1.3228886006899274,0.00933208980466021,0.9658733815761129,False,2,57
C05_BATTERY_THERMAL_ATTACK,303,0.9587700987524289,1.0838548706243785,1.3559056768534767,0.009318284383290899,0.9644445173772921,False,2,57
C05_BATTERY_THERMAL_ATTACK,304,0.9820810977735311,1.1069416842360287,1.3888724078215853,0.009303087271262733,0.9628716128840771,False,2,57
C05_BATTERY_THERMAL_ATTACK,305,1.0053418217035148,1.1298640325681657,1.4217680390739849,0.009280992694144967,0.960584819211713,False,2,57
C05_BATTERY_THERMAL_ATTACK,306,1.0285427708829211,1.1527041482605462,1.45457913606343,0.009256114415267157,0.9580099117847073,False,2,57
C05_BATTERY_THERMAL_ATTACK,307,1.0516717752104612,1.1754003568333529,1.4872884876676231,0.009227804927416178,0.9550798734617093,False,2,57
C05_BATTERY_THERMAL_ATTACK,308,1.0747179640676534,1.1979321001266465,1.519880720510476,0.009194675667578294,0.9516509876602941,False,2,57
C05_BATTERY_THERMAL_ATTACK,309,1.0976692659391294,1.220299378140427,1.5523387628912366,0.00915671072882312,0.9477216080096099,False,2,57
C05_BATTERY_THERMAL_ATTACK,310,1.1205176627174986,1.2425433071945726,1.5846512754936881,0.009116655198345334,0.943575851648148,False,2,57
C05_BATTERY_THERMAL_ATTACK,311,1.1432525407327452,1.264602212809266,1.6168032483217474,0.009071052120130653,0.9388559228554034,False,2,57
C05_BATTERY_THERMAL_ATTACK,312,1.1658567564528786,1.2864349786646287,1.6487704367599672,0.009022090865849024,0.9337884220887916,False,2,57
C05_BATTERY_THERMAL_ATTACK,313,1.1883266301516446,1.3081032792404785,1.6805476368895726,0.008968917074741735,0.9282849228187384,False,2,57
C05_BATTERY_THERMAL_ATTACK,314,1.210646920506949,1.329545440056998,1.7121132942261497,0.008912355455065408,0.9224307825342208,False,2,57
C05_BATTERY_THERMAL_ATTACK,315,1.2328105517006525,1.3507820192741258,1.7434574020517204,0.008850182393353806,0.9159958567442508,False,2,57
C05_BATTERY_THERMAL_ATTACK,316,1.254802671543355,1.3717924587319232,1.7745589561986046,0.008786006805639865,0.909353669065244,False,2,57
C05_BATTERY_THERMAL_ATTACK,317,1.2766140018490653,1.392535642110512,1.8054048353303396,0.008715603717140828,0.9020669336624182,False,2,57
C05_BATTERY_THERMAL_ATTACK,318,1.2982331183778226,1.41305268572977,1.8359788831318327,0.008642416144316604,0.8944920035092835,False,2,57
C05_BATTERY_THERMAL_ATTACK,319,1.3196495979638394,1.4333024732698194,1.866266359020664,0.008565826059488905,0.8865649126029371,False,2,57
C05_BATTERY_THERMAL_ATTACK,320,1.3408547250831784,1.45328500473066,1.8962549373846787,0.008485806809079897,0.8782829022921127,False,2,57
C05_BATTERY_THERMAL_ATTACK,321,1.3618343722410855,1.4729386056324745,1.925924638929193,0.008398898790057742,0.8692879028893967,False,2,57
C05_BATTERY_THERMAL_ATTACK,322,1.3825789771244128,1.4923455086150192,1.9552619405012657,0.008309842420042722,0.8600705486785162,False,2,57
C05_BATTERY_THERMAL_ATTACK,323,1.4030763140990472,1.5114234810385379,1.984249552443325,0.008217477170488499,0.8505107246954134,False,2,57
C05_BATTERY_THERMAL_ATTACK,324,1.4233192904038998,1.5301930810629694,2.012877444076445,0.008120209146114644,0.8404434624221456,False,2,57
C05_BATTERY_THERMAL_ATTACK,325,1.443298112059035,1.548674866848253,2.0411317646213702,0.008020841633769059,0.830158902674327,False,2,57
C05_BATTERY_THERMAL_ATTACK,326,1.4630004122257865,1.5667866057546322,2.068995024727136,0.007916023003233182,0.8193101509748624,False,2,57
C05_BATTERY_THERMAL_ATTACK,327,1.4824142889036007,1.5845488559420462,2.0964503924231397,0.007807074350321591,0.8196878819036973,False,2,57
C05_BATTERY_THERMAL_ATTACK,328,1.501531380190416,1.6019821755704338,2.123486042194078,0.007696075664250057,0.8287061464950075,False,2,57
C05_BATTERY_THERMAL_ATTACK,329,1.5203410776524189,1.619024890159978,2.1500869714489776,0.0075795826232914944,0.8375223509126917,False,2,57
C05_BATTERY_THERMAL_ATTACK,330,1.5388334264205428,1.6357181160305567,2.176239101876992,0.00746028885229141,0.8461577646487104,False,2,57
C05_BATTERY_THERMAL_ATTACK,331,1.5569998991599092,1.652041295022231,2.2019303740054847,0.007337512618987948,0.8546017529570834,False,2,57
C05_BATTERY_THERMAL_ATTACK,332,1.5748302489055828,1.6679738689750618,2.2271462964376725,0.007212847904641463,0.8628436810918304,False,2,57
C05_BATTERY_THERMAL_ATTACK,333,1.59231728348247,1.6834952797291098,2.2518766979019933,0.007082590548718704,0.870872914306971,False,2,57
C05_BATTERY_THERMAL_ATTACK,334,1.609449373657348,1.6986260854443143,2.276105132179105,0.006950324131610895,0.8787000873484855,False,2,57
C05_BATTERY_THERMAL_ATTACK,335,1.6262195444465417,1.7133457279607358,2.2998217351524954,0.006814621948756697,0.8863145654703936,False,2,57
C05_BATTERY_THERMAL_ATTACK,336,1.6426193075763857,1.727654207278375,2.323014502590427,0.006674636347285919,0.8937163486726954,False,2,57
C05_BATTERY_THERMAL_ATTACK,337,1.6586350545509794,1.7415104070773528,2.3456641891734336,0.006532156994934736,0.9008841674634301,False,2,57
C05_BATTERY_THERMAL_ATTACK,338,1.6742633024593558,1.754955443677548,2.3677658693215884,0.006387583617628068,0.9078392913345587,False,2,57
C05_BATTERY_THERMAL_ATTACK,339,1.6894936209839182,1.767927642599143,2.3893047923382866,0.006238260583776106,0.9145498160481396,False,2,57
C05_BATTERY_THERMAL_ATTACK,340,1.704317658678787,1.7804681201620163,2.4102691474955,0.006087655041724397,0.921037011096134,False,2,57
C05_BATTERY_THERMAL_ATTACK,341,1.7187301693206443,1.7925563182062285,2.4306515155130612,0.005933551863880975,0.9272902417325614,False,2,57
C05_BATTERY_THERMAL_ATTACK,342,1.7327209438203888,1.8041716785718407,2.4504374585587034,0.005776059542247571,0.9332988732114414,False,2,57
C05_BATTERY_THERMAL_ATTACK,343,1.7462814692625956,1.8153142012588526,2.469614937551978,0.005615893602741316,0.939062905532774,False,2,57
C05_BATTERY_THERMAL_ATTACK,344,1.7594084735399211,1.8260250025871427,2.488179325034301,0.005454960570794202,0.9446036081885202,False,2,57
C05_BATTERY_THERMAL_ATTACK,345,1.7720914420572103,1.8362012917570152,2.5061157511226027,0.005289519681208082,0.9498678074487779,False,2,57
C05_BATTERY_THERMAL_ATTACK,346,1.7843254231496006,1.8459253014082266,2.523417213105277,0.005122567377970113,0.9548980422974686,False,2,57
C05_BATTERY_THERMAL_ATTACK,347,1.7961018020023345,1.8551353570609599,2.540071527794457,0.00495233894265525,0.9596624084966513,False,2,57
C05_BATTERY_THERMAL_ATTACK,348,1.8074155608195936,1.8638725750350928,2.556071598955243,0.00478152720772368,0.9641821755382868,False,2,57
C05_BATTERY_THERMAL_ATTACK,349,1.8182614509102806,1.8720958390107474,2.5714100038175003,0.004607324625701029,0.9684360739304142,False,2,57
C05_BATTERY_THERMAL_ATTACK,350,1.828630982348643,1.8798051489879235,2.586074735813087,0.004432157801912937,0.9724241036730337,False,2,57
C05_BATTERY_THERMAL_ATTACK,351,1.8385224044161452,1.8870210631265605,2.6000633190521047,0.004254847041329386,0.9761568995121256,False,2,57
C05_BATTERY_THERMAL_ATTACK,352,1.8479289249593869,1.8937230232667188,2.6133661479790984,0.004075627980267962,0.9796238267017093,False,2,57
C05_BATTERY_THERMAL_ATTACK,353,1.856843679231379,1.8998904712484599,2.625973514375773,0.003894788804294178,0.9828142504958051,False,2,57
C05_BATTERY_THERMAL_ATTACK,354,1.8652649967289379,1.9055645233916616,2.637883055793871,0.0037133182964917866,0.985749440386373,False,2,57
C05_BATTERY_THERMAL_ATTACK,355,1.8731877122696852,1.9107040633764456,2.6490874675624196,0.00352838955890803,0.9884081268814526,False,2,57
C05_BATTERY_THERMAL_ATTACK,356,1.880603362167499,1.9153090912028121,2.6595747802217184,0.0033443836940455,0.990790309981044,False,2,57
C05_BATTERY_THERMAL_ATTACK,357,1.88751357344387,1.9194001650307004,2.669347294727626,0.003158230105946858,0.9929066244311274,False,2,57
C05_BATTERY_THERMAL_ATTACK,358,1.8939115659044674,1.922956726700171,2.678395422437364,0.0029721590554370597,0.9947464354857226,False,2,57
C05_BATTERY_THERMAL_ATTACK,359,1.8997973242028785,1.9259993343711632,2.6867191416478264,0.0027847985159394676,0.9963203778908097,False,2,57
C05_BATTERY_THERMAL_ATTACK,360,1.905164015577664,1.9284868717237986,2.694308789375119,0.002597202108585064,0.9976071821544282,False,2,57
C05_BATTERY_THERMAL_ATTACK,361,1.9100099144637006,1.9304398969180165,2.7011619253016406,0.0024099294891641,0.9986174830225585,False,2,57
C05_BATTERY_THERMAL_ATTACK,362,1.9143367620329723,1.9318995262736953,2.7072810118164257,0.0022228766657356324,0.9993725499871612,False,2,57
C05_BATTERY_THERMAL_ATTACK,363,1.9181359671842604,1.932762968991139,2.712653899267615,0.002035527832083727,0.9998192093183346,False,2,57
C05_BATTERY_THERMAL_ATTACK,364,1.921407555859643,1.9331124577101044,2.7172806243428473,0.001850607835823816,1.0,False,2,57
C05_BATTERY_THERMAL_ATTACK,365,1.9241532355661257,1.9331124577101044,2.721163601821688,0.0016665004780663942,1.0,False,2,57
C05_BATTERY_THERMAL_ATTACK,366,1.9263696034771014,1.9331124577101044,2.724298019380598,0.0014858818106961373,1.0,False,2,57
C05_BATTERY_THERMAL_ATTACK,367,1.9280549295446097,1.9331124577101044,2.7266814303622895,0.0013101108781401725,1.0004764185522184,True,2,57
C05_BATTERY_THERMAL_ATTACK,368,1.9292092115532309,1.9331124577101044,2.7283138316336846,0.0011403487309616083,1.0010753807043273,True,2,57
C05_BATTERY_THERMAL_ATTACK,369,1.9298307477047643,1.9331124577101044,2.7291928164886885,0.000981374903360227,1.0013978986229604,True,2,57
C05_BATTERY_THERMAL_ATTACK,370,1.9299229543054928,1.9331124577101044,2.7293232163139787,0.0008371826625636645,1.0014457450448906,True,2,57
C05_BATTERY_THERMAL_ATTACK,371,1.9294824095664804,1.9331124577101044,2.7287001919692355,0.0007211731617805511,1.0012171443883713,True,2,57
C05_BATTERY_THERMAL_ATTACK,372,1.9285125261510985,1.9331124577101044,2.7273285696892815,0.00064543364706522,1.0007138674998526,True,2,57
C05_BATTERY_THERMAL_ATTACK,373,1.9270116071276164,1.9331124577101044,2.7252059496502494,0.0006240499273515787,1.0,False,2,57
C05_BATTERY_THERMAL_ATTACK,374,1.9249779238270652,1.9331124577101044,2.7223298871450385,0.0006659855044184024,1.0,False,2,57
C05_BATTERY_THERMAL_ATTACK,375,1.9224217252306341,1.9331124577101044,2.7187148764218465,0.0007540728924618203,1.0,False,2,57
C05_BATTERY_THERMAL_ATTACK,376,1.9193413049609207,1.9329479924305912,2.7143585042986085,0.0008776469623132843,0.9999149220321574,False,2,57
C05_BATTERY_THERMAL_ATTACK,377,1.9157349555513312,1.9322490149926606,2.709258356052911,0.0010244503684283222,0.9995533406688265,False,2,57
C05_BATTERY_THERMAL_ATTACK,378,1.9116060724864403,1.9309949672363733,2.7034192336250897,0.0011836623678697466,0.9989046211640271,False,2,57
C05_BATTERY_THERMAL_ATTACK,379,1.906959787172802,1.9292064073216684,2.6968483939198875,0.0013503270908187047,0.9979793982637394,False,2,57
C05_BATTERY_THERMAL_ATTACK,380,1.901796148281127,1.926883335248546,2.6895459057680835,0.0015237881051675833,0.9967776719679634,False,2,57
C05_BATTERY_THERMAL_ATTACK,381,1.8961219373650626,1.9240668673368844,2.6815213597348198,0.001698180296634179,0.9953207117686598,False,2,57
C05_BATTERY_THERMAL_ATTACK,382,1.8899354243412578,1.920695329106866,2.6727723091127573,0.001875296146727114,0.9935766134278875,False,2,57
C05_BATTERY_THERMAL_ATTACK,383,1.8832451314176426,1.916809836878369,2.6633108061239317,0.002051791966285404,0.9915666464376072,False,2,57
C05_BATTERY_THERMAL_ATTACK,384,1.8760510964925852,1.9123692743315157,2.6531369043647297,0.002229702791895716,0.9892695413058584,False,2,57
C05_BATTERY_THERMAL_ATTACK,385,1.8683635492827078,1.9074147577861837,2.642265070839138,0.00240545027930234,0.9867065675246016,False,2,57
C05_BATTERY_THERMAL_ATTACK,386,1.860185916094949,1.9019874035622517,2.6307001510768973,0.002581679455287261,0.9838989945857974,False,2,57
C05_BATTERY_THERMAL_ATTACK,387,1.851516458940124,1.8960255371799022,2.6184396871901314,0.002758008056764006,0.9808149182515051,False,2,57
C05_BATTERY_THERMAL_ATTACK,388,1.8423653574345527,1.8895291586391352,2.605498075330299,0.002930682521703572,0.9774543385217245,False,2,57
C05_BATTERY_THERMAL_ATTACK,389,1.8327362024566973,1.8825393842598288,2.591880393766424,0.0031042253290810454,0.9738385248884162,False,2,57
C05_BATTERY_THERMAL_ATTACK,390,1.8226373725020315,1.875056214041983,2.577598491480436,0.0032741696160687064,0.9699674773515801,False,2,57
C05_BATTERY_THERMAL_ATTACK,391,1.8120723112849988,1.8670385316657199,2.562657238620006,0.003442327886826853,0.9658199264192558,False,2,57
C05_BATTERY_THERMAL_ATTACK,392,1.8010496907527513,1.8585685697707957,2.5470688991704096,0.003609772552350264,0.9614384110753645,False,2,57
C05_BATTERY_THERMAL_ATTACK,393,1.7895744353760976,1.849584653877393,2.5308404373850513,0.0037733768617497663,0.9567910270819653,False,2,57
C05_BATTERY_THERMAL_ATTACK,394,1.77765353348265,1.8401484584653294,2.5139817362516186,0.003936449777726663,0.951909678676999,False,2,57
C05_BATTERY_THERMAL_ATTACK,395,1.7652903285154424,1.8301983090547873,2.496497524112595,0.004096622850392052,0.9467624616225248,False,2,57
C05_BATTERY_THERMAL_ATTACK,396,1.7524968232689286,1.8198164382855235,2.4784047754826837,0.004254430262245103,0.9413919149024639,False,2,57
C05_BATTERY_THERMAL_ATTACK,397,1.7392779481739793,1.8089617298376595,2.459710463044091,0.004408916180258874,0.9357767690248556,False,2,57
C05_BATTERY_THERMAL_ATTACK,398,1.7256389754217925,1.797613625551256,2.440422042801111,0.004561239682265687,0.9299063892437197,False,2,57
C05_BATTERY_THERMAL_ATTACK,399,1.711591928506339,1.7858543580660702,2.4205565185419857,0.004711229826052582,0.9238233145429775,False,2,57
C05_BATTERY_THERMAL_ATTACK,400,1.697143357540574,1.7736016947423447,2.400123153525291,0.004855957366558782,0.9174850059387075,False,2,57
C05_BATTERY_THERMAL_ATTACK,401,1.682302191540511,1.760958426379776,2.379134575286571,0.005000738496560877,0.9109446371608116,False,2,57
C05_BATTERY_THERMAL_ATTACK,402,1.6670749208515074,1.747862878498546,2.3575999625602555,0.005140724343291436,0.9041703039713487,False,2,57
C05_BATTERY_THERMAL_ATTACK,403,1.651470263816418,1.7343356092585942,2.3355316449450516,0.005278170870971359,0.897172641116299,False,2,57
C05_BATTERY_THERMAL_ATTACK,404,1.6354968417190394,1.7204177349797989,2.312941814777429,0.005413513989847232,0.8899729180876232,False,2,57
C05_BATTERY_THERMAL_ATTACK,405,1.6191645671016708,1.7060681393422816,2.289844490509144,0.0055433221322802794,0.8825498653933609,False,2,57
C05_BATTERY_THERMAL_ATTACK,406,1.6024838525776564,1.6913073805059817,2.266254397799209,0.005669846392778216,0.8749141177794921,False,2,57
C05_BATTERY_THERMAL_ATTACK,407,1.5854618057474712,1.6761765747907773,2.242181588312611,0.005795103050385909,0.8670869447379775,False,2,57
C05_BATTERY_THERMAL_ATTACK,408,1.5681083883099705,1.6606757221966684,2.2176401500189757,0.005916069439269074,0.8590683462688172,False,2,57
C05_BATTERY_THERMAL_ATTACK,409,1.5504320489972971,1.6447637064037768,2.1926420312298847,0.006032387817270595,0.8508370528800506,False,2,57
C05_BATTERY_THERMAL_ATTACK,410,1.532443408963288,1.62850220189192,2.1672022525251413,0.00614671351984711,0.8424249688096186,False,2,57
C05_BATTERY_THERMAL_ATTACK,411,1.5141540971142764,1.6119117668210368,2.141337259661798,0.00625668900835194,0.8338427288035014,False,2,57
C05_BATTERY_THERMAL_ATTACK,412,1.4955692412310095,1.59493072671131,2.1150543044169328,0.006362794354450404,0.8250584286237582,False,2,57
C05_BATTERY_THERMAL_ATTACK,413,1.4767027602020506,1.5776413142024963,2.0883730710715245,0.006466065637356585,0.8161146072543103,False,2,57
C05_BATTERY_THERMAL_ATTACK,414,1.4575629437866415,1.5600024129747172,2.0613052831155216,0.006564561072896015,0.8069899952031968,False,2,57
C05_BATTERY_THERMAL_ATTACK,415,1.4381618893023462,1.542034581187912,2.033868048739492,0.006658972644380243,0.7976952272163983,False,2,57
C05_BATTERY_THERMAL_ATTACK,416,1.4185100112476963,1.5237994933218981,2.0060760962685036,0.006751247409466044,0.7882622075318558,False,2,57
C05_BATTERY_THERMAL_ATTACK,417,1.398613859255459,1.505256033056797,1.977938688282045,0.006839416292048812,0.7786696666576083,False,2,57
C05_BATTERY_THERMAL_ATTACK,418,1.3784853666620223,1.4863836422326697,1.9494727010662807,0.0069221554858298435,0.7689069698476758,False,2,57
C05_BATTERY_THERMAL_ATTACK,419,1.3581369532564462,1.4672645534892728,1.9206956988553407,0.007002813282175956,0.7590166560859795,False,2,57
C05_BATTERY_THERMAL_ATTACK,420,1.3375799981257044,1.4478782086666673,1.8916237741083501,0.007077862404010088,0.748988090626539,False,2,57
C05_BATTERY_THERMAL_ATTACK,421,1.3168216639831096,1.4282040496049135,1.8622670564316202,0.00714961968611798,0.7399872362742829,False,2,57
C05_BATTERY_THERMAL_ATTACK,422,1.2958773624307622,1.4083243089437687,1.8326473411218587,0.007217808682851016,0.7470448126842237,False,2,57
C05_BATTERY_THERMAL_ATTACK,423,1.274752090775489,1.388177312203415,1.8027716954381554,0.007281959166679785,0.7536844021055016,False,2,57
C05_BATTERY_THERMAL_ATTACK,424,1.2534597073014286,1.3678041757037307,1.7726597179538903,0.00734196510213215,0.759895029843039,False,2,57
C05_BATTERY_THERMAL_ATTACK,425,1.2320120650384392,1.3472254576046552,1.7423281713846441,0.007397800735426916,0.7656740303747236,False,2,57
C05_BATTERY_THERMAL_ATTACK,426,1.21041777479469,1.3264411579061883,1.7117892332521132,0.007450214063073418,0.7710988215065345,False,2,57
C05_BATTERY_THERMAL_ATTACK,427,1.1886886792788465,1.30545127660833,1.681059651675507,0.00749779904941622,0.7760238782337237,False,2,57
C05_BATTERY_THERMAL_ATTACK,428,1.1668337735863512,1.2842763718710195,1.6501521476407952,0.0075426700912678895,0.7806680410992024,False,2,57
C05_BATTERY_THERMAL_ATTACK,429,1.1448664412234029,1.2629370018541959,1.6190856482839562,0.007582666832700765,0.7848077127813701,False,2,57
C05_BATTERY_THERMAL_ATTACK,430,1.1227953371207249,1.24141260839792,1.5878723935254007,0.00761856416558997,0.7885230947625792,False,2,57
C05_BATTERY_THERMAL_ATTACK,431,1.1006342649633565,1.2197854241419486,1.5565319047237214,0.0076516502737470835,0.7919475143553852,False,2,57
C05_BATTERY_THERMAL_ATTACK,432,1.0783880593834392,1.1979732164465247,1.5250710190812624,0.007679953823465932,0.7948769380803798,False,2,57
C05_BATTERY_THERMAL_ATTACK,433,1.0560739314819838,1.1760582179514054,1.4935140767704964,0.0077040811997537186,0.7973741269214052,False,2,57
C05_BATTERY_THERMAL_ATTACK,434,1.033698672530013,1.153999312336712,1.461870682099009,0.007724094830230881,0.7994455421511363,False,2,57
C05_BATTERY_THERMAL_ATTACK,435,1.0112746286958216,1.131837615922323,1.4301582951854468,0.007740659719208808,0.8011600118645068,False,2,57
C05_BATTERY_THERMAL_ATTACK,436,0.9888105330112279,1.1095936868681773,1.3983892664018476,0.007754464058560728,0.8025887640742856,False,2,57
C05_BATTERY_THERMAL_ATTACK,437,0.9663178290988856,1.0872469670143359,1.3665797794745707,0.00776274305913831,0.8034456424853726,False,2,57
C05_BATTERY_THERMAL_ATTACK,438,0.9438072049318813,1.0648385726806773,1.3347449494801096,0.007768262940474436,0.8040169514379891,False,2,57
C05_BATTERY_THERMAL_ATTACK,439,0.9212871578663956,1.042327387547323,1.3028967934948192,0.00776895367156567,0.8040884422603896,False,2,57
C05_BATTERY_THERMAL_ATTACK,440,0.8987718379003152,1.0197956442540292,1.2710553226376187,0.007766883337916915,0.8038741622647861,False,2,57
C05_BATTERY_THERMAL_ATTACK,441,0.8762678188395461,0.9972022264809184,1.2392298336739764,0.0077606690231219405,0.8032309792938933,False,2,57
C05_BATTERY_THERMAL_ATTACK,442,0.85378728655537,0.9745882505478684,1.2074375600283282,0.007751006744845445,0.8022309313316471,False,2,57
C05_BATTERY_THERMAL_ATTACK,443,0.8313373045899136,0.95193315829494,1.1756884910577485,0.0077378808512765605,0.800872398412123,False,2,57
C05_BATTERY_THERMAL_ATTACK,444,0.808930054307645,0.9292986242019508,1.1439998538130758,0.007722009043262106,0.7992296627334551,False,2,57
C05_BATTERY_THERMAL_ATTACK,445,0.7865734446983064,0.9066435319490225,1.1123828332948684,0.007701309059211334,0.7970872097553765,False,2,57
C05_BATTERY_THERMAL_ATTACK,446,0.7642767683905419,0.8839884396960941,1.0808505712645853,0.007677828476851271,0.7946569642305034,False,2,57
C05_BATTERY_THERMAL_ATTACK,447,0.7420504607629184,0.8613333474431657,1.0494178255761233,0.007650194998202448,0.7917968930110942,False,2,57
C05_BATTERY_THERMAL_ATTACK,448,0.7199052919631089,0.8387399296700548,1.0180998275183912,0.007620511613843996,0.7887246560923492,False,2,57
C05_BATTERY_THERMAL_ATTACK,449,0.6978462370048102,0.816167070056883,0.9869036128232317,0.007587356672680692,0.7852931122680104,False,2,57
C05_BATTERY_THERMAL_ATTACK,450,0.6758853523907571,0.7936353267635895,0.9558462319603273,0.007550072567195706,0.7814341990130349,False,2,57
C05_BATTERY_THERMAL_ATTACK,451,0.6540302474643592,0.7711652579501134,0.9249384461663284,0.0075106970451840095,0.7773588236798732,False,2,57
C05_BATTERY_THERMAL_ATTACK,452,0.6322909086638138,0.7487568636164547,0.8941943783975733,0.007467203033176865,0.7728571837112271,False,2,57
C05_BATTERY_THERMAL_ATTACK,453,0.6106749117255386,0.7264307019225524,0.8636247423632493,0.00742162330619992,0.76813967177681,False,2,57
C05_BATTERY_THERMAL_ATTACK,454,0.5891894221899862,0.7041662147084677,0.8332396716678457,0.0073725562285360926,0.763061218266477,False,2,57
C05_BATTERY_THERMAL_ATTACK,455,0.5678453771861142,0.6820045182940787,0.8030546337474684,0.007320747106322075,0.7576989625320375,False,2,57
C05_BATTERY_THERMAL_ATTACK,456,0.5466499262435609,0.6599661708393244,0.773079739563896,0.007266899774943272,0.752125751693269,False,2,57
C05_BATTERY_THERMAL_ATTACK,457,0.5256097073951632,0.6380100560243267,0.7433243767131938,0.007208892139862575,0.7461219484910487,False,2,57
C05_BATTERY_THERMAL_ATTACK,458,0.5047333241352848,0.6161772901689638,0.7138007123737753,0.0071494613441510846,0.7399708478453015,False,2,57
C05_BATTERY_THERMAL_ATTACK,459,0.4840294568816367,0.5944678732732358,0.6845210225100938,0.007086610130233344,0.7334657331503511,False,2,57
C05_BATTERY_THERMAL_ATTACK,460,0.4635059028665103,0.5728818053371425,0.6554963340738053,0.0070209687467031965,0.7266718352765933,False,2,57
C05_BATTERY_THERMAL_ATTACK,461,0.44317092354645987,0.5514602026805624,0.6267383305288136,0.006953970426295936,0.7197374941326231,False,2,57
C05_BATTERY_THERMAL_ATTACK,462,0.4230276242138337,0.530161948983617,0.5982514034216728,0.006884793896156499,0.7125777077942925,False,2,57
C05_BATTERY_THERMAL_ATTACK,463,0.40308762586984415,0.5090487187261239,0.5700519873299056,0.006813647738705718,0.7052140645888,False,2,57
C05_BATTERY_THERMAL_ATTACK,464,0.3833552821424406,0.48807939558820473,0.5421462392132038,0.006739699358356132,0.6975603906866624,False,2,57
C05_BATTERY_THERMAL_ATTACK,465,0.3638410888873732,0.46727453772979866,0.514549002453118,0.006663000789565472,0.6896220716658908,False,2,57
C05_BATTERY_THERMAL_ATTACK,466,0.3445517499780956,0.44665470331084484,0.4872697577584066,0.00658556080883112,0.6816070163431565,False,2,57
C05_BATTERY_THERMAL_ATTACK,467,0.3254947506317526,0.4262198923313432,0.4603190908246731,0.006506069531139859,0.6733796513266815,False,2,57
C05_BATTERY_THERMAL_ATTACK,468,0.30667839566202304,0.405990662951233,0.43370874643205515,0.006425246477594906,0.6650144472115446,False,2,57
C05_BATTERY_THERMAL_ATTACK,469,0.28811068993977307,0.38592589885063583,0.40745004517749667,0.006340941293021123,0.6562888417562676,False,2,57
C05_BATTERY_THERMAL_ATTACK,470,0.2698024823429448,0.3660872745093692,0.3815583296913201,0.006257279632866998,0.6476298412223267,False,2,57
C05_BATTERY_THERMAL_ATTACK,471,0.25176321312594624,0.34645423176749385,0.35604695050934115,0.006170947460623643,0.6386944420899845,False,2,57
C05_BATTERY_THERMAL_ATTACK,472,0.23400358786105743,0.32702677062500995,0.3309310475970716,0.0060838355221996395,0.6296783369835778,False,2,57
C05_BATTERY_THERMAL_ATTACK,473,0.21653968780111246,0.30778433292197827,0.30623336328036904,0.00599325435410183,0.620303165830161,False,2,57
C05_BATTERY_THERMAL_ATTACK,474,0.1993911738705419,0.2887885931382162,0.28198170230521225,0.005903330717602868,0.6109960493442587,False,2,57
C05_BATTERY_THERMAL_ATTACK,475,0.18257670952136013,0.27001899311378463,0.25820245877856046,0.005812042236412077,0.6015476711275527,False,2,57
C05_BATTERY_THERMAL_ATTACK,476,0.16612329441914472,0.2514960910086227,0.23493381599365318,0.0057207622010205334,0.5921001670529572,False,2,57
C05_BATTERY_THERMAL_ATTACK,477,0.1500660918878033,0.23317877050285216,0.2122255024000585,0.005626702117180809,0.582364927342315,False,2,57
C05_BATTERY_THERMAL_ATTACK,478,0.13445947150754206,0.21510814791635122,0.19015440819548474,0.005531971520692035,0.5725602894225595,False,2,57
C05_BATTERY_THERMAL_ATTACK,479,0.11937443703683483,0.19728422324911993,0.16882094785814492,0.0054371904413047815,0.5627504265115228,False,2,57
C05_BATTERY_THERMAL_ATTACK,480,0.10491751345930232,0.17972755466109744,0.1483757704646071,0.005343121855994682,0.5530143068967958,False,2,57
C05_BATTERY_THERMAL_ATTACK,481,0.09124939357002011,0.16237646767246627,0.12904612994504272,0.005246219219264164,0.5429848623263194,False,2,57
C05_BATTERY_THERMAL_ATTACK,482,0.07863456556304077,0.14531319492298306,0.11120606909056859,0.005150133003811883,0.5330399175407046,False,2,57
C05_BATTERY_THERMAL_ATTACK,483,0.0674797412239226,0.12847606193283032,0.09543076522429818,0.005053820885929978,0.5230715918031084,False,2,57
C05_BATTERY_THERMAL_ATTACK,484,0.058423301574976536,0.1119267431818255,0.08262302544594523,0.0049570913657205435,0.5130600648312755,False,2,57
C05_BATTERY_THERMAL_ATTACK,485,0.05233061361515372,0.09560356419015116,0.07400666350185653,0.0048594905036336965,0.5029583537802856,False,2,57
C05_BATTERY_THERMAL_ATTACK,486,0.050063779479287085,0.0797164237708043,0.07080087592326365,0.004761926094303837,0.49286041559779525,False,2,57
C05_BATTERY_THERMAL_ATTACK,487,0.0519041652883315,0.09262694821258198,0.07340357449441323,0.004664240462653775,0.4827499308780568,False,2,57
C05_BATTERY_THERMAL_ATTACK,488,0.05726551465556576,0.10529077473509002,0.08098566748217634,0.004567988937080642,0.4727878764579679,False,2,57
C05_BATTERY_THERMAL_ATTACK,489,0.06510749161163426,0.11764622885851102,0.09207589764926569,0.004470571795609508,0.46270518053178694,False,2,57
C05_BATTERY_THERMAL_ATTACK,490,0.07451415076183314,0.12979610138254064,0.10537892259609792,0.00437426252916076,0.45273714991816016,False,2,57
C05_BATTERY_THERMAL_ATTACK,491,0.0848423866516633,0.1416787178273615,0.11998525386688427,0.004277233386893287,0.44269461199632043,False,2,57
C05_BATTERY_THERMAL_ATTACK,492,0.09568783399617807,0.15331463635291273,0.13532303259150036,0.004181657159765288,0.43280245111630966,False,2,57
C05_BATTERY_THERMAL_ATTACK,493,0.10679969535473718,0.1647038569591943,0.15103757762798417,0.004086779903118012,0.42298263383735396,False,2,57
C05_BATTERY_THERMAL_ATTACK,494,0.11802069529767703,0.17584637964620625,0.16690646793067743,0.003991034042384496,0.41307291584123956,False,2,57
C05_BATTERY_THERMAL_ATTACK,495,0.1292484344266591,0.18674220441394856,0.18278488888167094,0.0038975680621455315,0.4033991659861264,False,2,57
C05_BATTERY_THERMAL_ATTACK,496,0.1404214389478451,0.1974324475822995,0.19858590340798807,0.0038052762458702354,0.3938469423638134,False,2,57
C05_BATTERY_THERMAL_ATTACK,497,0.15149035189970292,0.20785543467144166,0.21423971022523264,0.003713154479369348,0.38431231893117734,False,2,57
C05_BATTERY_THERMAL_ATTACK,498,0.16242537006563396,0.21805228200125334,0.22970416122028844,0.003621626428105622,0.37483914515835104,False,2,57
C05_BATTERY_THERMAL_ATTACK,499,0.17320477820813543,0.2280229895717345,0.244948546409769,0.0035307037945439216,0.36542863225306477,False,2,57
C05_BATTERY_THERMAL_ATTACK,500,0.1838150753199722,0.2377881155428243,0.25995377248613666,0.003443406755678168,0.3563933692095458,False,2,57
C05_BATTERY_THERMAL_ATTACK,501,0.19424329812686564,0.24728598543470534,0.27470150661109377,0.0033540177971637195,0.3471415920146026,False,2,57
C05_BATTERY_THERMAL_ATTACK,502,0.2044855312364125,0.2566193900470733,0.28918621158360175,0.0032678970272284873,0.33822807306842373,False,2,57
C05_BATTERY_THERMAL_ATTACK,503,0.21453415823207625,0.2657060967401716,0.3033971161640978,0.0031819199228651975,0.3293294235410667,False,2,57
C05_BATTERY_THERMAL_ATTACK,504,0.22439069480432536,0.2746283381537568,0.3173363638625989,0.003098494140822474,0.32069483644440183,False,2,57
C05_BATTERY_THERMAL_ATTACK,505,0.23405327640543686,0.28334499796795065,0.3310013178104275,0.003016485864067399,0.31220696146198373,False,2,57
C05_BATTERY_THERMAL_ATTACK,506,0.24352091873244913,0.2918560761827531,0.3443905859929859,0.002935934572918966,0.30386988481565674,False,2,57
C05_BATTERY_THERMAL_ATTACK,507,0.25279332355352396,0.30016157279816424,0.35750374664676354,0.0028552606167652206,0.29552011231385017,False,2,57
C05_BATTERY_THERMAL_ATTACK,508,0.26187218535581225,0.30830260413406224,0.3703431961384707,0.002778090561373681,0.2875329943244561,False,2,57
C05_BATTERY_THERMAL_ATTACK,509,0.27075929078392025,0.3162380538705689,0.3829114611651406,0.0027017033893788475,0.2796269049416855,False,2,57
C05_BATTERY_THERMAL_ATTACK,510,0.279462106493709,0.32405015464744075,0.39521910117275744,0.0026285142936145027,0.2720518171639078,False,2,57
C05_BATTERY_THERMAL_ATTACK,511,0.28798010537625,0.33165667382492126,0.40726537071672586,0.0025554032853777266,0.264484811462695,False,2,57
C05_BATTERY_THERMAL_ATTACK,512,0.2963175654702322,0.33911928588282775,0.4190563198573799,0.002486607953469293,0.25736447922651484,False,2,57
C05_BATTERY_THERMAL_ATTACK,513,0.30448096195734503,0.3464174326612212,0.4306011058844838,0.0024175885052600972,0.25022095090309016,False,2,57
C05_BATTERY_THERMAL_ATTACK,514,0.31247177078533844,0.35357167232004066,0.44190181610336265,0.0023521894595091722,0.24345213504367216,False,2,57
C05_BATTERY_THERMAL_ATTACK,515,0.3202951916401662,0.36056144669934703,0.4529658039804126,0.002286660206680232,0.2366698427225634,False,2,57
C05_BATTERY_THERMAL_ATTACK,516,0.32795459982373387,0.3674278721190186,0.4637978429133655,0.0022238232381040332,0.23016620242364802,False,2,57
C05_BATTERY_THERMAL_ATTACK,517,0.33545426430983905,0.37415039041911624,0.4744039701428633,0.0021631547508182743,0.2238870004231978,False,2,57
C05_BATTERY_THERMAL_ATTACK,518,0.34280035727521546,0.380749559759579,0.4847929144449522,0.0021053150006639042,0.21790057334839397,False,2,57
C05_BATTERY_THERMAL_ATTACK,519,0.35000088884668473,0.38724593830034615,0.49497600384961965,0.002049363543252772,0.2121095849947655,False,2,57
C05_BATTERY_THERMAL_ATTACK,520,0.35705891933053435,0.39361896788147843,0.5049575662835226,0.0019963687588020183,0.20662461295369217,False,2,57
C05_BATTERY_THERMAL_ATTACK,521,0.36398234084585285,0.39988920666291505,0.5147487628885117,0.0019437778094995473,0.2068628780845008,False,2,57
C05_BATTERY_THERMAL_ATTACK,522,0.3707748568205551,0.40607721280459513,0.5243548311025715,0.0018954537976716142,0.21006393662457673,False,2,57
C05_BATTERY_THERMAL_ATTACK,523,0.3774442178749411,0.4121624281465795,0.533786731958047,0.0018484723618980463,0.21321182143475104,False,2,57
C05_BATTERY_THERMAL_ATTACK,524,0.38399545050032646,0.4181654108488073,0.5430515739871281,0.0018042884180992052,0.21631716726100408,False,2,57
C05_BATTERY_THERMAL_ATTACK,525,0.39043316434492015,0.4240656027513395,0.5521558762168296,0.0017615505593643126,0.21936933935735553,False,2,57
C05_BATTERY_THERMAL_ATTACK,526,0.3967659859642338,0.4299246783339934,0.5611118384389525,0.0017229521862095704,0.22240024196174635,False,2,57
C05_BATTERY_THERMAL_ATTACK,527,0.40299837842877184,0.4356809631169516,0.5699257723883341,0.001685128095052301,0.22537797083623556,False,2,57
C05_BATTERY_THERMAL_ATTACK,528,0.4091372650629759,0.4413961315800315,0.5786074691242964,0.00165076304744471,0.22833443021876415,False,2,57
C05_BATTERY_THERMAL_ATTACK,529,0.41519100569116485,0.44707018372323315,0.5871687512237702,0.0016191490875416884,0.23126962010933208,False,2,57
C05_BATTERY_THERMAL_ATTACK,530,0.42116262856428816,0.45266200322667827,0.5956139012803185,0.0015882888879912144,0.23416227101597878,False,2,57
C05_BATTERY_THERMAL_ATTACK,531,0.42706095053934456,0.4582538227301234,0.6039553882126867,0.0015615324112098268,0.23705492192262545,False,2,57
C05_BATTERY_THERMAL_ATTACK,532,0.4328907043138559,0.4637839677537511,0.6121999050658963,0.0015362503128547797,0.23991566859133115,False,2,57
C05_BATTERY_THERMAL_ATTACK,533,0.4386568619257787,0.4692729964575005,0.6203544833634583,0.0015123415912503058,0.24275514576807622,False,2,57
C05_BATTERY_THERMAL_ATTACK,534,0.44436826964812765,0.47478258332118906,0.6284316336246467,0.001492563027182054,0.24560525769080163,False,2,57
C05_BATTERY_THERMAL_ATTACK,535,0.4500297320181201,0.48025105386499933,0.6364381504911549,0.001474239592064708,0.2484341001215664,False,2,57
C05_BATTERY_THERMAL_ATTACK,536,0.4556462710067684,0.4856989662488705,0.6443811361024986,0.0014587947896848032,0.2512523078063508,False,2,57
C05_BATTERY_THERMAL_ATTACK,537,0.4612280805014944,0.49116743679268077,0.652275006792523,0.0014453580642333486,0.2540811502371156,False,2,57
C05_BATTERY_THERMAL_ATTACK,538,0.46677686343997005,0.4966153491765519,0.6601221708787798,0.001434827200672519,0.2568993579219,False,2,57
C05_BATTERY_THERMAL_ATTACK,539,0.47230450872806684,0.5021043778803014,0.667939441813194,0.0014270551780559634,0.2597388350986451,False,2,57
C05_BATTERY_THERMAL_ATTACK,540,0.4778143911789137,0.5075934065840508,0.6757315923022632,0.0014206981478425433,0.2625783122753902,False,2,57
C05_BATTERY_THERMAL_ATTACK,541,0.4833134885913649,0.5131235516076785,0.6835084904437624,0.001418583997843891,0.2654390589440959,False,2,57
C05_BATTERY_THERMAL_ATTACK,542,0.48880641892673427,0.518633138471367,0.6912766670212123,0.0014157676954812438,0.2682891708668213,False,2,57
C05_BATTERY_THERMAL_ATTACK,543,0.494298684075583,0.524204399814873,0.6990439028828632,0.0014171765462543875,0.2711711870274876,False,2,57
C05_BATTERY_THERMAL_ATTACK,544,0.4997986692908012,0.5298167774782573,0.7068220565670764,0.0014213947200933457,0.27407447268011464,False,2,57
C05_BATTERY_THERMAL_ATTACK,545,0.5053149019260782,0.5354908296214589,0.7146231875730903,0.001427058886110665,0.27700966257068255,False,2,57
C05_BATTERY_THERMAL_ATTACK,546,0.5108456003801412,0.5411648817646606,0.722444776336222,0.0014340707356906685,0.27994485246125056,False,2,57
C05_BATTERY_THERMAL_ATTACK,547,0.5163992262007931,0.5469006083876796,0.7302987892921333,0.0014438814268045613,0.28291194658975943,False,2,57
C05_BATTERY_THERMAL_ATTACK,548,0.5219843754893183,0.5527185676504552,0.7381973831638441,0.0014558600048229175,0.2859215797021896,False,2,57
C05_BATTERY_THERMAL_ATTACK,549,0.5276045519368444,0.5585982013930483,0.7461455129188653,0.0014705979291489606,0.2889631170525607,False,2,57
C05_BATTERY_THERMAL_ATTACK,550,0.5332645997539145,0.5645189514555196,0.7541500293054461,0.0014853392473292404,0.2920259238948925,False,2,57
C05_BATTERY_THERMAL_ATTACK,551,0.538968155465992,0.5705219341577474,0.7622160751472166,0.0015028759557436792,0.29513126972114556,False,2,57
C05_BATTERY_THERMAL_ATTACK,552,0.5447238228458994,0.576627707659671,0.7703558180163901,0.0015226178663004161,0.2982897892773002,False,2,57
C05_BATTERY_THERMAL_ATTACK,553,0.5505314833841192,0.5827745974814728,0.7785690903151995,0.001544233717328257,0.3014695783254155,False,2,57
C05_BATTERY_THERMAL_ATTACK,554,0.5564012519635664,0.5890242781029702,0.7868701966482452,0.001567362213062398,0.3047025411034323,False,2,57
C05_BATTERY_THERMAL_ATTACK,555,0.5623367510759735,0.5953767495241633,0.7952642599924648,0.001592628876054635,0.3079886776113508,False,2,57
C05_BATTERY_THERMAL_ATTACK,556,0.5683395349207611,0.6017908954251739,0.8037534783177575,0.0016178541817933908,0.31130671835721024,False,2,57
C05_BATTERY_THERMAL_ATTACK,557,0.5744149868392494,0.6083283902858193,0.8123454648184294,0.0016472002380693424,0.31468856757895153,False,2,57
C05_BATTERY_THERMAL_ATTACK,558,0.5805677824049342,0.6149275596262821,0.8210468317539299,0.001676430308614261,0.31810232103863384,False,2,57
C05_BATTERY_THERMAL_ATTACK,559,0.586805014741989,0.6216706360863189,0.8298676103166648,0.0017079599416412112,0.3215905177201784,False,2,57
C05_BATTERY_THERMAL_ATTACK,560,0.5931248463988756,0.628475387026173,0.8388052019577488,0.00173932874361253,0.32511061863966384,False,2,57
C05_BATTERY_THERMAL_ATTACK,561,0.5995325013142893,0.635403486925662,0.8478669944421333,0.001773439683132536,0.3286945280350312,False,2,57
C05_BATTERY_THERMAL_ATTACK,562,0.6060347445724416,0.6424549357847857,0.8570625550436612,0.0018090057016252102,0.3323422459062805,False,2,57
C05_BATTERY_THERMAL_ATTACK,563,0.6126332605382846,0.6496091754436053,0.866394265814092,0.001844617485046691,0.3360431375074314,False,2,57
C05_BATTERY_THERMAL_ATTACK,564,0.6193263029783678,0.6568456477421812,0.8758596572063962,0.0018813587821509558,0.3397865680925035,False,2,57
C05_BATTERY_THERMAL_ATTACK,565,0.6261205626921074,0.6642054690003921,0.8854681914398519,0.001918888805522534,0.3435938071534576,False,2,57
C05_BATTERY_THERMAL_ATTACK,566,0.6330196912391617,0.6717091973781769,0.8952250325996515,0.001957957082037433,0.34747548943627393,False,2,57
C05_BATTERY_THERMAL_ATTACK,567,0.640021848084383,0.6792951583957183,0.9051275777760271,0.0019974668071924342,0.3513997107030115,False,2,57
C05_BATTERY_THERMAL_ATTACK,568,0.6471338538490315,0.6870250265328336,0.9151854727840687,0.0020378623460305893,0.3553983751916113,False,2,57
C05_BATTERY_THERMAL_ATTACK,569,0.6543540370853338,0.6948576854696445,0.9253963538396662,0.0020794357931304148,0.35945021341011274,False,2,57
C05_BATTERY_THERMAL_ATTACK,570,0.6616873414607941,0.7028136933660903,0.9357672123444523,0.002120478558637686,0.36356586010449604,False,2,57
C05_BATTERY_THERMAL_ATTACK,571,0.6691322865769056,0.710893050222171,0.9462959546987804,0.0021634516449085405,0.3677453152747613,False,2,57
C05_BATTERY_THERMAL_ATTACK,572,0.6766937759879315,0.7190957560378863,0.9569895155755938,0.002206479928889621,0.37198857892090836,False,2,57
C05_BATTERY_THERMAL_ATTACK,573,0.6843700624597505,0.7274012526532975,0.9678454240127013,0.0022488001796771,0.3762850162969571,False,2,57
C05_BATTERY_THERMAL_ATTACK,574,0.6921612395026691,0.7358300982283434,0.9788638122536467,0.002291800745004745,0.3806452621488878,False,2,57
C05_BATTERY_THERMAL_ATTACK,575,0.7000689903262552,0.7443822927630241,0.9900470607162293,0.0023360830517634725,0.3850693164767003,False,2,57
C05_BATTERY_THERMAL_ATTACK,576,0.7080947460052908,0.7530372780974006,1.001397193245814,0.002379639130919041,0.38954654453441445,False,2,57
C05_BATTERY_THERMAL_ATTACK,577,0.7162403854825256,0.761836170551351,1.0129168670687214,0.0024233753234177064,0.39409821581399085,False,2,57
C05_BATTERY_THERMAL_ATTACK,578,0.724500712072222,0.770717295645058,1.024598732961501,0.0024668766673852107,0.3986924260774885,False,2,57
C05_BATTERY_THERMAL_ATTACK,579,0.7328789979389287,0.7797217696983997,1.0364474184636365,0.002509801058491412,0.40335044481686805,False,2,57
C05_BATTERY_THERMAL_ATTACK,580,0.7413737136940497,0.7888495927113763,1.0484607606930332,0.002553396717064768,0.4080722720321296,False,2,57
C05_BATTERY_THERMAL_ATTACK,581,0.7499828775583757,0.7980596483641094,1.0606359569906552,0.0025955324511101607,0.4128366382313123,False,2,57
C05_BATTERY_THERMAL_ATTACK,582,0.7587065887625625,0.8073930529764773,1.0729731476898423,0.002637729339805018,0.41766481290637697,False,2,57
C05_BATTERY_THERMAL_ATTACK,583,0.7675431229008948,0.816829248388541,1.0854698941126448,0.0026792379092351356,0.42254616131134326,False,2,57
C05_BATTERY_THERMAL_ATTACK,584,0.7764907758066745,0.8263682346003003,1.0981237862034054,0.002720696683171363,0.4274806834462111,False,2,57
C05_BATTERY_THERMAL_ATTACK,585,0.7855476265465647,0.8359894534518161,1.110932107352147,0.0027607375376247838,0.4324577445650002,False,2,57
C05_BATTERY_THERMAL_ATTACK,586,0.794713836554716,0.8457340212629668,1.1238950858612344,0.0028008634416793,0.4374986141596713,False,2,57
C05_BATTERY_THERMAL_ATTACK,587,0.8039859195497338,0.855560821713874,1.1370077913842376,0.002840223093364442,0.4425820227382636,False,2,57
C05_BATTERY_THERMAL_ATTACK,588,0.8133620162316929,0.8654698548045378,1.1502675944739857,0.0028775607347583864,0.44770797030077714,False,2,57
C06_HV_CONTACTOR_ATTACK,0,0.0995181222396125,0.1738316799721709,0.14073987817316352,0.009878426078661845,1.0224193081041815,True,2,57
C06_HV_CONTACTOR_ATTACK,1,0.10824429860271077,0.20156463773006592,0.15308055513351662,0.009851501044939651,1.0196325610930972,True,2,57
C06_HV_CONTACTOR_ATTACK,2,0.1229078145756462,0.22917424652832613,0.17381789829451644,0.009821118440573342,1.016487954747183,True,2,57
C06_HV_CONTACTOR_ATTACK,3,0.14162371189786735,0.2566399482070124,0.20028617411958388,0.009786586400144223,1.0129138808408924,True,2,57
C06_HV_CONTACTOR_ATTACK,4,0.16294460692271945,0.28392062644624644,0.23043847302566275,0.009747240839334922,1.0088416064988783,True,2,57
C06_HV_CONTACTOR_ATTACK,5,0.1859230355216163,0.3110368394059674,0.2629348783922445,0.009703739808095102,1.0043392400380808,True,2,57
C06_HV_CONTACTOR_ATTACK,6,0.20996142564775025,0.3379680289262361,0.2969302957262386,0.009656097837705956,0.9994082854493525,False,2,57
C06_HV_CONTACTOR_ATTACK,7,0.2346793803751137,0.3646936368471135,0.3318867625358002,0.009604334296370925,0.9940507473460808,False,2,57
C06_HV_CONTACTOR_ATTACK,8,0.25983279078634736,0.39123422132853863,0.3674590566793034,0.00954838381550167,0.988259860064755,False,2,57
C06_HV_CONTACTOR_ATTACK,9,0.285250381460063,0.4175281078906941,0.40340495813291993,0.009487641340550005,0.9819730003243387,False,2,57
C06_HV_CONTACTOR_ATTACK,10,0.31081577553013245,0.4435958546935191,0.43955988515422484,0.009423465941919871,0.9753308322155483,False,2,57
C06_HV_CONTACTOR_ATTACK,11,0.33644853258203283,0.46945801989695274,0.47581007781803697,0.009355058423363547,0.9682506387480323,False,2,57
C06_HV_CONTACTOR_ATTACK,12,0.3620809451961603,0.4950529290211776,0.5120597833732793,0.009283275516777215,0.9608210918646237,False,2,57
C06_HV_CONTACTOR_ATTACK,13,0.3876661336398397,0.5204011402261328,0.5482427038662021,0.009207311256903872,0.9529587739809968,False,2,57
C06_HV_CONTACTOR_ATTACK,14,0.4131613715546579,0.5454615371919401,0.5842984151012667,0.009126531278114816,0.9445980281127273,False,2,57
C06_HV_CONTACTOR_ATTACK,15,0.4385326589741022,0.5702341199185995,0.6201788338647107,0.009042351634914531,0.9358854162176803,False,2,57
C06_HV_CONTACTOR_ATTACK,16,0.4637581317294954,0.5947600047259892,0.6558530395526608,0.008955325898599988,0.9268782330488788,False,2,57
C06_HV_CONTACTOR_ATTACK,17,0.4888078703785561,0.6189364008144137,0.6912787196840638,0.008862877163360715,0.9173097682787049,False,2,57
C06_HV_CONTACTOR_ATTACK,18,0.5136653912899566,0.6428455408236293,0.7264325628839393,0.008768301770462665,0.9075211939652952,False,2,57
C06_HV_CONTACTOR_ATTACK,19,0.5383133260299386,0.666446308433758,0.7612900064777088,0.00866953129767885,0.8972984279456268,False,2,57
C06_HV_CONTACTOR_ATTACK,20,0.562735143972725,0.6897387036447996,0.7958276726302038,0.008568731314711718,0.8868656071681563,False,2,57
C06_HV_CONTACTOR_ATTACK,21,0.586911184343721,0.7126404938169976,0.830017756807346,0.008462551336111413,0.8758759556396057,False,2,57
C06_HV_CONTACTOR_ATTACK,22,0.6108326770809895,0.7352544697500476,0.8638478562686006,0.008353411800943851,0.8645799893445432,False,2,57
C06_HV_CONTACTOR_ATTACK,23,0.6344821841749176,0.7574983988041932,0.8972933099442725,0.00824092604718709,0.8529376886772345,False,2,57
C06_HV_CONTACTOR_ATTACK,24,0.6578492418222796,0.7793928391393735,0.9303393197819256,0.008124946629471046,0.8409337930089048,False,2,57
C06_HV_CONTACTOR_ATTACK,25,0.6809228723765001,0.8009377907555885,0.9629703610448905,0.008006922594113224,0.8287182789574442,False,2,57
C06_HV_CONTACTOR_ATTACK,26,0.7036913795132093,0.8220921373329599,0.9951698926326132,0.007885551582890123,0.8161563521554939,False,2,57
C06_HV_CONTACTOR_ATTACK,27,0.7261457858560436,0.8428764370314268,1.026925218617686,0.007759908041028349,0.8031522174770397,False,2,57
C06_HV_CONTACTOR_ATTACK,28,0.748274892656415,0.8632906898509893,1.058220501577974,0.007633709042662226,0.7900905929261769,False,2,57
C06_HV_CONTACTOR_ATTACK,29,0.7700728174753062,0.8833143376317082,1.089047422488439,0.007503276922887817,0.7765908393629678,False,2,57
C06_HV_CONTACTOR_ATTACK,30,0.7915285482816863,0.9029473803735835,1.119390407985448,0.007370057921282013,0.7628026429070212,False,2,57
C06_HV_CONTACTOR_ATTACK,31,0.8126322853772411,0.922169259916676,1.1492355992027377,0.00723337278760391,0.748655701006513,False,2,57
C06_HV_CONTACTOR_ATTACK,32,0.8333745962084803,0.9409799762609858,1.1785696564952346,0.00709623822777385,0.734462243398779,False,2,57
C06_HV_CONTACTOR_ATTACK,33,0.8537539978365426,0.9594000875664521,1.2073904826706887,0.006955412366080656,0.7198867352227807,False,2,57
C06_HV_CONTACTOR_ATTACK,34,0.8737581552576345,0.9773884775131965,1.235680633399443,0.006812675244287326,0.7051134111990323,False,2,57
C06_HV_CONTACTOR_ATTACK,35,0.8933846504896645,0.9949862624210972,1.263436689138431,0.006668444587781254,0.6901855059985383,False,2,57
C06_HV_CONTACTOR_ATTACK,36,0.9126240154300321,1.012131767810337,1.290645259968544,0.006520844245253782,0.6749088375413178,False,2,57
C06_HV_CONTACTOR_ATTACK,37,0.9314670617471182,1.0288249936809157,1.317293351626592,0.006371377773955598,0.6594390243390345,False,2,57
C06_HV_CONTACTOR_ATTACK,38,0.9499115714287688,1.0451070563527118,1.343377827369704,0.006220432187078415,0.6438161223435727,False,2,57
C06_HV_CONTACTOR_ATTACK,39,0.9679520405634017,1.060957397665786,1.368890903491475,0.006067361575138042,0.6279732797788834,False,2,57
C06_HV_CONTACTOR_ATTACK,40,0.9855812199702526,1.0763554594601992,1.393822328102152,0.00591230698331069,0.6119250948522446,False,2,57
C06_HV_CONTACTOR_ATTACK,41,1.002795390635551,1.0913217998958906,1.4181668417220217,0.005755815136906435,0.5957281537555047,False,2,57
C06_HV_CONTACTOR_ATTACK,42,1.0195909144283817,1.10585641897286,1.4419192992570031,0.005598648403067605,0.5794613616583716,False,2,57
C06_HV_CONTACTOR_ATTACK,43,1.0359601898124102,1.1198976422112903,1.4650689505113164,0.005439028305942998,0.5793235865532007,False,2,57
C06_HV_CONTACTOR_ATTACK,44,1.0519031924152267,1.1335277022509376,1.487615761017169,0.005278416863752383,0.5863744231381519,False,2,57
C06_HV_CONTACTOR_ATTACK,45,1.067412826373112,1.146684924611985,1.5095496957078527,0.005116666881450242,0.593180660565556,False,2,57
C06_HV_CONTACTOR_ATTACK,46,1.0824852062972312,1.1593693092944322,1.530865259813782,0.004952107919596783,0.5997422988354125,False,2,57
C06_HV_CONTACTOR_ATTACK,47,1.09711892472017,1.1716425307780967,1.5515604628754511,0.004788841581434507,0.6060912421856628,False,2,57
C06_HV_CONTACTOR_ATTACK,48,1.1113099244443139,1.1834223564232218,1.5716295671489682,0.00462465021502666,0.6121849516323853,False,2,57
C06_HV_CONTACTOR_ATTACK,49,1.125059723014104,1.194770460709625,1.5910747187662637,0.004459526648040585,0.6180553314135212,False,2,57
C06_HV_CONTACTOR_ATTACK,50,1.1383630581066617,1.2056457273174281,1.6098884756789527,0.00429315864558912,0.6236811120371097,False,2,57
C06_HV_CONTACTOR_ATTACK,51,1.1512181209209118,1.2160687144065705,1.6280682798560233,0.004126910394420184,0.6290729282491313,False,2,57
C06_HV_CONTACTOR_ATTACK,52,1.1636229029259482,1.2260188638171123,1.6456112908058274,0.003959395099404276,0.6342201453036055,False,2,57
C06_HV_CONTACTOR_ATTACK,53,1.1755774556658152,1.2355372918689327,1.6625175814226516,0.0037916300025647317,0.6391440326924931,False,2,57
C06_HV_CONTACTOR_ATTACK,54,1.1870764230655773,1.2445623240822135,1.6787795770726812,0.003624649208346607,0.6438126861778529,False,2,57
C06_HV_CONTACTOR_ATTACK,55,1.198124698807869,1.2531556349367725,1.694404198468268,0.00345655674857884,0.6482580099976262,False,2,57
C06_HV_CONTACTOR_ATTACK,56,1.2087207292423345,1.2613172244326096,1.7093892484160074,0.003289951639159603,0.6524800041518126,False,2,57
C06_HV_CONTACTOR_ATTACK,57,1.218864207196837,1.2690059762498467,1.723734292508897,0.0031239283901157455,0.6564573991484518,False,2,57
C06_HV_CONTACTOR_ATTACK,58,1.2285566415910552,1.2762424485484227,1.737441464681612,0.00295630881036386,0.660200829733524,False,2,57
C06_HV_CONTACTOR_ATTACK,59,1.2377929097352043,1.2830060831683987,1.7505035203567822,0.002790239949307472,0.6636996611610488,False,2,57
C06_HV_CONTACTOR_ATTACK,60,1.2465779640026486,1.2893379964296527,1.7629274632479854,0.002623994005468943,0.666975162922987,False,2,57
C06_HV_CONTACTOR_ATTACK,61,1.2549118479921746,1.2952381883321848,1.774713355013217,0.0024594659879242217,0.6700273350193384,False,2,57
C06_HV_CONTACTOR_ATTACK,62,1.2627978575178214,1.300706658875995,1.7858658566373904,0.002295842838683041,0.6728561774501032,False,2,57
C06_HV_CONTACTOR_ATTACK,63,1.2702341156888817,1.3057022917412053,1.7963823137962114,0.0021334194320616006,0.6754404207233207,False,2,57
C06_HV_CONTACTOR_ATTACK,64,1.2772256928790255,1.3102867614076326,1.8062698970808913,0.001971577321038132,0.6778119690769316,False,2,57
C06_HV_CONTACTOR_ATTACK,65,1.283772580836963,1.3144395097153383,1.8155285948223439,0.00181314513549728,0.679960187764956,False,2,57
C06_HV_CONTACTOR_ATTACK,66,1.289879719637966,1.3181605366643219,1.8241653933420172,0.0016554594750232202,0.6818850767873936,False,2,57
C06_HV_CONTACTOR_ATTACK,67,1.2955470830830726,1.3214498422545837,1.8321802555889843,0.0014987559861538542,0.6835866361442446,False,2,57
C06_HV_CONTACTOR_ATTACK,68,1.3007763836803712,1.324327984646063,1.8395756034154098,0.0013459174339272668,0.6850755005814894,False,2,57
C06_HV_CONTACTOR_ATTACK,69,1.3055726429552246,1.3267949638387593,1.846358538330565,0.0011966601056366212,0.6863516700991276,False,2,57
C06_HV_CONTACTOR_ATTACK,70,1.3099392072402354,1.328850779832673,1.8525337927634014,0.0010533331968669575,0.6874151446971595,False,2,57
C06_HV_CONTACTOR_ATTACK,71,1.3138810894565525,1.3304954326278038,1.8581084560549943,0.0009153689950042006,0.6882659243755849,False,2,57
C06_HV_CONTACTOR_ATTACK,72,1.317401685650094,1.331749480384091,1.86308733093954,0.0007851806365860321,0.6889146438803843,False,2,57
C06_HV_CONTACTOR_ATTACK,73,1.320502646180332,1.3325923649415956,1.867472751377786,0.0006670168946795471,0.6893506684655774,False,2,57
C06_HV_CONTACTOR_ATTACK,74,1.3231890733131444,1.333065202620196,1.8712719330633365,0.0005699631516309667,0.6895952676231247,False,2,57
C06_HV_CONTACTOR_ATTACK,75,1.3254694234133482,1.3331679934198915,1.8744968351020033,0.0004997314346429343,0.6896484413530263,False,2,57
C06_HV_CONTACTOR_ATTACK,76,1.3273453608543053,1.3331679934198915,1.8771498112731684,0.00047012096847302316,0.6896484413530263,False,2,57
C06_HV_CONTACTOR_ATTACK,77,1.328821958346972,1.3331679934198915,1.879238035473464,0.0004864690827860028,0.6896484413530263,False,2,57
C06_HV_CONTACTOR_ATTACK,78,1.3299042860544534,1.3331679934198915,1.8807686779963162,0.0005435150426624956,0.6900933457550746,False,2,57
C06_HV_CONTACTOR_ATTACK,79,1.3305974174355215,1.3331679934198915,1.8817489137959291,0.0006288324894486492,0.6904530147619534,False,2,57
C06_HV_CONTACTOR_ATTACK,80,1.3309081491793942,1.3331679934198915,1.8821883548423737,0.0007296506388979059,0.6906142548684859,False,2,57
C06_HV_CONTACTOR_ATTACK,81,1.3308432670591817,1.3331679934198915,1.8820965976680137,0.0008395021646067386,0.6905805872430134,False,2,57
C06_HV_CONTACTOR_ATTACK,82,1.3304078494034244,1.3331679934198915,1.8814808241139451,0.0009555744969572629,0.6903546470531718,False,2,57
C06_HV_CONTACTOR_ATTACK,83,1.329606985552578,1.3331679934198915,1.8803482315944637,0.0010754129940909148,0.6899390751807294,False,2,57
C06_HV_CONTACTOR_ATTACK,84,1.3284491619913459,1.3331679934198915,1.878710821811334,0.001194327641628152,0.6896484413530263,False,2,57
C06_HV_CONTACTOR_ATTACK,85,1.3269411857585027,1.3331679934198915,1.876578221371111,0.0013141962598417823,0.6896484413530263,False,2,57
C06_HV_CONTACTOR_ATTACK,86,1.3250881359902709,1.3331679934198915,1.8739576132571254,0.0014335661043167838,0.6896484413530263,False,2,57
C06_HV_CONTACTOR_ATTACK,87,1.3228934028073367,1.3328801791807436,1.8708537918240293,0.001552831683427679,0.6894995549093019,False,2,57
C06_HV_CONTACTOR_ATTACK,88,1.3203688779154934,1.3322223180626913,1.8672835744834362,0.0016683628920321331,0.6891592430379317,False,2,57
C06_HV_CONTACTOR_ATTACK,89,1.3175213605314418,1.3311944100657345,1.863256576779817,0.001782142714818274,0.6886275057389157,False,2,57
C06_HV_CONTACTOR_ATTACK,90,1.3143576697167558,1.329796455189873,1.8587824423225332,0.0018941291760197594,0.687904343012254,False,2,57
C06_HV_CONTACTOR_ATTACK,91,1.310886334187112,1.3280695697549856,1.8538732325369633,0.0020042926966834978,0.6870110243499072,False,2,57
C06_HV_CONTACTOR_ATTACK,92,1.307114113534698,1.3260137537610721,1.8485385069300553,0.002111843923345685,0.6859475497518754,False,2,57
C06_HV_CONTACTOR_ATTACK,93,1.3030460990138808,1.323608449048193,1.8427854656227851,0.002217268054276808,0.6847032844721781,False,2,57
C06_HV_CONTACTOR_ATTACK,94,1.2986924996988438,1.3208536556163488,1.8366285464263215,0.0023189095851013,0.6832782285108154,False,2,57
C06_HV_CONTACTOR_ATTACK,95,1.294061886153597,1.3178110479453566,1.830079869948525,0.0024192189402401695,0.6817042861057283,False,2,57
C06_HV_CONTACTOR_ATTACK,96,1.2891609662941828,1.3144395097153383,1.8231489226152375,0.0025155849127718654,0.679960187764956,False,2,57
C06_HV_CONTACTOR_ATTACK,97,1.2839982948838193,1.3107595990862329,1.815847802688626,0.0026094645449941632,0.678056568234479,False,2,57
C06_HV_CONTACTOR_ATTACK,98,1.2785807155732292,1.3067507578981012,1.8081861885523574,0.002700372677578344,0.6759827927683169,False,2,57
C06_HV_CONTACTOR_ATTACK,99,1.2729202020438957,1.3024952187907,1.8001810135491776,0.0027889564232213785,0.6737814003503909,False,2,57
C06_HV_CONTACTOR_ATTACK,100,1.2670217459151214,1.2979518654441509,1.7918393368948025,0.0028742049538200785,0.6714311214887405,False,2,57
C06_HV_CONTACTOR_ATTACK,101,1.2608938755142483,1.2931206978584537,1.7831732194654228,0.002956200955000568,0.6689319561833655,False,2,57
C06_HV_CONTACTOR_ATTACK,102,1.2545451652690291,1.2880222741935479,1.774194787333057,0.003035582739409548,0.6662945391802465,False,2,57
C06_HV_CONTACTOR_ATTACK,103,1.2479857940975194,1.2826771526093725,1.7649184356616687,0.0031114400824459806,0.6635295052253638,False,2,57
C06_HV_CONTACTOR_ATTACK,104,1.2412209052416139,1.2770647749459882,1.7553514380937005,0.0031848091239459913,0.6606262195727367,False,2,57
C06_HV_CONTACTOR_ATTACK,105,1.2342624178392996,1.2712262575232736,1.7455106508357454,0.003254619506404917,0.6576059517143263,False,2,57
C06_HV_CONTACTOR_ATTACK,106,1.2271154606190273,1.265141042181289,1.7354033270051359,0.003321871411478079,0.6544580669041519,False,2,57
C06_HV_CONTACTOR_ATTACK,107,1.2197902791685853,1.2588502452399133,1.725043956051077,0.0033862984930707798,0.6512038346341744,False,2,57
C06_HV_CONTACTOR_ATTACK,108,1.2122952783392074,1.252333308539207,1.7144444242281733,0.00344660259075588,0.6478326201584134,False,2,57
C06_HV_CONTACTOR_ATTACK,109,1.2046373879187053,1.2455902320791703,1.7036145317363323,0.003504339114187784,0.6443444234768688,False,2,57
C06_HV_CONTACTOR_ATTACK,110,1.1968285391017834,1.2386621321796814,1.69257115183292,0.0035585477414961505,0.6407605140815015,False,2,57
C06_HV_CONTACTOR_ATTACK,111,1.188873879013466,1.2315490088407401,1.6813215636519538,0.003610765087311648,0.6370808919723112,False,2,57
C06_HV_CONTACTOR_ATTACK,112,1.1807818847283778,1.2242508620623467,1.6698777555873363,0.003659541234075455,0.6333055571492981,False,2,57
C06_HV_CONTACTOR_ATTACK,113,1.1725610899694459,1.216767691844501,1.6582517961457695,0.003704919257451761,0.6294345096124621,False,2,57
C06_HV_CONTACTOR_ATTACK,114,1.1642217339402499,1.2091406145070815,1.6464581657478226,0.0037474842953947817,0.625489018853764,False,2,57
C06_HV_CONTACTOR_ATTACK,115,1.1557705474378817,1.2013285137302097,1.6345063831780289,0.003785988434100931,0.6214478153812428,False,2,57
C06_HV_CONTACTOR_ATTACK,116,1.147216254357815,1.193393063993703,1.6224087858876841,0.003823123870674232,0.6173428034328399,False,2,57
C06_HV_CONTACTOR_ATTACK,117,1.1385671879604142,1.1852931489776832,1.6101771588866145,0.0038554445969022234,0.6131527135165943,False,2,57
C06_HV_CONTACTOR_ATTACK,118,1.1298320542939635,1.1770698850020287,1.5978238143863783,0.003885728290233914,0.6088988151244669,False,2,57
C06_HV_CONTACTOR_ATTACK,119,1.1210176773679807,1.1687438302266784,1.585358402993785,0.00391393029950597,0.6045917430024378,False,2,57
C06_HV_CONTACTOR_ATTACK,120,1.1121307718522693,1.1602738683317542,1.5727904206859376,0.003938033510528718,0.6002102276585465,False,2,57
C06_HV_CONTACTOR_ATTACK,121,1.1031817061689035,1.1517216737970735,1.560134530625954,0.0039600492487690125,0.595786173330734,False,2,57
C06_HV_CONTACTOR_ATTACK,122,1.0941755311554258,1.143046130302758,1.5473978757767881,0.00397865595485344,0.5912983105270395,False,2,57
C06_HV_CONTACTOR_ATTACK,123,1.0851225797366757,1.1342883541686857,1.534595069100887,0.0039944986868105554,0.5867679087394237,False,2,57
C06_HV_CONTACTOR_ATTACK,124,1.0760296650487617,1.125448345394857,1.5217357458277376,0.0040075890978018645,0.5821949679678867,False,2,57
C06_HV_CONTACTOR_ATTACK,125,1.0669036586952492,1.116546662141211,1.5088296238722971,0.004018611130792531,0.5775901229584088,False,2,57
C06_HV_CONTACTOR_ATTACK,126,1.0577513160278995,1.1075833044077474,1.4958862567446451,0.0040268736262570335,0.5729533737109898,False,2,57
C06_HV_CONTACTOR_ATTACK,127,1.048579449847432,1.0985377140345274,1.482915279199957,0.004031699376771673,0.5682740854796496,False,2,57
C06_HV_CONTACTOR_ATTACK,128,1.0393951153794518,1.0894715655013683,1.4699266688339687,0.004035835075155006,0.5635841625023291,False,2,57
C06_HV_CONTACTOR_ATTACK,129,1.0302048878121295,1.0803437424883917,1.4569297243669663,0.004035835075155006,0.5588623352870676,False,2,57
C06_HV_CONTACTOR_ATTACK,130,1.0210157655690262,1.0711748031555368,1.4439343430644653,0.004033765788247954,0.5541192385798455,False,2,57
C06_HV_CONTACTOR_ATTACK,131,1.0118362563709877,1.0619853056627429,1.430952556660671,0.004028942512821822,0.549365507126643,False,2,57
C06_HV_CONTACTOR_ATTACK,132,1.0026698785785482,1.0527752500100098,1.4179893408687672,0.004022732661051113,0.5446011409274604,False,2,57
C06_HV_CONTACTOR_ATTACK,133,0.9935250638344167,1.0435446361973375,1.4050566198322272,0.004013081482363237,0.5398261399822972,False,2,57
C06_HV_CONTACTOR_ATTACK,134,0.9844054441153128,1.0343140223846652,1.3921595299417853,0.00400272502572013,0.5350511390371342,False,2,57
C06_HV_CONTACTOR_ATTACK,135,0.9753177485728548,1.025083408571993,1.3793075876549237,0.003989618655164564,0.5302761380919712,False,2,57
C06_HV_CONTACTOR_ATTACK,136,0.9662671437474105,1.0158527947593208,1.366508099563101,0.003974432798584955,0.525501137146808,False,2,57
C06_HV_CONTACTOR_ATTACK,137,0.9572588462398578,1.0066427391065875,1.353768443054028,0.003957864132361413,0.5207367709476253,False,2,57
C06_HV_CONTACTOR_ATTACK,138,0.9482995540351643,0.9974532416137937,1.3410980905088872,0.003938558785015477,0.5159830394944229,False,2,57
C06_HV_CONTACTOR_ATTACK,139,0.9393927799424303,0.9882637441209996,1.3285020097899494,0.00391713684168648,0.5112293080412204,False,2,57
C06_HV_CONTACTOR_ATTACK,140,0.9305455152825455,0.979135921108023,1.315990088118036,0.0038950524470007177,0.506507480825959,False,2,57
C06_HV_CONTACTOR_ATTACK,141,0.9217609848766961,0.9700286562549857,1.303566886079005,0.003870204535437337,0.5017962883566778,False,2,57
C06_HV_CONTACTOR_ATTACK,142,0.9130428362530908,0.9609830658817656,1.291237562056718,0.0038453446807990193,0.4971170001253376,False,2,57
C06_HV_CONTACTOR_ATTACK,143,0.904394360634659,0.9519580336684847,1.2790067705432786,0.0038176990885377946,0.4924483466399777,False,2,57
C06_HV_CONTACTOR_ATTACK,144,0.8958225221247488,0.9430152340949604,1.2668843602680917,0.0037894106817486146,0.4878222321385391,False,2,57
C06_HV_CONTACTOR_ATTACK,145,0.8873272670223319,0.9340929926813751,1.2548702552864346,0.003758970420485103,0.48320675238308075,False,2,57
C06_HV_CONTACTOR_ATTACK,146,0.8789172517600845,0.9252529839075465,1.2429766976427996,0.003727207233779656,0.4786338116115438,False,2,57
C06_HV_CONTACTOR_ATTACK,147,0.8705925062074875,0.9164746496135352,1.2312037295790117,0.0036947071070875743,0.47409277507794767,False,2,57
C06_HV_CONTACTOR_ATTACK,148,0.8623565057936882,0.9077579897993414,1.2195562660941064,0.0036608000997767117,0.4695836427822926,False,2,57
C06_HV_CONTACTOR_ATTACK,149,0.8542143842998142,0.8991441207848432,1.2080415674509803,0.0036262755900455775,0.46512768421653905,False,2,57
C06_HV_CONTACTOR_ATTACK,150,0.8461644344262098,0.8905919262501625,1.1966572191633054,0.0035909816747320272,0.46070362988872654,False,2,57
C06_HV_CONTACTOR_ATTACK,151,0.8382118237657312,0.8821219643552383,1.1854105293109836,0.0035543268626213784,0.45632211454483523,False,2,57
C06_HV_CONTACTOR_ATTACK,152,0.8303583238540471,0.8737547932600097,1.174304003223784,0.003517688737705135,0.4519937729308455,False,2,57
C06_HV_CONTACTOR_ATTACK,153,0.8226039031230102,0.8654492966445986,1.1633375962576047,0.003479594719060848,0.4476973355547968,False,2,57
C06_HV_CONTACTOR_ATTACK,154,0.814955422099657,0.8572465908288832,1.1525210106628252,0.003440196407824339,0.4434540719086497,False,2,57
C06_HV_CONTACTOR_ATTACK,155,0.8074112876182244,0.8491466758128634,1.1418519933628168,0.00340143692546853,0.43926398199240413,False,2,57
C06_HV_CONTACTOR_ATTACK,156,0.7999715175757691,0.8411289934366002,1.1313305696678395,0.0033619301391780458,0.43511643106007986,False,2,57
C06_HV_CONTACTOR_ATTACK,157,0.7926395759987785,0.8332346600199718,1.1209616384511323,0.0033224982801612303,0.4310326886036375,False,2,57
C06_HV_CONTACTOR_ATTACK,158,0.7854120666977694,0.8254225592431,1.1107403967754674,0.00328296030356142,0.42699148513111645,False,2,57
C06_HV_CONTACTOR_ATTACK,159,0.7782957120284745,0.8177132492659238,1.1006763514874933,0.0032414570391481926,0.42300345538849693,False,2,57
C06_HV_CONTACTOR_ATTACK,160,0.7712873338935777,0.8101272882483825,1.0907650080788835,0.0032019545504384135,0.4190792341217594,False,2,57
C06_HV_CONTACTOR_ATTACK,161,0.7643851655793295,0.8026235598705977,1.0810038680390917,0.0031616892502387083,0.4151975518389431,False,2,57
C06_HV_CONTACTOR_ATTACK,162,0.7575926865394834,0.7952431804524477,1.0713978520588063,0.0031214944889477072,0.41137967803200864,False,2,57
C06_HV_CONTACTOR_ATTACK,163,0.7509081462516889,0.7879655918339934,1.061944484525578,0.003081273422661256,0.40761497795497587,False,2,57
C06_HV_CONTACTOR_ATTACK,164,0.7443315931520006,0.7807907940152348,1.052643833938332,0.00304102500763774,0.40390345160784463,False,2,57
C06_HV_CONTACTOR_ATTACK,165,0.7378614422822936,0.7737599033160502,1.0434936588277923,0.003002893138355586,0.4002663684825757,False,2,57
C06_HV_CONTACTOR_ATTACK,166,0.7314941011273007,0.766811245256622,1.0344888786101452,0.00296401382990163,0.396671824341228,False,2,57
C06_HV_CONTACTOR_ATTACK,167,0.7252313840515333,0.7599653779968896,1.0256320591842891,0.002925124282216783,0.39313045392978185,False,2,57
C06_HV_CONTACTOR_ATTACK,168,0.7190716733106415,0.7532428596967919,1.0169209127142247,0.0028876223979291114,0.38965289199421765,False,2,57
C06_HV_CONTACTOR_ATTACK,169,0.713013160589196,0.7466025740364509,1.0083528818557466,0.002849378295681424,0.38621786904257477,False,2,57
C06_HV_CONTACTOR_ATTACK,170,0.7070543706613301,0.740126753655623,0.9999258803244264,0.002814677007034112,0.3828679240587744,False,2,57
C06_HV_CONTACTOR_ATTACK,171,0.7011882137419763,0.7337126077546123,0.9916298816500675,0.0027791751903703515,0.37954988331291495,False,2,57
C06_HV_CONTACTOR_ATTACK,172,0.6954182215364642,0.7274012526532975,0.9834698804182452,0.0027437058046441165,0.3762850162969571,False,2,57
C06_HV_CONTACTOR_ATTACK,173,0.6897410631607668,0.7212132465116174,0.9754411660475939,0.002710320543569305,0.37308395775688125,False,2,57
C06_HV_CONTACTOR_ATTACK,174,0.6841532105847565,0.7151280311696331,0.9675387491500588,0.0026776454438755906,0.36993607294670694,False,2,57
C06_HV_CONTACTOR_ATTACK,175,0.6786496372210723,0.7091456066273444,0.9597555210576212,0.0026469982988895488,0.3668413618664342,False,2,57
C06_HV_CONTACTOR_ATTACK,176,0.6732285522410748,0.7032454147248122,0.9520889491561317,0.002616348124904225,0.36378918977008273,False,2,57
C06_HV_CONTACTOR_ATTACK,177,0.6678866766456604,0.6974480136219757,0.9445343962405868,0.002587754427702255,0.3607901914036329,False,2,57
C06_HV_CONTACTOR_ATTACK,178,0.6626205394593859,0.691753403318835,0.9370869536104403,0.0025605816105156247,0.3578443667670846,False,2,57
C06_HV_CONTACTOR_ATTACK,179,0.657425003021639,0.6861410256554507,0.9297393555163748,0.002534764726470165,0.3549410811144576,False,2,57
C06_HV_CONTACTOR_ATTACK,180,0.6522983324935071,0.6806314387917621,0.9224891485256722,0.002510394091629259,0.3520909691917322,False,2,57
C06_HV_CONTACTOR_ATTACK,181,0.6472336965543676,0.6751835264078909,0.915326671692059,0.0024873377717937292,0.34927276150694775,False,2,57
C06_HV_CONTACTOR_ATTACK,182,0.6422294546006189,0.6698178466637763,0.908249604851671,0.0024656819988648575,0.3464970928060846,False,2,57
C06_HV_CONTACTOR_ATTACK,183,0.6372821519398518,0.6645549577193575,0.9012530623316498,0.0024461691570997024,0.34377459783512304,False,2,57
C06_HV_CONTACTOR_ATTACK,184,0.6323815841319832,0.6593537432547559,0.894322612874433,0.002429371398683786,0.3410840071021024,False,2,57
C06_HV_CONTACTOR_ATTACK,185,0.6275259931951728,0.654234761429911,0.8874557703182598,0.0024140154469895828,0.3384359553530031,False,2,57
C06_HV_CONTACTOR_ATTACK,186,0.6227101671841709,0.6491568959249443,0.8806451638594719,0.0023993352846982956,0.3358091730958644,False,2,57
C06_HV_CONTACTOR_ATTACK,187,0.6179308137512857,0.6441612630597341,0.8738861374153112,0.002387460588561948,0.33322492982264695,False,2,57
C06_HV_CONTACTOR_ATTACK,188,0.6131810167600137,0.6392067465144022,0.8671689100917355,0.0023769670439302715,0.33066195604139015,False,2,57
C06_HV_CONTACTOR_ATTACK,189,0.6084574074902419,0.6343139044488878,0.8604887177990729,0.0023685789491856095,0.3281308864980743,False,2,57
C06_HV_CONTACTOR_ATTACK,190,0.6037515131499829,0.6294621787032515,0.8538335781999838,0.002362970343780952,0.32562108644671905,False,2,57
C06_HV_CONTACTOR_ATTACK,191,0.5990598771260836,0.6246721274374327,0.8471986029052672,0.0023594750155671806,0.3231431906333048,False,2,57
C06_HV_CONTACTOR_ATTACK,192,0.5943755774254995,0.6199026343315531,0.840574002738481,0.002357375330995095,0.32067592956587093,False,2,57
C06_HV_CONTACTOR_ATTACK,193,0.5896919645615248,0.6151742575455518,0.833950373905343,0.0023587775717511645,0.31822993799039767,False,2,57
C06_HV_CONTACTOR_ATTACK,194,0.5850054521044021,0.6104869970794287,0.8273226444282495,0.002361570592587947,0.31580521590688504,False,2,57
C06_HV_CONTACTOR_ATTACK,195,0.5803075140290047,0.6057791784533664,0.8206787566868337,0.002365780781999653,0.313369859077392,False,2,57
C06_HV_CONTACTOR_ATTACK,196,0.5755949679658321,0.6011124761471824,0.8140142101309868,0.002373492328074412,0.3109557717398597,False,2,57
C06_HV_CONTACTOR_ATTACK,197,0.5708608369280329,0.5964663320009376,0.8073191378112798,0.002383286477539531,0.30855231914830766,False,2,57
C06_HV_CONTACTOR_ATTACK,198,0.5660982559899596,0.5918201878546927,0.800583831256757,0.0023951818679349745,0.30614886655675566,False,2,57
C06_HV_CONTACTOR_ATTACK,199,0.561300479230768,0.587174043708448,0.7937987502946697,0.0024098873314722697,0.30374541396520366,False,2,57
C06_HV_CONTACTOR_ATTACK,200,0.5564623384819939,0.5825278995622031,0.7869565860310836,0.0024266629579725685,0.30134196137365166,False,2,57
C06_HV_CONTACTOR_ATTACK,201,0.5515737390046599,0.57784063909608,0.7800430623492278,0.0024463313933268537,0.29891723929013897,False,2,57
C06_HV_CONTACTOR_ATTACK,202,0.5466346308401774,0.5731533786299569,0.773058108596989,0.0024672950713574633,0.29649251720662634,False,2,57
C06_HV_CONTACTOR_ATTACK,203,0.5416332200845875,0.5684455600038947,0.7659850456754351,0.0024925244575212586,0.2940571603771334,False,2,57
C06_HV_CONTACTOR_ATTACK,204,0.5365659153496866,0.563676066898015,0.7588187945946608,0.0025177280155597778,0.2915898993096994,False,2,57
C06_HV_CONTACTOR_ATTACK,205,0.5314262414110117,0.5589065737921354,0.7515501980044113,0.002547818091232107,0.28912263824226553,False,2,57
C06_HV_CONTACTOR_ATTACK,206,0.5262054602523291,0.5540754062064382,0.7441668984836204,0.002579301086726529,0.2866234729368906,False,2,57
C06_HV_CONTACTOR_ATTACK,207,0.5208985870920926,0.5491825641409238,0.7366618464866203,0.0026129022709543755,0.28409240339357483,False,2,57
C06_HV_CONTACTOR_ATTACK,208,0.5155005975858146,0.544248605755531,0.7290279365172941,0.002649238088362301,0.2815400643582983,False,2,57
C06_HV_CONTACTOR_ATTACK,209,0.5100013826208739,0.5392529728903209,0.72125087213147,0.0026891205761811754,0.27895582108508093,False,2,57
C06_HV_CONTACTOR_ATTACK,210,0.5043957734914296,0.5341751073853542,0.7133233436752475,0.0027303605928208027,0.2825929319061039,False,2,57
C06_HV_CONTACTOR_ATTACK,211,0.4986771756533145,0.5290355674005701,0.7052360250548275,0.002775073762220534,0.2872207549375044,False,2,57
C06_HV_CONTACTOR_ATTACK,212,0.4928386959641925,0.5237726784561512,0.6969791678948314,0.0028205527022289495,0.2919278353981413,False,2,57
C06_HV_CONTACTOR_ATTACK,213,0.48687728931644186,0.518468673191854,0.6885484657627613,0.00287006071356097,0.29705192564173155,False,2,57
C06_HV_CONTACTOR_ATTACK,214,0.48078251845556597,0.5130207608079829,0.6799291581517543,0.002920387376458818,0.30226074650544754,False,2,57
C06_HV_CONTACTOR_ATTACK,215,0.474551468884774,0.5075111739442942,0.6711171233409212,0.002974779621166068,0.3078903559955611,False,2,57
C06_HV_CONTACTOR_ATTACK,216,0.4681753856444915,0.5018576799610317,0.662099979947694,0.0030299086831024552,0.31359622623365363,False,2,57
C06_HV_CONTACTOR_ATTACK,217,0.46164967239414817,0.49610139517807356,0.6528712277649006,0.0030885268866412395,0.31966322340781805,False,2,57
C06_HV_CONTACTOR_ATTACK,218,0.45496911565604437,0.4902217614354805,0.6434234938216712,0.0031484218984067277,0.32586237051895967,False,2,57
C06_HV_CONTACTOR_ATTACK,219,0.44812560452456146,0.4842187787332527,0.6337453075652768,0.0032118573151607957,0.33242795033810635,False,2,57
C06_HV_CONTACTOR_ATTACK,220,0.441112499794823,0.47805133075151174,0.6238272797421378,0.0032767697399997187,0.33914640082431646,False,2,57
C06_HV_CONTACTOR_ATTACK,221,0.43392838932261657,0.471760533810136,0.613667413278757,0.003343593757072401,0.34606270153418106,False,2,57
C06_HV_CONTACTOR_ATTACK,222,0.4265649989588095,0.46530527158924717,0.6032540067612135,0.003412593879047185,0.35320422958802256,False,2,57
C06_HV_CONTACTOR_ATTACK,223,0.419019266826829,0.4587061022487844,0.5925827300421322,0.003483572447561523,0.3605505273011178,False,2,57
C06_HV_CONTACTOR_ATTACK,224,0.41128315506305474,0.45194246762880846,0.5816422158657687,0.0035574106467934647,0.36819279743294103,False,2,57
C06_HV_CONTACTOR_ATTACK,225,0.40335346933349736,0.4450143677293195,0.5704279467616723,0.0036325143103848982,0.3759660434089482,False,2,57
C06_HV_CONTACTOR_ATTACK,226,0.3952224562588242,0.4379012443903783,0.5589289577956366,0.0037105509099242323,0.3840428489114111,False,2,57
C06_HV_CONTACTOR_ATTACK,227,0.38689020121933276,0.430623655771924,0.5471453697136361,0.0037889968843172234,0.3921620248027698,False,2,57
C06_HV_CONTACTOR_ATTACK,228,0.37834890479538846,0.42314048555407835,0.5350661524706454,0.0038696955382882645,0.40051435353418924,False,2,57
C06_HV_CONTACTOR_ATTACK,229,0.3695945978002356,0.4154928500567196,0.5226856927889225,0.003953817853607901,0.4092210319807698,False,2,57
C06_HV_CONTACTOR_ATTACK,230,0.36062378632086556,0.40761907480003035,0.5099990495293052,0.004037165270085695,0.4178475082239408,False,2,57
C06_HV_CONTACTOR_ATTACK,231,0.35143303026799644,0.3995397179439497,0.497001357670875,0.00412343060583774,0.4267759897644869,False,2,57
C06_HV_CONTACTOR_ATTACK,232,0.3420184611923155,0.3912753376484169,0.48368714640014865,0.0042123944006080515,0.43598376241683895,False,2,57
C06_HV_CONTACTOR_ATTACK,233,0.332378486191783,0.38278481759355354,0.47005416301345804,0.004300485121221648,0.4451011716987387,False,2,57
C06_HV_CONTACTOR_ATTACK,234,0.32250852617194364,0.3740887159392988,0.45609593169332097,0.004392159390757866,0.4545894790954645,False,2,57
C06_HV_CONTACTOR_ATTACK,235,0.31240627776793134,0.3651459163657745,0.44180919498990484,0.004483828693888664,0.46407727246811875,False,2,57
C06_HV_CONTACTOR_ATTACK,236,0.30207092832704246,0.35599753519285876,0.4271928036387346,0.004578242395343019,0.4738491116809494,False,2,57
C06_HV_CONTACTOR_ATTACK,237,0.2915005297725737,0.3465818979407343,0.4122440026433159,0.004671986217568837,0.4835516182438314,False,2,57
C06_HV_CONTACTOR_ATTACK,238,0.28069698686252004,0.3369812372491576,0.39696548573823837,0.004769042116238813,0.4935969254593134,False,2,57
C06_HV_CONTACTOR_ATTACK,239,0.26965689728066894,0.3271133204783721,0.3813524413217706,0.004865379067607587,0.5035678214683535,False,2,57
C06_HV_CONTACTOR_ATTACK,240,0.25838187771032894,0.31697814762837784,0.3654071557293737,0.004963296302105882,0.513702277134674,False,2,57
C06_HV_CONTACTOR_ATTACK,241,0.24687578199450802,0.3066373931789922,0.34913507911809677,0.005063834882290964,0.5241080426657486,False,2,57
C06_HV_CONTACTOR_ATTACK,242,0.23513938008283655,0.2960088244904587,0.3325373003611495,0.00516297457120035,0.5343690226369758,False,2,57
C06_HV_CONTACTOR_ATTACK,243,0.22318107799301842,0.28511299972271636,0.3156257073627742,0.005262874973036285,0.5447087365662077,False,2,57
C06_HV_CONTACTOR_ATTACK,244,0.21100925507921253,0.27401159335558267,0.29841215031926627,0.005365363657059153,0.5553163382805654,False,2,57
C06_HV_CONTACTOR_ATTACK,245,0.19862800700218125,0.262601814589362,0.2809024213696228,0.005467321054852144,0.5658689517513272,False,2,57
C06_HV_CONTACTOR_ATTACK,246,0.18605641069724116,0.25094533790387163,0.263123499374497,0.00557060125800056,0.5765584758721745,False,2,57
C06_HV_CONTACTOR_ATTACK,247,0.17331377230265177,0.23900104697923336,0.2451026873364526,0.005672435081400679,0.5870982993656411,False,2,57
C06_HV_CONTACTOR_ATTACK,248,0.1604297313338097,0.22681005813532545,0.22688190186014556,0.005775596763211419,0.5977755565015358,False,2,57
C06_HV_CONTACTOR_ATTACK,249,0.14743948015809766,0.21433125505226963,0.20851091246882056,0.005879579988091001,0.6085378435287648,False,2,57
C06_HV_CONTACTOR_ATTACK,250,0.13440139289917394,0.20160575404994419,0.19007227263984677,0.0059841005281919745,0.6193557428015596,False,2,57
C06_HV_CONTACTOR_ATTACK,251,0.12139441922169762,0.1885718806485317,0.1716776340597299,0.0060872908741474475,0.6300359666828439,False,2,57
C06_HV_CONTACTOR_ATTACK,252,0.10854660116488513,0.1752501930079713,0.15350807551688375,0.006191295486385147,0.6408004673064207,False,2,57
C06_HV_CONTACTOR_ATTACK,253,0.09605310706133766,0.16168180744814126,0.13583960671421863,0.006294345892498255,0.6514662073827275,False,2,57
C06_HV_CONTACTOR_ATTACK,254,0.08421726204255,0.1478256076491633,0.11910119416650308,0.006398959452718565,0.6622937342586743,False,2,57
C06_HV_CONTACTOR_ATTACK,255,0.07353422777364625,0.13368159361103743,0.10399310221612285,0.0065013668504097216,0.6728929228195231,False,2,57
C06_HV_CONTACTOR_ATTACK,256,0.06478289613552134,0.11924976533376365,0.09161685032466184,0.00660384646876533,0.6834995862352922,False,2,57
C06_HV_CONTACTOR_ATTACK,257,0.059057670128984954,0.10453012281734197,0.08352015805856694,0.006705649363326337,0.6940362085869944,False,2,57
C06_HV_CONTACTOR_ATTACK,258,0.057507992051812035,0.0935888645161158,0.08132858230451673,0.006808044861743648,0.7046341655703392,False,2,57
C06_HV_CONTACTOR_ATTACK,259,0.060672311931845954,0.11184451054206894,0.08580360639454751,0.006909023376781267,0.7150854644570275,False,2,57
C06_HV_CONTACTOR_ATTACK,260,0.06810081704303622,0.13038797080717,0.09630909907095063,0.007009457697812118,0.7254804391423253,False,2,57
C06_HV_CONTACTOR_ATTACK,261,0.0787694672868214,0.1491781289915407,0.11139684893792666,0.007109134936905185,0.7357970556777678,False,2,57
C06_HV_CONTACTOR_ATTACK,262,0.09169833551388863,0.1681944269352419,0.12968102973077975,0.0072073288956977935,0.7459601523704292,False,2,57
C06_HV_CONTACTOR_ATTACK,263,0.10619321026203914,0.18745742279821273,0.15017987818451348,0.007303529261374927,0.7559169117298421,False,2,57
C06_HV_CONTACTOR_ATTACK,264,0.12181249351527186,0.20698767474039234,0.17226888039578217,0.007401046002789686,0.7660099162724603,False,2,57
C06_HV_CONTACTOR_ATTACK,265,0.13827316786405047,0.22674406644190245,0.1955477893056318,0.007495198860480695,0.7757547580974561,False,2,57
C06_HV_CONTACTOR_ATTACK,266,0.15539206232465613,0.24670603974280392,0.219757562024654,0.007588492538439655,0.7854106746280595,False,2,57
C06_HV_CONTACTOR_ATTACK,267,0.17305719644265993,0.26693526912291415,0.2447398342754746,0.007681220819781087,0.7950080724823175,False,2,57
C06_HV_CONTACTOR_ATTACK,268,0.1911852987778985,0.28737008010241577,0.2703768424580564,0.007771829330659317,0.8043860736196221,False,2,57
C06_HV_CONTACTOR_ATTACK,269,0.20972057080438344,0.3080310308412479,0.296589675540186,0.007861075947797279,0.8136231184502692,False,2,57
C06_HV_CONTACTOR_ATTACK,270,0.22861791681963572,0.3288770050195322,0.32331455856781294,0.00794816044251361,0.8226363831267951,False,2,57
C06_HV_CONTACTOR_ATTACK,271,0.2478489146657507,0.3499491189571471,0.35051129653975654,0.008033273676480029,0.8314456218749017,False,2,57
C06_HV_CONTACTOR_ATTACK,272,0.26738581298414993,0.3712062563342141,0.3781406431083409,0.00811627229517435,0.8400359974694869,False,2,57
C06_HV_CONTACTOR_ATTACK,273,0.2872079300704018,0.39264841715073345,0.40617334992666565,0.008197829855101979,0.8484772231594774,False,2,57
C06_HV_CONTACTOR_ATTACK,274,0.3073017902816238,0.41429615956664406,0.43459035955780495,0.008278037531723844,0.8567787356254672,False,2,57
C06_HV_CONTACTOR_ATTACK,275,0.3276488180467058,0.4360878091021287,0.4633654021771659,0.00835408193443383,0.8646493483106078,False,2,57
C06_HV_CONTACTOR_ATTACK,276,0.3482365273602287,0.4580644820770655,0.4924808199065448,0.008428754263427278,0.8723779510592707,False,2,57
C06_HV_CONTACTOR_ATTACK,277,0.36905382556684757,0.4802056203315155,0.5219209253623103,0.008501999801566754,0.8799588806354959,False,2,57
C06_HV_CONTACTOR_ATTACK,278,0.3900921230995213,0.5025112238654785,0.5516735710622579,0.008571862745479575,0.887189710952864,False,2,57
C06_HV_CONTACTOR_ATTACK,279,0.4113362498112787,0.5249401763590763,0.5817173031787978,0.008638902302758997,0.8941283201223241,False,2,57
C06_HV_CONTACTOR_ATTACK,280,0.43277992855019304,0.5475335941321873,0.612043244478542,0.008703918730853265,0.9008575349687191,False,2,57
C06_HV_CONTACTOR_ATTACK,281,0.45441207040676806,0.5702503608649331,0.6426357128752891,0.00876681278287294,0.907367083416799,False,2,57
C06_HV_CONTACTOR_ATTACK,282,0.47622261955007605,0.5930699183973744,0.6734804872765602,0.008825562835447418,0.9134477269956411,False,2,57
C06_HV_CONTACTOR_ATTACK,283,0.4982020352413128,0.6160128248894507,0.7045640750401433,0.008882237482122222,0.9193135655997754,False,2,57
C06_HV_CONTACTOR_ATTACK,284,0.5203416285683394,0.6390585221812226,0.7358741881886492,0.008936137261940204,0.9248922048637273,False,2,57
C06_HV_CONTACTOR_ATTACK,285,0.542635351621682,0.6622275684326294,0.767402273686476,0.008987322698472994,0.9301899089906943,False,2,57
C06_HV_CONTACTOR_ATTACK,286,0.5650679216701271,0.6854377310039145,0.7991267184878714,0.009034970262800006,0.9351214425532426,False,2,57
C06_HV_CONTACTOR_ATTACK,287,0.587634809253839,0.7087506843748952,0.8310411169693059,0.009079892102840997,0.9397708630426753,False,2,57
C06_HV_CONTACTOR_ATTACK,288,0.6103250794742223,0.7321253122256933,0.8631300048488822,0.009121353497574144,0.9440621266689392,False,2,57
C06_HV_CONTACTOR_ATTACK,289,0.6331275070187387,0.7555410563963697,0.8953775071373671,0.009158664270532288,0.9479238000133496,False,2,57
C06_HV_CONTACTOR_ATTACK,290,0.6560333792370828,0.7790184750468635,0.9277713022865346,0.009193895282212722,0.9515702176004518,False,2,57
C06_HV_CONTACTOR_ATTACK,291,0.6790349156321186,0.8025370100172355,0.9603003870118125,0.009224998795494514,0.9547894381803244,False,2,57
C06_HV_CONTACTOR_ATTACK,292,0.7021199856659323,0.8260761031475468,0.9929476061419644,0.009252638652901409,0.9576501696026203,False,2,57
C06_HV_CONTACTOR_ATTACK,293,0.7252775445153177,0.849615196277858,1.0256973399382183,0.009276805885022495,0.9601514835313045,False,2,57
C06_HV_CONTACTOR_ATTACK,294,0.7485023094717613,0.8731954057280474,1.0585421175225485,0.009298229260200266,0.9623688076527884,False,2,57
C06_HV_CONTACTOR_ATTACK,295,0.7717838207125937,0.8967756151782369,1.0914671464718753,0.009316196185591223,0.9642283884484237,False,2,57
C06_HV_CONTACTOR_ATTACK,296,0.7951093508925543,0.9203147083085481,1.1244544276019184,0.00932863497587658,0.9655158060244562,False,2,57
C06_HV_CONTACTOR_ATTACK,297,0.8184671851112685,0.9438332432789203,1.1574873935416865,0.009338992228349215,0.9665877839714093,False,2,57
C06_HV_CONTACTOR_ATTACK,298,0.8418514914323925,0.9673312200893531,1.1905577966877068,0.009345211262233609,0.9672314553691124,False,2,57
C06_HV_CONTACTOR_ATTACK,299,0.8652485170171074,0.9907675224199687,1.223646187588801,0.00934728335403652,0.9674459173340642,False,2,57
C06_HV_CONTACTOR_ATTACK,300,0.888651608704378,1.0141832665906452,1.2567431572544001,0.00934728335403652,0.9674459173340642,False,2,57
C06_HV_CONTACTOR_ATTACK,301,0.9120459436876364,1.0374756618016867,1.2898277430704235,0.009341070798090387,0.9668029164044196,False,2,57
C06_HV_CONTACTOR_ATTACK,302,0.9354235003022305,1.06072694069285,1.3228886006899274,0.00933208980466021,0.9658733815761129,False,2,57
C06_HV_CONTACTOR_ATTACK,303,0.9587700987524289,1.0838548706243785,1.3559056768534767,0.009318284383290899,0.9644445173772921,False,2,57
C06_HV_CONTACTOR_ATTACK,304,0.9820810977735311,1.1069416842360287,1.3888724078215853,0.009303087271262733,0.9628716128840771,False,2,57
C06_HV_CONTACTOR_ATTACK,305,1.0053418217035148,1.1298640325681657,1.4217680390739849,0.009280992694144967,0.960584819211713,False,2,57
C06_HV_CONTACTOR_ATTACK,306,1.0285427708829211,1.1527041482605462,1.45457913606343,0.009256114415267157,0.9580099117847073,False,2,57
C06_HV_CONTACTOR_ATTACK,307,1.0516717752104612,1.1754003568333529,1.4872884876676231,0.009227804927416178,0.9550798734617093,False,2,57
C06_HV_CONTACTOR_ATTACK,308,1.0747179640676534,1.1979321001266465,1.519880720510476,0.009194675667578294,0.9516509876602941,False,2,57
C06_HV_CONTACTOR_ATTACK,309,1.0976692659391294,1.220299378140427,1.5523387628912366,0.00915671072882312,0.9477216080096099,False,2,57
C06_HV_CONTACTOR_ATTACK,310,1.1205176627174986,1.2425433071945726,1.5846512754936881,0.009116655198345334,0.943575851648148,False,2,57
C06_HV_CONTACTOR_ATTACK,311,1.1432525407327452,1.264602212809266,1.6168032483217474,0.009071052120130653,0.9388559228554034,False,2,57
C06_HV_CONTACTOR_ATTACK,312,1.1658567564528786,1.2864349786646287,1.6487704367599672,0.009022090865849024,0.9337884220887916,False,2,57
C06_HV_CONTACTOR_ATTACK,313,1.1883266301516446,1.3081032792404785,1.6805476368895726,0.008968917074741735,0.9282849228187384,False,2,57
C06_HV_CONTACTOR_ATTACK,314,1.210646920506949,1.329545440056998,1.7121132942261497,0.008912355455065408,0.9224307825342208,False,2,57
C06_HV_CONTACTOR_ATTACK,315,1.2328105517006525,1.3507820192741258,1.7434574020517204,0.008850182393353806,0.9159958567442508,False,2,57
C06_HV_CONTACTOR_ATTACK,316,1.254802671543355,1.3717924587319232,1.7745589561986046,0.008786006805639865,0.909353669065244,False,2,57
C06_HV_CONTACTOR_ATTACK,317,1.2766140018490653,1.392535642110512,1.8054048353303396,0.008715603717140828,0.9020669336624182,False,2,57
C06_HV_CONTACTOR_ATTACK,318,1.2982331183778226,1.41305268572977,1.8359788831318327,0.008642416144316604,0.8944920035092835,False,2,57
C06_HV_CONTACTOR_ATTACK,319,1.3196495979638394,1.4333024732698194,1.866266359020664,0.008565826059488905,0.8865649126029371,False,2,57
C06_HV_CONTACTOR_ATTACK,320,1.3408547250831784,1.45328500473066,1.8962549373846787,0.008485806809079897,0.8782829022921127,False,2,57
C06_HV_CONTACTOR_ATTACK,321,1.3618343722410855,1.4729386056324745,1.925924638929193,0.008398898790057742,0.8692879028893967,False,2,57
C06_HV_CONTACTOR_ATTACK,322,1.3825789771244128,1.4923455086150192,1.9552619405012657,0.008309842420042722,0.8600705486785162,False,2,57
C06_HV_CONTACTOR_ATTACK,323,1.4030763140990472,1.5114234810385379,1.984249552443325,0.008217477170488499,0.8505107246954134,False,2,57
C06_HV_CONTACTOR_ATTACK,324,1.4233192904038998,1.5301930810629694,2.012877444076445,0.008120209146114644,0.8404434624221456,False,2,57
C06_HV_CONTACTOR_ATTACK,325,1.443298112059035,1.548674866848253,2.0411317646213702,0.008020841633769059,0.830158902674327,False,2,57
C06_HV_CONTACTOR_ATTACK,326,1.4630004122257865,1.5667866057546322,2.068995024727136,0.007916023003233182,0.8193101509748624,False,2,57
C06_HV_CONTACTOR_ATTACK,327,1.4824142889036007,1.5845488559420462,2.0964503924231397,0.007807074350321591,0.8196878819036973,False,2,57
C06_HV_CONTACTOR_ATTACK,328,1.501531380190416,1.6019821755704338,2.123486042194078,0.007696075664250057,0.8287061464950075,False,2,57
C06_HV_CONTACTOR_ATTACK,329,1.5203410776524189,1.619024890159978,2.1500869714489776,0.0075795826232914944,0.8375223509126917,False,2,57
C06_HV_CONTACTOR_ATTACK,330,1.5388334264205428,1.6357181160305567,2.176239101876992,0.00746028885229141,0.8461577646487104,False,2,57
C06_HV_CONTACTOR_ATTACK,331,1.5569998991599092,1.652041295022231,2.2019303740054847,0.007337512618987948,0.8546017529570834,False,2,57
C06_HV_CONTACTOR_ATTACK,332,1.5748302489055828,1.6679738689750618,2.2271462964376725,0.007212847904641463,0.8628436810918304,False,2,57
C06_HV_CONTACTOR_ATTACK,333,1.59231728348247,1.6834952797291098,2.2518766979019933,0.007082590548718704,0.870872914306971,False,2,57
C06_HV_CONTACTOR_ATTACK,334,1.609449373657348,1.6986260854443143,2.276105132179105,0.006950324131610895,0.8787000873484855,False,2,57
C06_HV_CONTACTOR_ATTACK,335,1.6262195444465417,1.7133457279607358,2.2998217351524954,0.006814621948756697,0.8863145654703936,False,2,57
C06_HV_CONTACTOR_ATTACK,336,1.6426193075763857,1.727654207278375,2.323014502590427,0.006674636347285919,0.8937163486726954,False,2,57
C06_HV_CONTACTOR_ATTACK,337,1.6586350545509794,1.7415104070773528,2.3456641891734336,0.006532156994934736,0.9008841674634301,False,2,57
C06_HV_CONTACTOR_ATTACK,338,1.6742633024593558,1.754955443677548,2.3677658693215884,0.006387583617628068,0.9078392913345587,False,2,57
C06_HV_CONTACTOR_ATTACK,339,1.6894936209839182,1.767927642599143,2.3893047923382866,0.006238260583776106,0.9145498160481396,False,2,57
C06_HV_CONTACTOR_ATTACK,340,1.704317658678787,1.7804681201620163,2.4102691474955,0.006087655041724397,0.921037011096134,False,2,57
C06_HV_CONTACTOR_ATTACK,341,1.7187301693206443,1.7925563182062285,2.4306515155130612,0.005933551863880975,0.9272902417325614,False,2,57
C06_HV_CONTACTOR_ATTACK,342,1.7327209438203888,1.8041716785718407,2.4504374585587034,0.005776059542247571,0.9332988732114414,False,2,57
C06_HV_CONTACTOR_ATTACK,343,1.7462814692625956,1.8153142012588526,2.469614937551978,0.005615893602741316,0.939062905532774,False,2,57
C06_HV_CONTACTOR_ATTACK,344,1.7594084735399211,1.8260250025871427,2.488179325034301,0.005454960570794202,0.9446036081885202,False,2,57
C06_HV_CONTACTOR_ATTACK,345,1.7720914420572103,1.8362012917570152,2.5061157511226027,0.005289519681208082,0.9498678074487779,False,2,57
C06_HV_CONTACTOR_ATTACK,346,1.7843254231496006,1.8459253014082266,2.523417213105277,0.005122567377970113,0.9548980422974686,False,2,57
C06_HV_CONTACTOR_ATTACK,347,1.7961018020023345,1.8551353570609599,2.540071527794457,0.00495233894265525,0.9596624084966513,False,2,57
C06_HV_CONTACTOR_ATTACK,348,1.8074155608195936,1.8638725750350928,2.556071598955243,0.00478152720772368,0.9641821755382868,False,2,57
C06_HV_CONTACTOR_ATTACK,349,1.8182614509102806,1.8720958390107474,2.5714100038175003,0.004607324625701029,0.9684360739304142,False,2,57
C06_HV_CONTACTOR_ATTACK,350,1.828630982348643,1.8798051489879235,2.586074735813087,0.004432157801912937,0.9724241036730337,False,2,57
C06_HV_CONTACTOR_ATTACK,351,1.8385224044161452,1.8870210631265605,2.6000633190521047,0.004254847041329386,0.9761568995121256,False,2,57
C06_HV_CONTACTOR_ATTACK,352,1.8479289249593869,1.8937230232667188,2.6133661479790984,0.004075627980267962,0.9796238267017093,False,2,57
C06_HV_CONTACTOR_ATTACK,353,1.856843679231379,1.8998904712484599,2.625973514375773,0.003894788804294178,0.9828142504958051,False,2,57
C06_HV_CONTACTOR_ATTACK,354,1.8652649967289379,1.9055645233916616,2.637883055793871,0.0037133182964917866,0.985749440386373,False,2,57
C06_HV_CONTACTOR_ATTACK,355,1.8731877122696852,1.9107040633764456,2.6490874675624196,0.00352838955890803,0.9884081268814526,False,2,57
C06_HV_CONTACTOR_ATTACK,356,1.880603362167499,1.9153090912028121,2.6595747802217184,0.0033443836940455,0.990790309981044,False,2,57
C06_HV_CONTACTOR_ATTACK,357,1.88751357344387,1.9194001650307004,2.669347294727626,0.003158230105946858,0.9929066244311274,False,2,57
C06_HV_CONTACTOR_ATTACK,358,1.8939115659044674,1.922956726700171,2.678395422437364,0.0029721590554370597,0.9947464354857226,False,2,57
C06_HV_CONTACTOR_ATTACK,359,1.8997973242028785,1.9259993343711632,2.6867191416478264,0.0027847985159394676,0.9963203778908097,False,2,57
C06_HV_CONTACTOR_ATTACK,360,1.905164015577664,1.9284868717237986,2.694308789375119,0.002597202108585064,0.9976071821544282,False,2,57
C06_HV_CONTACTOR_ATTACK,361,1.9100099144637006,1.9304398969180165,2.7011619253016406,0.0024099294891641,0.9986174830225585,False,2,57
C06_HV_CONTACTOR_ATTACK,362,1.9143367620329723,1.9318995262736953,2.7072810118164257,0.0022228766657356324,0.9993725499871612,False,2,57
C06_HV_CONTACTOR_ATTACK,363,1.9181359671842604,1.932762968991139,2.712653899267615,0.002035527832083727,0.9998192093183346,False,2,57
C06_HV_CONTACTOR_ATTACK,364,1.921407555859643,1.9331124577101044,2.7172806243428473,0.001850607835823816,1.0,False,2,57
C06_HV_CONTACTOR_ATTACK,365,1.9241532355661257,1.9331124577101044,2.721163601821688,0.0016665004780663942,1.0,False,2,57
C06_HV_CONTACTOR_ATTACK,366,1.9263696034771014,1.9331124577101044,2.724298019380598,0.0014858818106961373,1.0,False,2,57
C06_HV_CONTACTOR_ATTACK,367,1.9280549295446097,1.9331124577101044,2.7266814303622895,0.0013101108781401725,1.0004764185522184,True,2,57
C06_HV_CONTACTOR_ATTACK,368,1.9292092115532309,1.9331124577101044,2.7283138316336846,0.0011403487309616083,1.0010753807043273,True,2,57
C06_HV_CONTACTOR_ATTACK,369,1.9298307477047643,1.9331124577101044,2.7291928164886885,0.000981374903360227,1.0013978986229604,True,2,57
C06_HV_CONTACTOR_ATTACK,370,1.9299229543054928,1.9331124577101044,2.7293232163139787,0.0008371826625636645,1.0014457450448906,True,2,57
C06_HV_CONTACTOR_ATTACK,371,1.9294824095664804,1.9331124577101044,2.7287001919692355,0.0007211731617805511,1.0012171443883713,True,2,57
C06_HV_CONTACTOR_ATTACK,372,1.9285125261510985,1.9331124577101044,2.7273285696892815,0.00064543364706522,1.0007138674998526,True,2,57
C06_HV_CONTACTOR_ATTACK,373,1.9270116071276164,1.9331124577101044,2.7252059496502494,0.0006240499273515787,1.0,False,2,57
C06_HV_CONTACTOR_ATTACK,374,1.9249779238270652,1.9331124577101044,2.7223298871450385,0.0006659855044184024,1.0,False,2,57
C06_HV_CONTACTOR_ATTACK,375,1.9224217252306341,1.9331124577101044,2.7187148764218465,0.0007540728924618203,1.0,False,2,57
C06_HV_CONTACTOR_ATTACK,376,1.9193413049609207,1.9329479924305912,2.7143585042986085,0.0008776469623132843,0.9999149220321574,False,2,57
C06_HV_CONTACTOR_ATTACK,377,1.9157349555513312,1.9322490149926606,2.709258356052911,0.0010244503684283222,0.9995533406688265,False,2,57
C06_HV_CONTACTOR_ATTACK,378,1.9116060724864403,1.9309949672363733,2.7034192336250897,0.0011836623678697466,0.9989046211640271,False,2,57
C06_HV_CONTACTOR_ATTACK,379,1.906959787172802,1.9292064073216684,2.6968483939198875,0.0013503270908187047,0.9979793982637394,False,2,57
C06_HV_CONTACTOR_ATTACK,380,1.901796148281127,1.926883335248546,2.6895459057680835,0.0015237881051675833,0.9967776719679634,False,2,57
C06_HV_CONTACTOR_ATTACK,381,1.8961219373650626,1.9240668673368844,2.6815213597348198,0.001698180296634179,0.9953207117686598,False,2,57
C06_HV_CONTACTOR_ATTACK,382,1.8899354243412578,1.920695329106866,2.6727723091127573,0.001875296146727114,0.9935766134278875,False,2,57
C06_HV_CONTACTOR_ATTACK,383,1.8832451314176426,1.916809836878369,2.6633108061239317,0.002051791966285404,0.9915666464376072,False,2,57
C06_HV_CONTACTOR_ATTACK,384,1.8760510964925852,1.9123692743315157,2.6531369043647297,0.002229702791895716,0.9892695413058584,False,2,57
C06_HV_CONTACTOR_ATTACK,385,1.8683635492827078,1.9074147577861837,2.642265070839138,0.00240545027930234,0.9867065675246016,False,2,57
C06_HV_CONTACTOR_ATTACK,386,1.860185916094949,1.9019874035622517,2.6307001510768973,0.002581679455287261,0.9838989945857974,False,2,57
C06_HV_CONTACTOR_ATTACK,387,1.851516458940124,1.8960255371799022,2.6184396871901314,0.002758008056764006,0.9808149182515051,False,2,57
C06_HV_CONTACTOR_ATTACK,388,1.8423653574345527,1.8895291586391352,2.605498075330299,0.002930682521703572,0.9774543385217245,False,2,57
C06_HV_CONTACTOR_ATTACK,389,1.8327362024566973,1.8825393842598288,2.591880393766424,0.0031042253290810454,0.9738385248884162,False,2,57
C06_HV_CONTACTOR_ATTACK,390,1.8226373725020315,1.875056214041983,2.577598491480436,0.0032741696160687064,0.9699674773515801,False,2,57
C06_HV_CONTACTOR_ATTACK,391,1.8120723112849988,1.8670385316657199,2.562657238620006,0.003442327886826853,0.9658199264192558,False,2,57
C06_HV_CONTACTOR_ATTACK,392,1.8010496907527513,1.8585685697707957,2.5470688991704096,0.003609772552350264,0.9614384110753645,False,2,57
C06_HV_CONTACTOR_ATTACK,393,1.7895744353760976,1.849584653877393,2.5308404373850513,0.0037733768617497663,0.9567910270819653,False,2,57
C06_HV_CONTACTOR_ATTACK,394,1.77765353348265,1.8401484584653294,2.5139817362516186,0.003936449777726663,0.951909678676999,False,2,57
C06_HV_CONTACTOR_ATTACK,395,1.7652903285154424,1.8301983090547873,2.496497524112595,0.004096622850392052,0.9467624616225248,False,2,57
C06_HV_CONTACTOR_ATTACK,396,1.7524968232689286,1.8198164382855235,2.4784047754826837,0.004254430262245103,0.9413919149024639,False,2,57
C06_HV_CONTACTOR_ATTACK,397,1.7392779481739793,1.8089617298376595,2.459710463044091,0.004408916180258874,0.9357767690248556,False,2,57
C06_HV_CONTACTOR_ATTACK,398,1.7256389754217925,1.797613625551256,2.440422042801111,0.004561239682265687,0.9299063892437197,False,2,57
C06_HV_CONTACTOR_ATTACK,399,1.711591928506339,1.7858543580660702,2.4205565185419857,0.004711229826052582,0.9238233145429775,False,2,57
C06_HV_CONTACTOR_ATTACK,400,1.697143357540574,1.7736016947423447,2.400123153525291,0.004855957366558782,0.9174850059387075,False,2,57
C06_HV_CONTACTOR_ATTACK,401,1.682302191540511,1.760958426379776,2.379134575286571,0.005000738496560877,0.9109446371608116,False,2,57
C06_HV_CONTACTOR_ATTACK,402,1.6670749208515074,1.747862878498546,2.3575999625602555,0.005140724343291436,0.9041703039713487,False,2,57
C06_HV_CONTACTOR_ATTACK,403,1.651470263816418,1.7343356092585942,2.3355316449450516,0.005278170870971359,0.897172641116299,False,2,57
C06_HV_CONTACTOR_ATTACK,404,1.6354968417190394,1.7204177349797989,2.312941814777429,0.005413513989847232,0.8899729180876232,False,2,57
C06_HV_CONTACTOR_ATTACK,405,1.6191645671016708,1.7060681393422816,2.289844490509144,0.0055433221322802794,0.8825498653933609,False,2,57
C06_HV_CONTACTOR_ATTACK,406,1.6024838525776564,1.6913073805059817,2.266254397799209,0.005669846392778216,0.8749141177794921,False,2,57
C06_HV_CONTACTOR_ATTACK,407,1.5854618057474712,1.6761765747907773,2.242181588312611,0.005795103050385909,0.8670869447379775,False,2,57
C06_HV_CONTACTOR_ATTACK,408,1.5681083883099705,1.6606757221966684,2.2176401500189757,0.005916069439269074,0.8590683462688172,False,2,57
C06_HV_CONTACTOR_ATTACK,409,1.5504320489972971,1.6447637064037768,2.1926420312298847,0.006032387817270595,0.8508370528800506,False,2,57
C06_HV_CONTACTOR_ATTACK,410,1.532443408963288,1.62850220189192,2.1672022525251413,0.00614671351984711,0.8424249688096186,False,2,57
C06_HV_CONTACTOR_ATTACK,411,1.5141540971142764,1.6119117668210368,2.141337259661798,0.00625668900835194,0.8338427288035014,False,2,57
C06_HV_CONTACTOR_ATTACK,412,1.4955692412310095,1.59493072671131,2.1150543044169328,0.006362794354450404,0.8250584286237582,False,2,57
C06_HV_CONTACTOR_ATTACK,413,1.4767027602020506,1.5776413142024963,2.0883730710715245,0.006466065637356585,0.8161146072543103,False,2,57
C06_HV_CONTACTOR_ATTACK,414,1.4575629437866415,1.5600024129747172,2.0613052831155216,0.006564561072896015,0.8069899952031968,False,2,57
C06_HV_CONTACTOR_ATTACK,415,1.4381618893023462,1.542034581187912,2.033868048739492,0.006658972644380243,0.7976952272163983,False,2,57
C06_HV_CONTACTOR_ATTACK,416,1.4185100112476963,1.5237994933218981,2.0060760962685036,0.006751247409466044,0.7882622075318558,False,2,57
C06_HV_CONTACTOR_ATTACK,417,1.398613859255459,1.505256033056797,1.977938688282045,0.006839416292048812,0.7786696666576083,False,2,57
C06_HV_CONTACTOR_ATTACK,418,1.3784853666620223,1.4863836422326697,1.9494727010662807,0.0069221554858298435,0.7689069698476758,False,2,57
C06_HV_CONTACTOR_ATTACK,419,1.3581369532564462,1.4672645534892728,1.9206956988553407,0.007002813282175956,0.7590166560859795,False,2,57
C06_HV_CONTACTOR_ATTACK,420,1.3375799981257044,1.4478782086666673,1.8916237741083501,0.007077862404010088,0.748988090626539,False,2,57
C06_HV_CONTACTOR_ATTACK,421,1.3168216639831096,1.4282040496049135,1.8622670564316202,0.00714961968611798,0.7399872362742829,False,2,57
C06_HV_CONTACTOR_ATTACK,422,1.2958773624307622,1.4083243089437687,1.8326473411218587,0.007217808682851016,0.7470448126842237,False,2,57
C06_HV_CONTACTOR_ATTACK,423,1.274752090775489,1.388177312203415,1.8027716954381554,0.007281959166679785,0.7536844021055016,False,2,57
C06_HV_CONTACTOR_ATTACK,424,1.2534597073014286,1.3678041757037307,1.7726597179538903,0.00734196510213215,0.759895029843039,False,2,57
C06_HV_CONTACTOR_ATTACK,425,1.2320120650384392,1.3472254576046552,1.7423281713846441,0.007397800735426916,0.7656740303747236,False,2,57
C06_HV_CONTACTOR_ATTACK,426,1.21041777479469,1.3264411579061883,1.7117892332521132,0.007450214063073418,0.7710988215065345,False,2,57
C06_HV_CONTACTOR_ATTACK,427,1.1886886792788465,1.30545127660833,1.681059651675507,0.00749779904941622,0.7760238782337237,False,2,57
C06_HV_CONTACTOR_ATTACK,428,1.1668337735863512,1.2842763718710195,1.6501521476407952,0.0075426700912678895,0.7806680410992024,False,2,57
C06_HV_CONTACTOR_ATTACK,429,1.1448664412234029,1.2629370018541959,1.6190856482839562,0.007582666832700765,0.7848077127813701,False,2,57
C06_HV_CONTACTOR_ATTACK,430,1.1227953371207249,1.24141260839792,1.5878723935254007,0.00761856416558997,0.7885230947625792,False,2,57
C06_HV_CONTACTOR_ATTACK,431,1.1006342649633565,1.2197854241419486,1.5565319047237214,0.0076516502737470835,0.7919475143553852,False,2,57
C06_HV_CONTACTOR_ATTACK,432,1.0783880593834392,1.1979732164465247,1.5250710190812624,0.007679953823465932,0.7948769380803798,False,2,57
C06_HV_CONTACTOR_ATTACK,433,1.0560739314819838,1.1760582179514054,1.4935140767704964,0.0077040811997537186,0.7973741269214052,False,2,57
C06_HV_CONTACTOR_ATTACK,434,1.033698672530013,1.153999312336712,1.461870682099009,0.007724094830230881,0.7994455421511363,False,2,57
C06_HV_CONTACTOR_ATTACK,435,1.0112746286958216,1.131837615922323,1.4301582951854468,0.007740659719208808,0.8011600118645068,False,2,57
C06_HV_CONTACTOR_ATTACK,436,0.9888105330112279,1.1095936868681773,1.3983892664018476,0.007754464058560728,0.8025887640742856,False,2,57
C06_HV_CONTACTOR_ATTACK,437,0.9663178290988856,1.0872469670143359,1.3665797794745707,0.00776274305913831,0.8034456424853726,False,2,57
C06_HV_CONTACTOR_ATTACK,438,0.9438072049318813,1.0648385726806773,1.3347449494801096,0.007768262940474436,0.8040169514379891,False,2,57
C06_HV_CONTACTOR_ATTACK,439,0.9212871578663956,1.042327387547323,1.3028967934948192,0.00776895367156567,0.8040884422603896,False,2,57
C06_HV_CONTACTOR_ATTACK,440,0.8987718379003152,1.0197956442540292,1.2710553226376187,0.007766883337916915,0.8038741622647861,False,2,57
C06_HV_CONTACTOR_ATTACK,441,0.8762678188395461,0.9972022264809184,1.2392298336739764,0.0077606690231219405,0.8032309792938933,False,2,57
C06_HV_CONTACTOR_ATTACK,442,0.85378728655537,0.9745882505478684,1.2074375600283282,0.007751006744845445,0.8022309313316471,False,2,57
C06_HV_CONTACTOR_ATTACK,443,0.8313373045899136,0.95193315829494,1.1756884910577485,0.0077378808512765605,0.800872398412123,False,2,57
C06_HV_CONTACTOR_ATTACK,444,0.808930054307645,0.9292986242019508,1.1439998538130758,0.007722009043262106,0.7992296627334551,False,2,57
C06_HV_CONTACTOR_ATTACK,445,0.7865734446983064,0.9066435319490225,1.1123828332948684,0.007701309059211334,0.7970872097553765,False,2,57
C06_HV_CONTACTOR_ATTACK,446,0.7642767683905419,0.8839884396960941,1.0808505712645853,0.007677828476851271,0.7946569642305034,False,2,57
C06_HV_CONTACTOR_ATTACK,447,0.7420504607629184,0.8613333474431657,1.0494178255761233,0.007650194998202448,0.7917968930110942,False,2,57
C06_HV_CONTACTOR_ATTACK,448,0.7199052919631089,0.8387399296700548,1.0180998275183912,0.007620511613843996,0.7887246560923492,False,2,57
C06_HV_CONTACTOR_ATTACK,449,0.6978462370048102,0.816167070056883,0.9869036128232317,0.007587356672680692,0.7852931122680104,False,2,57
C06_HV_CONTACTOR_ATTACK,450,0.6758853523907571,0.7936353267635895,0.9558462319603273,0.007550072567195706,0.7814341990130349,False,2,57
C06_HV_CONTACTOR_ATTACK,451,0.6540302474643592,0.7711652579501134,0.9249384461663284,0.0075106970451840095,0.7773588236798732,False,2,57
C06_HV_CONTACTOR_ATTACK,452,0.6322909086638138,0.7487568636164547,0.8941943783975733,0.007467203033176865,0.7728571837112271,False,2,57
C06_HV_CONTACTOR_ATTACK,453,0.6106749117255386,0.7264307019225524,0.8636247423632493,0.00742162330619992,0.76813967177681,False,2,57
C06_HV_CONTACTOR_ATTACK,454,0.5891894221899862,0.7041662147084677,0.8332396716678457,0.0073725562285360926,0.763061218266477,False,2,57
C06_HV_CONTACTOR_ATTACK,455,0.5678453771861142,0.6820045182940787,0.8030546337474684,0.007320747106322075,0.7576989625320375,False,2,57
C06_HV_CONTACTOR_ATTACK,456,0.5466499262435609,0.6599661708393244,0.773079739563896,0.007266899774943272,0.752125751693269,False,2,57
C06_HV_CONTACTOR_ATTACK,457,0.5256097073951632,0.6380100560243267,0.7433243767131938,0.007208892139862575,0.7461219484910487,False,2,57
C06_HV_CONTACTOR_ATTACK,458,0.5047333241352848,0.6161772901689638,0.7138007123737753,0.0071494613441510846,0.7399708478453015,False,2,57
C06_HV_CONTACTOR_ATTACK,459,0.4840294568816367,0.5944678732732358,0.6845210225100938,0.007086610130233344,0.7334657331503511,False,2,57
C06_HV_CONTACTOR_ATTACK,460,0.4635059028665103,0.5728818053371425,0.6554963340738053,0.0070209687467031965,0.7266718352765933,False,2,57
C06_HV_CONTACTOR_ATTACK,461,0.44317092354645987,0.5514602026805624,0.6267383305288136,0.006953970426295936,0.7197374941326231,False,2,57
C06_HV_CONTACTOR_ATTACK,462,0.4230276242138337,0.530161948983617,0.5982514034216728,0.006884793896156499,0.7125777077942925,False,2,57
C06_HV_CONTACTOR_ATTACK,463,0.40308762586984415,0.5090487187261239,0.5700519873299056,0.006813647738705718,0.7052140645888,False,2,57
C06_HV_CONTACTOR_ATTACK,464,0.3833552821424406,0.48807939558820473,0.5421462392132038,0.006739699358356132,0.6975603906866624,False,2,57
C06_HV_CONTACTOR_ATTACK,465,0.3638410888873732,0.46727453772979866,0.514549002453118,0.006663000789565472,0.6896220716658908,False,2,57
C06_HV_CONTACTOR_ATTACK,466,0.3445517499780956,0.44665470331084484,0.4872697577584066,0.00658556080883112,0.6816070163431565,False,2,57
C06_HV_CONTACTOR_ATTACK,467,0.3254947506317526,0.4262198923313432,0.4603190908246731,0.006506069531139859,0.6733796513266815,False,2,57
C06_HV_CONTACTOR_ATTACK,468,0.30667839566202304,0.405990662951233,0.43370874643205515,0.006425246477594906,0.6650144472115446,False,2,57
C06_HV_CONTACTOR_ATTACK,469,0.28811068993977307,0.38592589885063583,0.40745004517749667,0.006340941293021123,0.6562888417562676,False,2,57
C06_HV_CONTACTOR_ATTACK,470,0.2698024823429448,0.3660872745093692,0.3815583296913201,0.006257279632866998,0.6476298412223267,False,2,57
C06_HV_CONTACTOR_ATTACK,471,0.25176321312594624,0.34645423176749385,0.35604695050934115,0.006170947460623643,0.6386944420899845,False,2,57
C06_HV_CONTACTOR_ATTACK,472,0.23400358786105743,0.32702677062500995,0.3309310475970716,0.0060838355221996395,0.6296783369835778,False,2,57
C06_HV_CONTACTOR_ATTACK,473,0.21653968780111246,0.30778433292197827,0.30623336328036904,0.00599325435410183,0.620303165830161,False,2,57
C06_HV_CONTACTOR_ATTACK,474,0.1993911738705419,0.2887885931382162,0.28198170230521225,0.005903330717602868,0.6109960493442587,False,2,57
C06_HV_CONTACTOR_ATTACK,475,0.18257670952136013,0.27001899311378463,0.25820245877856046,0.005812042236412077,0.6015476711275527,False,2,57
C06_HV_CONTACTOR_ATTACK,476,0.16612329441914472,0.2514960910086227,0.23493381599365318,0.0057207622010205334,0.5921001670529572,False,2,57
C06_HV_CONTACTOR_ATTACK,477,0.1500660918878033,0.23317877050285216,0.2122255024000585,0.005626702117180809,0.582364927342315,False,2,57
C06_HV_CONTACTOR_ATTACK,478,0.13445947150754206,0.21510814791635122,0.19015440819548474,0.005531971520692035,0.5725602894225595,False,2,57
C06_HV_CONTACTOR_ATTACK,479,0.11937443703683483,0.19728422324911993,0.16882094785814492,0.0054371904413047815,0.5627504265115228,False,2,57
C06_HV_CONTACTOR_ATTACK,480,0.10491751345930232,0.17972755466109744,0.1483757704646071,0.005343121855994682,0.5530143068967958,False,2,57
C06_HV_CONTACTOR_ATTACK,481,0.09124939357002011,0.16237646767246627,0.12904612994504272,0.005246219219264164,0.5429848623263194,False,2,57
C06_HV_CONTACTOR_ATTACK,482,0.07863456556304077,0.14531319492298306,0.11120606909056859,0.005150133003811883,0.5330399175407046,False,2,57
C06_HV_CONTACTOR_ATTACK,483,0.0674797412239226,0.12847606193283032,0.09543076522429818,0.005053820885929978,0.5230715918031084,False,2,57
C06_HV_CONTACTOR_ATTACK,484,0.058423301574976536,0.1119267431818255,0.08262302544594523,0.0049570913657205435,0.5130600648312755,False,2,57
C06_HV_CONTACTOR_ATTACK,485,0.05233061361515372,0.09560356419015116,0.07400666350185653,0.0048594905036336965,0.5029583537802856,False,2,57
C06_HV_CONTACTOR_ATTACK,486,0.050063779479287085,0.0797164237708043,0.07080087592326365,0.004761926094303837,0.49286041559779525,False,2,57
C06_HV_CONTACTOR_ATTACK,487,0.0519041652883315,0.09262694821258198,0.07340357449441323,0.004664240462653775,0.4827499308780568,False,2,57
C06_HV_CONTACTOR_ATTACK,488,0.05726551465556576,0.10529077473509002,0.08098566748217634,0.004567988937080642,0.4727878764579679,False,2,57
C06_HV_CONTACTOR_ATTACK,489,0.06510749161163426,0.11764622885851102,0.09207589764926569,0.004470571795609508,0.46270518053178694,False,2,57
C06_HV_CONTACTOR_ATTACK,490,0.07451415076183314,0.12979610138254064,0.10537892259609792,0.00437426252916076,0.45273714991816016,False,2,57
C06_HV_CONTACTOR_ATTACK,491,0.0848423866516633,0.1416787178273615,0.11998525386688427,0.004277233386893287,0.44269461199632043,False,2,57
C06_HV_CONTACTOR_ATTACK,492,0.09568783399617807,0.15331463635291273,0.13532303259150036,0.004181657159765288,0.43280245111630966,False,2,57
C06_HV_CONTACTOR_ATTACK,493,0.10679969535473718,0.1647038569591943,0.15103757762798417,0.004086779903118012,0.42298263383735396,False,2,57
C06_HV_CONTACTOR_ATTACK,494,0.11802069529767703,0.17584637964620625,0.16690646793067743,0.003991034042384496,0.41307291584123956,False,2,57
C06_HV_CONTACTOR_ATTACK,495,0.1292484344266591,0.18674220441394856,0.18278488888167094,0.0038975680621455315,0.4033991659861264,False,2,57
C06_HV_CONTACTOR_ATTACK,496,0.1404214389478451,0.1974324475822995,0.19858590340798807,0.0038052762458702354,0.3938469423638134,False,2,57
C06_HV_CONTACTOR_ATTACK,497,0.15149035189970292,0.20785543467144166,0.21423971022523264,0.003713154479369348,0.38431231893117734,False,2,57
C06_HV_CONTACTOR_ATTACK,498,0.16242537006563396,0.21805228200125334,0.22970416122028844,0.003621626428105622,0.37483914515835104,False,2,57
C06_HV_CONTACTOR_ATTACK,499,0.17320477820813543,0.2280229895717345,0.244948546409769,0.0035307037945439216,0.36542863225306477,False,2,57
C06_HV_CONTACTOR_ATTACK,500,0.1838150753199722,0.2377881155428243,0.25995377248613666,0.003443406755678168,0.3563933692095458,False,2,57
C06_HV_CONTACTOR_ATTACK,501,0.19424329812686564,0.24728598543470534,0.27470150661109377,0.0033540177971637195,0.3471415920146026,False,2,57
C06_HV_CONTACTOR_ATTACK,502,0.2044855312364125,0.2566193900470733,0.28918621158360175,0.0032678970272284873,0.33822807306842373,False,2,57
C06_HV_CONTACTOR_ATTACK,503,0.21453415823207625,0.2657060967401716,0.3033971161640978,0.0031819199228651975,0.3293294235410667,False,2,57
C06_HV_CONTACTOR_ATTACK,504,0.22439069480432536,0.2746283381537568,0.3173363638625989,0.003098494140822474,0.32069483644440183,False,2,57
C06_HV_CONTACTOR_ATTACK,505,0.23405327640543686,0.28334499796795065,0.3310013178104275,0.003016485864067399,0.31220696146198373,False,2,57
C06_HV_CONTACTOR_ATTACK,506,0.24352091873244913,0.2918560761827531,0.3443905859929859,0.002935934572918966,0.30386988481565674,False,2,57
C06_HV_CONTACTOR_ATTACK,507,0.25279332355352396,0.30016157279816424,0.35750374664676354,0.0028552606167652206,0.29552011231385017,False,2,57
C06_HV_CONTACTOR_ATTACK,508,0.26187218535581225,0.30830260413406224,0.3703431961384707,0.002778090561373681,0.2875329943244561,False,2,57
C06_HV_CONTACTOR_ATTACK,509,0.27075929078392025,0.3162380538705689,0.3829114611651406,0.0027017033893788475,0.2796269049416855,False,2,57
C06_HV_CONTACTOR_ATTACK,510,0.279462106493709,0.32405015464744075,0.39521910117275744,0.0026285142936145027,0.2720518171639078,False,2,57
C06_HV_CONTACTOR_ATTACK,511,0.28798010537625,0.33165667382492126,0.40726537071672586,0.0025554032853777266,0.264484811462695,False,2,57
C06_HV_CONTACTOR_ATTACK,512,0.2963175654702322,0.33911928588282775,0.4190563198573799,0.002486607953469293,0.25736447922651484,False,2,57
C06_HV_CONTACTOR_ATTACK,513,0.30448096195734503,0.3464174326612212,0.4306011058844838,0.0024175885052600972,0.25022095090309016,False,2,57
C06_HV_CONTACTOR_ATTACK,514,0.31247177078533844,0.35357167232004066,0.44190181610336265,0.0023521894595091722,0.24345213504367216,False,2,57
C06_HV_CONTACTOR_ATTACK,515,0.3202951916401662,0.36056144669934703,0.4529658039804126,0.002286660206680232,0.2366698427225634,False,2,57
C06_HV_CONTACTOR_ATTACK,516,0.32795459982373387,0.3674278721190186,0.4637978429133655,0.0022238232381040332,0.23016620242364802,False,2,57
C06_HV_CONTACTOR_ATTACK,517,0.33545426430983905,0.37415039041911624,0.4744039701428633,0.0021631547508182743,0.2238870004231978,False,2,57
C06_HV_CONTACTOR_ATTACK,518,0.34280035727521546,0.380749559759579,0.4847929144449522,0.0021053150006639042,0.21790057334839397,False,2,57
C06_HV_CONTACTOR_ATTACK,519,0.35000088884668473,0.38724593830034615,0.49497600384961965,0.002049363543252772,0.2121095849947655,False,2,57
C06_HV_CONTACTOR_ATTACK,520,0.35705891933053435,0.39361896788147843,0.5049575662835226,0.0019963687588020183,0.20662461295369217,False,2,57
C06_HV_CONTACTOR_ATTACK,521,0.36398234084585285,0.39988920666291505,0.5147487628885117,0.0019437778094995473,0.2068628780845008,False,2,57
C06_HV_CONTACTOR_ATTACK,522,0.3707748568205551,0.40607721280459513,0.5243548311025715,0.0018954537976716142,0.21006393662457673,False,2,57
C06_HV_CONTACTOR_ATTACK,523,0.3774442178749411,0.4121624281465795,0.533786731958047,0.0018484723618980463,0.21321182143475104,False,2,57
C06_HV_CONTACTOR_ATTACK,524,0.38399545050032646,0.4181654108488073,0.5430515739871281,0.0018042884180992052,0.21631716726100408,False,2,57
C06_HV_CONTACTOR_ATTACK,525,0.39043316434492015,0.4240656027513395,0.5521558762168296,0.0017615505593643126,0.21936933935735553,False,2,57
C06_HV_CONTACTOR_ATTACK,526,0.3967659859642338,0.4299246783339934,0.5611118384389525,0.0017229521862095704,0.22240024196174635,False,2,57
C06_HV_CONTACTOR_ATTACK,527,0.40299837842877184,0.4356809631169516,0.5699257723883341,0.001685128095052301,0.22537797083623556,False,2,57
C06_HV_CONTACTOR_ATTACK,528,0.4091372650629759,0.4413961315800315,0.5786074691242964,0.00165076304744471,0.22833443021876415,False,2,57
C06_HV_CONTACTOR_ATTACK,529,0.41519100569116485,0.44707018372323315,0.5871687512237702,0.0016191490875416884,0.23126962010933208,False,2,57
C06_HV_CONTACTOR_ATTACK,530,0.42116262856428816,0.45266200322667827,0.5956139012803185,0.0015882888879912144,0.23416227101597878,False,2,57
C06_HV_CONTACTOR_ATTACK,531,0.42706095053934456,0.4582538227301234,0.6039553882126867,0.0015615324112098268,0.23705492192262545,False,2,57
C06_HV_CONTACTOR_ATTACK,532,0.4328907043138559,0.4637839677537511,0.6121999050658963,0.0015362503128547797,0.23991566859133115,False,2,57
C06_HV_CONTACTOR_ATTACK,533,0.4386568619257787,0.4692729964575005,0.6203544833634583,0.0015123415912503058,0.24275514576807622,False,2,57
C06_HV_CONTACTOR_ATTACK,534,0.44436826964812765,0.47478258332118906,0.6284316336246467,0.001492563027182054,0.24560525769080163,False,2,57
C06_HV_CONTACTOR_ATTACK,535,0.4500297320181201,0.48025105386499933,0.6364381504911549,0.001474239592064708,0.2484341001215664,False,2,57
C06_HV_CONTACTOR_ATTACK,536,0.4556462710067684,0.4856989662488705,0.6443811361024986,0.0014587947896848032,0.2512523078063508,False,2,57
C06_HV_CONTACTOR_ATTACK,537,0.4612280805014944,0.49116743679268077,0.652275006792523,0.0014453580642333486,0.2540811502371156,False,2,57
C06_HV_CONTACTOR_ATTACK,538,0.46677686343997005,0.4966153491765519,0.6601221708787798,0.001434827200672519,0.2568993579219,False,2,57
C06_HV_CONTACTOR_ATTACK,539,0.47230450872806684,0.5021043778803014,0.667939441813194,0.0014270551780559634,0.2597388350986451,False,2,57
C06_HV_CONTACTOR_ATTACK,540,0.4778143911789137,0.5075934065840508,0.6757315923022632,0.0014206981478425433,0.2625783122753902,False,2,57
C06_HV_CONTACTOR_ATTACK,541,0.4833134885913649,0.5131235516076785,0.6835084904437624,0.001418583997843891,0.2654390589440959,False,2,57
C06_HV_CONTACTOR_ATTACK,542,0.48880641892673427,0.518633138471367,0.6912766670212123,0.0014157676954812438,0.2682891708668213,False,2,57
C06_HV_CONTACTOR_ATTACK,543,0.494298684075583,0.524204399814873,0.6990439028828632,0.0014171765462543875,0.2711711870274876,False,2,57
C06_HV_CONTACTOR_ATTACK,544,0.4997986692908012,0.5298167774782573,0.7068220565670764,0.0014213947200933457,0.27407447268011464,False,2,57
C06_HV_CONTACTOR_ATTACK,545,0.5053149019260782,0.5354908296214589,0.7146231875730903,0.001427058886110665,0.27700966257068255,False,2,57
C06_HV_CONTACTOR_ATTACK,546,0.5108456003801412,0.5411648817646606,0.722444776336222,0.0014340707356906685,0.27994485246125056,False,2,57
C06_HV_CONTACTOR_ATTACK,547,0.5163992262007931,0.5469006083876796,0.7302987892921333,0.0014438814268045613,0.28291194658975943,False,2,57
C06_HV_CONTACTOR_ATTACK,548,0.5219843754893183,0.5527185676504552,0.7381973831638441,0.0014558600048229175,0.2859215797021896,False,2,57
C06_HV_CONTACTOR_ATTACK,549,0.5276045519368444,0.5585982013930483,0.7461455129188653,0.0014705979291489606,0.2889631170525607,False,2,57
C06_HV_CONTACTOR_ATTACK,550,0.5332645997539145,0.5645189514555196,0.7541500293054461,0.0014853392473292404,0.2920259238948925,False,2,57
C06_HV_CONTACTOR_ATTACK,551,0.538968155465992,0.5705219341577474,0.7622160751472166,0.0015028759557436792,0.29513126972114556,False,2,57
C06_HV_CONTACTOR_ATTACK,552,0.5447238228458994,0.576627707659671,0.7703558180163901,0.0015226178663004161,0.2982897892773002,False,2,57
C06_HV_CONTACTOR_ATTACK,553,0.5505314833841192,0.5827745974814728,0.7785690903151995,0.001544233717328257,0.3014695783254155,False,2,57
C06_HV_CONTACTOR_ATTACK,554,0.5564012519635664,0.5890242781029702,0.7868701966482452,0.001567362213062398,0.3047025411034323,False,2,57
C06_HV_CONTACTOR_ATTACK,555,0.5623367510759735,0.5953767495241633,0.7952642599924648,0.001592628876054635,0.3079886776113508,False,2,57
C06_HV_CONTACTOR_ATTACK,556,0.5683395349207611,0.6017908954251739,0.8037534783177575,0.0016178541817933908,0.31130671835721024,False,2,57
C06_HV_CONTACTOR_ATTACK,557,0.5744149868392494,0.6083283902858193,0.8123454648184294,0.0016472002380693424,0.31468856757895153,False,2,57
C06_HV_CONTACTOR_ATTACK,558,0.5805677824049342,0.6149275596262821,0.8210468317539299,0.001676430308614261,0.31810232103863384,False,2,57
C06_HV_CONTACTOR_ATTACK,559,0.586805014741989,0.6216706360863189,0.8298676103166648,0.0017079599416412112,0.3215905177201784,False,2,57
C06_HV_CONTACTOR_ATTACK,560,0.5931248463988756,0.628475387026173,0.8388052019577488,0.00173932874361253,0.32511061863966384,False,2,57
C06_HV_CONTACTOR_ATTACK,561,0.5995325013142893,0.635403486925662,0.8478669944421333,0.001773439683132536,0.3286945280350312,False,2,57
C06_HV_CONTACTOR_ATTACK,562,0.6060347445724416,0.6424549357847857,0.8570625550436612,0.0018090057016252102,0.3323422459062805,False,2,57
C06_HV_CONTACTOR_ATTACK,563,0.6126332605382846,0.6496091754436053,0.866394265814092,0.001844617485046691,0.3360431375074314,False,2,57
C06_HV_CONTACTOR_ATTACK,564,0.6193263029783678,0.6568456477421812,0.8758596572063962,0.0018813587821509558,0.3397865680925035,False,2,57
C06_HV_CONTACTOR_ATTACK,565,0.6261205626921074,0.6642054690003921,0.8854681914398519,0.001918888805522534,0.3435938071534576,False,2,57
C06_HV_CONTACTOR_ATTACK,566,0.6330196912391617,0.6717091973781769,0.8952250325996515,0.001957957082037433,0.34747548943627393,False,2,57
C06_HV_CONTACTOR_ATTACK,567,0.640021848084383,0.6792951583957183,0.9051275777760271,0.0019974668071924342,0.3513997107030115,False,2,57
C06_HV_CONTACTOR_ATTACK,568,0.6471338538490315,0.6870250265328336,0.9151854727840687,0.0020378623460305893,0.3553983751916113,False,2,57
C06_HV_CONTACTOR_ATTACK,569,0.6543540370853338,0.6948576854696445,0.9253963538396662,0.0020794357931304148,0.35945021341011274,False,2,57
C06_HV_CONTACTOR_ATTACK,570,0.6616873414607941,0.7028136933660903,0.9357672123444523,0.002120478558637686,0.36356586010449604,False,2,57
C06_HV_CONTACTOR_ATTACK,571,0.6691322865769056,0.710893050222171,0.9462959546987804,0.0021634516449085405,0.3677453152747613,False,2,57
C06_HV_CONTACTOR_ATTACK,572,0.6766937759879315,0.7190957560378863,0.9569895155755938,0.002206479928889621,0.37198857892090836,False,2,57
C06_HV_CONTACTOR_ATTACK,573,0.6843700624597505,0.7274012526532975,0.9678454240127013,0.0022488001796771,0.3762850162969571,False,2,57
C06_HV_CONTACTOR_ATTACK,574,0.6921612395026691,0.7358300982283434,0.9788638122536467,0.002291800745004745,0.3806452621488878,False,2,57
C06_HV_CONTACTOR_ATTACK,575,0.7000689903262552,0.7443822927630241,0.9900470607162293,0.0023360830517634725,0.3850693164767003,False,2,57
C06_HV_CONTACTOR_ATTACK,576,0.7080947460052908,0.7530372780974006,1.001397193245814,0.002379639130919041,0.38954654453441445,False,2,57
C06_HV_CONTACTOR_ATTACK,577,0.7162403854825256,0.761836170551351,1.0129168670687214,0.0024233753234177064,0.39409821581399085,False,2,57
C06_HV_CONTACTOR_ATTACK,578,0.724500712072222,0.770717295645058,1.024598732961501,0.0024668766673852107,0.3986924260774885,False,2,57
C06_HV_CONTACTOR_ATTACK,579,0.7328789979389287,0.7797217696983997,1.0364474184636365,0.002509801058491412,0.40335044481686805,False,2,57
C06_HV_CONTACTOR_ATTACK,580,0.7413737136940497,0.7888495927113763,1.0484607606930332,0.002553396717064768,0.4080722720321296,False,2,57
C06_HV_CONTACTOR_ATTACK,581,0.7499828775583757,0.7980596483641094,1.0606359569906552,0.0025955324511101607,0.4128366382313123,False,2,57
C06_HV_CONTACTOR_ATTACK,582,0.7587065887625625,0.8073930529764773,1.0729731476898423,0.002637729339805018,0.41766481290637697,False,2,57
C06_HV_CONTACTOR_ATTACK,583,0.7675431229008948,0.816829248388541,1.0854698941126448,0.0026792379092351356,0.42254616131134326,False,2,57
C06_HV_CONTACTOR_ATTACK,584,0.7764907758066745,0.8263682346003003,1.0981237862034054,0.002720696683171363,0.4274806834462111,False,2,57
C06_HV_CONTACTOR_ATTACK,585,0.7855476265465647,0.8359894534518161,1.110932107352147,0.0027607375376247838,0.4324577445650002,False,2,57
C06_HV_CONTACTOR_ATTACK,586,0.794713836554716,0.8457340212629668,1.1238950858612344,0.0028008634416793,0.4374986141596713,False,2,57
C06_HV_CONTACTOR_ATTACK,587,0.8039859195497338,0.855560821713874,1.1370077913842376,0.002840223093364442,0.4425820227382636,False,2,57
C06_HV_CONTACTOR_ATTACK,588,0.8133620162316929,0.8654698548045378,1.1502675944739857,0.0028775607347583864,0.44770797030077714,False,2,57
C07_HEARTBEAT_INTEGRITY_ATTACK,0,0.0995181222396125,0.1738316799721709,0.14073987817316352,0.009878426078661845,1.0224193081041815,True,2,57
C07_HEARTBEAT_INTEGRITY_ATTACK,1,0.10824429860271077,0.20156463773006592,0.15308055513351662,0.009851501044939651,1.0196325610930972,True,2,57
C07_HEARTBEAT_INTEGRITY_ATTACK,2,0.1229078145756462,0.22917424652832613,0.17381789829451644,0.009821118440573342,1.016487954747183,True,2,57
C07_HEARTBEAT_INTEGRITY_ATTACK,3,0.14162371189786735,0.2566399482070124,0.20028617411958388,0.009786586400144223,1.0129138808408924,True,2,57
C07_HEARTBEAT_INTEGRITY_ATTACK,4,0.16294460692271945,0.28392062644624644,0.23043847302566275,0.009747240839334922,1.0088416064988783,True,2,57
C07_HEARTBEAT_INTEGRITY_ATTACK,5,0.1859230355216163,0.3110368394059674,0.2629348783922445,0.009703739808095102,1.0043392400380808,True,2,57
C07_HEARTBEAT_INTEGRITY_ATTACK,6,0.20996142564775025,0.3379680289262361,0.2969302957262386,0.009656097837705956,0.9994082854493525,False,2,57
C07_HEARTBEAT_INTEGRITY_ATTACK,7,0.2346793803751137,0.3646936368471135,0.3318867625358002,0.009604334296370925,0.9940507473460808,False,2,57
C07_HEARTBEAT_INTEGRITY_ATTACK,8,0.25983279078634736,0.39123422132853863,0.3674590566793034,0.00954838381550167,0.988259860064755,False,2,57
C07_HEARTBEAT_INTEGRITY_ATTACK,9,0.285250381460063,0.4175281078906941,0.40340495813291993,0.009487641340550005,0.9819730003243387,False,2,57
C07_HEARTBEAT_INTEGRITY_ATTACK,10,0.31081577553013245,0.4435958546935191,0.43955988515422484,0.009423465941919871,0.9753308322155483,False,2,57
C07_HEARTBEAT_INTEGRITY_ATTACK,11,0.33644853258203283,0.46945801989695274,0.47581007781803697,0.009355058423363547,0.9682506387480323,False,2,57
C07_HEARTBEAT_INTEGRITY_ATTACK,12,0.3620809451961603,0.4950529290211776,0.5120597833732793,0.009283275516777215,0.9608210918646237,False,2,57
C07_HEARTBEAT_INTEGRITY_ATTACK,13,0.3876661336398397,0.5204011402261328,0.5482427038662021,0.009207311256903872,0.9529587739809968,False,2,57
C07_HEARTBEAT_INTEGRITY_ATTACK,14,0.4131613715546579,0.5454615371919401,0.5842984151012667,0.009126531278114816,0.9445980281127273,False,2,57
C07_HEARTBEAT_INTEGRITY_ATTACK,15,0.4385326589741022,0.5702341199185995,0.6201788338647107,0.009042351634914531,0.9358854162176803,False,2,57
C07_HEARTBEAT_INTEGRITY_ATTACK,16,0.4637581317294954,0.5947600047259892,0.6558530395526608,0.008955325898599988,0.9268782330488788,False,2,57
C07_HEARTBEAT_INTEGRITY_ATTACK,17,0.4888078703785561,0.6189364008144137,0.6912787196840638,0.008862877163360715,0.9173097682787049,False,2,57
C07_HEARTBEAT_INTEGRITY_ATTACK,18,0.5136653912899566,0.6428455408236293,0.7264325628839393,0.008768301770462665,0.9075211939652952,False,2,57
C07_HEARTBEAT_INTEGRITY_ATTACK,19,0.5383133260299386,0.666446308433758,0.7612900064777088,0.00866953129767885,0.8972984279456268,False,2,57
C07_HEARTBEAT_INTEGRITY_ATTACK,20,0.562735143972725,0.6897387036447996,0.7958276726302038,0.008568731314711718,0.8868656071681563,False,2,57
C07_HEARTBEAT_INTEGRITY_ATTACK,21,0.586911184343721,0.7126404938169976,0.830017756807346,0.008462551336111413,0.8758759556396057,False,2,57
C07_HEARTBEAT_INTEGRITY_ATTACK,22,0.6108326770809895,0.7352544697500476,0.8638478562686006,0.008353411800943851,0.8645799893445432,False,2,57
C07_HEARTBEAT_INTEGRITY_ATTACK,23,0.6344821841749176,0.7574983988041932,0.8972933099442725,0.00824092604718709,0.8529376886772345,False,2,57
C07_HEARTBEAT_INTEGRITY_ATTACK,24,0.6578492418222796,0.7793928391393735,0.9303393197819256,0.008124946629471046,0.8409337930089048,False,2,57
C07_HEARTBEAT_INTEGRITY_ATTACK,25,0.6809228723765001,0.8009377907555885,0.9629703610448905,0.008006922594113224,0.8287182789574442,False,2,57
C07_HEARTBEAT_INTEGRITY_ATTACK,26,0.7036913795132093,0.8220921373329599,0.9951698926326132,0.007885551582890123,0.8161563521554939,False,2,57
C07_HEARTBEAT_INTEGRITY_ATTACK,27,0.7261457858560436,0.8428764370314268,1.026925218617686,0.007759908041028349,0.8031522174770397,False,2,57
C07_HEARTBEAT_INTEGRITY_ATTACK,28,0.748274892656415,0.8632906898509893,1.058220501577974,0.007633709042662226,0.7900905929261769,False,2,57
C07_HEARTBEAT_INTEGRITY_ATTACK,29,0.7700728174753062,0.8833143376317082,1.089047422488439,0.007503276922887817,0.7765908393629678,False,2,57
C07_HEARTBEAT_INTEGRITY_ATTACK,30,0.7915285482816863,0.9029473803735835,1.119390407985448,0.007370057921282013,0.7628026429070212,False,2,57
C07_HEARTBEAT_INTEGRITY_ATTACK,31,0.8126322853772411,0.922169259916676,1.1492355992027377,0.00723337278760391,0.748655701006513,False,2,57
C07_HEARTBEAT_INTEGRITY_ATTACK,32,0.8333745962084803,0.9409799762609858,1.1785696564952346,0.00709623822777385,0.734462243398779,False,2,57
C07_HEARTBEAT_INTEGRITY_ATTACK,33,0.8537539978365426,0.9594000875664521,1.2073904826706887,0.006955412366080656,0.7198867352227807,False,2,57
C07_HEARTBEAT_INTEGRITY_ATTACK,34,0.8737581552576345,0.9773884775131965,1.235680633399443,0.006812675244287326,0.7051134111990323,False,2,57
C07_HEARTBEAT_INTEGRITY_ATTACK,35,0.8933846504896645,0.9949862624210972,1.263436689138431,0.006668444587781254,0.6901855059985383,False,2,57
C07_HEARTBEAT_INTEGRITY_ATTACK,36,0.9126240154300321,1.012131767810337,1.290645259968544,0.006520844245253782,0.6749088375413178,False,2,57
C07_HEARTBEAT_INTEGRITY_ATTACK,37,0.9314670617471182,1.0288249936809157,1.317293351626592,0.006371377773955598,0.6594390243390345,False,2,57
C07_HEARTBEAT_INTEGRITY_ATTACK,38,0.9499115714287688,1.0451070563527118,1.343377827369704,0.006220432187078415,0.6438161223435727,False,2,57
C07_HEARTBEAT_INTEGRITY_ATTACK,39,0.9679520405634017,1.060957397665786,1.368890903491475,0.006067361575138042,0.6279732797788834,False,2,57
C07_HEARTBEAT_INTEGRITY_ATTACK,40,0.9855812199702526,1.0763554594601992,1.393822328102152,0.00591230698331069,0.6119250948522446,False,2,57
C07_HEARTBEAT_INTEGRITY_ATTACK,41,1.002795390635551,1.0913217998958906,1.4181668417220217,0.005755815136906435,0.5957281537555047,False,2,57
C07_HEARTBEAT_INTEGRITY_ATTACK,42,1.0195909144283817,1.10585641897286,1.4419192992570031,0.005598648403067605,0.5794613616583716,False,2,57
C07_HEARTBEAT_INTEGRITY_ATTACK,43,1.0359601898124102,1.1198976422112903,1.4650689505113164,0.005439028305942998,0.5793235865532007,False,2,57
C07_HEARTBEAT_INTEGRITY_ATTACK,44,1.0519031924152267,1.1335277022509376,1.487615761017169,0.005278416863752383,0.5863744231381519,False,2,57
C07_HEARTBEAT_INTEGRITY_ATTACK,45,1.067412826373112,1.146684924611985,1.5095496957078527,0.005116666881450242,0.593180660565556,False,2,57
C07_HEARTBEAT_INTEGRITY_ATTACK,46,1.0824852062972312,1.1593693092944322,1.530865259813782,0.004952107919596783,0.5997422988354125,False,2,57
C07_HEARTBEAT_INTEGRITY_ATTACK,47,1.09711892472017,1.1716425307780967,1.5515604628754511,0.004788841581434507,0.6060912421856628,False,2,57
C07_HEARTBEAT_INTEGRITY_ATTACK,48,1.1113099244443139,1.1834223564232218,1.5716295671489682,0.00462465021502666,0.6121849516323853,False,2,57
C07_HEARTBEAT_INTEGRITY_ATTACK,49,1.125059723014104,1.194770460709625,1.5910747187662637,0.004459526648040585,0.6180553314135212,False,2,57
C07_HEARTBEAT_INTEGRITY_ATTACK,50,1.1383630581066617,1.2056457273174281,1.6098884756789527,0.00429315864558912,0.6236811120371097,False,2,57
C07_HEARTBEAT_INTEGRITY_ATTACK,51,1.1512181209209118,1.2160687144065705,1.6280682798560233,0.004126910394420184,0.6290729282491313,False,2,57
C07_HEARTBEAT_INTEGRITY_ATTACK,52,1.1636229029259482,1.2260188638171123,1.6456112908058274,0.003959395099404276,0.6342201453036055,False,2,57
C07_HEARTBEAT_INTEGRITY_ATTACK,53,1.1755774556658152,1.2355372918689327,1.6625175814226516,0.0037916300025647317,0.6391440326924931,False,2,57
C07_HEARTBEAT_INTEGRITY_ATTACK,54,1.1870764230655773,1.2445623240822135,1.6787795770726812,0.003624649208346607,0.6438126861778529,False,2,57
C07_HEARTBEAT_INTEGRITY_ATTACK,55,1.198124698807869,1.2531556349367725,1.694404198468268,0.00345655674857884,0.6482580099976262,False,2,57
C07_HEARTBEAT_INTEGRITY_ATTACK,56,1.2087207292423345,1.2613172244326096,1.7093892484160074,0.003289951639159603,0.6524800041518126,False,2,57
C07_HEARTBEAT_INTEGRITY_ATTACK,57,1.218864207196837,1.2690059762498467,1.723734292508897,0.0031239283901157455,0.6564573991484518,False,2,57
C07_HEARTBEAT_INTEGRITY_ATTACK,58,1.2285566415910552,1.2762424485484227,1.737441464681612,0.00295630881036386,0.660200829733524,False,2,57
C07_HEARTBEAT_INTEGRITY_ATTACK,59,1.2377929097352043,1.2830060831683987,1.7505035203567822,0.002790239949307472,0.6636996611610488,False,2,57
C07_HEARTBEAT_INTEGRITY_ATTACK,60,1.2465779640026486,1.2893379964296527,1.7629274632479854,0.002623994005468943,0.666975162922987,False,2,57
C07_HEARTBEAT_INTEGRITY_ATTACK,61,1.2549118479921746,1.2952381883321848,1.774713355013217,0.0024594659879242217,0.6700273350193384,False,2,57
C07_HEARTBEAT_INTEGRITY_ATTACK,62,1.2627978575178214,1.300706658875995,1.7858658566373904,0.002295842838683041,0.6728561774501032,False,2,57
C07_HEARTBEAT_INTEGRITY_ATTACK,63,1.2702341156888817,1.3057022917412053,1.7963823137962114,0.0021334194320616006,0.6754404207233207,False,2,57
C07_HEARTBEAT_INTEGRITY_ATTACK,64,1.2772256928790255,1.3102867614076326,1.8062698970808913,0.001971577321038132,0.6778119690769316,False,2,57
C07_HEARTBEAT_INTEGRITY_ATTACK,65,1.283772580836963,1.3144395097153383,1.8155285948223439,0.00181314513549728,0.679960187764956,False,2,57
C07_HEARTBEAT_INTEGRITY_ATTACK,66,1.289879719637966,1.3181605366643219,1.8241653933420172,0.0016554594750232202,0.6818850767873936,False,2,57
C07_HEARTBEAT_INTEGRITY_ATTACK,67,1.2955470830830726,1.3214498422545837,1.8321802555889843,0.0014987559861538542,0.6835866361442446,False,2,57
C07_HEARTBEAT_INTEGRITY_ATTACK,68,1.3007763836803712,1.324327984646063,1.8395756034154098,0.0013459174339272668,0.6850755005814894,False,2,57
C07_HEARTBEAT_INTEGRITY_ATTACK,69,1.3055726429552246,1.3267949638387593,1.846358538330565,0.0011966601056366212,0.6863516700991276,False,2,57
C07_HEARTBEAT_INTEGRITY_ATTACK,70,1.3099392072402354,1.328850779832673,1.8525337927634014,0.0010533331968669575,0.6874151446971595,False,2,57
C07_HEARTBEAT_INTEGRITY_ATTACK,71,1.3138810894565525,1.3304954326278038,1.8581084560549943,0.0009153689950042006,0.6882659243755849,False,2,57
C07_HEARTBEAT_INTEGRITY_ATTACK,72,1.317401685650094,1.331749480384091,1.86308733093954,0.0007851806365860321,0.6889146438803843,False,2,57
C07_HEARTBEAT_INTEGRITY_ATTACK,73,1.320502646180332,1.3325923649415956,1.867472751377786,0.0006670168946795471,0.6893506684655774,False,2,57
C07_HEARTBEAT_INTEGRITY_ATTACK,74,1.3231890733131444,1.333065202620196,1.8712719330633365,0.0005699631516309667,0.6895952676231247,False,2,57
C07_HEARTBEAT_INTEGRITY_ATTACK,75,1.3254694234133482,1.3331679934198915,1.8744968351020033,0.0004997314346429343,0.6896484413530263,False,2,57
C07_HEARTBEAT_INTEGRITY_ATTACK,76,1.3273453608543053,1.3331679934198915,1.8771498112731684,0.00047012096847302316,0.6896484413530263,False,2,57
C07_HEARTBEAT_INTEGRITY_ATTACK,77,1.328821958346972,1.3331679934198915,1.879238035473464,0.0004864690827860028,0.6896484413530263,False,2,57
C07_HEARTBEAT_INTEGRITY_ATTACK,78,1.3299042860544534,1.3331679934198915,1.8807686779963162,0.0005435150426624956,0.6900933457550746,False,2,57
C07_HEARTBEAT_INTEGRITY_ATTACK,79,1.3305974174355215,1.3331679934198915,1.8817489137959291,0.0006288324894486492,0.6904530147619534,False,2,57
C07_HEARTBEAT_INTEGRITY_ATTACK,80,1.3309081491793942,1.3331679934198915,1.8821883548423737,0.0007296506388979059,0.6906142548684859,False,2,57
C07_HEARTBEAT_INTEGRITY_ATTACK,81,1.3308432670591817,1.3331679934198915,1.8820965976680137,0.0008395021646067386,0.6905805872430134,False,2,57
C07_HEARTBEAT_INTEGRITY_ATTACK,82,1.3304078494034244,1.3331679934198915,1.8814808241139451,0.0009555744969572629,0.6903546470531718,False,2,57
C07_HEARTBEAT_INTEGRITY_ATTACK,83,1.329606985552578,1.3331679934198915,1.8803482315944637,0.0010754129940909148,0.6899390751807294,False,2,57
C07_HEARTBEAT_INTEGRITY_ATTACK,84,1.3284491619913459,1.3331679934198915,1.878710821811334,0.001194327641628152,0.6896484413530263,False,2,57
C07_HEARTBEAT_INTEGRITY_ATTACK,85,1.3269411857585027,1.3331679934198915,1.876578221371111,0.0013141962598417823,0.6896484413530263,False,2,57
C07_HEARTBEAT_INTEGRITY_ATTACK,86,1.3250881359902709,1.3331679934198915,1.8739576132571254,0.0014335661043167838,0.6896484413530263,False,2,57
C07_HEARTBEAT_INTEGRITY_ATTACK,87,1.3228934028073367,1.3328801791807436,1.8708537918240293,0.001552831683427679,0.6894995549093019,False,2,57
C07_HEARTBEAT_INTEGRITY_ATTACK,88,1.3203688779154934,1.3322223180626913,1.8672835744834362,0.0016683628920321331,0.6891592430379317,False,2,57
C07_HEARTBEAT_INTEGRITY_ATTACK,89,1.3175213605314418,1.3311944100657345,1.863256576779817,0.001782142714818274,0.6886275057389157,False,2,57
C07_HEARTBEAT_INTEGRITY_ATTACK,90,1.3143576697167558,1.329796455189873,1.8587824423225332,0.0018941291760197594,0.687904343012254,False,2,57
C07_HEARTBEAT_INTEGRITY_ATTACK,91,1.310886334187112,1.3280695697549856,1.8538732325369633,0.0020042926966834978,0.6870110243499072,False,2,57
C07_HEARTBEAT_INTEGRITY_ATTACK,92,1.307114113534698,1.3260137537610721,1.8485385069300553,0.002111843923345685,0.6859475497518754,False,2,57
C07_HEARTBEAT_INTEGRITY_ATTACK,93,1.3030460990138808,1.323608449048193,1.8427854656227851,0.002217268054276808,0.6847032844721781,False,2,57
C07_HEARTBEAT_INTEGRITY_ATTACK,94,1.2986924996988438,1.3208536556163488,1.8366285464263215,0.0023189095851013,0.6832782285108154,False,2,57
C07_HEARTBEAT_INTEGRITY_ATTACK,95,1.294061886153597,1.3178110479453566,1.830079869948525,0.0024192189402401695,0.6817042861057283,False,2,57
C07_HEARTBEAT_INTEGRITY_ATTACK,96,1.2891609662941828,1.3144395097153383,1.8231489226152375,0.0025155849127718654,0.679960187764956,False,2,57
C07_HEARTBEAT_INTEGRITY_ATTACK,97,1.2839982948838193,1.3107595990862329,1.815847802688626,0.0026094645449941632,0.678056568234479,False,2,57
C07_HEARTBEAT_INTEGRITY_ATTACK,98,1.2785807155732292,1.3067507578981012,1.8081861885523574,0.002700372677578344,0.6759827927683169,False,2,57
C07_HEARTBEAT_INTEGRITY_ATTACK,99,1.2729202020438957,1.3024952187907,1.8001810135491776,0.0027889564232213785,0.6737814003503909,False,2,57
C07_HEARTBEAT_INTEGRITY_ATTACK,100,1.2670217459151214,1.2979518654441509,1.7918393368948025,0.0028742049538200785,0.6714311214887405,False,2,57
C07_HEARTBEAT_INTEGRITY_ATTACK,101,1.2608938755142483,1.2931206978584537,1.7831732194654228,0.002956200955000568,0.6689319561833655,False,2,57
C07_HEARTBEAT_INTEGRITY_ATTACK,102,1.2545451652690291,1.2880222741935479,1.774194787333057,0.003035582739409548,0.6662945391802465,False,2,57
C07_HEARTBEAT_INTEGRITY_ATTACK,103,1.2479857940975194,1.2826771526093725,1.7649184356616687,0.0031114400824459806,0.6635295052253638,False,2,57
C07_HEARTBEAT_INTEGRITY_ATTACK,104,1.2412209052416139,1.2770647749459882,1.7553514380937005,0.0031848091239459913,0.6606262195727367,False,2,57
C07_HEARTBEAT_INTEGRITY_ATTACK,105,1.2342624178392996,1.2712262575232736,1.7455106508357454,0.003254619506404917,0.6576059517143263,False,2,57
C07_HEARTBEAT_INTEGRITY_ATTACK,106,1.2271154606190273,1.265141042181289,1.7354033270051359,0.003321871411478079,0.6544580669041519,False,2,57
C07_HEARTBEAT_INTEGRITY_ATTACK,107,1.2197902791685853,1.2588502452399133,1.725043956051077,0.0033862984930707798,0.6512038346341744,False,2,57
C07_HEARTBEAT_INTEGRITY_ATTACK,108,1.2122952783392074,1.252333308539207,1.7144444242281733,0.00344660259075588,0.6478326201584134,False,2,57
C07_HEARTBEAT_INTEGRITY_ATTACK,109,1.2046373879187053,1.2455902320791703,1.7036145317363323,0.003504339114187784,0.6443444234768688,False,2,57
C07_HEARTBEAT_INTEGRITY_ATTACK,110,1.1968285391017834,1.2386621321796814,1.69257115183292,0.0035585477414961505,0.6407605140815015,False,2,57
C07_HEARTBEAT_INTEGRITY_ATTACK,111,1.188873879013466,1.2315490088407401,1.6813215636519538,0.003610765087311648,0.6370808919723112,False,2,57
C07_HEARTBEAT_INTEGRITY_ATTACK,112,1.1807818847283778,1.2242508620623467,1.6698777555873363,0.003659541234075455,0.6333055571492981,False,2,57
C07_HEARTBEAT_INTEGRITY_ATTACK,113,1.1725610899694459,1.216767691844501,1.6582517961457695,0.003704919257451761,0.6294345096124621,False,2,57
C07_HEARTBEAT_INTEGRITY_ATTACK,114,1.1642217339402499,1.2091406145070815,1.6464581657478226,0.0037474842953947817,0.625489018853764,False,2,57
C07_HEARTBEAT_INTEGRITY_ATTACK,115,1.1557705474378817,1.2013285137302097,1.6345063831780289,0.003785988434100931,0.6214478153812428,False,2,57
C07_HEARTBEAT_INTEGRITY_ATTACK,116,1.147216254357815,1.193393063993703,1.6224087858876841,0.003823123870674232,0.6173428034328399,False,2,57
C07_HEARTBEAT_INTEGRITY_ATTACK,117,1.1385671879604142,1.1852931489776832,1.6101771588866145,0.0038554445969022234,0.6131527135165943,False,2,57
C07_HEARTBEAT_INTEGRITY_ATTACK,118,1.1298320542939635,1.1770698850020287,1.5978238143863783,0.003885728290233914,0.6088988151244669,False,2,57
C07_HEARTBEAT_INTEGRITY_ATTACK,119,1.1210176773679807,1.1687438302266784,1.585358402993785,0.00391393029950597,0.6045917430024378,False,2,57
C07_HEARTBEAT_INTEGRITY_ATTACK,120,1.1121307718522693,1.1602738683317542,1.5727904206859376,0.003938033510528718,0.6002102276585465,False,2,57
C07_HEARTBEAT_INTEGRITY_ATTACK,121,1.1031817061689035,1.1517216737970735,1.560134530625954,0.0039600492487690125,0.595786173330734,False,2,57
C07_HEARTBEAT_INTEGRITY_ATTACK,122,1.0941755311554258,1.143046130302758,1.5473978757767881,0.00397865595485344,0.5912983105270395,False,2,57
C07_HEARTBEAT_INTEGRITY_ATTACK,123,1.0851225797366757,1.1342883541686857,1.534595069100887,0.0039944986868105554,0.5867679087394237,False,2,57
C07_HEARTBEAT_INTEGRITY_ATTACK,124,1.0760296650487617,1.125448345394857,1.5217357458277376,0.0040075890978018645,0.5821949679678867,False,2,57
C07_HEARTBEAT_INTEGRITY_ATTACK,125,1.0669036586952492,1.116546662141211,1.5088296238722971,0.004018611130792531,0.5775901229584088,False,2,57
C07_HEARTBEAT_INTEGRITY_ATTACK,126,1.0577513160278995,1.1075833044077474,1.4958862567446451,0.0040268736262570335,0.5729533737109898,False,2,57
C07_HEARTBEAT_INTEGRITY_ATTACK,127,1.048579449847432,1.0985377140345274,1.482915279199957,0.004031699376771673,0.5682740854796496,False,2,57
C07_HEARTBEAT_INTEGRITY_ATTACK,128,1.0393951153794518,1.0894715655013683,1.4699266688339687,0.004035835075155006,0.5635841625023291,False,2,57
C07_HEARTBEAT_INTEGRITY_ATTACK,129,1.0302048878121295,1.0803437424883917,1.4569297243669663,0.004035835075155006,0.5588623352870676,False,2,57
C07_HEARTBEAT_INTEGRITY_ATTACK,130,1.0210157655690262,1.0711748031555368,1.4439343430644653,0.004033765788247954,0.5541192385798455,False,2,57
C07_HEARTBEAT_INTEGRITY_ATTACK,131,1.0118362563709877,1.0619853056627429,1.430952556660671,0.004028942512821822,0.549365507126643,False,2,57
C07_HEARTBEAT_INTEGRITY_ATTACK,132,1.0026698785785482,1.0527752500100098,1.4179893408687672,0.004022732661051113,0.5446011409274604,False,2,57
C07_HEARTBEAT_INTEGRITY_ATTACK,133,0.9935250638344167,1.0435446361973375,1.4050566198322272,0.004013081482363237,0.5398261399822972,False,2,57
C07_HEARTBEAT_INTEGRITY_ATTACK,134,0.9844054441153128,1.0343140223846652,1.3921595299417853,0.00400272502572013,0.5350511390371342,False,2,57
C07_HEARTBEAT_INTEGRITY_ATTACK,135,0.9753177485728548,1.025083408571993,1.3793075876549237,0.003989618655164564,0.5302761380919712,False,2,57
C07_HEARTBEAT_INTEGRITY_ATTACK,136,0.9662671437474105,1.0158527947593208,1.366508099563101,0.003974432798584955,0.525501137146808,False,2,57
C07_HEARTBEAT_INTEGRITY_ATTACK,137,0.9572588462398578,1.0066427391065875,1.353768443054028,0.003957864132361413,0.5207367709476253,False,2,57
C07_HEARTBEAT_INTEGRITY_ATTACK,138,0.9482995540351643,0.9974532416137937,1.3410980905088872,0.003938558785015477,0.5159830394944229,False,2,57
C07_HEARTBEAT_INTEGRITY_ATTACK,139,0.9393927799424303,0.9882637441209996,1.3285020097899494,0.00391713684168648,0.5112293080412204,False,2,57
C07_HEARTBEAT_INTEGRITY_ATTACK,140,0.9305455152825455,0.979135921108023,1.315990088118036,0.0038950524470007177,0.506507480825959,False,2,57
C07_HEARTBEAT_INTEGRITY_ATTACK,141,0.9217609848766961,0.9700286562549857,1.303566886079005,0.003870204535437337,0.5017962883566778,False,2,57
C07_HEARTBEAT_INTEGRITY_ATTACK,142,0.9130428362530908,0.9609830658817656,1.291237562056718,0.0038453446807990193,0.4971170001253376,False,2,57
C07_HEARTBEAT_INTEGRITY_ATTACK,143,0.904394360634659,0.9519580336684847,1.2790067705432786,0.0038176990885377946,0.4924483466399777,False,2,57
C07_HEARTBEAT_INTEGRITY_ATTACK,144,0.8958225221247488,0.9430152340949604,1.2668843602680917,0.0037894106817486146,0.4878222321385391,False,2,57
C07_HEARTBEAT_INTEGRITY_ATTACK,145,0.8873272670223319,0.9340929926813751,1.2548702552864346,0.003758970420485103,0.48320675238308075,False,2,57
C07_HEARTBEAT_INTEGRITY_ATTACK,146,0.8789172517600845,0.9252529839075465,1.2429766976427996,0.003727207233779656,0.4786338116115438,False,2,57
C07_HEARTBEAT_INTEGRITY_ATTACK,147,0.8705925062074875,0.9164746496135352,1.2312037295790117,0.0036947071070875743,0.47409277507794767,False,2,57
C07_HEARTBEAT_INTEGRITY_ATTACK,148,0.8623565057936882,0.9077579897993414,1.2195562660941064,0.0036608000997767117,0.4695836427822926,False,2,57
C07_HEARTBEAT_INTEGRITY_ATTACK,149,0.8542143842998142,0.8991441207848432,1.2080415674509803,0.0036262755900455775,0.46512768421653905,False,2,57
C07_HEARTBEAT_INTEGRITY_ATTACK,150,0.8461644344262098,0.8905919262501625,1.1966572191633054,0.0035909816747320272,0.46070362988872654,False,2,57
C07_HEARTBEAT_INTEGRITY_ATTACK,151,0.8382118237657312,0.8821219643552383,1.1854105293109836,0.0035543268626213784,0.45632211454483523,False,2,57
C07_HEARTBEAT_INTEGRITY_ATTACK,152,0.8303583238540471,0.8737547932600097,1.174304003223784,0.003517688737705135,0.4519937729308455,False,2,57
C07_HEARTBEAT_INTEGRITY_ATTACK,153,0.8226039031230102,0.8654492966445986,1.1633375962576047,0.003479594719060848,0.4476973355547968,False,2,57
C07_HEARTBEAT_INTEGRITY_ATTACK,154,0.814955422099657,0.8572465908288832,1.1525210106628252,0.003440196407824339,0.4434540719086497,False,2,57
C07_HEARTBEAT_INTEGRITY_ATTACK,155,0.8074112876182244,0.8491466758128634,1.1418519933628168,0.00340143692546853,0.43926398199240413,False,2,57
C07_HEARTBEAT_INTEGRITY_ATTACK,156,0.7999715175757691,0.8411289934366002,1.1313305696678395,0.0033619301391780458,0.43511643106007986,False,2,57
C07_HEARTBEAT_INTEGRITY_ATTACK,157,0.7926395759987785,0.8332346600199718,1.1209616384511323,0.0033224982801612303,0.4310326886036375,False,2,57
C07_HEARTBEAT_INTEGRITY_ATTACK,158,0.7854120666977694,0.8254225592431,1.1107403967754674,0.00328296030356142,0.42699148513111645,False,2,57
C07_HEARTBEAT_INTEGRITY_ATTACK,159,0.7782957120284745,0.8177132492659238,1.1006763514874933,0.0032414570391481926,0.42300345538849693,False,2,57
C07_HEARTBEAT_INTEGRITY_ATTACK,160,0.7712873338935777,0.8101272882483825,1.0907650080788835,0.0032019545504384135,0.4190792341217594,False,2,57
C07_HEARTBEAT_INTEGRITY_ATTACK,161,0.7643851655793295,0.8026235598705977,1.0810038680390917,0.0031616892502387083,0.4151975518389431,False,2,57
C07_HEARTBEAT_INTEGRITY_ATTACK,162,0.7575926865394834,0.7952431804524477,1.0713978520588063,0.0031214944889477072,0.41137967803200864,False,2,57
C07_HEARTBEAT_INTEGRITY_ATTACK,163,0.7509081462516889,0.7879655918339934,1.061944484525578,0.003081273422661256,0.40761497795497587,False,2,57
C07_HEARTBEAT_INTEGRITY_ATTACK,164,0.7443315931520006,0.7807907940152348,1.052643833938332,0.00304102500763774,0.40390345160784463,False,2,57
C07_HEARTBEAT_INTEGRITY_ATTACK,165,0.7378614422822936,0.7737599033160502,1.0434936588277923,0.003002893138355586,0.4002663684825757,False,2,57
C07_HEARTBEAT_INTEGRITY_ATTACK,166,0.7314941011273007,0.766811245256622,1.0344888786101452,0.00296401382990163,0.396671824341228,False,2,57
C07_HEARTBEAT_INTEGRITY_ATTACK,167,0.7252313840515333,0.7599653779968896,1.0256320591842891,0.002925124282216783,0.39313045392978185,False,2,57
C07_HEARTBEAT_INTEGRITY_ATTACK,168,0.7190716733106415,0.7532428596967919,1.0169209127142247,0.0028876223979291114,0.38965289199421765,False,2,57
C07_HEARTBEAT_INTEGRITY_ATTACK,169,0.713013160589196,0.7466025740364509,1.0083528818557466,0.002849378295681424,0.38621786904257477,False,2,57
C07_HEARTBEAT_INTEGRITY_ATTACK,170,0.7070543706613301,0.740126753655623,0.9999258803244264,0.002814677007034112,0.3828679240587744,False,2,57
C07_HEARTBEAT_INTEGRITY_ATTACK,171,0.7011882137419763,0.7337126077546123,0.9916298816500675,0.0027791751903703515,0.37954988331291495,False,2,57
C07_HEARTBEAT_INTEGRITY_ATTACK,172,0.6954182215364642,0.7274012526532975,0.9834698804182452,0.0027437058046441165,0.3762850162969571,False,2,57
C07_HEARTBEAT_INTEGRITY_ATTACK,173,0.6897410631607668,0.7212132465116174,0.9754411660475939,0.002710320543569305,0.37308395775688125,False,2,57
C07_HEARTBEAT_INTEGRITY_ATTACK,174,0.6841532105847565,0.7151280311696331,0.9675387491500588,0.0026776454438755906,0.36993607294670694,False,2,57
C07_HEARTBEAT_INTEGRITY_ATTACK,175,0.6786496372210723,0.7091456066273444,0.9597555210576212,0.0026469982988895488,0.3668413618664342,False,2,57
C07_HEARTBEAT_INTEGRITY_ATTACK,176,0.6732285522410748,0.7032454147248122,0.9520889491561317,0.002616348124904225,0.36378918977008273,False,2,57
C07_HEARTBEAT_INTEGRITY_ATTACK,177,0.6678866766456604,0.6974480136219757,0.9445343962405868,0.002587754427702255,0.3607901914036329,False,2,57
C07_HEARTBEAT_INTEGRITY_ATTACK,178,0.6626205394593859,0.691753403318835,0.9370869536104403,0.0025605816105156247,0.3578443667670846,False,2,57
C07_HEARTBEAT_INTEGRITY_ATTACK,179,0.657425003021639,0.6861410256554507,0.9297393555163748,0.002534764726470165,0.3549410811144576,False,2,57
C07_HEARTBEAT_INTEGRITY_ATTACK,180,0.6522983324935071,0.6806314387917621,0.9224891485256722,0.002510394091629259,0.3520909691917322,False,2,57
C07_HEARTBEAT_INTEGRITY_ATTACK,181,0.6472336965543676,0.6751835264078909,0.915326671692059,0.0024873377717937292,0.34927276150694775,False,2,57
C07_HEARTBEAT_INTEGRITY_ATTACK,182,0.6422294546006189,0.6698178466637763,0.908249604851671,0.0024656819988648575,0.3464970928060846,False,2,57
C07_HEARTBEAT_INTEGRITY_ATTACK,183,0.6372821519398518,0.6645549577193575,0.9012530623316498,0.0024461691570997024,0.34377459783512304,False,2,57
C07_HEARTBEAT_INTEGRITY_ATTACK,184,0.6323815841319832,0.6593537432547559,0.894322612874433,0.002429371398683786,0.3410840071021024,False,2,57
C07_HEARTBEAT_INTEGRITY_ATTACK,185,0.6275259931951728,0.654234761429911,0.8874557703182598,0.0024140154469895828,0.3384359553530031,False,2,57
C07_HEARTBEAT_INTEGRITY_ATTACK,186,0.6227101671841709,0.6491568959249443,0.8806451638594719,0.0023993352846982956,0.3358091730958644,False,2,57
C07_HEARTBEAT_INTEGRITY_ATTACK,187,0.6179308137512857,0.6441612630597341,0.8738861374153112,0.002387460588561948,0.33322492982264695,False,2,57
C07_HEARTBEAT_INTEGRITY_ATTACK,188,0.6131810167600137,0.6392067465144022,0.8671689100917355,0.0023769670439302715,0.33066195604139015,False,2,57
C07_HEARTBEAT_INTEGRITY_ATTACK,189,0.6084574074902419,0.6343139044488878,0.8604887177990729,0.0023685789491856095,0.3281308864980743,False,2,57
C07_HEARTBEAT_INTEGRITY_ATTACK,190,0.6037515131499829,0.6294621787032515,0.8538335781999838,0.002362970343780952,0.32562108644671905,False,2,57
C07_HEARTBEAT_INTEGRITY_ATTACK,191,0.5990598771260836,0.6246721274374327,0.8471986029052672,0.0023594750155671806,0.3231431906333048,False,2,57
C07_HEARTBEAT_INTEGRITY_ATTACK,192,0.5943755774254995,0.6199026343315531,0.840574002738481,0.002357375330995095,0.32067592956587093,False,2,57
C07_HEARTBEAT_INTEGRITY_ATTACK,193,0.5896919645615248,0.6151742575455518,0.833950373905343,0.0023587775717511645,0.31822993799039767,False,2,57
C07_HEARTBEAT_INTEGRITY_ATTACK,194,0.5850054521044021,0.6104869970794287,0.8273226444282495,0.002361570592587947,0.31580521590688504,False,2,57
C07_HEARTBEAT_INTEGRITY_ATTACK,195,0.5803075140290047,0.6057791784533664,0.8206787566868337,0.002365780781999653,0.313369859077392,False,2,57
C07_HEARTBEAT_INTEGRITY_ATTACK,196,0.5755949679658321,0.6011124761471824,0.8140142101309868,0.002373492328074412,0.3109557717398597,False,2,57
C07_HEARTBEAT_INTEGRITY_ATTACK,197,0.5708608369280329,0.5964663320009376,0.8073191378112798,0.002383286477539531,0.30855231914830766,False,2,57
C07_HEARTBEAT_INTEGRITY_ATTACK,198,0.5660982559899596,0.5918201878546927,0.800583831256757,0.0023951818679349745,0.30614886655675566,False,2,57
C07_HEARTBEAT_INTEGRITY_ATTACK,199,0.561300479230768,0.587174043708448,0.7937987502946697,0.0024098873314722697,0.30374541396520366,False,2,57
C07_HEARTBEAT_INTEGRITY_ATTACK,200,0.5564623384819939,0.5825278995622031,0.7869565860310836,0.0024266629579725685,0.30134196137365166,False,2,57
C07_HEARTBEAT_INTEGRITY_ATTACK,201,0.5515737390046599,0.57784063909608,0.7800430623492278,0.0024463313933268537,0.29891723929013897,False,2,57
C07_HEARTBEAT_INTEGRITY_ATTACK,202,0.5466346308401774,0.5731533786299569,0.773058108596989,0.0024672950713574633,0.29649251720662634,False,2,57
C07_HEARTBEAT_INTEGRITY_ATTACK,203,0.5416332200845875,0.5684455600038947,0.7659850456754351,0.0024925244575212586,0.2940571603771334,False,2,57
C07_HEARTBEAT_INTEGRITY_ATTACK,204,0.5365659153496866,0.563676066898015,0.7588187945946608,0.0025177280155597778,0.2915898993096994,False,2,57
C07_HEARTBEAT_INTEGRITY_ATTACK,205,0.5314262414110117,0.5589065737921354,0.7515501980044113,0.002547818091232107,0.28912263824226553,False,2,57
C07_HEARTBEAT_INTEGRITY_ATTACK,206,0.5262054602523291,0.5540754062064382,0.7441668984836204,0.002579301086726529,0.2866234729368906,False,2,57
C07_HEARTBEAT_INTEGRITY_ATTACK,207,0.5208985870920926,0.5491825641409238,0.7366618464866203,0.0026129022709543755,0.28409240339357483,False,2,57
C07_HEARTBEAT_INTEGRITY_ATTACK,208,0.5155005975858146,0.544248605755531,0.7290279365172941,0.002649238088362301,0.2815400643582983,False,2,57
C07_HEARTBEAT_INTEGRITY_ATTACK,209,0.5100013826208739,0.5392529728903209,0.72125087213147,0.0026891205761811754,0.27895582108508093,False,2,57
C07_HEARTBEAT_INTEGRITY_ATTACK,210,0.5043957734914296,0.5341751073853542,0.7133233436752475,0.0027303605928208027,0.2825929319061039,False,2,57
C07_HEARTBEAT_INTEGRITY_ATTACK,211,0.4986771756533145,0.5290355674005701,0.7052360250548275,0.002775073762220534,0.2872207549375044,False,2,57
C07_HEARTBEAT_INTEGRITY_ATTACK,212,0.4928386959641925,0.5237726784561512,0.6969791678948314,0.0028205527022289495,0.2919278353981413,False,2,57
C07_HEARTBEAT_INTEGRITY_ATTACK,213,0.48687728931644186,0.518468673191854,0.6885484657627613,0.00287006071356097,0.29705192564173155,False,2,57
C07_HEARTBEAT_INTEGRITY_ATTACK,214,0.48078251845556597,0.5130207608079829,0.6799291581517543,0.002920387376458818,0.30226074650544754,False,2,57
C07_HEARTBEAT_INTEGRITY_ATTACK,215,0.474551468884774,0.5075111739442942,0.6711171233409212,0.002974779621166068,0.3078903559955611,False,2,57
C07_HEARTBEAT_INTEGRITY_ATTACK,216,0.4681753856444915,0.5018576799610317,0.662099979947694,0.0030299086831024552,0.31359622623365363,False,2,57
C07_HEARTBEAT_INTEGRITY_ATTACK,217,0.46164967239414817,0.49610139517807356,0.6528712277649006,0.0030885268866412395,0.31966322340781805,False,2,57
C07_HEARTBEAT_INTEGRITY_ATTACK,218,0.45496911565604437,0.4902217614354805,0.6434234938216712,0.0031484218984067277,0.32586237051895967,False,2,57
C07_HEARTBEAT_INTEGRITY_ATTACK,219,0.44812560452456146,0.4842187787332527,0.6337453075652768,0.0032118573151607957,0.33242795033810635,False,2,57
C07_HEARTBEAT_INTEGRITY_ATTACK,220,0.441112499794823,0.47805133075151174,0.6238272797421378,0.0032767697399997187,0.33914640082431646,False,2,57
C07_HEARTBEAT_INTEGRITY_ATTACK,221,0.43392838932261657,0.471760533810136,0.613667413278757,0.003343593757072401,0.34606270153418106,False,2,57
C07_HEARTBEAT_INTEGRITY_ATTACK,222,0.4265649989588095,0.46530527158924717,0.6032540067612135,0.003412593879047185,0.35320422958802256,False,2,57
C07_HEARTBEAT_INTEGRITY_ATTACK,223,0.419019266826829,0.4587061022487844,0.5925827300421322,0.003483572447561523,0.3605505273011178,False,2,57
C07_HEARTBEAT_INTEGRITY_ATTACK,224,0.41128315506305474,0.45194246762880846,0.5816422158657687,0.0035574106467934647,0.36819279743294103,False,2,57
C07_HEARTBEAT_INTEGRITY_ATTACK,225,0.40335346933349736,0.4450143677293195,0.5704279467616723,0.0036325143103848982,0.3759660434089482,False,2,57
C07_HEARTBEAT_INTEGRITY_ATTACK,226,0.3952224562588242,0.4379012443903783,0.5589289577956366,0.0037105509099242323,0.3840428489114111,False,2,57
C07_HEARTBEAT_INTEGRITY_ATTACK,227,0.38689020121933276,0.430623655771924,0.5471453697136361,0.0037889968843172234,0.3921620248027698,False,2,57
C07_HEARTBEAT_INTEGRITY_ATTACK,228,0.37834890479538846,0.42314048555407835,0.5350661524706454,0.0038696955382882645,0.40051435353418924,False,2,57
C07_HEARTBEAT_INTEGRITY_ATTACK,229,0.3695945978002356,0.4154928500567196,0.5226856927889225,0.003953817853607901,0.4092210319807698,False,2,57
C07_HEARTBEAT_INTEGRITY_ATTACK,230,0.36062378632086556,0.40761907480003035,0.5099990495293052,0.004037165270085695,0.4178475082239408,False,2,57
C07_HEARTBEAT_INTEGRITY_ATTACK,231,0.35143303026799644,0.3995397179439497,0.497001357670875,0.00412343060583774,0.4267759897644869,False,2,57
C07_HEARTBEAT_INTEGRITY_ATTACK,232,0.3420184611923155,0.3912753376484169,0.48368714640014865,0.0042123944006080515,0.43598376241683895,False,2,57
C07_HEARTBEAT_INTEGRITY_ATTACK,233,0.332378486191783,0.38278481759355354,0.47005416301345804,0.004300485121221648,0.4451011716987387,False,2,57
C07_HEARTBEAT_INTEGRITY_ATTACK,234,0.32250852617194364,0.3740887159392988,0.45609593169332097,0.004392159390757866,0.4545894790954645,False,2,57
C07_HEARTBEAT_INTEGRITY_ATTACK,235,0.31240627776793134,0.3651459163657745,0.44180919498990484,0.004483828693888664,0.46407727246811875,False,2,57
C07_HEARTBEAT_INTEGRITY_ATTACK,236,0.30207092832704246,0.35599753519285876,0.4271928036387346,0.004578242395343019,0.4738491116809494,False,2,57
C07_HEARTBEAT_INTEGRITY_ATTACK,237,0.2915005297725737,0.3465818979407343,0.4122440026433159,0.004671986217568837,0.4835516182438314,False,2,57
C07_HEARTBEAT_INTEGRITY_ATTACK,238,0.28069698686252004,0.3369812372491576,0.39696548573823837,0.004769042116238813,0.4935969254593134,False,2,57
C07_HEARTBEAT_INTEGRITY_ATTACK,239,0.26965689728066894,0.3271133204783721,0.3813524413217706,0.004865379067607587,0.5035678214683535,False,2,57
C07_HEARTBEAT_INTEGRITY_ATTACK,240,0.25838187771032894,0.31697814762837784,0.3654071557293737,0.004963296302105882,0.513702277134674,False,2,57
C07_HEARTBEAT_INTEGRITY_ATTACK,241,0.24687578199450802,0.3066373931789922,0.34913507911809677,0.005063834882290964,0.5241080426657486,False,2,57
C07_HEARTBEAT_INTEGRITY_ATTACK,242,0.23513938008283655,0.2960088244904587,0.3325373003611495,0.00516297457120035,0.5343690226369758,False,2,57
C07_HEARTBEAT_INTEGRITY_ATTACK,243,0.22318107799301842,0.28511299972271636,0.3156257073627742,0.005262874973036285,0.5447087365662077,False,2,57
C07_HEARTBEAT_INTEGRITY_ATTACK,244,0.21100925507921253,0.27401159335558267,0.29841215031926627,0.005365363657059153,0.5553163382805654,False,2,57
C07_HEARTBEAT_INTEGRITY_ATTACK,245,0.19862800700218125,0.262601814589362,0.2809024213696228,0.005467321054852144,0.5658689517513272,False,2,57
C07_HEARTBEAT_INTEGRITY_ATTACK,246,0.18605641069724116,0.25094533790387163,0.263123499374497,0.00557060125800056,0.5765584758721745,False,2,57
C07_HEARTBEAT_INTEGRITY_ATTACK,247,0.17331377230265177,0.23900104697923336,0.2451026873364526,0.005672435081400679,0.5870982993656411,False,2,57
C07_HEARTBEAT_INTEGRITY_ATTACK,248,0.1604297313338097,0.22681005813532545,0.22688190186014556,0.005775596763211419,0.5977755565015358,False,2,57
C07_HEARTBEAT_INTEGRITY_ATTACK,249,0.14743948015809766,0.21433125505226963,0.20851091246882056,0.005879579988091001,0.6085378435287648,False,2,57
C07_HEARTBEAT_INTEGRITY_ATTACK,250,0.13440139289917394,0.20160575404994419,0.19007227263984677,0.0059841005281919745,0.6193557428015596,False,2,57
C07_HEARTBEAT_INTEGRITY_ATTACK,251,0.12139441922169762,0.1885718806485317,0.1716776340597299,0.0060872908741474475,0.6300359666828439,False,2,57
C07_HEARTBEAT_INTEGRITY_ATTACK,252,0.10854660116488513,0.1752501930079713,0.15350807551688375,0.006191295486385147,0.6408004673064207,False,2,57
C07_HEARTBEAT_INTEGRITY_ATTACK,253,0.09605310706133766,0.16168180744814126,0.13583960671421863,0.006294345892498255,0.6514662073827275,False,2,57
C07_HEARTBEAT_INTEGRITY_ATTACK,254,0.08421726204255,0.1478256076491633,0.11910119416650308,0.006398959452718565,0.6622937342586743,False,2,57
C07_HEARTBEAT_INTEGRITY_ATTACK,255,0.07353422777364625,0.13368159361103743,0.10399310221612285,0.0065013668504097216,0.6728929228195231,False,2,57
C07_HEARTBEAT_INTEGRITY_ATTACK,256,0.06478289613552134,0.11924976533376365,0.09161685032466184,0.00660384646876533,0.6834995862352922,False,2,57
C07_HEARTBEAT_INTEGRITY_ATTACK,257,0.059057670128984954,0.10453012281734197,0.08352015805856694,0.006705649363326337,0.6940362085869944,False,2,57
C07_HEARTBEAT_INTEGRITY_ATTACK,258,0.057507992051812035,0.0935888645161158,0.08132858230451673,0.006808044861743648,0.7046341655703392,False,2,57
C07_HEARTBEAT_INTEGRITY_ATTACK,259,0.060672311931845954,0.11184451054206894,0.08580360639454751,0.006909023376781267,0.7150854644570275,False,2,57
C07_HEARTBEAT_INTEGRITY_ATTACK,260,0.06810081704303622,0.13038797080717,0.09630909907095063,0.007009457697812118,0.7254804391423253,False,2,57
C07_HEARTBEAT_INTEGRITY_ATTACK,261,0.0787694672868214,0.1491781289915407,0.11139684893792666,0.007109134936905185,0.7357970556777678,False,2,57
C07_HEARTBEAT_INTEGRITY_ATTACK,262,0.09169833551388863,0.1681944269352419,0.12968102973077975,0.0072073288956977935,0.7459601523704292,False,2,57
C07_HEARTBEAT_INTEGRITY_ATTACK,263,0.10619321026203914,0.18745742279821273,0.15017987818451348,0.007303529261374927,0.7559169117298421,False,2,57
C07_HEARTBEAT_INTEGRITY_ATTACK,264,0.12181249351527186,0.20698767474039234,0.17226888039578217,0.007401046002789686,0.7660099162724603,False,2,57
C07_HEARTBEAT_INTEGRITY_ATTACK,265,0.13827316786405047,0.22674406644190245,0.1955477893056318,0.007495198860480695,0.7757547580974561,False,2,57
C07_HEARTBEAT_INTEGRITY_ATTACK,266,0.15539206232465613,0.24670603974280392,0.219757562024654,0.007588492538439655,0.7854106746280595,False,2,57
C07_HEARTBEAT_INTEGRITY_ATTACK,267,0.17305719644265993,0.26693526912291415,0.2447398342754746,0.007681220819781087,0.7950080724823175,False,2,57
C07_HEARTBEAT_INTEGRITY_ATTACK,268,0.1911852987778985,0.28737008010241577,0.2703768424580564,0.007771829330659317,0.8043860736196221,False,2,57
C07_HEARTBEAT_INTEGRITY_ATTACK,269,0.20972057080438344,0.3080310308412479,0.296589675540186,0.007861075947797279,0.8136231184502692,False,2,57
C07_HEARTBEAT_INTEGRITY_ATTACK,270,0.22861791681963572,0.3288770050195322,0.32331455856781294,0.00794816044251361,0.8226363831267951,False,2,57
C07_HEARTBEAT_INTEGRITY_ATTACK,271,0.2478489146657507,0.3499491189571471,0.35051129653975654,0.008033273676480029,0.8314456218749017,False,2,57
C07_HEARTBEAT_INTEGRITY_ATTACK,272,0.26738581298414993,0.3712062563342141,0.3781406431083409,0.00811627229517435,0.8400359974694869,False,2,57
C07_HEARTBEAT_INTEGRITY_ATTACK,273,0.2872079300704018,0.39264841715073345,0.40617334992666565,0.008197829855101979,0.8484772231594774,False,2,57
C07_HEARTBEAT_INTEGRITY_ATTACK,274,0.3073017902816238,0.41429615956664406,0.43459035955780495,0.008278037531723844,0.8567787356254672,False,2,57
C07_HEARTBEAT_INTEGRITY_ATTACK,275,0.3276488180467058,0.4360878091021287,0.4633654021771659,0.00835408193443383,0.8646493483106078,False,2,57
C07_HEARTBEAT_INTEGRITY_ATTACK,276,0.3482365273602287,0.4580644820770655,0.4924808199065448,0.008428754263427278,0.8723779510592707,False,2,57
C07_HEARTBEAT_INTEGRITY_ATTACK,277,0.36905382556684757,0.4802056203315155,0.5219209253623103,0.008501999801566754,0.8799588806354959,False,2,57
C07_HEARTBEAT_INTEGRITY_ATTACK,278,0.3900921230995213,0.5025112238654785,0.5516735710622579,0.008571862745479575,0.887189710952864,False,2,57
C07_HEARTBEAT_INTEGRITY_ATTACK,279,0.4113362498112787,0.5249401763590763,0.5817173031787978,0.008638902302758997,0.8941283201223241,False,2,57
C07_HEARTBEAT_INTEGRITY_ATTACK,280,0.43277992855019304,0.5475335941321873,0.612043244478542,0.008703918730853265,0.9008575349687191,False,2,57
C07_HEARTBEAT_INTEGRITY_ATTACK,281,0.45441207040676806,0.5702503608649331,0.6426357128752891,0.00876681278287294,0.907367083416799,False,2,57
C07_HEARTBEAT_INTEGRITY_ATTACK,282,0.47622261955007605,0.5930699183973744,0.6734804872765602,0.008825562835447418,0.9134477269956411,False,2,57
C07_HEARTBEAT_INTEGRITY_ATTACK,283,0.4982020352413128,0.6160128248894507,0.7045640750401433,0.008882237482122222,0.9193135655997754,False,2,57
C07_HEARTBEAT_INTEGRITY_ATTACK,284,0.5203416285683394,0.6390585221812226,0.7358741881886492,0.008936137261940204,0.9248922048637273,False,2,57
C07_HEARTBEAT_INTEGRITY_ATTACK,285,0.542635351621682,0.6622275684326294,0.767402273686476,0.008987322698472994,0.9301899089906943,False,2,57
C07_HEARTBEAT_INTEGRITY_ATTACK,286,0.5650679216701271,0.6854377310039145,0.7991267184878714,0.009034970262800006,0.9351214425532426,False,2,57
C07_HEARTBEAT_INTEGRITY_ATTACK,287,0.587634809253839,0.7087506843748952,0.8310411169693059,0.009079892102840997,0.9397708630426753,False,2,57
C07_HEARTBEAT_INTEGRITY_ATTACK,288,0.6103250794742223,0.7321253122256933,0.8631300048488822,0.009121353497574144,0.9440621266689392,False,2,57
C07_HEARTBEAT_INTEGRITY_ATTACK,289,0.6331275070187387,0.7555410563963697,0.8953775071373671,0.009158664270532288,0.9479238000133496,False,2,57
C07_HEARTBEAT_INTEGRITY_ATTACK,290,0.6560333792370828,0.7790184750468635,0.9277713022865346,0.009193895282212722,0.9515702176004518,False,2,57
C07_HEARTBEAT_INTEGRITY_ATTACK,291,0.6790349156321186,0.8025370100172355,0.9603003870118125,0.009224998795494514,0.9547894381803244,False,2,57
C07_HEARTBEAT_INTEGRITY_ATTACK,292,0.7021199856659323,0.8260761031475468,0.9929476061419644,0.009252638652901409,0.9576501696026203,False,2,57
C07_HEARTBEAT_INTEGRITY_ATTACK,293,0.7252775445153177,0.849615196277858,1.0256973399382183,0.009276805885022495,0.9601514835313045,False,2,57
C07_HEARTBEAT_INTEGRITY_ATTACK,294,0.7485023094717613,0.8731954057280474,1.0585421175225485,0.009298229260200266,0.9623688076527884,False,2,57
C07_HEARTBEAT_INTEGRITY_ATTACK,295,0.7717838207125937,0.8967756151782369,1.0914671464718753,0.009316196185591223,0.9642283884484237,False,2,57
C07_HEARTBEAT_INTEGRITY_ATTACK,296,0.7951093508925543,0.9203147083085481,1.1244544276019184,0.00932863497587658,0.9655158060244562,False,2,57
C07_HEARTBEAT_INTEGRITY_ATTACK,297,0.8184671851112685,0.9438332432789203,1.1574873935416865,0.009338992228349215,0.9665877839714093,False,2,57
C07_HEARTBEAT_INTEGRITY_ATTACK,298,0.8418514914323925,0.9673312200893531,1.1905577966877068,0.009345211262233609,0.9672314553691124,False,2,57
C07_HEARTBEAT_INTEGRITY_ATTACK,299,0.8652485170171074,0.9907675224199687,1.223646187588801,0.00934728335403652,0.9674459173340642,False,2,57
C07_HEARTBEAT_INTEGRITY_ATTACK,300,0.888651608704378,1.0141832665906452,1.2567431572544001,0.00934728335403652,0.9674459173340642,False,2,57
C07_HEARTBEAT_INTEGRITY_ATTACK,301,0.9120459436876364,1.0374756618016867,1.2898277430704235,0.009341070798090387,0.9668029164044196,False,2,57
C07_HEARTBEAT_INTEGRITY_ATTACK,302,0.9354235003022305,1.06072694069285,1.3228886006899274,0.00933208980466021,0.9658733815761129,False,2,57
C07_HEARTBEAT_INTEGRITY_ATTACK,303,0.9587700987524289,1.0838548706243785,1.3559056768534767,0.009318284383290899,0.9644445173772921,False,2,57
C07_HEARTBEAT_INTEGRITY_ATTACK,304,0.9820810977735311,1.1069416842360287,1.3888724078215853,0.009303087271262733,0.9628716128840771,False,2,57
C07_HEARTBEAT_INTEGRITY_ATTACK,305,1.0053418217035148,1.1298640325681657,1.4217680390739849,0.009280992694144967,0.960584819211713,False,2,57
C07_HEARTBEAT_INTEGRITY_ATTACK,306,1.0285427708829211,1.1527041482605462,1.45457913606343,0.009256114415267157,0.9580099117847073,False,2,57
C07_HEARTBEAT_INTEGRITY_ATTACK,307,1.0516717752104612,1.1754003568333529,1.4872884876676231,0.009227804927416178,0.9550798734617093,False,2,57
C07_HEARTBEAT_INTEGRITY_ATTACK,308,1.0747179640676534,1.1979321001266465,1.519880720510476,0.009194675667578294,0.9516509876602941,False,2,57
C07_HEARTBEAT_INTEGRITY_ATTACK,309,1.0976692659391294,1.220299378140427,1.5523387628912366,0.00915671072882312,0.9477216080096099,False,2,57
C07_HEARTBEAT_INTEGRITY_ATTACK,310,1.1205176627174986,1.2425433071945726,1.5846512754936881,0.009116655198345334,0.943575851648148,False,2,57
C07_HEARTBEAT_INTEGRITY_ATTACK,311,1.1432525407327452,1.264602212809266,1.6168032483217474,0.009071052120130653,0.9388559228554034,False,2,57
C07_HEARTBEAT_INTEGRITY_ATTACK,312,1.1658567564528786,1.2864349786646287,1.6487704367599672,0.009022090865849024,0.9337884220887916,False,2,57
C07_HEARTBEAT_INTEGRITY_ATTACK,313,1.1883266301516446,1.3081032792404785,1.6805476368895726,0.008968917074741735,0.9282849228187384,False,2,57
C07_HEARTBEAT_INTEGRITY_ATTACK,314,1.210646920506949,1.329545440056998,1.7121132942261497,0.008912355455065408,0.9224307825342208,False,2,57
C07_HEARTBEAT_INTEGRITY_ATTACK,315,1.2328105517006525,1.3507820192741258,1.7434574020517204,0.008850182393353806,0.9159958567442508,False,2,57
C07_HEARTBEAT_INTEGRITY_ATTACK,316,1.254802671543355,1.3717924587319232,1.7745589561986046,0.008786006805639865,0.909353669065244,False,2,57
C07_HEARTBEAT_INTEGRITY_ATTACK,317,1.2766140018490653,1.392535642110512,1.8054048353303396,0.008715603717140828,0.9020669336624182,False,2,57
C07_HEARTBEAT_INTEGRITY_ATTACK,318,1.2982331183778226,1.41305268572977,1.8359788831318327,0.008642416144316604,0.8944920035092835,False,2,57
C07_HEARTBEAT_INTEGRITY_ATTACK,319,1.3196495979638394,1.4333024732698194,1.866266359020664,0.008565826059488905,0.8865649126029371,False,2,57
C07_HEARTBEAT_INTEGRITY_ATTACK,320,1.3408547250831784,1.45328500473066,1.8962549373846787,0.008485806809079897,0.8782829022921127,False,2,57
C07_HEARTBEAT_INTEGRITY_ATTACK,321,1.3618343722410855,1.4729386056324745,1.925924638929193,0.008398898790057742,0.8692879028893967,False,2,57
C07_HEARTBEAT_INTEGRITY_ATTACK,322,1.3825789771244128,1.4923455086150192,1.9552619405012657,0.008309842420042722,0.8600705486785162,False,2,57
C07_HEARTBEAT_INTEGRITY_ATTACK,323,1.4030763140990472,1.5114234810385379,1.984249552443325,0.008217477170488499,0.8505107246954134,False,2,57
C07_HEARTBEAT_INTEGRITY_ATTACK,324,1.4233192904038998,1.5301930810629694,2.012877444076445,0.008120209146114644,0.8404434624221456,False,2,57
C07_HEARTBEAT_INTEGRITY_ATTACK,325,1.443298112059035,1.548674866848253,2.0411317646213702,0.008020841633769059,0.830158902674327,False,2,57
C07_HEARTBEAT_INTEGRITY_ATTACK,326,1.4630004122257865,1.5667866057546322,2.068995024727136,0.007916023003233182,0.8193101509748624,False,2,57
C07_HEARTBEAT_INTEGRITY_ATTACK,327,1.4824142889036007,1.5845488559420462,2.0964503924231397,0.007807074350321591,0.8196878819036973,False,2,57
C07_HEARTBEAT_INTEGRITY_ATTACK,328,1.501531380190416,1.6019821755704338,2.123486042194078,0.007696075664250057,0.8287061464950075,False,2,57
C07_HEARTBEAT_INTEGRITY_ATTACK,329,1.5203410776524189,1.619024890159978,2.1500869714489776,0.0075795826232914944,0.8375223509126917,False,2,57
C07_HEARTBEAT_INTEGRITY_ATTACK,330,1.5388334264205428,1.6357181160305567,2.176239101876992,0.00746028885229141,0.8461577646487104,False,2,57
C07_HEARTBEAT_INTEGRITY_ATTACK,331,1.5569998991599092,1.652041295022231,2.2019303740054847,0.007337512618987948,0.8546017529570834,False,2,57
C07_HEARTBEAT_INTEGRITY_ATTACK,332,1.5748302489055828,1.6679738689750618,2.2271462964376725,0.007212847904641463,0.8628436810918304,False,2,57
C07_HEARTBEAT_INTEGRITY_ATTACK,333,1.59231728348247,1.6834952797291098,2.2518766979019933,0.007082590548718704,0.870872914306971,False,2,57
C07_HEARTBEAT_INTEGRITY_ATTACK,334,1.609449373657348,1.6986260854443143,2.276105132179105,0.006950324131610895,0.8787000873484855,False,2,57
C07_HEARTBEAT_INTEGRITY_ATTACK,335,1.6262195444465417,1.7133457279607358,2.2998217351524954,0.006814621948756697,0.8863145654703936,False,2,57
C07_HEARTBEAT_INTEGRITY_ATTACK,336,1.6426193075763857,1.727654207278375,2.323014502590427,0.006674636347285919,0.8937163486726954,False,2,57
C07_HEARTBEAT_INTEGRITY_ATTACK,337,1.6586350545509794,1.7415104070773528,2.3456641891734336,0.006532156994934736,0.9008841674634301,False,2,57
C07_HEARTBEAT_INTEGRITY_ATTACK,338,1.6742633024593558,1.754955443677548,2.3677658693215884,0.006387583617628068,0.9078392913345587,False,2,57
C07_HEARTBEAT_INTEGRITY_ATTACK,339,1.6894936209839182,1.767927642599143,2.3893047923382866,0.006238260583776106,0.9145498160481396,False,2,57
C07_HEARTBEAT_INTEGRITY_ATTACK,340,1.704317658678787,1.7804681201620163,2.4102691474955,0.006087655041724397,0.921037011096134,False,2,57
C07_HEARTBEAT_INTEGRITY_ATTACK,341,1.7187301693206443,1.7925563182062285,2.4306515155130612,0.005933551863880975,0.9272902417325614,False,2,57
C07_HEARTBEAT_INTEGRITY_ATTACK,342,1.7327209438203888,1.8041716785718407,2.4504374585587034,0.005776059542247571,0.9332988732114414,False,2,57
C07_HEARTBEAT_INTEGRITY_ATTACK,343,1.7462814692625956,1.8153142012588526,2.469614937551978,0.005615893602741316,0.939062905532774,False,2,57
C07_HEARTBEAT_INTEGRITY_ATTACK,344,1.7594084735399211,1.8260250025871427,2.488179325034301,0.005454960570794202,0.9446036081885202,False,2,57
C07_HEARTBEAT_INTEGRITY_ATTACK,345,1.7720914420572103,1.8362012917570152,2.5061157511226027,0.005289519681208082,0.9498678074487779,False,2,57
C07_HEARTBEAT_INTEGRITY_ATTACK,346,1.7843254231496006,1.8459253014082266,2.523417213105277,0.005122567377970113,0.9548980422974686,False,2,57
C07_HEARTBEAT_INTEGRITY_ATTACK,347,1.7961018020023345,1.8551353570609599,2.540071527794457,0.00495233894265525,0.9596624084966513,False,2,57
C07_HEARTBEAT_INTEGRITY_ATTACK,348,1.8074155608195936,1.8638725750350928,2.556071598955243,0.00478152720772368,0.9641821755382868,False,2,57
C07_HEARTBEAT_INTEGRITY_ATTACK,349,1.8182614509102806,1.8720958390107474,2.5714100038175003,0.004607324625701029,0.9684360739304142,False,2,57
C07_HEARTBEAT_INTEGRITY_ATTACK,350,1.828630982348643,1.8798051489879235,2.586074735813087,0.004432157801912937,0.9724241036730337,False,2,57
C07_HEARTBEAT_INTEGRITY_ATTACK,351,1.8385224044161452,1.8870210631265605,2.6000633190521047,0.004254847041329386,0.9761568995121256,False,2,57
C07_HEARTBEAT_INTEGRITY_ATTACK,352,1.8479289249593869,1.8937230232667188,2.6133661479790984,0.004075627980267962,0.9796238267017093,False,2,57
C07_HEARTBEAT_INTEGRITY_ATTACK,353,1.856843679231379,1.8998904712484599,2.625973514375773,0.003894788804294178,0.9828142504958051,False,2,57
C07_HEARTBEAT_INTEGRITY_ATTACK,354,1.8652649967289379,1.9055645233916616,2.637883055793871,0.0037133182964917866,0.985749440386373,False,2,57
C07_HEARTBEAT_INTEGRITY_ATTACK,355,1.8731877122696852,1.9107040633764456,2.6490874675624196,0.00352838955890803,0.9884081268814526,False,2,57
C07_HEARTBEAT_INTEGRITY_ATTACK,356,1.880603362167499,1.9153090912028121,2.6595747802217184,0.0033443836940455,0.990790309981044,False,2,57
C07_HEARTBEAT_INTEGRITY_ATTACK,357,1.88751357344387,1.9194001650307004,2.669347294727626,0.003158230105946858,0.9929066244311274,False,2,57
C07_HEARTBEAT_INTEGRITY_ATTACK,358,1.8939115659044674,1.922956726700171,2.678395422437364,0.0029721590554370597,0.9947464354857226,False,2,57
C07_HEARTBEAT_INTEGRITY_ATTACK,359,1.8997973242028785,1.9259993343711632,2.6867191416478264,0.0027847985159394676,0.9963203778908097,False,2,57
C07_HEARTBEAT_INTEGRITY_ATTACK,360,1.905164015577664,1.9284868717237986,2.694308789375119,0.002597202108585064,0.9976071821544282,False,2,57
C07_HEARTBEAT_INTEGRITY_ATTACK,361,1.9100099144637006,1.9304398969180165,2.7011619253016406,0.0024099294891641,0.9986174830225585,False,2,57
C07_HEARTBEAT_INTEGRITY_ATTACK,362,1.9143367620329723,1.9318995262736953,2.7072810118164257,0.0022228766657356324,0.9993725499871612,False,2,57
C07_HEARTBEAT_INTEGRITY_ATTACK,363,1.9181359671842604,1.932762968991139,2.712653899267615,0.002035527832083727,0.9998192093183346,False,2,57
C07_HEARTBEAT_INTEGRITY_ATTACK,364,1.921407555859643,1.9331124577101044,2.7172806243428473,0.001850607835823816,1.0,False,2,57
C07_HEARTBEAT_INTEGRITY_ATTACK,365,1.9241532355661257,1.9331124577101044,2.721163601821688,0.0016665004780663942,1.0,False,2,57
C07_HEARTBEAT_INTEGRITY_ATTACK,366,1.9263696034771014,1.9331124577101044,2.724298019380598,0.0014858818106961373,1.0,False,2,57
C07_HEARTBEAT_INTEGRITY_ATTACK,367,1.9280549295446097,1.9331124577101044,2.7266814303622895,0.0013101108781401725,1.0004764185522184,True,2,57
C07_HEARTBEAT_INTEGRITY_ATTACK,368,1.9292092115532309,1.9331124577101044,2.7283138316336846,0.0011403487309616083,1.0010753807043273,True,2,57
C07_HEARTBEAT_INTEGRITY_ATTACK,369,1.9298307477047643,1.9331124577101044,2.7291928164886885,0.000981374903360227,1.0013978986229604,True,2,57
C07_HEARTBEAT_INTEGRITY_ATTACK,370,1.9299229543054928,1.9331124577101044,2.7293232163139787,0.0008371826625636645,1.0014457450448906,True,2,57
C07_HEARTBEAT_INTEGRITY_ATTACK,371,1.9294824095664804,1.9331124577101044,2.7287001919692355,0.0007211731617805511,1.0012171443883713,True,2,57
C07_HEARTBEAT_INTEGRITY_ATTACK,372,1.9285125261510985,1.9331124577101044,2.7273285696892815,0.00064543364706522,1.0007138674998526,True,2,57
C07_HEARTBEAT_INTEGRITY_ATTACK,373,1.9270116071276164,1.9331124577101044,2.7252059496502494,0.0006240499273515787,1.0,False,2,57
C07_HEARTBEAT_INTEGRITY_ATTACK,374,1.9249779238270652,1.9331124577101044,2.7223298871450385,0.0006659855044184024,1.0,False,2,57
C07_HEARTBEAT_INTEGRITY_ATTACK,375,1.9224217252306341,1.9331124577101044,2.7187148764218465,0.0007540728924618203,1.0,False,2,57
C07_HEARTBEAT_INTEGRITY_ATTACK,376,1.9193413049609207,1.9329479924305912,2.7143585042986085,0.0008776469623132843,0.9999149220321574,False,2,57
C07_HEARTBEAT_INTEGRITY_ATTACK,377,1.9157349555513312,1.9322490149926606,2.709258356052911,0.0010244503684283222,0.9995533406688265,False,2,57
C07_HEARTBEAT_INTEGRITY_ATTACK,378,1.9116060724864403,1.9309949672363733,2.7034192336250897,0.0011836623678697466,0.9989046211640271,False,2,57
C07_HEARTBEAT_INTEGRITY_ATTACK,379,1.906959787172802,1.9292064073216684,2.6968483939198875,0.0013503270908187047,0.9979793982637394,False,2,57
C07_HEARTBEAT_INTEGRITY_ATTACK,380,1.901796148281127,1.926883335248546,2.6895459057680835,0.0015237881051675833,0.9967776719679634,False,2,57
C07_HEARTBEAT_INTEGRITY_ATTACK,381,1.8961219373650626,1.9240668673368844,2.6815213597348198,0.001698180296634179,0.9953207117686598,False,2,57
C07_HEARTBEAT_INTEGRITY_ATTACK,382,1.8899354243412578,1.920695329106866,2.6727723091127573,0.001875296146727114,0.9935766134278875,False,2,57
C07_HEARTBEAT_INTEGRITY_ATTACK,383,1.8832451314176426,1.916809836878369,2.6633108061239317,0.002051791966285404,0.9915666464376072,False,2,57
C07_HEARTBEAT_INTEGRITY_ATTACK,384,1.8760510964925852,1.9123692743315157,2.6531369043647297,0.002229702791895716,0.9892695413058584,False,2,57
C07_HEARTBEAT_INTEGRITY_ATTACK,385,1.8683635492827078,1.9074147577861837,2.642265070839138,0.00240545027930234,0.9867065675246016,False,2,57
C07_HEARTBEAT_INTEGRITY_ATTACK,386,1.860185916094949,1.9019874035622517,2.6307001510768973,0.002581679455287261,0.9838989945857974,False,2,57
C07_HEARTBEAT_INTEGRITY_ATTACK,387,1.851516458940124,1.8960255371799022,2.6184396871901314,0.002758008056764006,0.9808149182515051,False,2,57
C07_HEARTBEAT_INTEGRITY_ATTACK,388,1.8423653574345527,1.8895291586391352,2.605498075330299,0.002930682521703572,0.9774543385217245,False,2,57
C07_HEARTBEAT_INTEGRITY_ATTACK,389,1.8327362024566973,1.8825393842598288,2.591880393766424,0.0031042253290810454,0.9738385248884162,False,2,57
C07_HEARTBEAT_INTEGRITY_ATTACK,390,1.8226373725020315,1.875056214041983,2.577598491480436,0.0032741696160687064,0.9699674773515801,False,2,57
C07_HEARTBEAT_INTEGRITY_ATTACK,391,1.8120723112849988,1.8670385316657199,2.562657238620006,0.003442327886826853,0.9658199264192558,False,2,57
C07_HEARTBEAT_INTEGRITY_ATTACK,392,1.8010496907527513,1.8585685697707957,2.5470688991704096,0.003609772552350264,0.9614384110753645,False,2,57
C07_HEARTBEAT_INTEGRITY_ATTACK,393,1.7895744353760976,1.849584653877393,2.5308404373850513,0.0037733768617497663,0.9567910270819653,False,2,57
C07_HEARTBEAT_INTEGRITY_ATTACK,394,1.77765353348265,1.8401484584653294,2.5139817362516186,0.003936449777726663,0.951909678676999,False,2,57
C07_HEARTBEAT_INTEGRITY_ATTACK,395,1.7652903285154424,1.8301983090547873,2.496497524112595,0.004096622850392052,0.9467624616225248,False,2,57
C07_HEARTBEAT_INTEGRITY_ATTACK,396,1.7524968232689286,1.8198164382855235,2.4784047754826837,0.004254430262245103,0.9413919149024639,False,2,57
C07_HEARTBEAT_INTEGRITY_ATTACK,397,1.7392779481739793,1.8089617298376595,2.459710463044091,0.004408916180258874,0.9357767690248556,False,2,57
C07_HEARTBEAT_INTEGRITY_ATTACK,398,1.7256389754217925,1.797613625551256,2.440422042801111,0.004561239682265687,0.9299063892437197,False,2,57
C07_HEARTBEAT_INTEGRITY_ATTACK,399,1.711591928506339,1.7858543580660702,2.4205565185419857,0.004711229826052582,0.9238233145429775,False,2,57
C07_HEARTBEAT_INTEGRITY_ATTACK,400,1.697143357540574,1.7736016947423447,2.400123153525291,0.004855957366558782,0.9174850059387075,False,2,57
C07_HEARTBEAT_INTEGRITY_ATTACK,401,1.682302191540511,1.760958426379776,2.379134575286571,0.005000738496560877,0.9109446371608116,False,2,57
C07_HEARTBEAT_INTEGRITY_ATTACK,402,1.6670749208515074,1.747862878498546,2.3575999625602555,0.005140724343291436,0.9041703039713487,False,2,57
C07_HEARTBEAT_INTEGRITY_ATTACK,403,1.651470263816418,1.7343356092585942,2.3355316449450516,0.005278170870971359,0.897172641116299,False,2,57
C07_HEARTBEAT_INTEGRITY_ATTACK,404,1.6354968417190394,1.7204177349797989,2.312941814777429,0.005413513989847232,0.8899729180876232,False,2,57
C07_HEARTBEAT_INTEGRITY_ATTACK,405,1.6191645671016708,1.7060681393422816,2.289844490509144,0.0055433221322802794,0.8825498653933609,False,2,57
C07_HEARTBEAT_INTEGRITY_ATTACK,406,1.6024838525776564,1.6913073805059817,2.266254397799209,0.005669846392778216,0.8749141177794921,False,2,57
C07_HEARTBEAT_INTEGRITY_ATTACK,407,1.5854618057474712,1.6761765747907773,2.242181588312611,0.005795103050385909,0.8670869447379775,False,2,57
C07_HEARTBEAT_INTEGRITY_ATTACK,408,1.5681083883099705,1.6606757221966684,2.2176401500189757,0.005916069439269074,0.8590683462688172,False,2,57
C07_HEARTBEAT_INTEGRITY_ATTACK,409,1.5504320489972971,1.6447637064037768,2.1926420312298847,0.006032387817270595,0.8508370528800506,False,2,57
C07_HEARTBEAT_INTEGRITY_ATTACK,410,1.532443408963288,1.62850220189192,2.1672022525251413,0.00614671351984711,0.8424249688096186,False,2,57
C07_HEARTBEAT_INTEGRITY_ATTACK,411,1.5141540971142764,1.6119117668210368,2.141337259661798,0.00625668900835194,0.8338427288035014,False,2,57
C07_HEARTBEAT_INTEGRITY_ATTACK,412,1.4955692412310095,1.59493072671131,2.1150543044169328,0.006362794354450404,0.8250584286237582,False,2,57
C07_HEARTBEAT_INTEGRITY_ATTACK,413,1.4767027602020506,1.5776413142024963,2.0883730710715245,0.006466065637356585,0.8161146072543103,False,2,57
C07_HEARTBEAT_INTEGRITY_ATTACK,414,1.4575629437866415,1.5600024129747172,2.0613052831155216,0.006564561072896015,0.8069899952031968,False,2,57
C07_HEARTBEAT_INTEGRITY_ATTACK,415,1.4381618893023462,1.542034581187912,2.033868048739492,0.006658972644380243,0.7976952272163983,False,2,57
C07_HEARTBEAT_INTEGRITY_ATTACK,416,1.4185100112476963,1.5237994933218981,2.0060760962685036,0.006751247409466044,0.7882622075318558,False,2,57
C07_HEARTBEAT_INTEGRITY_ATTACK,417,1.398613859255459,1.505256033056797,1.977938688282045,0.006839416292048812,0.7786696666576083,False,2,57
C07_HEARTBEAT_INTEGRITY_ATTACK,418,1.3784853666620223,1.4863836422326697,1.9494727010662807,0.0069221554858298435,0.7689069698476758,False,2,57
C07_HEARTBEAT_INTEGRITY_ATTACK,419,1.3581369532564462,1.4672645534892728,1.9206956988553407,0.007002813282175956,0.7590166560859795,False,2,57
C07_HEARTBEAT_INTEGRITY_ATTACK,420,1.3375799981257044,1.4478782086666673,1.8916237741083501,0.007077862404010088,0.748988090626539,False,2,57
C07_HEARTBEAT_INTEGRITY_ATTACK,421,1.3168216639831096,1.4282040496049135,1.8622670564316202,0.00714961968611798,0.7399872362742829,False,2,57
C07_HEARTBEAT_INTEGRITY_ATTACK,422,1.2958773624307622,1.4083243089437687,1.8326473411218587,0.007217808682851016,0.7470448126842237,False,2,57
C07_HEARTBEAT_INTEGRITY_ATTACK,423,1.274752090775489,1.388177312203415,1.8027716954381554,0.007281959166679785,0.7536844021055016,False,2,57
C07_HEARTBEAT_INTEGRITY_ATTACK,424,1.2534597073014286,1.3678041757037307,1.7726597179538903,0.00734196510213215,0.759895029843039,False,2,57
C07_HEARTBEAT_INTEGRITY_ATTACK,425,1.2320120650384392,1.3472254576046552,1.7423281713846441,0.007397800735426916,0.7656740303747236,False,2,57
C07_HEARTBEAT_INTEGRITY_ATTACK,426,1.21041777479469,1.3264411579061883,1.7117892332521132,0.007450214063073418,0.7710988215065345,False,2,57
C07_HEARTBEAT_INTEGRITY_ATTACK,427,1.1886886792788465,1.30545127660833,1.681059651675507,0.00749779904941622,0.7760238782337237,False,2,57
C07_HEARTBEAT_INTEGRITY_ATTACK,428,1.1668337735863512,1.2842763718710195,1.6501521476407952,0.0075426700912678895,0.7806680410992024,False,2,57
C07_HEARTBEAT_INTEGRITY_ATTACK,429,1.1448664412234029,1.2629370018541959,1.6190856482839562,0.007582666832700765,0.7848077127813701,False,2,57
C07_HEARTBEAT_INTEGRITY_ATTACK,430,1.1227953371207249,1.24141260839792,1.5878723935254007,0.00761856416558997,0.7885230947625792,False,2,57
C07_HEARTBEAT_INTEGRITY_ATTACK,431,1.1006342649633565,1.2197854241419486,1.5565319047237214,0.0076516502737470835,0.7919475143553852,False,2,57
C07_HEARTBEAT_INTEGRITY_ATTACK,432,1.0783880593834392,1.1979732164465247,1.5250710190812624,0.007679953823465932,0.7948769380803798,False,2,57
C07_HEARTBEAT_INTEGRITY_ATTACK,433,1.0560739314819838,1.1760582179514054,1.4935140767704964,0.0077040811997537186,0.7973741269214052,False,2,57
C07_HEARTBEAT_INTEGRITY_ATTACK,434,1.033698672530013,1.153999312336712,1.461870682099009,0.007724094830230881,0.7994455421511363,False,2,57
C07_HEARTBEAT_INTEGRITY_ATTACK,435,1.0112746286958216,1.131837615922323,1.4301582951854468,0.007740659719208808,0.8011600118645068,False,2,57
C07_HEARTBEAT_INTEGRITY_ATTACK,436,0.9888105330112279,1.1095936868681773,1.3983892664018476,0.007754464058560728,0.8025887640742856,False,2,57
C07_HEARTBEAT_INTEGRITY_ATTACK,437,0.9663178290988856,1.0872469670143359,1.3665797794745707,0.00776274305913831,0.8034456424853726,False,2,57
C07_HEARTBEAT_INTEGRITY_ATTACK,438,0.9438072049318813,1.0648385726806773,1.3347449494801096,0.007768262940474436,0.8040169514379891,False,2,57
C07_HEARTBEAT_INTEGRITY_ATTACK,439,0.9212871578663956,1.042327387547323,1.3028967934948192,0.00776895367156567,0.8040884422603896,False,2,57
C07_HEARTBEAT_INTEGRITY_ATTACK,440,0.8987718379003152,1.0197956442540292,1.2710553226376187,0.007766883337916915,0.8038741622647861,False,2,57
C07_HEARTBEAT_INTEGRITY_ATTACK,441,0.8762678188395461,0.9972022264809184,1.2392298336739764,0.0077606690231219405,0.8032309792938933,False,2,57
C07_HEARTBEAT_INTEGRITY_ATTACK,442,0.85378728655537,0.9745882505478684,1.2074375600283282,0.007751006744845445,0.8022309313316471,False,2,57
C07_HEARTBEAT_INTEGRITY_ATTACK,443,0.8313373045899136,0.95193315829494,1.1756884910577485,0.0077378808512765605,0.800872398412123,False,2,57
C07_HEARTBEAT_INTEGRITY_ATTACK,444,0.808930054307645,0.9292986242019508,1.1439998538130758,0.007722009043262106,0.7992296627334551,False,2,57
C07_HEARTBEAT_INTEGRITY_ATTACK,445,0.7865734446983064,0.9066435319490225,1.1123828332948684,0.007701309059211334,0.7970872097553765,False,2,57
C07_HEARTBEAT_INTEGRITY_ATTACK,446,0.7642767683905419,0.8839884396960941,1.0808505712645853,0.007677828476851271,0.7946569642305034,False,2,57
C07_HEARTBEAT_INTEGRITY_ATTACK,447,0.7420504607629184,0.8613333474431657,1.0494178255761233,0.007650194998202448,0.7917968930110942,False,2,57
C07_HEARTBEAT_INTEGRITY_ATTACK,448,0.7199052919631089,0.8387399296700548,1.0180998275183912,0.007620511613843996,0.7887246560923492,False,2,57
C07_HEARTBEAT_INTEGRITY_ATTACK,449,0.6978462370048102,0.816167070056883,0.9869036128232317,0.007587356672680692,0.7852931122680104,False,2,57
C07_HEARTBEAT_INTEGRITY_ATTACK,450,0.6758853523907571,0.7936353267635895,0.9558462319603273,0.007550072567195706,0.7814341990130349,False,2,57
C07_HEARTBEAT_INTEGRITY_ATTACK,451,0.6540302474643592,0.7711652579501134,0.9249384461663284,0.0075106970451840095,0.7773588236798732,False,2,57
C07_HEARTBEAT_INTEGRITY_ATTACK,452,0.6322909086638138,0.7487568636164547,0.8941943783975733,0.007467203033176865,0.7728571837112271,False,2,57
C07_HEARTBEAT_INTEGRITY_ATTACK,453,0.6106749117255386,0.7264307019225524,0.8636247423632493,0.00742162330619992,0.76813967177681,False,2,57
C07_HEARTBEAT_INTEGRITY_ATTACK,454,0.5891894221899862,0.7041662147084677,0.8332396716678457,0.0073725562285360926,0.763061218266477,False,2,57
C07_HEARTBEAT_INTEGRITY_ATTACK,455,0.5678453771861142,0.6820045182940787,0.8030546337474684,0.007320747106322075,0.7576989625320375,False,2,57
C07_HEARTBEAT_INTEGRITY_ATTACK,456,0.5466499262435609,0.6599661708393244,0.773079739563896,0.007266899774943272,0.752125751693269,False,2,57
C07_HEARTBEAT_INTEGRITY_ATTACK,457,0.5256097073951632,0.6380100560243267,0.7433243767131938,0.007208892139862575,0.7461219484910487,False,2,57
C07_HEARTBEAT_INTEGRITY_ATTACK,458,0.5047333241352848,0.6161772901689638,0.7138007123737753,0.0071494613441510846,0.7399708478453015,False,2,57
C07_HEARTBEAT_INTEGRITY_ATTACK,459,0.4840294568816367,0.5944678732732358,0.6845210225100938,0.007086610130233344,0.7334657331503511,False,2,57
C07_HEARTBEAT_INTEGRITY_ATTACK,460,0.4635059028665103,0.5728818053371425,0.6554963340738053,0.0070209687467031965,0.7266718352765933,False,2,57
C07_HEARTBEAT_INTEGRITY_ATTACK,461,0.44317092354645987,0.5514602026805624,0.6267383305288136,0.006953970426295936,0.7197374941326231,False,2,57
C07_HEARTBEAT_INTEGRITY_ATTACK,462,0.4230276242138337,0.530161948983617,0.5982514034216728,0.006884793896156499,0.7125777077942925,False,2,57
C07_HEARTBEAT_INTEGRITY_ATTACK,463,0.40308762586984415,0.5090487187261239,0.5700519873299056,0.006813647738705718,0.7052140645888,False,2,57
C07_HEARTBEAT_INTEGRITY_ATTACK,464,0.3833552821424406,0.48807939558820473,0.5421462392132038,0.006739699358356132,0.6975603906866624,False,2,57
C07_HEARTBEAT_INTEGRITY_ATTACK,465,0.3638410888873732,0.46727453772979866,0.514549002453118,0.006663000789565472,0.6896220716658908,False,2,57
C07_HEARTBEAT_INTEGRITY_ATTACK,466,0.3445517499780956,0.44665470331084484,0.4872697577584066,0.00658556080883112,0.6816070163431565,False,2,57
C07_HEARTBEAT_INTEGRITY_ATTACK,467,0.3254947506317526,0.4262198923313432,0.4603190908246731,0.006506069531139859,0.6733796513266815,False,2,57
C07_HEARTBEAT_INTEGRITY_ATTACK,468,0.30667839566202304,0.405990662951233,0.43370874643205515,0.006425246477594906,0.6650144472115446,False,2,57
C07_HEARTBEAT_INTEGRITY_ATTACK,469,0.28811068993977307,0.38592589885063583,0.40745004517749667,0.006340941293021123,0.6562888417562676,False,2,57
C07_HEARTBEAT_INTEGRITY_ATTACK,470,0.2698024823429448,0.3660872745093692,0.3815583296913201,0.006257279632866998,0.6476298412223267,False,2,57
C07_HEARTBEAT_INTEGRITY_ATTACK,471,0.25176321312594624,0.34645423176749385,0.35604695050934115,0.006170947460623643,0.6386944420899845,False,2,57
C07_HEARTBEAT_INTEGRITY_ATTACK,472,0.23400358786105743,0.32702677062500995,0.3309310475970716,0.0060838355221996395,0.6296783369835778,False,2,57
C07_HEARTBEAT_INTEGRITY_ATTACK,473,0.21653968780111246,0.30778433292197827,0.30623336328036904,0.00599325435410183,0.620303165830161,False,2,57
C07_HEARTBEAT_INTEGRITY_ATTACK,474,0.1993911738705419,0.2887885931382162,0.28198170230521225,0.005903330717602868,0.6109960493442587,False,2,57
C07_HEARTBEAT_INTEGRITY_ATTACK,475,0.18257670952136013,0.27001899311378463,0.25820245877856046,0.005812042236412077,0.6015476711275527,False,2,57
C07_HEARTBEAT_INTEGRITY_ATTACK,476,0.16612329441914472,0.2514960910086227,0.23493381599365318,0.0057207622010205334,0.5921001670529572,False,2,57
C07_HEARTBEAT_INTEGRITY_ATTACK,477,0.1500660918878033,0.23317877050285216,0.2122255024000585,0.005626702117180809,0.582364927342315,False,2,57
C07_HEARTBEAT_INTEGRITY_ATTACK,478,0.13445947150754206,0.21510814791635122,0.19015440819548474,0.005531971520692035,0.5725602894225595,False,2,57
C07_HEARTBEAT_INTEGRITY_ATTACK,479,0.11937443703683483,0.19728422324911993,0.16882094785814492,0.0054371904413047815,0.5627504265115228,False,2,57
C07_HEARTBEAT_INTEGRITY_ATTACK,480,0.10491751345930232,0.17972755466109744,0.1483757704646071,0.005343121855994682,0.5530143068967958,False,2,57
C07_HEARTBEAT_INTEGRITY_ATTACK,481,0.09124939357002011,0.16237646767246627,0.12904612994504272,0.005246219219264164,0.5429848623263194,False,2,57
C07_HEARTBEAT_INTEGRITY_ATTACK,482,0.07863456556304077,0.14531319492298306,0.11120606909056859,0.005150133003811883,0.5330399175407046,False,2,57
C07_HEARTBEAT_INTEGRITY_ATTACK,483,0.0674797412239226,0.12847606193283032,0.09543076522429818,0.005053820885929978,0.5230715918031084,False,2,57
C07_HEARTBEAT_INTEGRITY_ATTACK,484,0.058423301574976536,0.1119267431818255,0.08262302544594523,0.0049570913657205435,0.5130600648312755,False,2,57
C07_HEARTBEAT_INTEGRITY_ATTACK,485,0.05233061361515372,0.09560356419015116,0.07400666350185653,0.0048594905036336965,0.5029583537802856,False,2,57
C07_HEARTBEAT_INTEGRITY_ATTACK,486,0.050063779479287085,0.0797164237708043,0.07080087592326365,0.004761926094303837,0.49286041559779525,False,2,57
C07_HEARTBEAT_INTEGRITY_ATTACK,487,0.0519041652883315,0.09262694821258198,0.07340357449441323,0.004664240462653775,0.4827499308780568,False,2,57
C07_HEARTBEAT_INTEGRITY_ATTACK,488,0.05726551465556576,0.10529077473509002,0.08098566748217634,0.004567988937080642,0.4727878764579679,False,2,57
C07_HEARTBEAT_INTEGRITY_ATTACK,489,0.06510749161163426,0.11764622885851102,0.09207589764926569,0.004470571795609508,0.46270518053178694,False,2,57
C07_HEARTBEAT_INTEGRITY_ATTACK,490,0.07451415076183314,0.12979610138254064,0.10537892259609792,0.00437426252916076,0.45273714991816016,False,2,57
C07_HEARTBEAT_INTEGRITY_ATTACK,491,0.0848423866516633,0.1416787178273615,0.11998525386688427,0.004277233386893287,0.44269461199632043,False,2,57
C07_HEARTBEAT_INTEGRITY_ATTACK,492,0.09568783399617807,0.15331463635291273,0.13532303259150036,0.004181657159765288,0.43280245111630966,False,2,57
C07_HEARTBEAT_INTEGRITY_ATTACK,493,0.10679969535473718,0.1647038569591943,0.15103757762798417,0.004086779903118012,0.42298263383735396,False,2,57
C07_HEARTBEAT_INTEGRITY_ATTACK,494,0.11802069529767703,0.17584637964620625,0.16690646793067743,0.003991034042384496,0.41307291584123956,False,2,57
C07_HEARTBEAT_INTEGRITY_ATTACK,495,0.1292484344266591,0.18674220441394856,0.18278488888167094,0.0038975680621455315,0.4033991659861264,False,2,57
C07_HEARTBEAT_INTEGRITY_ATTACK,496,0.1404214389478451,0.1974324475822995,0.19858590340798807,0.0038052762458702354,0.3938469423638134,False,2,57
C07_HEARTBEAT_INTEGRITY_ATTACK,497,0.15149035189970292,0.20785543467144166,0.21423971022523264,0.003713154479369348,0.38431231893117734,False,2,57
C07_HEARTBEAT_INTEGRITY_ATTACK,498,0.16242537006563396,0.21805228200125334,0.22970416122028844,0.003621626428105622,0.37483914515835104,False,2,57
C07_HEARTBEAT_INTEGRITY_ATTACK,499,0.17320477820813543,0.2280229895717345,0.244948546409769,0.0035307037945439216,0.36542863225306477,False,2,57
C07_HEARTBEAT_INTEGRITY_ATTACK,500,0.1838150753199722,0.2377881155428243,0.25995377248613666,0.003443406755678168,0.3563933692095458,False,2,57
C07_HEARTBEAT_INTEGRITY_ATTACK,501,0.19424329812686564,0.24728598543470534,0.27470150661109377,0.0033540177971637195,0.3471415920146026,False,2,57
C07_HEARTBEAT_INTEGRITY_ATTACK,502,0.2044855312364125,0.2566193900470733,0.28918621158360175,0.0032678970272284873,0.33822807306842373,False,2,57
C07_HEARTBEAT_INTEGRITY_ATTACK,503,0.21453415823207625,0.2657060967401716,0.3033971161640978,0.0031819199228651975,0.3293294235410667,False,2,57
C07_HEARTBEAT_INTEGRITY_ATTACK,504,0.22439069480432536,0.2746283381537568,0.3173363638625989,0.003098494140822474,0.32069483644440183,False,2,57
C07_HEARTBEAT_INTEGRITY_ATTACK,505,0.23405327640543686,0.28334499796795065,0.3310013178104275,0.003016485864067399,0.31220696146198373,False,2,57
C07_HEARTBEAT_INTEGRITY_ATTACK,506,0.24352091873244913,0.2918560761827531,0.3443905859929859,0.002935934572918966,0.30386988481565674,False,2,57
C07_HEARTBEAT_INTEGRITY_ATTACK,507,0.25279332355352396,0.30016157279816424,0.35750374664676354,0.0028552606167652206,0.29552011231385017,False,2,57
C07_HEARTBEAT_INTEGRITY_ATTACK,508,0.26187218535581225,0.30830260413406224,0.3703431961384707,0.002778090561373681,0.2875329943244561,False,2,57
C07_HEARTBEAT_INTEGRITY_ATTACK,509,0.27075929078392025,0.3162380538705689,0.3829114611651406,0.0027017033893788475,0.2796269049416855,False,2,57
C07_HEARTBEAT_INTEGRITY_ATTACK,510,0.279462106493709,0.32405015464744075,0.39521910117275744,0.0026285142936145027,0.2720518171639078,False,2,57
C07_HEARTBEAT_INTEGRITY_ATTACK,511,0.28798010537625,0.33165667382492126,0.40726537071672586,0.0025554032853777266,0.264484811462695,False,2,57
C07_HEARTBEAT_INTEGRITY_ATTACK,512,0.2963175654702322,0.33911928588282775,0.4190563198573799,0.002486607953469293,0.25736447922651484,False,2,57
C07_HEARTBEAT_INTEGRITY_ATTACK,513,0.30448096195734503,0.3464174326612212,0.4306011058844838,0.0024175885052600972,0.25022095090309016,False,2,57
C07_HEARTBEAT_INTEGRITY_ATTACK,514,0.31247177078533844,0.35357167232004066,0.44190181610336265,0.0023521894595091722,0.24345213504367216,False,2,57
C07_HEARTBEAT_INTEGRITY_ATTACK,515,0.3202951916401662,0.36056144669934703,0.4529658039804126,0.002286660206680232,0.2366698427225634,False,2,57
C07_HEARTBEAT_INTEGRITY_ATTACK,516,0.32795459982373387,0.3674278721190186,0.4637978429133655,0.0022238232381040332,0.23016620242364802,False,2,57
C07_HEARTBEAT_INTEGRITY_ATTACK,517,0.33545426430983905,0.37415039041911624,0.4744039701428633,0.0021631547508182743,0.2238870004231978,False,2,57
C07_HEARTBEAT_INTEGRITY_ATTACK,518,0.34280035727521546,0.380749559759579,0.4847929144449522,0.0021053150006639042,0.21790057334839397,False,2,57
C07_HEARTBEAT_INTEGRITY_ATTACK,519,0.35000088884668473,0.38724593830034615,0.49497600384961965,0.002049363543252772,0.2121095849947655,False,2,57
C07_HEARTBEAT_INTEGRITY_ATTACK,520,0.35705891933053435,0.39361896788147843,0.5049575662835226,0.0019963687588020183,0.20662461295369217,False,2,57
C07_HEARTBEAT_INTEGRITY_ATTACK,521,0.36398234084585285,0.39988920666291505,0.5147487628885117,0.0019437778094995473,0.2068628780845008,False,2,57
C07_HEARTBEAT_INTEGRITY_ATTACK,522,0.3707748568205551,0.40607721280459513,0.5243548311025715,0.0018954537976716142,0.21006393662457673,False,2,57
C07_HEARTBEAT_INTEGRITY_ATTACK,523,0.3774442178749411,0.4121624281465795,0.533786731958047,0.0018484723618980463,0.21321182143475104,False,2,57
C07_HEARTBEAT_INTEGRITY_ATTACK,524,0.38399545050032646,0.4181654108488073,0.5430515739871281,0.0018042884180992052,0.21631716726100408,False,2,57
C07_HEARTBEAT_INTEGRITY_ATTACK,525,0.39043316434492015,0.4240656027513395,0.5521558762168296,0.0017615505593643126,0.21936933935735553,False,2,57
C07_HEARTBEAT_INTEGRITY_ATTACK,526,0.3967659859642338,0.4299246783339934,0.5611118384389525,0.0017229521862095704,0.22240024196174635,False,2,57
C07_HEARTBEAT_INTEGRITY_ATTACK,527,0.40299837842877184,0.4356809631169516,0.5699257723883341,0.001685128095052301,0.22537797083623556,False,2,57
C07_HEARTBEAT_INTEGRITY_ATTACK,528,0.4091372650629759,0.4413961315800315,0.5786074691242964,0.00165076304744471,0.22833443021876415,False,2,57
C07_HEARTBEAT_INTEGRITY_ATTACK,529,0.41519100569116485,0.44707018372323315,0.5871687512237702,0.0016191490875416884,0.23126962010933208,False,2,57
C07_HEARTBEAT_INTEGRITY_ATTACK,530,0.42116262856428816,0.45266200322667827,0.5956139012803185,0.0015882888879912144,0.23416227101597878,False,2,57
C07_HEARTBEAT_INTEGRITY_ATTACK,531,0.42706095053934456,0.4582538227301234,0.6039553882126867,0.0015615324112098268,0.23705492192262545,False,2,57
C07_HEARTBEAT_INTEGRITY_ATTACK,532,0.4328907043138559,0.4637839677537511,0.6121999050658963,0.0015362503128547797,0.23991566859133115,False,2,57
C07_HEARTBEAT_INTEGRITY_ATTACK,533,0.4386568619257787,0.4692729964575005,0.6203544833634583,0.0015123415912503058,0.24275514576807622,False,2,57
C07_HEARTBEAT_INTEGRITY_ATTACK,534,0.44436826964812765,0.47478258332118906,0.6284316336246467,0.001492563027182054,0.24560525769080163,False,2,57
C07_HEARTBEAT_INTEGRITY_ATTACK,535,0.4500297320181201,0.48025105386499933,0.6364381504911549,0.001474239592064708,0.2484341001215664,False,2,57
C07_HEARTBEAT_INTEGRITY_ATTACK,536,0.4556462710067684,0.4856989662488705,0.6443811361024986,0.0014587947896848032,0.2512523078063508,False,2,57
C07_HEARTBEAT_INTEGRITY_ATTACK,537,0.4612280805014944,0.49116743679268077,0.652275006792523,0.0014453580642333486,0.2540811502371156,False,2,57
C07_HEARTBEAT_INTEGRITY_ATTACK,538,0.46677686343997005,0.4966153491765519,0.6601221708787798,0.001434827200672519,0.2568993579219,False,2,57
C07_HEARTBEAT_INTEGRITY_ATTACK,539,0.47230450872806684,0.5021043778803014,0.667939441813194,0.0014270551780559634,0.2597388350986451,False,2,57
C07_HEARTBEAT_INTEGRITY_ATTACK,540,0.4778143911789137,0.5075934065840508,0.6757315923022632,0.0014206981478425433,0.2625783122753902,False,2,57
C07_HEARTBEAT_INTEGRITY_ATTACK,541,0.4833134885913649,0.5131235516076785,0.6835084904437624,0.001418583997843891,0.2654390589440959,False,2,57
C07_HEARTBEAT_INTEGRITY_ATTACK,542,0.48880641892673427,0.518633138471367,0.6912766670212123,0.0014157676954812438,0.2682891708668213,False,2,57
C07_HEARTBEAT_INTEGRITY_ATTACK,543,0.494298684075583,0.524204399814873,0.6990439028828632,0.0014171765462543875,0.2711711870274876,False,2,57
C07_HEARTBEAT_INTEGRITY_ATTACK,544,0.4997986692908012,0.5298167774782573,0.7068220565670764,0.0014213947200933457,0.27407447268011464,False,2,57
C07_HEARTBEAT_INTEGRITY_ATTACK,545,0.5053149019260782,0.5354908296214589,0.7146231875730903,0.001427058886110665,0.27700966257068255,False,2,57
C07_HEARTBEAT_INTEGRITY_ATTACK,546,0.5108456003801412,0.5411648817646606,0.722444776336222,0.0014340707356906685,0.27994485246125056,False,2,57
C07_HEARTBEAT_INTEGRITY_ATTACK,547,0.5163992262007931,0.5469006083876796,0.7302987892921333,0.0014438814268045613,0.28291194658975943,False,2,57
C07_HEARTBEAT_INTEGRITY_ATTACK,548,0.5219843754893183,0.5527185676504552,0.7381973831638441,0.0014558600048229175,0.2859215797021896,False,2,57
C07_HEARTBEAT_INTEGRITY_ATTACK,549,0.5276045519368444,0.5585982013930483,0.7461455129188653,0.0014705979291489606,0.2889631170525607,False,2,57
C07_HEARTBEAT_INTEGRITY_ATTACK,550,0.5332645997539145,0.5645189514555196,0.7541500293054461,0.0014853392473292404,0.2920259238948925,False,2,57
C07_HEARTBEAT_INTEGRITY_ATTACK,551,0.538968155465992,0.5705219341577474,0.7622160751472166,0.0015028759557436792,0.29513126972114556,False,2,57
C07_HEARTBEAT_INTEGRITY_ATTACK,552,0.5447238228458994,0.576627707659671,0.7703558180163901,0.0015226178663004161,0.2982897892773002,False,2,57
C07_HEARTBEAT_INTEGRITY_ATTACK,553,0.5505314833841192,0.5827745974814728,0.7785690903151995,0.001544233717328257,0.3014695783254155,False,2,57
C07_HEARTBEAT_INTEGRITY_ATTACK,554,0.5564012519635664,0.5890242781029702,0.7868701966482452,0.001567362213062398,0.3047025411034323,False,2,57
C07_HEARTBEAT_INTEGRITY_ATTACK,555,0.5623367510759735,0.5953767495241633,0.7952642599924648,0.001592628876054635,0.3079886776113508,False,2,57
C07_HEARTBEAT_INTEGRITY_ATTACK,556,0.5683395349207611,0.6017908954251739,0.8037534783177575,0.0016178541817933908,0.31130671835721024,False,2,57
C07_HEARTBEAT_INTEGRITY_ATTACK,557,0.5744149868392494,0.6083283902858193,0.8123454648184294,0.0016472002380693424,0.31468856757895153,False,2,57
C07_HEARTBEAT_INTEGRITY_ATTACK,558,0.5805677824049342,0.6149275596262821,0.8210468317539299,0.001676430308614261,0.31810232103863384,False,2,57
C07_HEARTBEAT_INTEGRITY_ATTACK,559,0.586805014741989,0.6216706360863189,0.8298676103166648,0.0017079599416412112,0.3215905177201784,False,2,57
C07_HEARTBEAT_INTEGRITY_ATTACK,560,0.5931248463988756,0.628475387026173,0.8388052019577488,0.00173932874361253,0.32511061863966384,False,2,57
C07_HEARTBEAT_INTEGRITY_ATTACK,561,0.5995325013142893,0.635403486925662,0.8478669944421333,0.001773439683132536,0.3286945280350312,False,2,57
C07_HEARTBEAT_INTEGRITY_ATTACK,562,0.6060347445724416,0.6424549357847857,0.8570625550436612,0.0018090057016252102,0.3323422459062805,False,2,57
C07_HEARTBEAT_INTEGRITY_ATTACK,563,0.6126332605382846,0.6496091754436053,0.866394265814092,0.001844617485046691,0.3360431375074314,False,2,57
C07_HEARTBEAT_INTEGRITY_ATTACK,564,0.6193263029783678,0.6568456477421812,0.8758596572063962,0.0018813587821509558,0.3397865680925035,False,2,57
C07_HEARTBEAT_INTEGRITY_ATTACK,565,0.6261205626921074,0.6642054690003921,0.8854681914398519,0.001918888805522534,0.3435938071534576,False,2,57
C07_HEARTBEAT_INTEGRITY_ATTACK,566,0.6330196912391617,0.6717091973781769,0.8952250325996515,0.001957957082037433,0.34747548943627393,False,2,57
C07_HEARTBEAT_INTEGRITY_ATTACK,567,0.640021848084383,0.6792951583957183,0.9051275777760271,0.0019974668071924342,0.3513997107030115,False,2,57
C07_HEARTBEAT_INTEGRITY_ATTACK,568,0.6471338538490315,0.6870250265328336,0.9151854727840687,0.0020378623460305893,0.3553983751916113,False,2,57
C07_HEARTBEAT_INTEGRITY_ATTACK,569,0.6543540370853338,0.6948576854696445,0.9253963538396662,0.0020794357931304148,0.35945021341011274,False,2,57
C07_HEARTBEAT_INTEGRITY_ATTACK,570,0.6616873414607941,0.7028136933660903,0.9357672123444523,0.002120478558637686,0.36356586010449604,False,2,57
C07_HEARTBEAT_INTEGRITY_ATTACK,571,0.6691322865769056,0.710893050222171,0.9462959546987804,0.0021634516449085405,0.3677453152747613,False,2,57
C07_HEARTBEAT_INTEGRITY_ATTACK,572,0.6766937759879315,0.7190957560378863,0.9569895155755938,0.002206479928889621,0.37198857892090836,False,2,57
C07_HEARTBEAT_INTEGRITY_ATTACK,573,0.6843700624597505,0.7274012526532975,0.9678454240127013,0.0022488001796771,0.3762850162969571,False,2,57
C07_HEARTBEAT_INTEGRITY_ATTACK,574,0.6921612395026691,0.7358300982283434,0.9788638122536467,0.002291800745004745,0.3806452621488878,False,2,57
C07_HEARTBEAT_INTEGRITY_ATTACK,575,0.7000689903262552,0.7443822927630241,0.9900470607162293,0.0023360830517634725,0.3850693164767003,False,2,57
C07_HEARTBEAT_INTEGRITY_ATTACK,576,0.7080947460052908,0.7530372780974006,1.001397193245814,0.002379639130919041,0.38954654453441445,False,2,57
C07_HEARTBEAT_INTEGRITY_ATTACK,577,0.7162403854825256,0.761836170551351,1.0129168670687214,0.0024233753234177064,0.39409821581399085,False,2,57
C07_HEARTBEAT_INTEGRITY_ATTACK,578,0.724500712072222,0.770717295645058,1.024598732961501,0.0024668766673852107,0.3986924260774885,False,2,57
C07_HEARTBEAT_INTEGRITY_ATTACK,579,0.7328789979389287,0.7797217696983997,1.0364474184636365,0.002509801058491412,0.40335044481686805,False,2,57
C07_HEARTBEAT_INTEGRITY_ATTACK,580,0.7413737136940497,0.7888495927113763,1.0484607606930332,0.002553396717064768,0.4080722720321296,False,2,57
C07_HEARTBEAT_INTEGRITY_ATTACK,581,0.7499828775583757,0.7980596483641094,1.0606359569906552,0.0025955324511101607,0.4128366382313123,False,2,57
C07_HEARTBEAT_INTEGRITY_ATTACK,582,0.7587065887625625,0.8073930529764773,1.0729731476898423,0.002637729339805018,0.41766481290637697,False,2,57
C07_HEARTBEAT_INTEGRITY_ATTACK,583,0.7675431229008948,0.816829248388541,1.0854698941126448,0.0026792379092351356,0.42254616131134326,False,2,57
C07_HEARTBEAT_INTEGRITY_ATTACK,584,0.7764907758066745,0.8263682346003003,1.0981237862034054,0.002720696683171363,0.4274806834462111,False,2,57
C07_HEARTBEAT_INTEGRITY_ATTACK,585,0.7855476265465647,0.8359894534518161,1.110932107352147,0.0027607375376247838,0.4324577445650002,False,2,57
C07_HEARTBEAT_INTEGRITY_ATTACK,586,0.794713836554716,0.8457340212629668,1.1238950858612344,0.0028008634416793,0.4374986141596713,False,2,57
C07_HEARTBEAT_INTEGRITY_ATTACK,587,0.8039859195497338,0.855560821713874,1.1370077913842376,0.002840223093364442,0.4425820227382636,False,2,57
C07_HEARTBEAT_INTEGRITY_ATTACK,588,0.8133620162316929,0.8654698548045378,1.1502675944739857,0.0028775607347583864,0.44770797030077714,False,2,57
C08_SEQUENCE_GATEWAY_ATTACK,0,0.0995181222396125,0.1738316799721709,0.14073987817316352,0.009878426078661845,1.0224193081041815,True,2,57
C08_SEQUENCE_GATEWAY_ATTACK,1,0.10824429860271077,0.20156463773006592,0.15308055513351662,0.009851501044939651,1.0196325610930972,True,2,57
C08_SEQUENCE_GATEWAY_ATTACK,2,0.1229078145756462,0.22917424652832613,0.17381789829451644,0.009821118440573342,1.016487954747183,True,2,57
C08_SEQUENCE_GATEWAY_ATTACK,3,0.14162371189786735,0.2566399482070124,0.20028617411958388,0.009786586400144223,1.0129138808408924,True,2,57
C08_SEQUENCE_GATEWAY_ATTACK,4,0.16294460692271945,0.28392062644624644,0.23043847302566275,0.009747240839334922,1.0088416064988783,True,2,57
C08_SEQUENCE_GATEWAY_ATTACK,5,0.1859230355216163,0.3110368394059674,0.2629348783922445,0.009703739808095102,1.0043392400380808,True,2,57
C08_SEQUENCE_GATEWAY_ATTACK,6,0.20996142564775025,0.3379680289262361,0.2969302957262386,0.009656097837705956,0.9994082854493525,False,2,57
C08_SEQUENCE_GATEWAY_ATTACK,7,0.2346793803751137,0.3646936368471135,0.3318867625358002,0.009604334296370925,0.9940507473460808,False,2,57
C08_SEQUENCE_GATEWAY_ATTACK,8,0.25983279078634736,0.39123422132853863,0.3674590566793034,0.00954838381550167,0.988259860064755,False,2,57
C08_SEQUENCE_GATEWAY_ATTACK,9,0.285250381460063,0.4175281078906941,0.40340495813291993,0.009487641340550005,0.9819730003243387,False,2,57
C08_SEQUENCE_GATEWAY_ATTACK,10,0.31081577553013245,0.4435958546935191,0.43955988515422484,0.009423465941919871,0.9753308322155483,False,2,57
C08_SEQUENCE_GATEWAY_ATTACK,11,0.33644853258203283,0.46945801989695274,0.47581007781803697,0.009355058423363547,0.9682506387480323,False,2,57
C08_SEQUENCE_GATEWAY_ATTACK,12,0.3620809451961603,0.4950529290211776,0.5120597833732793,0.009283275516777215,0.9608210918646237,False,2,57
C08_SEQUENCE_GATEWAY_ATTACK,13,0.3876661336398397,0.5204011402261328,0.5482427038662021,0.009207311256903872,0.9529587739809968,False,2,57
C08_SEQUENCE_GATEWAY_ATTACK,14,0.4131613715546579,0.5454615371919401,0.5842984151012667,0.009126531278114816,0.9445980281127273,False,2,57
C08_SEQUENCE_GATEWAY_ATTACK,15,0.4385326589741022,0.5702341199185995,0.6201788338647107,0.009042351634914531,0.9358854162176803,False,2,57
C08_SEQUENCE_GATEWAY_ATTACK,16,0.4637581317294954,0.5947600047259892,0.6558530395526608,0.008955325898599988,0.9268782330488788,False,2,57
C08_SEQUENCE_GATEWAY_ATTACK,17,0.4888078703785561,0.6189364008144137,0.6912787196840638,0.008862877163360715,0.9173097682787049,False,2,57
C08_SEQUENCE_GATEWAY_ATTACK,18,0.5136653912899566,0.6428455408236293,0.7264325628839393,0.008768301770462665,0.9075211939652952,False,2,57
C08_SEQUENCE_GATEWAY_ATTACK,19,0.5383133260299386,0.666446308433758,0.7612900064777088,0.00866953129767885,0.8972984279456268,False,2,57
C08_SEQUENCE_GATEWAY_ATTACK,20,0.562735143972725,0.6897387036447996,0.7958276726302038,0.008568731314711718,0.8868656071681563,False,2,57
C08_SEQUENCE_GATEWAY_ATTACK,21,0.586911184343721,0.7126404938169976,0.830017756807346,0.008462551336111413,0.8758759556396057,False,2,57
C08_SEQUENCE_GATEWAY_ATTACK,22,0.6108326770809895,0.7352544697500476,0.8638478562686006,0.008353411800943851,0.8645799893445432,False,2,57
C08_SEQUENCE_GATEWAY_ATTACK,23,0.6344821841749176,0.7574983988041932,0.8972933099442725,0.00824092604718709,0.8529376886772345,False,2,57
C08_SEQUENCE_GATEWAY_ATTACK,24,0.6578492418222796,0.7793928391393735,0.9303393197819256,0.008124946629471046,0.8409337930089048,False,2,57
C08_SEQUENCE_GATEWAY_ATTACK,25,0.6809228723765001,0.8009377907555885,0.9629703610448905,0.008006922594113224,0.8287182789574442,False,2,57
C08_SEQUENCE_GATEWAY_ATTACK,26,0.7036913795132093,0.8220921373329599,0.9951698926326132,0.007885551582890123,0.8161563521554939,False,2,57
C08_SEQUENCE_GATEWAY_ATTACK,27,0.7261457858560436,0.8428764370314268,1.026925218617686,0.007759908041028349,0.8031522174770397,False,2,57
C08_SEQUENCE_GATEWAY_ATTACK,28,0.748274892656415,0.8632906898509893,1.058220501577974,0.007633709042662226,0.7900905929261769,False,2,57
C08_SEQUENCE_GATEWAY_ATTACK,29,0.7700728174753062,0.8833143376317082,1.089047422488439,0.007503276922887817,0.7765908393629678,False,2,57
C08_SEQUENCE_GATEWAY_ATTACK,30,0.7915285482816863,0.9029473803735835,1.119390407985448,0.007370057921282013,0.7628026429070212,False,2,57
C08_SEQUENCE_GATEWAY_ATTACK,31,0.8126322853772411,0.922169259916676,1.1492355992027377,0.00723337278760391,0.748655701006513,False,2,57
C08_SEQUENCE_GATEWAY_ATTACK,32,0.8333745962084803,0.9409799762609858,1.1785696564952346,0.00709623822777385,0.734462243398779,False,2,57
C08_SEQUENCE_GATEWAY_ATTACK,33,0.8537539978365426,0.9594000875664521,1.2073904826706887,0.006955412366080656,0.7198867352227807,False,2,57
C08_SEQUENCE_GATEWAY_ATTACK,34,0.8737581552576345,0.9773884775131965,1.235680633399443,0.006812675244287326,0.7051134111990323,False,2,57
C08_SEQUENCE_GATEWAY_ATTACK,35,0.8933846504896645,0.9949862624210972,1.263436689138431,0.006668444587781254,0.6901855059985383,False,2,57
C08_SEQUENCE_GATEWAY_ATTACK,36,0.9126240154300321,1.012131767810337,1.290645259968544,0.006520844245253782,0.6749088375413178,False,2,57
C08_SEQUENCE_GATEWAY_ATTACK,37,0.9314670617471182,1.0288249936809157,1.317293351626592,0.006371377773955598,0.6594390243390345,False,2,57
C08_SEQUENCE_GATEWAY_ATTACK,38,0.9499115714287688,1.0451070563527118,1.343377827369704,0.006220432187078415,0.6438161223435727,False,2,57
C08_SEQUENCE_GATEWAY_ATTACK,39,0.9679520405634017,1.060957397665786,1.368890903491475,0.006067361575138042,0.6279732797788834,False,2,57
C08_SEQUENCE_GATEWAY_ATTACK,40,0.9855812199702526,1.0763554594601992,1.393822328102152,0.00591230698331069,0.6119250948522446,False,2,57
C08_SEQUENCE_GATEWAY_ATTACK,41,1.002795390635551,1.0913217998958906,1.4181668417220217,0.005755815136906435,0.5957281537555047,False,2,57
C08_SEQUENCE_GATEWAY_ATTACK,42,1.0195909144283817,1.10585641897286,1.4419192992570031,0.005598648403067605,0.5794613616583716,False,2,57
C08_SEQUENCE_GATEWAY_ATTACK,43,1.0359601898124102,1.1198976422112903,1.4650689505113164,0.005439028305942998,0.5793235865532007,False,2,57
C08_SEQUENCE_GATEWAY_ATTACK,44,1.0519031924152267,1.1335277022509376,1.487615761017169,0.005278416863752383,0.5863744231381519,False,2,57
C08_SEQUENCE_GATEWAY_ATTACK,45,1.067412826373112,1.146684924611985,1.5095496957078527,0.005116666881450242,0.593180660565556,False,2,57
C08_SEQUENCE_GATEWAY_ATTACK,46,1.0824852062972312,1.1593693092944322,1.530865259813782,0.004952107919596783,0.5997422988354125,False,2,57
C08_SEQUENCE_GATEWAY_ATTACK,47,1.09711892472017,1.1716425307780967,1.5515604628754511,0.004788841581434507,0.6060912421856628,False,2,57
C08_SEQUENCE_GATEWAY_ATTACK,48,1.1113099244443139,1.1834223564232218,1.5716295671489682,0.00462465021502666,0.6121849516323853,False,2,57
C08_SEQUENCE_GATEWAY_ATTACK,49,1.125059723014104,1.194770460709625,1.5910747187662637,0.004459526648040585,0.6180553314135212,False,2,57
C08_SEQUENCE_GATEWAY_ATTACK,50,1.1383630581066617,1.2056457273174281,1.6098884756789527,0.00429315864558912,0.6236811120371097,False,2,57
C08_SEQUENCE_GATEWAY_ATTACK,51,1.1512181209209118,1.2160687144065705,1.6280682798560233,0.004126910394420184,0.6290729282491313,False,2,57
C08_SEQUENCE_GATEWAY_ATTACK,52,1.1636229029259482,1.2260188638171123,1.6456112908058274,0.003959395099404276,0.6342201453036055,False,2,57
C08_SEQUENCE_GATEWAY_ATTACK,53,1.1755774556658152,1.2355372918689327,1.6625175814226516,0.0037916300025647317,0.6391440326924931,False,2,57
C08_SEQUENCE_GATEWAY_ATTACK,54,1.1870764230655773,1.2445623240822135,1.6787795770726812,0.003624649208346607,0.6438126861778529,False,2,57
C08_SEQUENCE_GATEWAY_ATTACK,55,1.198124698807869,1.2531556349367725,1.694404198468268,0.00345655674857884,0.6482580099976262,False,2,57
C08_SEQUENCE_GATEWAY_ATTACK,56,1.2087207292423345,1.2613172244326096,1.7093892484160074,0.003289951639159603,0.6524800041518126,False,2,57
C08_SEQUENCE_GATEWAY_ATTACK,57,1.218864207196837,1.2690059762498467,1.723734292508897,0.0031239283901157455,0.6564573991484518,False,2,57
C08_SEQUENCE_GATEWAY_ATTACK,58,1.2285566415910552,1.2762424485484227,1.737441464681612,0.00295630881036386,0.660200829733524,False,2,57
C08_SEQUENCE_GATEWAY_ATTACK,59,1.2377929097352043,1.2830060831683987,1.7505035203567822,0.002790239949307472,0.6636996611610488,False,2,57
C08_SEQUENCE_GATEWAY_ATTACK,60,1.2465779640026486,1.2893379964296527,1.7629274632479854,0.002623994005468943,0.666975162922987,False,2,57
C08_SEQUENCE_GATEWAY_ATTACK,61,1.2549118479921746,1.2952381883321848,1.774713355013217,0.0024594659879242217,0.6700273350193384,False,2,57
C08_SEQUENCE_GATEWAY_ATTACK,62,1.2627978575178214,1.300706658875995,1.7858658566373904,0.002295842838683041,0.6728561774501032,False,2,57
C08_SEQUENCE_GATEWAY_ATTACK,63,1.2702341156888817,1.3057022917412053,1.7963823137962114,0.0021334194320616006,0.6754404207233207,False,2,57
C08_SEQUENCE_GATEWAY_ATTACK,64,1.2772256928790255,1.3102867614076326,1.8062698970808913,0.001971577321038132,0.6778119690769316,False,2,57
C08_SEQUENCE_GATEWAY_ATTACK,65,1.283772580836963,1.3144395097153383,1.8155285948223439,0.00181314513549728,0.679960187764956,False,2,57
C08_SEQUENCE_GATEWAY_ATTACK,66,1.289879719637966,1.3181605366643219,1.8241653933420172,0.0016554594750232202,0.6818850767873936,False,2,57
C08_SEQUENCE_GATEWAY_ATTACK,67,1.2955470830830726,1.3214498422545837,1.8321802555889843,0.0014987559861538542,0.6835866361442446,False,2,57
C08_SEQUENCE_GATEWAY_ATTACK,68,1.3007763836803712,1.324327984646063,1.8395756034154098,0.0013459174339272668,0.6850755005814894,False,2,57
C08_SEQUENCE_GATEWAY_ATTACK,69,1.3055726429552246,1.3267949638387593,1.846358538330565,0.0011966601056366212,0.6863516700991276,False,2,57
C08_SEQUENCE_GATEWAY_ATTACK,70,1.3099392072402354,1.328850779832673,1.8525337927634014,0.0010533331968669575,0.6874151446971595,False,2,57
C08_SEQUENCE_GATEWAY_ATTACK,71,1.3138810894565525,1.3304954326278038,1.8581084560549943,0.0009153689950042006,0.6882659243755849,False,2,57
C08_SEQUENCE_GATEWAY_ATTACK,72,1.317401685650094,1.331749480384091,1.86308733093954,0.0007851806365860321,0.6889146438803843,False,2,57
C08_SEQUENCE_GATEWAY_ATTACK,73,1.320502646180332,1.3325923649415956,1.867472751377786,0.0006670168946795471,0.6893506684655774,False,2,57
C08_SEQUENCE_GATEWAY_ATTACK,74,1.3231890733131444,1.333065202620196,1.8712719330633365,0.0005699631516309667,0.6895952676231247,False,2,57
C08_SEQUENCE_GATEWAY_ATTACK,75,1.3254694234133482,1.3331679934198915,1.8744968351020033,0.0004997314346429343,0.6896484413530263,False,2,57
C08_SEQUENCE_GATEWAY_ATTACK,76,1.3273453608543053,1.3331679934198915,1.8771498112731684,0.00047012096847302316,0.6896484413530263,False,2,57
C08_SEQUENCE_GATEWAY_ATTACK,77,1.328821958346972,1.3331679934198915,1.879238035473464,0.0004864690827860028,0.6896484413530263,False,2,57
C08_SEQUENCE_GATEWAY_ATTACK,78,1.3299042860544534,1.3331679934198915,1.8807686779963162,0.0005435150426624956,0.6900933457550746,False,2,57
C08_SEQUENCE_GATEWAY_ATTACK,79,1.3305974174355215,1.3331679934198915,1.8817489137959291,0.0006288324894486492,0.6904530147619534,False,2,57
C08_SEQUENCE_GATEWAY_ATTACK,80,1.3309081491793942,1.3331679934198915,1.8821883548423737,0.0007296506388979059,0.6906142548684859,False,2,57
C08_SEQUENCE_GATEWAY_ATTACK,81,1.3308432670591817,1.3331679934198915,1.8820965976680137,0.0008395021646067386,0.6905805872430134,False,2,57
C08_SEQUENCE_GATEWAY_ATTACK,82,1.3304078494034244,1.3331679934198915,1.8814808241139451,0.0009555744969572629,0.6903546470531718,False,2,57
C08_SEQUENCE_GATEWAY_ATTACK,83,1.329606985552578,1.3331679934198915,1.8803482315944637,0.0010754129940909148,0.6899390751807294,False,2,57
C08_SEQUENCE_GATEWAY_ATTACK,84,1.3284491619913459,1.3331679934198915,1.878710821811334,0.001194327641628152,0.6896484413530263,False,2,57
C08_SEQUENCE_GATEWAY_ATTACK,85,1.3269411857585027,1.3331679934198915,1.876578221371111,0.0013141962598417823,0.6896484413530263,False,2,57
C08_SEQUENCE_GATEWAY_ATTACK,86,1.3250881359902709,1.3331679934198915,1.8739576132571254,0.0014335661043167838,0.6896484413530263,False,2,57
C08_SEQUENCE_GATEWAY_ATTACK,87,1.3228934028073367,1.3328801791807436,1.8708537918240293,0.001552831683427679,0.6894995549093019,False,2,57
C08_SEQUENCE_GATEWAY_ATTACK,88,1.3203688779154934,1.3322223180626913,1.8672835744834362,0.0016683628920321331,0.6891592430379317,False,2,57
C08_SEQUENCE_GATEWAY_ATTACK,89,1.3175213605314418,1.3311944100657345,1.863256576779817,0.001782142714818274,0.6886275057389157,False,2,57
C08_SEQUENCE_GATEWAY_ATTACK,90,1.3143576697167558,1.329796455189873,1.8587824423225332,0.0018941291760197594,0.687904343012254,False,2,57
C08_SEQUENCE_GATEWAY_ATTACK,91,1.310886334187112,1.3280695697549856,1.8538732325369633,0.0020042926966834978,0.6870110243499072,False,2,57
C08_SEQUENCE_GATEWAY_ATTACK,92,1.307114113534698,1.3260137537610721,1.8485385069300553,0.002111843923345685,0.6859475497518754,False,2,57
C08_SEQUENCE_GATEWAY_ATTACK,93,1.3030460990138808,1.323608449048193,1.8427854656227851,0.002217268054276808,0.6847032844721781,False,2,57
C08_SEQUENCE_GATEWAY_ATTACK,94,1.2986924996988438,1.3208536556163488,1.8366285464263215,0.0023189095851013,0.6832782285108154,False,2,57
C08_SEQUENCE_GATEWAY_ATTACK,95,1.294061886153597,1.3178110479453566,1.830079869948525,0.0024192189402401695,0.6817042861057283,False,2,57
C08_SEQUENCE_GATEWAY_ATTACK,96,1.2891609662941828,1.3144395097153383,1.8231489226152375,0.0025155849127718654,0.679960187764956,False,2,57
C08_SEQUENCE_GATEWAY_ATTACK,97,1.2839982948838193,1.3107595990862329,1.815847802688626,0.0026094645449941632,0.678056568234479,False,2,57
C08_SEQUENCE_GATEWAY_ATTACK,98,1.2785807155732292,1.3067507578981012,1.8081861885523574,0.002700372677578344,0.6759827927683169,False,2,57
C08_SEQUENCE_GATEWAY_ATTACK,99,1.2729202020438957,1.3024952187907,1.8001810135491776,0.0027889564232213785,0.6737814003503909,False,2,57
C08_SEQUENCE_GATEWAY_ATTACK,100,1.2670217459151214,1.2979518654441509,1.7918393368948025,0.0028742049538200785,0.6714311214887405,False,2,57
C08_SEQUENCE_GATEWAY_ATTACK,101,1.2608938755142483,1.2931206978584537,1.7831732194654228,0.002956200955000568,0.6689319561833655,False,2,57
C08_SEQUENCE_GATEWAY_ATTACK,102,1.2545451652690291,1.2880222741935479,1.774194787333057,0.003035582739409548,0.6662945391802465,False,2,57
C08_SEQUENCE_GATEWAY_ATTACK,103,1.2479857940975194,1.2826771526093725,1.7649184356616687,0.0031114400824459806,0.6635295052253638,False,2,57
C08_SEQUENCE_GATEWAY_ATTACK,104,1.2412209052416139,1.2770647749459882,1.7553514380937005,0.0031848091239459913,0.6606262195727367,False,2,57
C08_SEQUENCE_GATEWAY_ATTACK,105,1.2342624178392996,1.2712262575232736,1.7455106508357454,0.003254619506404917,0.6576059517143263,False,2,57
C08_SEQUENCE_GATEWAY_ATTACK,106,1.2271154606190273,1.265141042181289,1.7354033270051359,0.003321871411478079,0.6544580669041519,False,2,57
C08_SEQUENCE_GATEWAY_ATTACK,107,1.2197902791685853,1.2588502452399133,1.725043956051077,0.0033862984930707798,0.6512038346341744,False,2,57
C08_SEQUENCE_GATEWAY_ATTACK,108,1.2122952783392074,1.252333308539207,1.7144444242281733,0.00344660259075588,0.6478326201584134,False,2,57
C08_SEQUENCE_GATEWAY_ATTACK,109,1.2046373879187053,1.2455902320791703,1.7036145317363323,0.003504339114187784,0.6443444234768688,False,2,57
C08_SEQUENCE_GATEWAY_ATTACK,110,1.1968285391017834,1.2386621321796814,1.69257115183292,0.0035585477414961505,0.6407605140815015,False,2,57
C08_SEQUENCE_GATEWAY_ATTACK,111,1.188873879013466,1.2315490088407401,1.6813215636519538,0.003610765087311648,0.6370808919723112,False,2,57
C08_SEQUENCE_GATEWAY_ATTACK,112,1.1807818847283778,1.2242508620623467,1.6698777555873363,0.003659541234075455,0.6333055571492981,False,2,57
C08_SEQUENCE_GATEWAY_ATTACK,113,1.1725610899694459,1.216767691844501,1.6582517961457695,0.003704919257451761,0.6294345096124621,False,2,57
C08_SEQUENCE_GATEWAY_ATTACK,114,1.1642217339402499,1.2091406145070815,1.6464581657478226,0.0037474842953947817,0.625489018853764,False,2,57
C08_SEQUENCE_GATEWAY_ATTACK,115,1.1557705474378817,1.2013285137302097,1.6345063831780289,0.003785988434100931,0.6214478153812428,False,2,57
C08_SEQUENCE_GATEWAY_ATTACK,116,1.147216254357815,1.193393063993703,1.6224087858876841,0.003823123870674232,0.6173428034328399,False,2,57
C08_SEQUENCE_GATEWAY_ATTACK,117,1.1385671879604142,1.1852931489776832,1.6101771588866145,0.0038554445969022234,0.6131527135165943,False,2,57
C08_SEQUENCE_GATEWAY_ATTACK,118,1.1298320542939635,1.1770698850020287,1.5978238143863783,0.003885728290233914,0.6088988151244669,False,2,57
C08_SEQUENCE_GATEWAY_ATTACK,119,1.1210176773679807,1.1687438302266784,1.585358402993785,0.00391393029950597,0.6045917430024378,False,2,57
C08_SEQUENCE_GATEWAY_ATTACK,120,1.1121307718522693,1.1602738683317542,1.5727904206859376,0.003938033510528718,0.6002102276585465,False,2,57
C08_SEQUENCE_GATEWAY_ATTACK,121,1.1031817061689035,1.1517216737970735,1.560134530625954,0.0039600492487690125,0.595786173330734,False,2,57
C08_SEQUENCE_GATEWAY_ATTACK,122,1.0941755311554258,1.143046130302758,1.5473978757767881,0.00397865595485344,0.5912983105270395,False,2,57
C08_SEQUENCE_GATEWAY_ATTACK,123,1.0851225797366757,1.1342883541686857,1.534595069100887,0.0039944986868105554,0.5867679087394237,False,2,57
C08_SEQUENCE_GATEWAY_ATTACK,124,1.0760296650487617,1.125448345394857,1.5217357458277376,0.0040075890978018645,0.5821949679678867,False,2,57
C08_SEQUENCE_GATEWAY_ATTACK,125,1.0669036586952492,1.116546662141211,1.5088296238722971,0.004018611130792531,0.5775901229584088,False,2,57
C08_SEQUENCE_GATEWAY_ATTACK,126,1.0577513160278995,1.1075833044077474,1.4958862567446451,0.0040268736262570335,0.5729533737109898,False,2,57
C08_SEQUENCE_GATEWAY_ATTACK,127,1.048579449847432,1.0985377140345274,1.482915279199957,0.004031699376771673,0.5682740854796496,False,2,57
C08_SEQUENCE_GATEWAY_ATTACK,128,1.0393951153794518,1.0894715655013683,1.4699266688339687,0.004035835075155006,0.5635841625023291,False,2,57
C08_SEQUENCE_GATEWAY_ATTACK,129,1.0302048878121295,1.0803437424883917,1.4569297243669663,0.004035835075155006,0.5588623352870676,False,2,57
C08_SEQUENCE_GATEWAY_ATTACK,130,1.0210157655690262,1.0711748031555368,1.4439343430644653,0.004033765788247954,0.5541192385798455,False,2,57
C08_SEQUENCE_GATEWAY_ATTACK,131,1.0118362563709877,1.0619853056627429,1.430952556660671,0.004028942512821822,0.549365507126643,False,2,57
C08_SEQUENCE_GATEWAY_ATTACK,132,1.0026698785785482,1.0527752500100098,1.4179893408687672,0.004022732661051113,0.5446011409274604,False,2,57
C08_SEQUENCE_GATEWAY_ATTACK,133,0.9935250638344167,1.0435446361973375,1.4050566198322272,0.004013081482363237,0.5398261399822972,False,2,57
C08_SEQUENCE_GATEWAY_ATTACK,134,0.9844054441153128,1.0343140223846652,1.3921595299417853,0.00400272502572013,0.5350511390371342,False,2,57
C08_SEQUENCE_GATEWAY_ATTACK,135,0.9753177485728548,1.025083408571993,1.3793075876549237,0.003989618655164564,0.5302761380919712,False,2,57
C08_SEQUENCE_GATEWAY_ATTACK,136,0.9662671437474105,1.0158527947593208,1.366508099563101,0.003974432798584955,0.525501137146808,False,2,57
C08_SEQUENCE_GATEWAY_ATTACK,137,0.9572588462398578,1.0066427391065875,1.353768443054028,0.003957864132361413,0.5207367709476253,False,2,57
C08_SEQUENCE_GATEWAY_ATTACK,138,0.9482995540351643,0.9974532416137937,1.3410980905088872,0.003938558785015477,0.5159830394944229,False,2,57
C08_SEQUENCE_GATEWAY_ATTACK,139,0.9393927799424303,0.9882637441209996,1.3285020097899494,0.00391713684168648,0.5112293080412204,False,2,57
C08_SEQUENCE_GATEWAY_ATTACK,140,0.9305455152825455,0.979135921108023,1.315990088118036,0.0038950524470007177,0.506507480825959,False,2,57
C08_SEQUENCE_GATEWAY_ATTACK,141,0.9217609848766961,0.9700286562549857,1.303566886079005,0.003870204535437337,0.5017962883566778,False,2,57
C08_SEQUENCE_GATEWAY_ATTACK,142,0.9130428362530908,0.9609830658817656,1.291237562056718,0.0038453446807990193,0.4971170001253376,False,2,57
C08_SEQUENCE_GATEWAY_ATTACK,143,0.904394360634659,0.9519580336684847,1.2790067705432786,0.0038176990885377946,0.4924483466399777,False,2,57
C08_SEQUENCE_GATEWAY_ATTACK,144,0.8958225221247488,0.9430152340949604,1.2668843602680917,0.0037894106817486146,0.4878222321385391,False,2,57
C08_SEQUENCE_GATEWAY_ATTACK,145,0.8873272670223319,0.9340929926813751,1.2548702552864346,0.003758970420485103,0.48320675238308075,False,2,57
C08_SEQUENCE_GATEWAY_ATTACK,146,0.8789172517600845,0.9252529839075465,1.2429766976427996,0.003727207233779656,0.4786338116115438,False,2,57
C08_SEQUENCE_GATEWAY_ATTACK,147,0.8705925062074875,0.9164746496135352,1.2312037295790117,0.0036947071070875743,0.47409277507794767,False,2,57
C08_SEQUENCE_GATEWAY_ATTACK,148,0.8623565057936882,0.9077579897993414,1.2195562660941064,0.0036608000997767117,0.4695836427822926,False,2,57
C08_SEQUENCE_GATEWAY_ATTACK,149,0.8542143842998142,0.8991441207848432,1.2080415674509803,0.0036262755900455775,0.46512768421653905,False,2,57
C08_SEQUENCE_GATEWAY_ATTACK,150,0.8461644344262098,0.8905919262501625,1.1966572191633054,0.0035909816747320272,0.46070362988872654,False,2,57
C08_SEQUENCE_GATEWAY_ATTACK,151,0.8382118237657312,0.8821219643552383,1.1854105293109836,0.0035543268626213784,0.45632211454483523,False,2,57
C08_SEQUENCE_GATEWAY_ATTACK,152,0.8303583238540471,0.8737547932600097,1.174304003223784,0.003517688737705135,0.4519937729308455,False,2,57
C08_SEQUENCE_GATEWAY_ATTACK,153,0.8226039031230102,0.8654492966445986,1.1633375962576047,0.003479594719060848,0.4476973355547968,False,2,57
C08_SEQUENCE_GATEWAY_ATTACK,154,0.814955422099657,0.8572465908288832,1.1525210106628252,0.003440196407824339,0.4434540719086497,False,2,57
C08_SEQUENCE_GATEWAY_ATTACK,155,0.8074112876182244,0.8491466758128634,1.1418519933628168,0.00340143692546853,0.43926398199240413,False,2,57
C08_SEQUENCE_GATEWAY_ATTACK,156,0.7999715175757691,0.8411289934366002,1.1313305696678395,0.0033619301391780458,0.43511643106007986,False,2,57
C08_SEQUENCE_GATEWAY_ATTACK,157,0.7926395759987785,0.8332346600199718,1.1209616384511323,0.0033224982801612303,0.4310326886036375,False,2,57
C08_SEQUENCE_GATEWAY_ATTACK,158,0.7854120666977694,0.8254225592431,1.1107403967754674,0.00328296030356142,0.42699148513111645,False,2,57
C08_SEQUENCE_GATEWAY_ATTACK,159,0.7782957120284745,0.8177132492659238,1.1006763514874933,0.0032414570391481926,0.42300345538849693,False,2,57
C08_SEQUENCE_GATEWAY_ATTACK,160,0.7712873338935777,0.8101272882483825,1.0907650080788835,0.0032019545504384135,0.4190792341217594,False,2,57
C08_SEQUENCE_GATEWAY_ATTACK,161,0.7643851655793295,0.8026235598705977,1.0810038680390917,0.0031616892502387083,0.4151975518389431,False,2,57
C08_SEQUENCE_GATEWAY_ATTACK,162,0.7575926865394834,0.7952431804524477,1.0713978520588063,0.0031214944889477072,0.41137967803200864,False,2,57
C08_SEQUENCE_GATEWAY_ATTACK,163,0.7509081462516889,0.7879655918339934,1.061944484525578,0.003081273422661256,0.40761497795497587,False,2,57
C08_SEQUENCE_GATEWAY_ATTACK,164,0.7443315931520006,0.7807907940152348,1.052643833938332,0.00304102500763774,0.40390345160784463,False,2,57
C08_SEQUENCE_GATEWAY_ATTACK,165,0.7378614422822936,0.7737599033160502,1.0434936588277923,0.003002893138355586,0.4002663684825757,False,2,57
C08_SEQUENCE_GATEWAY_ATTACK,166,0.7314941011273007,0.766811245256622,1.0344888786101452,0.00296401382990163,0.396671824341228,False,2,57
C08_SEQUENCE_GATEWAY_ATTACK,167,0.7252313840515333,0.7599653779968896,1.0256320591842891,0.002925124282216783,0.39313045392978185,False,2,57
C08_SEQUENCE_GATEWAY_ATTACK,168,0.7190716733106415,0.7532428596967919,1.0169209127142247,0.0028876223979291114,0.38965289199421765,False,2,57
C08_SEQUENCE_GATEWAY_ATTACK,169,0.713013160589196,0.7466025740364509,1.0083528818557466,0.002849378295681424,0.38621786904257477,False,2,57
C08_SEQUENCE_GATEWAY_ATTACK,170,0.7070543706613301,0.740126753655623,0.9999258803244264,0.002814677007034112,0.3828679240587744,False,2,57
C08_SEQUENCE_GATEWAY_ATTACK,171,0.7011882137419763,0.7337126077546123,0.9916298816500675,0.0027791751903703515,0.37954988331291495,False,2,57
C08_SEQUENCE_GATEWAY_ATTACK,172,0.6954182215364642,0.7274012526532975,0.9834698804182452,0.0027437058046441165,0.3762850162969571,False,2,57
C08_SEQUENCE_GATEWAY_ATTACK,173,0.6897410631607668,0.7212132465116174,0.9754411660475939,0.002710320543569305,0.37308395775688125,False,2,57
C08_SEQUENCE_GATEWAY_ATTACK,174,0.6841532105847565,0.7151280311696331,0.9675387491500588,0.0026776454438755906,0.36993607294670694,False,2,57
C08_SEQUENCE_GATEWAY_ATTACK,175,0.6786496372210723,0.7091456066273444,0.9597555210576212,0.0026469982988895488,0.3668413618664342,False,2,57
C08_SEQUENCE_GATEWAY_ATTACK,176,0.6732285522410748,0.7032454147248122,0.9520889491561317,0.002616348124904225,0.36378918977008273,False,2,57
C08_SEQUENCE_GATEWAY_ATTACK,177,0.6678866766456604,0.6974480136219757,0.9445343962405868,0.002587754427702255,0.3607901914036329,False,2,57
C08_SEQUENCE_GATEWAY_ATTACK,178,0.6626205394593859,0.691753403318835,0.9370869536104403,0.0025605816105156247,0.3578443667670846,False,2,57
C08_SEQUENCE_GATEWAY_ATTACK,179,0.657425003021639,0.6861410256554507,0.9297393555163748,0.002534764726470165,0.3549410811144576,False,2,57
C08_SEQUENCE_GATEWAY_ATTACK,180,0.6522983324935071,0.6806314387917621,0.9224891485256722,0.002510394091629259,0.3520909691917322,False,2,57
C08_SEQUENCE_GATEWAY_ATTACK,181,0.6472336965543676,0.6751835264078909,0.915326671692059,0.0024873377717937292,0.34927276150694775,False,2,57
C08_SEQUENCE_GATEWAY_ATTACK,182,0.6422294546006189,0.6698178466637763,0.908249604851671,0.0024656819988648575,0.3464970928060846,False,2,57
C08_SEQUENCE_GATEWAY_ATTACK,183,0.6372821519398518,0.6645549577193575,0.9012530623316498,0.0024461691570997024,0.34377459783512304,False,2,57
C08_SEQUENCE_GATEWAY_ATTACK,184,0.6323815841319832,0.6593537432547559,0.894322612874433,0.002429371398683786,0.3410840071021024,False,2,57
C08_SEQUENCE_GATEWAY_ATTACK,185,0.6275259931951728,0.654234761429911,0.8874557703182598,0.0024140154469895828,0.3384359553530031,False,2,57
C08_SEQUENCE_GATEWAY_ATTACK,186,0.6227101671841709,0.6491568959249443,0.8806451638594719,0.0023993352846982956,0.3358091730958644,False,2,57
C08_SEQUENCE_GATEWAY_ATTACK,187,0.6179308137512857,0.6441612630597341,0.8738861374153112,0.002387460588561948,0.33322492982264695,False,2,57
C08_SEQUENCE_GATEWAY_ATTACK,188,0.6131810167600137,0.6392067465144022,0.8671689100917355,0.0023769670439302715,0.33066195604139015,False,2,57
C08_SEQUENCE_GATEWAY_ATTACK,189,0.6084574074902419,0.6343139044488878,0.8604887177990729,0.0023685789491856095,0.3281308864980743,False,2,57
C08_SEQUENCE_GATEWAY_ATTACK,190,0.6037515131499829,0.6294621787032515,0.8538335781999838,0.002362970343780952,0.32562108644671905,False,2,57
C08_SEQUENCE_GATEWAY_ATTACK,191,0.5990598771260836,0.6246721274374327,0.8471986029052672,0.0023594750155671806,0.3231431906333048,False,2,57
C08_SEQUENCE_GATEWAY_ATTACK,192,0.5943755774254995,0.6199026343315531,0.840574002738481,0.002357375330995095,0.32067592956587093,False,2,57
C08_SEQUENCE_GATEWAY_ATTACK,193,0.5896919645615248,0.6151742575455518,0.833950373905343,0.0023587775717511645,0.31822993799039767,False,2,57
C08_SEQUENCE_GATEWAY_ATTACK,194,0.5850054521044021,0.6104869970794287,0.8273226444282495,0.002361570592587947,0.31580521590688504,False,2,57
C08_SEQUENCE_GATEWAY_ATTACK,195,0.5803075140290047,0.6057791784533664,0.8206787566868337,0.002365780781999653,0.313369859077392,False,2,57
C08_SEQUENCE_GATEWAY_ATTACK,196,0.5755949679658321,0.6011124761471824,0.8140142101309868,0.002373492328074412,0.3109557717398597,False,2,57
C08_SEQUENCE_GATEWAY_ATTACK,197,0.5708608369280329,0.5964663320009376,0.8073191378112798,0.002383286477539531,0.30855231914830766,False,2,57
C08_SEQUENCE_GATEWAY_ATTACK,198,0.5660982559899596,0.5918201878546927,0.800583831256757,0.0023951818679349745,0.30614886655675566,False,2,57
C08_SEQUENCE_GATEWAY_ATTACK,199,0.561300479230768,0.587174043708448,0.7937987502946697,0.0024098873314722697,0.30374541396520366,False,2,57
C08_SEQUENCE_GATEWAY_ATTACK,200,0.5564623384819939,0.5825278995622031,0.7869565860310836,0.0024266629579725685,0.30134196137365166,False,2,57
C08_SEQUENCE_GATEWAY_ATTACK,201,0.5515737390046599,0.57784063909608,0.7800430623492278,0.0024463313933268537,0.29891723929013897,False,2,57
C08_SEQUENCE_GATEWAY_ATTACK,202,0.5466346308401774,0.5731533786299569,0.773058108596989,0.0024672950713574633,0.29649251720662634,False,2,57
C08_SEQUENCE_GATEWAY_ATTACK,203,0.5416332200845875,0.5684455600038947,0.7659850456754351,0.0024925244575212586,0.2940571603771334,False,2,57
C08_SEQUENCE_GATEWAY_ATTACK,204,0.5365659153496866,0.563676066898015,0.7588187945946608,0.0025177280155597778,0.2915898993096994,False,2,57
C08_SEQUENCE_GATEWAY_ATTACK,205,0.5314262414110117,0.5589065737921354,0.7515501980044113,0.002547818091232107,0.28912263824226553,False,2,57
C08_SEQUENCE_GATEWAY_ATTACK,206,0.5262054602523291,0.5540754062064382,0.7441668984836204,0.002579301086726529,0.2866234729368906,False,2,57
C08_SEQUENCE_GATEWAY_ATTACK,207,0.5208985870920926,0.5491825641409238,0.7366618464866203,0.0026129022709543755,0.28409240339357483,False,2,57
C08_SEQUENCE_GATEWAY_ATTACK,208,0.5155005975858146,0.544248605755531,0.7290279365172941,0.002649238088362301,0.2815400643582983,False,2,57
C08_SEQUENCE_GATEWAY_ATTACK,209,0.5100013826208739,0.5392529728903209,0.72125087213147,0.0026891205761811754,0.27895582108508093,False,2,57
C08_SEQUENCE_GATEWAY_ATTACK,210,0.5043957734914296,0.5341751073853542,0.7133233436752475,0.0027303605928208027,0.2825929319061039,False,2,57
C08_SEQUENCE_GATEWAY_ATTACK,211,0.4986771756533145,0.5290355674005701,0.7052360250548275,0.002775073762220534,0.2872207549375044,False,2,57
C08_SEQUENCE_GATEWAY_ATTACK,212,0.4928386959641925,0.5237726784561512,0.6969791678948314,0.0028205527022289495,0.2919278353981413,False,2,57
C08_SEQUENCE_GATEWAY_ATTACK,213,0.48687728931644186,0.518468673191854,0.6885484657627613,0.00287006071356097,0.29705192564173155,False,2,57
C08_SEQUENCE_GATEWAY_ATTACK,214,0.48078251845556597,0.5130207608079829,0.6799291581517543,0.002920387376458818,0.30226074650544754,False,2,57
C08_SEQUENCE_GATEWAY_ATTACK,215,0.474551468884774,0.5075111739442942,0.6711171233409212,0.002974779621166068,0.3078903559955611,False,2,57
C08_SEQUENCE_GATEWAY_ATTACK,216,0.4681753856444915,0.5018576799610317,0.662099979947694,0.0030299086831024552,0.31359622623365363,False,2,57
C08_SEQUENCE_GATEWAY_ATTACK,217,0.46164967239414817,0.49610139517807356,0.6528712277649006,0.0030885268866412395,0.31966322340781805,False,2,57
C08_SEQUENCE_GATEWAY_ATTACK,218,0.45496911565604437,0.4902217614354805,0.6434234938216712,0.0031484218984067277,0.32586237051895967,False,2,57
C08_SEQUENCE_GATEWAY_ATTACK,219,0.44812560452456146,0.4842187787332527,0.6337453075652768,0.0032118573151607957,0.33242795033810635,False,2,57
C08_SEQUENCE_GATEWAY_ATTACK,220,0.441112499794823,0.47805133075151174,0.6238272797421378,0.0032767697399997187,0.33914640082431646,False,2,57
C08_SEQUENCE_GATEWAY_ATTACK,221,0.43392838932261657,0.471760533810136,0.613667413278757,0.003343593757072401,0.34606270153418106,False,2,57
C08_SEQUENCE_GATEWAY_ATTACK,222,0.4265649989588095,0.46530527158924717,0.6032540067612135,0.003412593879047185,0.35320422958802256,False,2,57
C08_SEQUENCE_GATEWAY_ATTACK,223,0.419019266826829,0.4587061022487844,0.5925827300421322,0.003483572447561523,0.3605505273011178,False,2,57
C08_SEQUENCE_GATEWAY_ATTACK,224,0.41128315506305474,0.45194246762880846,0.5816422158657687,0.0035574106467934647,0.36819279743294103,False,2,57
C08_SEQUENCE_GATEWAY_ATTACK,225,0.40335346933349736,0.4450143677293195,0.5704279467616723,0.0036325143103848982,0.3759660434089482,False,2,57
C08_SEQUENCE_GATEWAY_ATTACK,226,0.3952224562588242,0.4379012443903783,0.5589289577956366,0.0037105509099242323,0.3840428489114111,False,2,57
C08_SEQUENCE_GATEWAY_ATTACK,227,0.38689020121933276,0.430623655771924,0.5471453697136361,0.0037889968843172234,0.3921620248027698,False,2,57
C08_SEQUENCE_GATEWAY_ATTACK,228,0.37834890479538846,0.42314048555407835,0.5350661524706454,0.0038696955382882645,0.40051435353418924,False,2,57
C08_SEQUENCE_GATEWAY_ATTACK,229,0.3695945978002356,0.4154928500567196,0.5226856927889225,0.003953817853607901,0.4092210319807698,False,2,57
C08_SEQUENCE_GATEWAY_ATTACK,230,0.36062378632086556,0.40761907480003035,0.5099990495293052,0.004037165270085695,0.4178475082239408,False,2,57
C08_SEQUENCE_GATEWAY_ATTACK,231,0.35143303026799644,0.3995397179439497,0.497001357670875,0.00412343060583774,0.4267759897644869,False,2,57
C08_SEQUENCE_GATEWAY_ATTACK,232,0.3420184611923155,0.3912753376484169,0.48368714640014865,0.0042123944006080515,0.43598376241683895,False,2,57
C08_SEQUENCE_GATEWAY_ATTACK,233,0.332378486191783,0.38278481759355354,0.47005416301345804,0.004300485121221648,0.4451011716987387,False,2,57
C08_SEQUENCE_GATEWAY_ATTACK,234,0.32250852617194364,0.3740887159392988,0.45609593169332097,0.004392159390757866,0.4545894790954645,False,2,57
C08_SEQUENCE_GATEWAY_ATTACK,235,0.31240627776793134,0.3651459163657745,0.44180919498990484,0.004483828693888664,0.46407727246811875,False,2,57
C08_SEQUENCE_GATEWAY_ATTACK,236,0.30207092832704246,0.35599753519285876,0.4271928036387346,0.004578242395343019,0.4738491116809494,False,2,57
C08_SEQUENCE_GATEWAY_ATTACK,237,0.2915005297725737,0.3465818979407343,0.4122440026433159,0.004671986217568837,0.4835516182438314,False,2,57
C08_SEQUENCE_GATEWAY_ATTACK,238,0.28069698686252004,0.3369812372491576,0.39696548573823837,0.004769042116238813,0.4935969254593134,False,2,57
C08_SEQUENCE_GATEWAY_ATTACK,239,0.26965689728066894,0.3271133204783721,0.3813524413217706,0.004865379067607587,0.5035678214683535,False,2,57
C08_SEQUENCE_GATEWAY_ATTACK,240,0.25838187771032894,0.31697814762837784,0.3654071557293737,0.004963296302105882,0.513702277134674,False,2,57
C08_SEQUENCE_GATEWAY_ATTACK,241,0.24687578199450802,0.3066373931789922,0.34913507911809677,0.005063834882290964,0.5241080426657486,False,2,57
C08_SEQUENCE_GATEWAY_ATTACK,242,0.23513938008283655,0.2960088244904587,0.3325373003611495,0.00516297457120035,0.5343690226369758,False,2,57
C08_SEQUENCE_GATEWAY_ATTACK,243,0.22318107799301842,0.28511299972271636,0.3156257073627742,0.005262874973036285,0.5447087365662077,False,2,57
C08_SEQUENCE_GATEWAY_ATTACK,244,0.21100925507921253,0.27401159335558267,0.29841215031926627,0.005365363657059153,0.5553163382805654,False,2,57
C08_SEQUENCE_GATEWAY_ATTACK,245,0.19862800700218125,0.262601814589362,0.2809024213696228,0.005467321054852144,0.5658689517513272,False,2,57
C08_SEQUENCE_GATEWAY_ATTACK,246,0.18605641069724116,0.25094533790387163,0.263123499374497,0.00557060125800056,0.5765584758721745,False,2,57
C08_SEQUENCE_GATEWAY_ATTACK,247,0.17331377230265177,0.23900104697923336,0.2451026873364526,0.005672435081400679,0.5870982993656411,False,2,57
C08_SEQUENCE_GATEWAY_ATTACK,248,0.1604297313338097,0.22681005813532545,0.22688190186014556,0.005775596763211419,0.5977755565015358,False,2,57
C08_SEQUENCE_GATEWAY_ATTACK,249,0.14743948015809766,0.21433125505226963,0.20851091246882056,0.005879579988091001,0.6085378435287648,False,2,57
C08_SEQUENCE_GATEWAY_ATTACK,250,0.13440139289917394,0.20160575404994419,0.19007227263984677,0.0059841005281919745,0.6193557428015596,False,2,57
C08_SEQUENCE_GATEWAY_ATTACK,251,0.12139441922169762,0.1885718806485317,0.1716776340597299,0.0060872908741474475,0.6300359666828439,False,2,57
C08_SEQUENCE_GATEWAY_ATTACK,252,0.10854660116488513,0.1752501930079713,0.15350807551688375,0.006191295486385147,0.6408004673064207,False,2,57
C08_SEQUENCE_GATEWAY_ATTACK,253,0.09605310706133766,0.16168180744814126,0.13583960671421863,0.006294345892498255,0.6514662073827275,False,2,57
C08_SEQUENCE_GATEWAY_ATTACK,254,0.08421726204255,0.1478256076491633,0.11910119416650308,0.006398959452718565,0.6622937342586743,False,2,57
C08_SEQUENCE_GATEWAY_ATTACK,255,0.07353422777364625,0.13368159361103743,0.10399310221612285,0.0065013668504097216,0.6728929228195231,False,2,57
C08_SEQUENCE_GATEWAY_ATTACK,256,0.06478289613552134,0.11924976533376365,0.09161685032466184,0.00660384646876533,0.6834995862352922,False,2,57
C08_SEQUENCE_GATEWAY_ATTACK,257,0.059057670128984954,0.10453012281734197,0.08352015805856694,0.006705649363326337,0.6940362085869944,False,2,57
C08_SEQUENCE_GATEWAY_ATTACK,258,0.057507992051812035,0.0935888645161158,0.08132858230451673,0.006808044861743648,0.7046341655703392,False,2,57
C08_SEQUENCE_GATEWAY_ATTACK,259,0.060672311931845954,0.11184451054206894,0.08580360639454751,0.006909023376781267,0.7150854644570275,False,2,57
C08_SEQUENCE_GATEWAY_ATTACK,260,0.06810081704303622,0.13038797080717,0.09630909907095063,0.007009457697812118,0.7254804391423253,False,2,57
C08_SEQUENCE_GATEWAY_ATTACK,261,0.0787694672868214,0.1491781289915407,0.11139684893792666,0.007109134936905185,0.7357970556777678,False,2,57
C08_SEQUENCE_GATEWAY_ATTACK,262,0.09169833551388863,0.1681944269352419,0.12968102973077975,0.0072073288956977935,0.7459601523704292,False,2,57
C08_SEQUENCE_GATEWAY_ATTACK,263,0.10619321026203914,0.18745742279821273,0.15017987818451348,0.007303529261374927,0.7559169117298421,False,2,57
C08_SEQUENCE_GATEWAY_ATTACK,264,0.12181249351527186,0.20698767474039234,0.17226888039578217,0.007401046002789686,0.7660099162724603,False,2,57
C08_SEQUENCE_GATEWAY_ATTACK,265,0.13827316786405047,0.22674406644190245,0.1955477893056318,0.007495198860480695,0.7757547580974561,False,2,57
C08_SEQUENCE_GATEWAY_ATTACK,266,0.15539206232465613,0.24670603974280392,0.219757562024654,0.007588492538439655,0.7854106746280595,False,2,57
C08_SEQUENCE_GATEWAY_ATTACK,267,0.17305719644265993,0.26693526912291415,0.2447398342754746,0.007681220819781087,0.7950080724823175,False,2,57
C08_SEQUENCE_GATEWAY_ATTACK,268,0.1911852987778985,0.28737008010241577,0.2703768424580564,0.007771829330659317,0.8043860736196221,False,2,57
C08_SEQUENCE_GATEWAY_ATTACK,269,0.20972057080438344,0.3080310308412479,0.296589675540186,0.007861075947797279,0.8136231184502692,False,2,57
C08_SEQUENCE_GATEWAY_ATTACK,270,0.22861791681963572,0.3288770050195322,0.32331455856781294,0.00794816044251361,0.8226363831267951,False,2,57
C08_SEQUENCE_GATEWAY_ATTACK,271,0.2478489146657507,0.3499491189571471,0.35051129653975654,0.008033273676480029,0.8314456218749017,False,2,57
C08_SEQUENCE_GATEWAY_ATTACK,272,0.26738581298414993,0.3712062563342141,0.3781406431083409,0.00811627229517435,0.8400359974694869,False,2,57
C08_SEQUENCE_GATEWAY_ATTACK,273,0.2872079300704018,0.39264841715073345,0.40617334992666565,0.008197829855101979,0.8484772231594774,False,2,57
C08_SEQUENCE_GATEWAY_ATTACK,274,0.3073017902816238,0.41429615956664406,0.43459035955780495,0.008278037531723844,0.8567787356254672,False,2,57
C08_SEQUENCE_GATEWAY_ATTACK,275,0.3276488180467058,0.4360878091021287,0.4633654021771659,0.00835408193443383,0.8646493483106078,False,2,57
C08_SEQUENCE_GATEWAY_ATTACK,276,0.3482365273602287,0.4580644820770655,0.4924808199065448,0.008428754263427278,0.8723779510592707,False,2,57
C08_SEQUENCE_GATEWAY_ATTACK,277,0.36905382556684757,0.4802056203315155,0.5219209253623103,0.008501999801566754,0.8799588806354959,False,2,57
C08_SEQUENCE_GATEWAY_ATTACK,278,0.3900921230995213,0.5025112238654785,0.5516735710622579,0.008571862745479575,0.887189710952864,False,2,57
C08_SEQUENCE_GATEWAY_ATTACK,279,0.4113362498112787,0.5249401763590763,0.5817173031787978,0.008638902302758997,0.8941283201223241,False,2,57
C08_SEQUENCE_GATEWAY_ATTACK,280,0.43277992855019304,0.5475335941321873,0.612043244478542,0.008703918730853265,0.9008575349687191,False,2,57
C08_SEQUENCE_GATEWAY_ATTACK,281,0.45441207040676806,0.5702503608649331,0.6426357128752891,0.00876681278287294,0.907367083416799,False,2,57
C08_SEQUENCE_GATEWAY_ATTACK,282,0.47622261955007605,0.5930699183973744,0.6734804872765602,0.008825562835447418,0.9134477269956411,False,2,57
C08_SEQUENCE_GATEWAY_ATTACK,283,0.4982020352413128,0.6160128248894507,0.7045640750401433,0.008882237482122222,0.9193135655997754,False,2,57
C08_SEQUENCE_GATEWAY_ATTACK,284,0.5203416285683394,0.6390585221812226,0.7358741881886492,0.008936137261940204,0.9248922048637273,False,2,57
C08_SEQUENCE_GATEWAY_ATTACK,285,0.542635351621682,0.6622275684326294,0.767402273686476,0.008987322698472994,0.9301899089906943,False,2,57
C08_SEQUENCE_GATEWAY_ATTACK,286,0.5650679216701271,0.6854377310039145,0.7991267184878714,0.009034970262800006,0.9351214425532426,False,2,57
C08_SEQUENCE_GATEWAY_ATTACK,287,0.587634809253839,0.7087506843748952,0.8310411169693059,0.009079892102840997,0.9397708630426753,False,2,57
C08_SEQUENCE_GATEWAY_ATTACK,288,0.6103250794742223,0.7321253122256933,0.8631300048488822,0.009121353497574144,0.9440621266689392,False,2,57
C08_SEQUENCE_GATEWAY_ATTACK,289,0.6331275070187387,0.7555410563963697,0.8953775071373671,0.009158664270532288,0.9479238000133496,False,2,57
C08_SEQUENCE_GATEWAY_ATTACK,290,0.6560333792370828,0.7790184750468635,0.9277713022865346,0.009193895282212722,0.9515702176004518,False,2,57
C08_SEQUENCE_GATEWAY_ATTACK,291,0.6790349156321186,0.8025370100172355,0.9603003870118125,0.009224998795494514,0.9547894381803244,False,2,57
C08_SEQUENCE_GATEWAY_ATTACK,292,0.7021199856659323,0.8260761031475468,0.9929476061419644,0.009252638652901409,0.9576501696026203,False,2,57
C08_SEQUENCE_GATEWAY_ATTACK,293,0.7252775445153177,0.849615196277858,1.0256973399382183,0.009276805885022495,0.9601514835313045,False,2,57
C08_SEQUENCE_GATEWAY_ATTACK,294,0.7485023094717613,0.8731954057280474,1.0585421175225485,0.009298229260200266,0.9623688076527884,False,2,57
C08_SEQUENCE_GATEWAY_ATTACK,295,0.7717838207125937,0.8967756151782369,1.0914671464718753,0.009316196185591223,0.9642283884484237,False,2,57
C08_SEQUENCE_GATEWAY_ATTACK,296,0.7951093508925543,0.9203147083085481,1.1244544276019184,0.00932863497587658,0.9655158060244562,False,2,57
C08_SEQUENCE_GATEWAY_ATTACK,297,0.8184671851112685,0.9438332432789203,1.1574873935416865,0.009338992228349215,0.9665877839714093,False,2,57
C08_SEQUENCE_GATEWAY_ATTACK,298,0.8418514914323925,0.9673312200893531,1.1905577966877068,0.009345211262233609,0.9672314553691124,False,2,57
C08_SEQUENCE_GATEWAY_ATTACK,299,0.8652485170171074,0.9907675224199687,1.223646187588801,0.00934728335403652,0.9674459173340642,False,2,57
C08_SEQUENCE_GATEWAY_ATTACK,300,0.888651608704378,1.0141832665906452,1.2567431572544001,0.00934728335403652,0.9674459173340642,False,2,57
C08_SEQUENCE_GATEWAY_ATTACK,301,0.9120459436876364,1.0374756618016867,1.2898277430704235,0.009341070798090387,0.9668029164044196,False,2,57
C08_SEQUENCE_GATEWAY_ATTACK,302,0.9354235003022305,1.06072694069285,1.3228886006899274,0.00933208980466021,0.9658733815761129,False,2,57
C08_SEQUENCE_GATEWAY_ATTACK,303,0.9587700987524289,1.0838548706243785,1.3559056768534767,0.009318284383290899,0.9644445173772921,False,2,57
C08_SEQUENCE_GATEWAY_ATTACK,304,0.9820810977735311,1.1069416842360287,1.3888724078215853,0.009303087271262733,0.9628716128840771,False,2,57
C08_SEQUENCE_GATEWAY_ATTACK,305,1.0053418217035148,1.1298640325681657,1.4217680390739849,0.009280992694144967,0.960584819211713,False,2,57
C08_SEQUENCE_GATEWAY_ATTACK,306,1.0285427708829211,1.1527041482605462,1.45457913606343,0.009256114415267157,0.9580099117847073,False,2,57
C08_SEQUENCE_GATEWAY_ATTACK,307,1.0516717752104612,1.1754003568333529,1.4872884876676231,0.009227804927416178,0.9550798734617093,False,2,57
C08_SEQUENCE_GATEWAY_ATTACK,308,1.0747179640676534,1.1979321001266465,1.519880720510476,0.009194675667578294,0.9516509876602941,False,2,57
C08_SEQUENCE_GATEWAY_ATTACK,309,1.0976692659391294,1.220299378140427,1.5523387628912366,0.00915671072882312,0.9477216080096099,False,2,57
C08_SEQUENCE_GATEWAY_ATTACK,310,1.1205176627174986,1.2425433071945726,1.5846512754936881,0.009116655198345334,0.943575851648148,False,2,57
C08_SEQUENCE_GATEWAY_ATTACK,311,1.1432525407327452,1.264602212809266,1.6168032483217474,0.009071052120130653,0.9388559228554034,False,2,57
C08_SEQUENCE_GATEWAY_ATTACK,312,1.1658567564528786,1.2864349786646287,1.6487704367599672,0.009022090865849024,0.9337884220887916,False,2,57
C08_SEQUENCE_GATEWAY_ATTACK,313,1.1883266301516446,1.3081032792404785,1.6805476368895726,0.008968917074741735,0.9282849228187384,False,2,57
C08_SEQUENCE_GATEWAY_ATTACK,314,1.210646920506949,1.329545440056998,1.7121132942261497,0.008912355455065408,0.9224307825342208,False,2,57
C08_SEQUENCE_GATEWAY_ATTACK,315,1.2328105517006525,1.3507820192741258,1.7434574020517204,0.008850182393353806,0.9159958567442508,False,2,57
C08_SEQUENCE_GATEWAY_ATTACK,316,1.254802671543355,1.3717924587319232,1.7745589561986046,0.008786006805639865,0.909353669065244,False,2,57
C08_SEQUENCE_GATEWAY_ATTACK,317,1.2766140018490653,1.392535642110512,1.8054048353303396,0.008715603717140828,0.9020669336624182,False,2,57
C08_SEQUENCE_GATEWAY_ATTACK,318,1.2982331183778226,1.41305268572977,1.8359788831318327,0.008642416144316604,0.8944920035092835,False,2,57
C08_SEQUENCE_GATEWAY_ATTACK,319,1.3196495979638394,1.4333024732698194,1.866266359020664,0.008565826059488905,0.8865649126029371,False,2,57
C08_SEQUENCE_GATEWAY_ATTACK,320,1.3408547250831784,1.45328500473066,1.8962549373846787,0.008485806809079897,0.8782829022921127,False,2,57
C08_SEQUENCE_GATEWAY_ATTACK,321,1.3618343722410855,1.4729386056324745,1.925924638929193,0.008398898790057742,0.8692879028893967,False,2,57
C08_SEQUENCE_GATEWAY_ATTACK,322,1.3825789771244128,1.4923455086150192,1.9552619405012657,0.008309842420042722,0.8600705486785162,False,2,57
C08_SEQUENCE_GATEWAY_ATTACK,323,1.4030763140990472,1.5114234810385379,1.984249552443325,0.008217477170488499,0.8505107246954134,False,2,57
C08_SEQUENCE_GATEWAY_ATTACK,324,1.4233192904038998,1.5301930810629694,2.012877444076445,0.008120209146114644,0.8404434624221456,False,2,57
C08_SEQUENCE_GATEWAY_ATTACK,325,1.443298112059035,1.548674866848253,2.0411317646213702,0.008020841633769059,0.830158902674327,False,2,57
C08_SEQUENCE_GATEWAY_ATTACK,326,1.4630004122257865,1.5667866057546322,2.068995024727136,0.007916023003233182,0.8193101509748624,False,2,57
C08_SEQUENCE_GATEWAY_ATTACK,327,1.4824142889036007,1.5845488559420462,2.0964503924231397,0.007807074350321591,0.8196878819036973,False,2,57
C08_SEQUENCE_GATEWAY_ATTACK,328,1.501531380190416,1.6019821755704338,2.123486042194078,0.007696075664250057,0.8287061464950075,False,2,57
C08_SEQUENCE_GATEWAY_ATTACK,329,1.5203410776524189,1.619024890159978,2.1500869714489776,0.0075795826232914944,0.8375223509126917,False,2,57
C08_SEQUENCE_GATEWAY_ATTACK,330,1.5388334264205428,1.6357181160305567,2.176239101876992,0.00746028885229141,0.8461577646487104,False,2,57
C08_SEQUENCE_GATEWAY_ATTACK,331,1.5569998991599092,1.652041295022231,2.2019303740054847,0.007337512618987948,0.8546017529570834,False,2,57
C08_SEQUENCE_GATEWAY_ATTACK,332,1.5748302489055828,1.6679738689750618,2.2271462964376725,0.007212847904641463,0.8628436810918304,False,2,57
C08_SEQUENCE_GATEWAY_ATTACK,333,1.59231728348247,1.6834952797291098,2.2518766979019933,0.007082590548718704,0.870872914306971,False,2,57
C08_SEQUENCE_GATEWAY_ATTACK,334,1.609449373657348,1.6986260854443143,2.276105132179105,0.006950324131610895,0.8787000873484855,False,2,57
C08_SEQUENCE_GATEWAY_ATTACK,335,1.6262195444465417,1.7133457279607358,2.2998217351524954,0.006814621948756697,0.8863145654703936,False,2,57
C08_SEQUENCE_GATEWAY_ATTACK,336,1.6426193075763857,1.727654207278375,2.323014502590427,0.006674636347285919,0.8937163486726954,False,2,57
C08_SEQUENCE_GATEWAY_ATTACK,337,1.6586350545509794,1.7415104070773528,2.3456641891734336,0.006532156994934736,0.9008841674634301,False,2,57
C08_SEQUENCE_GATEWAY_ATTACK,338,1.6742633024593558,1.754955443677548,2.3677658693215884,0.006387583617628068,0.9078392913345587,False,2,57
C08_SEQUENCE_GATEWAY_ATTACK,339,1.6894936209839182,1.767927642599143,2.3893047923382866,0.006238260583776106,0.9145498160481396,False,2,57
C08_SEQUENCE_GATEWAY_ATTACK,340,1.704317658678787,1.7804681201620163,2.4102691474955,0.006087655041724397,0.921037011096134,False,2,57
C08_SEQUENCE_GATEWAY_ATTACK,341,1.7187301693206443,1.7925563182062285,2.4306515155130612,0.005933551863880975,0.9272902417325614,False,2,57
C08_SEQUENCE_GATEWAY_ATTACK,342,1.7327209438203888,1.8041716785718407,2.4504374585587034,0.005776059542247571,0.9332988732114414,False,2,57
C08_SEQUENCE_GATEWAY_ATTACK,343,1.7462814692625956,1.8153142012588526,2.469614937551978,0.005615893602741316,0.939062905532774,False,2,57
C08_SEQUENCE_GATEWAY_ATTACK,344,1.7594084735399211,1.8260250025871427,2.488179325034301,0.005454960570794202,0.9446036081885202,False,2,57
C08_SEQUENCE_GATEWAY_ATTACK,345,1.7720914420572103,1.8362012917570152,2.5061157511226027,0.005289519681208082,0.9498678074487779,False,2,57
C08_SEQUENCE_GATEWAY_ATTACK,346,1.7843254231496006,1.8459253014082266,2.523417213105277,0.005122567377970113,0.9548980422974686,False,2,57
C08_SEQUENCE_GATEWAY_ATTACK,347,1.7961018020023345,1.8551353570609599,2.540071527794457,0.00495233894265525,0.9596624084966513,False,2,57
C08_SEQUENCE_GATEWAY_ATTACK,348,1.8074155608195936,1.8638725750350928,2.556071598955243,0.00478152720772368,0.9641821755382868,False,2,57
C08_SEQUENCE_GATEWAY_ATTACK,349,1.8182614509102806,1.8720958390107474,2.5714100038175003,0.004607324625701029,0.9684360739304142,False,2,57
C08_SEQUENCE_GATEWAY_ATTACK,350,1.828630982348643,1.8798051489879235,2.586074735813087,0.004432157801912937,0.9724241036730337,False,2,57
C08_SEQUENCE_GATEWAY_ATTACK,351,1.8385224044161452,1.8870210631265605,2.6000633190521047,0.004254847041329386,0.9761568995121256,False,2,57
C08_SEQUENCE_GATEWAY_ATTACK,352,1.8479289249593869,1.8937230232667188,2.6133661479790984,0.004075627980267962,0.9796238267017093,False,2,57
C08_SEQUENCE_GATEWAY_ATTACK,353,1.856843679231379,1.8998904712484599,2.625973514375773,0.003894788804294178,0.9828142504958051,False,2,57
C08_SEQUENCE_GATEWAY_ATTACK,354,1.8652649967289379,1.9055645233916616,2.637883055793871,0.0037133182964917866,0.985749440386373,False,2,57
C08_SEQUENCE_GATEWAY_ATTACK,355,1.8731877122696852,1.9107040633764456,2.6490874675624196,0.00352838955890803,0.9884081268814526,False,2,57
C08_SEQUENCE_GATEWAY_ATTACK,356,1.880603362167499,1.9153090912028121,2.6595747802217184,0.0033443836940455,0.990790309981044,False,2,57
C08_SEQUENCE_GATEWAY_ATTACK,357,1.88751357344387,1.9194001650307004,2.669347294727626,0.003158230105946858,0.9929066244311274,False,2,57
C08_SEQUENCE_GATEWAY_ATTACK,358,1.8939115659044674,1.922956726700171,2.678395422437364,0.0029721590554370597,0.9947464354857226,False,2,57
C08_SEQUENCE_GATEWAY_ATTACK,359,1.8997973242028785,1.9259993343711632,2.6867191416478264,0.0027847985159394676,0.9963203778908097,False,2,57
C08_SEQUENCE_GATEWAY_ATTACK,360,1.905164015577664,1.9284868717237986,2.694308789375119,0.002597202108585064,0.9976071821544282,False,2,57
C08_SEQUENCE_GATEWAY_ATTACK,361,1.9100099144637006,1.9304398969180165,2.7011619253016406,0.0024099294891641,0.9986174830225585,False,2,57
C08_SEQUENCE_GATEWAY_ATTACK,362,1.9143367620329723,1.9318995262736953,2.7072810118164257,0.0022228766657356324,0.9993725499871612,False,2,57
C08_SEQUENCE_GATEWAY_ATTACK,363,1.9181359671842604,1.932762968991139,2.712653899267615,0.002035527832083727,0.9998192093183346,False,2,57
C08_SEQUENCE_GATEWAY_ATTACK,364,1.921407555859643,1.9331124577101044,2.7172806243428473,0.001850607835823816,1.0,False,2,57
C08_SEQUENCE_GATEWAY_ATTACK,365,1.9241532355661257,1.9331124577101044,2.721163601821688,0.0016665004780663942,1.0,False,2,57
C08_SEQUENCE_GATEWAY_ATTACK,366,1.9263696034771014,1.9331124577101044,2.724298019380598,0.0014858818106961373,1.0,False,2,57
C08_SEQUENCE_GATEWAY_ATTACK,367,1.9280549295446097,1.9331124577101044,2.7266814303622895,0.0013101108781401725,1.0004764185522184,True,2,57
C08_SEQUENCE_GATEWAY_ATTACK,368,1.9292092115532309,1.9331124577101044,2.7283138316336846,0.0011403487309616083,1.0010753807043273,True,2,57
C08_SEQUENCE_GATEWAY_ATTACK,369,1.9298307477047643,1.9331124577101044,2.7291928164886885,0.000981374903360227,1.0013978986229604,True,2,57
C08_SEQUENCE_GATEWAY_ATTACK,370,1.9299229543054928,1.9331124577101044,2.7293232163139787,0.0008371826625636645,1.0014457450448906,True,2,57
C08_SEQUENCE_GATEWAY_ATTACK,371,1.9294824095664804,1.9331124577101044,2.7287001919692355,0.0007211731617805511,1.0012171443883713,True,2,57
C08_SEQUENCE_GATEWAY_ATTACK,372,1.9285125261510985,1.9331124577101044,2.7273285696892815,0.00064543364706522,1.0007138674998526,True,2,57
C08_SEQUENCE_GATEWAY_ATTACK,373,1.9270116071276164,1.9331124577101044,2.7252059496502494,0.0006240499273515787,1.0,False,2,57
C08_SEQUENCE_GATEWAY_ATTACK,374,1.9249779238270652,1.9331124577101044,2.7223298871450385,0.0006659855044184024,1.0,False,2,57
C08_SEQUENCE_GATEWAY_ATTACK,375,1.9224217252306341,1.9331124577101044,2.7187148764218465,0.0007540728924618203,1.0,False,2,57
C08_SEQUENCE_GATEWAY_ATTACK,376,1.9193413049609207,1.9329479924305912,2.7143585042986085,0.0008776469623132843,0.9999149220321574,False,2,57
C08_SEQUENCE_GATEWAY_ATTACK,377,1.9157349555513312,1.9322490149926606,2.709258356052911,0.0010244503684283222,0.9995533406688265,False,2,57
C08_SEQUENCE_GATEWAY_ATTACK,378,1.9116060724864403,1.9309949672363733,2.7034192336250897,0.0011836623678697466,0.9989046211640271,False,2,57
C08_SEQUENCE_GATEWAY_ATTACK,379,1.906959787172802,1.9292064073216684,2.6968483939198875,0.0013503270908187047,0.9979793982637394,False,2,57
C08_SEQUENCE_GATEWAY_ATTACK,380,1.901796148281127,1.926883335248546,2.6895459057680835,0.0015237881051675833,0.9967776719679634,False,2,57
C08_SEQUENCE_GATEWAY_ATTACK,381,1.8961219373650626,1.9240668673368844,2.6815213597348198,0.001698180296634179,0.9953207117686598,False,2,57
C08_SEQUENCE_GATEWAY_ATTACK,382,1.8899354243412578,1.920695329106866,2.6727723091127573,0.001875296146727114,0.9935766134278875,False,2,57
C08_SEQUENCE_GATEWAY_ATTACK,383,1.8832451314176426,1.916809836878369,2.6633108061239317,0.002051791966285404,0.9915666464376072,False,2,57
C08_SEQUENCE_GATEWAY_ATTACK,384,1.8760510964925852,1.9123692743315157,2.6531369043647297,0.002229702791895716,0.9892695413058584,False,2,57
C08_SEQUENCE_GATEWAY_ATTACK,385,1.8683635492827078,1.9074147577861837,2.642265070839138,0.00240545027930234,0.9867065675246016,False,2,57
C08_SEQUENCE_GATEWAY_ATTACK,386,1.860185916094949,1.9019874035622517,2.6307001510768973,0.002581679455287261,0.9838989945857974,False,2,57
C08_SEQUENCE_GATEWAY_ATTACK,387,1.851516458940124,1.8960255371799022,2.6184396871901314,0.002758008056764006,0.9808149182515051,False,2,57
C08_SEQUENCE_GATEWAY_ATTACK,388,1.8423653574345527,1.8895291586391352,2.605498075330299,0.002930682521703572,0.9774543385217245,False,2,57
C08_SEQUENCE_GATEWAY_ATTACK,389,1.8327362024566973,1.8825393842598288,2.591880393766424,0.0031042253290810454,0.9738385248884162,False,2,57
C08_SEQUENCE_GATEWAY_ATTACK,390,1.8226373725020315,1.875056214041983,2.577598491480436,0.0032741696160687064,0.9699674773515801,False,2,57
C08_SEQUENCE_GATEWAY_ATTACK,391,1.8120723112849988,1.8670385316657199,2.562657238620006,0.003442327886826853,0.9658199264192558,False,2,57
C08_SEQUENCE_GATEWAY_ATTACK,392,1.8010496907527513,1.8585685697707957,2.5470688991704096,0.003609772552350264,0.9614384110753645,False,2,57
C08_SEQUENCE_GATEWAY_ATTACK,393,1.7895744353760976,1.849584653877393,2.5308404373850513,0.0037733768617497663,0.9567910270819653,False,2,57
C08_SEQUENCE_GATEWAY_ATTACK,394,1.77765353348265,1.8401484584653294,2.5139817362516186,0.003936449777726663,0.951909678676999,False,2,57
C08_SEQUENCE_GATEWAY_ATTACK,395,1.7652903285154424,1.8301983090547873,2.496497524112595,0.004096622850392052,0.9467624616225248,False,2,57
C08_SEQUENCE_GATEWAY_ATTACK,396,1.7524968232689286,1.8198164382855235,2.4784047754826837,0.004254430262245103,0.9413919149024639,False,2,57
C08_SEQUENCE_GATEWAY_ATTACK,397,1.7392779481739793,1.8089617298376595,2.459710463044091,0.004408916180258874,0.9357767690248556,False,2,57
C08_SEQUENCE_GATEWAY_ATTACK,398,1.7256389754217925,1.797613625551256,2.440422042801111,0.004561239682265687,0.9299063892437197,False,2,57
C08_SEQUENCE_GATEWAY_ATTACK,399,1.711591928506339,1.7858543580660702,2.4205565185419857,0.004711229826052582,0.9238233145429775,False,2,57
C08_SEQUENCE_GATEWAY_ATTACK,400,1.697143357540574,1.7736016947423447,2.400123153525291,0.004855957366558782,0.9174850059387075,False,2,57
C08_SEQUENCE_GATEWAY_ATTACK,401,1.682302191540511,1.760958426379776,2.379134575286571,0.005000738496560877,0.9109446371608116,False,2,57
C08_SEQUENCE_GATEWAY_ATTACK,402,1.6670749208515074,1.747862878498546,2.3575999625602555,0.005140724343291436,0.9041703039713487,False,2,57
C08_SEQUENCE_GATEWAY_ATTACK,403,1.651470263816418,1.7343356092585942,2.3355316449450516,0.005278170870971359,0.897172641116299,False,2,57
C08_SEQUENCE_GATEWAY_ATTACK,404,1.6354968417190394,1.7204177349797989,2.312941814777429,0.005413513989847232,0.8899729180876232,False,2,57
C08_SEQUENCE_GATEWAY_ATTACK,405,1.6191645671016708,1.7060681393422816,2.289844490509144,0.0055433221322802794,0.8825498653933609,False,2,57
C08_SEQUENCE_GATEWAY_ATTACK,406,1.6024838525776564,1.6913073805059817,2.266254397799209,0.005669846392778216,0.8749141177794921,False,2,57
C08_SEQUENCE_GATEWAY_ATTACK,407,1.5854618057474712,1.6761765747907773,2.242181588312611,0.005795103050385909,0.8670869447379775,False,2,57
C08_SEQUENCE_GATEWAY_ATTACK,408,1.5681083883099705,1.6606757221966684,2.2176401500189757,0.005916069439269074,0.8590683462688172,False,2,57
C08_SEQUENCE_GATEWAY_ATTACK,409,1.5504320489972971,1.6447637064037768,2.1926420312298847,0.006032387817270595,0.8508370528800506,False,2,57
C08_SEQUENCE_GATEWAY_ATTACK,410,1.532443408963288,1.62850220189192,2.1672022525251413,0.00614671351984711,0.8424249688096186,False,2,57
C08_SEQUENCE_GATEWAY_ATTACK,411,1.5141540971142764,1.6119117668210368,2.141337259661798,0.00625668900835194,0.8338427288035014,False,2,57
C08_SEQUENCE_GATEWAY_ATTACK,412,1.4955692412310095,1.59493072671131,2.1150543044169328,0.006362794354450404,0.8250584286237582,False,2,57
C08_SEQUENCE_GATEWAY_ATTACK,413,1.4767027602020506,1.5776413142024963,2.0883730710715245,0.006466065637356585,0.8161146072543103,False,2,57
C08_SEQUENCE_GATEWAY_ATTACK,414,1.4575629437866415,1.5600024129747172,2.0613052831155216,0.006564561072896015,0.8069899952031968,False,2,57
C08_SEQUENCE_GATEWAY_ATTACK,415,1.4381618893023462,1.542034581187912,2.033868048739492,0.006658972644380243,0.7976952272163983,False,2,57
C08_SEQUENCE_GATEWAY_ATTACK,416,1.4185100112476963,1.5237994933218981,2.0060760962685036,0.006751247409466044,0.7882622075318558,False,2,57
C08_SEQUENCE_GATEWAY_ATTACK,417,1.398613859255459,1.505256033056797,1.977938688282045,0.006839416292048812,0.7786696666576083,False,2,57
C08_SEQUENCE_GATEWAY_ATTACK,418,1.3784853666620223,1.4863836422326697,1.9494727010662807,0.0069221554858298435,0.7689069698476758,False,2,57
C08_SEQUENCE_GATEWAY_ATTACK,419,1.3581369532564462,1.4672645534892728,1.9206956988553407,0.007002813282175956,0.7590166560859795,False,2,57
C08_SEQUENCE_GATEWAY_ATTACK,420,1.3375799981257044,1.4478782086666673,1.8916237741083501,0.007077862404010088,0.748988090626539,False,2,57
C08_SEQUENCE_GATEWAY_ATTACK,421,1.3168216639831096,1.4282040496049135,1.8622670564316202,0.00714961968611798,0.7399872362742829,False,2,57
C08_SEQUENCE_GATEWAY_ATTACK,422,1.2958773624307622,1.4083243089437687,1.8326473411218587,0.007217808682851016,0.7470448126842237,False,2,57
C08_SEQUENCE_GATEWAY_ATTACK,423,1.274752090775489,1.388177312203415,1.8027716954381554,0.007281959166679785,0.7536844021055016,False,2,57
C08_SEQUENCE_GATEWAY_ATTACK,424,1.2534597073014286,1.3678041757037307,1.7726597179538903,0.00734196510213215,0.759895029843039,False,2,57
C08_SEQUENCE_GATEWAY_ATTACK,425,1.2320120650384392,1.3472254576046552,1.7423281713846441,0.007397800735426916,0.7656740303747236,False,2,57
C08_SEQUENCE_GATEWAY_ATTACK,426,1.21041777479469,1.3264411579061883,1.7117892332521132,0.007450214063073418,0.7710988215065345,False,2,57
C08_SEQUENCE_GATEWAY_ATTACK,427,1.1886886792788465,1.30545127660833,1.681059651675507,0.00749779904941622,0.7760238782337237,False,2,57
C08_SEQUENCE_GATEWAY_ATTACK,428,1.1668337735863512,1.2842763718710195,1.6501521476407952,0.0075426700912678895,0.7806680410992024,False,2,57
C08_SEQUENCE_GATEWAY_ATTACK,429,1.1448664412234029,1.2629370018541959,1.6190856482839562,0.007582666832700765,0.7848077127813701,False,2,57
C08_SEQUENCE_GATEWAY_ATTACK,430,1.1227953371207249,1.24141260839792,1.5878723935254007,0.00761856416558997,0.7885230947625792,False,2,57
C08_SEQUENCE_GATEWAY_ATTACK,431,1.1006342649633565,1.2197854241419486,1.5565319047237214,0.0076516502737470835,0.7919475143553852,False,2,57
C08_SEQUENCE_GATEWAY_ATTACK,432,1.0783880593834392,1.1979732164465247,1.5250710190812624,0.007679953823465932,0.7948769380803798,False,2,57
C08_SEQUENCE_GATEWAY_ATTACK,433,1.0560739314819838,1.1760582179514054,1.4935140767704964,0.0077040811997537186,0.7973741269214052,False,2,57
C08_SEQUENCE_GATEWAY_ATTACK,434,1.033698672530013,1.153999312336712,1.461870682099009,0.007724094830230881,0.7994455421511363,False,2,57
C08_SEQUENCE_GATEWAY_ATTACK,435,1.0112746286958216,1.131837615922323,1.4301582951854468,0.007740659719208808,0.8011600118645068,False,2,57
C08_SEQUENCE_GATEWAY_ATTACK,436,0.9888105330112279,1.1095936868681773,1.3983892664018476,0.007754464058560728,0.8025887640742856,False,2,57
C08_SEQUENCE_GATEWAY_ATTACK,437,0.9663178290988856,1.0872469670143359,1.3665797794745707,0.00776274305913831,0.8034456424853726,False,2,57
C08_SEQUENCE_GATEWAY_ATTACK,438,0.9438072049318813,1.0648385726806773,1.3347449494801096,0.007768262940474436,0.8040169514379891,False,2,57
C08_SEQUENCE_GATEWAY_ATTACK,439,0.9212871578663956,1.042327387547323,1.3028967934948192,0.00776895367156567,0.8040884422603896,False,2,57
C08_SEQUENCE_GATEWAY_ATTACK,440,0.8987718379003152,1.0197956442540292,1.2710553226376187,0.007766883337916915,0.8038741622647861,False,2,57
C08_SEQUENCE_GATEWAY_ATTACK,441,0.8762678188395461,0.9972022264809184,1.2392298336739764,0.0077606690231219405,0.8032309792938933,False,2,57
C08_SEQUENCE_GATEWAY_ATTACK,442,0.85378728655537,0.9745882505478684,1.2074375600283282,0.007751006744845445,0.8022309313316471,False,2,57
C08_SEQUENCE_GATEWAY_ATTACK,443,0.8313373045899136,0.95193315829494,1.1756884910577485,0.0077378808512765605,0.800872398412123,False,2,57
C08_SEQUENCE_GATEWAY_ATTACK,444,0.808930054307645,0.9292986242019508,1.1439998538130758,0.007722009043262106,0.7992296627334551,False,2,57
C08_SEQUENCE_GATEWAY_ATTACK,445,0.7865734446983064,0.9066435319490225,1.1123828332948684,0.007701309059211334,0.7970872097553765,False,2,57
C08_SEQUENCE_GATEWAY_ATTACK,446,0.7642767683905419,0.8839884396960941,1.0808505712645853,0.007677828476851271,0.7946569642305034,False,2,57
C08_SEQUENCE_GATEWAY_ATTACK,447,0.7420504607629184,0.8613333474431657,1.0494178255761233,0.007650194998202448,0.7917968930110942,False,2,57
C08_SEQUENCE_GATEWAY_ATTACK,448,0.7199052919631089,0.8387399296700548,1.0180998275183912,0.007620511613843996,0.7887246560923492,False,2,57
C08_SEQUENCE_GATEWAY_ATTACK,449,0.6978462370048102,0.816167070056883,0.9869036128232317,0.007587356672680692,0.7852931122680104,False,2,57
C08_SEQUENCE_GATEWAY_ATTACK,450,0.6758853523907571,0.7936353267635895,0.9558462319603273,0.007550072567195706,0.7814341990130349,False,2,57
C08_SEQUENCE_GATEWAY_ATTACK,451,0.6540302474643592,0.7711652579501134,0.9249384461663284,0.0075106970451840095,0.7773588236798732,False,2,57
C08_SEQUENCE_GATEWAY_ATTACK,452,0.6322909086638138,0.7487568636164547,0.8941943783975733,0.007467203033176865,0.7728571837112271,False,2,57
C08_SEQUENCE_GATEWAY_ATTACK,453,0.6106749117255386,0.7264307019225524,0.8636247423632493,0.00742162330619992,0.76813967177681,False,2,57
C08_SEQUENCE_GATEWAY_ATTACK,454,0.5891894221899862,0.7041662147084677,0.8332396716678457,0.0073725562285360926,0.763061218266477,False,2,57
C08_SEQUENCE_GATEWAY_ATTACK,455,0.5678453771861142,0.6820045182940787,0.8030546337474684,0.007320747106322075,0.7576989625320375,False,2,57
C08_SEQUENCE_GATEWAY_ATTACK,456,0.5466499262435609,0.6599661708393244,0.773079739563896,0.007266899774943272,0.752125751693269,False,2,57
C08_SEQUENCE_GATEWAY_ATTACK,457,0.5256097073951632,0.6380100560243267,0.7433243767131938,0.007208892139862575,0.7461219484910487,False,2,57
C08_SEQUENCE_GATEWAY_ATTACK,458,0.5047333241352848,0.6161772901689638,0.7138007123737753,0.0071494613441510846,0.7399708478453015,False,2,57
C08_SEQUENCE_GATEWAY_ATTACK,459,0.4840294568816367,0.5944678732732358,0.6845210225100938,0.007086610130233344,0.7334657331503511,False,2,57
C08_SEQUENCE_GATEWAY_ATTACK,460,0.4635059028665103,0.5728818053371425,0.6554963340738053,0.0070209687467031965,0.7266718352765933,False,2,57
C08_SEQUENCE_GATEWAY_ATTACK,461,0.44317092354645987,0.5514602026805624,0.6267383305288136,0.006953970426295936,0.7197374941326231,False,2,57
C08_SEQUENCE_GATEWAY_ATTACK,462,0.4230276242138337,0.530161948983617,0.5982514034216728,0.006884793896156499,0.7125777077942925,False,2,57
C08_SEQUENCE_GATEWAY_ATTACK,463,0.40308762586984415,0.5090487187261239,0.5700519873299056,0.006813647738705718,0.7052140645888,False,2,57
C08_SEQUENCE_GATEWAY_ATTACK,464,0.3833552821424406,0.48807939558820473,0.5421462392132038,0.006739699358356132,0.6975603906866624,False,2,57
C08_SEQUENCE_GATEWAY_ATTACK,465,0.3638410888873732,0.46727453772979866,0.514549002453118,0.006663000789565472,0.6896220716658908,False,2,57
C08_SEQUENCE_GATEWAY_ATTACK,466,0.3445517499780956,0.44665470331084484,0.4872697577584066,0.00658556080883112,0.6816070163431565,False,2,57
C08_SEQUENCE_GATEWAY_ATTACK,467,0.3254947506317526,0.4262198923313432,0.4603190908246731,0.006506069531139859,0.6733796513266815,False,2,57
C08_SEQUENCE_GATEWAY_ATTACK,468,0.30667839566202304,0.405990662951233,0.43370874643205515,0.006425246477594906,0.6650144472115446,False,2,57
C08_SEQUENCE_GATEWAY_ATTACK,469,0.28811068993977307,0.38592589885063583,0.40745004517749667,0.006340941293021123,0.6562888417562676,False,2,57
C08_SEQUENCE_GATEWAY_ATTACK,470,0.2698024823429448,0.3660872745093692,0.3815583296913201,0.006257279632866998,0.6476298412223267,False,2,57
C08_SEQUENCE_GATEWAY_ATTACK,471,0.25176321312594624,0.34645423176749385,0.35604695050934115,0.006170947460623643,0.6386944420899845,False,2,57
C08_SEQUENCE_GATEWAY_ATTACK,472,0.23400358786105743,0.32702677062500995,0.3309310475970716,0.0060838355221996395,0.6296783369835778,False,2,57
C08_SEQUENCE_GATEWAY_ATTACK,473,0.21653968780111246,0.30778433292197827,0.30623336328036904,0.00599325435410183,0.620303165830161,False,2,57
C08_SEQUENCE_GATEWAY_ATTACK,474,0.1993911738705419,0.2887885931382162,0.28198170230521225,0.005903330717602868,0.6109960493442587,False,2,57
C08_SEQUENCE_GATEWAY_ATTACK,475,0.18257670952136013,0.27001899311378463,0.25820245877856046,0.005812042236412077,0.6015476711275527,False,2,57
C08_SEQUENCE_GATEWAY_ATTACK,476,0.16612329441914472,0.2514960910086227,0.23493381599365318,0.0057207622010205334,0.5921001670529572,False,2,57
C08_SEQUENCE_GATEWAY_ATTACK,477,0.1500660918878033,0.23317877050285216,0.2122255024000585,0.005626702117180809,0.582364927342315,False,2,57
C08_SEQUENCE_GATEWAY_ATTACK,478,0.13445947150754206,0.21510814791635122,0.19015440819548474,0.005531971520692035,0.5725602894225595,False,2,57
C08_SEQUENCE_GATEWAY_ATTACK,479,0.11937443703683483,0.19728422324911993,0.16882094785814492,0.0054371904413047815,0.5627504265115228,False,2,57
C08_SEQUENCE_GATEWAY_ATTACK,480,0.10491751345930232,0.17972755466109744,0.1483757704646071,0.005343121855994682,0.5530143068967958,False,2,57
C08_SEQUENCE_GATEWAY_ATTACK,481,0.09124939357002011,0.16237646767246627,0.12904612994504272,0.005246219219264164,0.5429848623263194,False,2,57
C08_SEQUENCE_GATEWAY_ATTACK,482,0.07863456556304077,0.14531319492298306,0.11120606909056859,0.005150133003811883,0.5330399175407046,False,2,57
C08_SEQUENCE_GATEWAY_ATTACK,483,0.0674797412239226,0.12847606193283032,0.09543076522429818,0.005053820885929978,0.5230715918031084,False,2,57
C08_SEQUENCE_GATEWAY_ATTACK,484,0.058423301574976536,0.1119267431818255,0.08262302544594523,0.0049570913657205435,0.5130600648312755,False,2,57
C08_SEQUENCE_GATEWAY_ATTACK,485,0.05233061361515372,0.09560356419015116,0.07400666350185653,0.0048594905036336965,0.5029583537802856,False,2,57
C08_SEQUENCE_GATEWAY_ATTACK,486,0.050063779479287085,0.0797164237708043,0.07080087592326365,0.004761926094303837,0.49286041559779525,False,2,57
C08_SEQUENCE_GATEWAY_ATTACK,487,0.0519041652883315,0.09262694821258198,0.07340357449441323,0.004664240462653775,0.4827499308780568,False,2,57
C08_SEQUENCE_GATEWAY_ATTACK,488,0.05726551465556576,0.10529077473509002,0.08098566748217634,0.004567988937080642,0.4727878764579679,False,2,57
C08_SEQUENCE_GATEWAY_ATTACK,489,0.06510749161163426,0.11764622885851102,0.09207589764926569,0.004470571795609508,0.46270518053178694,False,2,57
C08_SEQUENCE_GATEWAY_ATTACK,490,0.07451415076183314,0.12979610138254064,0.10537892259609792,0.00437426252916076,0.45273714991816016,False,2,57
C08_SEQUENCE_GATEWAY_ATTACK,491,0.0848423866516633,0.1416787178273615,0.11998525386688427,0.004277233386893287,0.44269461199632043,False,2,57
C08_SEQUENCE_GATEWAY_ATTACK,492,0.09568783399617807,0.15331463635291273,0.13532303259150036,0.004181657159765288,0.43280245111630966,False,2,57
C08_SEQUENCE_GATEWAY_ATTACK,493,0.10679969535473718,0.1647038569591943,0.15103757762798417,0.004086779903118012,0.42298263383735396,False,2,57
C08_SEQUENCE_GATEWAY_ATTACK,494,0.11802069529767703,0.17584637964620625,0.16690646793067743,0.003991034042384496,0.41307291584123956,False,2,57
C08_SEQUENCE_GATEWAY_ATTACK,495,0.1292484344266591,0.18674220441394856,0.18278488888167094,0.0038975680621455315,0.4033991659861264,False,2,57
C08_SEQUENCE_GATEWAY_ATTACK,496,0.1404214389478451,0.1974324475822995,0.19858590340798807,0.0038052762458702354,0.3938469423638134,False,2,57
C08_SEQUENCE_GATEWAY_ATTACK,497,0.15149035189970292,0.20785543467144166,0.21423971022523264,0.003713154479369348,0.38431231893117734,False,2,57
C08_SEQUENCE_GATEWAY_ATTACK,498,0.16242537006563396,0.21805228200125334,0.22970416122028844,0.003621626428105622,0.37483914515835104,False,2,57
C08_SEQUENCE_GATEWAY_ATTACK,499,0.17320477820813543,0.2280229895717345,0.244948546409769,0.0035307037945439216,0.36542863225306477,False,2,57
C08_SEQUENCE_GATEWAY_ATTACK,500,0.1838150753199722,0.2377881155428243,0.25995377248613666,0.003443406755678168,0.3563933692095458,False,2,57
C08_SEQUENCE_GATEWAY_ATTACK,501,0.19424329812686564,0.24728598543470534,0.27470150661109377,0.0033540177971637195,0.3471415920146026,False,2,57
C08_SEQUENCE_GATEWAY_ATTACK,502,0.2044855312364125,0.2566193900470733,0.28918621158360175,0.0032678970272284873,0.33822807306842373,False,2,57
C08_SEQUENCE_GATEWAY_ATTACK,503,0.21453415823207625,0.2657060967401716,0.3033971161640978,0.0031819199228651975,0.3293294235410667,False,2,57
C08_SEQUENCE_GATEWAY_ATTACK,504,0.22439069480432536,0.2746283381537568,0.3173363638625989,0.003098494140822474,0.32069483644440183,False,2,57
C08_SEQUENCE_GATEWAY_ATTACK,505,0.23405327640543686,0.28334499796795065,0.3310013178104275,0.003016485864067399,0.31220696146198373,False,2,57
C08_SEQUENCE_GATEWAY_ATTACK,506,0.24352091873244913,0.2918560761827531,0.3443905859929859,0.002935934572918966,0.30386988481565674,False,2,57
C08_SEQUENCE_GATEWAY_ATTACK,507,0.25279332355352396,0.30016157279816424,0.35750374664676354,0.0028552606167652206,0.29552011231385017,False,2,57
C08_SEQUENCE_GATEWAY_ATTACK,508,0.26187218535581225,0.30830260413406224,0.3703431961384707,0.002778090561373681,0.2875329943244561,False,2,57
C08_SEQUENCE_GATEWAY_ATTACK,509,0.27075929078392025,0.3162380538705689,0.3829114611651406,0.0027017033893788475,0.2796269049416855,False,2,57
C08_SEQUENCE_GATEWAY_ATTACK,510,0.279462106493709,0.32405015464744075,0.39521910117275744,0.0026285142936145027,0.2720518171639078,False,2,57
C08_SEQUENCE_GATEWAY_ATTACK,511,0.28798010537625,0.33165667382492126,0.40726537071672586,0.0025554032853777266,0.264484811462695,False,2,57
C08_SEQUENCE_GATEWAY_ATTACK,512,0.2963175654702322,0.33911928588282775,0.4190563198573799,0.002486607953469293,0.25736447922651484,False,2,57
C08_SEQUENCE_GATEWAY_ATTACK,513,0.30448096195734503,0.3464174326612212,0.4306011058844838,0.0024175885052600972,0.25022095090309016,False,2,57
C08_SEQUENCE_GATEWAY_ATTACK,514,0.31247177078533844,0.35357167232004066,0.44190181610336265,0.0023521894595091722,0.24345213504367216,False,2,57
C08_SEQUENCE_GATEWAY_ATTACK,515,0.3202951916401662,0.36056144669934703,0.4529658039804126,0.002286660206680232,0.2366698427225634,False,2,57
C08_SEQUENCE_GATEWAY_ATTACK,516,0.32795459982373387,0.3674278721190186,0.4637978429133655,0.0022238232381040332,0.23016620242364802,False,2,57
C08_SEQUENCE_GATEWAY_ATTACK,517,0.33545426430983905,0.37415039041911624,0.4744039701428633,0.0021631547508182743,0.2238870004231978,False,2,57
C08_SEQUENCE_GATEWAY_ATTACK,518,0.34280035727521546,0.380749559759579,0.4847929144449522,0.0021053150006639042,0.21790057334839397,False,2,57
C08_SEQUENCE_GATEWAY_ATTACK,519,0.35000088884668473,0.38724593830034615,0.49497600384961965,0.002049363543252772,0.2121095849947655,False,2,57
C08_SEQUENCE_GATEWAY_ATTACK,520,0.35705891933053435,0.39361896788147843,0.5049575662835226,0.0019963687588020183,0.20662461295369217,False,2,57
C08_SEQUENCE_GATEWAY_ATTACK,521,0.36398234084585285,0.39988920666291505,0.5147487628885117,0.0019437778094995473,0.2068628780845008,False,2,57
C08_SEQUENCE_GATEWAY_ATTACK,522,0.3707748568205551,0.40607721280459513,0.5243548311025715,0.0018954537976716142,0.21006393662457673,False,2,57
C08_SEQUENCE_GATEWAY_ATTACK,523,0.3774442178749411,0.4121624281465795,0.533786731958047,0.0018484723618980463,0.21321182143475104,False,2,57
C08_SEQUENCE_GATEWAY_ATTACK,524,0.38399545050032646,0.4181654108488073,0.5430515739871281,0.0018042884180992052,0.21631716726100408,False,2,57
C08_SEQUENCE_GATEWAY_ATTACK,525,0.39043316434492015,0.4240656027513395,0.5521558762168296,0.0017615505593643126,0.21936933935735553,False,2,57
C08_SEQUENCE_GATEWAY_ATTACK,526,0.3967659859642338,0.4299246783339934,0.5611118384389525,0.0017229521862095704,0.22240024196174635,False,2,57
C08_SEQUENCE_GATEWAY_ATTACK,527,0.40299837842877184,0.4356809631169516,0.5699257723883341,0.001685128095052301,0.22537797083623556,False,2,57
C08_SEQUENCE_GATEWAY_ATTACK,528,0.4091372650629759,0.4413961315800315,0.5786074691242964,0.00165076304744471,0.22833443021876415,False,2,57
C08_SEQUENCE_GATEWAY_ATTACK,529,0.41519100569116485,0.44707018372323315,0.5871687512237702,0.0016191490875416884,0.23126962010933208,False,2,57
C08_SEQUENCE_GATEWAY_ATTACK,530,0.42116262856428816,0.45266200322667827,0.5956139012803185,0.0015882888879912144,0.23416227101597878,False,2,57
C08_SEQUENCE_GATEWAY_ATTACK,531,0.42706095053934456,0.4582538227301234,0.6039553882126867,0.0015615324112098268,0.23705492192262545,False,2,57
C08_SEQUENCE_GATEWAY_ATTACK,532,0.4328907043138559,0.4637839677537511,0.6121999050658963,0.0015362503128547797,0.23991566859133115,False,2,57
C08_SEQUENCE_GATEWAY_ATTACK,533,0.4386568619257787,0.4692729964575005,0.6203544833634583,0.0015123415912503058,0.24275514576807622,False,2,57
C08_SEQUENCE_GATEWAY_ATTACK,534,0.44436826964812765,0.47478258332118906,0.6284316336246467,0.001492563027182054,0.24560525769080163,False,2,57
C08_SEQUENCE_GATEWAY_ATTACK,535,0.4500297320181201,0.48025105386499933,0.6364381504911549,0.001474239592064708,0.2484341001215664,False,2,57
C08_SEQUENCE_GATEWAY_ATTACK,536,0.4556462710067684,0.4856989662488705,0.6443811361024986,0.0014587947896848032,0.2512523078063508,False,2,57
C08_SEQUENCE_GATEWAY_ATTACK,537,0.4612280805014944,0.49116743679268077,0.652275006792523,0.0014453580642333486,0.2540811502371156,False,2,57
C08_SEQUENCE_GATEWAY_ATTACK,538,0.46677686343997005,0.4966153491765519,0.6601221708787798,0.001434827200672519,0.2568993579219,False,2,57
C08_SEQUENCE_GATEWAY_ATTACK,539,0.47230450872806684,0.5021043778803014,0.667939441813194,0.0014270551780559634,0.2597388350986451,False,2,57
C08_SEQUENCE_GATEWAY_ATTACK,540,0.4778143911789137,0.5075934065840508,0.6757315923022632,0.0014206981478425433,0.2625783122753902,False,2,57
C08_SEQUENCE_GATEWAY_ATTACK,541,0.4833134885913649,0.5131235516076785,0.6835084904437624,0.001418583997843891,0.2654390589440959,False,2,57
C08_SEQUENCE_GATEWAY_ATTACK,542,0.48880641892673427,0.518633138471367,0.6912766670212123,0.0014157676954812438,0.2682891708668213,False,2,57
C08_SEQUENCE_GATEWAY_ATTACK,543,0.494298684075583,0.524204399814873,0.6990439028828632,0.0014171765462543875,0.2711711870274876,False,2,57
C08_SEQUENCE_GATEWAY_ATTACK,544,0.4997986692908012,0.5298167774782573,0.7068220565670764,0.0014213947200933457,0.27407447268011464,False,2,57
C08_SEQUENCE_GATEWAY_ATTACK,545,0.5053149019260782,0.5354908296214589,0.7146231875730903,0.001427058886110665,0.27700966257068255,False,2,57
C08_SEQUENCE_GATEWAY_ATTACK,546,0.5108456003801412,0.5411648817646606,0.722444776336222,0.0014340707356906685,0.27994485246125056,False,2,57
C08_SEQUENCE_GATEWAY_ATTACK,547,0.5163992262007931,0.5469006083876796,0.7302987892921333,0.0014438814268045613,0.28291194658975943,False,2,57
C08_SEQUENCE_GATEWAY_ATTACK,548,0.5219843754893183,0.5527185676504552,0.7381973831638441,0.0014558600048229175,0.2859215797021896,False,2,57
C08_SEQUENCE_GATEWAY_ATTACK,549,0.5276045519368444,0.5585982013930483,0.7461455129188653,0.0014705979291489606,0.2889631170525607,False,2,57
C08_SEQUENCE_GATEWAY_ATTACK,550,0.5332645997539145,0.5645189514555196,0.7541500293054461,0.0014853392473292404,0.2920259238948925,False,2,57
C08_SEQUENCE_GATEWAY_ATTACK,551,0.538968155465992,0.5705219341577474,0.7622160751472166,0.0015028759557436792,0.29513126972114556,False,2,57
C08_SEQUENCE_GATEWAY_ATTACK,552,0.5447238228458994,0.576627707659671,0.7703558180163901,0.0015226178663004161,0.2982897892773002,False,2,57
C08_SEQUENCE_GATEWAY_ATTACK,553,0.5505314833841192,0.5827745974814728,0.7785690903151995,0.001544233717328257,0.3014695783254155,False,2,57
C08_SEQUENCE_GATEWAY_ATTACK,554,0.5564012519635664,0.5890242781029702,0.7868701966482452,0.001567362213062398,0.3047025411034323,False,2,57
C08_SEQUENCE_GATEWAY_ATTACK,555,0.5623367510759735,0.5953767495241633,0.7952642599924648,0.001592628876054635,0.3079886776113508,False,2,57
C08_SEQUENCE_GATEWAY_ATTACK,556,0.5683395349207611,0.6017908954251739,0.8037534783177575,0.0016178541817933908,0.31130671835721024,False,2,57
C08_SEQUENCE_GATEWAY_ATTACK,557,0.5744149868392494,0.6083283902858193,0.8123454648184294,0.0016472002380693424,0.31468856757895153,False,2,57
C08_SEQUENCE_GATEWAY_ATTACK,558,0.5805677824049342,0.6149275596262821,0.8210468317539299,0.001676430308614261,0.31810232103863384,False,2,57
C08_SEQUENCE_GATEWAY_ATTACK,559,0.586805014741989,0.6216706360863189,0.8298676103166648,0.0017079599416412112,0.3215905177201784,False,2,57
C08_SEQUENCE_GATEWAY_ATTACK,560,0.5931248463988756,0.628475387026173,0.8388052019577488,0.00173932874361253,0.32511061863966384,False,2,57
C08_SEQUENCE_GATEWAY_ATTACK,561,0.5995325013142893,0.635403486925662,0.8478669944421333,0.001773439683132536,0.3286945280350312,False,2,57
C08_SEQUENCE_GATEWAY_ATTACK,562,0.6060347445724416,0.6424549357847857,0.8570625550436612,0.0018090057016252102,0.3323422459062805,False,2,57
C08_SEQUENCE_GATEWAY_ATTACK,563,0.6126332605382846,0.6496091754436053,0.866394265814092,0.001844617485046691,0.3360431375074314,False,2,57
C08_SEQUENCE_GATEWAY_ATTACK,564,0.6193263029783678,0.6568456477421812,0.8758596572063962,0.0018813587821509558,0.3397865680925035,False,2,57
C08_SEQUENCE_GATEWAY_ATTACK,565,0.6261205626921074,0.6642054690003921,0.8854681914398519,0.001918888805522534,0.3435938071534576,False,2,57
C08_SEQUENCE_GATEWAY_ATTACK,566,0.6330196912391617,0.6717091973781769,0.8952250325996515,0.001957957082037433,0.34747548943627393,False,2,57
C08_SEQUENCE_GATEWAY_ATTACK,567,0.640021848084383,0.6792951583957183,0.9051275777760271,0.0019974668071924342,0.3513997107030115,False,2,57
C08_SEQUENCE_GATEWAY_ATTACK,568,0.6471338538490315,0.6870250265328336,0.9151854727840687,0.0020378623460305893,0.3553983751916113,False,2,57
C08_SEQUENCE_GATEWAY_ATTACK,569,0.6543540370853338,0.6948576854696445,0.9253963538396662,0.0020794357931304148,0.35945021341011274,False,2,57
C08_SEQUENCE_GATEWAY_ATTACK,570,0.6616873414607941,0.7028136933660903,0.9357672123444523,0.002120478558637686,0.36356586010449604,False,2,57
C08_SEQUENCE_GATEWAY_ATTACK,571,0.6691322865769056,0.710893050222171,0.9462959546987804,0.0021634516449085405,0.3677453152747613,False,2,57
C08_SEQUENCE_GATEWAY_ATTACK,572,0.6766937759879315,0.7190957560378863,0.9569895155755938,0.002206479928889621,0.37198857892090836,False,2,57
C08_SEQUENCE_GATEWAY_ATTACK,573,0.6843700624597505,0.7274012526532975,0.9678454240127013,0.0022488001796771,0.3762850162969571,False,2,57
C08_SEQUENCE_GATEWAY_ATTACK,574,0.6921612395026691,0.7358300982283434,0.9788638122536467,0.002291800745004745,0.3806452621488878,False,2,57
C08_SEQUENCE_GATEWAY_ATTACK,575,0.7000689903262552,0.7443822927630241,0.9900470607162293,0.0023360830517634725,0.3850693164767003,False,2,57
C08_SEQUENCE_GATEWAY_ATTACK,576,0.7080947460052908,0.7530372780974006,1.001397193245814,0.002379639130919041,0.38954654453441445,False,2,57
C08_SEQUENCE_GATEWAY_ATTACK,577,0.7162403854825256,0.761836170551351,1.0129168670687214,0.0024233753234177064,0.39409821581399085,False,2,57
C08_SEQUENCE_GATEWAY_ATTACK,578,0.724500712072222,0.770717295645058,1.024598732961501,0.0024668766673852107,0.3986924260774885,False,2,57
C08_SEQUENCE_GATEWAY_ATTACK,579,0.7328789979389287,0.7797217696983997,1.0364474184636365,0.002509801058491412,0.40335044481686805,False,2,57
C08_SEQUENCE_GATEWAY_ATTACK,580,0.7413737136940497,0.7888495927113763,1.0484607606930332,0.002553396717064768,0.4080722720321296,False,2,57
C08_SEQUENCE_GATEWAY_ATTACK,581,0.7499828775583757,0.7980596483641094,1.0606359569906552,0.0025955324511101607,0.4128366382313123,False,2,57
C08_SEQUENCE_GATEWAY_ATTACK,582,0.7587065887625625,0.8073930529764773,1.0729731476898423,0.002637729339805018,0.41766481290637697,False,2,57
C08_SEQUENCE_GATEWAY_ATTACK,583,0.7675431229008948,0.816829248388541,1.0854698941126448,0.0026792379092351356,0.42254616131134326,False,2,57
C08_SEQUENCE_GATEWAY_ATTACK,584,0.7764907758066745,0.8263682346003003,1.0981237862034054,0.002720696683171363,0.4274806834462111,False,2,57
C08_SEQUENCE_GATEWAY_ATTACK,585,0.7855476265465647,0.8359894534518161,1.110932107352147,0.0027607375376247838,0.4324577445650002,False,2,57
C08_SEQUENCE_GATEWAY_ATTACK,586,0.794713836554716,0.8457340212629668,1.1238950858612344,0.0028008634416793,0.4374986141596713,False,2,57
C08_SEQUENCE_GATEWAY_ATTACK,587,0.8039859195497338,0.855560821713874,1.1370077913842376,0.002840223093364442,0.4425820227382636,False,2,57
C08_SEQUENCE_GATEWAY_ATTACK,588,0.8133620162316929,0.8654698548045378,1.1502675944739857,0.0028775607347583864,0.44770797030077714,False,2,57
C09_RESTRAINT_DOMAIN_ATTACK,0,0.0995181222396125,0.1738316799721709,0.14073987817316352,0.009878426078661845,1.0224193081041815,True,2,57
C09_RESTRAINT_DOMAIN_ATTACK,1,0.10824429860271077,0.20156463773006592,0.15308055513351662,0.009851501044939651,1.0196325610930972,True,2,57
C09_RESTRAINT_DOMAIN_ATTACK,2,0.1229078145756462,0.22917424652832613,0.17381789829451644,0.009821118440573342,1.016487954747183,True,2,57
C09_RESTRAINT_DOMAIN_ATTACK,3,0.14162371189786735,0.2566399482070124,0.20028617411958388,0.009786586400144223,1.0129138808408924,True,2,57
C09_RESTRAINT_DOMAIN_ATTACK,4,0.16294460692271945,0.28392062644624644,0.23043847302566275,0.009747240839334922,1.0088416064988783,True,2,57
C09_RESTRAINT_DOMAIN_ATTACK,5,0.1859230355216163,0.3110368394059674,0.2629348783922445,0.009703739808095102,1.0043392400380808,True,2,57
C09_RESTRAINT_DOMAIN_ATTACK,6,0.20996142564775025,0.3379680289262361,0.2969302957262386,0.009656097837705956,0.9994082854493525,False,2,57
C09_RESTRAINT_DOMAIN_ATTACK,7,0.2346793803751137,0.3646936368471135,0.3318867625358002,0.009604334296370925,0.9940507473460808,False,2,57
C09_RESTRAINT_DOMAIN_ATTACK,8,0.25983279078634736,0.39123422132853863,0.3674590566793034,0.00954838381550167,0.988259860064755,False,2,57
C09_RESTRAINT_DOMAIN_ATTACK,9,0.285250381460063,0.4175281078906941,0.40340495813291993,0.009487641340550005,0.9819730003243387,False,2,57
C09_RESTRAINT_DOMAIN_ATTACK,10,0.31081577553013245,0.4435958546935191,0.43955988515422484,0.009423465941919871,0.9753308322155483,False,2,57
C09_RESTRAINT_DOMAIN_ATTACK,11,0.33644853258203283,0.46945801989695274,0.47581007781803697,0.009355058423363547,0.9682506387480323,False,2,57
C09_RESTRAINT_DOMAIN_ATTACK,12,0.3620809451961603,0.4950529290211776,0.5120597833732793,0.009283275516777215,0.9608210918646237,False,2,57
C09_RESTRAINT_DOMAIN_ATTACK,13,0.3876661336398397,0.5204011402261328,0.5482427038662021,0.009207311256903872,0.9529587739809968,False,2,57
C09_RESTRAINT_DOMAIN_ATTACK,14,0.4131613715546579,0.5454615371919401,0.5842984151012667,0.009126531278114816,0.9445980281127273,False,2,57
C09_RESTRAINT_DOMAIN_ATTACK,15,0.4385326589741022,0.5702341199185995,0.6201788338647107,0.009042351634914531,0.9358854162176803,False,2,57
C09_RESTRAINT_DOMAIN_ATTACK,16,0.4637581317294954,0.5947600047259892,0.6558530395526608,0.008955325898599988,0.9268782330488788,False,2,57
C09_RESTRAINT_DOMAIN_ATTACK,17,0.4888078703785561,0.6189364008144137,0.6912787196840638,0.008862877163360715,0.9173097682787049,False,2,57
C09_RESTRAINT_DOMAIN_ATTACK,18,0.5136653912899566,0.6428455408236293,0.7264325628839393,0.008768301770462665,0.9075211939652952,False,2,57
C09_RESTRAINT_DOMAIN_ATTACK,19,0.5383133260299386,0.666446308433758,0.7612900064777088,0.00866953129767885,0.8972984279456268,False,2,57
C09_RESTRAINT_DOMAIN_ATTACK,20,0.562735143972725,0.6897387036447996,0.7958276726302038,0.008568731314711718,0.8868656071681563,False,2,57
C09_RESTRAINT_DOMAIN_ATTACK,21,0.586911184343721,0.7126404938169976,0.830017756807346,0.008462551336111413,0.8758759556396057,False,2,57
C09_RESTRAINT_DOMAIN_ATTACK,22,0.6108326770809895,0.7352544697500476,0.8638478562686006,0.008353411800943851,0.8645799893445432,False,2,57
C09_RESTRAINT_DOMAIN_ATTACK,23,0.6344821841749176,0.7574983988041932,0.8972933099442725,0.00824092604718709,0.8529376886772345,False,2,57
C09_RESTRAINT_DOMAIN_ATTACK,24,0.6578492418222796,0.7793928391393735,0.9303393197819256,0.008124946629471046,0.8409337930089048,False,2,57
C09_RESTRAINT_DOMAIN_ATTACK,25,0.6809228723765001,0.8009377907555885,0.9629703610448905,0.008006922594113224,0.8287182789574442,False,2,57
C09_RESTRAINT_DOMAIN_ATTACK,26,0.7036913795132093,0.8220921373329599,0.9951698926326132,0.007885551582890123,0.8161563521554939,False,2,57
C09_RESTRAINT_DOMAIN_ATTACK,27,0.7261457858560436,0.8428764370314268,1.026925218617686,0.007759908041028349,0.8031522174770397,False,2,57
C09_RESTRAINT_DOMAIN_ATTACK,28,0.748274892656415,0.8632906898509893,1.058220501577974,0.007633709042662226,0.7900905929261769,False,2,57
C09_RESTRAINT_DOMAIN_ATTACK,29,0.7700728174753062,0.8833143376317082,1.089047422488439,0.007503276922887817,0.7765908393629678,False,2,57
C09_RESTRAINT_DOMAIN_ATTACK,30,0.7915285482816863,0.9029473803735835,1.119390407985448,0.007370057921282013,0.7628026429070212,False,2,57
C09_RESTRAINT_DOMAIN_ATTACK,31,0.8126322853772411,0.922169259916676,1.1492355992027377,0.00723337278760391,0.748655701006513,False,2,57
C09_RESTRAINT_DOMAIN_ATTACK,32,0.8333745962084803,0.9409799762609858,1.1785696564952346,0.00709623822777385,0.734462243398779,False,2,57
C09_RESTRAINT_DOMAIN_ATTACK,33,0.8537539978365426,0.9594000875664521,1.2073904826706887,0.006955412366080656,0.7198867352227807,False,2,57
C09_RESTRAINT_DOMAIN_ATTACK,34,0.8737581552576345,0.9773884775131965,1.235680633399443,0.006812675244287326,0.7051134111990323,False,2,57
C09_RESTRAINT_DOMAIN_ATTACK,35,0.8933846504896645,0.9949862624210972,1.263436689138431,0.006668444587781254,0.6901855059985383,False,2,57
C09_RESTRAINT_DOMAIN_ATTACK,36,0.9126240154300321,1.012131767810337,1.290645259968544,0.006520844245253782,0.6749088375413178,False,2,57
C09_RESTRAINT_DOMAIN_ATTACK,37,0.9314670617471182,1.0288249936809157,1.317293351626592,0.006371377773955598,0.6594390243390345,False,2,57
C09_RESTRAINT_DOMAIN_ATTACK,38,0.9499115714287688,1.0451070563527118,1.343377827369704,0.006220432187078415,0.6438161223435727,False,2,57
C09_RESTRAINT_DOMAIN_ATTACK,39,0.9679520405634017,1.060957397665786,1.368890903491475,0.006067361575138042,0.6279732797788834,False,2,57
C09_RESTRAINT_DOMAIN_ATTACK,40,0.9855812199702526,1.0763554594601992,1.393822328102152,0.00591230698331069,0.6119250948522446,False,2,57
C09_RESTRAINT_DOMAIN_ATTACK,41,1.002795390635551,1.0913217998958906,1.4181668417220217,0.005755815136906435,0.5957281537555047,False,2,57
C09_RESTRAINT_DOMAIN_ATTACK,42,1.0195909144283817,1.10585641897286,1.4419192992570031,0.005598648403067605,0.5794613616583716,False,2,57
C09_RESTRAINT_DOMAIN_ATTACK,43,1.0359601898124102,1.1198976422112903,1.4650689505113164,0.005439028305942998,0.5793235865532007,False,2,57
C09_RESTRAINT_DOMAIN_ATTACK,44,1.0519031924152267,1.1335277022509376,1.487615761017169,0.005278416863752383,0.5863744231381519,False,2,57
C09_RESTRAINT_DOMAIN_ATTACK,45,1.067412826373112,1.146684924611985,1.5095496957078527,0.005116666881450242,0.593180660565556,False,2,57
C09_RESTRAINT_DOMAIN_ATTACK,46,1.0824852062972312,1.1593693092944322,1.530865259813782,0.004952107919596783,0.5997422988354125,False,2,57
C09_RESTRAINT_DOMAIN_ATTACK,47,1.09711892472017,1.1716425307780967,1.5515604628754511,0.004788841581434507,0.6060912421856628,False,2,57
C09_RESTRAINT_DOMAIN_ATTACK,48,1.1113099244443139,1.1834223564232218,1.5716295671489682,0.00462465021502666,0.6121849516323853,False,2,57
C09_RESTRAINT_DOMAIN_ATTACK,49,1.125059723014104,1.194770460709625,1.5910747187662637,0.004459526648040585,0.6180553314135212,False,2,57
C09_RESTRAINT_DOMAIN_ATTACK,50,1.1383630581066617,1.2056457273174281,1.6098884756789527,0.00429315864558912,0.6236811120371097,False,2,57
C09_RESTRAINT_DOMAIN_ATTACK,51,1.1512181209209118,1.2160687144065705,1.6280682798560233,0.004126910394420184,0.6290729282491313,False,2,57
C09_RESTRAINT_DOMAIN_ATTACK,52,1.1636229029259482,1.2260188638171123,1.6456112908058274,0.003959395099404276,0.6342201453036055,False,2,57
C09_RESTRAINT_DOMAIN_ATTACK,53,1.1755774556658152,1.2355372918689327,1.6625175814226516,0.0037916300025647317,0.6391440326924931,False,2,57
C09_RESTRAINT_DOMAIN_ATTACK,54,1.1870764230655773,1.2445623240822135,1.6787795770726812,0.003624649208346607,0.6438126861778529,False,2,57
C09_RESTRAINT_DOMAIN_ATTACK,55,1.198124698807869,1.2531556349367725,1.694404198468268,0.00345655674857884,0.6482580099976262,False,2,57
C09_RESTRAINT_DOMAIN_ATTACK,56,1.2087207292423345,1.2613172244326096,1.7093892484160074,0.003289951639159603,0.6524800041518126,False,2,57
C09_RESTRAINT_DOMAIN_ATTACK,57,1.218864207196837,1.2690059762498467,1.723734292508897,0.0031239283901157455,0.6564573991484518,False,2,57
C09_RESTRAINT_DOMAIN_ATTACK,58,1.2285566415910552,1.2762424485484227,1.737441464681612,0.00295630881036386,0.660200829733524,False,2,57
C09_RESTRAINT_DOMAIN_ATTACK,59,1.2377929097352043,1.2830060831683987,1.7505035203567822,0.002790239949307472,0.6636996611610488,False,2,57
C09_RESTRAINT_DOMAIN_ATTACK,60,1.2465779640026486,1.2893379964296527,1.7629274632479854,0.002623994005468943,0.666975162922987,False,2,57
C09_RESTRAINT_DOMAIN_ATTACK,61,1.2549118479921746,1.2952381883321848,1.774713355013217,0.0024594659879242217,0.6700273350193384,False,2,57
C09_RESTRAINT_DOMAIN_ATTACK,62,1.2627978575178214,1.300706658875995,1.7858658566373904,0.002295842838683041,0.6728561774501032,False,2,57
C09_RESTRAINT_DOMAIN_ATTACK,63,1.2702341156888817,1.3057022917412053,1.7963823137962114,0.0021334194320616006,0.6754404207233207,False,2,57
C09_RESTRAINT_DOMAIN_ATTACK,64,1.2772256928790255,1.3102867614076326,1.8062698970808913,0.001971577321038132,0.6778119690769316,False,2,57
C09_RESTRAINT_DOMAIN_ATTACK,65,1.283772580836963,1.3144395097153383,1.8155285948223439,0.00181314513549728,0.679960187764956,False,2,57
C09_RESTRAINT_DOMAIN_ATTACK,66,1.289879719637966,1.3181605366643219,1.8241653933420172,0.0016554594750232202,0.6818850767873936,False,2,57
C09_RESTRAINT_DOMAIN_ATTACK,67,1.2955470830830726,1.3214498422545837,1.8321802555889843,0.0014987559861538542,0.6835866361442446,False,2,57
C09_RESTRAINT_DOMAIN_ATTACK,68,1.3007763836803712,1.324327984646063,1.8395756034154098,0.0013459174339272668,0.6850755005814894,False,2,57
C09_RESTRAINT_DOMAIN_ATTACK,69,1.3055726429552246,1.3267949638387593,1.846358538330565,0.0011966601056366212,0.6863516700991276,False,2,57
C09_RESTRAINT_DOMAIN_ATTACK,70,1.3099392072402354,1.328850779832673,1.8525337927634014,0.0010533331968669575,0.6874151446971595,False,2,57
C09_RESTRAINT_DOMAIN_ATTACK,71,1.3138810894565525,1.3304954326278038,1.8581084560549943,0.0009153689950042006,0.6882659243755849,False,2,57
C09_RESTRAINT_DOMAIN_ATTACK,72,1.317401685650094,1.331749480384091,1.86308733093954,0.0007851806365860321,0.6889146438803843,False,2,57
C09_RESTRAINT_DOMAIN_ATTACK,73,1.320502646180332,1.3325923649415956,1.867472751377786,0.0006670168946795471,0.6893506684655774,False,2,57
C09_RESTRAINT_DOMAIN_ATTACK,74,1.3231890733131444,1.333065202620196,1.8712719330633365,0.0005699631516309667,0.6895952676231247,False,2,57
C09_RESTRAINT_DOMAIN_ATTACK,75,1.3254694234133482,1.3331679934198915,1.8744968351020033,0.0004997314346429343,0.6896484413530263,False,2,57
C09_RESTRAINT_DOMAIN_ATTACK,76,1.3273453608543053,1.3331679934198915,1.8771498112731684,0.00047012096847302316,0.6896484413530263,False,2,57
C09_RESTRAINT_DOMAIN_ATTACK,77,1.328821958346972,1.3331679934198915,1.879238035473464,0.0004864690827860028,0.6896484413530263,False,2,57
C09_RESTRAINT_DOMAIN_ATTACK,78,1.3299042860544534,1.3331679934198915,1.8807686779963162,0.0005435150426624956,0.6900933457550746,False,2,57
C09_RESTRAINT_DOMAIN_ATTACK,79,1.3305974174355215,1.3331679934198915,1.8817489137959291,0.0006288324894486492,0.6904530147619534,False,2,57
C09_RESTRAINT_DOMAIN_ATTACK,80,1.3309081491793942,1.3331679934198915,1.8821883548423737,0.0007296506388979059,0.6906142548684859,False,2,57
C09_RESTRAINT_DOMAIN_ATTACK,81,1.3308432670591817,1.3331679934198915,1.8820965976680137,0.0008395021646067386,0.6905805872430134,False,2,57
C09_RESTRAINT_DOMAIN_ATTACK,82,1.3304078494034244,1.3331679934198915,1.8814808241139451,0.0009555744969572629,0.6903546470531718,False,2,57
C09_RESTRAINT_DOMAIN_ATTACK,83,1.329606985552578,1.3331679934198915,1.8803482315944637,0.0010754129940909148,0.6899390751807294,False,2,57
C09_RESTRAINT_DOMAIN_ATTACK,84,1.3284491619913459,1.3331679934198915,1.878710821811334,0.001194327641628152,0.6896484413530263,False,2,57
C09_RESTRAINT_DOMAIN_ATTACK,85,1.3269411857585027,1.3331679934198915,1.876578221371111,0.0013141962598417823,0.6896484413530263,False,2,57
C09_RESTRAINT_DOMAIN_ATTACK,86,1.3250881359902709,1.3331679934198915,1.8739576132571254,0.0014335661043167838,0.6896484413530263,False,2,57
C09_RESTRAINT_DOMAIN_ATTACK,87,1.3228934028073367,1.3328801791807436,1.8708537918240293,0.001552831683427679,0.6894995549093019,False,2,57
C09_RESTRAINT_DOMAIN_ATTACK,88,1.3203688779154934,1.3322223180626913,1.8672835744834362,0.0016683628920321331,0.6891592430379317,False,2,57
C09_RESTRAINT_DOMAIN_ATTACK,89,1.3175213605314418,1.3311944100657345,1.863256576779817,0.001782142714818274,0.6886275057389157,False,2,57
C09_RESTRAINT_DOMAIN_ATTACK,90,1.3143576697167558,1.329796455189873,1.8587824423225332,0.0018941291760197594,0.687904343012254,False,2,57
C09_RESTRAINT_DOMAIN_ATTACK,91,1.310886334187112,1.3280695697549856,1.8538732325369633,0.0020042926966834978,0.6870110243499072,False,2,57
C09_RESTRAINT_DOMAIN_ATTACK,92,1.307114113534698,1.3260137537610721,1.8485385069300553,0.002111843923345685,0.6859475497518754,False,2,57
C09_RESTRAINT_DOMAIN_ATTACK,93,1.3030460990138808,1.323608449048193,1.8427854656227851,0.002217268054276808,0.6847032844721781,False,2,57
C09_RESTRAINT_DOMAIN_ATTACK,94,1.2986924996988438,1.3208536556163488,1.8366285464263215,0.0023189095851013,0.6832782285108154,False,2,57
C09_RESTRAINT_DOMAIN_ATTACK,95,1.294061886153597,1.3178110479453566,1.830079869948525,0.0024192189402401695,0.6817042861057283,False,2,57
C09_RESTRAINT_DOMAIN_ATTACK,96,1.2891609662941828,1.3144395097153383,1.8231489226152375,0.0025155849127718654,0.679960187764956,False,2,57
C09_RESTRAINT_DOMAIN_ATTACK,97,1.2839982948838193,1.3107595990862329,1.815847802688626,0.0026094645449941632,0.678056568234479,False,2,57
C09_RESTRAINT_DOMAIN_ATTACK,98,1.2785807155732292,1.3067507578981012,1.8081861885523574,0.002700372677578344,0.6759827927683169,False,2,57
C09_RESTRAINT_DOMAIN_ATTACK,99,1.2729202020438957,1.3024952187907,1.8001810135491776,0.0027889564232213785,0.6737814003503909,False,2,57
C09_RESTRAINT_DOMAIN_ATTACK,100,1.2670217459151214,1.2979518654441509,1.7918393368948025,0.0028742049538200785,0.6714311214887405,False,2,57
C09_RESTRAINT_DOMAIN_ATTACK,101,1.2608938755142483,1.2931206978584537,1.7831732194654228,0.002956200955000568,0.6689319561833655,False,2,57
C09_RESTRAINT_DOMAIN_ATTACK,102,1.2545451652690291,1.2880222741935479,1.774194787333057,0.003035582739409548,0.6662945391802465,False,2,57
C09_RESTRAINT_DOMAIN_ATTACK,103,1.2479857940975194,1.2826771526093725,1.7649184356616687,0.0031114400824459806,0.6635295052253638,False,2,57
C09_RESTRAINT_DOMAIN_ATTACK,104,1.2412209052416139,1.2770647749459882,1.7553514380937005,0.0031848091239459913,0.6606262195727367,False,2,57
C09_RESTRAINT_DOMAIN_ATTACK,105,1.2342624178392996,1.2712262575232736,1.7455106508357454,0.003254619506404917,0.6576059517143263,False,2,57
C09_RESTRAINT_DOMAIN_ATTACK,106,1.2271154606190273,1.265141042181289,1.7354033270051359,0.003321871411478079,0.6544580669041519,False,2,57
C09_RESTRAINT_DOMAIN_ATTACK,107,1.2197902791685853,1.2588502452399133,1.725043956051077,0.0033862984930707798,0.6512038346341744,False,2,57
C09_RESTRAINT_DOMAIN_ATTACK,108,1.2122952783392074,1.252333308539207,1.7144444242281733,0.00344660259075588,0.6478326201584134,False,2,57
C09_RESTRAINT_DOMAIN_ATTACK,109,1.2046373879187053,1.2455902320791703,1.7036145317363323,0.003504339114187784,0.6443444234768688,False,2,57
C09_RESTRAINT_DOMAIN_ATTACK,110,1.1968285391017834,1.2386621321796814,1.69257115183292,0.0035585477414961505,0.6407605140815015,False,2,57
C09_RESTRAINT_DOMAIN_ATTACK,111,1.188873879013466,1.2315490088407401,1.6813215636519538,0.003610765087311648,0.6370808919723112,False,2,57
C09_RESTRAINT_DOMAIN_ATTACK,112,1.1807818847283778,1.2242508620623467,1.6698777555873363,0.003659541234075455,0.6333055571492981,False,2,57
C09_RESTRAINT_DOMAIN_ATTACK,113,1.1725610899694459,1.216767691844501,1.6582517961457695,0.003704919257451761,0.6294345096124621,False,2,57
C09_RESTRAINT_DOMAIN_ATTACK,114,1.1642217339402499,1.2091406145070815,1.6464581657478226,0.0037474842953947817,0.625489018853764,False,2,57
C09_RESTRAINT_DOMAIN_ATTACK,115,1.1557705474378817,1.2013285137302097,1.6345063831780289,0.003785988434100931,0.6214478153812428,False,2,57
C09_RESTRAINT_DOMAIN_ATTACK,116,1.147216254357815,1.193393063993703,1.6224087858876841,0.003823123870674232,0.6173428034328399,False,2,57
C09_RESTRAINT_DOMAIN_ATTACK,117,1.1385671879604142,1.1852931489776832,1.6101771588866145,0.0038554445969022234,0.6131527135165943,False,2,57
C09_RESTRAINT_DOMAIN_ATTACK,118,1.1298320542939635,1.1770698850020287,1.5978238143863783,0.003885728290233914,0.6088988151244669,False,2,57
C09_RESTRAINT_DOMAIN_ATTACK,119,1.1210176773679807,1.1687438302266784,1.585358402993785,0.00391393029950597,0.6045917430024378,False,2,57
C09_RESTRAINT_DOMAIN_ATTACK,120,1.1121307718522693,1.1602738683317542,1.5727904206859376,0.003938033510528718,0.6002102276585465,False,2,57
C09_RESTRAINT_DOMAIN_ATTACK,121,1.1031817061689035,1.1517216737970735,1.560134530625954,0.0039600492487690125,0.595786173330734,False,2,57
C09_RESTRAINT_DOMAIN_ATTACK,122,1.0941755311554258,1.143046130302758,1.5473978757767881,0.00397865595485344,0.5912983105270395,False,2,57
C09_RESTRAINT_DOMAIN_ATTACK,123,1.0851225797366757,1.1342883541686857,1.534595069100887,0.0039944986868105554,0.5867679087394237,False,2,57
C09_RESTRAINT_DOMAIN_ATTACK,124,1.0760296650487617,1.125448345394857,1.5217357458277376,0.0040075890978018645,0.5821949679678867,False,2,57
C09_RESTRAINT_DOMAIN_ATTACK,125,1.0669036586952492,1.116546662141211,1.5088296238722971,0.004018611130792531,0.5775901229584088,False,2,57
C09_RESTRAINT_DOMAIN_ATTACK,126,1.0577513160278995,1.1075833044077474,1.4958862567446451,0.0040268736262570335,0.5729533737109898,False,2,57
C09_RESTRAINT_DOMAIN_ATTACK,127,1.048579449847432,1.0985377140345274,1.482915279199957,0.004031699376771673,0.5682740854796496,False,2,57
C09_RESTRAINT_DOMAIN_ATTACK,128,1.0393951153794518,1.0894715655013683,1.4699266688339687,0.004035835075155006,0.5635841625023291,False,2,57
C09_RESTRAINT_DOMAIN_ATTACK,129,1.0302048878121295,1.0803437424883917,1.4569297243669663,0.004035835075155006,0.5588623352870676,False,2,57
C09_RESTRAINT_DOMAIN_ATTACK,130,1.0210157655690262,1.0711748031555368,1.4439343430644653,0.004033765788247954,0.5541192385798455,False,2,57
C09_RESTRAINT_DOMAIN_ATTACK,131,1.0118362563709877,1.0619853056627429,1.430952556660671,0.004028942512821822,0.549365507126643,False,2,57
C09_RESTRAINT_DOMAIN_ATTACK,132,1.0026698785785482,1.0527752500100098,1.4179893408687672,0.004022732661051113,0.5446011409274604,False,2,57
C09_RESTRAINT_DOMAIN_ATTACK,133,0.9935250638344167,1.0435446361973375,1.4050566198322272,0.004013081482363237,0.5398261399822972,False,2,57
C09_RESTRAINT_DOMAIN_ATTACK,134,0.9844054441153128,1.0343140223846652,1.3921595299417853,0.00400272502572013,0.5350511390371342,False,2,57
C09_RESTRAINT_DOMAIN_ATTACK,135,0.9753177485728548,1.025083408571993,1.3793075876549237,0.003989618655164564,0.5302761380919712,False,2,57
C09_RESTRAINT_DOMAIN_ATTACK,136,0.9662671437474105,1.0158527947593208,1.366508099563101,0.003974432798584955,0.525501137146808,False,2,57
C09_RESTRAINT_DOMAIN_ATTACK,137,0.9572588462398578,1.0066427391065875,1.353768443054028,0.003957864132361413,0.5207367709476253,False,2,57
C09_RESTRAINT_DOMAIN_ATTACK,138,0.9482995540351643,0.9974532416137937,1.3410980905088872,0.003938558785015477,0.5159830394944229,False,2,57
C09_RESTRAINT_DOMAIN_ATTACK,139,0.9393927799424303,0.9882637441209996,1.3285020097899494,0.00391713684168648,0.5112293080412204,False,2,57
C09_RESTRAINT_DOMAIN_ATTACK,140,0.9305455152825455,0.979135921108023,1.315990088118036,0.0038950524470007177,0.506507480825959,False,2,57
C09_RESTRAINT_DOMAIN_ATTACK,141,0.9217609848766961,0.9700286562549857,1.303566886079005,0.003870204535437337,0.5017962883566778,False,2,57
C09_RESTRAINT_DOMAIN_ATTACK,142,0.9130428362530908,0.9609830658817656,1.291237562056718,0.0038453446807990193,0.4971170001253376,False,2,57
C09_RESTRAINT_DOMAIN_ATTACK,143,0.904394360634659,0.9519580336684847,1.2790067705432786,0.0038176990885377946,0.4924483466399777,False,2,57
C09_RESTRAINT_DOMAIN_ATTACK,144,0.8958225221247488,0.9430152340949604,1.2668843602680917,0.0037894106817486146,0.4878222321385391,False,2,57
C09_RESTRAINT_DOMAIN_ATTACK,145,0.8873272670223319,0.9340929926813751,1.2548702552864346,0.003758970420485103,0.48320675238308075,False,2,57
C09_RESTRAINT_DOMAIN_ATTACK,146,0.8789172517600845,0.9252529839075465,1.2429766976427996,0.003727207233779656,0.4786338116115438,False,2,57
C09_RESTRAINT_DOMAIN_ATTACK,147,0.8705925062074875,0.9164746496135352,1.2312037295790117,0.0036947071070875743,0.47409277507794767,False,2,57
C09_RESTRAINT_DOMAIN_ATTACK,148,0.8623565057936882,0.9077579897993414,1.2195562660941064,0.0036608000997767117,0.4695836427822926,False,2,57
C09_RESTRAINT_DOMAIN_ATTACK,149,0.8542143842998142,0.8991441207848432,1.2080415674509803,0.0036262755900455775,0.46512768421653905,False,2,57
C09_RESTRAINT_DOMAIN_ATTACK,150,0.8461644344262098,0.8905919262501625,1.1966572191633054,0.0035909816747320272,0.46070362988872654,False,2,57
C09_RESTRAINT_DOMAIN_ATTACK,151,0.8382118237657312,0.8821219643552383,1.1854105293109836,0.0035543268626213784,0.45632211454483523,False,2,57
C09_RESTRAINT_DOMAIN_ATTACK,152,0.8303583238540471,0.8737547932600097,1.174304003223784,0.003517688737705135,0.4519937729308455,False,2,57
C09_RESTRAINT_DOMAIN_ATTACK,153,0.8226039031230102,0.8654492966445986,1.1633375962576047,0.003479594719060848,0.4476973355547968,False,2,57
C09_RESTRAINT_DOMAIN_ATTACK,154,0.814955422099657,0.8572465908288832,1.1525210106628252,0.003440196407824339,0.4434540719086497,False,2,57
C09_RESTRAINT_DOMAIN_ATTACK,155,0.8074112876182244,0.8491466758128634,1.1418519933628168,0.00340143692546853,0.43926398199240413,False,2,57
C09_RESTRAINT_DOMAIN_ATTACK,156,0.7999715175757691,0.8411289934366002,1.1313305696678395,0.0033619301391780458,0.43511643106007986,False,2,57
C09_RESTRAINT_DOMAIN_ATTACK,157,0.7926395759987785,0.8332346600199718,1.1209616384511323,0.0033224982801612303,0.4310326886036375,False,2,57
C09_RESTRAINT_DOMAIN_ATTACK,158,0.7854120666977694,0.8254225592431,1.1107403967754674,0.00328296030356142,0.42699148513111645,False,2,57
C09_RESTRAINT_DOMAIN_ATTACK,159,0.7782957120284745,0.8177132492659238,1.1006763514874933,0.0032414570391481926,0.42300345538849693,False,2,57
C09_RESTRAINT_DOMAIN_ATTACK,160,0.7712873338935777,0.8101272882483825,1.0907650080788835,0.0032019545504384135,0.4190792341217594,False,2,57
C09_RESTRAINT_DOMAIN_ATTACK,161,0.7643851655793295,0.8026235598705977,1.0810038680390917,0.0031616892502387083,0.4151975518389431,False,2,57
C09_RESTRAINT_DOMAIN_ATTACK,162,0.7575926865394834,0.7952431804524477,1.0713978520588063,0.0031214944889477072,0.41137967803200864,False,2,57
C09_RESTRAINT_DOMAIN_ATTACK,163,0.7509081462516889,0.7879655918339934,1.061944484525578,0.003081273422661256,0.40761497795497587,False,2,57
C09_RESTRAINT_DOMAIN_ATTACK,164,0.7443315931520006,0.7807907940152348,1.052643833938332,0.00304102500763774,0.40390345160784463,False,2,57
C09_RESTRAINT_DOMAIN_ATTACK,165,0.7378614422822936,0.7737599033160502,1.0434936588277923,0.003002893138355586,0.4002663684825757,False,2,57
C09_RESTRAINT_DOMAIN_ATTACK,166,0.7314941011273007,0.766811245256622,1.0344888786101452,0.00296401382990163,0.396671824341228,False,2,57
C09_RESTRAINT_DOMAIN_ATTACK,167,0.7252313840515333,0.7599653779968896,1.0256320591842891,0.002925124282216783,0.39313045392978185,False,2,57
C09_RESTRAINT_DOMAIN_ATTACK,168,0.7190716733106415,0.7532428596967919,1.0169209127142247,0.0028876223979291114,0.38965289199421765,False,2,57
C09_RESTRAINT_DOMAIN_ATTACK,169,0.713013160589196,0.7466025740364509,1.0083528818557466,0.002849378295681424,0.38621786904257477,False,2,57
C09_RESTRAINT_DOMAIN_ATTACK,170,0.7070543706613301,0.740126753655623,0.9999258803244264,0.002814677007034112,0.3828679240587744,False,2,57
C09_RESTRAINT_DOMAIN_ATTACK,171,0.7011882137419763,0.7337126077546123,0.9916298816500675,0.0027791751903703515,0.37954988331291495,False,2,57
C09_RESTRAINT_DOMAIN_ATTACK,172,0.6954182215364642,0.7274012526532975,0.9834698804182452,0.0027437058046441165,0.3762850162969571,False,2,57
C09_RESTRAINT_DOMAIN_ATTACK,173,0.6897410631607668,0.7212132465116174,0.9754411660475939,0.002710320543569305,0.37308395775688125,False,2,57
C09_RESTRAINT_DOMAIN_ATTACK,174,0.6841532105847565,0.7151280311696331,0.9675387491500588,0.0026776454438755906,0.36993607294670694,False,2,57
C09_RESTRAINT_DOMAIN_ATTACK,175,0.6786496372210723,0.7091456066273444,0.9597555210576212,0.0026469982988895488,0.3668413618664342,False,2,57
C09_RESTRAINT_DOMAIN_ATTACK,176,0.6732285522410748,0.7032454147248122,0.9520889491561317,0.002616348124904225,0.36378918977008273,False,2,57
C09_RESTRAINT_DOMAIN_ATTACK,177,0.6678866766456604,0.6974480136219757,0.9445343962405868,0.002587754427702255,0.3607901914036329,False,2,57
C09_RESTRAINT_DOMAIN_ATTACK,178,0.6626205394593859,0.691753403318835,0.9370869536104403,0.0025605816105156247,0.3578443667670846,False,2,57
C09_RESTRAINT_DOMAIN_ATTACK,179,0.657425003021639,0.6861410256554507,0.9297393555163748,0.002534764726470165,0.3549410811144576,False,2,57
C09_RESTRAINT_DOMAIN_ATTACK,180,0.6522983324935071,0.6806314387917621,0.9224891485256722,0.002510394091629259,0.3520909691917322,False,2,57
C09_RESTRAINT_DOMAIN_ATTACK,181,0.6472336965543676,0.6751835264078909,0.915326671692059,0.0024873377717937292,0.34927276150694775,False,2,57
C09_RESTRAINT_DOMAIN_ATTACK,182,0.6422294546006189,0.6698178466637763,0.908249604851671,0.0024656819988648575,0.3464970928060846,False,2,57
C09_RESTRAINT_DOMAIN_ATTACK,183,0.6372821519398518,0.6645549577193575,0.9012530623316498,0.0024461691570997024,0.34377459783512304,False,2,57
C09_RESTRAINT_DOMAIN_ATTACK,184,0.6323815841319832,0.6593537432547559,0.894322612874433,0.002429371398683786,0.3410840071021024,False,2,57
C09_RESTRAINT_DOMAIN_ATTACK,185,0.6275259931951728,0.654234761429911,0.8874557703182598,0.0024140154469895828,0.3384359553530031,False,2,57
C09_RESTRAINT_DOMAIN_ATTACK,186,0.6227101671841709,0.6491568959249443,0.8806451638594719,0.0023993352846982956,0.3358091730958644,False,2,57
C09_RESTRAINT_DOMAIN_ATTACK,187,0.6179308137512857,0.6441612630597341,0.8738861374153112,0.002387460588561948,0.33322492982264695,False,2,57
C09_RESTRAINT_DOMAIN_ATTACK,188,0.6131810167600137,0.6392067465144022,0.8671689100917355,0.0023769670439302715,0.33066195604139015,False,2,57
C09_RESTRAINT_DOMAIN_ATTACK,189,0.6084574074902419,0.6343139044488878,0.8604887177990729,0.0023685789491856095,0.3281308864980743,False,2,57
C09_RESTRAINT_DOMAIN_ATTACK,190,0.6037515131499829,0.6294621787032515,0.8538335781999838,0.002362970343780952,0.32562108644671905,False,2,57
C09_RESTRAINT_DOMAIN_ATTACK,191,0.5990598771260836,0.6246721274374327,0.8471986029052672,0.0023594750155671806,0.3231431906333048,False,2,57
C09_RESTRAINT_DOMAIN_ATTACK,192,0.5943755774254995,0.6199026343315531,0.840574002738481,0.002357375330995095,0.32067592956587093,False,2,57
C09_RESTRAINT_DOMAIN_ATTACK,193,0.5896919645615248,0.6151742575455518,0.833950373905343,0.0023587775717511645,0.31822993799039767,False,2,57
C09_RESTRAINT_DOMAIN_ATTACK,194,0.5850054521044021,0.6104869970794287,0.8273226444282495,0.002361570592587947,0.31580521590688504,False,2,57
C09_RESTRAINT_DOMAIN_ATTACK,195,0.5803075140290047,0.6057791784533664,0.8206787566868337,0.002365780781999653,0.313369859077392,False,2,57
C09_RESTRAINT_DOMAIN_ATTACK,196,0.5755949679658321,0.6011124761471824,0.8140142101309868,0.002373492328074412,0.3109557717398597,False,2,57
C09_RESTRAINT_DOMAIN_ATTACK,197,0.5708608369280329,0.5964663320009376,0.8073191378112798,0.002383286477539531,0.30855231914830766,False,2,57
C09_RESTRAINT_DOMAIN_ATTACK,198,0.5660982559899596,0.5918201878546927,0.800583831256757,0.0023951818679349745,0.30614886655675566,False,2,57
C09_RESTRAINT_DOMAIN_ATTACK,199,0.561300479230768,0.587174043708448,0.7937987502946697,0.0024098873314722697,0.30374541396520366,False,2,57
C09_RESTRAINT_DOMAIN_ATTACK,200,0.5564623384819939,0.5825278995622031,0.7869565860310836,0.0024266629579725685,0.30134196137365166,False,2,57
C09_RESTRAINT_DOMAIN_ATTACK,201,0.5515737390046599,0.57784063909608,0.7800430623492278,0.0024463313933268537,0.29891723929013897,False,2,57
C09_RESTRAINT_DOMAIN_ATTACK,202,0.5466346308401774,0.5731533786299569,0.773058108596989,0.0024672950713574633,0.29649251720662634,False,2,57
C09_RESTRAINT_DOMAIN_ATTACK,203,0.5416332200845875,0.5684455600038947,0.7659850456754351,0.0024925244575212586,0.2940571603771334,False,2,57
C09_RESTRAINT_DOMAIN_ATTACK,204,0.5365659153496866,0.563676066898015,0.7588187945946608,0.0025177280155597778,0.2915898993096994,False,2,57
C09_RESTRAINT_DOMAIN_ATTACK,205,0.5314262414110117,0.5589065737921354,0.7515501980044113,0.002547818091232107,0.28912263824226553,False,2,57
C09_RESTRAINT_DOMAIN_ATTACK,206,0.5262054602523291,0.5540754062064382,0.7441668984836204,0.002579301086726529,0.2866234729368906,False,2,57
C09_RESTRAINT_DOMAIN_ATTACK,207,0.5208985870920926,0.5491825641409238,0.7366618464866203,0.0026129022709543755,0.28409240339357483,False,2,57
C09_RESTRAINT_DOMAIN_ATTACK,208,0.5155005975858146,0.544248605755531,0.7290279365172941,0.002649238088362301,0.2815400643582983,False,2,57
C09_RESTRAINT_DOMAIN_ATTACK,209,0.5100013826208739,0.5392529728903209,0.72125087213147,0.0026891205761811754,0.27895582108508093,False,2,57
C09_RESTRAINT_DOMAIN_ATTACK,210,0.5043957734914296,0.5341751073853542,0.7133233436752475,0.0027303605928208027,0.2825929319061039,False,2,57
C09_RESTRAINT_DOMAIN_ATTACK,211,0.4986771756533145,0.5290355674005701,0.7052360250548275,0.002775073762220534,0.2872207549375044,False,2,57
C09_RESTRAINT_DOMAIN_ATTACK,212,0.4928386959641925,0.5237726784561512,0.6969791678948314,0.0028205527022289495,0.2919278353981413,False,2,57
C09_RESTRAINT_DOMAIN_ATTACK,213,0.48687728931644186,0.518468673191854,0.6885484657627613,0.00287006071356097,0.29705192564173155,False,2,57
C09_RESTRAINT_DOMAIN_ATTACK,214,0.48078251845556597,0.5130207608079829,0.6799291581517543,0.002920387376458818,0.30226074650544754,False,2,57
C09_RESTRAINT_DOMAIN_ATTACK,215,0.474551468884774,0.5075111739442942,0.6711171233409212,0.002974779621166068,0.3078903559955611,False,2,57
C09_RESTRAINT_DOMAIN_ATTACK,216,0.4681753856444915,0.5018576799610317,0.662099979947694,0.0030299086831024552,0.31359622623365363,False,2,57
C09_RESTRAINT_DOMAIN_ATTACK,217,0.46164967239414817,0.49610139517807356,0.6528712277649006,0.0030885268866412395,0.31966322340781805,False,2,57
C09_RESTRAINT_DOMAIN_ATTACK,218,0.45496911565604437,0.4902217614354805,0.6434234938216712,0.0031484218984067277,0.32586237051895967,False,2,57
C09_RESTRAINT_DOMAIN_ATTACK,219,0.44812560452456146,0.4842187787332527,0.6337453075652768,0.0032118573151607957,0.33242795033810635,False,2,57
C09_RESTRAINT_DOMAIN_ATTACK,220,0.441112499794823,0.47805133075151174,0.6238272797421378,0.0032767697399997187,0.33914640082431646,False,2,57
C09_RESTRAINT_DOMAIN_ATTACK,221,0.43392838932261657,0.471760533810136,0.613667413278757,0.003343593757072401,0.34606270153418106,False,2,57
C09_RESTRAINT_DOMAIN_ATTACK,222,0.4265649989588095,0.46530527158924717,0.6032540067612135,0.003412593879047185,0.35320422958802256,False,2,57
C09_RESTRAINT_DOMAIN_ATTACK,223,0.419019266826829,0.4587061022487844,0.5925827300421322,0.003483572447561523,0.3605505273011178,False,2,57
C09_RESTRAINT_DOMAIN_ATTACK,224,0.41128315506305474,0.45194246762880846,0.5816422158657687,0.0035574106467934647,0.36819279743294103,False,2,57
C09_RESTRAINT_DOMAIN_ATTACK,225,0.40335346933349736,0.4450143677293195,0.5704279467616723,0.0036325143103848982,0.3759660434089482,False,2,57
C09_RESTRAINT_DOMAIN_ATTACK,226,0.3952224562588242,0.4379012443903783,0.5589289577956366,0.0037105509099242323,0.3840428489114111,False,2,57
C09_RESTRAINT_DOMAIN_ATTACK,227,0.38689020121933276,0.430623655771924,0.5471453697136361,0.0037889968843172234,0.3921620248027698,False,2,57
C09_RESTRAINT_DOMAIN_ATTACK,228,0.37834890479538846,0.42314048555407835,0.5350661524706454,0.0038696955382882645,0.40051435353418924,False,2,57
C09_RESTRAINT_DOMAIN_ATTACK,229,0.3695945978002356,0.4154928500567196,0.5226856927889225,0.003953817853607901,0.4092210319807698,False,2,57
C09_RESTRAINT_DOMAIN_ATTACK,230,0.36062378632086556,0.40761907480003035,0.5099990495293052,0.004037165270085695,0.4178475082239408,False,2,57
C09_RESTRAINT_DOMAIN_ATTACK,231,0.35143303026799644,0.3995397179439497,0.497001357670875,0.00412343060583774,0.4267759897644869,False,2,57
C09_RESTRAINT_DOMAIN_ATTACK,232,0.3420184611923155,0.3912753376484169,0.48368714640014865,0.0042123944006080515,0.43598376241683895,False,2,57
C09_RESTRAINT_DOMAIN_ATTACK,233,0.332378486191783,0.38278481759355354,0.47005416301345804,0.004300485121221648,0.4451011716987387,False,2,57
C09_RESTRAINT_DOMAIN_ATTACK,234,0.32250852617194364,0.3740887159392988,0.45609593169332097,0.004392159390757866,0.4545894790954645,False,2,57
C09_RESTRAINT_DOMAIN_ATTACK,235,0.31240627776793134,0.3651459163657745,0.44180919498990484,0.004483828693888664,0.46407727246811875,False,2,57
C09_RESTRAINT_DOMAIN_ATTACK,236,0.30207092832704246,0.35599753519285876,0.4271928036387346,0.004578242395343019,0.4738491116809494,False,2,57
C09_RESTRAINT_DOMAIN_ATTACK,237,0.2915005297725737,0.3465818979407343,0.4122440026433159,0.004671986217568837,0.4835516182438314,False,2,57
C09_RESTRAINT_DOMAIN_ATTACK,238,0.28069698686252004,0.3369812372491576,0.39696548573823837,0.004769042116238813,0.4935969254593134,False,2,57
C09_RESTRAINT_DOMAIN_ATTACK,239,0.26965689728066894,0.3271133204783721,0.3813524413217706,0.004865379067607587,0.5035678214683535,False,2,57
C09_RESTRAINT_DOMAIN_ATTACK,240,0.25838187771032894,0.31697814762837784,0.3654071557293737,0.004963296302105882,0.513702277134674,False,2,57
C09_RESTRAINT_DOMAIN_ATTACK,241,0.24687578199450802,0.3066373931789922,0.34913507911809677,0.005063834882290964,0.5241080426657486,False,2,57
C09_RESTRAINT_DOMAIN_ATTACK,242,0.23513938008283655,0.2960088244904587,0.3325373003611495,0.00516297457120035,0.5343690226369758,False,2,57
C09_RESTRAINT_DOMAIN_ATTACK,243,0.22318107799301842,0.28511299972271636,0.3156257073627742,0.005262874973036285,0.5447087365662077,False,2,57
C09_RESTRAINT_DOMAIN_ATTACK,244,0.21100925507921253,0.27401159335558267,0.29841215031926627,0.005365363657059153,0.5553163382805654,False,2,57
C09_RESTRAINT_DOMAIN_ATTACK,245,0.19862800700218125,0.262601814589362,0.2809024213696228,0.005467321054852144,0.5658689517513272,False,2,57
C09_RESTRAINT_DOMAIN_ATTACK,246,0.18605641069724116,0.25094533790387163,0.263123499374497,0.00557060125800056,0.5765584758721745,False,2,57
C09_RESTRAINT_DOMAIN_ATTACK,247,0.17331377230265177,0.23900104697923336,0.2451026873364526,0.005672435081400679,0.5870982993656411,False,2,57
C09_RESTRAINT_DOMAIN_ATTACK,248,0.1604297313338097,0.22681005813532545,0.22688190186014556,0.005775596763211419,0.5977755565015358,False,2,57
C09_RESTRAINT_DOMAIN_ATTACK,249,0.14743948015809766,0.21433125505226963,0.20851091246882056,0.005879579988091001,0.6085378435287648,False,2,57
C09_RESTRAINT_DOMAIN_ATTACK,250,0.13440139289917394,0.20160575404994419,0.19007227263984677,0.0059841005281919745,0.6193557428015596,False,2,57
C09_RESTRAINT_DOMAIN_ATTACK,251,0.12139441922169762,0.1885718806485317,0.1716776340597299,0.0060872908741474475,0.6300359666828439,False,2,57
C09_RESTRAINT_DOMAIN_ATTACK,252,0.10854660116488513,0.1752501930079713,0.15350807551688375,0.006191295486385147,0.6408004673064207,False,2,57
C09_RESTRAINT_DOMAIN_ATTACK,253,0.09605310706133766,0.16168180744814126,0.13583960671421863,0.006294345892498255,0.6514662073827275,False,2,57
C09_RESTRAINT_DOMAIN_ATTACK,254,0.08421726204255,0.1478256076491633,0.11910119416650308,0.006398959452718565,0.6622937342586743,False,2,57
C09_RESTRAINT_DOMAIN_ATTACK,255,0.07353422777364625,0.13368159361103743,0.10399310221612285,0.0065013668504097216,0.6728929228195231,False,2,57
C09_RESTRAINT_DOMAIN_ATTACK,256,0.06478289613552134,0.11924976533376365,0.09161685032466184,0.00660384646876533,0.6834995862352922,False,2,57
C09_RESTRAINT_DOMAIN_ATTACK,257,0.059057670128984954,0.10453012281734197,0.08352015805856694,0.006705649363326337,0.6940362085869944,False,2,57
C09_RESTRAINT_DOMAIN_ATTACK,258,0.057507992051812035,0.0935888645161158,0.08132858230451673,0.006808044861743648,0.7046341655703392,False,2,57
C09_RESTRAINT_DOMAIN_ATTACK,259,0.060672311931845954,0.11184451054206894,0.08580360639454751,0.006909023376781267,0.7150854644570275,False,2,57
C09_RESTRAINT_DOMAIN_ATTACK,260,0.06810081704303622,0.13038797080717,0.09630909907095063,0.007009457697812118,0.7254804391423253,False,2,57
C09_RESTRAINT_DOMAIN_ATTACK,261,0.0787694672868214,0.1491781289915407,0.11139684893792666,0.007109134936905185,0.7357970556777678,False,2,57
C09_RESTRAINT_DOMAIN_ATTACK,262,0.09169833551388863,0.1681944269352419,0.12968102973077975,0.0072073288956977935,0.7459601523704292,False,2,57
C09_RESTRAINT_DOMAIN_ATTACK,263,0.10619321026203914,0.18745742279821273,0.15017987818451348,0.007303529261374927,0.7559169117298421,False,2,57
C09_RESTRAINT_DOMAIN_ATTACK,264,0.12181249351527186,0.20698767474039234,0.17226888039578217,0.007401046002789686,0.7660099162724603,False,2,57
C09_RESTRAINT_DOMAIN_ATTACK,265,0.13827316786405047,0.22674406644190245,0.1955477893056318,0.007495198860480695,0.7757547580974561,False,2,57
C09_RESTRAINT_DOMAIN_ATTACK,266,0.15539206232465613,0.24670603974280392,0.219757562024654,0.007588492538439655,0.7854106746280595,False,2,57
C09_RESTRAINT_DOMAIN_ATTACK,267,0.17305719644265993,0.26693526912291415,0.2447398342754746,0.007681220819781087,0.7950080724823175,False,2,57
C09_RESTRAINT_DOMAIN_ATTACK,268,0.1911852987778985,0.28737008010241577,0.2703768424580564,0.007771829330659317,0.8043860736196221,False,2,57
C09_RESTRAINT_DOMAIN_ATTACK,269,0.20972057080438344,0.3080310308412479,0.296589675540186,0.007861075947797279,0.8136231184502692,False,2,57
C09_RESTRAINT_DOMAIN_ATTACK,270,0.22861791681963572,0.3288770050195322,0.32331455856781294,0.00794816044251361,0.8226363831267951,False,2,57
C09_RESTRAINT_DOMAIN_ATTACK,271,0.2478489146657507,0.3499491189571471,0.35051129653975654,0.008033273676480029,0.8314456218749017,False,2,57
C09_RESTRAINT_DOMAIN_ATTACK,272,0.26738581298414993,0.3712062563342141,0.3781406431083409,0.00811627229517435,0.8400359974694869,False,2,57
C09_RESTRAINT_DOMAIN_ATTACK,273,0.2872079300704018,0.39264841715073345,0.40617334992666565,0.008197829855101979,0.8484772231594774,False,2,57
C09_RESTRAINT_DOMAIN_ATTACK,274,0.3073017902816238,0.41429615956664406,0.43459035955780495,0.008278037531723844,0.8567787356254672,False,2,57
C09_RESTRAINT_DOMAIN_ATTACK,275,0.3276488180467058,0.4360878091021287,0.4633654021771659,0.00835408193443383,0.8646493483106078,False,2,57
C09_RESTRAINT_DOMAIN_ATTACK,276,0.3482365273602287,0.4580644820770655,0.4924808199065448,0.008428754263427278,0.8723779510592707,False,2,57
C09_RESTRAINT_DOMAIN_ATTACK,277,0.36905382556684757,0.4802056203315155,0.5219209253623103,0.008501999801566754,0.8799588806354959,False,2,57
C09_RESTRAINT_DOMAIN_ATTACK,278,0.3900921230995213,0.5025112238654785,0.5516735710622579,0.008571862745479575,0.887189710952864,False,2,57
C09_RESTRAINT_DOMAIN_ATTACK,279,0.4113362498112787,0.5249401763590763,0.5817173031787978,0.008638902302758997,0.8941283201223241,False,2,57
C09_RESTRAINT_DOMAIN_ATTACK,280,0.43277992855019304,0.5475335941321873,0.612043244478542,0.008703918730853265,0.9008575349687191,False,2,57
C09_RESTRAINT_DOMAIN_ATTACK,281,0.45441207040676806,0.5702503608649331,0.6426357128752891,0.00876681278287294,0.907367083416799,False,2,57
C09_RESTRAINT_DOMAIN_ATTACK,282,0.47622261955007605,0.5930699183973744,0.6734804872765602,0.008825562835447418,0.9134477269956411,False,2,57
C09_RESTRAINT_DOMAIN_ATTACK,283,0.4982020352413128,0.6160128248894507,0.7045640750401433,0.008882237482122222,0.9193135655997754,False,2,57
C09_RESTRAINT_DOMAIN_ATTACK,284,0.5203416285683394,0.6390585221812226,0.7358741881886492,0.008936137261940204,0.9248922048637273,False,2,57
C09_RESTRAINT_DOMAIN_ATTACK,285,0.542635351621682,0.6622275684326294,0.767402273686476,0.008987322698472994,0.9301899089906943,False,2,57
C09_RESTRAINT_DOMAIN_ATTACK,286,0.5650679216701271,0.6854377310039145,0.7991267184878714,0.009034970262800006,0.9351214425532426,False,2,57
C09_RESTRAINT_DOMAIN_ATTACK,287,0.587634809253839,0.7087506843748952,0.8310411169693059,0.009079892102840997,0.9397708630426753,False,2,57
C09_RESTRAINT_DOMAIN_ATTACK,288,0.6103250794742223,0.7321253122256933,0.8631300048488822,0.009121353497574144,0.9440621266689392,False,2,57
C09_RESTRAINT_DOMAIN_ATTACK,289,0.6331275070187387,0.7555410563963697,0.8953775071373671,0.009158664270532288,0.9479238000133496,False,2,57
C09_RESTRAINT_DOMAIN_ATTACK,290,0.6560333792370828,0.7790184750468635,0.9277713022865346,0.009193895282212722,0.9515702176004518,False,2,57
C09_RESTRAINT_DOMAIN_ATTACK,291,0.6790349156321186,0.8025370100172355,0.9603003870118125,0.009224998795494514,0.9547894381803244,False,2,57
C09_RESTRAINT_DOMAIN_ATTACK,292,0.7021199856659323,0.8260761031475468,0.9929476061419644,0.009252638652901409,0.9576501696026203,False,2,57
C09_RESTRAINT_DOMAIN_ATTACK,293,0.7252775445153177,0.849615196277858,1.0256973399382183,0.009276805885022495,0.9601514835313045,False,2,57
C09_RESTRAINT_DOMAIN_ATTACK,294,0.7485023094717613,0.8731954057280474,1.0585421175225485,0.009298229260200266,0.9623688076527884,False,2,57
C09_RESTRAINT_DOMAIN_ATTACK,295,0.7717838207125937,0.8967756151782369,1.0914671464718753,0.009316196185591223,0.9642283884484237,False,2,57
C09_RESTRAINT_DOMAIN_ATTACK,296,0.7951093508925543,0.9203147083085481,1.1244544276019184,0.00932863497587658,0.9655158060244562,False,2,57
C09_RESTRAINT_DOMAIN_ATTACK,297,0.8184671851112685,0.9438332432789203,1.1574873935416865,0.009338992228349215,0.9665877839714093,False,2,57
C09_RESTRAINT_DOMAIN_ATTACK,298,0.8418514914323925,0.9673312200893531,1.1905577966877068,0.009345211262233609,0.9672314553691124,False,2,57
C09_RESTRAINT_DOMAIN_ATTACK,299,0.8652485170171074,0.9907675224199687,1.223646187588801,0.00934728335403652,0.9674459173340642,False,2,57
C09_RESTRAINT_DOMAIN_ATTACK,300,0.888651608704378,1.0141832665906452,1.2567431572544001,0.00934728335403652,0.9674459173340642,False,2,57
C09_RESTRAINT_DOMAIN_ATTACK,301,0.9120459436876364,1.0374756618016867,1.2898277430704235,0.009341070798090387,0.9668029164044196,False,2,57
C09_RESTRAINT_DOMAIN_ATTACK,302,0.9354235003022305,1.06072694069285,1.3228886006899274,0.00933208980466021,0.9658733815761129,False,2,57
C09_RESTRAINT_DOMAIN_ATTACK,303,0.9587700987524289,1.0838548706243785,1.3559056768534767,0.009318284383290899,0.9644445173772921,False,2,57
C09_RESTRAINT_DOMAIN_ATTACK,304,0.9820810977735311,1.1069416842360287,1.3888724078215853,0.009303087271262733,0.9628716128840771,False,2,57
C09_RESTRAINT_DOMAIN_ATTACK,305,1.0053418217035148,1.1298640325681657,1.4217680390739849,0.009280992694144967,0.960584819211713,False,2,57
C09_RESTRAINT_DOMAIN_ATTACK,306,1.0285427708829211,1.1527041482605462,1.45457913606343,0.009256114415267157,0.9580099117847073,False,2,57
C09_RESTRAINT_DOMAIN_ATTACK,307,1.0516717752104612,1.1754003568333529,1.4872884876676231,0.009227804927416178,0.9550798734617093,False,2,57
C09_RESTRAINT_DOMAIN_ATTACK,308,1.0747179640676534,1.1979321001266465,1.519880720510476,0.009194675667578294,0.9516509876602941,False,2,57
C09_RESTRAINT_DOMAIN_ATTACK,309,1.0976692659391294,1.220299378140427,1.5523387628912366,0.00915671072882312,0.9477216080096099,False,2,57
C09_RESTRAINT_DOMAIN_ATTACK,310,1.1205176627174986,1.2425433071945726,1.5846512754936881,0.009116655198345334,0.943575851648148,False,2,57
C09_RESTRAINT_DOMAIN_ATTACK,311,1.1432525407327452,1.264602212809266,1.6168032483217474,0.009071052120130653,0.9388559228554034,False,2,57
C09_RESTRAINT_DOMAIN_ATTACK,312,1.1658567564528786,1.2864349786646287,1.6487704367599672,0.009022090865849024,0.9337884220887916,False,2,57
C09_RESTRAINT_DOMAIN_ATTACK,313,1.1883266301516446,1.3081032792404785,1.6805476368895726,0.008968917074741735,0.9282849228187384,False,2,57
C09_RESTRAINT_DOMAIN_ATTACK,314,1.210646920506949,1.329545440056998,1.7121132942261497,0.008912355455065408,0.9224307825342208,False,2,57
C09_RESTRAINT_DOMAIN_ATTACK,315,1.2328105517006525,1.3507820192741258,1.7434574020517204,0.008850182393353806,0.9159958567442508,False,2,57
C09_RESTRAINT_DOMAIN_ATTACK,316,1.254802671543355,1.3717924587319232,1.7745589561986046,0.008786006805639865,0.909353669065244,False,2,57
C09_RESTRAINT_DOMAIN_ATTACK,317,1.2766140018490653,1.392535642110512,1.8054048353303396,0.008715603717140828,0.9020669336624182,False,2,57
C09_RESTRAINT_DOMAIN_ATTACK,318,1.2982331183778226,1.41305268572977,1.8359788831318327,0.008642416144316604,0.8944920035092835,False,2,57
C09_RESTRAINT_DOMAIN_ATTACK,319,1.3196495979638394,1.4333024732698194,1.866266359020664,0.008565826059488905,0.8865649126029371,False,2,57
C09_RESTRAINT_DOMAIN_ATTACK,320,1.3408547250831784,1.45328500473066,1.8962549373846787,0.008485806809079897,0.8782829022921127,False,2,57
C09_RESTRAINT_DOMAIN_ATTACK,321,1.3618343722410855,1.4729386056324745,1.925924638929193,0.008398898790057742,0.8692879028893967,False,2,57
C09_RESTRAINT_DOMAIN_ATTACK,322,1.3825789771244128,1.4923455086150192,1.9552619405012657,0.008309842420042722,0.8600705486785162,False,2,57
C09_RESTRAINT_DOMAIN_ATTACK,323,1.4030763140990472,1.5114234810385379,1.984249552443325,0.008217477170488499,0.8505107246954134,False,2,57
C09_RESTRAINT_DOMAIN_ATTACK,324,1.4233192904038998,1.5301930810629694,2.012877444076445,0.008120209146114644,0.8404434624221456,False,2,57
C09_RESTRAINT_DOMAIN_ATTACK,325,1.443298112059035,1.548674866848253,2.0411317646213702,0.008020841633769059,0.830158902674327,False,2,57
C09_RESTRAINT_DOMAIN_ATTACK,326,1.4630004122257865,1.5667866057546322,2.068995024727136,0.007916023003233182,0.8193101509748624,False,2,57
C09_RESTRAINT_DOMAIN_ATTACK,327,1.4824142889036007,1.5845488559420462,2.0964503924231397,0.007807074350321591,0.8196878819036973,False,2,57
C09_RESTRAINT_DOMAIN_ATTACK,328,1.501531380190416,1.6019821755704338,2.123486042194078,0.007696075664250057,0.8287061464950075,False,2,57
C09_RESTRAINT_DOMAIN_ATTACK,329,1.5203410776524189,1.619024890159978,2.1500869714489776,0.0075795826232914944,0.8375223509126917,False,2,57
C09_RESTRAINT_DOMAIN_ATTACK,330,1.5388334264205428,1.6357181160305567,2.176239101876992,0.00746028885229141,0.8461577646487104,False,2,57
C09_RESTRAINT_DOMAIN_ATTACK,331,1.5569998991599092,1.652041295022231,2.2019303740054847,0.007337512618987948,0.8546017529570834,False,2,57
C09_RESTRAINT_DOMAIN_ATTACK,332,1.5748302489055828,1.6679738689750618,2.2271462964376725,0.007212847904641463,0.8628436810918304,False,2,57
C09_RESTRAINT_DOMAIN_ATTACK,333,1.59231728348247,1.6834952797291098,2.2518766979019933,0.007082590548718704,0.870872914306971,False,2,57
C09_RESTRAINT_DOMAIN_ATTACK,334,1.609449373657348,1.6986260854443143,2.276105132179105,0.006950324131610895,0.8787000873484855,False,2,57
C09_RESTRAINT_DOMAIN_ATTACK,335,1.6262195444465417,1.7133457279607358,2.2998217351524954,0.006814621948756697,0.8863145654703936,False,2,57
C09_RESTRAINT_DOMAIN_ATTACK,336,1.6426193075763857,1.727654207278375,2.323014502590427,0.006674636347285919,0.8937163486726954,False,2,57
C09_RESTRAINT_DOMAIN_ATTACK,337,1.6586350545509794,1.7415104070773528,2.3456641891734336,0.006532156994934736,0.9008841674634301,False,2,57
C09_RESTRAINT_DOMAIN_ATTACK,338,1.6742633024593558,1.754955443677548,2.3677658693215884,0.006387583617628068,0.9078392913345587,False,2,57
C09_RESTRAINT_DOMAIN_ATTACK,339,1.6894936209839182,1.767927642599143,2.3893047923382866,0.006238260583776106,0.9145498160481396,False,2,57
C09_RESTRAINT_DOMAIN_ATTACK,340,1.704317658678787,1.7804681201620163,2.4102691474955,0.006087655041724397,0.921037011096134,False,2,57
C09_RESTRAINT_DOMAIN_ATTACK,341,1.7187301693206443,1.7925563182062285,2.4306515155130612,0.005933551863880975,0.9272902417325614,False,2,57
C09_RESTRAINT_DOMAIN_ATTACK,342,1.7327209438203888,1.8041716785718407,2.4504374585587034,0.005776059542247571,0.9332988732114414,False,2,57
C09_RESTRAINT_DOMAIN_ATTACK,343,1.7462814692625956,1.8153142012588526,2.469614937551978,0.005615893602741316,0.939062905532774,False,2,57
C09_RESTRAINT_DOMAIN_ATTACK,344,1.7594084735399211,1.8260250025871427,2.488179325034301,0.005454960570794202,0.9446036081885202,False,2,57
C09_RESTRAINT_DOMAIN_ATTACK,345,1.7720914420572103,1.8362012917570152,2.5061157511226027,0.005289519681208082,0.9498678074487779,False,2,57
C09_RESTRAINT_DOMAIN_ATTACK,346,1.7843254231496006,1.8459253014082266,2.523417213105277,0.005122567377970113,0.9548980422974686,False,2,57
C09_RESTRAINT_DOMAIN_ATTACK,347,1.7961018020023345,1.8551353570609599,2.540071527794457,0.00495233894265525,0.9596624084966513,False,2,57
C09_RESTRAINT_DOMAIN_ATTACK,348,1.8074155608195936,1.8638725750350928,2.556071598955243,0.00478152720772368,0.9641821755382868,False,2,57
C09_RESTRAINT_DOMAIN_ATTACK,349,1.8182614509102806,1.8720958390107474,2.5714100038175003,0.004607324625701029,0.9684360739304142,False,2,57
C09_RESTRAINT_DOMAIN_ATTACK,350,1.828630982348643,1.8798051489879235,2.586074735813087,0.004432157801912937,0.9724241036730337,False,2,57
C09_RESTRAINT_DOMAIN_ATTACK,351,1.8385224044161452,1.8870210631265605,2.6000633190521047,0.004254847041329386,0.9761568995121256,False,2,57
C09_RESTRAINT_DOMAIN_ATTACK,352,1.8479289249593869,1.8937230232667188,2.6133661479790984,0.004075627980267962,0.9796238267017093,False,2,57
C09_RESTRAINT_DOMAIN_ATTACK,353,1.856843679231379,1.8998904712484599,2.625973514375773,0.003894788804294178,0.9828142504958051,False,2,57
C09_RESTRAINT_DOMAIN_ATTACK,354,1.8652649967289379,1.9055645233916616,2.637883055793871,0.0037133182964917866,0.985749440386373,False,2,57
C09_RESTRAINT_DOMAIN_ATTACK,355,1.8731877122696852,1.9107040633764456,2.6490874675624196,0.00352838955890803,0.9884081268814526,False,2,57
C09_RESTRAINT_DOMAIN_ATTACK,356,1.880603362167499,1.9153090912028121,2.6595747802217184,0.0033443836940455,0.990790309981044,False,2,57
C09_RESTRAINT_DOMAIN_ATTACK,357,1.88751357344387,1.9194001650307004,2.669347294727626,0.003158230105946858,0.9929066244311274,False,2,57
C09_RESTRAINT_DOMAIN_ATTACK,358,1.8939115659044674,1.922956726700171,2.678395422437364,0.0029721590554370597,0.9947464354857226,False,2,57
C09_RESTRAINT_DOMAIN_ATTACK,359,1.8997973242028785,1.9259993343711632,2.6867191416478264,0.0027847985159394676,0.9963203778908097,False,2,57
C09_RESTRAINT_DOMAIN_ATTACK,360,1.905164015577664,1.9284868717237986,2.694308789375119,0.002597202108585064,0.9976071821544282,False,2,57
C09_RESTRAINT_DOMAIN_ATTACK,361,1.9100099144637006,1.9304398969180165,2.7011619253016406,0.0024099294891641,0.9986174830225585,False,2,57
C09_RESTRAINT_DOMAIN_ATTACK,362,1.9143367620329723,1.9318995262736953,2.7072810118164257,0.0022228766657356324,0.9993725499871612,False,2,57
C09_RESTRAINT_DOMAIN_ATTACK,363,1.9181359671842604,1.932762968991139,2.712653899267615,0.002035527832083727,0.9998192093183346,False,2,57
C09_RESTRAINT_DOMAIN_ATTACK,364,1.921407555859643,1.9331124577101044,2.7172806243428473,0.001850607835823816,1.0,False,2,57
C09_RESTRAINT_DOMAIN_ATTACK,365,1.9241532355661257,1.9331124577101044,2.721163601821688,0.0016665004780663942,1.0,False,2,57
C09_RESTRAINT_DOMAIN_ATTACK,366,1.9263696034771014,1.9331124577101044,2.724298019380598,0.0014858818106961373,1.0,False,2,57
C09_RESTRAINT_DOMAIN_ATTACK,367,1.9280549295446097,1.9331124577101044,2.7266814303622895,0.0013101108781401725,1.0004764185522184,True,2,57
C09_RESTRAINT_DOMAIN_ATTACK,368,1.9292092115532309,1.9331124577101044,2.7283138316336846,0.0011403487309616083,1.0010753807043273,True,2,57
C09_RESTRAINT_DOMAIN_ATTACK,369,1.9298307477047643,1.9331124577101044,2.7291928164886885,0.000981374903360227,1.0013978986229604,True,2,57
C09_RESTRAINT_DOMAIN_ATTACK,370,1.9299229543054928,1.9331124577101044,2.7293232163139787,0.0008371826625636645,1.0014457450448906,True,2,57
C09_RESTRAINT_DOMAIN_ATTACK,371,1.9294824095664804,1.9331124577101044,2.7287001919692355,0.0007211731617805511,1.0012171443883713,True,2,57
C09_RESTRAINT_DOMAIN_ATTACK,372,1.9285125261510985,1.9331124577101044,2.7273285696892815,0.00064543364706522,1.0007138674998526,True,2,57
C09_RESTRAINT_DOMAIN_ATTACK,373,1.9270116071276164,1.9331124577101044,2.7252059496502494,0.0006240499273515787,1.0,False,2,57
C09_RESTRAINT_DOMAIN_ATTACK,374,1.9249779238270652,1.9331124577101044,2.7223298871450385,0.0006659855044184024,1.0,False,2,57
C09_RESTRAINT_DOMAIN_ATTACK,375,1.9224217252306341,1.9331124577101044,2.7187148764218465,0.0007540728924618203,1.0,False,2,57
C09_RESTRAINT_DOMAIN_ATTACK,376,1.9193413049609207,1.9329479924305912,2.7143585042986085,0.0008776469623132843,0.9999149220321574,False,2,57
C09_RESTRAINT_DOMAIN_ATTACK,377,1.9157349555513312,1.9322490149926606,2.709258356052911,0.0010244503684283222,0.9995533406688265,False,2,57
C09_RESTRAINT_DOMAIN_ATTACK,378,1.9116060724864403,1.9309949672363733,2.7034192336250897,0.0011836623678697466,0.9989046211640271,False,2,57
C09_RESTRAINT_DOMAIN_ATTACK,379,1.906959787172802,1.9292064073216684,2.6968483939198875,0.0013503270908187047,0.9979793982637394,False,2,57
C09_RESTRAINT_DOMAIN_ATTACK,380,1.901796148281127,1.926883335248546,2.6895459057680835,0.0015237881051675833,0.9967776719679634,False,2,57
C09_RESTRAINT_DOMAIN_ATTACK,381,1.8961219373650626,1.9240668673368844,2.6815213597348198,0.001698180296634179,0.9953207117686598,False,2,57
C09_RESTRAINT_DOMAIN_ATTACK,382,1.8899354243412578,1.920695329106866,2.6727723091127573,0.001875296146727114,0.9935766134278875,False,2,57
C09_RESTRAINT_DOMAIN_ATTACK,383,1.8832451314176426,1.916809836878369,2.6633108061239317,0.002051791966285404,0.9915666464376072,False,2,57
C09_RESTRAINT_DOMAIN_ATTACK,384,1.8760510964925852,1.9123692743315157,2.6531369043647297,0.002229702791895716,0.9892695413058584,False,2,57
C09_RESTRAINT_DOMAIN_ATTACK,385,1.8683635492827078,1.9074147577861837,2.642265070839138,0.00240545027930234,0.9867065675246016,False,2,57
C09_RESTRAINT_DOMAIN_ATTACK,386,1.860185916094949,1.9019874035622517,2.6307001510768973,0.002581679455287261,0.9838989945857974,False,2,57
C09_RESTRAINT_DOMAIN_ATTACK,387,1.851516458940124,1.8960255371799022,2.6184396871901314,0.002758008056764006,0.9808149182515051,False,2,57
C09_RESTRAINT_DOMAIN_ATTACK,388,1.8423653574345527,1.8895291586391352,2.605498075330299,0.002930682521703572,0.9774543385217245,False,2,57
C09_RESTRAINT_DOMAIN_ATTACK,389,1.8327362024566973,1.8825393842598288,2.591880393766424,0.0031042253290810454,0.9738385248884162,False,2,57
C09_RESTRAINT_DOMAIN_ATTACK,390,1.8226373725020315,1.875056214041983,2.577598491480436,0.0032741696160687064,0.9699674773515801,False,2,57
C09_RESTRAINT_DOMAIN_ATTACK,391,1.8120723112849988,1.8670385316657199,2.562657238620006,0.003442327886826853,0.9658199264192558,False,2,57
C09_RESTRAINT_DOMAIN_ATTACK,392,1.8010496907527513,1.8585685697707957,2.5470688991704096,0.003609772552350264,0.9614384110753645,False,2,57
C09_RESTRAINT_DOMAIN_ATTACK,393,1.7895744353760976,1.849584653877393,2.5308404373850513,0.0037733768617497663,0.9567910270819653,False,2,57
C09_RESTRAINT_DOMAIN_ATTACK,394,1.77765353348265,1.8401484584653294,2.5139817362516186,0.003936449777726663,0.951909678676999,False,2,57
C09_RESTRAINT_DOMAIN_ATTACK,395,1.7652903285154424,1.8301983090547873,2.496497524112595,0.004096622850392052,0.9467624616225248,False,2,57
C09_RESTRAINT_DOMAIN_ATTACK,396,1.7524968232689286,1.8198164382855235,2.4784047754826837,0.004254430262245103,0.9413919149024639,False,2,57
C09_RESTRAINT_DOMAIN_ATTACK,397,1.7392779481739793,1.8089617298376595,2.459710463044091,0.004408916180258874,0.9357767690248556,False,2,57
C09_RESTRAINT_DOMAIN_ATTACK,398,1.7256389754217925,1.797613625551256,2.440422042801111,0.004561239682265687,0.9299063892437197,False,2,57
C09_RESTRAINT_DOMAIN_ATTACK,399,1.711591928506339,1.7858543580660702,2.4205565185419857,0.004711229826052582,0.9238233145429775,False,2,57
C09_RESTRAINT_DOMAIN_ATTACK,400,1.697143357540574,1.7736016947423447,2.400123153525291,0.004855957366558782,0.9174850059387075,False,2,57
C09_RESTRAINT_DOMAIN_ATTACK,401,1.682302191540511,1.760958426379776,2.379134575286571,0.005000738496560877,0.9109446371608116,False,2,57
C09_RESTRAINT_DOMAIN_ATTACK,402,1.6670749208515074,1.747862878498546,2.3575999625602555,0.005140724343291436,0.9041703039713487,False,2,57
C09_RESTRAINT_DOMAIN_ATTACK,403,1.651470263816418,1.7343356092585942,2.3355316449450516,0.005278170870971359,0.897172641116299,False,2,57
C09_RESTRAINT_DOMAIN_ATTACK,404,1.6354968417190394,1.7204177349797989,2.312941814777429,0.005413513989847232,0.8899729180876232,False,2,57
C09_RESTRAINT_DOMAIN_ATTACK,405,1.6191645671016708,1.7060681393422816,2.289844490509144,0.0055433221322802794,0.8825498653933609,False,2,57
C09_RESTRAINT_DOMAIN_ATTACK,406,1.6024838525776564,1.6913073805059817,2.266254397799209,0.005669846392778216,0.8749141177794921,False,2,57
C09_RESTRAINT_DOMAIN_ATTACK,407,1.5854618057474712,1.6761765747907773,2.242181588312611,0.005795103050385909,0.8670869447379775,False,2,57
C09_RESTRAINT_DOMAIN_ATTACK,408,1.5681083883099705,1.6606757221966684,2.2176401500189757,0.005916069439269074,0.8590683462688172,False,2,57
C09_RESTRAINT_DOMAIN_ATTACK,409,1.5504320489972971,1.6447637064037768,2.1926420312298847,0.006032387817270595,0.8508370528800506,False,2,57
C09_RESTRAINT_DOMAIN_ATTACK,410,1.532443408963288,1.62850220189192,2.1672022525251413,0.00614671351984711,0.8424249688096186,False,2,57
C09_RESTRAINT_DOMAIN_ATTACK,411,1.5141540971142764,1.6119117668210368,2.141337259661798,0.00625668900835194,0.8338427288035014,False,2,57
C09_RESTRAINT_DOMAIN_ATTACK,412,1.4955692412310095,1.59493072671131,2.1150543044169328,0.006362794354450404,0.8250584286237582,False,2,57
C09_RESTRAINT_DOMAIN_ATTACK,413,1.4767027602020506,1.5776413142024963,2.0883730710715245,0.006466065637356585,0.8161146072543103,False,2,57
C09_RESTRAINT_DOMAIN_ATTACK,414,1.4575629437866415,1.5600024129747172,2.0613052831155216,0.006564561072896015,0.8069899952031968,False,2,57
C09_RESTRAINT_DOMAIN_ATTACK,415,1.4381618893023462,1.542034581187912,2.033868048739492,0.006658972644380243,0.7976952272163983,False,2,57
C09_RESTRAINT_DOMAIN_ATTACK,416,1.4185100112476963,1.5237994933218981,2.0060760962685036,0.006751247409466044,0.7882622075318558,False,2,57
C09_RESTRAINT_DOMAIN_ATTACK,417,1.398613859255459,1.505256033056797,1.977938688282045,0.006839416292048812,0.7786696666576083,False,2,57
C09_RESTRAINT_DOMAIN_ATTACK,418,1.3784853666620223,1.4863836422326697,1.9494727010662807,0.0069221554858298435,0.7689069698476758,False,2,57
C09_RESTRAINT_DOMAIN_ATTACK,419,1.3581369532564462,1.4672645534892728,1.9206956988553407,0.007002813282175956,0.7590166560859795,False,2,57
C09_RESTRAINT_DOMAIN_ATTACK,420,1.3375799981257044,1.4478782086666673,1.8916237741083501,0.007077862404010088,0.748988090626539,False,2,57
C09_RESTRAINT_DOMAIN_ATTACK,421,1.3168216639831096,1.4282040496049135,1.8622670564316202,0.00714961968611798,0.7399872362742829,False,2,57
C09_RESTRAINT_DOMAIN_ATTACK,422,1.2958773624307622,1.4083243089437687,1.8326473411218587,0.007217808682851016,0.7470448126842237,False,2,57
C09_RESTRAINT_DOMAIN_ATTACK,423,1.274752090775489,1.388177312203415,1.8027716954381554,0.007281959166679785,0.7536844021055016,False,2,57
C09_RESTRAINT_DOMAIN_ATTACK,424,1.2534597073014286,1.3678041757037307,1.7726597179538903,0.00734196510213215,0.759895029843039,False,2,57
C09_RESTRAINT_DOMAIN_ATTACK,425,1.2320120650384392,1.3472254576046552,1.7423281713846441,0.007397800735426916,0.7656740303747236,False,2,57
C09_RESTRAINT_DOMAIN_ATTACK,426,1.21041777479469,1.3264411579061883,1.7117892332521132,0.007450214063073418,0.7710988215065345,False,2,57
C09_RESTRAINT_DOMAIN_ATTACK,427,1.1886886792788465,1.30545127660833,1.681059651675507,0.00749779904941622,0.7760238782337237,False,2,57
C09_RESTRAINT_DOMAIN_ATTACK,428,1.1668337735863512,1.2842763718710195,1.6501521476407952,0.0075426700912678895,0.7806680410992024,False,2,57
C09_RESTRAINT_DOMAIN_ATTACK,429,1.1448664412234029,1.2629370018541959,1.6190856482839562,0.007582666832700765,0.7848077127813701,False,2,57
C09_RESTRAINT_DOMAIN_ATTACK,430,1.1227953371207249,1.24141260839792,1.5878723935254007,0.00761856416558997,0.7885230947625792,False,2,57
C09_RESTRAINT_DOMAIN_ATTACK,431,1.1006342649633565,1.2197854241419486,1.5565319047237214,0.0076516502737470835,0.7919475143553852,False,2,57
C09_RESTRAINT_DOMAIN_ATTACK,432,1.0783880593834392,1.1979732164465247,1.5250710190812624,0.007679953823465932,0.7948769380803798,False,2,57
C09_RESTRAINT_DOMAIN_ATTACK,433,1.0560739314819838,1.1760582179514054,1.4935140767704964,0.0077040811997537186,0.7973741269214052,False,2,57
C09_RESTRAINT_DOMAIN_ATTACK,434,1.033698672530013,1.153999312336712,1.461870682099009,0.007724094830230881,0.7994455421511363,False,2,57
C09_RESTRAINT_DOMAIN_ATTACK,435,1.0112746286958216,1.131837615922323,1.4301582951854468,0.007740659719208808,0.8011600118645068,False,2,57
C09_RESTRAINT_DOMAIN_ATTACK,436,0.9888105330112279,1.1095936868681773,1.3983892664018476,0.007754464058560728,0.8025887640742856,False,2,57
C09_RESTRAINT_DOMAIN_ATTACK,437,0.9663178290988856,1.0872469670143359,1.3665797794745707,0.00776274305913831,0.8034456424853726,False,2,57
C09_RESTRAINT_DOMAIN_ATTACK,438,0.9438072049318813,1.0648385726806773,1.3347449494801096,0.007768262940474436,0.8040169514379891,False,2,57
C09_RESTRAINT_DOMAIN_ATTACK,439,0.9212871578663956,1.042327387547323,1.3028967934948192,0.00776895367156567,0.8040884422603896,False,2,57
C09_RESTRAINT_DOMAIN_ATTACK,440,0.8987718379003152,1.0197956442540292,1.2710553226376187,0.007766883337916915,0.8038741622647861,False,2,57
C09_RESTRAINT_DOMAIN_ATTACK,441,0.8762678188395461,0.9972022264809184,1.2392298336739764,0.0077606690231219405,0.8032309792938933,False,2,57
C09_RESTRAINT_DOMAIN_ATTACK,442,0.85378728655537,0.9745882505478684,1.2074375600283282,0.007751006744845445,0.8022309313316471,False,2,57
C09_RESTRAINT_DOMAIN_ATTACK,443,0.8313373045899136,0.95193315829494,1.1756884910577485,0.0077378808512765605,0.800872398412123,False,2,57
C09_RESTRAINT_DOMAIN_ATTACK,444,0.808930054307645,0.9292986242019508,1.1439998538130758,0.007722009043262106,0.7992296627334551,False,2,57
C09_RESTRAINT_DOMAIN_ATTACK,445,0.7865734446983064,0.9066435319490225,1.1123828332948684,0.007701309059211334,0.7970872097553765,False,2,57
C09_RESTRAINT_DOMAIN_ATTACK,446,0.7642767683905419,0.8839884396960941,1.0808505712645853,0.007677828476851271,0.7946569642305034,False,2,57
C09_RESTRAINT_DOMAIN_ATTACK,447,0.7420504607629184,0.8613333474431657,1.0494178255761233,0.007650194998202448,0.7917968930110942,False,2,57
C09_RESTRAINT_DOMAIN_ATTACK,448,0.7199052919631089,0.8387399296700548,1.0180998275183912,0.007620511613843996,0.7887246560923492,False,2,57
C09_RESTRAINT_DOMAIN_ATTACK,449,0.6978462370048102,0.816167070056883,0.9869036128232317,0.007587356672680692,0.7852931122680104,False,2,57
C09_RESTRAINT_DOMAIN_ATTACK,450,0.6758853523907571,0.7936353267635895,0.9558462319603273,0.007550072567195706,0.7814341990130349,False,2,57
C09_RESTRAINT_DOMAIN_ATTACK,451,0.6540302474643592,0.7711652579501134,0.9249384461663284,0.0075106970451840095,0.7773588236798732,False,2,57
C09_RESTRAINT_DOMAIN_ATTACK,452,0.6322909086638138,0.7487568636164547,0.8941943783975733,0.007467203033176865,0.7728571837112271,False,2,57
C09_RESTRAINT_DOMAIN_ATTACK,453,0.6106749117255386,0.7264307019225524,0.8636247423632493,0.00742162330619992,0.76813967177681,False,2,57
C09_RESTRAINT_DOMAIN_ATTACK,454,0.5891894221899862,0.7041662147084677,0.8332396716678457,0.0073725562285360926,0.763061218266477,False,2,57
C09_RESTRAINT_DOMAIN_ATTACK,455,0.5678453771861142,0.6820045182940787,0.8030546337474684,0.007320747106322075,0.7576989625320375,False,2,57
C09_RESTRAINT_DOMAIN_ATTACK,456,0.5466499262435609,0.6599661708393244,0.773079739563896,0.007266899774943272,0.752125751693269,False,2,57
C09_RESTRAINT_DOMAIN_ATTACK,457,0.5256097073951632,0.6380100560243267,0.7433243767131938,0.007208892139862575,0.7461219484910487,False,2,57
C09_RESTRAINT_DOMAIN_ATTACK,458,0.5047333241352848,0.6161772901689638,0.7138007123737753,0.0071494613441510846,0.7399708478453015,False,2,57
C09_RESTRAINT_DOMAIN_ATTACK,459,0.4840294568816367,0.5944678732732358,0.6845210225100938,0.007086610130233344,0.7334657331503511,False,2,57
C09_RESTRAINT_DOMAIN_ATTACK,460,0.4635059028665103,0.5728818053371425,0.6554963340738053,0.0070209687467031965,0.7266718352765933,False,2,57
C09_RESTRAINT_DOMAIN_ATTACK,461,0.44317092354645987,0.5514602026805624,0.6267383305288136,0.006953970426295936,0.7197374941326231,False,2,57
C09_RESTRAINT_DOMAIN_ATTACK,462,0.4230276242138337,0.530161948983617,0.5982514034216728,0.006884793896156499,0.7125777077942925,False,2,57
C09_RESTRAINT_DOMAIN_ATTACK,463,0.40308762586984415,0.5090487187261239,0.5700519873299056,0.006813647738705718,0.7052140645888,False,2,57
C09_RESTRAINT_DOMAIN_ATTACK,464,0.3833552821424406,0.48807939558820473,0.5421462392132038,0.006739699358356132,0.6975603906866624,False,2,57
C09_RESTRAINT_DOMAIN_ATTACK,465,0.3638410888873732,0.46727453772979866,0.514549002453118,0.006663000789565472,0.6896220716658908,False,2,57
C09_RESTRAINT_DOMAIN_ATTACK,466,0.3445517499780956,0.44665470331084484,0.4872697577584066,0.00658556080883112,0.6816070163431565,False,2,57
C09_RESTRAINT_DOMAIN_ATTACK,467,0.3254947506317526,0.4262198923313432,0.4603190908246731,0.006506069531139859,0.6733796513266815,False,2,57
C09_RESTRAINT_DOMAIN_ATTACK,468,0.30667839566202304,0.405990662951233,0.43370874643205515,0.006425246477594906,0.6650144472115446,False,2,57
C09_RESTRAINT_DOMAIN_ATTACK,469,0.28811068993977307,0.38592589885063583,0.40745004517749667,0.006340941293021123,0.6562888417562676,False,2,57
C09_RESTRAINT_DOMAIN_ATTACK,470,0.2698024823429448,0.3660872745093692,0.3815583296913201,0.006257279632866998,0.6476298412223267,False,2,57
C09_RESTRAINT_DOMAIN_ATTACK,471,0.25176321312594624,0.34645423176749385,0.35604695050934115,0.006170947460623643,0.6386944420899845,False,2,57
C09_RESTRAINT_DOMAIN_ATTACK,472,0.23400358786105743,0.32702677062500995,0.3309310475970716,0.0060838355221996395,0.6296783369835778,False,2,57
C09_RESTRAINT_DOMAIN_ATTACK,473,0.21653968780111246,0.30778433292197827,0.30623336328036904,0.00599325435410183,0.620303165830161,False,2,57
C09_RESTRAINT_DOMAIN_ATTACK,474,0.1993911738705419,0.2887885931382162,0.28198170230521225,0.005903330717602868,0.6109960493442587,False,2,57
C09_RESTRAINT_DOMAIN_ATTACK,475,0.18257670952136013,0.27001899311378463,0.25820245877856046,0.005812042236412077,0.6015476711275527,False,2,57
C09_RESTRAINT_DOMAIN_ATTACK,476,0.16612329441914472,0.2514960910086227,0.23493381599365318,0.0057207622010205334,0.5921001670529572,False,2,57
C09_RESTRAINT_DOMAIN_ATTACK,477,0.1500660918878033,0.23317877050285216,0.2122255024000585,0.005626702117180809,0.582364927342315,False,2,57
C09_RESTRAINT_DOMAIN_ATTACK,478,0.13445947150754206,0.21510814791635122,0.19015440819548474,0.005531971520692035,0.5725602894225595,False,2,57
C09_RESTRAINT_DOMAIN_ATTACK,479,0.11937443703683483,0.19728422324911993,0.16882094785814492,0.0054371904413047815,0.5627504265115228,False,2,57
C09_RESTRAINT_DOMAIN_ATTACK,480,0.10491751345930232,0.17972755466109744,0.1483757704646071,0.005343121855994682,0.5530143068967958,False,2,57
C09_RESTRAINT_DOMAIN_ATTACK,481,0.09124939357002011,0.16237646767246627,0.12904612994504272,0.005246219219264164,0.5429848623263194,False,2,57
C09_RESTRAINT_DOMAIN_ATTACK,482,0.07863456556304077,0.14531319492298306,0.11120606909056859,0.005150133003811883,0.5330399175407046,False,2,57
C09_RESTRAINT_DOMAIN_ATTACK,483,0.0674797412239226,0.12847606193283032,0.09543076522429818,0.005053820885929978,0.5230715918031084,False,2,57
C09_RESTRAINT_DOMAIN_ATTACK,484,0.058423301574976536,0.1119267431818255,0.08262302544594523,0.0049570913657205435,0.5130600648312755,False,2,57
C09_RESTRAINT_DOMAIN_ATTACK,485,0.05233061361515372,0.09560356419015116,0.07400666350185653,0.0048594905036336965,0.5029583537802856,False,2,57
C09_RESTRAINT_DOMAIN_ATTACK,486,0.050063779479287085,0.0797164237708043,0.07080087592326365,0.004761926094303837,0.49286041559779525,False,2,57
C09_RESTRAINT_DOMAIN_ATTACK,487,0.0519041652883315,0.09262694821258198,0.07340357449441323,0.004664240462653775,0.4827499308780568,False,2,57
C09_RESTRAINT_DOMAIN_ATTACK,488,0.05726551465556576,0.10529077473509002,0.08098566748217634,0.004567988937080642,0.4727878764579679,False,2,57
C09_RESTRAINT_DOMAIN_ATTACK,489,0.06510749161163426,0.11764622885851102,0.09207589764926569,0.004470571795609508,0.46270518053178694,False,2,57
C09_RESTRAINT_DOMAIN_ATTACK,490,0.07451415076183314,0.12979610138254064,0.10537892259609792,0.00437426252916076,0.45273714991816016,False,2,57
C09_RESTRAINT_DOMAIN_ATTACK,491,0.0848423866516633,0.1416787178273615,0.11998525386688427,0.004277233386893287,0.44269461199632043,False,2,57
C09_RESTRAINT_DOMAIN_ATTACK,492,0.09568783399617807,0.15331463635291273,0.13532303259150036,0.004181657159765288,0.43280245111630966,False,2,57
C09_RESTRAINT_DOMAIN_ATTACK,493,0.10679969535473718,0.1647038569591943,0.15103757762798417,0.004086779903118012,0.42298263383735396,False,2,57
C09_RESTRAINT_DOMAIN_ATTACK,494,0.11802069529767703,0.17584637964620625,0.16690646793067743,0.003991034042384496,0.41307291584123956,False,2,57
C09_RESTRAINT_DOMAIN_ATTACK,495,0.1292484344266591,0.18674220441394856,0.18278488888167094,0.0038975680621455315,0.4033991659861264,False,2,57
C09_RESTRAINT_DOMAIN_ATTACK,496,0.1404214389478451,0.1974324475822995,0.19858590340798807,0.0038052762458702354,0.3938469423638134,False,2,57
C09_RESTRAINT_DOMAIN_ATTACK,497,0.15149035189970292,0.20785543467144166,0.21423971022523264,0.003713154479369348,0.38431231893117734,False,2,57
C09_RESTRAINT_DOMAIN_ATTACK,498,0.16242537006563396,0.21805228200125334,0.22970416122028844,0.003621626428105622,0.37483914515835104,False,2,57
C09_RESTRAINT_DOMAIN_ATTACK,499,0.17320477820813543,0.2280229895717345,0.244948546409769,0.0035307037945439216,0.36542863225306477,False,2,57
C09_RESTRAINT_DOMAIN_ATTACK,500,0.1838150753199722,0.2377881155428243,0.25995377248613666,0.003443406755678168,0.3563933692095458,False,2,57
C09_RESTRAINT_DOMAIN_ATTACK,501,0.19424329812686564,0.24728598543470534,0.27470150661109377,0.0033540177971637195,0.3471415920146026,False,2,57
C09_RESTRAINT_DOMAIN_ATTACK,502,0.2044855312364125,0.2566193900470733,0.28918621158360175,0.0032678970272284873,0.33822807306842373,False,2,57
C09_RESTRAINT_DOMAIN_ATTACK,503,0.21453415823207625,0.2657060967401716,0.3033971161640978,0.0031819199228651975,0.3293294235410667,False,2,57
C09_RESTRAINT_DOMAIN_ATTACK,504,0.22439069480432536,0.2746283381537568,0.3173363638625989,0.003098494140822474,0.32069483644440183,False,2,57
C09_RESTRAINT_DOMAIN_ATTACK,505,0.23405327640543686,0.28334499796795065,0.3310013178104275,0.003016485864067399,0.31220696146198373,False,2,57
C09_RESTRAINT_DOMAIN_ATTACK,506,0.24352091873244913,0.2918560761827531,0.3443905859929859,0.002935934572918966,0.30386988481565674,False,2,57
C09_RESTRAINT_DOMAIN_ATTACK,507,0.25279332355352396,0.30016157279816424,0.35750374664676354,0.0028552606167652206,0.29552011231385017,False,2,57
C09_RESTRAINT_DOMAIN_ATTACK,508,0.26187218535581225,0.30830260413406224,0.3703431961384707,0.002778090561373681,0.2875329943244561,False,2,57
C09_RESTRAINT_DOMAIN_ATTACK,509,0.27075929078392025,0.3162380538705689,0.3829114611651406,0.0027017033893788475,0.2796269049416855,False,2,57
C09_RESTRAINT_DOMAIN_ATTACK,510,0.279462106493709,0.32405015464744075,0.39521910117275744,0.0026285142936145027,0.2720518171639078,False,2,57
C09_RESTRAINT_DOMAIN_ATTACK,511,0.28798010537625,0.33165667382492126,0.40726537071672586,0.0025554032853777266,0.264484811462695,False,2,57
C09_RESTRAINT_DOMAIN_ATTACK,512,0.2963175654702322,0.33911928588282775,0.4190563198573799,0.002486607953469293,0.25736447922651484,False,2,57
C09_RESTRAINT_DOMAIN_ATTACK,513,0.30448096195734503,0.3464174326612212,0.4306011058844838,0.0024175885052600972,0.25022095090309016,False,2,57
C09_RESTRAINT_DOMAIN_ATTACK,514,0.31247177078533844,0.35357167232004066,0.44190181610336265,0.0023521894595091722,0.24345213504367216,False,2,57
C09_RESTRAINT_DOMAIN_ATTACK,515,0.3202951916401662,0.36056144669934703,0.4529658039804126,0.002286660206680232,0.2366698427225634,False,2,57
C09_RESTRAINT_DOMAIN_ATTACK,516,0.32795459982373387,0.3674278721190186,0.4637978429133655,0.0022238232381040332,0.23016620242364802,False,2,57
C09_RESTRAINT_DOMAIN_ATTACK,517,0.33545426430983905,0.37415039041911624,0.4744039701428633,0.0021631547508182743,0.2238870004231978,False,2,57
C09_RESTRAINT_DOMAIN_ATTACK,518,0.34280035727521546,0.380749559759579,0.4847929144449522,0.0021053150006639042,0.21790057334839397,False,2,57
C09_RESTRAINT_DOMAIN_ATTACK,519,0.35000088884668473,0.38724593830034615,0.49497600384961965,0.002049363543252772,0.2121095849947655,False,2,57
C09_RESTRAINT_DOMAIN_ATTACK,520,0.35705891933053435,0.39361896788147843,0.5049575662835226,0.0019963687588020183,0.20662461295369217,False,2,57
C09_RESTRAINT_DOMAIN_ATTACK,521,0.36398234084585285,0.39988920666291505,0.5147487628885117,0.0019437778094995473,0.2068628780845008,False,2,57
C09_RESTRAINT_DOMAIN_ATTACK,522,0.3707748568205551,0.40607721280459513,0.5243548311025715,0.0018954537976716142,0.21006393662457673,False,2,57
C09_RESTRAINT_DOMAIN_ATTACK,523,0.3774442178749411,0.4121624281465795,0.533786731958047,0.0018484723618980463,0.21321182143475104,False,2,57
C09_RESTRAINT_DOMAIN_ATTACK,524,0.38399545050032646,0.4181654108488073,0.5430515739871281,0.0018042884180992052,0.21631716726100408,False,2,57
C09_RESTRAINT_DOMAIN_ATTACK,525,0.39043316434492015,0.4240656027513395,0.5521558762168296,0.0017615505593643126,0.21936933935735553,False,2,57
C09_RESTRAINT_DOMAIN_ATTACK,526,0.3967659859642338,0.4299246783339934,0.5611118384389525,0.0017229521862095704,0.22240024196174635,False,2,57
C09_RESTRAINT_DOMAIN_ATTACK,527,0.40299837842877184,0.4356809631169516,0.5699257723883341,0.001685128095052301,0.22537797083623556,False,2,57
C09_RESTRAINT_DOMAIN_ATTACK,528,0.4091372650629759,0.4413961315800315,0.5786074691242964,0.00165076304744471,0.22833443021876415,False,2,57
C09_RESTRAINT_DOMAIN_ATTACK,529,0.41519100569116485,0.44707018372323315,0.5871687512237702,0.0016191490875416884,0.23126962010933208,False,2,57
C09_RESTRAINT_DOMAIN_ATTACK,530,0.42116262856428816,0.45266200322667827,0.5956139012803185,0.0015882888879912144,0.23416227101597878,False,2,57
C09_RESTRAINT_DOMAIN_ATTACK,531,0.42706095053934456,0.4582538227301234,0.6039553882126867,0.0015615324112098268,0.23705492192262545,False,2,57
C09_RESTRAINT_DOMAIN_ATTACK,532,0.4328907043138559,0.4637839677537511,0.6121999050658963,0.0015362503128547797,0.23991566859133115,False,2,57
C09_RESTRAINT_DOMAIN_ATTACK,533,0.4386568619257787,0.4692729964575005,0.6203544833634583,0.0015123415912503058,0.24275514576807622,False,2,57
C09_RESTRAINT_DOMAIN_ATTACK,534,0.44436826964812765,0.47478258332118906,0.6284316336246467,0.001492563027182054,0.24560525769080163,False,2,57
C09_RESTRAINT_DOMAIN_ATTACK,535,0.4500297320181201,0.48025105386499933,0.6364381504911549,0.001474239592064708,0.2484341001215664,False,2,57
C09_RESTRAINT_DOMAIN_ATTACK,536,0.4556462710067684,0.4856989662488705,0.6443811361024986,0.0014587947896848032,0.2512523078063508,False,2,57
C09_RESTRAINT_DOMAIN_ATTACK,537,0.4612280805014944,0.49116743679268077,0.652275006792523,0.0014453580642333486,0.2540811502371156,False,2,57
C09_RESTRAINT_DOMAIN_ATTACK,538,0.46677686343997005,0.4966153491765519,0.6601221708787798,0.001434827200672519,0.2568993579219,False,2,57
C09_RESTRAINT_DOMAIN_ATTACK,539,0.47230450872806684,0.5021043778803014,0.667939441813194,0.0014270551780559634,0.2597388350986451,False,2,57
C09_RESTRAINT_DOMAIN_ATTACK,540,0.4778143911789137,0.5075934065840508,0.6757315923022632,0.0014206981478425433,0.2625783122753902,False,2,57
C09_RESTRAINT_DOMAIN_ATTACK,541,0.4833134885913649,0.5131235516076785,0.6835084904437624,0.001418583997843891,0.2654390589440959,False,2,57
C09_RESTRAINT_DOMAIN_ATTACK,542,0.48880641892673427,0.518633138471367,0.6912766670212123,0.0014157676954812438,0.2682891708668213,False,2,57
C09_RESTRAINT_DOMAIN_ATTACK,543,0.494298684075583,0.524204399814873,0.6990439028828632,0.0014171765462543875,0.2711711870274876,False,2,57
C09_RESTRAINT_DOMAIN_ATTACK,544,0.4997986692908012,0.5298167774782573,0.7068220565670764,0.0014213947200933457,0.27407447268011464,False,2,57
C09_RESTRAINT_DOMAIN_ATTACK,545,0.5053149019260782,0.5354908296214589,0.7146231875730903,0.001427058886110665,0.27700966257068255,False,2,57
C09_RESTRAINT_DOMAIN_ATTACK,546,0.5108456003801412,0.5411648817646606,0.722444776336222,0.0014340707356906685,0.27994485246125056,False,2,57
C09_RESTRAINT_DOMAIN_ATTACK,547,0.5163992262007931,0.5469006083876796,0.7302987892921333,0.0014438814268045613,0.28291194658975943,False,2,57
C09_RESTRAINT_DOMAIN_ATTACK,548,0.5219843754893183,0.5527185676504552,0.7381973831638441,0.0014558600048229175,0.2859215797021896,False,2,57
C09_RESTRAINT_DOMAIN_ATTACK,549,0.5276045519368444,0.5585982013930483,0.7461455129188653,0.0014705979291489606,0.2889631170525607,False,2,57
C09_RESTRAINT_DOMAIN_ATTACK,550,0.5332645997539145,0.5645189514555196,0.7541500293054461,0.0014853392473292404,0.2920259238948925,False,2,57
C09_RESTRAINT_DOMAIN_ATTACK,551,0.538968155465992,0.5705219341577474,0.7622160751472166,0.0015028759557436792,0.29513126972114556,False,2,57
C09_RESTRAINT_DOMAIN_ATTACK,552,0.5447238228458994,0.576627707659671,0.7703558180163901,0.0015226178663004161,0.2982897892773002,False,2,57
C09_RESTRAINT_DOMAIN_ATTACK,553,0.5505314833841192,0.5827745974814728,0.7785690903151995,0.001544233717328257,0.3014695783254155,False,2,57
C09_RESTRAINT_DOMAIN_ATTACK,554,0.5564012519635664,0.5890242781029702,0.7868701966482452,0.001567362213062398,0.3047025411034323,False,2,57
C09_RESTRAINT_DOMAIN_ATTACK,555,0.5623367510759735,0.5953767495241633,0.7952642599924648,0.001592628876054635,0.3079886776113508,False,2,57
C09_RESTRAINT_DOMAIN_ATTACK,556,0.5683395349207611,0.6017908954251739,0.8037534783177575,0.0016178541817933908,0.31130671835721024,False,2,57
C09_RESTRAINT_DOMAIN_ATTACK,557,0.5744149868392494,0.6083283902858193,0.8123454648184294,0.0016472002380693424,0.31468856757895153,False,2,57
C09_RESTRAINT_DOMAIN_ATTACK,558,0.5805677824049342,0.6149275596262821,0.8210468317539299,0.001676430308614261,0.31810232103863384,False,2,57
C09_RESTRAINT_DOMAIN_ATTACK,559,0.586805014741989,0.6216706360863189,0.8298676103166648,0.0017079599416412112,0.3215905177201784,False,2,57
C09_RESTRAINT_DOMAIN_ATTACK,560,0.5931248463988756,0.628475387026173,0.8388052019577488,0.00173932874361253,0.32511061863966384,False,2,57
C09_RESTRAINT_DOMAIN_ATTACK,561,0.5995325013142893,0.635403486925662,0.8478669944421333,0.001773439683132536,0.3286945280350312,False,2,57
C09_RESTRAINT_DOMAIN_ATTACK,562,0.6060347445724416,0.6424549357847857,0.8570625550436612,0.0018090057016252102,0.3323422459062805,False,2,57
C09_RESTRAINT_DOMAIN_ATTACK,563,0.6126332605382846,0.6496091754436053,0.866394265814092,0.001844617485046691,0.3360431375074314,False,2,57
C09_RESTRAINT_DOMAIN_ATTACK,564,0.6193263029783678,0.6568456477421812,0.8758596572063962,0.0018813587821509558,0.3397865680925035,False,2,57
C09_RESTRAINT_DOMAIN_ATTACK,565,0.6261205626921074,0.6642054690003921,0.8854681914398519,0.001918888805522534,0.3435938071534576,False,2,57
C09_RESTRAINT_DOMAIN_ATTACK,566,0.6330196912391617,0.6717091973781769,0.8952250325996515,0.001957957082037433,0.34747548943627393,False,2,57
C09_RESTRAINT_DOMAIN_ATTACK,567,0.640021848084383,0.6792951583957183,0.9051275777760271,0.0019974668071924342,0.3513997107030115,False,2,57
C09_RESTRAINT_DOMAIN_ATTACK,568,0.6471338538490315,0.6870250265328336,0.9151854727840687,0.0020378623460305893,0.3553983751916113,False,2,57
C09_RESTRAINT_DOMAIN_ATTACK,569,0.6543540370853338,0.6948576854696445,0.9253963538396662,0.0020794357931304148,0.35945021341011274,False,2,57
C09_RESTRAINT_DOMAIN_ATTACK,570,0.6616873414607941,0.7028136933660903,0.9357672123444523,0.002120478558637686,0.36356586010449604,False,2,57
C09_RESTRAINT_DOMAIN_ATTACK,571,0.6691322865769056,0.710893050222171,0.9462959546987804,0.0021634516449085405,0.3677453152747613,False,2,57
C09_RESTRAINT_DOMAIN_ATTACK,572,0.6766937759879315,0.7190957560378863,0.9569895155755938,0.002206479928889621,0.37198857892090836,False,2,57
C09_RESTRAINT_DOMAIN_ATTACK,573,0.6843700624597505,0.7274012526532975,0.9678454240127013,0.0022488001796771,0.3762850162969571,False,2,57
C09_RESTRAINT_DOMAIN_ATTACK,574,0.6921612395026691,0.7358300982283434,0.9788638122536467,0.002291800745004745,0.3806452621488878,False,2,57
C09_RESTRAINT_DOMAIN_ATTACK,575,0.7000689903262552,0.7443822927630241,0.9900470607162293,0.0023360830517634725,0.3850693164767003,False,2,57
C09_RESTRAINT_DOMAIN_ATTACK,576,0.7080947460052908,0.7530372780974006,1.001397193245814,0.002379639130919041,0.38954654453441445,False,2,57
C09_RESTRAINT_DOMAIN_ATTACK,577,0.7162403854825256,0.761836170551351,1.0129168670687214,0.0024233753234177064,0.39409821581399085,False,2,57
C09_RESTRAINT_DOMAIN_ATTACK,578,0.724500712072222,0.770717295645058,1.024598732961501,0.0024668766673852107,0.3986924260774885,False,2,57
C09_RESTRAINT_DOMAIN_ATTACK,579,0.7328789979389287,0.7797217696983997,1.0364474184636365,0.002509801058491412,0.40335044481686805,False,2,57
C09_RESTRAINT_DOMAIN_ATTACK,580,0.7413737136940497,0.7888495927113763,1.0484607606930332,0.002553396717064768,0.4080722720321296,False,2,57
C09_RESTRAINT_DOMAIN_ATTACK,581,0.7499828775583757,0.7980596483641094,1.0606359569906552,0.0025955324511101607,0.4128366382313123,False,2,57
C09_RESTRAINT_DOMAIN_ATTACK,582,0.7587065887625625,0.8073930529764773,1.0729731476898423,0.002637729339805018,0.41766481290637697,False,2,57
C09_RESTRAINT_DOMAIN_ATTACK,583,0.7675431229008948,0.816829248388541,1.0854698941126448,0.0026792379092351356,0.42254616131134326,False,2,57
C09_RESTRAINT_DOMAIN_ATTACK,584,0.7764907758066745,0.8263682346003003,1.0981237862034054,0.002720696683171363,0.4274806834462111,False,2,57
C09_RESTRAINT_DOMAIN_ATTACK,585,0.7855476265465647,0.8359894534518161,1.110932107352147,0.0027607375376247838,0.4324577445650002,False,2,57
C09_RESTRAINT_DOMAIN_ATTACK,586,0.794713836554716,0.8457340212629668,1.1238950858612344,0.0028008634416793,0.4374986141596713,False,2,57
C09_RESTRAINT_DOMAIN_ATTACK,587,0.8039859195497338,0.855560821713874,1.1370077913842376,0.002840223093364442,0.4425820227382636,False,2,57
C09_RESTRAINT_DOMAIN_ATTACK,588,0.8133620162316929,0.8654698548045378,1.1502675944739857,0.0028775607347583864,0.44770797030077714,False,2,57
C10_MULTI_DOMAIN_ATTACK,0,0.0995181222396125,0.1738316799721709,0.14073987817316352,0.009878426078661845,1.0224193081041815,True,2,57
C10_MULTI_DOMAIN_ATTACK,1,0.10824429860271077,0.20156463773006592,0.15308055513351662,0.009851501044939651,1.0196325610930972,True,2,57
C10_MULTI_DOMAIN_ATTACK,2,0.1229078145756462,0.22917424652832613,0.17381789829451644,0.009821118440573342,1.016487954747183,True,2,57
C10_MULTI_DOMAIN_ATTACK,3,0.14162371189786735,0.2566399482070124,0.20028617411958388,0.009786586400144223,1.0129138808408924,True,2,57
C10_MULTI_DOMAIN_ATTACK,4,0.16294460692271945,0.28392062644624644,0.23043847302566275,0.009747240839334922,1.0088416064988783,True,2,57
C10_MULTI_DOMAIN_ATTACK,5,0.1859230355216163,0.3110368394059674,0.2629348783922445,0.009703739808095102,1.0043392400380808,True,2,57
C10_MULTI_DOMAIN_ATTACK,6,0.20996142564775025,0.3379680289262361,0.2969302957262386,0.009656097837705956,0.9994082854493525,False,2,57
C10_MULTI_DOMAIN_ATTACK,7,0.2346793803751137,0.3646936368471135,0.3318867625358002,0.009604334296370925,0.9940507473460808,False,2,57
C10_MULTI_DOMAIN_ATTACK,8,0.25983279078634736,0.39123422132853863,0.3674590566793034,0.00954838381550167,0.988259860064755,False,2,57
C10_MULTI_DOMAIN_ATTACK,9,0.285250381460063,0.4175281078906941,0.40340495813291993,0.009487641340550005,0.9819730003243387,False,2,57
C10_MULTI_DOMAIN_ATTACK,10,0.31081577553013245,0.4435958546935191,0.43955988515422484,0.009423465941919871,0.9753308322155483,False,2,57
C10_MULTI_DOMAIN_ATTACK,11,0.33644853258203283,0.46945801989695274,0.47581007781803697,0.009355058423363547,0.9682506387480323,False,2,57
C10_MULTI_DOMAIN_ATTACK,12,0.3620809451961603,0.4950529290211776,0.5120597833732793,0.009283275516777215,0.9608210918646237,False,2,57
C10_MULTI_DOMAIN_ATTACK,13,0.3876661336398397,0.5204011402261328,0.5482427038662021,0.009207311256903872,0.9529587739809968,False,2,57
C10_MULTI_DOMAIN_ATTACK,14,0.4131613715546579,0.5454615371919401,0.5842984151012667,0.009126531278114816,0.9445980281127273,False,2,57
C10_MULTI_DOMAIN_ATTACK,15,0.4385326589741022,0.5702341199185995,0.6201788338647107,0.009042351634914531,0.9358854162176803,False,2,57
C10_MULTI_DOMAIN_ATTACK,16,0.4637581317294954,0.5947600047259892,0.6558530395526608,0.008955325898599988,0.9268782330488788,False,2,57
C10_MULTI_DOMAIN_ATTACK,17,0.4888078703785561,0.6189364008144137,0.6912787196840638,0.008862877163360715,0.9173097682787049,False,2,57
C10_MULTI_DOMAIN_ATTACK,18,0.5136653912899566,0.6428455408236293,0.7264325628839393,0.008768301770462665,0.9075211939652952,False,2,57
C10_MULTI_DOMAIN_ATTACK,19,0.5383133260299386,0.666446308433758,0.7612900064777088,0.00866953129767885,0.8972984279456268,False,2,57
C10_MULTI_DOMAIN_ATTACK,20,0.562735143972725,0.6897387036447996,0.7958276726302038,0.008568731314711718,0.8868656071681563,False,2,57
C10_MULTI_DOMAIN_ATTACK,21,0.586911184343721,0.7126404938169976,0.830017756807346,0.008462551336111413,0.8758759556396057,False,2,57
C10_MULTI_DOMAIN_ATTACK,22,0.6108326770809895,0.7352544697500476,0.8638478562686006,0.008353411800943851,0.8645799893445432,False,2,57
C10_MULTI_DOMAIN_ATTACK,23,0.6344821841749176,0.7574983988041932,0.8972933099442725,0.00824092604718709,0.8529376886772345,False,2,57
C10_MULTI_DOMAIN_ATTACK,24,0.6578492418222796,0.7793928391393735,0.9303393197819256,0.008124946629471046,0.8409337930089048,False,2,57
C10_MULTI_DOMAIN_ATTACK,25,0.6809228723765001,0.8009377907555885,0.9629703610448905,0.008006922594113224,0.8287182789574442,False,2,57
C10_MULTI_DOMAIN_ATTACK,26,0.7036913795132093,0.8220921373329599,0.9951698926326132,0.007885551582890123,0.8161563521554939,False,2,57
C10_MULTI_DOMAIN_ATTACK,27,0.7261457858560436,0.8428764370314268,1.026925218617686,0.007759908041028349,0.8031522174770397,False,2,57
C10_MULTI_DOMAIN_ATTACK,28,0.748274892656415,0.8632906898509893,1.058220501577974,0.007633709042662226,0.7900905929261769,False,2,57
C10_MULTI_DOMAIN_ATTACK,29,0.7700728174753062,0.8833143376317082,1.089047422488439,0.007503276922887817,0.7765908393629678,False,2,57
C10_MULTI_DOMAIN_ATTACK,30,0.7915285482816863,0.9029473803735835,1.119390407985448,0.007370057921282013,0.7628026429070212,False,2,57
C10_MULTI_DOMAIN_ATTACK,31,0.8126322853772411,0.922169259916676,1.1492355992027377,0.00723337278760391,0.748655701006513,False,2,57
C10_MULTI_DOMAIN_ATTACK,32,0.8333745962084803,0.9409799762609858,1.1785696564952346,0.00709623822777385,0.734462243398779,False,2,57
C10_MULTI_DOMAIN_ATTACK,33,0.8537539978365426,0.9594000875664521,1.2073904826706887,0.006955412366080656,0.7198867352227807,False,2,57
C10_MULTI_DOMAIN_ATTACK,34,0.8737581552576345,0.9773884775131965,1.235680633399443,0.006812675244287326,0.7051134111990323,False,2,57
C10_MULTI_DOMAIN_ATTACK,35,0.8933846504896645,0.9949862624210972,1.263436689138431,0.006668444587781254,0.6901855059985383,False,2,57
C10_MULTI_DOMAIN_ATTACK,36,0.9126240154300321,1.012131767810337,1.290645259968544,0.006520844245253782,0.6749088375413178,False,2,57
C10_MULTI_DOMAIN_ATTACK,37,0.9314670617471182,1.0288249936809157,1.317293351626592,0.006371377773955598,0.6594390243390345,False,2,57
C10_MULTI_DOMAIN_ATTACK,38,0.9499115714287688,1.0451070563527118,1.343377827369704,0.006220432187078415,0.6438161223435727,False,2,57
C10_MULTI_DOMAIN_ATTACK,39,0.9679520405634017,1.060957397665786,1.368890903491475,0.006067361575138042,0.6279732797788834,False,2,57
C10_MULTI_DOMAIN_ATTACK,40,0.9855812199702526,1.0763554594601992,1.393822328102152,0.00591230698331069,0.6119250948522446,False,2,57
C10_MULTI_DOMAIN_ATTACK,41,1.002795390635551,1.0913217998958906,1.4181668417220217,0.005755815136906435,0.5957281537555047,False,2,57
C10_MULTI_DOMAIN_ATTACK,42,1.0195909144283817,1.10585641897286,1.4419192992570031,0.005598648403067605,0.5794613616583716,False,2,57
C10_MULTI_DOMAIN_ATTACK,43,1.0359601898124102,1.1198976422112903,1.4650689505113164,0.005439028305942998,0.5793235865532007,False,2,57
C10_MULTI_DOMAIN_ATTACK,44,1.0519031924152267,1.1335277022509376,1.487615761017169,0.005278416863752383,0.5863744231381519,False,2,57
C10_MULTI_DOMAIN_ATTACK,45,1.067412826373112,1.146684924611985,1.5095496957078527,0.005116666881450242,0.593180660565556,False,2,57
C10_MULTI_DOMAIN_ATTACK,46,1.0824852062972312,1.1593693092944322,1.530865259813782,0.004952107919596783,0.5997422988354125,False,2,57
C10_MULTI_DOMAIN_ATTACK,47,1.09711892472017,1.1716425307780967,1.5515604628754511,0.004788841581434507,0.6060912421856628,False,2,57
C10_MULTI_DOMAIN_ATTACK,48,1.1113099244443139,1.1834223564232218,1.5716295671489682,0.00462465021502666,0.6121849516323853,False,2,57
C10_MULTI_DOMAIN_ATTACK,49,1.125059723014104,1.194770460709625,1.5910747187662637,0.004459526648040585,0.6180553314135212,False,2,57
C10_MULTI_DOMAIN_ATTACK,50,1.1383630581066617,1.2056457273174281,1.6098884756789527,0.00429315864558912,0.6236811120371097,False,2,57
C10_MULTI_DOMAIN_ATTACK,51,1.1512181209209118,1.2160687144065705,1.6280682798560233,0.004126910394420184,0.6290729282491313,False,2,57
C10_MULTI_DOMAIN_ATTACK,52,1.1636229029259482,1.2260188638171123,1.6456112908058274,0.003959395099404276,0.6342201453036055,False,2,57
C10_MULTI_DOMAIN_ATTACK,53,1.1755774556658152,1.2355372918689327,1.6625175814226516,0.0037916300025647317,0.6391440326924931,False,2,57
C10_MULTI_DOMAIN_ATTACK,54,1.1870764230655773,1.2445623240822135,1.6787795770726812,0.003624649208346607,0.6438126861778529,False,2,57
C10_MULTI_DOMAIN_ATTACK,55,1.198124698807869,1.2531556349367725,1.694404198468268,0.00345655674857884,0.6482580099976262,False,2,57
C10_MULTI_DOMAIN_ATTACK,56,1.2087207292423345,1.2613172244326096,1.7093892484160074,0.003289951639159603,0.6524800041518126,False,2,57
C10_MULTI_DOMAIN_ATTACK,57,1.218864207196837,1.2690059762498467,1.723734292508897,0.0031239283901157455,0.6564573991484518,False,2,57
C10_MULTI_DOMAIN_ATTACK,58,1.2285566415910552,1.2762424485484227,1.737441464681612,0.00295630881036386,0.660200829733524,False,2,57
C10_MULTI_DOMAIN_ATTACK,59,1.2377929097352043,1.2830060831683987,1.7505035203567822,0.002790239949307472,0.6636996611610488,False,2,57
C10_MULTI_DOMAIN_ATTACK,60,1.2465779640026486,1.2893379964296527,1.7629274632479854,0.002623994005468943,0.666975162922987,False,2,57
C10_MULTI_DOMAIN_ATTACK,61,1.2549118479921746,1.2952381883321848,1.774713355013217,0.0024594659879242217,0.6700273350193384,False,2,57
C10_MULTI_DOMAIN_ATTACK,62,1.2627978575178214,1.300706658875995,1.7858658566373904,0.002295842838683041,0.6728561774501032,False,2,57
C10_MULTI_DOMAIN_ATTACK,63,1.2702341156888817,1.3057022917412053,1.7963823137962114,0.0021334194320616006,0.6754404207233207,False,2,57
C10_MULTI_DOMAIN_ATTACK,64,1.2772256928790255,1.3102867614076326,1.8062698970808913,0.001971577321038132,0.6778119690769316,False,2,57
C10_MULTI_DOMAIN_ATTACK,65,1.283772580836963,1.3144395097153383,1.8155285948223439,0.00181314513549728,0.679960187764956,False,2,57
C10_MULTI_DOMAIN_ATTACK,66,1.289879719637966,1.3181605366643219,1.8241653933420172,0.0016554594750232202,0.6818850767873936,False,2,57
C10_MULTI_DOMAIN_ATTACK,67,1.2955470830830726,1.3214498422545837,1.8321802555889843,0.0014987559861538542,0.6835866361442446,False,2,57
C10_MULTI_DOMAIN_ATTACK,68,1.3007763836803712,1.324327984646063,1.8395756034154098,0.0013459174339272668,0.6850755005814894,False,2,57
C10_MULTI_DOMAIN_ATTACK,69,1.3055726429552246,1.3267949638387593,1.846358538330565,0.0011966601056366212,0.6863516700991276,False,2,57
C10_MULTI_DOMAIN_ATTACK,70,1.3099392072402354,1.328850779832673,1.8525337927634014,0.0010533331968669575,0.6874151446971595,False,2,57
C10_MULTI_DOMAIN_ATTACK,71,1.3138810894565525,1.3304954326278038,1.8581084560549943,0.0009153689950042006,0.6882659243755849,False,2,57
C10_MULTI_DOMAIN_ATTACK,72,1.317401685650094,1.331749480384091,1.86308733093954,0.0007851806365860321,0.6889146438803843,False,2,57
C10_MULTI_DOMAIN_ATTACK,73,1.320502646180332,1.3325923649415956,1.867472751377786,0.0006670168946795471,0.6893506684655774,False,2,57
C10_MULTI_DOMAIN_ATTACK,74,1.3231890733131444,1.333065202620196,1.8712719330633365,0.0005699631516309667,0.6895952676231247,False,2,57
C10_MULTI_DOMAIN_ATTACK,75,1.3254694234133482,1.3331679934198915,1.8744968351020033,0.0004997314346429343,0.6896484413530263,False,2,57
C10_MULTI_DOMAIN_ATTACK,76,1.3273453608543053,1.3331679934198915,1.8771498112731684,0.00047012096847302316,0.6896484413530263,False,2,57
C10_MULTI_DOMAIN_ATTACK,77,1.328821958346972,1.3331679934198915,1.879238035473464,0.0004864690827860028,0.6896484413530263,False,2,57
C10_MULTI_DOMAIN_ATTACK,78,1.3299042860544534,1.3331679934198915,1.8807686779963162,0.0005435150426624956,0.6900933457550746,False,2,57
C10_MULTI_DOMAIN_ATTACK,79,1.3305974174355215,1.3331679934198915,1.8817489137959291,0.0006288324894486492,0.6904530147619534,False,2,57
C10_MULTI_DOMAIN_ATTACK,80,1.3309081491793942,1.3331679934198915,1.8821883548423737,0.0007296506388979059,0.6906142548684859,False,2,57
C10_MULTI_DOMAIN_ATTACK,81,1.3308432670591817,1.3331679934198915,1.8820965976680137,0.0008395021646067386,0.6905805872430134,False,2,57
C10_MULTI_DOMAIN_ATTACK,82,1.3304078494034244,1.3331679934198915,1.8814808241139451,0.0009555744969572629,0.6903546470531718,False,2,57
C10_MULTI_DOMAIN_ATTACK,83,1.329606985552578,1.3331679934198915,1.8803482315944637,0.0010754129940909148,0.6899390751807294,False,2,57
C10_MULTI_DOMAIN_ATTACK,84,1.3284491619913459,1.3331679934198915,1.878710821811334,0.001194327641628152,0.6896484413530263,False,2,57
C10_MULTI_DOMAIN_ATTACK,85,1.3269411857585027,1.3331679934198915,1.876578221371111,0.0013141962598417823,0.6896484413530263,False,2,57
C10_MULTI_DOMAIN_ATTACK,86,1.3250881359902709,1.3331679934198915,1.8739576132571254,0.0014335661043167838,0.6896484413530263,False,2,57
C10_MULTI_DOMAIN_ATTACK,87,1.3228934028073367,1.3328801791807436,1.8708537918240293,0.001552831683427679,0.6894995549093019,False,2,57
C10_MULTI_DOMAIN_ATTACK,88,1.3203688779154934,1.3322223180626913,1.8672835744834362,0.0016683628920321331,0.6891592430379317,False,2,57
C10_MULTI_DOMAIN_ATTACK,89,1.3175213605314418,1.3311944100657345,1.863256576779817,0.001782142714818274,0.6886275057389157,False,2,57
C10_MULTI_DOMAIN_ATTACK,90,1.3143576697167558,1.329796455189873,1.8587824423225332,0.0018941291760197594,0.687904343012254,False,2,57
C10_MULTI_DOMAIN_ATTACK,91,1.310886334187112,1.3280695697549856,1.8538732325369633,0.0020042926966834978,0.6870110243499072,False,2,57
C10_MULTI_DOMAIN_ATTACK,92,1.307114113534698,1.3260137537610721,1.8485385069300553,0.002111843923345685,0.6859475497518754,False,2,57
C10_MULTI_DOMAIN_ATTACK,93,1.3030460990138808,1.323608449048193,1.8427854656227851,0.002217268054276808,0.6847032844721781,False,2,57
C10_MULTI_DOMAIN_ATTACK,94,1.2986924996988438,1.3208536556163488,1.8366285464263215,0.0023189095851013,0.6832782285108154,False,2,57
C10_MULTI_DOMAIN_ATTACK,95,1.294061886153597,1.3178110479453566,1.830079869948525,0.0024192189402401695,0.6817042861057283,False,2,57
C10_MULTI_DOMAIN_ATTACK,96,1.2891609662941828,1.3144395097153383,1.8231489226152375,0.0025155849127718654,0.679960187764956,False,2,57
C10_MULTI_DOMAIN_ATTACK,97,1.2839982948838193,1.3107595990862329,1.815847802688626,0.0026094645449941632,0.678056568234479,False,2,57
C10_MULTI_DOMAIN_ATTACK,98,1.2785807155732292,1.3067507578981012,1.8081861885523574,0.002700372677578344,0.6759827927683169,False,2,57
C10_MULTI_DOMAIN_ATTACK,99,1.2729202020438957,1.3024952187907,1.8001810135491776,0.0027889564232213785,0.6737814003503909,False,2,57
C10_MULTI_DOMAIN_ATTACK,100,1.2670217459151214,1.2979518654441509,1.7918393368948025,0.0028742049538200785,0.6714311214887405,False,2,57
C10_MULTI_DOMAIN_ATTACK,101,1.2608938755142483,1.2931206978584537,1.7831732194654228,0.002956200955000568,0.6689319561833655,False,2,57
C10_MULTI_DOMAIN_ATTACK,102,1.2545451652690291,1.2880222741935479,1.774194787333057,0.003035582739409548,0.6662945391802465,False,2,57
C10_MULTI_DOMAIN_ATTACK,103,1.2479857940975194,1.2826771526093725,1.7649184356616687,0.0031114400824459806,0.6635295052253638,False,2,57
C10_MULTI_DOMAIN_ATTACK,104,1.2412209052416139,1.2770647749459882,1.7553514380937005,0.0031848091239459913,0.6606262195727367,False,2,57
C10_MULTI_DOMAIN_ATTACK,105,1.2342624178392996,1.2712262575232736,1.7455106508357454,0.003254619506404917,0.6576059517143263,False,2,57
C10_MULTI_DOMAIN_ATTACK,106,1.2271154606190273,1.265141042181289,1.7354033270051359,0.003321871411478079,0.6544580669041519,False,2,57
C10_MULTI_DOMAIN_ATTACK,107,1.2197902791685853,1.2588502452399133,1.725043956051077,0.0033862984930707798,0.6512038346341744,False,2,57
C10_MULTI_DOMAIN_ATTACK,108,1.2122952783392074,1.252333308539207,1.7144444242281733,0.00344660259075588,0.6478326201584134,False,2,57
C10_MULTI_DOMAIN_ATTACK,109,1.2046373879187053,1.2455902320791703,1.7036145317363323,0.003504339114187784,0.6443444234768688,False,2,57
C10_MULTI_DOMAIN_ATTACK,110,1.1968285391017834,1.2386621321796814,1.69257115183292,0.0035585477414961505,0.6407605140815015,False,2,57
C10_MULTI_DOMAIN_ATTACK,111,1.188873879013466,1.2315490088407401,1.6813215636519538,0.003610765087311648,0.6370808919723112,False,2,57
C10_MULTI_DOMAIN_ATTACK,112,1.1807818847283778,1.2242508620623467,1.6698777555873363,0.003659541234075455,0.6333055571492981,False,2,57
C10_MULTI_DOMAIN_ATTACK,113,1.1725610899694459,1.216767691844501,1.6582517961457695,0.003704919257451761,0.6294345096124621,False,2,57
C10_MULTI_DOMAIN_ATTACK,114,1.1642217339402499,1.2091406145070815,1.6464581657478226,0.0037474842953947817,0.625489018853764,False,2,57
C10_MULTI_DOMAIN_ATTACK,115,1.1557705474378817,1.2013285137302097,1.6345063831780289,0.003785988434100931,0.6214478153812428,False,2,57
C10_MULTI_DOMAIN_ATTACK,116,1.147216254357815,1.193393063993703,1.6224087858876841,0.003823123870674232,0.6173428034328399,False,2,57
C10_MULTI_DOMAIN_ATTACK,117,1.1385671879604142,1.1852931489776832,1.6101771588866145,0.0038554445969022234,0.6131527135165943,False,2,57
C10_MULTI_DOMAIN_ATTACK,118,1.1298320542939635,1.1770698850020287,1.5978238143863783,0.003885728290233914,0.6088988151244669,False,2,57
C10_MULTI_DOMAIN_ATTACK,119,1.1210176773679807,1.1687438302266784,1.585358402993785,0.00391393029950597,0.6045917430024378,False,2,57
C10_MULTI_DOMAIN_ATTACK,120,1.1121307718522693,1.1602738683317542,1.5727904206859376,0.003938033510528718,0.6002102276585465,False,2,57
C10_MULTI_DOMAIN_ATTACK,121,1.1031817061689035,1.1517216737970735,1.560134530625954,0.0039600492487690125,0.595786173330734,False,2,57
C10_MULTI_DOMAIN_ATTACK,122,1.0941755311554258,1.143046130302758,1.5473978757767881,0.00397865595485344,0.5912983105270395,False,2,57
C10_MULTI_DOMAIN_ATTACK,123,1.0851225797366757,1.1342883541686857,1.534595069100887,0.0039944986868105554,0.5867679087394237,False,2,57
C10_MULTI_DOMAIN_ATTACK,124,1.0760296650487617,1.125448345394857,1.5217357458277376,0.0040075890978018645,0.5821949679678867,False,2,57
C10_MULTI_DOMAIN_ATTACK,125,1.0669036586952492,1.116546662141211,1.5088296238722971,0.004018611130792531,0.5775901229584088,False,2,57
C10_MULTI_DOMAIN_ATTACK,126,1.0577513160278995,1.1075833044077474,1.4958862567446451,0.0040268736262570335,0.5729533737109898,False,2,57
C10_MULTI_DOMAIN_ATTACK,127,1.048579449847432,1.0985377140345274,1.482915279199957,0.004031699376771673,0.5682740854796496,False,2,57
C10_MULTI_DOMAIN_ATTACK,128,1.0393951153794518,1.0894715655013683,1.4699266688339687,0.004035835075155006,0.5635841625023291,False,2,57
C10_MULTI_DOMAIN_ATTACK,129,1.3417735861781759,3.1348234560059907,1.8975544032071612,0.2400321939122839,24.843385744682344,True,2,57
C10_MULTI_DOMAIN_ATTACK,130,1.5865871881432352,3.1348234560059907,2.2437731193595565,0.2400321707012377,24.843383342333873,True,2,57
C10_MULTI_DOMAIN_ATTACK,131,1.7975290225244507,3.1348234560059907,2.542089922413331,0.24003207820975692,24.84337376944493,True,2,57
C10_MULTI_DOMAIN_ATTACK,132,1.9854228654888817,3.1348234560059907,2.8078119434200297,0.2400319855418772,24.843364178298657,True,2,57
C10_MULTI_DOMAIN_ATTACK,133,2.156315205282153,3.1348234560059907,3.049490208061345,0.24003182399027373,24.843347457671573,True,2,57
C10_MULTI_DOMAIN_ATTACK,134,2.313981083818614,3.1348234560059907,3.2724634318110772,0.24003163971246386,24.843328384877044,True,2,57
C10_MULTI_DOMAIN_ATTACK,135,2.46096803077988,3.1348234560059907,3.4803343656955144,0.24003143279657702,24.843306969036487,True,2,57
C10_MULTI_DOMAIN_ATTACK,136,2.599096348734813,3.1348234560059907,3.675677306295164,0.24003118086914146,24.843280894490572,True,2,57
C10_MULTI_DOMAIN_ATTACK,137,2.7297185987791135,3.1348234560059907,3.8604050638555036,0.24003089596548863,24.843251406898794,True,2,57
C10_MULTI_DOMAIN_ATTACK,138,2.853872082840742,3.1348234560059907,4.03598460483133,0.24003057841618436,24.843218540474794,True,2,57
C10_MULTI_DOMAIN_ATTACK,139,2.972371891952342,3.1348234560059907,4.203568642015578,0.24003022786836972,24.843182258697592,True,2,57
C10_MULTI_DOMAIN_ATTACK,140,3.08587585209652,3.1348234560059907,4.36408748183453,0.003895075542203842,1.6216456748302113,True,2,57
C10_MULTI_DOMAIN_ATTACK,141,3.0770922423333764,3.1256956329930143,4.3516655817809,0.0038695099867358525,1.61692384761495,True,2,57
C10_MULTI_DOMAIN_ATTACK,142,3.0683753893703627,3.116670600779733,4.339338090099393,0.003846031210731509,1.61225519412959,True,2,57
C10_MULTI_DOMAIN_ATTACK,143,3.0597268790556664,3.107625010406513,4.3271072495180265,0.003817668594833587,1.6075759058982497,True,2,57
C10_MULTI_DOMAIN_ATTACK,144,3.051158773339823,3.098682210832989,4.314990118210834,0.003788716685317218,1.6029497913968112,True,2,57
C10_MULTI_DOMAIN_ATTACK,145,3.0426659495233364,3.0897805275793426,4.3029794515867135,0.003759660055504199,1.5983449463873332,True,2,57
C10_MULTI_DOMAIN_ATTACK,146,3.0342569415793705,3.080919960645575,4.2910873185062535,0.0037271759997209337,1.5937613708698157,True,2,57
C10_MULTI_DOMAIN_ATTACK,147,3.025936932584636,3.0721416263515637,4.279321048946834,0.003694015373380175,1.58922033433622,True,2,57
C10_MULTI_DOMAIN_ATTACK,148,3.017704254834927,3.063445524697309,4.267678284418548,0.0036614923277367714,1.584721836786545,True,2,57
C10_MULTI_DOMAIN_ATTACK,149,2.894680111517255,3.054831655682811,4.0936958724393655,0.24226879363845497,25.074874316477942,True,2,57
C10_MULTI_DOMAIN_ATTACK,150,2.7668014552075006,3.04627946114813,3.912848142348063,0.2422682679299243,25.074819905527466,True,2,57
C10_MULTI_DOMAIN_ATTACK,151,2.63335775312153,3.037809499253206,3.724130249044809,0.24226772739228736,25.074763959761167,True,2,57
C10_MULTI_DOMAIN_ATTACK,152,2.4934494161580094,3.029442328157977,3.5262699814219323,0.24226719264158053,25.074708612943432,True,2,57
C10_MULTI_DOMAIN_ATTACK,153,2.3459112184047717,3.0211162733826273,3.31761946119122,0.2422666319017297,25.07465057624348,True,2,57
C10_MULTI_DOMAIN_ATTACK,154,2.1891998954399345,3.012913567566912,3.095996182876917,0.24226606923984154,25.074592340612238,True,2,57
C10_MULTI_DOMAIN_ATTACK,155,2.021169329591039,3.0048342107108312,2.8583650777601832,0.24226553232583445,25.074536769892443,True,2,57
C10_MULTI_DOMAIN_ATTACK,156,1.8387048033976174,2.9967959701746287,2.600321270165466,0.24226497055829108,25.074478626826085,True,2,57
C10_MULTI_DOMAIN_ATTACK,157,1.6369843454575999,2.9889016367580004,2.3150454627385817,0.24226442656768782,25.074422323677002,True,2,57
C10_MULTI_DOMAIN_ATTACK,158,1.407731490040571,2.9811100941410675,1.9908329653950612,0.24226389762385445,25.074367577871968,True,2,57
C10_MULTI_DOMAIN_ATTACK,159,1.1343597898781645,2.9733802260039526,1.6042269994563947,0.24226332877969461,25.074308702374225,True,2,57
C10_MULTI_DOMAIN_ATTACK,160,0.7712873338935777,0.8101272882483825,1.0907650080788835,0.0032019545504384135,0.4190792341217594,False,2,57
C10_MULTI_DOMAIN_ATTACK,161,0.7643851655793295,0.8026235598705977,1.0810038680390917,0.0031616892502387083,0.4151975518389431,False,2,57
C10_MULTI_DOMAIN_ATTACK,162,0.7575926865394834,0.7952431804524477,1.0713978520588063,0.0031214944889477072,0.41137967803200864,False,2,57
C10_MULTI_DOMAIN_ATTACK,163,0.7509081462516889,0.7879655918339934,1.061944484525578,0.003081273422661256,0.40761497795497587,False,2,57
C10_MULTI_DOMAIN_ATTACK,164,0.7443315931520006,0.7807907940152348,1.052643833938332,0.00304102500763774,0.40390345160784463,False,2,57
C10_MULTI_DOMAIN_ATTACK,165,0.7378614422822936,0.7737599033160502,1.0434936588277923,0.003002893138355586,0.4002663684825757,False,2,57
C10_MULTI_DOMAIN_ATTACK,166,0.7314941011273007,0.766811245256622,1.0344888786101452,0.00296401382990163,0.396671824341228,False,2,57
C10_MULTI_DOMAIN_ATTACK,167,0.7252313840515333,0.7599653779968896,1.0256320591842891,0.002925124282216783,0.39313045392978185,False,2,57
C10_MULTI_DOMAIN_ATTACK,168,0.7190716733106415,0.7532428596967919,1.0169209127142247,0.0028876223979291114,0.38965289199421765,False,2,57
C10_MULTI_DOMAIN_ATTACK,169,0.713013160589196,0.7466025740364509,1.0083528818557466,0.002849378295681424,0.38621786904257477,False,2,57
C10_MULTI_DOMAIN_ATTACK,170,0.7070543706613301,0.740126753655623,0.9999258803244264,0.002814677007034112,0.3828679240587744,False,2,57
C10_MULTI_DOMAIN_ATTACK,171,0.7011882137419763,0.7337126077546123,0.9916298816500675,0.0027791751903703515,0.37954988331291495,False,2,57
C10_MULTI_DOMAIN_ATTACK,172,0.6954182215364642,0.7274012526532975,0.9834698804182452,0.0027437058046441165,0.3762850162969571,False,2,57
C10_MULTI_DOMAIN_ATTACK,173,0.6897410631607668,0.7212132465116174,0.9754411660475939,0.002710320543569305,0.37308395775688125,False,2,57
C10_MULTI_DOMAIN_ATTACK,174,0.6841532105847565,0.7151280311696331,0.9675387491500588,0.0026776454438755906,0.36993607294670694,False,2,57
C10_MULTI_DOMAIN_ATTACK,175,0.6786496372210723,0.7091456066273444,0.9597555210576212,0.0026469982988895488,0.3668413618664342,False,2,57
C10_MULTI_DOMAIN_ATTACK,176,0.6732285522410748,0.7032454147248122,0.9520889491561317,0.002616348124904225,0.36378918977008273,False,2,57
C10_MULTI_DOMAIN_ATTACK,177,0.6678866766456604,0.6974480136219757,0.9445343962405868,0.002587754427702255,0.3607901914036329,False,2,57
C10_MULTI_DOMAIN_ATTACK,178,0.6626205394593859,0.691753403318835,0.9370869536104403,0.0025605816105156247,0.3578443667670846,False,2,57
C10_MULTI_DOMAIN_ATTACK,179,0.657425003021639,0.6861410256554507,0.9297393555163748,0.002534764726470165,0.3549410811144576,False,2,57
C10_MULTI_DOMAIN_ATTACK,180,0.6522983324935071,0.6806314387917621,0.9224891485256722,0.002510394091629259,0.3520909691917322,False,2,57
C10_MULTI_DOMAIN_ATTACK,181,0.6472336965543676,0.6751835264078909,0.915326671692059,0.0024873377717937292,0.34927276150694775,False,2,57
C10_MULTI_DOMAIN_ATTACK,182,0.6422294546006189,0.6698178466637763,0.908249604851671,0.0024656819988648575,0.3464970928060846,False,2,57
C10_MULTI_DOMAIN_ATTACK,183,0.6372821519398518,0.6645549577193575,0.9012530623316498,0.0024461691570997024,0.34377459783512304,False,2,57
C10_MULTI_DOMAIN_ATTACK,184,0.6323815841319832,0.6593537432547559,0.894322612874433,0.002429371398683786,0.3410840071021024,False,2,57
C10_MULTI_DOMAIN_ATTACK,185,0.6275259931951728,0.654234761429911,0.8874557703182598,0.0024140154469895828,0.3384359553530031,False,2,57
C10_MULTI_DOMAIN_ATTACK,186,0.6227101671841709,0.6491568959249443,0.8806451638594719,0.0023993352846982956,0.3358091730958644,False,2,57
C10_MULTI_DOMAIN_ATTACK,187,0.6179308137512857,0.6441612630597341,0.8738861374153112,0.002387460588561948,0.33322492982264695,False,2,57
C10_MULTI_DOMAIN_ATTACK,188,0.6131810167600137,0.6392067465144022,0.8671689100917355,0.0023769670439302715,0.33066195604139015,False,2,57
C10_MULTI_DOMAIN_ATTACK,189,0.6084574074902419,0.6343139044488878,0.8604887177990729,0.0023685789491856095,0.3281308864980743,False,2,57
C10_MULTI_DOMAIN_ATTACK,190,0.6037515131499829,0.6294621787032515,0.8538335781999838,0.002362970343780952,0.32562108644671905,False,2,57
C10_MULTI_DOMAIN_ATTACK,191,0.5990598771260836,0.6246721274374327,0.8471986029052672,0.0023594750155671806,0.3231431906333048,False,2,57
C10_MULTI_DOMAIN_ATTACK,192,0.5943755774254995,0.6199026343315531,0.840574002738481,0.002357375330995095,0.32067592956587093,False,2,57
C10_MULTI_DOMAIN_ATTACK,193,0.5896919645615248,0.6151742575455518,0.833950373905343,0.0023587775717511645,0.31822993799039767,False,2,57
C10_MULTI_DOMAIN_ATTACK,194,0.5850054521044021,0.6104869970794287,0.8273226444282495,0.002361570592587947,0.31580521590688504,False,2,57
C10_MULTI_DOMAIN_ATTACK,195,0.5803075140290047,0.6057791784533664,0.8206787566868337,0.002365780781999653,0.313369859077392,False,2,57
C10_MULTI_DOMAIN_ATTACK,196,0.5755949679658321,0.6011124761471824,0.8140142101309868,0.002373492328074412,0.3109557717398597,False,2,57
C10_MULTI_DOMAIN_ATTACK,197,0.5708608369280329,0.5964663320009376,0.8073191378112798,0.002383286477539531,0.30855231914830766,False,2,57
C10_MULTI_DOMAIN_ATTACK,198,0.5660982559899596,0.5918201878546927,0.800583831256757,0.0023951818679349745,0.30614886655675566,False,2,57
C10_MULTI_DOMAIN_ATTACK,199,0.561300479230768,0.587174043708448,0.7937987502946697,0.0024098873314722697,0.30374541396520366,False,2,57
C10_MULTI_DOMAIN_ATTACK,200,0.5564623384819939,0.5825278995622031,0.7869565860310836,0.0024266629579725685,0.30134196137365166,False,2,57
C10_MULTI_DOMAIN_ATTACK,201,0.5515737390046599,0.57784063909608,0.7800430623492278,0.0024463313933268537,0.29891723929013897,False,2,57
C10_MULTI_DOMAIN_ATTACK,202,0.5466346308401774,0.5731533786299569,0.773058108596989,0.0024672950713574633,0.29649251720662634,False,2,57
C10_MULTI_DOMAIN_ATTACK,203,0.5416332200845875,0.5684455600038947,0.7659850456754351,0.0024925244575212586,0.2940571603771334,False,2,57
C10_MULTI_DOMAIN_ATTACK,204,0.5365659153496866,0.563676066898015,0.7588187945946608,0.0025177280155597778,0.2915898993096994,False,2,57
C10_MULTI_DOMAIN_ATTACK,205,0.5314262414110117,0.5589065737921354,0.7515501980044113,0.002547818091232107,0.28912263824226553,False,2,57
C10_MULTI_DOMAIN_ATTACK,206,0.5262054602523291,0.5540754062064382,0.7441668984836204,0.002579301086726529,0.2866234729368906,False,2,57
C10_MULTI_DOMAIN_ATTACK,207,0.5208985870920926,0.5491825641409238,0.7366618464866203,0.0026129022709543755,0.28409240339357483,False,2,57
C10_MULTI_DOMAIN_ATTACK,208,0.5155005975858146,0.544248605755531,0.7290279365172941,0.002649238088362301,0.2815400643582983,False,2,57
C10_MULTI_DOMAIN_ATTACK,209,0.5100013826208739,0.5392529728903209,0.72125087213147,0.0026891205761811754,0.27895582108508093,False,2,57
C10_MULTI_DOMAIN_ATTACK,210,0.5043957734914296,0.5341751073853542,0.7133233436752475,0.0027303605928208027,0.2825929319061039,False,2,57
C10_MULTI_DOMAIN_ATTACK,211,0.4986771756533145,0.5290355674005701,0.7052360250548275,0.002775073762220534,0.2872207549375044,False,2,57
C10_MULTI_DOMAIN_ATTACK,212,0.4928386959641925,0.5237726784561512,0.6969791678948314,0.0028205527022289495,0.2919278353981413,False,2,57
C10_MULTI_DOMAIN_ATTACK,213,0.48687728931644186,0.518468673191854,0.6885484657627613,0.00287006071356097,0.29705192564173155,False,2,57
C10_MULTI_DOMAIN_ATTACK,214,0.48078251845556597,0.5130207608079829,0.6799291581517543,0.002920387376458818,0.30226074650544754,False,2,57
C10_MULTI_DOMAIN_ATTACK,215,0.474551468884774,0.5075111739442942,0.6711171233409212,0.002974779621166068,0.3078903559955611,False,2,57
C10_MULTI_DOMAIN_ATTACK,216,0.4681753856444915,0.5018576799610317,0.662099979947694,0.0030299086831024552,0.31359622623365363,False,2,57
C10_MULTI_DOMAIN_ATTACK,217,0.46164967239414817,0.49610139517807356,0.6528712277649006,0.0030885268866412395,0.31966322340781805,False,2,57
C10_MULTI_DOMAIN_ATTACK,218,0.45496911565604437,0.4902217614354805,0.6434234938216712,0.0031484218984067277,0.32586237051895967,False,2,57
C10_MULTI_DOMAIN_ATTACK,219,0.44812560452456146,0.4842187787332527,0.6337453075652768,0.0032118573151607957,0.33242795033810635,False,2,57
C10_MULTI_DOMAIN_ATTACK,220,0.441112499794823,0.47805133075151174,0.6238272797421378,0.0032767697399997187,0.33914640082431646,False,2,57
C10_MULTI_DOMAIN_ATTACK,221,0.43392838932261657,0.471760533810136,0.613667413278757,0.003343593757072401,0.34606270153418106,False,2,57
C10_MULTI_DOMAIN_ATTACK,222,0.4265649989588095,0.46530527158924717,0.6032540067612135,0.003412593879047185,0.35320422958802256,False,2,57
C10_MULTI_DOMAIN_ATTACK,223,0.419019266826829,0.4587061022487844,0.5925827300421322,0.003483572447561523,0.3605505273011178,False,2,57
C10_MULTI_DOMAIN_ATTACK,224,0.41128315506305474,0.45194246762880846,0.5816422158657687,0.0035574106467934647,0.36819279743294103,False,2,57
C10_MULTI_DOMAIN_ATTACK,225,0.40335346933349736,0.4450143677293195,0.5704279467616723,0.0036325143103848982,0.3759660434089482,False,2,57
C10_MULTI_DOMAIN_ATTACK,226,0.3952224562588242,0.4379012443903783,0.5589289577956366,0.0037105509099242323,0.3840428489114111,False,2,57
C10_MULTI_DOMAIN_ATTACK,227,0.38689020121933276,0.430623655771924,0.5471453697136361,0.0037889968843172234,0.3921620248027698,False,2,57
C10_MULTI_DOMAIN_ATTACK,228,0.37834890479538846,0.42314048555407835,0.5350661524706454,0.0038696955382882645,0.40051435353418924,False,2,57
C10_MULTI_DOMAIN_ATTACK,229,0.3695945978002356,0.4154928500567196,0.5226856927889225,0.003953817853607901,0.4092210319807698,False,2,57
C10_MULTI_DOMAIN_ATTACK,230,0.36062378632086556,0.40761907480003035,0.5099990495293052,0.004037165270085695,0.4178475082239408,False,2,57
C10_MULTI_DOMAIN_ATTACK,231,0.35143303026799644,0.3995397179439497,0.497001357670875,0.00412343060583774,0.4267759897644869,False,2,57
C10_MULTI_DOMAIN_ATTACK,232,0.3420184611923155,0.3912753376484169,0.48368714640014865,0.0042123944006080515,0.43598376241683895,False,2,57
C10_MULTI_DOMAIN_ATTACK,233,0.332378486191783,0.38278481759355354,0.47005416301345804,0.004300485121221648,0.4451011716987387,False,2,57
C10_MULTI_DOMAIN_ATTACK,234,0.32250852617194364,0.3740887159392988,0.45609593169332097,0.004392159390757866,0.4545894790954645,False,2,57
C10_MULTI_DOMAIN_ATTACK,235,0.31240627776793134,0.3651459163657745,0.44180919498990484,0.004483828693888664,0.46407727246811875,False,2,57
C10_MULTI_DOMAIN_ATTACK,236,0.30207092832704246,0.35599753519285876,0.4271928036387346,0.004578242395343019,0.4738491116809494,False,2,57
C10_MULTI_DOMAIN_ATTACK,237,0.2915005297725737,0.3465818979407343,0.4122440026433159,0.004671986217568837,0.4835516182438314,False,2,57
C10_MULTI_DOMAIN_ATTACK,238,0.28069698686252004,0.3369812372491576,0.39696548573823837,0.004769042116238813,0.4935969254593134,False,2,57
C10_MULTI_DOMAIN_ATTACK,239,0.26965689728066894,0.3271133204783721,0.3813524413217706,0.004865379067607587,0.5035678214683535,False,2,57
C10_MULTI_DOMAIN_ATTACK,240,0.25838187771032894,0.31697814762837784,0.3654071557293737,0.004963296302105882,0.513702277134674,False,2,57
C10_MULTI_DOMAIN_ATTACK,241,0.24687578199450802,0.3066373931789922,0.34913507911809677,0.005063834882290964,0.5241080426657486,False,2,57
C10_MULTI_DOMAIN_ATTACK,242,0.23513938008283655,0.2960088244904587,0.3325373003611495,0.00516297457120035,0.5343690226369758,False,2,57
C10_MULTI_DOMAIN_ATTACK,243,0.22318107799301842,0.28511299972271636,0.3156257073627742,0.005262874973036285,0.5447087365662077,False,2,57
C10_MULTI_DOMAIN_ATTACK,244,0.21100925507921253,0.27401159335558267,0.29841215031926627,0.005365363657059153,0.5553163382805654,False,2,57
C10_MULTI_DOMAIN_ATTACK,245,0.19862800700218125,0.262601814589362,0.2809024213696228,0.005467321054852144,0.5658689517513272,False,2,57
C10_MULTI_DOMAIN_ATTACK,246,0.18605641069724116,0.25094533790387163,0.263123499374497,0.00557060125800056,0.5765584758721745,False,2,57
C10_MULTI_DOMAIN_ATTACK,247,0.17331377230265177,0.23900104697923336,0.2451026873364526,0.005672435081400679,0.5870982993656411,False,2,57
C10_MULTI_DOMAIN_ATTACK,248,0.1604297313338097,0.22681005813532545,0.22688190186014556,0.005775596763211419,0.5977755565015358,False,2,57
C10_MULTI_DOMAIN_ATTACK,249,0.14743948015809766,0.21433125505226963,0.20851091246882056,0.005879579988091001,0.6085378435287648,False,2,57
C10_MULTI_DOMAIN_ATTACK,250,0.13440139289917394,0.20160575404994419,0.19007227263984677,0.0059841005281919745,0.6193557428015596,False,2,57
C10_MULTI_DOMAIN_ATTACK,251,0.12139441922169762,0.1885718806485317,0.1716776340597299,0.0060872908741474475,0.6300359666828439,False,2,57
C10_MULTI_DOMAIN_ATTACK,252,0.10854660116488513,0.1752501930079713,0.15350807551688375,0.006191295486385147,0.6408004673064207,False,2,57
C10_MULTI_DOMAIN_ATTACK,253,0.09605310706133766,0.16168180744814126,0.13583960671421863,0.006294345892498255,0.6514662073827275,False,2,57
C10_MULTI_DOMAIN_ATTACK,254,0.08421726204255,0.1478256076491633,0.11910119416650308,0.006398959452718565,0.6622937342586743,False,2,57
C10_MULTI_DOMAIN_ATTACK,255,0.07353422777364625,0.13368159361103743,0.10399310221612285,0.0065013668504097216,0.6728929228195231,False,2,57
C10_MULTI_DOMAIN_ATTACK,256,0.06478289613552134,0.11924976533376365,0.09161685032466184,0.00660384646876533,0.6834995862352922,False,2,57
C10_MULTI_DOMAIN_ATTACK,257,0.059057670128984954,0.10453012281734197,0.08352015805856694,0.006705649363326337,0.6940362085869944,False,2,57
C10_MULTI_DOMAIN_ATTACK,258,0.057507992051812035,0.0935888645161158,0.08132858230451673,0.006808044861743648,0.7046341655703392,False,2,57
C10_MULTI_DOMAIN_ATTACK,259,0.060672311931845954,0.11184451054206894,0.08580360639454751,0.006909023376781267,0.7150854644570275,False,2,57
C10_MULTI_DOMAIN_ATTACK,260,0.06810081704303622,0.13038797080717,0.09630909907095063,0.007009457697812118,0.7254804391423253,False,2,57
C10_MULTI_DOMAIN_ATTACK,261,0.0787694672868214,0.1491781289915407,0.11139684893792666,0.007109134936905185,0.7357970556777678,False,2,57
C10_MULTI_DOMAIN_ATTACK,262,0.09169833551388863,0.1681944269352419,0.12968102973077975,0.0072073288956977935,0.7459601523704292,False,2,57
C10_MULTI_DOMAIN_ATTACK,263,0.10619321026203914,0.18745742279821273,0.15017987818451348,0.007303529261374927,0.7559169117298421,False,2,57
C10_MULTI_DOMAIN_ATTACK,264,0.12181249351527186,0.20698767474039234,0.17226888039578217,0.007401046002789686,0.7660099162724603,False,2,57
C10_MULTI_DOMAIN_ATTACK,265,0.13827316786405047,0.22674406644190245,0.1955477893056318,0.007495198860480695,0.7757547580974561,False,2,57
C10_MULTI_DOMAIN_ATTACK,266,0.15539206232465613,0.24670603974280392,0.219757562024654,0.007588492538439655,0.7854106746280595,False,2,57
C10_MULTI_DOMAIN_ATTACK,267,0.17305719644265993,0.26693526912291415,0.2447398342754746,0.007681220819781087,0.7950080724823175,False,2,57
C10_MULTI_DOMAIN_ATTACK,268,0.1911852987778985,0.28737008010241577,0.2703768424580564,0.007771829330659317,0.8043860736196221,False,2,57
C10_MULTI_DOMAIN_ATTACK,269,0.20972057080438344,0.3080310308412479,0.296589675540186,0.007861075947797279,0.8136231184502692,False,2,57
C10_MULTI_DOMAIN_ATTACK,270,0.22861791681963572,0.3288770050195322,0.32331455856781294,0.00794816044251361,0.8226363831267951,False,2,57
C10_MULTI_DOMAIN_ATTACK,271,0.2478489146657507,0.3499491189571471,0.35051129653975654,0.008033273676480029,0.8314456218749017,False,2,57
C10_MULTI_DOMAIN_ATTACK,272,0.26738581298414993,0.3712062563342141,0.3781406431083409,0.00811627229517435,0.8400359974694869,False,2,57
C10_MULTI_DOMAIN_ATTACK,273,0.2872079300704018,0.39264841715073345,0.40617334992666565,0.008197829855101979,0.8484772231594774,False,2,57
C10_MULTI_DOMAIN_ATTACK,274,0.3073017902816238,0.41429615956664406,0.43459035955780495,0.008278037531723844,0.8567787356254672,False,2,57
C10_MULTI_DOMAIN_ATTACK,275,0.3276488180467058,0.4360878091021287,0.4633654021771659,0.00835408193443383,0.8646493483106078,False,2,57
C10_MULTI_DOMAIN_ATTACK,276,0.3482365273602287,0.4580644820770655,0.4924808199065448,0.008428754263427278,0.8723779510592707,False,2,57
C10_MULTI_DOMAIN_ATTACK,277,0.36905382556684757,0.4802056203315155,0.5219209253623103,0.008501999801566754,0.8799588806354959,False,2,57
C10_MULTI_DOMAIN_ATTACK,278,0.3900921230995213,0.5025112238654785,0.5516735710622579,0.008571862745479575,0.887189710952864,False,2,57
C10_MULTI_DOMAIN_ATTACK,279,0.4113362498112787,0.5249401763590763,0.5817173031787978,0.008638902302758997,0.8941283201223241,False,2,57
C10_MULTI_DOMAIN_ATTACK,280,0.43277992855019304,0.5475335941321873,0.612043244478542,0.008703918730853265,0.9008575349687191,False,2,57
C10_MULTI_DOMAIN_ATTACK,281,0.45441207040676806,0.5702503608649331,0.6426357128752891,0.00876681278287294,0.907367083416799,False,2,57
C10_MULTI_DOMAIN_ATTACK,282,0.47622261955007605,0.5930699183973744,0.6734804872765602,0.008825562835447418,0.9134477269956411,False,2,57
C10_MULTI_DOMAIN_ATTACK,283,0.4982020352413128,0.6160128248894507,0.7045640750401433,0.008882237482122222,0.9193135655997754,False,2,57
C10_MULTI_DOMAIN_ATTACK,284,0.5203416285683394,0.6390585221812226,0.7358741881886492,0.008936137261940204,0.9248922048637273,False,2,57
C10_MULTI_DOMAIN_ATTACK,285,0.542635351621682,0.6622275684326294,0.767402273686476,0.008987322698472994,0.9301899089906943,False,2,57
C10_MULTI_DOMAIN_ATTACK,286,0.5650679216701271,0.6854377310039145,0.7991267184878714,0.009034970262800006,0.9351214425532426,False,2,57
C10_MULTI_DOMAIN_ATTACK,287,0.587634809253839,0.7087506843748952,0.8310411169693059,0.009079892102840997,0.9397708630426753,False,2,57
C10_MULTI_DOMAIN_ATTACK,288,0.6103250794742223,0.7321253122256933,0.8631300048488822,0.009121353497574144,0.9440621266689392,False,2,57
C10_MULTI_DOMAIN_ATTACK,289,0.6331275070187387,0.7555410563963697,0.8953775071373671,0.009158664270532288,0.9479238000133496,False,2,57
C10_MULTI_DOMAIN_ATTACK,290,0.6560333792370828,0.7790184750468635,0.9277713022865346,0.009193895282212722,0.9515702176004518,False,2,57
C10_MULTI_DOMAIN_ATTACK,291,0.6790349156321186,0.8025370100172355,0.9603003870118125,0.009224998795494514,0.9547894381803244,False,2,57
C10_MULTI_DOMAIN_ATTACK,292,0.7021199856659323,0.8260761031475468,0.9929476061419644,0.009252638652901409,0.9576501696026203,False,2,57
C10_MULTI_DOMAIN_ATTACK,293,0.7252775445153177,0.849615196277858,1.0256973399382183,0.009276805885022495,0.9601514835313045,False,2,57
C10_MULTI_DOMAIN_ATTACK,294,0.7485023094717613,0.8731954057280474,1.0585421175225485,0.009298229260200266,0.9623688076527884,False,2,57
C10_MULTI_DOMAIN_ATTACK,295,0.7717838207125937,0.8967756151782369,1.0914671464718753,0.009316196185591223,0.9642283884484237,False,2,57
C10_MULTI_DOMAIN_ATTACK,296,0.7951093508925543,0.9203147083085481,1.1244544276019184,0.00932863497587658,0.9655158060244562,False,2,57
C10_MULTI_DOMAIN_ATTACK,297,0.8184671851112685,0.9438332432789203,1.1574873935416865,0.009338992228349215,0.9665877839714093,False,2,57
C10_MULTI_DOMAIN_ATTACK,298,0.8418514914323925,0.9673312200893531,1.1905577966877068,0.009345211262233609,0.9672314553691124,False,2,57
C10_MULTI_DOMAIN_ATTACK,299,0.8652485170171074,0.9907675224199687,1.223646187588801,0.00934728335403652,0.9674459173340642,False,2,57
C10_MULTI_DOMAIN_ATTACK,300,0.888651608704378,1.0141832665906452,1.2567431572544001,0.00934728335403652,0.9674459173340642,False,2,57
C10_MULTI_DOMAIN_ATTACK,301,0.9120459436876364,1.0374756618016867,1.2898277430704235,0.009341070798090387,0.9668029164044196,False,2,57
C10_MULTI_DOMAIN_ATTACK,302,0.9354235003022305,1.06072694069285,1.3228886006899274,0.00933208980466021,0.9658733815761129,False,2,57
C10_MULTI_DOMAIN_ATTACK,303,0.9587700987524289,1.0838548706243785,1.3559056768534767,0.009318284383290899,0.9644445173772921,False,2,57
C10_MULTI_DOMAIN_ATTACK,304,0.9820810977735311,1.1069416842360287,1.3888724078215853,0.009303087271262733,0.9628716128840771,False,2,57
C10_MULTI_DOMAIN_ATTACK,305,1.0053418217035148,1.1298640325681657,1.4217680390739849,0.009280992694144967,0.960584819211713,False,2,57
C10_MULTI_DOMAIN_ATTACK,306,1.0285427708829211,1.1527041482605462,1.45457913606343,0.009256114415267157,0.9580099117847073,False,2,57
C10_MULTI_DOMAIN_ATTACK,307,1.0516717752104612,1.1754003568333529,1.4872884876676231,0.009227804927416178,0.9550798734617093,False,2,57
C10_MULTI_DOMAIN_ATTACK,308,1.0747179640676534,1.1979321001266465,1.519880720510476,0.009194675667578294,0.9516509876602941,False,2,57
C10_MULTI_DOMAIN_ATTACK,309,1.0976692659391294,1.220299378140427,1.5523387628912366,0.00915671072882312,0.9477216080096099,False,2,57
C10_MULTI_DOMAIN_ATTACK,310,1.1205176627174986,1.2425433071945726,1.5846512754936881,0.009116655198345334,0.943575851648148,False,2,57
C10_MULTI_DOMAIN_ATTACK,311,1.1432525407327452,1.264602212809266,1.6168032483217474,0.009071052120130653,0.9388559228554034,False,2,57
C10_MULTI_DOMAIN_ATTACK,312,1.1658567564528786,1.2864349786646287,1.6487704367599672,0.009022090865849024,0.9337884220887916,False,2,57
C10_MULTI_DOMAIN_ATTACK,313,1.1883266301516446,1.3081032792404785,1.6805476368895726,0.008968917074741735,0.9282849228187384,False,2,57
C10_MULTI_DOMAIN_ATTACK,314,1.210646920506949,1.329545440056998,1.7121132942261497,0.008912355455065408,0.9224307825342208,False,2,57
C10_MULTI_DOMAIN_ATTACK,315,1.2328105517006525,1.3507820192741258,1.7434574020517204,0.008850182393353806,0.9159958567442508,False,2,57
C10_MULTI_DOMAIN_ATTACK,316,1.254802671543355,1.3717924587319232,1.7745589561986046,0.008786006805639865,0.909353669065244,False,2,57
C10_MULTI_DOMAIN_ATTACK,317,1.2766140018490653,1.392535642110512,1.8054048353303396,0.008715603717140828,0.9020669336624182,False,2,57
C10_MULTI_DOMAIN_ATTACK,318,1.2982331183778226,1.41305268572977,1.8359788831318327,0.008642416144316604,0.8944920035092835,False,2,57
C10_MULTI_DOMAIN_ATTACK,319,1.3196495979638394,1.4333024732698194,1.866266359020664,0.008565826059488905,0.8865649126029371,False,2,57
C10_MULTI_DOMAIN_ATTACK,320,1.3408547250831784,1.45328500473066,1.8962549373846787,0.008485806809079897,0.8782829022921127,False,2,57
C10_MULTI_DOMAIN_ATTACK,321,1.3618343722410855,1.4729386056324745,1.925924638929193,0.008398898790057742,0.8692879028893967,False,2,57
C10_MULTI_DOMAIN_ATTACK,322,1.3825789771244128,1.4923455086150192,1.9552619405012657,0.008309842420042722,0.8600705486785162,False,2,57
C10_MULTI_DOMAIN_ATTACK,323,1.4030763140990472,1.5114234810385379,1.984249552443325,0.008217477170488499,0.8505107246954134,False,2,57
C10_MULTI_DOMAIN_ATTACK,324,1.4233192904038998,1.5301930810629694,2.012877444076445,0.008120209146114644,0.8404434624221456,False,2,57
C10_MULTI_DOMAIN_ATTACK,325,1.443298112059035,1.548674866848253,2.0411317646213702,0.008020841633769059,0.830158902674327,False,2,57
C10_MULTI_DOMAIN_ATTACK,326,1.4630004122257865,1.5667866057546322,2.068995024727136,0.007916023003233182,0.8193101509748624,False,2,57
C10_MULTI_DOMAIN_ATTACK,327,1.4824142889036007,1.5845488559420462,2.0964503924231397,0.007807074350321591,0.8196878819036973,False,2,57
C10_MULTI_DOMAIN_ATTACK,328,1.501531380190416,1.6019821755704338,2.123486042194078,0.007696075664250057,0.8287061464950075,False,2,57
C10_MULTI_DOMAIN_ATTACK,329,1.5203410776524189,1.619024890159978,2.1500869714489776,0.0075795826232914944,0.8375223509126917,False,2,57
C10_MULTI_DOMAIN_ATTACK,330,1.5388334264205428,1.6357181160305567,2.176239101876992,0.00746028885229141,0.8461577646487104,False,2,57
C10_MULTI_DOMAIN_ATTACK,331,1.5569998991599092,1.652041295022231,2.2019303740054847,0.007337512618987948,0.8546017529570834,False,2,57
C10_MULTI_DOMAIN_ATTACK,332,1.5748302489055828,1.6679738689750618,2.2271462964376725,0.007212847904641463,0.8628436810918304,False,2,57
C10_MULTI_DOMAIN_ATTACK,333,1.59231728348247,1.6834952797291098,2.2518766979019933,0.007082590548718704,0.870872914306971,False,2,57
C10_MULTI_DOMAIN_ATTACK,334,1.609449373657348,1.6986260854443143,2.276105132179105,0.006950324131610895,0.8787000873484855,False,2,57
C10_MULTI_DOMAIN_ATTACK,335,1.6262195444465417,1.7133457279607358,2.2998217351524954,0.006814621948756697,0.8863145654703936,False,2,57
C10_MULTI_DOMAIN_ATTACK,336,1.6426193075763857,1.727654207278375,2.323014502590427,0.006674636347285919,0.8937163486726954,False,2,57
C10_MULTI_DOMAIN_ATTACK,337,1.6586350545509794,1.7415104070773528,2.3456641891734336,0.006532156994934736,0.9008841674634301,False,2,57
C10_MULTI_DOMAIN_ATTACK,338,1.6742633024593558,1.754955443677548,2.3677658693215884,0.006387583617628068,0.9078392913345587,False,2,57
C10_MULTI_DOMAIN_ATTACK,339,1.6894936209839182,1.767927642599143,2.3893047923382866,0.006238260583776106,0.9145498160481396,False,2,57
C10_MULTI_DOMAIN_ATTACK,340,1.704317658678787,1.7804681201620163,2.4102691474955,0.006087655041724397,0.921037011096134,False,2,57
C10_MULTI_DOMAIN_ATTACK,341,1.7187301693206443,1.7925563182062285,2.4306515155130612,0.005933551863880975,0.9272902417325614,False,2,57
C10_MULTI_DOMAIN_ATTACK,342,1.7327209438203888,1.8041716785718407,2.4504374585587034,0.005776059542247571,0.9332988732114414,False,2,57
C10_MULTI_DOMAIN_ATTACK,343,1.7462814692625956,1.8153142012588526,2.469614937551978,0.005615893602741316,0.939062905532774,False,2,57
C10_MULTI_DOMAIN_ATTACK,344,1.7594084735399211,1.8260250025871427,2.488179325034301,0.005454960570794202,0.9446036081885202,False,2,57
C10_MULTI_DOMAIN_ATTACK,345,1.7720914420572103,1.8362012917570152,2.5061157511226027,0.005289519681208082,0.9498678074487779,False,2,57
C10_MULTI_DOMAIN_ATTACK,346,1.7843254231496006,1.8459253014082266,2.523417213105277,0.005122567377970113,0.9548980422974686,False,2,57
C10_MULTI_DOMAIN_ATTACK,347,1.7961018020023345,1.8551353570609599,2.540071527794457,0.00495233894265525,0.9596624084966513,False,2,57
C10_MULTI_DOMAIN_ATTACK,348,1.8074155608195936,1.8638725750350928,2.556071598955243,0.00478152720772368,0.9641821755382868,False,2,57
C10_MULTI_DOMAIN_ATTACK,349,1.8182614509102806,1.8720958390107474,2.5714100038175003,0.004607324625701029,0.9684360739304142,False,2,57
C10_MULTI_DOMAIN_ATTACK,350,1.828630982348643,1.8798051489879235,2.586074735813087,0.004432157801912937,0.9724241036730337,False,2,57
C10_MULTI_DOMAIN_ATTACK,351,1.8385224044161452,1.8870210631265605,2.6000633190521047,0.004254847041329386,0.9761568995121256,False,2,57
C10_MULTI_DOMAIN_ATTACK,352,1.8479289249593869,1.8937230232667188,2.6133661479790984,0.004075627980267962,0.9796238267017093,False,2,57
C10_MULTI_DOMAIN_ATTACK,353,1.856843679231379,1.8998904712484599,2.625973514375773,0.003894788804294178,0.9828142504958051,False,2,57
C10_MULTI_DOMAIN_ATTACK,354,1.8652649967289379,1.9055645233916616,2.637883055793871,0.0037133182964917866,0.985749440386373,False,2,57
C10_MULTI_DOMAIN_ATTACK,355,1.8731877122696852,1.9107040633764456,2.6490874675624196,0.00352838955890803,0.9884081268814526,False,2,57
C10_MULTI_DOMAIN_ATTACK,356,1.880603362167499,1.9153090912028121,2.6595747802217184,0.0033443836940455,0.990790309981044,False,2,57
C10_MULTI_DOMAIN_ATTACK,357,1.88751357344387,1.9194001650307004,2.669347294727626,0.003158230105946858,0.9929066244311274,False,2,57
C10_MULTI_DOMAIN_ATTACK,358,1.8939115659044674,1.922956726700171,2.678395422437364,0.0029721590554370597,0.9947464354857226,False,2,57
C10_MULTI_DOMAIN_ATTACK,359,1.8997973242028785,1.9259993343711632,2.6867191416478264,0.0027847985159394676,0.9963203778908097,False,2,57
C10_MULTI_DOMAIN_ATTACK,360,1.905164015577664,1.9284868717237986,2.694308789375119,0.002597202108585064,0.9976071821544282,False,2,57
C10_MULTI_DOMAIN_ATTACK,361,1.9100099144637006,1.9304398969180165,2.7011619253016406,0.0024099294891641,0.9986174830225585,False,2,57
C10_MULTI_DOMAIN_ATTACK,362,1.9143367620329723,1.9318995262736953,2.7072810118164257,0.0022228766657356324,0.9993725499871612,False,2,57
C10_MULTI_DOMAIN_ATTACK,363,1.9181359671842604,1.932762968991139,2.712653899267615,0.002035527832083727,0.9998192093183346,False,2,57
C10_MULTI_DOMAIN_ATTACK,364,1.921407555859643,1.9331124577101044,2.7172806243428473,0.001850607835823816,1.0,False,2,57
C10_MULTI_DOMAIN_ATTACK,365,1.9241532355661257,1.9331124577101044,2.721163601821688,0.0016665004780663942,1.0,False,2,57
C10_MULTI_DOMAIN_ATTACK,366,1.9263696034771014,1.9331124577101044,2.724298019380598,0.0014858818106961373,1.0,False,2,57
C10_MULTI_DOMAIN_ATTACK,367,1.9280549295446097,1.9331124577101044,2.7266814303622895,0.0013101108781401725,1.0004764185522184,True,2,57
C10_MULTI_DOMAIN_ATTACK,368,1.9292092115532309,1.9331124577101044,2.7283138316336846,0.0011403487309616083,1.0010753807043273,True,2,57
C10_MULTI_DOMAIN_ATTACK,369,1.9298307477047643,1.9331124577101044,2.7291928164886885,0.000981374903360227,1.0013978986229604,True,2,57
C10_MULTI_DOMAIN_ATTACK,370,1.9299229543054928,1.9331124577101044,2.7293232163139787,0.0008371826625636645,1.0014457450448906,True,2,57
C10_MULTI_DOMAIN_ATTACK,371,1.9294824095664804,1.9331124577101044,2.7287001919692355,0.0007211731617805511,1.0012171443883713,True,2,57
C10_MULTI_DOMAIN_ATTACK,372,1.9285125261510985,1.9331124577101044,2.7273285696892815,0.00064543364706522,1.0007138674998526,True,2,57
C10_MULTI_DOMAIN_ATTACK,373,1.9270116071276164,1.9331124577101044,2.7252059496502494,0.0006240499273515787,1.0,False,2,57
C10_MULTI_DOMAIN_ATTACK,374,1.9249779238270652,1.9331124577101044,2.7223298871450385,0.0006659855044184024,1.0,False,2,57
C10_MULTI_DOMAIN_ATTACK,375,1.9224217252306341,1.9331124577101044,2.7187148764218465,0.0007540728924618203,1.0,False,2,57
C10_MULTI_DOMAIN_ATTACK,376,1.9193413049609207,1.9329479924305912,2.7143585042986085,0.0008776469623132843,0.9999149220321574,False,2,57
C10_MULTI_DOMAIN_ATTACK,377,1.9157349555513312,1.9322490149926606,2.709258356052911,0.0010244503684283222,0.9995533406688265,False,2,57
C10_MULTI_DOMAIN_ATTACK,378,1.9116060724864403,1.9309949672363733,2.7034192336250897,0.0011836623678697466,0.9989046211640271,False,2,57
C10_MULTI_DOMAIN_ATTACK,379,1.906959787172802,1.9292064073216684,2.6968483939198875,0.0013503270908187047,0.9979793982637394,False,2,57
C10_MULTI_DOMAIN_ATTACK,380,1.901796148281127,1.926883335248546,2.6895459057680835,0.0015237881051675833,0.9967776719679634,False,2,57
C10_MULTI_DOMAIN_ATTACK,381,1.8961219373650626,1.9240668673368844,2.6815213597348198,0.001698180296634179,0.9953207117686598,False,2,57
C10_MULTI_DOMAIN_ATTACK,382,1.8899354243412578,1.920695329106866,2.6727723091127573,0.001875296146727114,0.9935766134278875,False,2,57
C10_MULTI_DOMAIN_ATTACK,383,1.8832451314176426,1.916809836878369,2.6633108061239317,0.002051791966285404,0.9915666464376072,False,2,57
C10_MULTI_DOMAIN_ATTACK,384,1.8760510964925852,1.9123692743315157,2.6531369043647297,0.002229702791895716,0.9892695413058584,False,2,57
C10_MULTI_DOMAIN_ATTACK,385,1.8683635492827078,1.9074147577861837,2.642265070839138,0.00240545027930234,0.9867065675246016,False,2,57
C10_MULTI_DOMAIN_ATTACK,386,1.860185916094949,1.9019874035622517,2.6307001510768973,0.002581679455287261,0.9838989945857974,False,2,57
C10_MULTI_DOMAIN_ATTACK,387,1.851516458940124,1.8960255371799022,2.6184396871901314,0.002758008056764006,0.9808149182515051,False,2,57
C10_MULTI_DOMAIN_ATTACK,388,1.8423653574345527,1.8895291586391352,2.605498075330299,0.002930682521703572,0.9774543385217245,False,2,57
C10_MULTI_DOMAIN_ATTACK,389,1.8327362024566973,1.8825393842598288,2.591880393766424,0.0031042253290810454,0.9738385248884162,False,2,57
C10_MULTI_DOMAIN_ATTACK,390,1.8226373725020315,1.875056214041983,2.577598491480436,0.0032741696160687064,0.9699674773515801,False,2,57
C10_MULTI_DOMAIN_ATTACK,391,1.8120723112849988,1.8670385316657199,2.562657238620006,0.003442327886826853,0.9658199264192558,False,2,57
C10_MULTI_DOMAIN_ATTACK,392,1.8010496907527513,1.8585685697707957,2.5470688991704096,0.003609772552350264,0.9614384110753645,False,2,57
C10_MULTI_DOMAIN_ATTACK,393,1.7895744353760976,1.849584653877393,2.5308404373850513,0.0037733768617497663,0.9567910270819653,False,2,57
C10_MULTI_DOMAIN_ATTACK,394,1.77765353348265,1.8401484584653294,2.5139817362516186,0.003936449777726663,0.951909678676999,False,2,57
C10_MULTI_DOMAIN_ATTACK,395,1.7652903285154424,1.8301983090547873,2.496497524112595,0.004096622850392052,0.9467624616225248,False,2,57
C10_MULTI_DOMAIN_ATTACK,396,1.7524968232689286,1.8198164382855235,2.4784047754826837,0.004254430262245103,0.9413919149024639,False,2,57
C10_MULTI_DOMAIN_ATTACK,397,1.7392779481739793,1.8089617298376595,2.459710463044091,0.004408916180258874,0.9357767690248556,False,2,57
C10_MULTI_DOMAIN_ATTACK,398,1.7256389754217925,1.797613625551256,2.440422042801111,0.004561239682265687,0.9299063892437197,False,2,57
C10_MULTI_DOMAIN_ATTACK,399,1.711591928506339,1.7858543580660702,2.4205565185419857,0.004711229826052582,0.9238233145429775,False,2,57
C10_MULTI_DOMAIN_ATTACK,400,1.697143357540574,1.7736016947423447,2.400123153525291,0.004855957366558782,0.9174850059387075,False,2,57
C10_MULTI_DOMAIN_ATTACK,401,1.682302191540511,1.760958426379776,2.379134575286571,0.005000738496560877,0.9109446371608116,False,2,57
C10_MULTI_DOMAIN_ATTACK,402,1.6670749208515074,1.747862878498546,2.3575999625602555,0.005140724343291436,0.9041703039713487,False,2,57
C10_MULTI_DOMAIN_ATTACK,403,1.651470263816418,1.7343356092585942,2.3355316449450516,0.005278170870971359,0.897172641116299,False,2,57
C10_MULTI_DOMAIN_ATTACK,404,1.6354968417190394,1.7204177349797989,2.312941814777429,0.005413513989847232,0.8899729180876232,False,2,57
C10_MULTI_DOMAIN_ATTACK,405,1.6191645671016708,1.7060681393422816,2.289844490509144,0.0055433221322802794,0.8825498653933609,False,2,57
C10_MULTI_DOMAIN_ATTACK,406,1.6024838525776564,1.6913073805059817,2.266254397799209,0.005669846392778216,0.8749141177794921,False,2,57
C10_MULTI_DOMAIN_ATTACK,407,1.5854618057474712,1.6761765747907773,2.242181588312611,0.005795103050385909,0.8670869447379775,False,2,57
C10_MULTI_DOMAIN_ATTACK,408,1.5681083883099705,1.6606757221966684,2.2176401500189757,0.005916069439269074,0.8590683462688172,False,2,57
C10_MULTI_DOMAIN_ATTACK,409,1.5504320489972971,1.6447637064037768,2.1926420312298847,0.006032387817270595,0.8508370528800506,False,2,57
C10_MULTI_DOMAIN_ATTACK,410,1.532443408963288,1.62850220189192,2.1672022525251413,0.00614671351984711,0.8424249688096186,False,2,57
C10_MULTI_DOMAIN_ATTACK,411,1.5141540971142764,1.6119117668210368,2.141337259661798,0.00625668900835194,0.8338427288035014,False,2,57
C10_MULTI_DOMAIN_ATTACK,412,1.4955692412310095,1.59493072671131,2.1150543044169328,0.006362794354450404,0.8250584286237582,False,2,57
C10_MULTI_DOMAIN_ATTACK,413,1.4767027602020506,1.5776413142024963,2.0883730710715245,0.006466065637356585,0.8161146072543103,False,2,57
C10_MULTI_DOMAIN_ATTACK,414,1.4575629437866415,1.5600024129747172,2.0613052831155216,0.006564561072896015,0.8069899952031968,False,2,57
C10_MULTI_DOMAIN_ATTACK,415,1.4381618893023462,1.542034581187912,2.033868048739492,0.006658972644380243,0.7976952272163983,False,2,57
C10_MULTI_DOMAIN_ATTACK,416,1.4185100112476963,1.5237994933218981,2.0060760962685036,0.006751247409466044,0.7882622075318558,False,2,57
C10_MULTI_DOMAIN_ATTACK,417,1.398613859255459,1.505256033056797,1.977938688282045,0.006839416292048812,0.7786696666576083,False,2,57
C10_MULTI_DOMAIN_ATTACK,418,1.3784853666620223,1.4863836422326697,1.9494727010662807,0.0069221554858298435,0.7689069698476758,False,2,57
C10_MULTI_DOMAIN_ATTACK,419,1.3581369532564462,1.4672645534892728,1.9206956988553407,0.007002813282175956,0.7590166560859795,False,2,57
C10_MULTI_DOMAIN_ATTACK,420,1.3375799981257044,1.4478782086666673,1.8916237741083501,0.007077862404010088,0.748988090626539,False,2,57
C10_MULTI_DOMAIN_ATTACK,421,1.3168216639831096,1.4282040496049135,1.8622670564316202,0.00714961968611798,0.7399872362742829,False,2,57
C10_MULTI_DOMAIN_ATTACK,422,1.2958773624307622,1.4083243089437687,1.8326473411218587,0.007217808682851016,0.7470448126842237,False,2,57
C10_MULTI_DOMAIN_ATTACK,423,1.274752090775489,1.388177312203415,1.8027716954381554,0.007281959166679785,0.7536844021055016,False,2,57
C10_MULTI_DOMAIN_ATTACK,424,1.2534597073014286,1.3678041757037307,1.7726597179538903,0.00734196510213215,0.759895029843039,False,2,57
C10_MULTI_DOMAIN_ATTACK,425,1.2320120650384392,1.3472254576046552,1.7423281713846441,0.007397800735426916,0.7656740303747236,False,2,57
C10_MULTI_DOMAIN_ATTACK,426,1.21041777479469,1.3264411579061883,1.7117892332521132,0.007450214063073418,0.7710988215065345,False,2,57
C10_MULTI_DOMAIN_ATTACK,427,1.1886886792788465,1.30545127660833,1.681059651675507,0.00749779904941622,0.7760238782337237,False,2,57
C10_MULTI_DOMAIN_ATTACK,428,1.1668337735863512,1.2842763718710195,1.6501521476407952,0.0075426700912678895,0.7806680410992024,False,2,57
C10_MULTI_DOMAIN_ATTACK,429,1.1448664412234029,1.2629370018541959,1.6190856482839562,0.007582666832700765,0.7848077127813701,False,2,57
C10_MULTI_DOMAIN_ATTACK,430,1.1227953371207249,1.24141260839792,1.5878723935254007,0.00761856416558997,0.7885230947625792,False,2,57
C10_MULTI_DOMAIN_ATTACK,431,1.1006342649633565,1.2197854241419486,1.5565319047237214,0.0076516502737470835,0.7919475143553852,False,2,57
C10_MULTI_DOMAIN_ATTACK,432,1.0783880593834392,1.1979732164465247,1.5250710190812624,0.007679953823465932,0.7948769380803798,False,2,57
C10_MULTI_DOMAIN_ATTACK,433,1.0560739314819838,1.1760582179514054,1.4935140767704964,0.0077040811997537186,0.7973741269214052,False,2,57
C10_MULTI_DOMAIN_ATTACK,434,1.033698672530013,1.153999312336712,1.461870682099009,0.007724094830230881,0.7994455421511363,False,2,57
C10_MULTI_DOMAIN_ATTACK,435,1.0112746286958216,1.131837615922323,1.4301582951854468,0.007740659719208808,0.8011600118645068,False,2,57
C10_MULTI_DOMAIN_ATTACK,436,0.9888105330112279,1.1095936868681773,1.3983892664018476,0.007754464058560728,0.8025887640742856,False,2,57
C10_MULTI_DOMAIN_ATTACK,437,0.9663178290988856,1.0872469670143359,1.3665797794745707,0.00776274305913831,0.8034456424853726,False,2,57
C10_MULTI_DOMAIN_ATTACK,438,0.9438072049318813,1.0648385726806773,1.3347449494801096,0.007768262940474436,0.8040169514379891,False,2,57
C10_MULTI_DOMAIN_ATTACK,439,0.9212871578663956,1.042327387547323,1.3028967934948192,0.00776895367156567,0.8040884422603896,False,2,57
C10_MULTI_DOMAIN_ATTACK,440,0.8987718379003152,1.0197956442540292,1.2710553226376187,0.007766883337916915,0.8038741622647861,False,2,57
C10_MULTI_DOMAIN_ATTACK,441,0.8762678188395461,0.9972022264809184,1.2392298336739764,0.0077606690231219405,0.8032309792938933,False,2,57
C10_MULTI_DOMAIN_ATTACK,442,0.85378728655537,0.9745882505478684,1.2074375600283282,0.007751006744845445,0.8022309313316471,False,2,57
C10_MULTI_DOMAIN_ATTACK,443,0.8313373045899136,0.95193315829494,1.1756884910577485,0.0077378808512765605,0.800872398412123,False,2,57
C10_MULTI_DOMAIN_ATTACK,444,0.808930054307645,0.9292986242019508,1.1439998538130758,0.007722009043262106,0.7992296627334551,False,2,57
C10_MULTI_DOMAIN_ATTACK,445,0.7865734446983064,0.9066435319490225,1.1123828332948684,0.007701309059211334,0.7970872097553765,False,2,57
C10_MULTI_DOMAIN_ATTACK,446,0.7642767683905419,0.8839884396960941,1.0808505712645853,0.007677828476851271,0.7946569642305034,False,2,57
C10_MULTI_DOMAIN_ATTACK,447,0.7420504607629184,0.8613333474431657,1.0494178255761233,0.007650194998202448,0.7917968930110942,False,2,57
C10_MULTI_DOMAIN_ATTACK,448,0.7199052919631089,0.8387399296700548,1.0180998275183912,0.007620511613843996,0.7887246560923492,False,2,57
C10_MULTI_DOMAIN_ATTACK,449,0.6978462370048102,0.816167070056883,0.9869036128232317,0.007587356672680692,0.7852931122680104,False,2,57
C10_MULTI_DOMAIN_ATTACK,450,0.6758853523907571,0.7936353267635895,0.9558462319603273,0.007550072567195706,0.7814341990130349,False,2,57
C10_MULTI_DOMAIN_ATTACK,451,0.6540302474643592,0.7711652579501134,0.9249384461663284,0.0075106970451840095,0.7773588236798732,False,2,57
C10_MULTI_DOMAIN_ATTACK,452,0.6322909086638138,0.7487568636164547,0.8941943783975733,0.007467203033176865,0.7728571837112271,False,2,57
C10_MULTI_DOMAIN_ATTACK,453,0.6106749117255386,0.7264307019225524,0.8636247423632493,0.00742162330619992,0.76813967177681,False,2,57
C10_MULTI_DOMAIN_ATTACK,454,0.5891894221899862,0.7041662147084677,0.8332396716678457,0.0073725562285360926,0.763061218266477,False,2,57
C10_MULTI_DOMAIN_ATTACK,455,0.5678453771861142,0.6820045182940787,0.8030546337474684,0.007320747106322075,0.7576989625320375,False,2,57
C10_MULTI_DOMAIN_ATTACK,456,0.5466499262435609,0.6599661708393244,0.773079739563896,0.007266899774943272,0.752125751693269,False,2,57
C10_MULTI_DOMAIN_ATTACK,457,0.5256097073951632,0.6380100560243267,0.7433243767131938,0.007208892139862575,0.7461219484910487,False,2,57
C10_MULTI_DOMAIN_ATTACK,458,0.5047333241352848,0.6161772901689638,0.7138007123737753,0.0071494613441510846,0.7399708478453015,False,2,57
C10_MULTI_DOMAIN_ATTACK,459,0.4840294568816367,0.5944678732732358,0.6845210225100938,0.007086610130233344,0.7334657331503511,False,2,57
C10_MULTI_DOMAIN_ATTACK,460,0.4635059028665103,0.5728818053371425,0.6554963340738053,0.0070209687467031965,0.7266718352765933,False,2,57
C10_MULTI_DOMAIN_ATTACK,461,0.44317092354645987,0.5514602026805624,0.6267383305288136,0.006953970426295936,0.7197374941326231,False,2,57
C10_MULTI_DOMAIN_ATTACK,462,0.4230276242138337,0.530161948983617,0.5982514034216728,0.006884793896156499,0.7125777077942925,False,2,57
C10_MULTI_DOMAIN_ATTACK,463,0.40308762586984415,0.5090487187261239,0.5700519873299056,0.006813647738705718,0.7052140645888,False,2,57
C10_MULTI_DOMAIN_ATTACK,464,0.3833552821424406,0.48807939558820473,0.5421462392132038,0.006739699358356132,0.6975603906866624,False,2,57
C10_MULTI_DOMAIN_ATTACK,465,0.3638410888873732,0.46727453772979866,0.514549002453118,0.006663000789565472,0.6896220716658908,False,2,57
C10_MULTI_DOMAIN_ATTACK,466,0.3445517499780956,0.44665470331084484,0.4872697577584066,0.00658556080883112,0.6816070163431565,False,2,57
C10_MULTI_DOMAIN_ATTACK,467,0.3254947506317526,0.4262198923313432,0.4603190908246731,0.006506069531139859,0.6733796513266815,False,2,57
C10_MULTI_DOMAIN_ATTACK,468,0.30667839566202304,0.405990662951233,0.43370874643205515,0.006425246477594906,0.6650144472115446,False,2,57
C10_MULTI_DOMAIN_ATTACK,469,0.28811068993977307,0.38592589885063583,0.40745004517749667,0.006340941293021123,0.6562888417562676,False,2,57
C10_MULTI_DOMAIN_ATTACK,470,0.2698024823429448,0.3660872745093692,0.3815583296913201,0.006257279632866998,0.6476298412223267,False,2,57
C10_MULTI_DOMAIN_ATTACK,471,0.25176321312594624,0.34645423176749385,0.35604695050934115,0.006170947460623643,0.6386944420899845,False,2,57
C10_MULTI_DOMAIN_ATTACK,472,0.23400358786105743,0.32702677062500995,0.3309310475970716,0.0060838355221996395,0.6296783369835778,False,2,57
C10_MULTI_DOMAIN_ATTACK,473,0.21653968780111246,0.30778433292197827,0.30623336328036904,0.00599325435410183,0.620303165830161,False,2,57
C10_MULTI_DOMAIN_ATTACK,474,0.1993911738705419,0.2887885931382162,0.28198170230521225,0.005903330717602868,0.6109960493442587,False,2,57
C10_MULTI_DOMAIN_ATTACK,475,0.18257670952136013,0.27001899311378463,0.25820245877856046,0.005812042236412077,0.6015476711275527,False,2,57
C10_MULTI_DOMAIN_ATTACK,476,0.16612329441914472,0.2514960910086227,0.23493381599365318,0.0057207622010205334,0.5921001670529572,False,2,57
C10_MULTI_DOMAIN_ATTACK,477,0.1500660918878033,0.23317877050285216,0.2122255024000585,0.005626702117180809,0.582364927342315,False,2,57
C10_MULTI_DOMAIN_ATTACK,478,0.13445947150754206,0.21510814791635122,0.19015440819548474,0.005531971520692035,0.5725602894225595,False,2,57
C10_MULTI_DOMAIN_ATTACK,479,0.11937443703683483,0.19728422324911993,0.16882094785814492,0.0054371904413047815,0.5627504265115228,False,2,57
C10_MULTI_DOMAIN_ATTACK,480,0.10491751345930232,0.17972755466109744,0.1483757704646071,0.005343121855994682,0.5530143068967958,False,2,57
C10_MULTI_DOMAIN_ATTACK,481,0.09124939357002011,0.16237646767246627,0.12904612994504272,0.005246219219264164,0.5429848623263194,False,2,57
C10_MULTI_DOMAIN_ATTACK,482,0.07863456556304077,0.14531319492298306,0.11120606909056859,0.005150133003811883,0.5330399175407046,False,2,57
C10_MULTI_DOMAIN_ATTACK,483,0.0674797412239226,0.12847606193283032,0.09543076522429818,0.005053820885929978,0.5230715918031084,False,2,57
C10_MULTI_DOMAIN_ATTACK,484,0.058423301574976536,0.1119267431818255,0.08262302544594523,0.0049570913657205435,0.5130600648312755,False,2,57
C10_MULTI_DOMAIN_ATTACK,485,0.05233061361515372,0.09560356419015116,0.07400666350185653,0.0048594905036336965,0.5029583537802856,False,2,57
C10_MULTI_DOMAIN_ATTACK,486,0.050063779479287085,0.0797164237708043,0.07080087592326365,0.004761926094303837,0.49286041559779525,False,2,57
C10_MULTI_DOMAIN_ATTACK,487,0.0519041652883315,0.09262694821258198,0.07340357449441323,0.004664240462653775,0.4827499308780568,False,2,57
C10_MULTI_DOMAIN_ATTACK,488,0.05726551465556576,0.10529077473509002,0.08098566748217634,0.004567988937080642,0.4727878764579679,False,2,57
C10_MULTI_DOMAIN_ATTACK,489,0.06510749161163426,0.11764622885851102,0.09207589764926569,0.004470571795609508,0.46270518053178694,False,2,57
C10_MULTI_DOMAIN_ATTACK,490,0.07451415076183314,0.12979610138254064,0.10537892259609792,0.00437426252916076,0.45273714991816016,False,2,57
C10_MULTI_DOMAIN_ATTACK,491,0.0848423866516633,0.1416787178273615,0.11998525386688427,0.004277233386893287,0.44269461199632043,False,2,57
C10_MULTI_DOMAIN_ATTACK,492,0.09568783399617807,0.15331463635291273,0.13532303259150036,0.004181657159765288,0.43280245111630966,False,2,57
C10_MULTI_DOMAIN_ATTACK,493,0.10679969535473718,0.1647038569591943,0.15103757762798417,0.004086779903118012,0.42298263383735396,False,2,57
C10_MULTI_DOMAIN_ATTACK,494,0.11802069529767703,0.17584637964620625,0.16690646793067743,0.003991034042384496,0.41307291584123956,False,2,57
C10_MULTI_DOMAIN_ATTACK,495,0.1292484344266591,0.18674220441394856,0.18278488888167094,0.0038975680621455315,0.4033991659861264,False,2,57
C10_MULTI_DOMAIN_ATTACK,496,0.1404214389478451,0.1974324475822995,0.19858590340798807,0.0038052762458702354,0.3938469423638134,False,2,57
C10_MULTI_DOMAIN_ATTACK,497,0.15149035189970292,0.20785543467144166,0.21423971022523264,0.003713154479369348,0.38431231893117734,False,2,57
C10_MULTI_DOMAIN_ATTACK,498,0.16242537006563396,0.21805228200125334,0.22970416122028844,0.003621626428105622,0.37483914515835104,False,2,57
C10_MULTI_DOMAIN_ATTACK,499,0.17320477820813543,0.2280229895717345,0.244948546409769,0.0035307037945439216,0.36542863225306477,False,2,57
C10_MULTI_DOMAIN_ATTACK,500,0.1838150753199722,0.2377881155428243,0.25995377248613666,0.003443406755678168,0.3563933692095458,False,2,57
C10_MULTI_DOMAIN_ATTACK,501,0.19424329812686564,0.24728598543470534,0.27470150661109377,0.0033540177971637195,0.3471415920146026,False,2,57
C10_MULTI_DOMAIN_ATTACK,502,0.2044855312364125,0.2566193900470733,0.28918621158360175,0.0032678970272284873,0.33822807306842373,False,2,57
C10_MULTI_DOMAIN_ATTACK,503,0.21453415823207625,0.2657060967401716,0.3033971161640978,0.0031819199228651975,0.3293294235410667,False,2,57
C10_MULTI_DOMAIN_ATTACK,504,0.22439069480432536,0.2746283381537568,0.3173363638625989,0.003098494140822474,0.32069483644440183,False,2,57
C10_MULTI_DOMAIN_ATTACK,505,0.23405327640543686,0.28334499796795065,0.3310013178104275,0.003016485864067399,0.31220696146198373,False,2,57
C10_MULTI_DOMAIN_ATTACK,506,0.24352091873244913,0.2918560761827531,0.3443905859929859,0.002935934572918966,0.30386988481565674,False,2,57
C10_MULTI_DOMAIN_ATTACK,507,0.25279332355352396,0.30016157279816424,0.35750374664676354,0.0028552606167652206,0.29552011231385017,False,2,57
C10_MULTI_DOMAIN_ATTACK,508,0.26187218535581225,0.30830260413406224,0.3703431961384707,0.002778090561373681,0.2875329943244561,False,2,57
C10_MULTI_DOMAIN_ATTACK,509,0.27075929078392025,0.3162380538705689,0.3829114611651406,0.0027017033893788475,0.2796269049416855,False,2,57
C10_MULTI_DOMAIN_ATTACK,510,0.279462106493709,0.32405015464744075,0.39521910117275744,0.0026285142936145027,0.2720518171639078,False,2,57
C10_MULTI_DOMAIN_ATTACK,511,0.28798010537625,0.33165667382492126,0.40726537071672586,0.0025554032853777266,0.264484811462695,False,2,57
C10_MULTI_DOMAIN_ATTACK,512,0.2963175654702322,0.33911928588282775,0.4190563198573799,0.002486607953469293,0.25736447922651484,False,2,57
C10_MULTI_DOMAIN_ATTACK,513,0.30448096195734503,0.3464174326612212,0.4306011058844838,0.0024175885052600972,0.25022095090309016,False,2,57
C10_MULTI_DOMAIN_ATTACK,514,0.31247177078533844,0.35357167232004066,0.44190181610336265,0.0023521894595091722,0.24345213504367216,False,2,57
C10_MULTI_DOMAIN_ATTACK,515,0.3202951916401662,0.36056144669934703,0.4529658039804126,0.002286660206680232,0.2366698427225634,False,2,57
C10_MULTI_DOMAIN_ATTACK,516,0.32795459982373387,0.3674278721190186,0.4637978429133655,0.0022238232381040332,0.23016620242364802,False,2,57
C10_MULTI_DOMAIN_ATTACK,517,0.33545426430983905,0.37415039041911624,0.4744039701428633,0.0021631547508182743,0.2238870004231978,False,2,57
C10_MULTI_DOMAIN_ATTACK,518,0.34280035727521546,0.380749559759579,0.4847929144449522,0.0021053150006639042,0.21790057334839397,False,2,57
C10_MULTI_DOMAIN_ATTACK,519,0.35000088884668473,0.38724593830034615,0.49497600384961965,0.002049363543252772,0.2121095849947655,False,2,57
C10_MULTI_DOMAIN_ATTACK,520,0.35705891933053435,0.39361896788147843,0.5049575662835226,0.0019963687588020183,0.20662461295369217,False,2,57
C10_MULTI_DOMAIN_ATTACK,521,0.36398234084585285,0.39988920666291505,0.5147487628885117,0.0019437778094995473,0.2068628780845008,False,2,57
C10_MULTI_DOMAIN_ATTACK,522,0.3707748568205551,0.40607721280459513,0.5243548311025715,0.0018954537976716142,0.21006393662457673,False,2,57
C10_MULTI_DOMAIN_ATTACK,523,0.3774442178749411,0.4121624281465795,0.533786731958047,0.0018484723618980463,0.21321182143475104,False,2,57
C10_MULTI_DOMAIN_ATTACK,524,0.38399545050032646,0.4181654108488073,0.5430515739871281,0.0018042884180992052,0.21631716726100408,False,2,57
C10_MULTI_DOMAIN_ATTACK,525,0.39043316434492015,0.4240656027513395,0.5521558762168296,0.0017615505593643126,0.21936933935735553,False,2,57
C10_MULTI_DOMAIN_ATTACK,526,0.3967659859642338,0.4299246783339934,0.5611118384389525,0.0017229521862095704,0.22240024196174635,False,2,57
C10_MULTI_DOMAIN_ATTACK,527,0.40299837842877184,0.4356809631169516,0.5699257723883341,0.001685128095052301,0.22537797083623556,False,2,57
C10_MULTI_DOMAIN_ATTACK,528,0.4091372650629759,0.4413961315800315,0.5786074691242964,0.00165076304744471,0.22833443021876415,False,2,57
C10_MULTI_DOMAIN_ATTACK,529,0.41519100569116485,0.44707018372323315,0.5871687512237702,0.0016191490875416884,0.23126962010933208,False,2,57
C10_MULTI_DOMAIN_ATTACK,530,0.42116262856428816,0.45266200322667827,0.5956139012803185,0.0015882888879912144,0.23416227101597878,False,2,57
C10_MULTI_DOMAIN_ATTACK,531,0.42706095053934456,0.4582538227301234,0.6039553882126867,0.0015615324112098268,0.23705492192262545,False,2,57
C10_MULTI_DOMAIN_ATTACK,532,0.4328907043138559,0.4637839677537511,0.6121999050658963,0.0015362503128547797,0.23991566859133115,False,2,57
C10_MULTI_DOMAIN_ATTACK,533,0.4386568619257787,0.4692729964575005,0.6203544833634583,0.0015123415912503058,0.24275514576807622,False,2,57
C10_MULTI_DOMAIN_ATTACK,534,0.44436826964812765,0.47478258332118906,0.6284316336246467,0.001492563027182054,0.24560525769080163,False,2,57
C10_MULTI_DOMAIN_ATTACK,535,0.4500297320181201,0.48025105386499933,0.6364381504911549,0.001474239592064708,0.2484341001215664,False,2,57
C10_MULTI_DOMAIN_ATTACK,536,0.4556462710067684,0.4856989662488705,0.6443811361024986,0.0014587947896848032,0.2512523078063508,False,2,57
C10_MULTI_DOMAIN_ATTACK,537,0.4612280805014944,0.49116743679268077,0.652275006792523,0.0014453580642333486,0.2540811502371156,False,2,57
C10_MULTI_DOMAIN_ATTACK,538,0.46677686343997005,0.4966153491765519,0.6601221708787798,0.001434827200672519,0.2568993579219,False,2,57
C10_MULTI_DOMAIN_ATTACK,539,0.47230450872806684,0.5021043778803014,0.667939441813194,0.0014270551780559634,0.2597388350986451,False,2,57
C10_MULTI_DOMAIN_ATTACK,540,0.4778143911789137,0.5075934065840508,0.6757315923022632,0.0014206981478425433,0.2625783122753902,False,2,57
C10_MULTI_DOMAIN_ATTACK,541,0.4833134885913649,0.5131235516076785,0.6835084904437624,0.001418583997843891,0.2654390589440959,False,2,57
C10_MULTI_DOMAIN_ATTACK,542,0.48880641892673427,0.518633138471367,0.6912766670212123,0.0014157676954812438,0.2682891708668213,False,2,57
C10_MULTI_DOMAIN_ATTACK,543,0.494298684075583,0.524204399814873,0.6990439028828632,0.0014171765462543875,0.2711711870274876,False,2,57
C10_MULTI_DOMAIN_ATTACK,544,0.4997986692908012,0.5298167774782573,0.7068220565670764,0.0014213947200933457,0.27407447268011464,False,2,57
C10_MULTI_DOMAIN_ATTACK,545,0.5053149019260782,0.5354908296214589,0.7146231875730903,0.001427058886110665,0.27700966257068255,False,2,57
C10_MULTI_DOMAIN_ATTACK,546,0.5108456003801412,0.5411648817646606,0.722444776336222,0.0014340707356906685,0.27994485246125056,False,2,57
C10_MULTI_DOMAIN_ATTACK,547,0.5163992262007931,0.5469006083876796,0.7302987892921333,0.0014438814268045613,0.28291194658975943,False,2,57
C10_MULTI_DOMAIN_ATTACK,548,0.5219843754893183,0.5527185676504552,0.7381973831638441,0.0014558600048229175,0.2859215797021896,False,2,57
C10_MULTI_DOMAIN_ATTACK,549,0.5276045519368444,0.5585982013930483,0.7461455129188653,0.0014705979291489606,0.2889631170525607,False,2,57
C10_MULTI_DOMAIN_ATTACK,550,0.5332645997539145,0.5645189514555196,0.7541500293054461,0.0014853392473292404,0.2920259238948925,False,2,57
C10_MULTI_DOMAIN_ATTACK,551,0.538968155465992,0.5705219341577474,0.7622160751472166,0.0015028759557436792,0.29513126972114556,False,2,57
C10_MULTI_DOMAIN_ATTACK,552,0.5447238228458994,0.576627707659671,0.7703558180163901,0.0015226178663004161,0.2982897892773002,False,2,57
C10_MULTI_DOMAIN_ATTACK,553,0.5505314833841192,0.5827745974814728,0.7785690903151995,0.001544233717328257,0.3014695783254155,False,2,57
C10_MULTI_DOMAIN_ATTACK,554,0.5564012519635664,0.5890242781029702,0.7868701966482452,0.001567362213062398,0.3047025411034323,False,2,57
C10_MULTI_DOMAIN_ATTACK,555,0.5623367510759735,0.5953767495241633,0.7952642599924648,0.001592628876054635,0.3079886776113508,False,2,57
C10_MULTI_DOMAIN_ATTACK,556,0.5683395349207611,0.6017908954251739,0.8037534783177575,0.0016178541817933908,0.31130671835721024,False,2,57
C10_MULTI_DOMAIN_ATTACK,557,0.5744149868392494,0.6083283902858193,0.8123454648184294,0.0016472002380693424,0.31468856757895153,False,2,57
C10_MULTI_DOMAIN_ATTACK,558,0.5805677824049342,0.6149275596262821,0.8210468317539299,0.001676430308614261,0.31810232103863384,False,2,57
C10_MULTI_DOMAIN_ATTACK,559,0.586805014741989,0.6216706360863189,0.8298676103166648,0.0017079599416412112,0.3215905177201784,False,2,57
C10_MULTI_DOMAIN_ATTACK,560,0.5931248463988756,0.628475387026173,0.8388052019577488,0.00173932874361253,0.32511061863966384,False,2,57
C10_MULTI_DOMAIN_ATTACK,561,0.5995325013142893,0.635403486925662,0.8478669944421333,0.001773439683132536,0.3286945280350312,False,2,57
C10_MULTI_DOMAIN_ATTACK,562,0.6060347445724416,0.6424549357847857,0.8570625550436612,0.0018090057016252102,0.3323422459062805,False,2,57
C10_MULTI_DOMAIN_ATTACK,563,0.6126332605382846,0.6496091754436053,0.866394265814092,0.001844617485046691,0.3360431375074314,False,2,57
C10_MULTI_DOMAIN_ATTACK,564,0.6193263029783678,0.6568456477421812,0.8758596572063962,0.0018813587821509558,0.3397865680925035,False,2,57
C10_MULTI_DOMAIN_ATTACK,565,0.6261205626921074,0.6642054690003921,0.8854681914398519,0.001918888805522534,0.3435938071534576,False,2,57
C10_MULTI_DOMAIN_ATTACK,566,0.6330196912391617,0.6717091973781769,0.8952250325996515,0.001957957082037433,0.34747548943627393,False,2,57
C10_MULTI_DOMAIN_ATTACK,567,0.640021848084383,0.6792951583957183,0.9051275777760271,0.0019974668071924342,0.3513997107030115,False,2,57
C10_MULTI_DOMAIN_ATTACK,568,0.6471338538490315,0.6870250265328336,0.9151854727840687,0.0020378623460305893,0.3553983751916113,False,2,57
C10_MULTI_DOMAIN_ATTACK,569,0.6543540370853338,0.6948576854696445,0.9253963538396662,0.0020794357931304148,0.35945021341011274,False,2,57
C10_MULTI_DOMAIN_ATTACK,570,0.6616873414607941,0.7028136933660903,0.9357672123444523,0.002120478558637686,0.36356586010449604,False,2,57
C10_MULTI_DOMAIN_ATTACK,571,0.6691322865769056,0.710893050222171,0.9462959546987804,0.0021634516449085405,0.3677453152747613,False,2,57
C10_MULTI_DOMAIN_ATTACK,572,0.6766937759879315,0.7190957560378863,0.9569895155755938,0.002206479928889621,0.37198857892090836,False,2,57
C10_MULTI_DOMAIN_ATTACK,573,0.6843700624597505,0.7274012526532975,0.9678454240127013,0.0022488001796771,0.3762850162969571,False,2,57
C10_MULTI_DOMAIN_ATTACK,574,0.6921612395026691,0.7358300982283434,0.9788638122536467,0.002291800745004745,0.3806452621488878,False,2,57
C10_MULTI_DOMAIN_ATTACK,575,0.7000689903262552,0.7443822927630241,0.9900470607162293,0.0023360830517634725,0.3850693164767003,False,2,57
C10_MULTI_DOMAIN_ATTACK,576,0.7080947460052908,0.7530372780974006,1.001397193245814,0.002379639130919041,0.38954654453441445,False,2,57
C10_MULTI_DOMAIN_ATTACK,577,0.7162403854825256,0.761836170551351,1.0129168670687214,0.0024233753234177064,0.39409821581399085,False,2,57
C10_MULTI_DOMAIN_ATTACK,578,0.724500712072222,0.770717295645058,1.024598732961501,0.0024668766673852107,0.3986924260774885,False,2,57
C10_MULTI_DOMAIN_ATTACK,579,0.7328789979389287,0.7797217696983997,1.0364474184636365,0.002509801058491412,0.40335044481686805,False,2,57
C10_MULTI_DOMAIN_ATTACK,580,0.7413737136940497,0.7888495927113763,1.0484607606930332,0.002553396717064768,0.4080722720321296,False,2,57
C10_MULTI_DOMAIN_ATTACK,581,0.7499828775583757,0.7980596483641094,1.0606359569906552,0.0025955324511101607,0.4128366382313123,False,2,57
C10_MULTI_DOMAIN_ATTACK,582,0.7587065887625625,0.8073930529764773,1.0729731476898423,0.002637729339805018,0.41766481290637697,False,2,57
C10_MULTI_DOMAIN_ATTACK,583,0.7675431229008948,0.816829248388541,1.0854698941126448,0.0026792379092351356,0.42254616131134326,False,2,57
C10_MULTI_DOMAIN_ATTACK,584,0.7764907758066745,0.8263682346003003,1.0981237862034054,0.002720696683171363,0.4274806834462111,False,2,57
C10_MULTI_DOMAIN_ATTACK,585,0.7855476265465647,0.8359894534518161,1.110932107352147,0.0027607375376247838,0.4324577445650002,False,2,57
C10_MULTI_DOMAIN_ATTACK,586,0.794713836554716,0.8457340212629668,1.1238950858612344,0.0028008634416793,0.4374986141596713,False,2,57
C10_MULTI_DOMAIN_ATTACK,587,0.8039859195497338,0.855560821713874,1.1370077913842376,0.002840223093364442,0.4425820227382636,False,2,57
C10_MULTI_DOMAIN_ATTACK,588,0.8133620162316929,0.8654698548045378,1.1502675944739857,0.0028775607347583864,0.44770797030077714,False,2,57
