dataset,year,table,variable,role,family,manual_page,manual_text
CRSS,2024,accident.csv,PEDS,candidate_feature,crash_context,67,"Number of Forms Submitted for Persons Not in Motor Vehicles  
C3 
57 
2024 FARS/CRSS Coding and Validation Manual 
C3. Number of Forms Submitted for Persons Not in Motor Vehicles 
Format 
2 numeric 
SAS Name 
Accident.PEDS 
Element Values 
Codes 
Attributes 
00-99 
Actual Number 
Definition 
This element records the number of Person (Not a Motor Vehicle Occupant) Level forms that are 
applicable to this case. 
Remarks 
This count will match exactly the people counted in the case structure field Number of Persons 
Not in Motor Vehicles. Occupants of any motor vehicle in-transport, parked/stopped off roadway 
motor vehicles, working motor vehicles, or motor vehicles in motion outside the trafficway will 
not be counted in this field.  
The count for this field includes: 
1. Occupants of a Non-Motor Vehicle Transport Device (people riding in an animal-drawn 
conveyance, on an animal, injured occupants of railway trains)—PERSON TYPE code 
04. 
2. Pedestrians, Bicyclists, and Other Pedalcyclists—PERSON TYPE codes 05, 06, and 07. 
3. People on Personal Conveyances (e.g., skaters, wheelchair occupants)—PERSON TYPE 
code 08. 
4. Any injured people outside the trafficway that are not in a motor vehicle (in buildings)—
PERSON TYPE code 10 (Person In/On a Building). 
For Consistency Checks see Understanding and Managing Consistency Checks and Number 
of Forms Submitted for Persons Not in Motor Vehicles."
CRSS,2024,accident.csv,HARM_EV,candidate_feature,crash_context,103,"First Harmful Event 
C19 
93 
2024 FARS/CRSS Coding and Validation Manual 
C19. First Harmful Event 
Format 
2 numeric 
SAS Name 
Accident.HARM_EV, Vehicle.HARM_EV, Person.HARM_EV, Parkwork.PHARM_EV 
Element Values 
Non-Collision Harmful Events: 
Codes 
Attributes 
01 
Rollover/Overturn 
02 
Fire/Explosion 
03 
Immersion or Partial Immersion 
04 
Gas Inhalation 
51 
Jackknife (harmful to this vehicle) 
06 
Injured in Vehicle (Non-Collision) 
44 
Pavement Surface Irregularity (Ruts, Potholes, Grates, etc.) 
07 
Other Non-Collision 
16 
Thrown or Falling Object 
72 
Cargo/Equipment Loss, Shift, or Damage (harmful) 
05 
Fell/Jumped from Vehicle  
Collision With Motor Vehicle In-Transport: 
Codes 
Attributes 
12 
Motor Vehicle In-Transport  
54 
Motor Vehicle In-Transport Strikes or is Struck by Cargo, Persons, or Objects 
Set in Motion from/by Another Motor Vehicle In-Transport 
55 
Motor Vehicle in Motion Outside the Trafficway 
Collision With Object Not Fixed: 
Codes 
Attributes 
08 
Pedestrian 
09 
Pedalcyclist 
10 
Railway Vehicle 
74 
Road Vehicle on Rails 
11 
Live Animal"
CRSS,2024,accident.csv,MAN_COLL,candidate_feature,crash_context,117,"Manner of Collision of the First Harmful Event 
C20 
107 
2024 FARS/CRSS Coding and Validation Manual 
C20. Manner of Collision of the First Harmful Event 
Format 
2 numeric 
SAS Name 
Accident.MAN_COLL, Vehicle.MAN_COLL, Person.MAN_COLL, Parkwork.PMAN_COLL 
Element Values 
Codes 
Attributes 
00 
The First Harmful Event was Not a Collision with a Motor Vehicle In-Transport 
01 
Front-to-Rear 
02 
Front-to-Front 
06 
Angle 
07 
Sideswipe-Same Direction 
08 
Sideswipe-Opposite Direction 
09 
Rear-to-Side 
10 
Rear-to-Rear 
11 
Other 
98 
Not Reported 
99 
Reported as Unknown 
Definition 
This element identifies the orientation of two motor vehicles in-transport when they are involved 
in the FIRST HARMFUL EVENT of a collision crash. If the FIRST HARMFUL EVENT is not 
a collision between two motor vehicles in-transport, it is classified as such. 
Remarks 
00 (The First Harmful Event was Not a Collision with a Motor Vehicle In-Transport) is 
used when the FIRST HARMFUL EVENT is not an impact between two in-transport motor 
vehicles. 
01 (Front-to-Rear) is used when a collision occurs between the rear of one vehicle and the front 
of another vehicle. If this attribute is selected, the points of impact for the vehicles involved in 
the FIRST HARMFUL EVENT must be front to back.  
02 (Front-to-Front) is used when a collision occurs between the front end of one vehicle and the 
front end of another vehicle. If this attribute is selected, the points of impact for the vehicles 
involved in the FIRST HARMFUL EVENT must both be front."
CRSS,2024,accident.csv,WEATHER,candidate_feature,crash_context,142,"Atmospheric Conditions 
C26 
132 
2024 FARS/CRSS Coding and Validation Manual 
C26. Atmospheric Conditions 
Format 
2 numeric. Select All That Apply. 
SAS Name 
Weather.WEATHER 
Element Values 
Codes 
Attributes 
01 
Clear 
10 
Cloudy 
02 
Rain 
03 
Sleet or Hail  
12 
Freezing Rain or Drizzle 
04 
Snow  
11 
Blowing Snow 
05 
Fog, Smog, Smoke 
06 
Severe Crosswinds 
07 
Blowing Sand, Soil, Dirt 
08 
Other  
98 
Not Reported 
99 
Reported as Unknown 
Definition 
This element identifies the prevailing atmospheric conditions that existed at the time of the crash 
as recorded on the police crash report. 
Remarks 
If the case material attributes are a combination of the above attributes (e.g., Clear/Cloudy, Clear 
or Cloudy, Sleet/Hail/Freezing Rain, Snow/Sleet/Hail), and you cannot determine which was the 
prevalent weather condition, then code 98 (Not Reported). 
Temperature is not an atmospheric condition for the purposes of this element. 
When coding this element, do not interpret indication of Rain, Sleet, or Snow as also Cloudy. 
Cloudy must be explicitly stated in the case materials."
CRSS,2024,accident.csv,WEATHER,candidate_feature,crash_context,200,"vPIC Body Class 
V13 
190 
2024 FARS/CRSS Coding and Validation Manual 
013 (Sedan/Saloon) refers to a passenger car equipped usually with four doors for ingress/egress 
and a separate trunk area for cargo (e.g., trunk lid hinged below the backlight). Folding rear seats 
do not necessarily violate the separate “trunk area” concept. Sedan/Saloon can sometimes have 
only two doors. If it is not clear whether the vehicle is a 003 (Coupe) or 013 (Sedan/Saloon), 
code as 013 (Sedan/Saloon). 
015 (Wagon) refers to a passenger car with an enlarged cargo area. The entire roof covering the 
cargo area is generally equal in height from front to rear and full height side glass is installed 
between the C and D-pillars. The rearmost area is not permanently partitioned from the forward 
passenger compartment area (e.g., “horizontal window shades” to hide cargo do not constitute 
partitions). 
016 (Bus) means a motor vehicle with motive power, except a trailer, designed for carrying more 
than 10 people per 49 CFR§ 571.3. 068 (Streetcar / Trolley) or 73 (Bus - School Bus) are 
categorized separately. 
060 (Pickup) is a single-unit straight truck with a pickup body style. The pickup truck may be 
equipped with a removable or retractable roof. 060 (Pickup) includes light, medium, and heavy 
pickup body styles. 
066 (Truck-Tractor) describes a fifth-wheel-equipped tractor-trailer power unit. The number of 
trailing units is not a consideration. Without a trailer, it is sometimes called a Bobtail. 
068 (Streetcar / Trolley) A vehicle used primarily for transporting passengers and typically 
operating on city streets. This vehicle must have tires. Do NOT use this attribute for street 
cars/trolleys operating on rails. See Section 203. How to Structure a Case, Step 1: Number of 
Persons Not in Motor Vehicles. 
069 (Off-road Vehicle - All Terrain Vehicle (ATV) (Motorcycle-style)) is used for off-road 
recreational vehicles. ATV/ATCs have three or four wheels, a saddle type seat, and handlebars 
for steering (no steering wheel). Does not include 105 (Off-road Vehicle - Multipurpose Off-
Highway Utility Vehicle [MOHUV] or Recreational Off-Highway Vehicle [ROV]).  
073 (Bus - School Bus) (designed to carry students, not cross-country or transit) is a bus 
designed to carry passengers to and from educational facilities and/or related functions. Use this 
code regardless of whether the vehicle is owned by a school system or a private company. 
School buses converted for other uses (e.g., church bus) also take this code. 
080 (Motorcycle - Sport) is used when a motor vehicle having a seat or saddle for the use of its 
operator is a two-wheeled open (e.g., no enclosed body) vehicle propelled by a motor 
specifically optimized for speed, acceleration, braking, and cornering on paved roads. 
081 (Motorcycle - Touring / Sport Touring) are specifically designed to excel at covering long 
distances. They have large-displacement engines, fairings and screens that offer good weather 
and wind protection, large-capacity fuel tanks for long ranges between fill-ups, and a relaxed, 
upright seating position. 
082 (Motorcycle - Cruiser) are motorcycles usually with large-displacement V-twin engines 
with a riding position that places the feet forward and the hands relatively high."
CRSS,2024,accident.csv,WEATHER,candidate_feature,crash_context,367,"Speeding Related 
D22 
357 
2024 FARS/CRSS Coding and Validation Manual 
apply in a case where law enforcement reports actual or estimated speed as unknown and still 
identifies exceeding the speed limit as a factor. 
4 (Yes, Too Fast for Conditions) is used when a vehicle is traveling at a speed that is unsafe for 
the road, weather, traffic, or other environmental conditions at the time.  
5 (Yes, Specifics Unknown) is used when it is known that speed or speeding applies, but it 
cannot be determined which of the more specific attributes apply. When the only known 
information is “traveling at a high rate of speed” or “speed was a factor,” default to 5 (Yes, 
Specifics Unknown). 
9 (Reported as Unknown) is used if the police state that the circumstances of the crash are 
unknown (i.e., it is unknown what factors, if any, may have been present at the time of the 
crash). 
For Consistency Checks see Understanding and Managing Consistency Checks and D22 
Speeding Related."
CRSS,2024,accident.csv,WEATHER,candidate_feature,crash_context,377,"Related Factors—Driver Level 
D24 
367 
2024 FARS/CRSS Coding and Validation Manual 
Examples include: 
• Following a fire truck too closely. 
• Failure to maintain a safe passing distance between trucks. 
• Following another vehicle in a caravan too closely to allow entry by a merging vehicle. 
• Following too close, generally. Also, code for cases where the case materials document 
the vehicle was following too closely for weather conditions. 
Note: 026 (Following Improperly) denotes “after or before the process of lane change” while 
027 (Improper or Erratic Lane Changing) signifies “in the process.” 
*027 (Improper or Erratic Lane Changing) is used when the case materials identify this driver 
was making unsafe lane changes or failed to obey a “no lane change” sign or pavement marking 
prohibiting lane change. This may also be used in cases where the officer states the vehicle was 
weaving in and out of traffic. 
*028 (Improper Lane Usage) is used when the case materials identify this driver failed to 
properly keep their vehicle in the appropriate lane of travel. This attribute does not apply to 
vehicles that run off the roadway, cross the median, or exhibit control loss before crossing the 
centerline. Also do not use this value for a vehicle that leaves its lane because of a previous 
impact, when a vehicle leaves its lane during an avoidance maneuver, or at the direction of a 
flagman or police officer. For situations where the vehicle is on the wrong side as a result of a 
passing maneuver, see 033 (Passing Where Prohibited by Posted Signs, Pavement Markings, 
or School Bus Displaying Warning Not to Pass). See 051 (Driving on Wrong Side of Two-
Way Trafficway [Intentional or Unintentional]) for Driving on Wrong Side of Road. 
Examples include: 
• A vehicle that “drove left of center” striking an oncoming vehicle (includes both crossing 
a painted centerline and failing to maintain the proper side of a two-lane roadway with no 
painted centerline). 
• A vehicle that goes straight in a turn lane. 
• A vehicle that was using more than one lane on its side of a multi-lane highway. 
• Trucks, buses, or slow vehicles failing to keep right for faster moving traffic. 
029 (Intentional Illegal Driving Off the Roadway) is used when the case materials identify this 
driver was intentionally illegally driving in a location off the roadway (shoulder, median, 
roadside, etc.). This attribute should not be used when the vehicle enters one of these locations as 
part of an avoidance maneuver or as a result of a critical or harmful event. Also do not use this 
value for a vehicle that leaves its lane at the direction of a flagman or police officer. 
*030 (Making Improper Entry to or Exit from Trafficway) is used when the case materials 
identify this driver made an improper entry to or exit from the trafficway. For improper entry of 
the roadway from a parked or stopped position see 031 (Starting or Backing Improperly). 
Examples include: 
• Driving onto or from a controlled access highway where prohibited. 
• A vehicle entering a highway from a roadside location like a front yard, adjacent pasture, 
or field."
CRSS,2024,accident.csv,WEATHER,candidate_feature,crash_context,402,"Precrash Data Overview 
392 
2024 FARS/CRSS Coding and Validation Manual 
Precrash Element 
Vehicle 1 
Driver Distracted By 
Not Distracted 
Pre-Event Movement 
Going Straight 
Critical Precrash (Category) 
This Vehicle Loss of Control Due To: 
Critical Precrash (Event) 
Suddenly Encountered Poor Road Conditions 
(Specify:) 
Attempted Avoidance Maneuver 
Braking and Steering Right 
Pre-Impact Stability 
Skidding Laterally Clockwise Rotation 
Pre-Impact Location 
Departed Roadway 
Crash Type 
02 
Vehicle 1’s Critical Crash Envelope (V1CCE) begins when the vehicle encounters the black ice 
and ends at impact with the pole. 
The Critical Event in this example is This Vehicle Control Loss Due To: Poor Road Conditions 
(Specify: (Black ice)). 
It can be difficult to determine the Critical Event in cases when weather, road conditions, 
roadway alignment, and speed all potentially play a role in the crash. Examples 7 and 8 are 
prime examples, Poor Road Conditions, Too Fast For Conditions, or This Vehicle Traveling 
category attributes (e.g., Off the Edge of the Road on the Right Side) could be selected based on 
the circumstances. 
Typically, Poor Road Conditions such as ice and puddles are “suddenly” encountered by the 
driver and not an ongoing situation. 
Too Fast for Conditions applies when the vehicle’s movement and speed were not appropriate 
relative to the vehicle’s surroundings; roadway curves are often involved. 
If neither of these Loss of Control Critical Events apply, then This Vehicle Traveling Category 
attributes are appropriate.  
Example 8 
Example 8 Diagram 
 
Vehicle 1 is traveling on a two-lane roadway with heavy rain falling. Police estimate the driver 
was traveling 55 mph in this 35-mph speed zone. While negotiating a curve, the driver loses"
CRSS,2024,accident.csv,WEATHER,candidate_feature,crash_context,415,"Precrash Data Overview 
405 
2024 FARS/CRSS Coding and Validation Manual 
Distraction (Distracted), Details Unknown is selected for Vehicle 1 Driver Distracted By. 
Police reported the driver was distracted, although the specific distraction was not identified.  
The presence of rain and fog does not affect Vehicle 1’s Critical Event of This Vehicle 
Traveling-Off The Edge of the Road On the Right Side in this case. Do not assume that This 
Vehicle Loss of Control Critical Events such as Poor Road Conditions or Traveling Too Fast 
for Conditions are always selected just because the weather and/or road conditions were not 
optimal. 
When determining Crash Type, it is important to keep in mind that some Crash 
Configurations are plane of impact dependent, while others are not. In this case the Crash Type 
for both vehicles are 48, Sideswipe/Angle: Specifics Other. The vehicles were traveling in the 
same trafficway in the same direction (Crash Type Category II) and the impact involved the side 
of one or both of the vehicles (Crash Type Configuration F). If the impact had been front to rear, 
Crash Configuration D (Rear-End) would have applied. 
Example 17 
Example 17 Diagram 
 
Vehicle 1 is traveling eastbound. A non-contact vehicle (NCV) is westbound and attempts to turn 
left in front of Vehicle 1 into an intersecting private driveway. Vehicle 1 braked and steered left 
to avoid the non-contact vehicle. The driver of Vehicle 1 successfully avoided the non-contact 
vehicle and maintained full control but crossed into the westbound lane. Now traveling the 
wrong way in the westbound lane, Vehicle 1 recognized that Vehicle 2 was in his path and 
attempted to steer right and return to the eastbound lane but struck Vehicle 2 head on. Vehicle 2 
attempted to avoid the crash by braking and steering right. The crash report was coded as “Not 
Distracted” for both drivers. 
Precrash Element 
Vehicle 1 
Vehicle 2 
Driver Distracted By 
Not Distracted 
Not Distracted 
Pre-Event Movement 
Successful Avoidance 
Maneuver to a Previous 
Critical Event 
Going Straight 
Critical Precrash (Category) 
Other Motor Vehicle in Lane 
Other Motor Vehicle in Lane 
Critical Precrash (Event) 
Traveling in Opposite 
Direction 
Traveling in Opposite 
Direction"
CRSS,2024,accident.csv,WEATHER,candidate_feature,crash_context,468,"Critical Event—Precrash (Event) 
PC19 
458 
2024 FARS/CRSS Coding and Validation Manual 
04 (Non-Disabling Vehicle Problem [e.g., Hood Flew Up] [Specify:]) is selected when some 
mechanical abnormality suddenly occurred to this vehicle that leads to the critical reason for the 
collision. The abnormality must not be disabling damage. For bald tires, see 06 (Traveling Too 
Fast for Conditions or Road Configuration). (See Note: For attributes with “Specify:” 
designation at the beginning of Remarks section for this element.) 
05 (Suddenly Encountered Poor Road Conditions [Puddle, Pothole, Ice, Etc.] [Specify:]) 
captures control loss due to suddenly encountered environmental conditions of the roadway and 
not ongoing situations. For ongoing situations, see 06 (Traveling Too Fast for Conditions or 
Road Configuration). These conditions must have initiated the precrash event which resulted in 
the collision. (See Note: For attributes with “Specify:” designation at the beginning of Remarks 
section for this element.) 
06 (Traveling Too Fast for Conditions or Road Configuration) identifies this vehicle’s 
movement and speed were not appropriate relative to its surroundings in which the subsequent 
loss of control led to the collision. This attribute applies when the loss of control is due to a 
vehicle traveling at a speed that was unsafe for the road configuration or conditions and has no 
bearing on the SPEED LIMIT. The officer does not necessarily have to indicate that speed was a 
factor in the crash, and therefore this attribute is independent of SPEEDING RELATED. This 
attribute may also be used in situations where there are no adverse weather and/or road surface 
conditions. 
Examples include: 
• A roadway departure on a curve where the driver failed to negotiate and departed the 
roadway, resulting in an impact. If the driver merely steered straight while in a curve and 
departed the roadway, the category This Vehicle Traveling may apply. 
• The vehicle loses control (hydroplanes) on a wet roadway (can be due to bald tires). 
08 (Other Cause of Control Loss [Specify:]) is selected when it was determined that this 
vehicle’s loss of control was the primary reason that made the event critical, and the above 
attributes do not adequately identify the control-loss condition. If control is lost due to driver 
illness, such as heart attacks, diabetic comas, etc., then CRITICAL EVENT—PRECRASH 
(EVENT) should be coded as 08 (Other Cause of Control Loss [Specify:]). This attribute should 
not be used for drivers who are impaired by alcohol and/or drugs unless the driver’s 
CONDITION (IMPAIRMENT) AT TIME OF CRASH equals 01 (Ill, Blackout). (See Note: For 
attributes with “Specify:” designation at the beginning of Remarks section for this element.) 
09 (Unknown Cause of Control Loss) is selected when it is known control loss made the 
situation critical, but it is unknown whether the vehicle or the environment caused the control 
loss. 
This Vehicle Traveling 
These attributes identify situations where the critical factor leading to the collision involved the 
travel path of this vehicle.  
10 (Over the Lane Line on Left Side of Travel Lane) is selected when this vehicle departs its 
lane to the left and is entering or had entered the adjoining lane, shoulder, or designated bike 
lane. The change of travel path by this vehicle must precipitate the critical event for the collision."
CRSS,2024,accident.csv,WEATHER,candidate_feature,crash_context,607,"Related Factors—Person (Motor Vehicle Occupant) Level 
P24 
597 
2024 FARS/CRSS Coding and Validation Manual 
Examples include: 
• Following a fire truck too closely. 
• Failure to maintain a safe passing distance between trucks. 
• Following another vehicle in a caravan too closely to allow entry by a merging vehicle. 
• Following too close, generally. Also, code for cases where the case materials document 
the vehicle was following too closely for weather conditions. 
089 (Parked Motor Vehicle with Equipment Extending into the Travel Lane) is used when 
the case materials identify this occupant parked a vehicle but extended equipment (e.g., extended 
mirrors) attached to the vehicle was still in the travel lane. This may only be used on the Person 
Form for the occupant that is PERSON TYPE 03 (Occupant of a Motor Vehicle Not In-
Transport) and in SEATING POSITION 11 (Front Seat, Left Side). 
Note: This should not be used for loads of vehicles extending into the travel lane such as 
attached trailers or oversized cargo. In these cases, the vehicle is in-transport and not parked. 
*028 (Improper Lane Usage) is used when the case materials identify this occupant failed to 
properly keep their vehicle in the appropriate lane of travel. This attribute does not apply to 
vehicles that run off the roadway, that cross the median, or exhibit control loss before crossing 
the centerline. Also do not use this value for a vehicle that leaves its lane because of a previous 
impact or at the direction of a flagman or police officer. This may only be used on the Person 
Form for the occupant that is PERSON TYPE 03 (Occupant of a Motor Vehicle Not In-
Transport) and in SEATING POSITION 11 (Front Seat, Left Side) in a working motor vehicle 
(UNIT TYPE 4). 
Examples include: 
• A vehicle that “drove left of center” striking an oncoming vehicle (includes both crossing 
a painted centerline and failing to maintain the proper side of a two-lane roadway with no 
painted centerline). 
• A vehicle that goes straight in a turn lane. 
• A vehicle that was using more than one lane on its side of a multi-lane highway. 
• Trucks, buses, or slow vehicles failing to keep right for faster moving traffic. 
For situations where the vehicle is on the wrong side as a result of a passing maneuver, see 033 
(Passing Where Prohibited by Posted Signs, Pavement Markings, or School Bus Displaying 
Warning Not to Pass). 
*029 (Intentional Illegal Driving on Road Shoulder, In Ditch, on Sidewalk or on Median) is 
used when the case materials identify this occupant was intentionally illegally driving in a 
location off the roadway (shoulder, median, roadside, etc.) This attribute should not be used 
when the vehicle enters one of these locations as part of an avoidance maneuver or as a result of 
a critical or harmful event. Also do not use this value for a vehicle that leaves its lane at the 
direction of a flagman or police officer. This may only be used on the Person Form for the 
occupant that is PERSON TYPE 03 (Occupant of a Motor Vehicle Not In-Transport) and in 
SEATING POSITION 11 (Front Seat, Left Side) in a working motor vehicle (UNIT TYPE 4). 
032 (Opening Vehicle Closure into Moving Traffic or While Vehicle is in Motion) is used 
when the case materials identify this occupant improperly opened their door into moving traffic."
CRSS,2024,person.csv,HARM_EV,candidate_feature,occupant_person,103,"First Harmful Event 
C19 
93 
2024 FARS/CRSS Coding and Validation Manual 
C19. First Harmful Event 
Format 
2 numeric 
SAS Name 
Accident.HARM_EV, Vehicle.HARM_EV, Person.HARM_EV, Parkwork.PHARM_EV 
Element Values 
Non-Collision Harmful Events: 
Codes 
Attributes 
01 
Rollover/Overturn 
02 
Fire/Explosion 
03 
Immersion or Partial Immersion 
04 
Gas Inhalation 
51 
Jackknife (harmful to this vehicle) 
06 
Injured in Vehicle (Non-Collision) 
44 
Pavement Surface Irregularity (Ruts, Potholes, Grates, etc.) 
07 
Other Non-Collision 
16 
Thrown or Falling Object 
72 
Cargo/Equipment Loss, Shift, or Damage (harmful) 
05 
Fell/Jumped from Vehicle  
Collision With Motor Vehicle In-Transport: 
Codes 
Attributes 
12 
Motor Vehicle In-Transport  
54 
Motor Vehicle In-Transport Strikes or is Struck by Cargo, Persons, or Objects 
Set in Motion from/by Another Motor Vehicle In-Transport 
55 
Motor Vehicle in Motion Outside the Trafficway 
Collision With Object Not Fixed: 
Codes 
Attributes 
08 
Pedestrian 
09 
Pedalcyclist 
10 
Railway Vehicle 
74 
Road Vehicle on Rails 
11 
Live Animal"
CRSS,2024,person.csv,MAN_COLL,candidate_feature,occupant_person,117,"Manner of Collision of the First Harmful Event 
C20 
107 
2024 FARS/CRSS Coding and Validation Manual 
C20. Manner of Collision of the First Harmful Event 
Format 
2 numeric 
SAS Name 
Accident.MAN_COLL, Vehicle.MAN_COLL, Person.MAN_COLL, Parkwork.PMAN_COLL 
Element Values 
Codes 
Attributes 
00 
The First Harmful Event was Not a Collision with a Motor Vehicle In-Transport 
01 
Front-to-Rear 
02 
Front-to-Front 
06 
Angle 
07 
Sideswipe-Same Direction 
08 
Sideswipe-Opposite Direction 
09 
Rear-to-Side 
10 
Rear-to-Rear 
11 
Other 
98 
Not Reported 
99 
Reported as Unknown 
Definition 
This element identifies the orientation of two motor vehicles in-transport when they are involved 
in the FIRST HARMFUL EVENT of a collision crash. If the FIRST HARMFUL EVENT is not 
a collision between two motor vehicles in-transport, it is classified as such. 
Remarks 
00 (The First Harmful Event was Not a Collision with a Motor Vehicle In-Transport) is 
used when the FIRST HARMFUL EVENT is not an impact between two in-transport motor 
vehicles. 
01 (Front-to-Rear) is used when a collision occurs between the rear of one vehicle and the front 
of another vehicle. If this attribute is selected, the points of impact for the vehicles involved in 
the FIRST HARMFUL EVENT must be front to back.  
02 (Front-to-Front) is used when a collision occurs between the front end of one vehicle and the 
front end of another vehicle. If this attribute is selected, the points of impact for the vehicles 
involved in the FIRST HARMFUL EVENT must both be front."
CRSS,2024,person.csv,AGE,candidate_feature,occupant_person,7,"v 
2024 FARS/CRSS Coding and Validation Manual 
Precrash Level Data Elements ................................................................................................. 377 
Precrash Data Overview ......................................................................................................... 378 
Precrash General Rules ........................................................................................................... 383 
Precrash Examples .................................................................................................................. 384 
PC3. Vehicle Number—Precrash Level ................................................................................. 409 
PC4. Contributing Circumstances, Motor Vehicle ................................................................. 410 
PC5. Trafficway Description .................................................................................................. 413 
PC6. Total Lanes in Roadway ................................................................................................ 416 
PC7. Speed Limit .................................................................................................................... 419 
PC8. Roadway Alignment ...................................................................................................... 421 
PC9. Roadway Grade .............................................................................................................. 423 
PC10. Roadway Surface Type—FARS Only ......................................................................... 425 
PC11. Roadway Surface Conditions ....................................................................................... 427 
PC12. Traffic Control Device ................................................................................................. 430 
PC13. Device Functioning ...................................................................................................... 436 
PC14. Driver’s Vision Obscured By ....................................................................................... 438 
PC15. Driver Maneuvered to Avoid ....................................................................................... 441 
PC16. Driver Distracted By .................................................................................................... 444 
PC17. Pre-Event Movement  (Prior to Recognition of Critical Event) .................................. 449 
PC18. Critical Event—Precrash (Category) ........................................................................... 452 
PC19. Critical Event—Precrash (Event) ................................................................................ 454 
PC20. Attempted Avoidance Maneuver ................................................................................. 466 
PC21. Pre-Impact Stability ..................................................................................................... 469 
PC22. Pre-Impact Location ..................................................................................................... 471 
PC23. Crash Type ................................................................................................................... 473 
Person Level (Motor Vehicle Occupant) Data Elements ....................................................... 500 
P3. Vehicle Number—Person Level (Motor Vehicle Occupant) ........................................... 501 
P4/NM3. Person Number ........................................................................................................ 502 
P5/NM5. Age .......................................................................................................................... 503 
P6/NM6. Sex ........................................................................................................................... 505 
P7. Person Type ...................................................................................................................... 507 
P8/NM10. Injury Severity ....................................................................................................... 509 
P9. Seating Position ................................................................................................................ 513 
P10. Restraint System Use ...................................................................................................... 518 
P11. Helmet Use ..................................................................................................................... 523 
P12. Air Bag Deployed ........................................................................................................... 526 
P13. Ejection ........................................................................................................................... 529 
P14. Ejection Path—FARS Only ............................................................................................ 531 
P15. Extrication—FARS Only ............................................................................................... 533 
P16/NM18. Police Reported Alcohol Involvement ................................................................ 534 
P17/NM19. Alcohol Test ........................................................................................................ 537 
P18/NM20. Police Reported Drug Involvement ..................................................................... 546 
P19/NM21. Drug Toxicology Results—FARS Only ............................................................. 549 
Drugs by Category Type—FARS Only .................................................................................. 564 
P20/NM22. Transported to First Medical Facility By ............................................................ 585"
CRSS,2024,person.csv,AGE,candidate_feature,occupant_person,8,"vi 
2024 FARS/CRSS Coding and Validation Manual 
P21/NM23. Died at Scene/En Route—FARS Only ............................................................... 588 
P22/NM24. Death Date—FARS Only .................................................................................... 589 
P23/NM25. Death Time—FARS Only ................................................................................... 591 
P24. Related Factors—Person (Motor Vehicle Occupant) Level ........................................... 593 
Person Level (Not a Motor Vehicle Occupant) Data Elements ............................................ 604 
NM3/P4. Person Number ........................................................................................................ 605 
NM4. Vehicle Number of Motor Vehicle Striking Non-Motorist .......................................... 606 
NM5/P5. Age .......................................................................................................................... 607 
NM6/P6. Sex ........................................................................................................................... 608 
NM7. Person Type .................................................................................................................. 609 
NM8. Non-Motorist Device Type .......................................................................................... 612 
NM9. Non-Motorist Device Motorization .............................................................................. 615 
NM10/P8. Injury Severity ....................................................................................................... 617 
NM11. Pedestrian/Bike Typing .............................................................................................. 618 
NM12. Non-Motorist Location at Time of Crash ................................................................... 619 
NM13. Non-Motorist Action/Circumstances ......................................................................... 624 
NM14. Non-Motorist Contributing Circumstances ................................................................ 627 
NM15. Non-Motorist Distracted By ....................................................................................... 632 
NM16. Non-Motorist Safety Equipment ................................................................................ 636 
NM17/D23. Condition (Impairment) at Time of Crash .......................................................... 641 
NM18/P16. Police Reported Alcohol Involvement ................................................................ 642 
NM19/P17. Alcohol Test ........................................................................................................ 643 
NM20/P18. Police Reported Drug Involvement ..................................................................... 645 
NM21/P19. Drug Toxicology Results—FARS Only ............................................................. 646 
NM22/P20. Transported to First Medical Facility By ............................................................ 650 
NM23/P21. Died at Scene/En Route—FARS Only ............................................................... 651 
NM24/P22. Death Date—FARS Only .................................................................................... 652 
NM25/P23. Death Time—FARS Only ................................................................................... 653 
NM26. Related Factors—Person (Not a Motor Vehicle Occupant) Level ............................. 654 
Supplemental Data Elements—FARS Only ........................................................................... 663 
SP1. Death Certificate Number—FARS Only ....................................................................... 664 
SP2. Fatal Injury at Work—FARS Only ................................................................................ 666 
SP3. Race/Hispanic Origin—FARS Only .............................................................................. 667 
References .................................................................................................................................. 673 
Appendix A: 2024 Coding Guides ........................................................................................... A-1 
Appendix B: 2024 Consistency Checks by Element............................................................... B-1 
Appendix C: VIN Decode Error .............................................................................................. C-1 
Appendix D: Alphabetical Listing of NCSA Make ................................................................ D-1 
Appendix E: Numerical Listing of NCSA Makes .................................................................. E-1 
Appendix F: NCSA Make / Model / Body Type Tables ......................................................... F-1 
Passenger Vehicles .................................................................................................................. F-2 
Motored Cycles .................................................................................................................... F-131"
CRSS,2024,person.csv,AGE,candidate_feature,occupant_person,19,"2024 FARS/CRSS Manual Changes Summary 
9 
2024 FARS/CRSS Coding and Validation Manual 
Element # 
Element 
Name 
New/ 
Revised 
Values 
New/ 
Revised 
Remarks 
Comments 
P15 
Extrication
—FARS 
Only 
 
X 
• Revised remarks: 
o 1 (Extricated) 
P19 
Drug 
Toxicology 
Results—
FARS Only 
X 
X 
• New attribute Subfield 3—Drug 
Testing Method 
o 27 (Liquid 
Chromatography/Quadrupole 
Time of Flight - Mass 
Spectrometry [LC/QTOF-
MS]) 
• Revised general remarks 
Subfield 4—Drug Test Result 
• New attribute  
o 2497 (Volatile[s], Type 
Unknown) 
• Revised attribute 
o 1997 (Narcotic Analgesics, 
Type Unknown 
[Opioids/Opiates]) 
• Revised remarks Subfield 5a—
Drug Quantity: 
o 98 (Tested for Drugs, Drugs 
Found, Type 
Unknown/Positive) 
• Revised general remarks 
Subfield 5c—Unit of Measure 
Person (Not a Motor Vehicle Occupant) Level Changes 
Element # 
Element 
Name 
New/ 
Revised 
Values 
New/ 
Revised 
Remarks 
Comments 
NM5/P5 
Age 
 
X 
• Revised general remarks 
NM10/P8 
Injury 
Severity 
 
X 
• Revised general remarks 
• Revised table 
NM13 
Non-
Motorist 
 
X 
• Revised remarks: 
o 04 (Jogging/Running)"
CRSS,2024,person.csv,AGE,candidate_feature,occupant_person,37,"2024 FARS/CRSS Element Definitions 
27 
2024 FARS/CRSS Coding and Validation Manual 
2024 
Element 
ID 
Element Name 
FARS, CRSS, 
Case 
Structure 
Definition 
PC20 
Attempted Avoidance 
Maneuver 
FARS, CRSS 
This element identifies movements/ 
actions taken by the driver within a 
critical crash envelope in response 
to a CRITICAL PRECRASH 
EVENT. 
PC21 
Pre-Impact Stability 
FARS, CRSS 
This element assesses the stability of 
the vehicle after the critical event 
but before the impact. 
PC22 
Pre-Impact Location 
FARS, CRSS 
This element assesses the location of 
the vehicle after the critical event 
and immediately before the First 
Harmful Event for this vehicle. 
PC23 
Crash Type 
FARS, CRSS 
This element describes the type of 
crash this in-transport vehicle was 
involved in based on the FIRST 
HARMFUL EVENT and the 
precrash circumstances. 
Person (Motor Vehicle Occupant) Level Elements 
2024 
Element 
ID 
Element Name 
FARS, CRSS, 
Case 
Structure 
Definition 
P1 
State Number 
FARS Only 
This element identifies the State in 
which the crash occurred. 
P2 
Consecutive Number 
FARS Only 
This element identifies the unique 
case number assigned by the data 
entry system. 
P3 
Vehicle Number—Person 
Level 
Case Structure 
This element identifies the vehicle 
number associated with this motor 
vehicle occupant. 
P4 
Person Number 
Case Structure 
This element identifies a number for 
the motor vehicle occupant in 
consecutive order for the vehicle 
they occupied. 
P5 
Age 
FARS, CRSS 
This element identifies the person’s 
age in years with respect to the 
person’s last birthday."
CRSS,2024,person.csv,AGE,candidate_feature,occupant_person,41,"2024 FARS/CRSS Element Definitions 
31 
2024 FARS/CRSS Coding and Validation Manual 
Person (Not a Motor Vehicle Occupant) Level Elements 
2024 
Element 
ID 
Element Name 
FARS, CRSS, 
Case 
Structure 
Definition 
NM1 
State Number 
FARS Only 
This element identifies the State in 
which the crash occurred. 
NM2 
Consecutive Number 
FARS Only 
This element identifies the unique 
case number assigned by the data 
entry system. 
NM3 
Person Number 
Case Structure 
This element identifies a number for 
people that are not in a motor 
vehicle in consecutive order. 
NM4 
Vehicle Number of Motor 
Vehicle Striking Non-
Motorist 
FARS, CRSS 
This data element captures the in-
transport vehicle that made contact 
with this non-motorist. 
NM5 
Age 
FARS, CRSS 
This element identifies the person’s 
age in years with respect to the 
person’s last birthday. 
NM6 
Sex 
FARS, CRSS 
This element identifies the sex of the 
person involved in the crash 
NM7 
Person Type 
FARS, CRSS 
This element describes the role of 
this person involved in the crash. 
NM8 
Non-Motorist Device 
Type 
FARS, CRSS 
This element describes the type of 
transport device operated by the 
non-motorist. 
NM9 
Non-Motorist Device 
Motorization 
FARS, CRSS 
This element describes the 
motorization of the device operated 
by the non-motorist. 
NM10 
Injury Severity 
FARS, CRSS 
This element describes the severity 
of the injury to this person in the 
crash. 
NM11 
Pedestrian/Bike Typing 
FARS, CRSS 
This element describes the precrash 
actions leading to crashes between 
motor vehicles and pedestrians or 
bicyclists. 
NM11 – 
PB27 
Marked Crosswalk 
Present—Pedestrian (see 
the companion Pedestrian/ 
Bicyclist Manual) 
FARS, CRSS 
This element identifies if a marked 
crosswalk was present at the crash 
site."
CRSS,2024,person.csv,AGE,candidate_feature,occupant_person,55,"200. Coding Instructions 
45 
2024 FARS/CRSS Coding and Validation Manual 
In the following situations people must be counted in Number of Person forms for a vehicle 
when structuring a case: 
1. If the vehicle is a large bus, only the driver and injured bus passengers are entered into 
the system for these vehicles, and additional Person forms will not be automatically 
created. 
2. Any driver or injured passenger of a motor vehicle in-transport. 
3. Any occupant of a motor vehicle not in-transport that is not a large bus (for bus occupants 
see number 1). 
The Created Records are editable and each of the values in the table below can be edited as 
appropriate. The standard edit checks are activated.  
Created Records Standard Set of Values 
Element Name 
Code 
Attribute 
Age 
998 
Not Reported 
Sex 
8 
Not Reported 
Person Type 
02 
Passenger of a Motor Vehicle in-
Transport 
Injury Severity 
0 
No Apparent Injury (O) 
Seating Position 
98 
Not Reported 
Restraint System Use Subfield 11, 2, 3 
98/20 
Not Reported/None Used/Not 
Applicable 
Restraint System Use Subfield 2 
7 
None Used/Not Applicable 
Helmet Use Subfield 11, 2, 3 
98/20 
Not Reported/None Used/Not 
Applicable 
Helmet Use Subfield 2 
7 
None Used/Not Applicable 
Air Bag Deployed 
98 
Not Reported 
Ejection 
7 
Not Reported 
*Ejection Path 
0 
Ejection Path Not Applicable 
*Extrication 
0 
Not Extricated or Not Applicable 
Police Reported Alcohol Involvement 
8 
Not Reported 
Alcohol Test Status 
0 
Test Not Given 
Alcohol Test Type 
00 
Test Not Given 
Alcohol Test Result 
996 
Test Not Given 
Police Reported Drug Involvement 
8 
Not Reported 
*Drug Test Status 
0 
Test Not Given 
*Drug Specimen 
00 
Test Not Given 
*Drug Testing Method 
00 
Test Not Given 
*Drug Test Result 
0000 
Test Not Given 
*Drug Quantity 
00 
Test Not Given 
Transported to First Medical Facility By 
0 
Not Transported for Treatment"
CRSS,2024,person.csv,AGE,candidate_feature,occupant_person,61,"400. Understanding and Managing Consistency Checks 
51 
2024 FARS/CRSS Coding and Validation Manual 
403. Overriding Edit Checks 
403.1 Level 2 Edit Checks 
Sometimes Level 2 edit checks need to be overridden. The edit check is there to make the 
Analyst pause and take a second look at the coding to be certain it is correct before taking the 
next step and overriding the edit check. When an edit check override is necessary, a short but 
detailed explanation is required describing why the code combination is correct.  
General notes for overriding Level 2 Edit Checks: 
• Provide enough detail to demonstrate proper coding. 
• Please do not use the override reason “Per police crash report” or similar. More detail is 
required. 
• For age, include age and/or date of birth shown on the police crash report. 
• For Blood Alcohol Concentration (BAC), include the BAC shown on the police crash 
report for CRSS, and the BAC and source document for FARS. 
• Generally, include the information used to code the data elements included in the edit 
check. 
• When applicable, indicate that the State coding rules were used. 
• Override explanations are reviewed to verify proper coding, as part of the data quality 
control efforts. 
Example: 
U170: UNLIKELY: RESTRAINT SYSTEM USE Subfield-1 Type of Restraint System in Use 
equals 01.  
Read as: It is unlikely that the RESTRAINT SYSTEM USE Subfield 1, Type of Restraint 
System in Use is equal to 01 (Shoulder Belt Only Used). 
Explanation: It is unusual for a person to only be using a shoulder belt and not also a lap belt. 
You should check your coding against your case materials to be certain. If you are certain this is 
the correct coding, you may override this edit check. 
Example Override Reason: “Person using shoulder belt but sitting on lap belt.” 
403.2 Level 1 Edit Checks 
Level 1 edit checks cannot be overridden. A Level 1 edit check is saying the combination of 
conditions is not possible. Your coding or the system must be fixed to clear the error. Review 
your case materials and coding instructions to see if you can identify any errors you made and 
make corrections accordingly. If you believe that what you have coded is correct according to 
coding instructions and the case materials you have, you should report this by submitting a 
coding help ticket through the CDAN HelpDesk. See the Coding Guide: How to Create a Coding 
Question Ticket in the CDAN Helpdesk for helpful information."
CRSS,2024,person.csv,AGE,candidate_feature,occupant_person,338,"Non-CDL License Type / Status—FARS Only 
D7 
328 
2024 FARS/CRSS Coding and Validation Manual 
Remarks 
This element is used to establish the driver’s license type and status for all license classes except 
the commercial driver’s license (CDL). It also captures the type and status of the non-CDL 
driving privilege for drivers with CDLs. 
The NON-CDL LICENSE TYPE/STATUS is coded for all drivers, including drivers with a 
CDL. 
Use the “TYPE” field to record whether the driver has a full driver’s license, intermediate 
driver’s license, learner’s permit, temporary license, or is not licensed. Use the “STATUS” field 
to record if the license is valid, suspended, revoked, expired, canceled, or denied. 
Note About Involved Drivers in the Military: 
When involved drivers are in the military, the Analyst should be cautious because some States 
automatically (without driver application) renew drivers’ licenses or extend the license until the 
individual is discharged. Each State Analyst should be familiar with their State’s policy on 
military personnel and code these license variables accordingly. In addition, when out-of-State 
driver requests are made, the Analyst requesting the data should note that the driver is in the 
military. 
0 (Not Licensed) (for both Type and Status). 0 (Not Licensed) should be used only when it 
has been reasonably established that the driver is not licensed (anywhere) and takes precedence 
over all other Non-CDL License Type/Status attributes. Drivers who have a license but fail to 
have their license with them at the time of the crash should be coded according to the type (class) 
of license they possess and the validity of the license. If the police report indicates that the driver 
has “no license,” the Analyst should first determine whether this means that the person was not 
in possession of his/her license at the time of the crash, or that the driver is not a registered motor 
vehicle operator. A review of the violations cited section of the police report may yield some 
clues in this matter. If the person is cited for not possessing his/her license or for not having one, 
then code this information in CITATIONS ISSUED. If the Analyst is uncertain as to whether or 
not the person possesses a license, then code 9 (Unknown License Type) should be used. 
Non-CDL License Type Remarks 
1 (Full Driver License) is used for unlimited driving privileges (with no GDL restrictions). This 
is based on your State’s eligibility guidelines. 
7 (Learner’s Permit) and 2 (Intermediate Driver License) are the first two stages of a tiered 
licensing process that allows young drivers to obtain full driver license privileges through safe 
driving practices. Typical restrictions include minimum age requirements, passing 
vision/knowledge tests, and supervision by an adult driver over the age of 21. Other requirements 
may include limiting the number of passengers in the vehicle, requiring occupants to wear 
seatbelts, zero alcohol tolerance, and maintaining no at-fault crashes or convictions for a period 
of time. 
Note: If 7 (Learner’s Permit) or 2 (Intermediate Driver License) has expired, code Type as 2 
(Intermediate Driver License) or 7 (Learner’s Permit) and Status as 3 (Expired)."
CRSS,2024,person.csv,AGE,candidate_feature,occupant_person,339,"Non-CDL License Type / Status—FARS Only 
D7 
329 
2024 FARS/CRSS Coding and Validation Manual 
Note: It is important that you know your State’s graduated driver license (GDL) restrictions. 
GDL program restrictions vary from State to State. 
2 (Intermediate Driver License) is the second stage of obtaining a full license privilege. It is 
typically for drivers between the ages of 16 and 17 and does not require total supervision during 
daylight hours (e.g., adult supervision during the hours of midnight to 5 a.m.). A 2 
(Intermediate Driver License) may be suspended or revoked under certain violations. Other 
conditions may include conviction-free performance, seatbelt use for occupants, and some age 
restrictions for passengers. If any restriction is violated, this GDL restriction period can be 
extended. 
Note: 2 (Intermediate Driver License) does not apply for States that do not have a GDL 
program. However, your State may have a Learner’s Permit. Also, your State may not use the 
name “Intermediate Driver License” and may call it something else. 
Note: 7 (Learner’s Permit) is the first stage of obtaining a full license privilege. It is typically 
for drivers between 14 and 16 years old and typically requires total adult supervision, seatbelt 
use for occupants, and conviction-free performance. If any restriction is violated, this GDL 
restriction period can be extended. 
8 (Temporary License) includes any type of non-permanent license issued for a period of time 
less than that for a permanent license (e.g., temporary license to drive within a resort area, 
temporary license issued to foreign nationals). Short-term permanent licenses are not temporary 
(e.g., license issued to elderly drivers requiring frequent retesting).  
7 (Learner’s Permit) and 2 (Intermediate Driver License) held by young drivers awaiting a 1 
(Full Driver’s License) are not to be coded 8 (Temporary License). 
9 (Unknown License Type) should be used when the type of the license is unknown. 9 
(Unknown License Type) is also used when it is unknown whether the driver had a license or 
not (e.g., hit-and-run). 
Non-CDL License Status Remarks 
0 (Not Licensed) should be used only when it has been reasonably established that the driver is 
not registered (anywhere). 0 (Not Licensed) takes precedence over all other Non-CDL License 
Status attributes. Drivers who have a license but fail to have their license with them at the time of 
the crash should be coded according to the type (class) of license they possess and the validity of 
the license. If the police report indicates that the driver has “no license,” the Analyst should first 
determine whether this means that the person was not in possession of his/her license at the time 
of the crash, or that the driver is not a registered motor vehicle operator. A review of the 
violations cited section of the police report may yield some clues in this matter. If the person is 
cited for not possessing his/her license or for not having one, then code this information in 
CITATIONS ISSUED. If the Analyst is uncertain as to whether or not the person possesses a 
license, then code 9 (Unknown License Status) should be used. 
1 (Suspended), 2 (Revoked), or 3 (Expired) are used if a 1 (Full Driver License)* is 
suspended, revoked, or expired. A 2 (Intermediate Driver License) may be 1 (Suspended) or 2 
(Revoked) under certain violations. If 7 (Learner’s Permit) or 2 (Intermediate Driver 
License) has expired, then code 3 (Expired)."
CRSS,2024,person.csv,AGE,candidate_feature,occupant_person,381,"Related Factors—Driver Level 
D24 
371 
2024 FARS/CRSS Coding and Validation Manual 
Examples include: 
• A “too wide” right or left turn. 
• An unsafe U-turn (from the shoulder, etc.). 
050 (Driving Wrong Way on One-Way Trafficway) is used when the case materials identify 
this driver was driving in the wrong direction on a one-way trafficway. If this is a divided 
highway, although each side is “one-way,” driving against traffic should be coded as 051 
(Driving on Wrong Side of Two-Way Trafficway [Intentional or Unintentional]). If the 
vehicle was going the wrong way on an entrance or exit ramp, also use 030 (Making Improper 
Entry to or Exit from Trafficway). 
051 (Driving on Wrong Side of Two-Way Trafficway (Intentional or Unintentional)) is used 
when the case materials identify this driver was established in and driving on the wrong side of 
the highway. “Unintentional” means they may not be aware they are on the wrong side. For 
situations where a driver unintentionally crosses the centerline, see 028 (Improper Lane Usage). 
For situations where the vehicle is on the wrong side as a result of a passing maneuver, see *033 
(Passing Where Prohibited by Posted Signs, Pavement Markings, or School Bus Displaying 
Warning Not to Pass) or *035 (Passing with Insufficient Distance, or Inadequate Visibility, 
or Failing to Yield to Overtaking Vehicle). 
Examples include: 
• Driving the wrong way/on the wrong side of a divided trafficway. 
• Driving on the wrong side of an undivided trafficway. 
• Driving the wrong way on a Rotary Intersection. 
• Driving on the left half of approaching bridge or tunnel. 
*052 (Operator Inexperience) is used when the case materials identify this driver lacks 
experience operating the vehicle they were driving at the time of the crash. Should be expressed 
by officer, driver, or passenger and not presumed based on age, rental status, or State of 
residence. 
Examples include: 
• A novice driver. 
• A driver inexperienced in the operation of a large truck or bus (based on the judgment of 
the police officer). 
• A person driving a rental car where they are unfamiliar with the vehicle. 
*053 (Unfamiliar with Roadway) is used when the case materials identify this driver is 
unfamiliar with the area/location where they were driving when the crash occurred. Should be 
expressed by officer, driver, or passenger and not presumed based on age, rental status, or State 
of residence. 
Examples include: 
• A driver from out of State unfamiliar with area. 
• A driver operating on a new stretch of road or section of road altered because of 
construction and/or detour."
CRSS,2024,person.csv,AGE,candidate_feature,occupant_person,384,"Related Factors—Driver Level 
D24 
374 
2024 FARS/CRSS Coding and Validation Manual 
097 (Transportation (i.e., maintenance workers, safety service patrol operators, etc.)) is 
used when the case materials indicate this person was working to assist with detouring traffic, 
maintaining roadway damage, or a safety service patrol operator, etc. 
100 (Using a Belt-Positioning Device or Other) is used when this driver is using a belt-
positioning device that works with a three-point harness. 
102 (Aggressive Driving) is used when the investigating officer indicates that this driver 
operated their vehicle aggressively. The officer must use the term “aggressive,” ""hostile,"" or 
similar language in describing a driver’s behavior. Aggressive driving can be indicated in the 
case materials in a data element, as a violation/citation noting “aggressive” driving, or in the 
narrative. Aggressive driving behavior occurs when someone operates their vehicle with a 
disregard for safety and endangers themselves, other drivers, or property. The investigating 
officer may note several moving violation offenses associated with this behavior. Common 
violations include speeding, tailgating, suddenly changing lanes without warning, cutting off 
other drivers, and failing to yield the right-of-way. 
103 (Road Rage) is used when the investigating officer indicates that this driver exhibited road 
rage behavior(s). The officer must use the term “road rage” in describing this driver’s behavior. 
Road rage can be indicated in the case materials in a data element, as a violation/citation noting 
“road rage,” or in the narrative. Road rage is when a driver experiences extreme aggression or 
anger intending to cause harm to others. Note that a deliberate act that results in a harmful 
event(s) is not considered an unstabilized situation and thus is not a crash. A crash must have 
both an unstabilized situation (unintended event) and a harmful event(s) that is separate from or 
beyond what was intended by the deliberate act. 
Examples of road rage driving behavior by a contact vehicle driver resulting in a motor vehicle 
traffic crash include: 
• One driver forces another driver off the roadway, and that deliberate act subsequently 
results in the two vehicles colliding and coming to rest in the roadway. Another vehicle 
not associated with the deliberate act comes upon the vehicles in the roadway and strikes 
both vehicles.  
• A driver tailgating dangerously close intentionally nudges the bumper of the vehicle in 
front, resulting in this driver losing control, crossing the median, and striking a third 
vehicle in the opposing travel lanes. 
Special Circumstances (073, 074, 089, 107) 
*073 (Driver Has Not Complied with Learner’s Permit or Intermediate Driver License 
Restrictions (GDL Restrictions)) is used when the case materials identify this driver was a 
young driver and was not in compliance with a Learner’s Permit or Intermediate Driver License 
restriction under a State’s Graduated Driver’s License (GDL) program. 
Examples include: 
• Nighttime driving restrictions (e.g., midnight until 6:00 a.m.). 
• Unsupervised driving restrictions (e.g., the driver must have a passenger over the age of 
21 to legally drive the vehicle)."
CRSS,2024,person.csv,AGE,candidate_feature,occupant_person,510,"Person Level (MV Occupant) Data Elements 
500 
2024 FARS/CRSS Coding and Validation Manual 
Person Level (Motor Vehicle Occupant) Data Elements 
P1. State Number—FARS Only 
P2. Consecutive Number—FARS Only 
P3. Vehicle Number – Person Level (MV Occupant) 
P4/NM3. Person Number 
P5/NM5. Age 
P6/NM6. Sex 
P7. Person Type 
P8/NM10. Injury Severity 
P9. Seating Position 
P10. Restraint System Use 
P11. Helmet Use 
P12. Air Bag Deployed 
P13. Ejection 
P14. Ejection Path—FARS Only 
P15. Extrication—FARS Only 
P16/NM18. Police Reported Alcohol Involvement 
P17/NM19. Alcohol Test 
P18/NM20. Police Reported Drug Involvement 
P19/NM21. Drug Toxicology Results—FARS Only 
Drugs by Category Type—FARS Only 
P20/NM22. Transported to First Medical Facility By 
P21/NM23. Died at Scene/En Route—FARS Only 
P22/NM24. Death Date—FARS Only 
P23/NM25. Death Time—FARS Only 
P24. Related Factors—Person (MV Occupant) Level"
CRSS,2024,person.csv,AGE,candidate_feature,occupant_person,513,"Age 
P5/NM5 
503 
2024 FARS/CRSS Coding and Validation Manual 
P5/NM5. Age 
Format 
3 numeric 
SAS Name 
Person.AGE 
Element Values 
Codes 
Attributes 
000 
Less than One Year 
001-120 
Actual Age* 
998 
Not Reported 
999 
Reported as Unknown 
Definition 
This element identifies the person’s age in years on the date of the crash. 
Remarks 
If the case materials do not show the age of injured or uninjured drivers or passengers and there 
is no other information about age, e.g., in the narrative/diagram, then use 998 (Not Reported). 
998 (Not Reported) Check to see if 999 (Reported as Unknown) is more appropriate for the 
situation. 
If a State’s crash report manual instructs to leave blank data blocks that are not applicable, then a 
blank in those data blocks is NOT considered “Not Reported.” 
Code 998 (Not Reported) in these two situations. 
1. No field or coding block exists on the State’s crash report to provide the information to 
code this element, AND no other information is available to code the element (e.g., 
narrative, diagram, case materials). 
2. A field or coding block exists on the State’s crash report that would provide the 
information needed to code this element, but it has been left blank, OR a code has been 
selected on the State’s crash report that does not map to any FARS/CRSS attribute, AND 
no other information is available to code the element (e.g., narrative, diagram, case 
materials). 
999 (Reported as Unknown) is used if the investigating officer indicates that this occupant’s 
age is unknown. 
*Values greater than 094 are unlikely occurrences, and they will raise an error flag."
CRSS,2024,person.csv,AGE,candidate_feature,occupant_person,514,"Age 
P5/NM5 
504 
2024 FARS/CRSS Coding and Validation Manual 
*Values greater than 120 are not permitted. 
FARS SPECIAL INSTRUCTION: 
For drivers, verify age with data on the licensing file. Licensing data takes precedence over crash 
report data. 
For Consistency Checks see Understanding and Managing Consistency Checks and Age."
CRSS,2024,person.csv,AGE,candidate_feature,occupant_person,536,"Air Bag Deployed 
P12 
526 
2024 FARS/CRSS Coding and Validation Manual 
P12. Air Bag Deployed 
Format 
2 numeric 
SAS Name 
Person.AIR_BAG 
Element Values 
Codes 
Attributes 
01 
Deployed- Front 
02 
Deployed- Side (door, seatback) 
03 
Deployed- Curtain (roof) 
07 
Deployed- Other (knee, air belt, etc.) 
08 
Deployed- Combination 
09 
Deployment- Unknown Location 
20 
Not Deployed 
98 
Not Reported 
99 
Reported as Deployment Unknown 
Definition 
This element is used to record air bag deployment for this person as reported in the case 
materials. 
Remarks 
Code this element regardless of the motor vehicle’s NCSA BODY TYPE or the age of the motor 
vehicle. When an air bag deployment is reported somewhere in the vehicle and the narrative or 
other case materials do not specify/clarify a seating position or occupant associated with the 
deployment, then code 98 (Not Reported) is applied. 
Air Bag(s) Deployed for This Seat Position 
01 (Deployed- Front), 02 (Deployed- Side), 03 (Deployed- Curtain), 07 (Deployed- Other), 
08 (Deployed- Combination), and 09 (Deployment- Unknown Location) are used only if you 
have indication in the available information that an air bag deployed for this occupant’s seat 
position (not for others in the vehicle). There may be multiple air bags available for this 
occupant’s seat position. 
01 (Deployed- Front), 02 (Deployed- Side), 03 (Deployed- Curtain), and 07 (Deployed- 
Other) are used if case materials indicate that an air bag deployed for this person from only one 
of these locations."
CRSS,2024,person.csv,AGE,candidate_feature,occupant_person,609,"Related Factors—Person (Motor Vehicle Occupant) Level 
P24 
599 
2024 FARS/CRSS Coding and Validation Manual 
hand. This may only be used on the Person Form for the occupant that is PERSON TYPE 03 
(Occupant of a Motor Vehicle Not In-Transport) and in SEATING POSITION 11 (Front 
Seat, Left Side) in a working motor vehicle (UNIT TYPE 4). 
*044 (Driving Too Fast for Conditions or In Excess of Posted Maximum) is used when the 
case materials identify this occupant was operating the vehicle too fast for certain road 
conditions or exceeding the posted speed limit. This may only be used on the Person Form for 
the occupant that is PERSON TYPE 03 (Occupant of a Motor Vehicle Not In-Transport) and 
in SEATING POSITION 11 (Front Seat, Left Side) in a working motor vehicle (UNIT TYPE 
4). 
*045 (Driving Less Than Posted Minimum) is used when the case materials identify this 
occupant was driving too slowly, or so as to impede traffic. This may only be used on the Person 
Form for the occupant that is PERSON TYPE 03 (Occupant of a Motor Vehicle Not In-
Transport) and in SEATING POSITION 11 (Front Seat, Left Side) in a working motor vehicle 
(UNIT TYPE 4). 
*047 (Making Right Turn from Left-Turn Lane, Left Turn from Right-Turn Lane) is used 
when the case materials identify this occupant was making an improper turn from a turn lane. To 
distinguish from 028 (Improper Lane Usage), police officer must indicate the occupant’s 
intention to turn to use this attribute. This may only be used on the Person Form for the occupant 
that is PERSON TYPE 03 (Occupant of a Motor Vehicle Not In-Transport) and in SEATING 
POSITION 11 (Front Seat, Left Side) in a working motor vehicle (UNIT TYPE 4). 
*051 (Operator Inexperience) is used when the case materials identify this occupant lacks 
experience operating the vehicle they were in at the time of the crash. Should be expressed by 
officer, operator, or passenger and not presumed based on age, rental status, or State of 
residence. This may only be used on the Person Form for the occupant that is PERSON TYPE 03 
(Occupant of a Motor Vehicle Not In-Transport) and in SEATING POSITION  
11 (Front Seat, Left Side) in a working motor vehicle (UNIT TYPE 4). 
Examples include: 
• A novice operator. 
• The operator parks the vehicle where parking is illegal because they are inexperienced. 
*052 (Unfamiliar with Roadway) is used when the case materials identify this occupant is 
unfamiliar with the area/location where they were when the crash occurred. Should be expressed 
by officer, operator, or passenger and not presumed based on age, rental status, or State of 
residence. This may only be used on the Person Form for the occupant that is PERSON TYPE 03 
(Occupant of a Motor Vehicle Not In-Transport) and in SEATING POSITION 11 (Front 
Seat, Left Side) in a working motor vehicle (UNIT TYPE 4). 
Examples include: 
• An operator from out of State is unfamiliar with area. 
• Operating on a new stretch of road or section of road altered because of construction 
and/or detour. 
• The operator parks the vehicle where parking is illegal because they are unfamiliar with 
the location."
CRSS,2024,person.csv,AGE,candidate_feature,occupant_person,614,"Person Level (Not a MV Occupant) Data Elements 
 
604 
2024 FARS/CRSS Coding and Validation Manual 
Person Level (Not a Motor Vehicle Occupant) Data Elements 
NM1 – State Number—FARS Only 
NM2 – Consecutive Number—FARS Only 
NM3/P4 – Person Number 
NM4 – Vehicle Number of Motor Vehicle Striking Non-Motorist 
NM5/P5 – Age 
NM6/P6 – Sex 
NM7 – Person Type 
NM8 – Non-Motorist Device Type 
NM9 – Non-Motorist Device Motorization 
NM10/P8 – Injury Severity 
NM11 – Pedestrian/Bike Typing 
NM12 – Non-Motorist Location at Time of Crash 
NM13 – Non-Motorist Action/Circumstances 
NM14 – Non-Motorist Contributing Circumstances 
NM15 – Non-Motorist Distracted By 
NM16 – Non-Motorist Safety Equipment 
NM17/D23 – Condition (Impairment) at Time of Crash 
NM18/P16 – Police Reported Alcohol Involvement 
NM19/P17 – Alcohol Test 
NM20/P18 – Police Reported Drug Involvement 
NM21/P19 – Drug Toxicology Results—FARS Only 
NM22/P20 – Transported to First Medical Facility By 
NM23/P21 – Died at Scene / En Route—FARS Only 
NM24/P22 – Death Date—FARS Only 
NM25/P23 – Death Time—FARS Only 
NM26 – Related Factors—Person (Not a Motor Vehicle Occupant) Level"
CRSS,2024,person.csv,AGE,candidate_feature,occupant_person,617,"Age 
NM5/P5 
607 
2024 FARS/CRSS Coding and Validation Manual 
NM5/P5. Age 
Format 
3 numeric 
SAS Name 
Person.AGE 
Element Values 
Codes 
Attributes 
-- 
Blank 
000 
Less than One Year 
001-120 
Actual Age* 
998 
Not Reported 
999 
Reported as Unknown 
Definition 
This element identifies the person’s age in years on the date of the crash. 
Remarks 
This element’s values and remarks are identical to the Person (MV Occupant) Level element 
AGE. Please see AGE for remarks. 
FARS SPECIAL INSTRUCTION: 
For drivers, verify age with data on Licensing File. Licensing data takes precedence over 
crash report data. 
For Consistency Checks see Understanding and Managing Consistency Checks and Age."
CRSS,2024,person.csv,AGE,candidate_feature,occupant_person,668,"Related Factors—Person (Not a Motor Vehicle Occupant) Level 
NM26 
658 
2024 FARS/CRSS Coding and Validation Manual 
*042 (Failure to Signal Intentions) is used when the case materials identify this non-motorist 
failed to signal their intentions as required. This attribute includes a failure to signal by either 
lamp turn signal or hand. 
*051 (Operator Inexperience) is used when the case materials identify this non-motorist’s 
(horseback rider, skate boarder, bicyclist without training wheels, etc.) lack of experience 
contributed to their involvement. Should be expressed by officer and not presumed based on age. 
*052 (Unfamiliar with Roadway) is used when the case materials identify this non-motorist’s 
(horseback rider, skateboarder, bicyclist without training wheels, etc.) lack of familiarity with the 
area/location where the crash occurred contributed to their involvement. Should be expressed by 
officer and not presumed based on age. 
053 (Non-Motorist Previously Used a Motor Vehicle for Motion) is used when the case 
materials identify this non-motorist was known to have been using a motor vehicle in-transport 
for the purpose of motion just prior to the onset of the unstabilized situation (e.g., “skitching”). 
This person may have been connected to the motor vehicle in-transport by any means (hand 
grasp, tow rope, etc.) and could be or could have been using a non-motorist device (bicycle, 
skateboard, hoverboard, sled, etc.) while connected. It must be clear that the person was no 
longer connected at the onset of the unstabilized situation. Also see NON-MOTORIST 
CONTRIBUTING CIRCUMSTANCES code 18 (Operating in Other Erratic, Reckless, 
Careless, or Negligent Manner) to see if it applies. Unintentionally losing connection to a 
motor vehicle must not be the onset of the unstabilized situation (see SEATING POSITION 56 
[Appended to a Motor Vehicle for Motion]). 
054 (Non-Motorist Attempting to Use a Motor Vehicle for Motion) is used when the case 
materials identify this non-motorist was known to have been attempting to use a motor vehicle 
for the purpose of motion prior to the onset of the unstabilized situation (e.g., “skitching”). This 
person could have been attempting to connect to the motor vehicle in-transport by any means 
(hand grasp, tow rope, etc.) and could be or could have been using a non-motorist device 
(bicycle, skateboard, hoverboard, sled, etc.) while attempting to make connection. It must be 
clear that the non-motorist was attempting to connect and not already connected or previously 
connected at the onset of the unstabilized situation. Also see NON-MOTORIST 
CONTRIBUTING CIRCUMSTANCES code 18 (Operating in Other Erratic, Reckless, 
Careless, or Negligent Manner) to see if it applies. 
055 (Non-Motorist Attempting to Use or Previously Used a Motor Vehicle for Motion, 
Details Not Reported) is used when the case materials identify this Non-Motorist was known to 
have been either previously using or attempting to use a motor vehicle in-transport for the 
purpose of motion prior to the onset of the unstabilized situation (Code 053 or Code 054); 
however, the case materials do not provide enough information to specify one code or the other. 
It must be clear that the person was not connected to a motor vehicle in-transport at the onset of 
the unstabilized situation. (See SEATING POSITION 56 (Appended to a Motor Vehicle for 
Motion).) Also see NON-MOTORIST CONTRIBUTING CIRCUMSTANCES code 18 
(Operating in Other Erratic, Reckless, Careless, or Negligent Manner) to see if it applies. 
056 (Non-Motorist Flees Scene) is used when the case materials identify this non-motorist left 
the scene of a hit-and-run crash."
CRSS,2024,person.csv,AGE,candidate_feature,occupant_person,790,"Appendix B: 2024 Consistency Checks 
B-69 
2024 FARS/CRSS Coding and Validation Manual 
Error ID 
IF 
THEN 
D190 
HIT-AND-RUN equals 1,   
DRIVER'S ZIP CODE should not 
equal 00000. 
U070 
UNLIKELY: More than one vehicle 
with HIT-AND-RUN equal to 1. 
-- 
U340 
UNLIKELY: HIT-AND-RUN equals 
0, and SEX equals 9. 
-- 
U360 
UNLIKELY: AGE equals 999 and 
HIT-AND-RUN is not equal to 1. 
-- 
U450 
UNLIKELY: REGISTRATION 
STATE equals 91 if HIT-AND-RUN 
does not equal 1. 
-- 
U510 
UNLIKELY: VEHICLE MODEL 
YEAR equals 9998 if HIT-AND-RUN 
does not equal 1. 
-- 
U520 
UNLIKELY: RESTRAINT SYSTEM 
USE Subfield-1 Type of Restraint 
System in Use equals 98 if not a 
Created Record and HIT-AND-RUN 
does not equal 1. 
-- 
U690 
UNLIKELY: UNIT TYPE equals 2-4 
and HIT-AND-RUN equals 1. 
-- 
U730 
UNLIKELY: HELMET USE Subfield 
1-Helmet Use equals 98 if not a 
created record and HIT-AND-RUN 
does not equal 1. 
-- 
V881 
HIT-AND-RUN equals 1, 
VEHICLE TOWED should not equal 
8 or 9. 
V882 
HIT-AND-RUN equals 1, and 
PERSON TYPE equals 01, 
TRANSPORTED TO FIRST 
MEDICAL FACILITY BY should 
equal 0 for this person. 
V999 
HIT-AND-RUN equals 1 and vPIC 
MAKE equals 99998 (Not Reported), 
vPIC MODEL equals 99998 (Not 
Reported), and vPIC BODY CLASS 
equals 998 (Not Reported) or  vPIC 
MAKE equals 99999 (Unknown), 
vPIC MODEL equals 99999 
(Unknown), and vPIC BODY CLASS 
equals 999 (Unknown),  
VEHICLE TOWED should equal 5."
CRSS,2024,person.csv,AGE,candidate_feature,occupant_person,824,"Appendix B: 2024 Consistency Checks 
B-103 
2024 FARS/CRSS Coding and Validation Manual 
Error ID 
IF 
THEN 
Country), 110 (Motorcycle - 
Underbone),  113 (Off-road Vehicle - 
Motocross (Off-road short distance, 
closed track racing)), 114 (Motorcycle 
- Competition), or 125 (Motorcycle - 
Unknown Body Type), and the 
CRASH EVENTS event equals 54, 
and the corresponding AREAS OF 
IMPACT (THIS VEHICLE) equals 19 
or 20 in that row, 
8P0P 
PERSON TYPE equals 01, and AGE 
is less than 008, 
vPIC BODY CLASS must equal 4 
(Low Speed Vehicle (LSV) / 
Neighborhood Electric Vehicle 
(NEV)),  12 (Motorcycle - Scooter), 87 
(Motorcycle - Small / Minibike), 88 
(Off-road Vehicle - Go Kart), 97 (Off-
road Vehicle - Snowmobile), 069 (Off-
road Vehicle - All Terrain Vehicle 
(ATV) (Motorcycle-style)) and 105 
(Off-road Vehicle - Multipurpose Off-
Highway Utility Vehicles [MOHUV] 
or Recreational Off-Highway Vehicle 
[ROV]) , 124 (Off-road Vehicle - Golf 
Cart), 125 (Motorcycle - Unknown 
Body Type), 997 (Other), 998 (Not 
Reported), or 999 (Unknown). 
908P 
TRAILER VEHICLE 
IDENTIFICATION NUMBER (VIN) 
does not equal 0s, 7s, 8s, or 9s, 
the trailer VIN decode VPIC BODY 
CLASS must equal “Trailer” or 
“Incomplete - Trailer Chassis.” 
981P 
vPIC BODY CLASS equals 006 
(Motorcycle - Standard), 012 
(Motorcycle - Scooter), 069 (Off-road 
Vehicle - All Terrain Vehicle (ATV) 
(Motorcycle-style)), 080 (Motorcycle - 
Sport), 081 (Motorcycle - 
Touring/Sport Touring), 082 
(Motorcycle - Cruiser), 083 
(Motorcycle - Three-Wheeled 
Motorcycle [2 Rear Wheels]), 084 
(Off-Road Vehicle - Dirt Bike/Off-
Road), 085 (Motorcycle - Dual 
Sport/Adventure/Supermoto/On/Off-
road), 086 (Off-Road Vehicle - Enduro 
(Off-road long-distance racing)), 087 
HELMET USE Subfield 1 Helmet Use 
must equal 05, 16, 17, 19, 98, or 99."
CRSS,2024,person.csv,AGE,candidate_feature,occupant_person,976,"Appendix B: 2024 Consistency Checks 
B-255 
2024 FARS/CRSS Coding and Validation Manual 
Error ID 
IF 
THEN 
RELATED FACTORS-DRIVER 
LEVEL equals 019, 
7K0P 
any CITATIONS ISSUED equals 71, 
NON-CDL LICENSE STATUS must 
equal 0, 1, 2, or COMMERCIAL 
MOTOR VEHICLE LICENSE 
STATUS must equal 01, 02, 05. 
8I0P 
NON-CDL LICENSE STATUS equals 
0-4, 9, 
RELATED FACTORS-DRIVER 
LEVEL must not equal 019. 
8J0P 
NON-CDL LICENSE TYPE equals 0, 
NON-CDL LICENSE STATUS must 
equal 0. 
8J1P 
NON-CDL LICENSE STATUS equals 
0, 
NON-CDL LICENSE TYPE must 
equal 0. 
D060 
NON-CDL LICENSE STATUS equals 
1-4, 6, or COMMERCIAL MOTOR 
VEHICLE LICENSE STATUS equals 
1-8, and PERSON TYPE equals 01, 
AGE should not be less than 015. 
D100 
NON-CDL LICENSE STATUS equals 
9, 
all driver history counters PREVIOUS 
RECORDED CRASHES should equal 
99. 
D110 
NON-CDL LICENSE STATUS equals 
9, 
all driver history counters should equal 
99. 
D120 
NON-CDL LICENSE STATUS equals 
9, 
all driver history counters PREVIOUS 
DWI CONVICTIONS should equal 
99. 
D130 
NON-CDL LICENSE STATUS equals 
9, 
all driver history counters PREVIOUS 
SPEEDING CONVICTIONS should 
equal 99. 
D140 
NON-CDL LICENSE STATUS equals 
9, 
all driver history counters PREVIOUS 
OTHER MOVING VIOLATION 
CONVICTIONS should equal 99. 
D160 
NON-CDL LICENSE STATUS does 
not equal 9, or COMMERCIAL 
MOTOR VEHICLE LICENSE 
STATUS does not equal 99, 
DRIVER’S ZIP CODE should not 
equal 99998 or 99999. 
D260 
NON-CDL LICENSE STATUS equals 
9, or COMMERCIAL MOTOR 
VEHICLE LICENSE STATUS equals 
99, 
COMPLIANCE WITH LICENSE 
RESTRICTIONS should not equal 0."
CRSS,2024,person.csv,AGE,candidate_feature,occupant_person,977,"Appendix B: 2024 Consistency Checks 
B-256 
2024 FARS/CRSS Coding and Validation Manual 
Error ID 
IF 
THEN 
D340 
NON-CDL LICENSE STATUS equals 
1-4, 6, 9, or COMMERCIAL MOTOR 
VEHICLE LICENSE STATUS equals 
01-08, 99, 
LICENSE COMPLIANCE WITH 
CLASS OF VEHICLE should not 
equal 0. 
D350 
any CITATIONS ISSUED equals 71, 
NON-CDL LICENSE STATUS 
should not equal 0, 3, 6, 9. 
D380 
NON-CDL LICENSE STATUS equals 
9, 
LICENSE COMPLIANCE WITH 
CLASS OF VEHICLE should equal 1 
or 9. 
D390 
NON-CDL LICENSE STATUS equals 
0, 
LICENSE COMPLIANCE WITH 
CLASS OF VEHICLE should not 
equal 2, 3, 8, 9. 
D400 
NON-CDL LICENSE STATUS equals 
0-4, 
LICENSE COMPLIANCE WITH 
CLASS OF VEHICLE should not 
equal 3, 8, 9. 
D620 
NON-CDL LICENSE TYPE equals 7, 
AGE (for the driver) should equal 014-
016. 
D630 
NON-CDL LICENSE TYPE equals 2, 
AGE (for the driver) should equal 015-
017. 
D640 
AGE equals 014-017, and PERSON 
TYPE equals 01, 
NON-CDL LICENSE TYPE should 
equal 2, 7. 
D650 
AGE equals 018-120, and PERSON 
TYPE equals 01,  
NON-CDL LICENSE TYPE should 
equal 1. 
D680 
NON-CDL LICENSE TYPE does not 
equal 0, 9, 
NON-CDL LICENSE STATUS 
should not equal 0, 9. 
D690 
NON-CDL LICENSE TYPE equals 2, 
7, and COMPLIANCE WITH 
LICENSE RESTRICTIONS equals 2, 
RELATED FACTORS-DRIVER 
LEVEL should equal 073, 074. 
D700 
NON-CDL LICENSE TYPE equals 1, 
and COMPLIANCE WITH LICENSE 
RESTRICTIONS equals 2, 
RELATED FACTORS-DRIVER 
LEVEL should equal 074. 
D710 
DRIVER’S LICENSE STATE equals 
02, 04, 09, 15, 20, 30, 38, 
NON-CDL LICENSE TYPE should 
not equal 2. 
D730 
RELATED FACTORS-DRIVER 
LEVEL equals 073, 
COMPLIANCE WITH LICENSE 
RESTRICTIONS should equal 2, and 
NON-CDL LICENSE TYPE should 
equal 2, 7."
CRSS,2024,person.csv,AGE,candidate_feature,occupant_person,978,"Appendix B: 2024 Consistency Checks 
B-257 
2024 FARS/CRSS Coding and Validation Manual 
Commercial Motor Vehicle License Status—FARS Only 
Error ID 
IF 
THEN 
1H3F 
DRIVER PRESENCE equals 0, 9, 
NON-CDL LICENSE STATUS and 
COMMERCIAL MOTOR VEHICLE 
LICENSE STATUS must be blank. 
1I0P 
DRIVER’S LICENSE STATE equals 
99, 
NON-CDL LICENSE STATUS must 
not equal 0-4, 6, and COMMERCIAL 
MOTOR VEHICLE LICENSE 
STATUS must not 00-08. 
5I1P 
NON-CDL LICENSE STATUS for 
this person equals 9, 
COMMERCIAL MOTOR VEHICLE 
LICENSE STATUS should equal 99. 
6I0P 
NON-CDL LICENSE STATUS equals 
9, and COMMERCIAL MOTOR 
VEHICLE LICENSE STATUS equals 
00, 
COMPLIANCE WITH LICENSE 
RESTRICTIONS must not equal 1-3. 
7K0P 
any CITATIONS ISSUED equals 71, 
NON-CDL LICENSE STATUS must 
equal 0, 1, 2, or COMMERCIAL 
MOTOR VEHICLE LICENSE 
STATUS must equal 01, 02, 05. 
BN0P 
DRIVER PRESENCE equals 0, 9, 
COMMERCIAL MOTOR VEHICLE 
LICENSE STATUS must be blank. 
CC0P 
COMMERCIAL MOTOR VEHICLE 
LICENSE STATUS equals 00, 99, 
COMPLIANCE WITH CDL 
ENDORSEMENTS must not equal 1. 
D060 
NON-CDL LICENSE STATUS equals 
1-4, 6, or COMMERCIAL MOTOR 
VEHICLE LICENSE STATUS equals 
1-8, and PERSON TYPE equals 01, 
AGE should not be less than 015. 
D160 
NON-CDL LICENSE STATUS does 
not equal 9, or COMMERCIAL 
MOTOR VEHICLE LICENSE 
STATUS does not equal 99, 
DRIVER’S ZIP CODE should not 
equal 99998 or 99999. 
D260 
NON-CDL LICENSE STATUS equals 
9, or COMMERCIAL MOTOR 
VEHICLE LICENSE STATUS equals 
99, 
COMPLIANCE WITH LICENSE 
RESTRICTIONS should not equal 0. 
D270 
POWER UNIT GVWR_From and 
POWER UNIT GVWR_To equals 17-
18, or VEHICLE CONFIGURATION 
equals 21, or HM2 equals 2,  
COMMERCIAL MOTOR VEHICLE 
LICENSE STATUS should not equal 
00."
CRSS,2024,person.csv,AGE,candidate_feature,occupant_person,995,"Appendix B: 2024 Consistency Checks 
B-274 
2024 FARS/CRSS Coding and Validation Manual 
Error ID 
IF 
THEN 
1L7P 
RELATED FACTORS - DRIVER 
LEVEL equals 104, 
RELATED FACTORS - DRIVER 
LEVEL should not equal 016 for this 
driver. 
2H0F 
DRIVER PRESENCE equals 0, 9, 
RELATED FACTORS-DRIVER 
LEVEL must not equal 004, 010, 012, 
013, 015, 016, 019, 052, 053, 058, 
059, 073, 074, 077-089, 094-097, 100, 
or 102-107. 
2L0P 
Any RELATED FACTORS-DRIVER 
LEVEL equal 000, 
only that one code and no other must 
be coded. 
5L0F 
RELATED FACTORS-DRIVER 
LEVEL equals 020, 
DRIVER PRESENCE must not equal 
1, 9. 
5L0P 
any RELATED FACTORS-DRIVER 
LEVEL equals 010, 
DRIVER DISTRACTED BY must 
equal 00. 
5L1F 
RELATED FACTORS-DRIVER 
LEVEL equals 004, 010, 012, 013, 
015, 016, 019, 052, 053, 058, 059, 
073, 074, 077-088, 094-097, 100, or 
102-107, 
DRIVER PRESENCE must not equal 
0 or 9. 
5M4G 
SPECIAL USE equals 05 and 
PERSON TYPE equals 01, 
at least one RELATED FACTORS - 
DRIVER LEVEL should equal 016 or 
105. 
6K0P 
any CITATIONS ISSUED, 
RELATED FACTORS-DRIVER 
LEVEL must not equal 019. 
6K1P 
CITATIONS ISSUED equals 17, 
RELATED FACTORS - DRIVER 
LEVEL should also equal 107. 
7L0P 
Any RELATED FACTORS-DRIVER 
LEVEL can be used only once per 
driver form. 
-- 
9C6P 
UNIT TYPE equals 2-4, 
RELATED FACTORS-DRIVER 
LEVEL must equal 000. 
9L0F 
PERSON TYPE equals 01, and 
RELATED FACTORS-DRIVER 
LEVEL equals 012, 
SEX should equal 2, and AGE should 
be greater than 012. 
9L0P 
any RELATED FACTORS-DRIVER 
LEVEL equals 010, 
ATTEMPTED AVOIDANCE 
MANEUVER must equal 01. 
A080 
DRIVER PRESENCE equals 0, and 
FIRST HARMFUL EVENT equals 12, 
one RELATED FACTORS-DRIVER 
LEVEL should equal 020 or 054."
CRSS,2024,person.csv,AGE,candidate_feature,occupant_person,1037,"Appendix B: 2024 Consistency Checks 
B-316 
2024 FARS/CRSS Coding and Validation Manual 
Person Level (Motor Vehicle Occupant) 
Vehicle Number – Person Level (MV Occupant) 
Error ID 
IF 
THEN 
CSI5 
VEHICLE NUMBER at the Person 
Level is greater than 000, 
VEHICLE NUMBER at the Person 
Level must equal a VEHICLE 
NUMBER at the Vehicle Level. 
Person Number 
Error ID 
Error Message 
CSI6 
For each VEHICLE NUMBER, PERSON NUMBERS must be consecutive, 
beginning with 001 and with no gaps. 
Age 
Error ID 
IF 
THEN 
2S4P 
AGE equals 000-004 and 
RESTRAINT SYSTEM USE Subfield 
1-Type of Restraint System in Use 
does not equal 04, 10, 11, 12, 20, 98, 
or 99, 
RESTRAINT SYSTEM USE Subfield 
2 - Indication of Restraint System 
Misuse must equal 1. 
2S5P 
AGE equals 005-007 and 
RESTRAINT SYSTEM USE Subfield 
1-Type of Restraint System in Use 
does not equal 04, 10, 12, 20, 98, or 
99, 
RESTRAINT SYSTEM USE Subfield 
2 - Indication of Restraint System 
Misuse must equal 1. 
7P0F 
PERSON TYPE equals 01, 
AGE must not be less than 002. 
8P0P 
PERSON TYPE equals 01, and AGE 
is less than 008, 
vPIC BODY CLASS must equal 4 
(Low Speed Vehicle (LSV) / 
Neighborhood Electric Vehicle 
(NEV)),  12 (Motorcycle - Scooter), 87 
(Motorcycle - Small / Minibike), 88 
(Off-road Vehicle - Go Kart), 97 (Off-
road Vehicle - Snowmobile), 069 (Off-
road Vehicle - All Terrain Vehicle 
(ATV) (Motorcycle-style)) and 105 
(Off-road Vehicle - Multipurpose Off-
Highway Utility Vehicles [MOHUV] 
or Recreational Off-Highway Vehicle 
[ROV]) , 124 (Off-road Vehicle - Golf 
Cart), 125 (Motorcycle - Unknown"
CRSS,2024,person.csv,AGE,candidate_feature,occupant_person,1038,"Appendix B: 2024 Consistency Checks 
B-317 
2024 FARS/CRSS Coding and Validation Manual 
Error ID 
IF 
THEN 
Body Type), 997 (Other), 998 (Not 
Reported), or 999 (Unknown). 
P010 
PERSON TYPE equals 01, 
AGE should not be less than 012. 
P020 
PERSON TYPE equals 02, 03, 09, and 
RESTRAINT SYSTEM USE 
Subfield-1 Type of Restraint System in 
Use equals 04, 10-12, 
AGE should be less than 010, or equal 
to 998 or 999. 
U120 
UNLIKELY: AGE should not be 
greater than 094, unless equal to 998, 
999. 
-- 
U360 
UNLIKELY: AGE equals 999 and 
HIT-AND-RUNHIT AND RUN is not 
equal to 1. 
-- 
U694 
UNLIKELY: AGE equals 0 and 
RESTRAINT SYSTEM USE 
Subfield-1 Type of Restraint System in 
Use equals 01-03, 06, 08, 20, 97, 98, 
99. 
-- 
U720 
UNLIKELY: AGE equals 0 and 
HELMET USE Subfield 1-Helmet Use 
equals 05, 16, 17, 19, 98, 99. 
-- 
Age—FARS Only 
Error ID 
IF 
THEN 
5W0P 
RELATED FACTORS-PERSON 
LEVEL equals 018, 
SEX should equal 2, and AGE should 
be greater than 012. 
9L0F 
PERSON TYPE equals 01, and 
RELATED FACTORS-DRIVER 
LEVEL equals 012, 
SEX should equal 2, and AGE should 
be greater than 012. 
D060 
NON-CDL LICENSE STATUS equals 
1-4, 6, or COMMERCIAL MOTOR 
VEHICLE LICENSE STATUS equals 
1-8, and PERSON TYPE equals 01, 
AGE should not be less than 015. 
D620 
NON-CDL LICENSE TYPE equals 7, 
AGE (for the driver) should equal 014-
016. 
D630 
NON-CDL LICENSE TYPE equals 2, 
AGE (for the driver) should equal 015-
017."
CRSS,2024,person.csv,AGE,candidate_feature,occupant_person,1039,"Appendix B: 2024 Consistency Checks 
B-318 
2024 FARS/CRSS Coding and Validation Manual 
Error ID 
IF 
THEN 
D640 
AGE equals 014-017, and PERSON 
TYPE equals 01, 
NON-CDL LICENSE TYPE should 
equal 2, 7. 
D650 
AGE equals 018-120, and PERSON 
TYPE equals 01,  
NON-CDL LICENSE TYPE should 
equal 1. 
P1A0 
AGE is less than 012, and INJURY 
SEVERITY equals 4, 
FATAL INJURY AT WORK should 
equal 0. 
Sex 
Error ID 
Error Message 
U340 
UNLIKELY: HIT-AND-RUN equals 0, and SEX equals 9. 
Sex—FARS Only 
Error ID 
IF 
THEN 
5W0P 
RELATED FACTORS-PERSON 
LEVEL equals 018, 
SEX should equal 2, and AGE should 
be greater than 012. 
9L0F 
PERSON TYPE equals 01, and 
RELATED FACTORS-DRIVER 
LEVEL equals 012, 
SEX should equal 2, and AGE should 
be greater than 012. 
Person Type 
Error ID 
IF 
THEN 
1N3F 
there is a PERSON TYPE equal to 01 
for this vehicle, 
there must not also be a PERSON 
TYPE equal to 09 for this vehicle. 
1Q0F 
PERSON TYPE equals 01, and vPIC 
BODY CLASS equals 006 
(Motorcycle - Standard), 012 
(Motorcycle - Scooter), 69 (Off-road 
Vehicle - All Terrain Vehicle (ATV) 
(Motorcycle-style)), 080 (Motorcycle - 
Sport), 081 (Motorcycle - 
Touring/Sport Touring), 082 
(Motorcycle - Cruiser), 083 
(Motorcycle - Three-Wheeled 
Motorcycle [2 Rear Wheels]), 084 
(Off-Road Vehicle - Dirt Bike/Off-
Road), 085 (Motorcycle - Dual 
Sport/Adventure/Supermoto/On/Off-
road), 086 (Off-Road Vehicle - Enduro 
SEATING POSITION must not equal 
12-56, 99."
CRSS,2024,person.csv,AGE,candidate_feature,occupant_person,1043,"Appendix B: 2024 Consistency Checks 
B-322 
2024 FARS/CRSS Coding and Validation Manual 
Error ID 
IF 
THEN 
6Q0F 
PERSON TYPE equals 02 or 03, and 
vPIC BODY CLASS equals 011 
(Truck), 066 (Truck-Tractor), 128 
(Ambulance), 129 (Street Sweeper), or 
130 (Fire Apparatus), or FINAL 
STAGE BODY CLASS equals 011 
(Truck), 066 (Truck-Tractor), 128 
(Ambulance), 129 (Street Sweeper), or 
130 (Fire Apparatus), 
SEATING POSITION should not 
equal 31-49. 
7M0F 
any RELATED FACTORS-PERSON 
(MV OCCUPANT) LEVEL equals 
026, 028, 029, 033, 037, 040-042, 044, 
045, 047, 051, 052, 057-070, 072-078, 
or 080-083, 
PERSON TYPE must equal 03, 
SEATING POSITION must equal 11, 
and UNIT TYPE must equal 4. 
7P0F 
PERSON TYPE equals 01, 
AGE must not be less than 002. 
7Q0F 
PERSON TYPE equals 09,  
SEATING POSITION must equal 19, 
98, or 99. 
7Z0F 
any SEQUENCE OF EVENTS equals 
05, 06,  
at least one occupant of this vehicle 
(PERSON TYPES 01, 02, 09) must 
have INJURY SEVERITY equal to 1-
5, or blank. 
8P0P 
PERSON TYPE equals 01, and AGE 
is less than 008, 
vPIC BODY CLASS must equal 4 
(Low Speed Vehicle (LSV) / 
Neighborhood Electric Vehicle 
(NEV)),  12 (Motorcycle - Scooter), 87 
(Motorcycle - Small / Minibike), 88 
(Off-road Vehicle - Go Kart), 97 (Off-
road Vehicle - Snowmobile), 069 (Off-
road Vehicle - All Terrain Vehicle 
(ATV) (Motorcycle-style)) and 105 
(Off-road Vehicle - Multipurpose Off-
Highway Utility Vehicles [MOHUV] 
or Recreational Off-Highway Vehicle 
[ROV]) , 124 (Off-road Vehicle - Golf 
Cart), 125 (Motorcycle - Unknown 
Body Type), 997 (Other), 998 (Not 
Reported), or 999 (Unknown). 
9A5P 
PERSON TYPE equals 03, 
UNIT TYPE must equal 2-4. 
9B7P 
UNIT TYPE equals 2-4, 
PERSON TYPE of all occupants of 
this vehicle must equal 03."
CRSS,2024,person.csv,AGE,candidate_feature,occupant_person,1044,"Appendix B: 2024 Consistency Checks 
B-323 
2024 FARS/CRSS Coding and Validation Manual 
Error ID 
IF 
THEN 
9L0F 
PERSON TYPE equals 01, and 
RELATED FACTORS-DRIVER 
LEVEL equals 012, 
SEX should equal 2, and AGE should 
be greater than 012. 
CL0P 
PERSON TYPE equals 09, 
any RELATED FACTORS-PERSON 
(MV OCCUPANT) LEVEL must not 
equal 021, 026, 028, 029, 033, 037, 
040-042, 044, 045, 047, 051, 052, 056-
070, 072-078, 080-083, 089, 104, or 
105. 
D090 
any CITATIONS ISSUED equals 11-
19, and PERSON TYPE equals 01, 03, 
POLICE REPORTED ALCOHOL 
INVOLVEMENT should equal 1, or 
POLICE REPORTED DRUG 
INVOLVEMENT should equal 1. 
FP0F 
PERSON TYPE is blank, 
case status is flawed. 
P010 
PERSON TYPE equals 01, 
AGE should not be less than 012. 
P020 
PERSON TYPE equals 02, 03, 09, and 
RESTRAINT SYSTEM USE 
Subfield-1 Type of Restraint System in 
Use equals 04, 10-12, 
AGE should be less than 010, or equal 
to 998 or 999. 
P030 
SPECIAL USE is not equal to 21 and 
PERSON TYPE equals 01, 
SEATING POSITION should not 
equal 12-19. 
P040 
PERSON TYPE equals 02, 09, 
SEATING POSITION should not 
equal 11. 
P062 
SEATING POSITION equals 56, 
PERSON TYPE must equal 02. 
P071 
PERSON TYPE equals 02, 04-07, 08, 
or 10, and INJURY SEVERITY does 
not equal 4, 
ALCOHOL TEST STATUS should 
not equal 9, ALCOHOL TEST TYPE 
should not equal 99, and ALCOHOL 
TEST RESULT should not equal 999. 
P072 
PERSON TYPE equals 02, 03, and 
INJURY SEVERITY equals 0, and 
ALCOHOL TEST RESULT equals 
996, 
POLICE REPORTED ALCOHOL 
INVOLVEMENT should equal 0, 8. 
P074 
PERSON TYPE equals 02, 04-07, 08, 
or 10, and INJURY SEVERITY does 
not equal 4, 
ALCOHOL TEST STATUS must not 
equal 8, ALCOHOL TEST TYPE 
must not equal 95, and ALCOHOL 
TEST RESULT must not equal 995. 
VP94 
vPIC BODY CLASS equals 128 
(Ambulance), or FINAL STAGE 
BODY CLASS equals 128 
RELATED FACTORS – DRIVER 
LEVEL should equal 094."
CRSS,2024,person.csv,AGE,candidate_feature,occupant_person,1045,"Appendix B: 2024 Consistency Checks 
B-324 
2024 FARS/CRSS Coding and Validation Manual 
Error ID 
IF 
THEN 
(Ambulance), and PERSON TYPE is 
equal to 01, 
VP95 
vPIC BODY CLASS equals 130 (Fire 
Apparatus), or FINAL STAGE BODY 
CLASS equals 130 (Fire Apparatus), 
and PERSON TYPE is equal to 01, 
RELATED FACTORS – DRIVER 
LEVEL should equal 095. 
VP98 
vPIC BODY CLASS equals 128 
(Ambulance), or FINAL STAGE 
BODY CLASS equals 128 
(Ambulance), and PERSON TYPE is 
equal to 02, 03, or 09, 
RELATED FACTORS – PERSON 
(MV OCCUPANT) LEVEL should 
equal 092 or 094. 
VP99 
vPIC BODY CLASS equals 130 (Fire 
Apparatus), or FINAL STAGE BODY 
CLASS equals 130 (Fire Apparatus), 
and PERSON TYPE is equal to 02, 03, 
or 09, 
RELATED FACTORS – PERSON 
(MV OCCUPANT) LEVEL should 
equal 095. 
Person Type—FARS Only 
Error ID 
IF 
THEN 
7M1F 
PERSON TYPE equals 03, and 
SEATING POSITION is not equal to 
11 or 13, and INJURY SEVERITY 
does not equal 4, 
DRUG TEST STATUS must not equal 
8, and any DRUG SPECIMEN must 
not equal 96, and any DRUG 
TESTING METHOD must not equal 
96, and any DRUG TEST RESULT 
must not equal 9995, and any DRUG 
QUANTITY must not equal 96. 
D060 
NON-CDL LICENSE STATUS equals 
1-4, 6, or COMMERCIAL MOTOR 
VEHICLE LICENSE STATUS equals 
1-8, and PERSON TYPE equals 01, 
AGE should not be less than 015. 
D640 
AGE equals 014-017, and PERSON 
TYPE equals 01, 
NON-CDL LICENSE TYPE should 
equal 2, 7. 
D650 
AGE equals 018-120, and PERSON 
TYPE equals 01,  
NON-CDL LICENSE TYPE should 
equal 1. 
D733 
at least one RELATED FACTORS - 
DRIVER LEVEL equals 060 and 
PERSON TYPE equals 01, 
ALCOHOL TEST RESULT should 
equal 995 or at least one DRUG TEST 
RESULT should equal 9995."
CRSS,2024,person.csv,AGE,candidate_feature,occupant_person,1050,"Appendix B: 2024 Consistency Checks 
B-329 
2024 FARS/CRSS Coding and Validation Manual 
Error ID 
IF 
THEN 
011 (Truck), 016 (Bus),  068 (Streetcar 
/ Trolley), 73 (Bus-School Bus), 066 
(Truck-Tractor), 095 (Cargo Van), 111 
(Step Van / Walk-in Van), 117 
(Limousine), 128 (Ambulance), 129 
(Street Sweeper), or 130 (Fire 
Apparatus), and POWER UNIT 
GVWR_from and GVWR_to equals 
13, 14, 15, 16, 17, or 18, and PERSON 
TYPE equals 01 or 03, and INJURY 
SEVERITY equals 4, 
P1A0 
AGE is less than 012, and INJURY 
SEVERITY equals 4, 
FATAL INJURY AT WORK should 
equal 0. 
P53P 
INJURY SEVERITY equals 0-3, 5, 6, 
DIED AT SCENE/EN ROUTE must 
equal 0. 
 
Seating Position 
Error ID 
IF 
THEN 
1Q0F 
PERSON TYPE equals 01, and vPIC 
BODY CLASS equals 006 
(Motorcycle - Standard), 012 
(Motorcycle - Scooter), 69 (Off-road 
Vehicle - All Terrain Vehicle (ATV) 
(Motorcycle-style)), 080 (Motorcycle - 
Sport), 081 (Motorcycle - 
Touring/Sport Touring), 082 
(Motorcycle - Cruiser), 083 
(Motorcycle - Three-Wheeled 
Motorcycle [2 Rear Wheels]), 084 
(Off-Road Vehicle - Dirt Bike/Off-
Road), 085 (Motorcycle - Dual 
Sport/Adventure/Supermoto/On/Off-
road), 086 (Off-Road Vehicle - Enduro 
(Off-road long-distance racing)), 087 
(Motorcycle - Small/Minibike), 090 
(Motorcycle - Side Car), 094 
(Motorcycle - Custom), 098 
(Motorcycle - Street), 104 (Moped), 
109 (Motorcycle - Cross Country), 110 
(Motorcycle - Underbone), 113 (Off-
road Vehicle - Motorcross (Off-road 
short distance, closed track racing)), 
SEATING POSITION must not equal 
12-56, 99."
CRSS,2024,person.csv,AGE,candidate_feature,occupant_person,1057,"Appendix B: 2024 Consistency Checks 
B-336 
2024 FARS/CRSS Coding and Validation Manual 
Error ID 
IF 
THEN 
Motorcross (Off-road short distance, 
closed track racing)), 114 (Motorcycle 
- Competition), or 125 (Motorcycle - 
Unknown Body Type). 
2R1P 
RESTRAINT SYSTEM USE Subfield 
2 Indication of Restraint System 
Misuse equals 1, 
RESTRAINT SYSTEM USE Subfield 
1 Type of Restraint System in Use 
must equal 01-04, 06, 08, 10-12, or 97. 
2R3P 
RESTRAINT SYSTEM USE Subfield 
1-Type of Restraint System in Use 
equals 01-04, 06, 08, 10-12, or 97; 
RESTRAINT SYSTEM USE Subfield 
2 - Indication of Restraint System 
Misuse must equal 0 or 1. 
2S3P 
RESTRAINT SYSTEM USE Subfield 
1-Type of Restraint System in Use 
equals 20, 98, or 99, 
RESTRAINT SYSTEM USE Subfield 
2 - Indication of Restraint System 
Misuse must equal 7. 
2S4P 
AGE equals 000-004 and 
RESTRAINT SYSTEM USE Subfield 
1-Type of Restraint System in Use 
does not equal 04, 10, 11, 12, 20, 98, 
or 99, 
RESTRAINT SYSTEM USE Subfield 
2 - Indication of Restraint System 
Misuse must equal 1. 
2S5P 
AGE equals 005-007 and 
RESTRAINT SYSTEM USE Subfield 
1-Type of Restraint System in Use 
does not equal 04, 10, 12, 20, 98, or 
99, 
RESTRAINT SYSTEM USE Subfield 
2 - Indication of Restraint System 
Misuse must equal 1. 
3M0F 
PERSON TYPE equals 01, 
RESTRAINT SYSTEM USE Subfield 
1 Type of Restraint System in Use 
must not equal 04, 10-12. 
D570 
any CITATIONS ISSUED equals 83, 
not all occupants of this vehicle should 
have RESTRAINT SYSTEM USE 
Subfield-1 Type of Restraint System in 
Use equal to 01-06, 08, 10-12. 
P01F 
RESTRAINT SYSTEM USE 
Subfield-1 Type of Restraint System in 
Use equals 01-06, 08, or 10-12, 
EJECTION should equal 0 or 7. 
P020 
PERSON TYPE equals 02, 03, 09, and 
RESTRAINT SYSTEM USE 
Subfield-1 Type of Restraint System in 
Use equals 04, 10-12, 
AGE should be less than 010, or equal 
to 998 or 999. 
P050 
EJECTION equals 1, 
RESTRAINT SYSTEM USE 
Subfield-1 Type of Restraint System in 
Use should not equal 01-06, 08, 10-12."
CRSS,2024,person.csv,AGE,candidate_feature,occupant_person,1058,"Appendix B: 2024 Consistency Checks 
B-337 
2024 FARS/CRSS Coding and Validation Manual 
Error ID 
IF 
THEN 
P060 
SEATING POSITION equals 18, 28, 
38, 48, 50-54, 
RESTRAINT SYSTEM USE 
Subfield-1 Type of Restraint System in 
Use should not equal 01, 03. 
P061 
SEATING POSITION equals 55 or 56,  RESTRAINT SYSTEM USE 
Subfield-1 Type of Restraint System in 
Use must equal 20. 
P340 
SEATING POSITION equals 50, 52-
54, 
RESTRAINT SYSTEM USE Subfield 
1 Type of Restraint System in Use 
should equal 20. 
U170 
UNLIKELY: RESTRAINT SYSTEM 
USE Subfield-1 Type of Restraint 
System in Use equals 01. 
-- 
U520 
UNLIKELY: RESTRAINT SYSTEM 
USE Subfield-1 Type of Restraint 
System in Use equals 98 if not a 
created record and HIT-AND-RUN 
does not equal 1. 
-- 
U694 
UNLIKELY: AGE equals 0 and 
RESTRAINT SYSTEM USE 
Subfield-1 Type of Restraint System in 
Use equals 01-03, 06, 08, 20, 97, 98, 
99. 
-- 
V951 
vPIC BODY CLASS equals 006 
(Motorcycle - Standard), 012 
(Motorcycle - Scooter), 069 (Off-road 
Vehicle - All Terrain Vehicle (ATV) 
(Motorcycle-style)), 080 (Motorcycle - 
Sport), 081 (Motorcycle - 
Touring/Sport Touring), 082 
(Motorcycle - Cruiser), 083 
(Motorcycle - Three-Wheeled 
Motorcycle [2 Rear Wheels]), 084 
(Off-Road Vehicle - Dirt Bike/Off-
Road), 085 (Motorcycle - Dual 
Sport/Adventure/Supermoto/On/Off-
road), 086 (Off-Road Vehicle - Enduro 
(Off-road long-distance racing)), 087 
(Motorcycle - Small/Minibike), 090 
(Motorcycle - Side Car), 094 
(Motorcycle - Custom), 097 (Off-road 
Vehicle - Snowmobile), 098 
(Motorcycle - Street), 104 (Motorcycle 
RESTRAINT SYSTEM USE Subfield 
1-Type of Restraint System in Use 
must equal 20 and Subfield 2 - 
Indication of Restraint System Misuse 
must equal 7."
CRSS,2024,person.csv,AGE,candidate_feature,occupant_person,1061,"Appendix B: 2024 Consistency Checks 
B-340 
2024 FARS/CRSS Coding and Validation Manual 
Error ID 
IF 
THEN 
Unknown Enclosure or Autocycle, 
Unknown Enclosure), 
U720 
UNLIKELY: AGE equals 0 and 
HELMET USE Subfield 1-Helmet Use 
equals 05, 16, 17, 19, 98, 99. 
-- 
U730 
UNLIKELY: HELMET USE Subfield 
1-Helmet Use equals 98 if not a 
Created Record and HIT-AND-RUN 
does not equal 1. 
-- 
V050 
HELMET USE Subfield 1-Helmet Use 
equals 05, 16, 17, 19, or 99, 
vPIC BODY CLASS must equal 006 
(Motorcycle - Standard), 012 
(Motorcycle - Scooter), 069 (Off-road 
Vehicle - All Terrain Vehicle (ATV) 
(Motorcycle-style)), 080 (Motorcycle - 
Sport), 081 (Motorcycle - 
Touring/Sport Touring), 082 
(Motorcycle - Cruiser), 083 
(Motorcycle - Three-Wheeled 
Motorcycle [2 Rear Wheels]), 084 
(Off-Road Vehicle - Dirt Bike/Off-
Road), 085 (Motorcycle - Dual 
Sport/Adventure/Supermoto/On/Off-
road), 086 (Off-Road Vehicle - Enduro 
(Off-road long-distance racing)), 087 
(Motorcycle - Small/Minibike), 088 
(Off-road Vehicle - Go Kart), 090 
(Motorcycle - Side Car), 094 
(Motorcycle - Custom), 097 (Off-road 
Vehicle - Snowmobile), 098 
(Motorcycle - Street), 100 (Motorcycle 
- Enclosed Three Wheeled or Enclosed 
Autocycle [1 Rear Wheel]), 103 
(Motorcycle - Unenclosed Three 
Wheeled or Open Autocycle [1 Rear 
Wheel]), 104 (Moped), 105 (Off-road 
Vehicle - Multipurpose Off-Highway 
Utility Vehicles [MOHUV] or 
Recreational Off-Highway Vehicle 
[ROV]), 109 (Motorcycle - Cross 
Country), 110 (Motorcycle - 
Underbone), 113 (Off-road Vehicle - 
Motorcross (Off-road short distance, 
closed track racing)), 114 (Motorcycle 
- Competition), 125 (Motorcycle -"
CRSS,2024,person.csv,AGE,candidate_feature,occupant_person,1078,"Appendix B: 2024 Consistency Checks 
B-357 
2024 FARS/CRSS Coding and Validation Manual 
Error ID 
IF 
THEN 
A65F 
FIRST HARMFUL EVENT equals 14, 
and RELATED FACTORS - PERSON 
(MV OCCUPANT) LEVEL equals 
032 or 089 for an occupant of the 
parked vehicle involved in the first 
harmful event, 
CRASH TYPE should equal 15, 92 or 
98 for the in-transport vehicle involved 
in the First Harmful Event. 
A66F 
FIRST HARMFUL EVENT equals 14, 
and CRASH TYPE equals 01-10 or 
14, 
RELATED FACTORS - PERSON 
(MV OCCUPANT) LEVEL must not 
equal 032 or 089 for any occupant of 
the parked vehicle involved in the 
FIRST HARMFUL EVENT. 
CL0P 
PERSON TYPE equals 09, 
any RELATED FACTORS-PERSON 
(MV OCCUPANT) LEVEL must not 
equal 021, 026, 028, 029, 033, 037, 
040-042, 044, 045, 047, 051, 052, 056-
070, 072-078, 080-083, 089, 104, or 
105. 
VP98 
vPIC BODY CLASS equals 128 
(Ambulance), or FINAL STAGE 
BODY CLASS equals 128 
(Ambulance), and PERSON TYPE is 
equal to 02, 03, or 09, 
RELATED FACTORS – PERSON 
(MV OCCUPANT) LEVEL should 
equal 092 or 094. 
VP99 
vPIC BODY CLASS equals 130 (Fire 
Apparatus), or FINAL STAGE BODY 
CLASS equals 130 (Fire Apparatus), 
and PERSON TYPE is equal to 02, 03, 
or 09, 
RELATED FACTORS – PERSON 
(MV OCCUPANT) LEVEL should 
equal 095. 
Related Factors—Person (MV Occupant) Level—FARS Only 
Error ID 
IF 
THEN 
5W0P 
RELATED FACTORS-PERSON 
LEVEL equals 018, 
SEX should equal 2, and AGE should 
be greater than 012."
CRSS,2024,person.csv,AGE,candidate_feature,occupant_person,1084,"Appendix B: 2024 Consistency Checks 
B-363 
2024 FARS/CRSS Coding and Validation Manual 
Error ID 
IF 
THEN 
PBA1 
PEDESTRIAN/ BIKE TYPING - 
CRASH TYPE - BICYCLE equals 
112, 151, 213, 214, 217, or 218, and 
VEHICLE NUMBER - VEHICLE 
LEVEL equals VEHICLE NUMBER 
OF MOTOR VEHICLE STRIKING 
NON-MOTORIST, 
PRE-EVENT MOVEMENT (PRIOR 
TO RECOGNITION OF CRITICAL 
EVENT) should equal 10. 
Age 
Error ID 
Error Message 
U120 
UNLIKELY: AGE should not be greater than 094, unless equal to 998, 999. 
U360 
UNLIKELY: AGE equals 999 and HIT-AND-RUN is not equal to 1. 
U695 
Unlikely AGE equals 0 for a person not in a motor vehicle and [SEX equals 2 
and AGE equals 5-72 for at least one other person not in a motor vehicle]. 
 
Age—FARS Only 
Error ID 
IF 
THEN 
5W0P 
RELATED FACTORS-PERSON 
LEVEL equals 018, 
SEX should equal 2, and AGE should 
be greater than 012. 
P1A0 
AGE is less than 012, and INJURY 
SEVERITY equals 4, 
FATAL INJURY AT WORK should 
equal 0. 
Sex 
Error ID 
Error Message 
U340 
UNLIKELY: HIT-AND-RUN equals 0, and SEX equals 9. 
U695 
Unlikely AGE equals 0 for a person not in a motor vehicle and [SEX equals 2 
and AGE equals 5-72 for at least one other person not in a motor vehicle]. 
Sex—FARS Only 
Error ID 
IF 
THEN 
5W0P 
RELATED FACTORS-PERSON 
LEVEL equals 018, 
SEX should equal 2, and AGE should 
be greater than 012."
CRSS,2024,person.csv,AGE,candidate_feature,occupant_person,1097,"Appendix B: 2024 Consistency Checks 
B-376 
2024 FARS/CRSS Coding and Validation Manual 
Error ID 
IF 
THEN 
7E3P 
INJURY SEVERITY is not equal to 4, 
RACE must equal 00 AND 
HISPANIC ORIGIN must equal 00. 
7F0P 
DEATH CERTIFICATE NUMBER is 
not blank or 0000-00-000000, 
INJURY SEVERITY must equal 4. 
7F1P 
RACE equals 00, 
INJURY SEVERITY must not equal 
4. 
7F2P 
HISPANIC ORIGIN equals 00, 
INJURY SEVERITY must not equal 
4. 
7F3P 
RACE is not equal to 00, and 
HISPANIC ORIGIN is not equal to 
00, 
INJURY SEVERITY must equal 4. 
7R0P 
FATAL INJURY AT WORK equals 0, 
1, 9, 
INJURY SEVERITY must equal 4. 
7W0P 
FATAL INJURY AT WORK equals 8, INJURY SEVERITY must not equal 
4. 
P073 
PERSON TYPE equals 02, 04-07, or 
08, 10, and INJURY SEVERITY does 
not equal 4, 
DRUG TEST STATUS should not 
equal 9 and any DRUG SPECIMEN 
should not equal 99, and any DRUG 
TEST RESULT should not equal 
9999. 
P075 
PERSON TYPE equals 02, 04-07, 08, 
10, or 19, and INJURY SEVERITY 
does not equal 4, 
DRUG TEST STATUS must not equal 
8, any DRUG SPECIMEN must not 
equal 96, and any DRUG TEST 
RESULT must not equal 9995. 
P1A0 
AGE is less than 012, and INJURY 
SEVERITY equals 4, 
FATAL INJURY AT WORK should 
equal 0. 
P53P 
INJURY SEVERITY equals 0-3, 5, 6, 
DIED AT SCENE/EN ROUTE must 
equal 0. 
Pedestrian/Bike Typing 
Error ID 
IF 
THEN 
0PB1 
PEDESTRIAN/BIKE TYPING - 
CRASH TYPE - PEDESTRIAN 
equals 741,  
at least one NON-MOTORIST 
CONTRIBUTING 
CIRCUMSTANCES must equal 11. 
0PB2 
PEDESTRIAN BIKE TYPING - 
CRASH TYPE - PEDESTRIAN 
equals 760, 
at least one NON-MOTORIST 
CONTRIBUTING 
CIRCUMSTANCES should equal 02."
CRSS,2024,person.csv,AGE,candidate_feature,occupant_person,1133,"Appendix B: 2024 Consistency Checks 
B-412 
2024 FARS/CRSS Coding and Validation Manual 
Error ID 
IF 
THEN 
4X7A 
any NON-MOTORIST 
ACTION/CIRCUMSTANCES equals 
10,  
at least one RELATED FACTORS – 
PERSON (NOT A MOTOR 
VEHICLE OCCUPANT) LEVEL 
must equal 087, 094, 095, 096, or 097 
8M0F 
PERSON TYPE equals 04, 
RELATED FACTORS-PERSON 
(NOT A MV OCCUPANT) LEVEL 
must not equal 013, 053, 054, 055, 
090, 094-097, 100, 101, or 102. 
8Q0F 
PERSON TYPE equals 08, 
RELATED FACTORS-PERSON 
(NOT A MV OCCUPANT) LEVEL 
must not equal 009, 090, or 094-097. 
9M0F 
PERSON TYPE equals 05, 
RELATED FACTORS-PERSON 
(NOT A MV OCCUPANT) LEVEL 
must not equal 013, 021, 026, 040, 
042, 051, 052, 057, 068-070, 073-083, 
or 100. 
CK0P 
PERSON TYPE equals 07, 
RELATED FACTORS-PERSON 
(NOT A MV OCCUPANT) LEVEL 
must not equal 009, 013, 069, 070, 
087, 090, 094-097, or 102. 
CM0P 
PERSON TYPE equals 19, 
RELATED FACTORS-PERSON 
(NOT A MV OCCUPANT) LEVEL 
must not equal 013, 069, 070, 090. 
Related Factors—Person (Not a Motor Vehicle Occupant) Level—FARS Only 
Error ID 
IF 
THEN 
5W0P 
RELATED FACTORS-PERSON 
(NOT A MV OCCUPANT) LEVEL 
equals 018, 
SEX should equal 2, and AGE should 
be greater than 012."
CRSS,2024,person.csv,AGE,candidate_feature,occupant_person,1134,"Appendix B: 2024 Consistency Checks 
B-413 
2024 FARS/CRSS Coding and Validation Manual 
Supplemental Data Elements 
Death Certificate Number—FARS Only 
Error ID 
IF 
THEN 
7E0P 
INJURY SEVERITY equals 4, 
DEATH CERTIFICATE NUMBER 
must NOT equal 0000-00-000000. 
7F0P 
DEATH CERTIFICATE NUMBER is 
not blank or 0000-00-000000, 
INJURY SEVERITY must equal 4. 
Fatal Injury at Work—FARS Only 
Error ID 
IF 
THEN 
7R0P 
FATAL INJURY AT WORK equals 0, 
1, 9, 
INJURY SEVERITY must equal 4. 
7W0P 
FATAL INJURY AT WORK equals 8, INJURY SEVERITY must not equal 
4. 
P130 
vPIC BODY CLASS equals 011 
(Truck), 016 (Bus), 068 (Streetcar / 
Trolley), 73 (Bus-School Bus), 066 
(Truck-Tractor), 095 (Cargo Van), 111 
(Step Van / Walk-in Van), 117 
(Limousine), 126 (Off-road Vehicle - 
Farm Equipment), 127 (Off-road 
Vehicle - Construction Equipment), 
128 (Ambulance), 129 (Street 
Sweeper), or 130 (Fire Apparatus), or 
FINAL STAGE BODY CLASS equals 
011 (Truck), 016 (Bus),  068 (Streetcar 
/ Trolley), 73 (Bus-School Bus), 066 
(Truck-Tractor), 095 (Cargo Van), 111 
(Step Van / Walk-in Van), 117 
(Limousine), 128 (Ambulance), 129 
(Street Sweeper), or 130 (Fire 
Apparatus), and POWER UNIT 
GVWR_from and GVWR_to equals 
13, 14, 15, 16, 17, or 18, and PERSON 
TYPE equals 01 or 03, and INJURY 
SEVERITY equals 4, 
FATAL INJURY AT WORK should 
equal 1. 
P1A0 
AGE is less than 012, and INJURY 
SEVERITY equals 4, 
FATAL INJURY AT WORK should 
equal 0."
CRSS,2024,person.csv,AGE,candidate_feature,occupant_person,1148,"Appendix B: 2024 Consistency Checks 
B-427 
2024 FARS/CRSS Coding and Validation Manual 
Error ID 
Error Message 
(Motorcycle - Cross Country), 110 (Motorcycle - Underbone), 113 (Off-road 
Vehicle - Motorcross (Off-road short distance, closed track racing)), 114 
(Motorcycle - Competition), or 125 (Motorcycle - Unknown Body Type). 
2R1P 
If RESTRAINT SYSTEM USE Subfield 2 Indication of Restraint System 
Misuse equals 1, then RESTRAINT SYSTEM USE Subfield 1 Type of 
Restraint System in Use must equal 01-04, 06, 08, 10-12, or 97. 
2R3P 
If RESTRAINT SYSTEM USE Subfield 1-Type of Restraint System in Use 
equals 01-04, 06, 08, 10-12, or 97; then RESTRAINT SYSTEM USE Subfield 2 
- Indication of Restraint System Misuse must equal 0 or 1. 
2S0P 
If HELMET USE Subfield 1 Helmet Use equals 05, 16, 17, 19, or 99, then AIR 
BAG DEPLOYED should equal 20, 98. 
2S1P 
If HELMET USE Subfield 1 Helmet Use equals 17, 98, or 99, then HELMET 
USE Subfield 2 Indication of Helmet Misuse must equal 7. 
2S2P 
If HELMET USE Subfield 2- Indication of Helmet Misuse equals 1, then 
HELMET USE Subfield 1 - Helmet Use must equal 05, 16, or 19. 
2S3P 
If RESTRAINT SYSTEM USE Subfield 1-Type of Restraint System in Use 
equals 20, 98, or 99, then RESTRAINT SYSTEM USE Subfield 2 - Indication 
of Restraint System Misuse must equal 7. 
2S4P 
If AGE equals 000-004 and RESTRAINT SYSTEM USE Subfield 1-Type of 
Restraint System in Use does not equal 04, 10, 11, 12, 20, 98, or 99, then 
RESTRAINT SYSTEM USE Subfield 2 - Indication of Restraint System 
Misuse must equal 1. 
2S5P 
If AGE equals 005-007and RESTRAINT SYSTEM USE Subfield 1-Type of 
Restraint System in Use does not equal 04, 10, 12, 20, 98, or 99, then 
RESTRAINT SYSTEM USE Subfield 2 - Indication of Restraint System 
Misuse must equal 1. 
2S6P 
If HELMET USE Subfield 1 Helmet Use equals 5, 16, or 19, then HELMET 
USE Subfield 2 Indication of Helmet Misuse must equal 0 or 1. 
2U0P 
If vPIC BODY CLASS equals 004 (Low Speed Vehicle (LSV)/Neighborhood 
Electric Vehicle (NEV)), 006 (Motorcycle - Standard), 012 (Motorcycle - 
Scooter), 069 (Off-road Vehicle - All Terrain Vehicle (ATV) (Motorcycle-
style)), 080 (Motorcycle - Sport), 081 (Motorcycle - Touring/Sport Touring), 
082 (Motorcycle - Cruiser), 083 (Motorcycle - Three-Wheeled Motorcycle [2 
Rear Wheels]), 084 (Off-Road Vehicle - Dirt Bike/Off-Road), 085 (Motorcycle 
- Dual Sport/Adventure/Supermoto/On/Off-road), 086 (Off-Road Vehicle - 
Enduro (Off-road long-distance racing)), 087 (Motorcycle - Small/Minibike), 
088 (Off-road Vehicle - Go Kart), 090 (Motorcycle - Side Car), 094 
(Motorcycle - Custom), 097 (Off-road Vehicle - Snowmobile), 098 (Motorcycle 
- Street), 100 (Motorcycle - Enclosed Three Wheeled or Enclosed Autocycle [1 
Rear Wheel]), 103 (Motorcycle - Unenclosed Three Wheeled or Open"
CRSS,2024,person.csv,AGE,candidate_feature,occupant_person,1169,"Appendix B: 2024 Consistency Checks 
B-448 
2024 FARS/CRSS Coding and Validation Manual 
Error ID 
Error Message 
5N0F 
If PERSON TYPE equals 02, then any RELATED FACTORS-PERSON (MV 
OCCUPANT) LEVEL must not equal 021, 026, 028, 029, 033, 037, 040-042, 
044, 045, 047, 051, 052, 057-070, 072-078, 080-083, or 089. 
5Q0F 
If PERSON TYPE equals 02, and vPIC BODY CLASS equals 016 (Bus), 068 
(Streetcar / Trolley), or 73 (Bus-School Bus), or FINAL STAGE BODY 
CLASS equals 016 (Bus), 068 (Streetcar / Trolley), or 73 (Bus-School Bus), 
then SEATING POSITION must equal 12-18, 51, 52, 54, 55, 56, 98, or 99. 
5S0P 
If vPIC BODY CLASS equals 006 (Motorcycle - Standard), 012 (Motorcycle - 
Scooter), 069 (Off-road Vehicle - All Terrain Vehicle (ATV) (Motorcycle-
style)), 080 (Motorcycle - Sport), 081 (Motorcycle - Touring/Sport Touring), 
082 (Motorcycle - Cruiser), 083 (Motorcycle - Three-Wheeled Motorcycle [2 
Rear Wheels]), 084 (Off-Road Vehicle - Dirt Bike/Off-Road), 085 (Motorcycle 
- Dual Sport/Adventure/Supermoto/On/Off-road), 086 (Off-Road Vehicle - 
Enduro (Off-road long-distance racing)), 087 (Motorcycle - Small/Minibike), 
090 (Motorcycle - Side Car), 094 (Motorcycle - Custom), 098 (Motorcycle - 
Street), 104 (Motorcycle - Moped), 109 (Motorcycle - Cross Country), 103 
(Motorcycle - Unenclosed Three Wheeled or Open Autocycle [1 Rear Wheel]), 
104 (Motorcycle - Moped), 109 (Motorcycle - Cross Country), 110 (Motorcycle 
- Underbone), 113 (Off-road Vehicle - Motorcross (Off-road short distance, 
closed track racing)), 114 (Motorcycle - Competition), 125 (Motorcycle - 
Unknown Body Type), or 131 (Motorcycle - Three Wheeled, Unknown 
Enclosure or Autocycle, Unknown Enclosure), then EXTRICATION must 
equal 0. 
5T3P 
If ALCOHOL TEST TYPE equals 07, then ALCOHOL TEST RESULT must 
equal 000, 997, or 998. 
5T7P 
If ALCOHOL TEST STATUS equals 0, then ALCOHOL TEST TYPE must 
equal 00, and ALCOHOL TEST RESULT must equal 996. 
5T8P 
If ALCOHOL TEST STATUS equals 9, then ALCOHOL TEST TYPE and 
ALCOHOL TEST RESULT must equal 999. 
5T9P 
If ALCOHOL TEST STATUS equals 2, then ALCOHOL TEST TYPE must 
equal 01-11, 98, and ALCOHOL TEST RESULT must equal 000-940, 997, 998. 
5TCP 
If ALCOHOL TEST STATUS equals 8, then ALCOHOL TEST TYPE must 
equal 95 and ALCOHOL TEST RESULT must equal 995. 
5W0P 
If RELATED FACTORS-PERSON LEVEL equals 018, then SEX should equal 
2, and AGE should be greater than 012. 
5Y0F 
If FIRST HARMFUL EVENT equals 08, 09, 15, then NUMBER OF FORMS 
SUBMITTED FOR PERSONS NOT IN MOTOR VEHICLES must not equal 
00. 
5Z0F 
If SEQUENCE OF EVENTS equals 08, then at least one person must have 
PERSON TYPE equal to 05, 10."
CRSS,2024,person.csv,AGE,candidate_feature,occupant_person,1173,"Appendix B: 2024 Consistency Checks 
B-452 
2024 FARS/CRSS Coding and Validation Manual 
Error ID 
Error Message 
7D0P 
If SPECIAL USE equals 06, then vPIC BODY CLASS should equal 009 (Van), 
095 (Cargo Van), 111 (Step Van / Walk-in Van), 128 (Ambulance), or FINAL 
STAGE BODY CLASS should equal 128 (Ambulance). 
7E0P 
If INJURY SEVERITY equals 4, then DEATH CERTIFICATE NUMBER must 
NOT equal 0000-00-000000. 
7E1P 
If INJURY SEVERITY equals 4, then RACE must not equal 00. 
7E2P 
If INJURY SEVERITY equals 4, then HISPANIC ORIGIN must not equal 00. 
7E3P 
If INJURY SEVERITY is not equal to 4, then RACE must equal 00 AND 
HISPANIC ORIGIN must equal 00. 
7F0P 
If DEATH CERTIFICATE NUMBER is not blank or 0000-00-000000, then 
INJURY SEVERITY must equal 4. 
7F1P 
If RACE equals 00, then INJURY SEVERITY must not equal 4. 
7F2P 
If HISPANIC ORIGIN equals 00, then INJURY SEVERITY must not equal 4. 
7F3P 
If RACE is not equal to 00, and HISPANIC ORIGIN is not equal to 00, then 
INJURY SEVERITY must equal 4. 
7I0P 
If COMPLIANCE WITH LICENSE RESTRICTIONS equals 1, and RELATED 
FACTORS-DRIVER LEVEL equals 019, then NON-CDL LICENSE STATUS 
must equal 6. 
7K0P 
If any CITATIONS ISSUED equals 71, then NON-CDL LICENSE STATUS 
must equal 0, 1, 2, or COMMERCIAL MOTOR VEHICLE LICENSE STATUS 
must equal 01, 02, 05. 
7K1P 
CITATIONS ISSUED code 99 must not be used more than once per driver. 
7L0P 
Any RELATED FACTORS-DRIVER LEVEL can be used only once per driver 
form. 
7M0F 
If any RELATED FACTORS-PERSON (MV OCCUPANT) LEVEL equals 
026, 028, 029, 033, 037, 040-042, 044, 045, 047, 051, 052, 057-070, 072-078, or 
080-083, then PERSON TYPE must equal 03, SEATING POSITION must 
equal 11, and UNIT TYPE must equal 4. 
7M1F 
If PERSON TYPE equals 03, and SEATING POSITION is not equal to 11 or 
13, and INJURY SEVERITY does not equal 4, then DRUG TEST STATUS 
must not equal 8, and any DRUG SPECIMEN must not equal 96, and any 
DRUG TESTING METHOD must not equal 96, and any DRUG TEST 
RESULT must not equal 9995, and any DRUG QUANTITY must not equal 96. 
7P0F 
If PERSON TYPE equals 01, then AGE must not be less than 002. 
7Q0F 
If PERSON TYPE equals 09, then SEATING POSITION must equal 19, 98, or 
99."
CRSS,2024,person.csv,AGE,candidate_feature,occupant_person,1176,"Appendix B: 2024 Consistency Checks 
B-455 
2024 FARS/CRSS Coding and Validation Manual 
Error ID 
Error Message 
(Motorcycle-style)), 080 (Motorcycle - Sport), 081 (Motorcycle - Touring / 
Sport Touring), 082 (Motorcycle - Cruiser), 083 (Motorcycle - Three-Wheeled 
Motorcycle [2 Rear Wheels]), 084 Off-road Vehicle - Dirt Bike / Off-Road), 
085 (Motorcycle - Dual Sport / Adventure / Supermoto / On/Off-road), 086 
(Off-road Vehicle - Enduro (Off-road long-distance racing)), 087 (Motorcycle - 
Small / Minibike), 090 (Motorcycle - Side Car), 094 (Motorcycle - Custom), 
097 (Off-road Vehicle - Snowmobile), 098 (Motorcycle - Street), 104 
(Motorcycle - Moped), 109 (Motorcycle - Cross Country), 110 (Motorcycle - 
Underbone),  113 (Off-road Vehicle - Motocross (Off-road short distance, 
closed track racing)), 114 (Motorcycle - Competition), or 125 (Motorcycle - 
Unknown Body Type), and the CRASH EVENTS event equals 54, and the 
corresponding AREAS OF IMPACT (THIS VEHICLE) equals 19 or 20 in that 
row, then there should be a previous event with CRASH EVENTS event equal 
to 18, 73, 91, or 98 involving that vehicle. 
8M0F 
If PERSON TYPE equals 04, then RELATED FACTORS-PERSON (NOT A 
MV OCCUPANT) LEVEL must not equal 013, 053, 054, 055, 090, 094-097, 
100, 101, or 102. 
8P0P 
If PERSON TYPE equals 01, and AGE is less than 008, then vPIC BODY 
CLASS must equal 4 (Low Speed Vehicle (LSV) / Neighborhood Electric 
Vehicle (NEV)), 12 (Motorcycle - Scooter), 87 (Motorcycle - Small / Minibike), 
88 (Off-road Vehicle - Go Kart), 97 (Off-road Vehicle - Snowmobile), 069 (Off-
road Vehicle - All Terrain Vehicle (ATV) (Motorcycle-style)) and 105 (Off-
road Vehicle - Multipurpose Off-Highway Utility Vehicles [MOHUV] or 
Recreational Off-Highway Vehicle [ROV]), 124 (Off-road Vehicle - Golf Cart), 
125 (Motorcycle - Unknown Body Type), 997 (Other), 998 (Not Reported), or 
999 (Unknown). 
8Q0F 
If PERSON TYPE equals 08, then RELATED FACTORS-PERSON (NOT A 
MV OCCUPANT) LEVEL must not equal 009, 090, or 094-097. 
8T0F 
If NON-MOTORIST SAFETY EQUIPMENT Subfield 1 Non-Motorist Helmet 
Use equals 2, then PERSON TYPE should equal 06, 07, or 08. 
8V0P 
If DEATH YEAR equals 9999, then DEATH MONTH and DEATH DAY must 
equal 99. 
8Z0F 
If any SEQUENCE OF EVENTS equals 15, then at least one PERSON (NOT A 
MV OCCUPANT) LEVEL form must have a PERSON TYPE code of 08."
CRSS,2024,person.csv,AGE,candidate_feature,occupant_person,1180,"Appendix B: 2024 Consistency Checks 
B-459 
2024 FARS/CRSS Coding and Validation Manual 
Error ID 
Error Message 
9C4P 
If UNIT TYPE equals 1, and DRIVER PRESENCE equals 0 or 9, then 
DRIVER MANEUVERED TO AVOID must only equal 95. 
9C5P 
If DRIVER MANEUVERED TO AVOID equals 95, then DRIVER 
PRESENCE must equal 0 or 9. 
9C6P 
If UNIT TYPE equals 2-4, then RELATED FACTORS-DRIVER LEVEL must 
equal 000. 
9J0P 
If LICENSE COMPLIANCE WITH CLASS OF VEHICLE equals 0-1, then 
COMPLIANCE WITH LICENSE RESTRICTIONS must not equal 1-3, 9. 
9K0P 
If HM2 equals 2, then REGISTRATION STATE must not equal 00. 
9L0F 
If PERSON TYPE equals 01, and RELATED FACTORS-DRIVER LEVEL 
equals 012, then SEX should equal 2, and AGE should be greater than 012. 
9L0P 
If any RELATED FACTORS-DRIVER LEVEL equals 010, then 
ATTEMPTED AVOIDANCE MANEUVER must equal 01.  
9M0F 
If PERSON TYPE equals 05, then RELATED FACTORS-PERSON (NOT A 
MV OCCUPANT) LEVEL must not equal 013, 021, 026, 040, 042, 051, 052, 
057, 068-070, 073-083, or 100. 
9V0P 
If DEATH MONTH equals 99, then DEATH DAY must equal 99. 
A Series 
Error ID 
Error Message 
A010 
If STATE equals 02, and LIGHT CONDITION equals 4, then CRASH TIME 
should equal 0300-1000, 9999. 
A020 
If STATE equals 02, and LIGHT CONDITION equals 5, then CRASH TIME 
should equal 1500-2359, 9999. 
A030 
If CRASH MONTH equals 05-09, then ATMOSPHERIC CONDITIONS 
should not equal 03, 04, 11, 12. 
A040 
If CRASH MONTH equals 05-09, then ROADWAY SURFACE 
CONDITIONS should not equal 03, 04, 10. 
A041 
If CRASH MONTH equals 05-09, then SEQUENCE OF EVENTS, FIRST 
HARMFUL EVENT, MOST HARMFUL EVENT should not equal 48. 
A042 
If CRASH EVENTS - SEQUENCE OF EVENTS equals 14, 17, 19-21, 23-26, 
30-35, 38-43, 46, 52, 53, 57-59, 65, or 93 for a vehicle, and AREA OF IMPACT 
does not equal 18, 19, or 20, then at least one previous CRASH EVENTS-
SEQUENCE OF EVENTS should equal 63, 64, 71, or 79 for this vehicle. 
A043 
SEQUENCE OF EVENTS for the last event in the CRASH EVENTS TABLE 
must not equal 60-69, 71, or 79."
CRSS,2024,person.csv,AGE,candidate_feature,occupant_person,1201,"Appendix B: 2024 Consistency Checks 
B-480 
2024 FARS/CRSS Coding and Validation Manual 
Error ID 
Error Message 
D040 
If DRIVER’S LICENSE STATE equals 96, 97, then PREVIOUS SPEEDING 
CONVICTIONS should equal 99. 
D050 
If DRIVER’S LICENSE STATE equals 96, 97, then PREVIOUS OTHER 
MOVING VIOLATION CONVICTIONS should equal 99. 
D060 
If NON-CDL LICENSE STATUS equals 1-4, 6, or COMMERCIAL MOTOR 
VEHICLE LICENSE STATUS equals 1-8, and PERSON TYPE equals 01, then 
AGE should not be less than 015. 
D080 
If any CITATIONS ISSUED equals 02-06, 09, 17, 31-69, 81-91, 98, then 
RELATED FACTORS-DRIVER LEVEL should not equal 000. 
D081 
If any CITATIONS ISSUED equals 02-04, 09, 17, 51, 52, 67, 81, 82, 84, 89, or 
98, then RELATED FACTORS-DRIVER LEVEL should not equal 000.  
D090 
If any CITATIONS ISSUED equals 11-19, and PERSON TYPE equals 01, 03, 
then POLICE REPORTED ALCOHOL INVOLVEMENT should equal 1, or 
POLICE-REPORTED DRUG INVOLVEMENT should equal 1. 
D100 
If NON-CDL LICENSE STATUS equals 9, then all driver history counters 
PREVIOUS RECORDED CRASHES should equal 99. 
D110 
If NON-CDL LICENSE STATUS equals 9, then all driver history counters 
should equal 99. 
D120 
If NON-CDL LICENSE STATUS equals 9, then all driver history counters 
PREVIOUS DWI CONVICTIONS should equal 99. 
D130 
If NON-CDL LICENSE STATUS equals 9, then all driver history counters 
PREVIOUS SPEEDING CONVICTIONS should equal 99. 
D140 
If NON-CDL LICENSE STATUS equals 9, then all driver history counters 
PREVIOUS OTHER MOVING VIOLATION CONVICTIONS should equal 
99. 
D150 
If the sum of all counters less than 98 is greater than five but less than fifteen, 
then DATE OF MOST RECENT CRASH, SUSPENSION, CONVICTION 
should not equal DATE OF OLDEST CRASH, SUSPENSION, CONVICTION. 
D160 
If NON-CDL LICENSE STATUS does not equal 9, or COMMERCIAL 
MOTOR VEHICLE LICENSE STATUS does not equal 99, then DRIVER’S 
ZIP CODE should not equal 99998 or 99999. 
D170 
If DRIVER’S LICENSE STATE does not equal 93-99, Then DRIVER’S ZIP 
CODE should not equal 99998 or 99999. 
D180 
If DRIVER LICENSE STATE equals 95-97, then DRIVER ZIP CODE should 
equal 00000. 
D190 
If HIT-AND-RUN equals 1, then DRIVER'S ZIP CODE should not equal 
00000."
CRSS,2024,person.csv,AGE,candidate_feature,occupant_person,1204,"Appendix B: 2024 Consistency Checks 
B-483 
2024 FARS/CRSS Coding and Validation Manual 
Error ID 
Error Message 
D5A0 
If any CITATIONS ISSUED equals 21-25, 29, then SPEEDING RELATED 
must equal 2-5. 
D5B0 
If any CITATIONS ISSUED equal 11-13, 17-19, then at least one 
CONDITION (IMPAIRMENT) AT TIME OF CRASH should equal 09. 
D5E0 
If any CITATIONS ISSUED equal 00 or 97, then only that one code and no 
other must be coded for this driver. 
D600 
If DRIVER HEIGHT/INCHES is greater than 11, then DRIVER 
HEIGHT/INCHES should not be less than 48. 
D610 
If DRIVER HEIGHT/FEET is not blank and not equal to 0, then DRIVER 
HEIGHT/FEET should not be less than 3. 
D620 
If NON-CDL LICENSE TYPE equals 7, then AGE (for the driver) should equal 
014-016. 
D630 
If NON-CDL LICENSE TYPE equals 2, then AGE (for the driver) should equal 
015-017. 
D640 
If AGE equals 014-017, and PERSON TYPE equals 01, then NON-CDL 
LICENSE TYPE should equal 2, 7. 
D650 
If AGE equals 018-120, and PERSON TYPE equals 01, then NON-CDL 
LICENSE TYPE should equal 1. 
D660 
If any CITATIONS ISSUED equals 55, then SCHOOL BUS RELATED must 
equal 1. 
D680 
If NON-CDL LICENSE TYPE does not equal 0, 9, then NON-CDL LICENSE 
STATUS should not equal 0, 9. 
D690 
If NON-CDL LICENSE TYPE equals 2, 7, and COMPLIANCE WITH 
LICENSE RESTRICTIONS equals 2, then RELATED FACTORS-DRIVER 
LEVEL should equal 073, 074. 
D700 
If NON-CDL LICENSE TYPE equals 1, and COMPLIANCE WITH LICENSE 
RESTRICTIONS equals 2, then RELATED FACTORS-DRIVER LEVEL 
should equal 074. 
D710 
If DRIVER’S LICENSE STATE equals 02, 04, 09, 15, 20, 30, 38, then NON-
CDL LICENSE TYPE should not equal 2. 
D730 
If RELATED FACTORS-DRIVER LEVEL equals 073, then COMPLIANCE 
WITH LICENSE RESTRICTIONS should equal 2, and NON-CDL LICENSE 
TYPE should equal 2, 7. 
D733 
If at least one RELATED FACTORS - DRIVER LEVEL equals 060 and 
PERSON TYPE equals 01, then ALCOHOL TEST RESULT should equal 995 
or at least one DRUG TEST RESULT should equal 9995."
CRSS,2024,person.csv,AGE,candidate_feature,occupant_person,1208,"Appendix B: 2024 Consistency Checks 
B-487 
2024 FARS/CRSS Coding and Validation Manual 
P Series 
Error ID 
Error Message 
P010 
If PERSON TYPE equals 01, then AGE should not be less than 012. 
P01F 
If RESTRAINT SYSTEM USE Subfield-1 Type of Restraint System in Use 
equals 01-06, 08, or 10-12, then EJECTION should equal 0 or 7. 
P020 
If PERSON TYPE equals 02, 03, 09, and RESTRAINT SYSTEM USE 
Subfield-1 Type of Restraint System in Use equals 04, 10-12, then AGE should 
be less than 010, or equal to 998 or 999. 
P030 
If SPECIAL USE is not equal to 21 and PERSON TYPE equals 01, then 
SEATING POSITION should not equal 12-19. 
P040 
If PERSON TYPE equals 02, 09, then SEATING POSITION should not equal 
11. 
P050 
If EJECTION equals 1, then RESTRAINT SYSTEM USE Subfield-1 Type of 
Restraint System in Use should not equal 01-06, 08, 10-12. 
P060 
If SEATING POSITION equals 18, 28, 38, 48, 50-54, then RESTRAINT 
SYSTEM USE Subfield-1 Type of Restraint System in Use should not equal 01, 
03. 
P061 
If SEATING POSITION equals 55 or 56, then RESTRAINT SYSTEM USE 
Subfield 1-Type of Restraint System in Use must equal 20. 
P062 
If SEATING POSITION equals 56, then PERSON TYPE must equal 02. 
P071 
If PERSON TYPE equals 02, 04-07, 08, or 10, and INJURY SEVERITY does 
not equal 4, then ALCOHOL TEST STATUS should not equal 9, and 
ALCOHOL TEST TYPE should not equal 99, and ALCOHOL TEST RESULT 
should not equal 999. 
P072 
If PERSON TYPE equals 02, 03, and INJURY SEVERITY equals 0, and 
ALCOHOL TEST RESULT equals 996, then POLICE-REPORTED 
ALCOHOL INVOLVEMENT should equal 0, 8. 
P073 
If PERSON TYPE equals 02, 04-07, 08, or 10, and INJURY SEVERITY does 
not equal 4, then DRUG TEST STATUS should not equal 9, and any DRUG 
SPECIMEN should not equal 99, and any DRUG TEST RESULT should not 
equal 9999. 
P074 
If PERSON TYPE equals 02, 04-07, 08, or 10, and INJURY SEVERITY does 
not equal 4, then ALCOHOL TEST STATUS must not equal 8, ALCOHOL 
TEST TYPE must not equal 95, and ALCOHOL TEST RESULT must not equal 
995. 
P075 
If PERSON TYPE equals 02, 04-07, 08, 10, or 19, and INJURY SEVERITY 
does not equal 4, then DRUG TEST STATUS must not equal 8, any DRUG 
SPECIMEN must not equal 96, and any DRUG TEST RESULT must not equal 
9995."
CRSS,2024,person.csv,AGE,candidate_feature,occupant_person,1209,"Appendix B: 2024 Consistency Checks 
B-488 
2024 FARS/CRSS Coding and Validation Manual 
Error ID 
Error Message 
P077 
If INJURY SEVERITY equals 4, and DIED AT SCENE/EN ROUTE equals 7 
or 8, then ALCOHOL TEST Subfield 2 - Test Type should not equal 02, 10, or 
11. 
P078 
If INJURY SEVERITY equals 4, then ALCOHOL TEST Subfield 2 - Test Type 
should not equal 02, 10, or 11. 
P090 
If INJURY SEVERITY equals 0, then TRANSPORTED TO FIRST MEDICAL 
FACILITY BY must equal 0. 
P091 
If TRANSPORTED TO FIRST MEDICAL FACILITY BY equals 1, 3, 5, then 
EMS TIME AT HOSPITAL should not equal 8888, 9997, 9998. 
P093 
If all people TRANSPORTED TO FIRST MEDICAL FACILITY BY are coded 
2 or 6 (nobody is transported by EMS), then NOTIFICATION TIME EMS, 
ARRIVAL TIME EMS, and EMS TIME AT HOSPITAL must equal 8888. 
P094 
If EJECTION equals 8, then SEATING POSITION must equal 55 or 56, or 
vPIC BODY CLASS must equal 006 (Motorcycle - Standard), 012 (Motorcycle 
- Scooter), 080 (Motorcycle - Sport), 081 (Motorcycle - Touring/Sport Touring), 
082 (Motorcycle - Cruiser), 084 (Off-Road Vehicle - Dirt Bike/Off-Road), 085 
(Motorcycle - Dual Sport/Adventure/Supermoto/On/Off-road), 086 (Off-Road 
Vehicle - Enduro (Off-road long-distance racing)), 087 (Motorcycle - 
Small/Minibike), 090 (Motorcycle - Side Car), 094 (Motorcycle - Custom), 098 
(Motorcycle - Street), 104 (Moped), 109 (Motorcycle - Cross Country), 110 
(Motorcycle - Underbone), 113 (Off-road Vehicle - Motorcross (Off-road short 
distance, closed track racing)), 114 (Motorcycle - Competition), or 125 
(Motorcycle - Unknown Body Type). 
P095 
If TRANSPORTED TO FIRST MEDICAL FACILITY BY equals 0 for every 
person in the case, then EMS TIME AT HOSPITAL must equal 8888 or 9997. 
P130 
If vPIC BODY CLASS equals 011 (Truck), 016 (Bus), 068 (Streetcar / Trolley), 
73 (Bus-School Bus), 066 (Truck-Tractor), 095 (Cargo Van), 111 (Step Van / 
Walk-in Van), 117 (Limousine), 126 (Off-road Vehicle - Farm Equipment), 127 
(Off-road Vehicle - Construction Equipment), 128 (Ambulance), 129 (Street 
Sweeper), or 130 (Fire Apparatus), or FINAL STAGE BODY CLASS equals 
011 (Truck), 016 (Bus),  068 (Streetcar / Trolley), 73 (Bus-School Bus), 066 
(Truck-Tractor), 095 (Cargo Van), 111 (Step Van / Walk-in Van), 117 
(Limousine), 128 (Ambulance), 129 (Street Sweeper), or 130 (Fire Apparatus), 
and POWER UNIT GVWR_from and GVWR_to equals 13, 14, 15, 16, 17, or 
18, and PERSON TYPE equals 01 or 03, and INJURY SEVERITY equals 4, 
then FATAL INJURY AT WORK should equal 1. 
P1A0 
If AGE is less than 012, and INJURY SEVERITY equals 4, then FATAL 
INJURY AT WORK should equal 0. 
P260 
If SEATING POSITION equals 18, 19, or 99, then AIR BAG DEPLOYED 
should equal 20, 98, 99."
CRSS,2024,person.csv,AGE,candidate_feature,occupant_person,1221,"Appendix B: 2024 Consistency Checks 
B-500 
2024 FARS/CRSS Coding and Validation Manual 
U Series 
Error ID 
Error Message 
U010 
UNLIKELY: SPECIAL JURISDICTION is equal to 4 or 5. 
U020 
UNLIKELY: FIRST HARMFUL EVENT equals 02, 04, 06, 51, or 72. 
U030 
UNLIKELY: FIRST HARMFUL EVENT equals 12, 55, and MANNER OF 
COLLISION OF THE FIRST HARMFUL EVENT equals 10, 11. 
U040 
UNLIKELY: REGISTRATION STATE equals 97. 
U050 
UNLIKELY: SPECIAL USE equals 04, 08. 
U070 
UNLIKELY: More than one vehicle with HIT-AND-RUN equal to 1. 
U080 
If vPIC BODY CLASS does not equal 009 (Van), 016 (Bus), 068 (Streetcar / 
Trolley), or 073 (Bus-School Bus), and FINAL STAGE BODY CLASS does 
not equal 009 (Van), 016 (Bus), 068 (Streetcar / Trolley), or 073 (Bus-School 
Bus), then UNLIKELY: SPECIAL USE equals 02 or 03. 
U111 
UNLIKELY: TRAVEL SPEED is 097, 098, or 099. 
U120 
UNLIKELY: AGE should not be greater than 094, unless equal to 998, 999. 
U130 
UNLIKELY: SEATING POSITION equals 41-43, 48. 
U140 
UNLIKELY: SEATING POSITION equals 11, 12, 13, 21, 22, 23, 31, 32, 33, 
41, 42, 43 for more than one person in this vehicle. 
U150 
UNLIKELY: NON-MOTORIST LOCATION AT TIME OF CRASH equals 16, 
25. 
U160 
UNLIKELY: INJURY SEVERITY equals 6. 
U170 
UNLIKELY: RESTRAINT SYSTEM USE Subfield-1 Type of Restraint System 
in Use equals 01. 
U200 
Unlikely DRIVER DISTRACTED BY equals 18 or 19. 
U210 
UNLIKELY: PREVIOUS RECORDED CRASHES is greater than 8 and less 
than 98. 
U220 
UNLIKELY: any Subfield of PREVIOUS RECORDED SUSPENSIONS AND 
REVOCATIONS is greater than 10 and less than 98. 
U230 
UNLIKELY: PREVIOUS DWI CONVICTIONS is greater than 8 and less than 
98. 
U240 
UNLIKELY: PREVIOUS SPEEDING CONVICTIONS is greater than 8 and 
less than 98. 
U250 
UNLIKELY: PREVIOUS OTHER MOVING VIOLATION CONVICTIONS is 
greater than 8 and less than 98."
CRSS,2024,person.csv,AGE,candidate_feature,occupant_person,1222,"Appendix B: 2024 Consistency Checks 
B-501 
2024 FARS/CRSS Coding and Validation Manual 
Error ID 
Error Message 
U260 
UNLIKELY: DRIVER HEIGHT (in feet) is less than 3 feet or greater than 7 
feet; verify data. 
U280 
UNLIKELY: DRIVER HEIGHT is less than 36 inches or greater than 84 
inches; verify data. 
U290 
UNLIKELY: DRIVER WEIGHT is less than 50 lbs. or greater than 399 lbs.; 
verify data. 
U300 
Unlikely NON-MOTORIST DISTRACTED BY equals 18 or 19. 
U340 
UNLIKELY: HIT-AND-RUN equals 0, and SEX equals 9. 
U350 
UNLIKELY: INJURY SEVERITY equals 1-6, and SEATING POSITION 
equals 98. 
U351 
UNLIKELY: VEHICLE MODEL YEAR is greater than 2000, VPIC BODY 
CLASS equals 003 (Coupe), 004 (Low Speed Vehicle (LSV) / Neighborhood 
Electric Vehicle (NEV)), 005 (Hatchback/Liftback/Notchback), 013 
(Sedan/Saloon), and 015 (Wagon) and SEATING POSITION equals 12. 
U360 
UNLIKELY: AGE equals 999 and HIT-AND-RUN is not equal to 1. 
U370 
UNLIKELY: EXTENT OF DAMAGE equals 8 if STATE does not equal 06, 
17, 18, 34, 36, 37, 48, 49, or 53. 
U390 
UNLIKELY: LIGHT CONDITION equals 8. 
U410 
UNLIKELY: DRIVER’S LICENSE STATE equals 98 if HIT-AND-RUN does 
not equal 1. 
U430 
UNLIKELY: VEHICLE TOWED equals 8 unless STATE equals AZ, OH, TX, 
or VA. 
U440 
UNLIKELY: CITATIONS ISSUED equals 97. 
U450 
UNLIKELY: REGISTRATION STATE equals 91 if HIT-AND-RUN does not 
equal 1. 
U490 
UNLIKELY: POWER UNIT GVWR_from and GVWR_to equals 98 or 99 and 
VEHICLE MODEL YEAR is greater than 1980 and not equal to 9998 or 9999, 
and VIN is not equal to 00000000000000000, 88888888888888888, or 
99999999999999999, and VIN passes the check digit check (i.e., VIN is a Valid 
VIN). 
U510 
UNLIKELY: VEHICLE MODEL YEAR equals 9998 if HIT-AND-RUN does 
not equal 1. 
U520 
UNLIKELY: RESTRAINT SYSTEM USE Subfield-1 Type of Restraint System 
in Use equals 98 if not a created record and HIT-AND-RUN does not equal 1. 
U530 
UNLIKELY: any CONDITION (IMPAIRMENT) AT TIME OF CRASH (D23) 
equals 03, 05, or 07."
CRSS,2024,person.csv,AGE,candidate_feature,occupant_person,1223,"Appendix B: 2024 Consistency Checks 
B-502 
2024 FARS/CRSS Coding and Validation Manual 
Error ID 
Error Message 
U590 
UNLIKELY: CONDITION (IMPAIRMENT) AT TIME OF CRASH equals 05 
or 07. 
U640 
UNLIKELY: FIRST HARMFUL EVENT equals 99. 
U651 
UNLIKELY: SEQUENCE OF EVENTS equals 62, 60 consecutively. 
U652 
UNLIKELY: SEQUENCE OF EVENTS equals 01, 58 or 58, 01 consecutively. 
U653 
UNLIKELY: SEQUENCE OF EVENTS equals 65, 69 consecutively. 
U654 
UNLIKELY: SEQUENCE OF EVENTS equals 64, 68 consecutively. 
U655 
UNLIKELY: TRAFFICWAY DESCRIPTION equals 2, 3, 4, 6, or 7, and 
SEQUENCE OF EVENTS contains 68 for this vehicle. 
U675 
UNLIKELY: TRAFFICWAY DESCRIPTION equals 1, 4, or 5, and any 
SEQUENCE OF EVENTS equals 65 for this vehicle. 
U680 
UNLIKELY: MOTOR CARRIER IDENTIFICATION NUMBER 
(Identification Number) equals 999999997. 
U682 
UNLIKELY: CRITICAL EVENT: PRECRASH (EVENT) equals 08 for this 
vehicle and CONDITION (IMPAIRMENT) AT TIME OF CRASH (D23) does 
not equal 01 for this vehicle’s driver. 
U683 
UNLIKELY: OWNERSHIP equals 98 or 99 unless STATE equals 06, 12, 42, or 
48. 
U684 
UNLIKELY: RURAL URBAN CLASSIFICATION (a) equals 8. 
U685 
UNLIKELY: FUNCTIONAL SYSTEM (b) equals 98. 
U686 
UNLIKELY: RURAL URBAN CLASSIFICATION (a) and FUNCTIONAL 
SYSTEM (b) equals 9 or 99. 
U687 
UNLIKELY: TRAILER VEHICLE IDENTIFICATION NUMBER equal 0s for 
any of the three sets. 
U689 
UNLIKELY: ALCOHOL TEST Subfield 3-Test Result equals 001-009. 
U690 
UNLIKELY: UNIT TYPE equals 2-4 and HIT-AND-RUN equals 1. 
U691 
UNLIKELY: ALCOHOL TEST Subfield 3-Test Result equals 010-019. 
U692 
UNLIKELY: ALCOHOL TEST Subfield 3-Test Result equals 020-029. 
U693 
UNLIKELY: ALCOHOL TEST Subfield 3-Test Result equals 030-039. 
U694 
UNLIKELY: AGE equals 0 and RESTRAINT SYSTEM USE Subfield-1 Type 
of Restraint System in Use equals 01-03, 06, 08, 20, 97, 98, 99. 
U695 
UNLIKELY: AGE equals 0 for a person not in a motor vehicle and [SEX equals 
2 and AGE equals 5-72 for at least one other person not in a motor vehicle]."
CRSS,2024,person.csv,AGE,candidate_feature,occupant_person,1224,"Appendix B: 2024 Consistency Checks 
B-503 
2024 FARS/CRSS Coding and Validation Manual 
Error ID 
Error Message 
U696 
UNLIKELY: ALCOHOL TEST TYPE equals 01, 03, 04, 05, 06, 07, or 08, and 
ALCOHOL TEST RESULTS is greater than 600, and ALCOHOL TEST 
RESULTS not equal to 995, 996, 997, 998, or 999. 
U697 
UNLIKELY: ALCOHOL TEST TYPE equals 02, 10, or 11, and ALCOHOL 
TEST RESULTS is greater than 300, and ALCOHOL TEST RESULTS not 
equal to 995, 996, 997, 998, or 999. 
U698 
UNLIKELY: TYPE OF INTERSECTION equals 11. 
U700 
UNLIKELY: MOTOR VEHICLE AUTOMATED DRIVING SYSTEM(S)-
Subfield 2 or MOTOR VEHICLE AUTOMATED DRIVING SYSTEM(S)-
Subfield 3 equals 3, 4, or 5. 
U710 
UNLIKELY: MOTOR VEHICLE AUTOMATED DRIVING SYSTEM(S)-
Subfield 1 equals 01 and VEHICLE MODEL YEAR is between 2000 and 2012. 
U720 
UNLIKELY: AGE equals 0 and HELMET USE Subfield 1-Helmet Use equals 
05, 16, 17, 19, 98, 99. 
U730 
UNLIKELY: HELMET USE Subfield 1-Helmet Use equals 98 if not a created 
record and HIT-AND-RUN does not equal 1. 
U740 
UNLIKELY: MILEPOINT is greater than 0500.0. 
U750 
UNLIKELY: If EMS TIME AT HOSPITAL equals 8888, then 
NOTIFICATION TIME EMS is unlikely to equal 8888.  
U760 
UNLIKELY: If EMS TIME AT HOSPITAL equals 8888, then ARRIVAL 
TIME is unlikely to equal 8888. 
U770 
Unlikely: REGISTRATION STATE equals 98. 
U780 
UNLIKELY: NON-MOTORIST ACTION/CIRCUMSTANCES equals 12 and 
PEDESTRIAN/BIKE TYPING - CRASH TYPE - PEDESTRIAN equals 220. 
U790 
UNLIKELY: RELATED FACTORS – CRASH LEVEL equals 019 and 023. 
 
V Series 
Error ID 
Error Message 
V010 
VEHICLE MODEL YEAR should not be less than 1940. 
V011 
If VEHICLE MODEL YEAR is less than 1950, then VEHICLE 
IDENTIFICATION NUMBER must equal 0s. 
V020 
If VEHICLE TRAILING equals 1, then vPIC BODY CLASS should not equal 
006 (Motorcycle - Standard), 012 (Motorcycle - Scooter), 016 (Bus), 073 (Bus-
School Bus), 080 (Motorcycle - Sport), 081 (Motorcycle - Touring / Sport 
Touring), 082 (Motorcycle - Cruiser), 083 (Motorcycle - Three-Wheeled 
Motorcycle [2 Rear Wheels]), 084 Off-road Vehicle - Dirt Bike / Off-Road),"
CRSS,2024,person.csv,SEX,candidate_feature,occupant_person,7,"v 
2024 FARS/CRSS Coding and Validation Manual 
Precrash Level Data Elements ................................................................................................. 377 
Precrash Data Overview ......................................................................................................... 378 
Precrash General Rules ........................................................................................................... 383 
Precrash Examples .................................................................................................................. 384 
PC3. Vehicle Number—Precrash Level ................................................................................. 409 
PC4. Contributing Circumstances, Motor Vehicle ................................................................. 410 
PC5. Trafficway Description .................................................................................................. 413 
PC6. Total Lanes in Roadway ................................................................................................ 416 
PC7. Speed Limit .................................................................................................................... 419 
PC8. Roadway Alignment ...................................................................................................... 421 
PC9. Roadway Grade .............................................................................................................. 423 
PC10. Roadway Surface Type—FARS Only ......................................................................... 425 
PC11. Roadway Surface Conditions ....................................................................................... 427 
PC12. Traffic Control Device ................................................................................................. 430 
PC13. Device Functioning ...................................................................................................... 436 
PC14. Driver’s Vision Obscured By ....................................................................................... 438 
PC15. Driver Maneuvered to Avoid ....................................................................................... 441 
PC16. Driver Distracted By .................................................................................................... 444 
PC17. Pre-Event Movement  (Prior to Recognition of Critical Event) .................................. 449 
PC18. Critical Event—Precrash (Category) ........................................................................... 452 
PC19. Critical Event—Precrash (Event) ................................................................................ 454 
PC20. Attempted Avoidance Maneuver ................................................................................. 466 
PC21. Pre-Impact Stability ..................................................................................................... 469 
PC22. Pre-Impact Location ..................................................................................................... 471 
PC23. Crash Type ................................................................................................................... 473 
Person Level (Motor Vehicle Occupant) Data Elements ....................................................... 500 
P3. Vehicle Number—Person Level (Motor Vehicle Occupant) ........................................... 501 
P4/NM3. Person Number ........................................................................................................ 502 
P5/NM5. Age .......................................................................................................................... 503 
P6/NM6. Sex ........................................................................................................................... 505 
P7. Person Type ...................................................................................................................... 507 
P8/NM10. Injury Severity ....................................................................................................... 509 
P9. Seating Position ................................................................................................................ 513 
P10. Restraint System Use ...................................................................................................... 518 
P11. Helmet Use ..................................................................................................................... 523 
P12. Air Bag Deployed ........................................................................................................... 526 
P13. Ejection ........................................................................................................................... 529 
P14. Ejection Path—FARS Only ............................................................................................ 531 
P15. Extrication—FARS Only ............................................................................................... 533 
P16/NM18. Police Reported Alcohol Involvement ................................................................ 534 
P17/NM19. Alcohol Test ........................................................................................................ 537 
P18/NM20. Police Reported Drug Involvement ..................................................................... 546 
P19/NM21. Drug Toxicology Results—FARS Only ............................................................. 549 
Drugs by Category Type—FARS Only .................................................................................. 564 
P20/NM22. Transported to First Medical Facility By ............................................................ 585"
CRSS,2024,person.csv,SEX,candidate_feature,occupant_person,8,"vi 
2024 FARS/CRSS Coding and Validation Manual 
P21/NM23. Died at Scene/En Route—FARS Only ............................................................... 588 
P22/NM24. Death Date—FARS Only .................................................................................... 589 
P23/NM25. Death Time—FARS Only ................................................................................... 591 
P24. Related Factors—Person (Motor Vehicle Occupant) Level ........................................... 593 
Person Level (Not a Motor Vehicle Occupant) Data Elements ............................................ 604 
NM3/P4. Person Number ........................................................................................................ 605 
NM4. Vehicle Number of Motor Vehicle Striking Non-Motorist .......................................... 606 
NM5/P5. Age .......................................................................................................................... 607 
NM6/P6. Sex ........................................................................................................................... 608 
NM7. Person Type .................................................................................................................. 609 
NM8. Non-Motorist Device Type .......................................................................................... 612 
NM9. Non-Motorist Device Motorization .............................................................................. 615 
NM10/P8. Injury Severity ....................................................................................................... 617 
NM11. Pedestrian/Bike Typing .............................................................................................. 618 
NM12. Non-Motorist Location at Time of Crash ................................................................... 619 
NM13. Non-Motorist Action/Circumstances ......................................................................... 624 
NM14. Non-Motorist Contributing Circumstances ................................................................ 627 
NM15. Non-Motorist Distracted By ....................................................................................... 632 
NM16. Non-Motorist Safety Equipment ................................................................................ 636 
NM17/D23. Condition (Impairment) at Time of Crash .......................................................... 641 
NM18/P16. Police Reported Alcohol Involvement ................................................................ 642 
NM19/P17. Alcohol Test ........................................................................................................ 643 
NM20/P18. Police Reported Drug Involvement ..................................................................... 645 
NM21/P19. Drug Toxicology Results—FARS Only ............................................................. 646 
NM22/P20. Transported to First Medical Facility By ............................................................ 650 
NM23/P21. Died at Scene/En Route—FARS Only ............................................................... 651 
NM24/P22. Death Date—FARS Only .................................................................................... 652 
NM25/P23. Death Time—FARS Only ................................................................................... 653 
NM26. Related Factors—Person (Not a Motor Vehicle Occupant) Level ............................. 654 
Supplemental Data Elements—FARS Only ........................................................................... 663 
SP1. Death Certificate Number—FARS Only ....................................................................... 664 
SP2. Fatal Injury at Work—FARS Only ................................................................................ 666 
SP3. Race/Hispanic Origin—FARS Only .............................................................................. 667 
References .................................................................................................................................. 673 
Appendix A: 2024 Coding Guides ........................................................................................... A-1 
Appendix B: 2024 Consistency Checks by Element............................................................... B-1 
Appendix C: VIN Decode Error .............................................................................................. C-1 
Appendix D: Alphabetical Listing of NCSA Make ................................................................ D-1 
Appendix E: Numerical Listing of NCSA Makes .................................................................. E-1 
Appendix F: NCSA Make / Model / Body Type Tables ......................................................... F-1 
Passenger Vehicles .................................................................................................................. F-2 
Motored Cycles .................................................................................................................... F-131"
CRSS,2024,person.csv,SEX,candidate_feature,occupant_person,38,"2024 FARS/CRSS Element Definitions 
28 
2024 FARS/CRSS Coding and Validation Manual 
2024 
Element 
ID 
Element Name 
FARS, CRSS, 
Case 
Structure 
Definition 
P6 
Sex 
FARS, CRSS 
This element identifies the sex of the 
person involved in the crash. 
P7 
Person Type 
FARS, CRSS 
This element describes the role of 
this person involved in the crash. 
P8 
Injury Severity 
FARS, CRSS 
This element describes the severity 
of the injury to this person in the 
crash. 
P9 
Seating Position 
FARS, CRSS 
This element identifies the location 
of this person in or on the vehicle. 
P10 
Restraint System Use 
FARS, CRSS 
This element records the restraint 
equipment in use by the occupant 
and any indication of misuse of the 
available restraint system, at the 
time of the crash. 
P11 
Helmet Use 
FARS, CRSS 
This element records the helmet use 
and any indications of misuse of the 
helmet by motor vehicle occupants 
of NCSA BODY TYPES 80-91, 96, 
and 97 at the time of the crash. 
P12 
Air Bag Deployed 
FARS, CRSS 
This element is used to record air 
bag deployment for this person as 
reported in the case materials. 
P13 
Ejection 
FARS, CRSS 
This element describes the ejection 
status and degree of ejection for this 
person, excluding motorcycle 
occupants. 
P14 
Ejection Path 
FARS Only 
This element identifies the path by 
which this person was ejected from 
the vehicle. 
P15 
Extrication 
FARS Only 
This element identifies if equipment 
was used to remove this person from 
the vehicle. 
P16 
Police Reported Alcohol 
Involvement 
FARS, CRSS 
This data element reflects only the 
judgment of law enforcement as to 
whether alcohol was involved or not 
for this person."
CRSS,2024,person.csv,SEX,candidate_feature,occupant_person,41,"2024 FARS/CRSS Element Definitions 
31 
2024 FARS/CRSS Coding and Validation Manual 
Person (Not a Motor Vehicle Occupant) Level Elements 
2024 
Element 
ID 
Element Name 
FARS, CRSS, 
Case 
Structure 
Definition 
NM1 
State Number 
FARS Only 
This element identifies the State in 
which the crash occurred. 
NM2 
Consecutive Number 
FARS Only 
This element identifies the unique 
case number assigned by the data 
entry system. 
NM3 
Person Number 
Case Structure 
This element identifies a number for 
people that are not in a motor 
vehicle in consecutive order. 
NM4 
Vehicle Number of Motor 
Vehicle Striking Non-
Motorist 
FARS, CRSS 
This data element captures the in-
transport vehicle that made contact 
with this non-motorist. 
NM5 
Age 
FARS, CRSS 
This element identifies the person’s 
age in years with respect to the 
person’s last birthday. 
NM6 
Sex 
FARS, CRSS 
This element identifies the sex of the 
person involved in the crash 
NM7 
Person Type 
FARS, CRSS 
This element describes the role of 
this person involved in the crash. 
NM8 
Non-Motorist Device 
Type 
FARS, CRSS 
This element describes the type of 
transport device operated by the 
non-motorist. 
NM9 
Non-Motorist Device 
Motorization 
FARS, CRSS 
This element describes the 
motorization of the device operated 
by the non-motorist. 
NM10 
Injury Severity 
FARS, CRSS 
This element describes the severity 
of the injury to this person in the 
crash. 
NM11 
Pedestrian/Bike Typing 
FARS, CRSS 
This element describes the precrash 
actions leading to crashes between 
motor vehicles and pedestrians or 
bicyclists. 
NM11 – 
PB27 
Marked Crosswalk 
Present—Pedestrian (see 
the companion Pedestrian/ 
Bicyclist Manual) 
FARS, CRSS 
This element identifies if a marked 
crosswalk was present at the crash 
site."
CRSS,2024,person.csv,SEX,candidate_feature,occupant_person,55,"200. Coding Instructions 
45 
2024 FARS/CRSS Coding and Validation Manual 
In the following situations people must be counted in Number of Person forms for a vehicle 
when structuring a case: 
1. If the vehicle is a large bus, only the driver and injured bus passengers are entered into 
the system for these vehicles, and additional Person forms will not be automatically 
created. 
2. Any driver or injured passenger of a motor vehicle in-transport. 
3. Any occupant of a motor vehicle not in-transport that is not a large bus (for bus occupants 
see number 1). 
The Created Records are editable and each of the values in the table below can be edited as 
appropriate. The standard edit checks are activated.  
Created Records Standard Set of Values 
Element Name 
Code 
Attribute 
Age 
998 
Not Reported 
Sex 
8 
Not Reported 
Person Type 
02 
Passenger of a Motor Vehicle in-
Transport 
Injury Severity 
0 
No Apparent Injury (O) 
Seating Position 
98 
Not Reported 
Restraint System Use Subfield 11, 2, 3 
98/20 
Not Reported/None Used/Not 
Applicable 
Restraint System Use Subfield 2 
7 
None Used/Not Applicable 
Helmet Use Subfield 11, 2, 3 
98/20 
Not Reported/None Used/Not 
Applicable 
Helmet Use Subfield 2 
7 
None Used/Not Applicable 
Air Bag Deployed 
98 
Not Reported 
Ejection 
7 
Not Reported 
*Ejection Path 
0 
Ejection Path Not Applicable 
*Extrication 
0 
Not Extricated or Not Applicable 
Police Reported Alcohol Involvement 
8 
Not Reported 
Alcohol Test Status 
0 
Test Not Given 
Alcohol Test Type 
00 
Test Not Given 
Alcohol Test Result 
996 
Test Not Given 
Police Reported Drug Involvement 
8 
Not Reported 
*Drug Test Status 
0 
Test Not Given 
*Drug Specimen 
00 
Test Not Given 
*Drug Testing Method 
00 
Test Not Given 
*Drug Test Result 
0000 
Test Not Given 
*Drug Quantity 
00 
Test Not Given 
Transported to First Medical Facility By 
0 
Not Transported for Treatment"
CRSS,2024,person.csv,SEX,candidate_feature,occupant_person,510,"Person Level (MV Occupant) Data Elements 
500 
2024 FARS/CRSS Coding and Validation Manual 
Person Level (Motor Vehicle Occupant) Data Elements 
P1. State Number—FARS Only 
P2. Consecutive Number—FARS Only 
P3. Vehicle Number – Person Level (MV Occupant) 
P4/NM3. Person Number 
P5/NM5. Age 
P6/NM6. Sex 
P7. Person Type 
P8/NM10. Injury Severity 
P9. Seating Position 
P10. Restraint System Use 
P11. Helmet Use 
P12. Air Bag Deployed 
P13. Ejection 
P14. Ejection Path—FARS Only 
P15. Extrication—FARS Only 
P16/NM18. Police Reported Alcohol Involvement 
P17/NM19. Alcohol Test 
P18/NM20. Police Reported Drug Involvement 
P19/NM21. Drug Toxicology Results—FARS Only 
Drugs by Category Type—FARS Only 
P20/NM22. Transported to First Medical Facility By 
P21/NM23. Died at Scene/En Route—FARS Only 
P22/NM24. Death Date—FARS Only 
P23/NM25. Death Time—FARS Only 
P24. Related Factors—Person (MV Occupant) Level"
CRSS,2024,person.csv,SEX,candidate_feature,occupant_person,515,"Sex 
P6/NM6 
505 
2024 FARS/CRSS Coding and Validation Manual 
P6/NM6. Sex 
Format 
1 numeric 
SAS Name 
Person.SEX 
Element Values 
Codes 
Attributes 
1 
Male 
2 
Female 
8 
Not Reported 
9 
Reported as Unknown 
Definition 
This element identifies the sex of the person involved in the crash. 
Remarks 
If the case materials do not show the sex of injured or uninjured drivers or passengers and there 
is no other information about sex, e.g., in the narrative/diagram, then use 8 (Not Reported). 
FARS SPECIAL INSTRUCTION: 
If sources provide conflicting reporting of SEX, use the following hierarchy to code this element. 
1. Medical examiner’s report/coroner's report 
2. EMS record 
3. Death certificate 
4. Driver's license/record 
5. Police crash report 
8 (Not Reported) Check to see if 9 (Reported as Unknown) is more appropriate for the 
situation. 
If a State’s crash report manual instructs to leave blank data blocks that are not applicable, then a 
blank in those data blocks is NOT considered “Not Reported.” 
Code 8 (Not Reported) in these two situations. 
1. No field or coding block exists on the State’s crash report to provide the information to 
code this element, AND no other information is available to code the element (e.g., 
narrative, diagram, case materials)."
CRSS,2024,person.csv,SEX,candidate_feature,occupant_person,516,"Sex 
P6/NM6 
506 
2024 FARS/CRSS Coding and Validation Manual 
2. A field or coding block exists on the State’s crash report that would provide the 
information needed to code this element, but it has been left blank, OR a code has been 
selected on the State’s crash report that does not map to any FARS/CRSS attribute, AND 
no other information is available to code the element (e.g., narrative, diagram, case 
materials). 
9 (Reported as Unknown) is used if the investigating officer indicates that this occupant’s sex is 
unknown. 
For Consistency Checks see Understanding and Managing Consistency Checks and Sex."
CRSS,2024,person.csv,SEX,candidate_feature,occupant_person,614,"Person Level (Not a MV Occupant) Data Elements 
 
604 
2024 FARS/CRSS Coding and Validation Manual 
Person Level (Not a Motor Vehicle Occupant) Data Elements 
NM1 – State Number—FARS Only 
NM2 – Consecutive Number—FARS Only 
NM3/P4 – Person Number 
NM4 – Vehicle Number of Motor Vehicle Striking Non-Motorist 
NM5/P5 – Age 
NM6/P6 – Sex 
NM7 – Person Type 
NM8 – Non-Motorist Device Type 
NM9 – Non-Motorist Device Motorization 
NM10/P8 – Injury Severity 
NM11 – Pedestrian/Bike Typing 
NM12 – Non-Motorist Location at Time of Crash 
NM13 – Non-Motorist Action/Circumstances 
NM14 – Non-Motorist Contributing Circumstances 
NM15 – Non-Motorist Distracted By 
NM16 – Non-Motorist Safety Equipment 
NM17/D23 – Condition (Impairment) at Time of Crash 
NM18/P16 – Police Reported Alcohol Involvement 
NM19/P17 – Alcohol Test 
NM20/P18 – Police Reported Drug Involvement 
NM21/P19 – Drug Toxicology Results—FARS Only 
NM22/P20 – Transported to First Medical Facility By 
NM23/P21 – Died at Scene / En Route—FARS Only 
NM24/P22 – Death Date—FARS Only 
NM25/P23 – Death Time—FARS Only 
NM26 – Related Factors—Person (Not a Motor Vehicle Occupant) Level"
CRSS,2024,person.csv,SEX,candidate_feature,occupant_person,618,"Sex 
NM6/P6 
608 
2024 FARS/CRSS Coding and Validation Manual 
NM6/P6. Sex 
Format 
1 numeric 
SAS Name 
Person.SEX 
Element Values 
Codes 
Attributes 
1 
Male 
2 
Female 
8 
Not Reported 
9 
Reported as Unknown 
Definition 
This element identifies the sex of the person involved in the crash. 
Remarks 
This element’s values and remarks are identical to the Person (MV Occupant) Level element 
SEX. Please see SEX for remarks. 
For Consistency Checks see Understanding and Managing Consistency Checks and Sex."
CRSS,2024,person.csv,SEX,candidate_feature,occupant_person,790,"Appendix B: 2024 Consistency Checks 
B-69 
2024 FARS/CRSS Coding and Validation Manual 
Error ID 
IF 
THEN 
D190 
HIT-AND-RUN equals 1,   
DRIVER'S ZIP CODE should not 
equal 00000. 
U070 
UNLIKELY: More than one vehicle 
with HIT-AND-RUN equal to 1. 
-- 
U340 
UNLIKELY: HIT-AND-RUN equals 
0, and SEX equals 9. 
-- 
U360 
UNLIKELY: AGE equals 999 and 
HIT-AND-RUN is not equal to 1. 
-- 
U450 
UNLIKELY: REGISTRATION 
STATE equals 91 if HIT-AND-RUN 
does not equal 1. 
-- 
U510 
UNLIKELY: VEHICLE MODEL 
YEAR equals 9998 if HIT-AND-RUN 
does not equal 1. 
-- 
U520 
UNLIKELY: RESTRAINT SYSTEM 
USE Subfield-1 Type of Restraint 
System in Use equals 98 if not a 
Created Record and HIT-AND-RUN 
does not equal 1. 
-- 
U690 
UNLIKELY: UNIT TYPE equals 2-4 
and HIT-AND-RUN equals 1. 
-- 
U730 
UNLIKELY: HELMET USE Subfield 
1-Helmet Use equals 98 if not a 
created record and HIT-AND-RUN 
does not equal 1. 
-- 
V881 
HIT-AND-RUN equals 1, 
VEHICLE TOWED should not equal 
8 or 9. 
V882 
HIT-AND-RUN equals 1, and 
PERSON TYPE equals 01, 
TRANSPORTED TO FIRST 
MEDICAL FACILITY BY should 
equal 0 for this person. 
V999 
HIT-AND-RUN equals 1 and vPIC 
MAKE equals 99998 (Not Reported), 
vPIC MODEL equals 99998 (Not 
Reported), and vPIC BODY CLASS 
equals 998 (Not Reported) or  vPIC 
MAKE equals 99999 (Unknown), 
vPIC MODEL equals 99999 
(Unknown), and vPIC BODY CLASS 
equals 999 (Unknown),  
VEHICLE TOWED should equal 5."
CRSS,2024,person.csv,SEX,candidate_feature,occupant_person,995,"Appendix B: 2024 Consistency Checks 
B-274 
2024 FARS/CRSS Coding and Validation Manual 
Error ID 
IF 
THEN 
1L7P 
RELATED FACTORS - DRIVER 
LEVEL equals 104, 
RELATED FACTORS - DRIVER 
LEVEL should not equal 016 for this 
driver. 
2H0F 
DRIVER PRESENCE equals 0, 9, 
RELATED FACTORS-DRIVER 
LEVEL must not equal 004, 010, 012, 
013, 015, 016, 019, 052, 053, 058, 
059, 073, 074, 077-089, 094-097, 100, 
or 102-107. 
2L0P 
Any RELATED FACTORS-DRIVER 
LEVEL equal 000, 
only that one code and no other must 
be coded. 
5L0F 
RELATED FACTORS-DRIVER 
LEVEL equals 020, 
DRIVER PRESENCE must not equal 
1, 9. 
5L0P 
any RELATED FACTORS-DRIVER 
LEVEL equals 010, 
DRIVER DISTRACTED BY must 
equal 00. 
5L1F 
RELATED FACTORS-DRIVER 
LEVEL equals 004, 010, 012, 013, 
015, 016, 019, 052, 053, 058, 059, 
073, 074, 077-088, 094-097, 100, or 
102-107, 
DRIVER PRESENCE must not equal 
0 or 9. 
5M4G 
SPECIAL USE equals 05 and 
PERSON TYPE equals 01, 
at least one RELATED FACTORS - 
DRIVER LEVEL should equal 016 or 
105. 
6K0P 
any CITATIONS ISSUED, 
RELATED FACTORS-DRIVER 
LEVEL must not equal 019. 
6K1P 
CITATIONS ISSUED equals 17, 
RELATED FACTORS - DRIVER 
LEVEL should also equal 107. 
7L0P 
Any RELATED FACTORS-DRIVER 
LEVEL can be used only once per 
driver form. 
-- 
9C6P 
UNIT TYPE equals 2-4, 
RELATED FACTORS-DRIVER 
LEVEL must equal 000. 
9L0F 
PERSON TYPE equals 01, and 
RELATED FACTORS-DRIVER 
LEVEL equals 012, 
SEX should equal 2, and AGE should 
be greater than 012. 
9L0P 
any RELATED FACTORS-DRIVER 
LEVEL equals 010, 
ATTEMPTED AVOIDANCE 
MANEUVER must equal 01. 
A080 
DRIVER PRESENCE equals 0, and 
FIRST HARMFUL EVENT equals 12, 
one RELATED FACTORS-DRIVER 
LEVEL should equal 020 or 054."
CRSS,2024,person.csv,SEX,candidate_feature,occupant_person,1038,"Appendix B: 2024 Consistency Checks 
B-317 
2024 FARS/CRSS Coding and Validation Manual 
Error ID 
IF 
THEN 
Body Type), 997 (Other), 998 (Not 
Reported), or 999 (Unknown). 
P010 
PERSON TYPE equals 01, 
AGE should not be less than 012. 
P020 
PERSON TYPE equals 02, 03, 09, and 
RESTRAINT SYSTEM USE 
Subfield-1 Type of Restraint System in 
Use equals 04, 10-12, 
AGE should be less than 010, or equal 
to 998 or 999. 
U120 
UNLIKELY: AGE should not be 
greater than 094, unless equal to 998, 
999. 
-- 
U360 
UNLIKELY: AGE equals 999 and 
HIT-AND-RUNHIT AND RUN is not 
equal to 1. 
-- 
U694 
UNLIKELY: AGE equals 0 and 
RESTRAINT SYSTEM USE 
Subfield-1 Type of Restraint System in 
Use equals 01-03, 06, 08, 20, 97, 98, 
99. 
-- 
U720 
UNLIKELY: AGE equals 0 and 
HELMET USE Subfield 1-Helmet Use 
equals 05, 16, 17, 19, 98, 99. 
-- 
Age—FARS Only 
Error ID 
IF 
THEN 
5W0P 
RELATED FACTORS-PERSON 
LEVEL equals 018, 
SEX should equal 2, and AGE should 
be greater than 012. 
9L0F 
PERSON TYPE equals 01, and 
RELATED FACTORS-DRIVER 
LEVEL equals 012, 
SEX should equal 2, and AGE should 
be greater than 012. 
D060 
NON-CDL LICENSE STATUS equals 
1-4, 6, or COMMERCIAL MOTOR 
VEHICLE LICENSE STATUS equals 
1-8, and PERSON TYPE equals 01, 
AGE should not be less than 015. 
D620 
NON-CDL LICENSE TYPE equals 7, 
AGE (for the driver) should equal 014-
016. 
D630 
NON-CDL LICENSE TYPE equals 2, 
AGE (for the driver) should equal 015-
017."
CRSS,2024,person.csv,SEX,candidate_feature,occupant_person,1039,"Appendix B: 2024 Consistency Checks 
B-318 
2024 FARS/CRSS Coding and Validation Manual 
Error ID 
IF 
THEN 
D640 
AGE equals 014-017, and PERSON 
TYPE equals 01, 
NON-CDL LICENSE TYPE should 
equal 2, 7. 
D650 
AGE equals 018-120, and PERSON 
TYPE equals 01,  
NON-CDL LICENSE TYPE should 
equal 1. 
P1A0 
AGE is less than 012, and INJURY 
SEVERITY equals 4, 
FATAL INJURY AT WORK should 
equal 0. 
Sex 
Error ID 
Error Message 
U340 
UNLIKELY: HIT-AND-RUN equals 0, and SEX equals 9. 
Sex—FARS Only 
Error ID 
IF 
THEN 
5W0P 
RELATED FACTORS-PERSON 
LEVEL equals 018, 
SEX should equal 2, and AGE should 
be greater than 012. 
9L0F 
PERSON TYPE equals 01, and 
RELATED FACTORS-DRIVER 
LEVEL equals 012, 
SEX should equal 2, and AGE should 
be greater than 012. 
Person Type 
Error ID 
IF 
THEN 
1N3F 
there is a PERSON TYPE equal to 01 
for this vehicle, 
there must not also be a PERSON 
TYPE equal to 09 for this vehicle. 
1Q0F 
PERSON TYPE equals 01, and vPIC 
BODY CLASS equals 006 
(Motorcycle - Standard), 012 
(Motorcycle - Scooter), 69 (Off-road 
Vehicle - All Terrain Vehicle (ATV) 
(Motorcycle-style)), 080 (Motorcycle - 
Sport), 081 (Motorcycle - 
Touring/Sport Touring), 082 
(Motorcycle - Cruiser), 083 
(Motorcycle - Three-Wheeled 
Motorcycle [2 Rear Wheels]), 084 
(Off-Road Vehicle - Dirt Bike/Off-
Road), 085 (Motorcycle - Dual 
Sport/Adventure/Supermoto/On/Off-
road), 086 (Off-Road Vehicle - Enduro 
SEATING POSITION must not equal 
12-56, 99."
CRSS,2024,person.csv,SEX,candidate_feature,occupant_person,1044,"Appendix B: 2024 Consistency Checks 
B-323 
2024 FARS/CRSS Coding and Validation Manual 
Error ID 
IF 
THEN 
9L0F 
PERSON TYPE equals 01, and 
RELATED FACTORS-DRIVER 
LEVEL equals 012, 
SEX should equal 2, and AGE should 
be greater than 012. 
CL0P 
PERSON TYPE equals 09, 
any RELATED FACTORS-PERSON 
(MV OCCUPANT) LEVEL must not 
equal 021, 026, 028, 029, 033, 037, 
040-042, 044, 045, 047, 051, 052, 056-
070, 072-078, 080-083, 089, 104, or 
105. 
D090 
any CITATIONS ISSUED equals 11-
19, and PERSON TYPE equals 01, 03, 
POLICE REPORTED ALCOHOL 
INVOLVEMENT should equal 1, or 
POLICE REPORTED DRUG 
INVOLVEMENT should equal 1. 
FP0F 
PERSON TYPE is blank, 
case status is flawed. 
P010 
PERSON TYPE equals 01, 
AGE should not be less than 012. 
P020 
PERSON TYPE equals 02, 03, 09, and 
RESTRAINT SYSTEM USE 
Subfield-1 Type of Restraint System in 
Use equals 04, 10-12, 
AGE should be less than 010, or equal 
to 998 or 999. 
P030 
SPECIAL USE is not equal to 21 and 
PERSON TYPE equals 01, 
SEATING POSITION should not 
equal 12-19. 
P040 
PERSON TYPE equals 02, 09, 
SEATING POSITION should not 
equal 11. 
P062 
SEATING POSITION equals 56, 
PERSON TYPE must equal 02. 
P071 
PERSON TYPE equals 02, 04-07, 08, 
or 10, and INJURY SEVERITY does 
not equal 4, 
ALCOHOL TEST STATUS should 
not equal 9, ALCOHOL TEST TYPE 
should not equal 99, and ALCOHOL 
TEST RESULT should not equal 999. 
P072 
PERSON TYPE equals 02, 03, and 
INJURY SEVERITY equals 0, and 
ALCOHOL TEST RESULT equals 
996, 
POLICE REPORTED ALCOHOL 
INVOLVEMENT should equal 0, 8. 
P074 
PERSON TYPE equals 02, 04-07, 08, 
or 10, and INJURY SEVERITY does 
not equal 4, 
ALCOHOL TEST STATUS must not 
equal 8, ALCOHOL TEST TYPE 
must not equal 95, and ALCOHOL 
TEST RESULT must not equal 995. 
VP94 
vPIC BODY CLASS equals 128 
(Ambulance), or FINAL STAGE 
BODY CLASS equals 128 
RELATED FACTORS – DRIVER 
LEVEL should equal 094."
CRSS,2024,person.csv,SEX,candidate_feature,occupant_person,1078,"Appendix B: 2024 Consistency Checks 
B-357 
2024 FARS/CRSS Coding and Validation Manual 
Error ID 
IF 
THEN 
A65F 
FIRST HARMFUL EVENT equals 14, 
and RELATED FACTORS - PERSON 
(MV OCCUPANT) LEVEL equals 
032 or 089 for an occupant of the 
parked vehicle involved in the first 
harmful event, 
CRASH TYPE should equal 15, 92 or 
98 for the in-transport vehicle involved 
in the First Harmful Event. 
A66F 
FIRST HARMFUL EVENT equals 14, 
and CRASH TYPE equals 01-10 or 
14, 
RELATED FACTORS - PERSON 
(MV OCCUPANT) LEVEL must not 
equal 032 or 089 for any occupant of 
the parked vehicle involved in the 
FIRST HARMFUL EVENT. 
CL0P 
PERSON TYPE equals 09, 
any RELATED FACTORS-PERSON 
(MV OCCUPANT) LEVEL must not 
equal 021, 026, 028, 029, 033, 037, 
040-042, 044, 045, 047, 051, 052, 056-
070, 072-078, 080-083, 089, 104, or 
105. 
VP98 
vPIC BODY CLASS equals 128 
(Ambulance), or FINAL STAGE 
BODY CLASS equals 128 
(Ambulance), and PERSON TYPE is 
equal to 02, 03, or 09, 
RELATED FACTORS – PERSON 
(MV OCCUPANT) LEVEL should 
equal 092 or 094. 
VP99 
vPIC BODY CLASS equals 130 (Fire 
Apparatus), or FINAL STAGE BODY 
CLASS equals 130 (Fire Apparatus), 
and PERSON TYPE is equal to 02, 03, 
or 09, 
RELATED FACTORS – PERSON 
(MV OCCUPANT) LEVEL should 
equal 095. 
Related Factors—Person (MV Occupant) Level—FARS Only 
Error ID 
IF 
THEN 
5W0P 
RELATED FACTORS-PERSON 
LEVEL equals 018, 
SEX should equal 2, and AGE should 
be greater than 012."
CRSS,2024,person.csv,SEX,candidate_feature,occupant_person,1084,"Appendix B: 2024 Consistency Checks 
B-363 
2024 FARS/CRSS Coding and Validation Manual 
Error ID 
IF 
THEN 
PBA1 
PEDESTRIAN/ BIKE TYPING - 
CRASH TYPE - BICYCLE equals 
112, 151, 213, 214, 217, or 218, and 
VEHICLE NUMBER - VEHICLE 
LEVEL equals VEHICLE NUMBER 
OF MOTOR VEHICLE STRIKING 
NON-MOTORIST, 
PRE-EVENT MOVEMENT (PRIOR 
TO RECOGNITION OF CRITICAL 
EVENT) should equal 10. 
Age 
Error ID 
Error Message 
U120 
UNLIKELY: AGE should not be greater than 094, unless equal to 998, 999. 
U360 
UNLIKELY: AGE equals 999 and HIT-AND-RUN is not equal to 1. 
U695 
Unlikely AGE equals 0 for a person not in a motor vehicle and [SEX equals 2 
and AGE equals 5-72 for at least one other person not in a motor vehicle]. 
 
Age—FARS Only 
Error ID 
IF 
THEN 
5W0P 
RELATED FACTORS-PERSON 
LEVEL equals 018, 
SEX should equal 2, and AGE should 
be greater than 012. 
P1A0 
AGE is less than 012, and INJURY 
SEVERITY equals 4, 
FATAL INJURY AT WORK should 
equal 0. 
Sex 
Error ID 
Error Message 
U340 
UNLIKELY: HIT-AND-RUN equals 0, and SEX equals 9. 
U695 
Unlikely AGE equals 0 for a person not in a motor vehicle and [SEX equals 2 
and AGE equals 5-72 for at least one other person not in a motor vehicle]. 
Sex—FARS Only 
Error ID 
IF 
THEN 
5W0P 
RELATED FACTORS-PERSON 
LEVEL equals 018, 
SEX should equal 2, and AGE should 
be greater than 012."
CRSS,2024,person.csv,SEX,candidate_feature,occupant_person,1133,"Appendix B: 2024 Consistency Checks 
B-412 
2024 FARS/CRSS Coding and Validation Manual 
Error ID 
IF 
THEN 
4X7A 
any NON-MOTORIST 
ACTION/CIRCUMSTANCES equals 
10,  
at least one RELATED FACTORS – 
PERSON (NOT A MOTOR 
VEHICLE OCCUPANT) LEVEL 
must equal 087, 094, 095, 096, or 097 
8M0F 
PERSON TYPE equals 04, 
RELATED FACTORS-PERSON 
(NOT A MV OCCUPANT) LEVEL 
must not equal 013, 053, 054, 055, 
090, 094-097, 100, 101, or 102. 
8Q0F 
PERSON TYPE equals 08, 
RELATED FACTORS-PERSON 
(NOT A MV OCCUPANT) LEVEL 
must not equal 009, 090, or 094-097. 
9M0F 
PERSON TYPE equals 05, 
RELATED FACTORS-PERSON 
(NOT A MV OCCUPANT) LEVEL 
must not equal 013, 021, 026, 040, 
042, 051, 052, 057, 068-070, 073-083, 
or 100. 
CK0P 
PERSON TYPE equals 07, 
RELATED FACTORS-PERSON 
(NOT A MV OCCUPANT) LEVEL 
must not equal 009, 013, 069, 070, 
087, 090, 094-097, or 102. 
CM0P 
PERSON TYPE equals 19, 
RELATED FACTORS-PERSON 
(NOT A MV OCCUPANT) LEVEL 
must not equal 013, 069, 070, 090. 
Related Factors—Person (Not a Motor Vehicle Occupant) Level—FARS Only 
Error ID 
IF 
THEN 
5W0P 
RELATED FACTORS-PERSON 
(NOT A MV OCCUPANT) LEVEL 
equals 018, 
SEX should equal 2, and AGE should 
be greater than 012."
CRSS,2024,person.csv,SEX,candidate_feature,occupant_person,1169,"Appendix B: 2024 Consistency Checks 
B-448 
2024 FARS/CRSS Coding and Validation Manual 
Error ID 
Error Message 
5N0F 
If PERSON TYPE equals 02, then any RELATED FACTORS-PERSON (MV 
OCCUPANT) LEVEL must not equal 021, 026, 028, 029, 033, 037, 040-042, 
044, 045, 047, 051, 052, 057-070, 072-078, 080-083, or 089. 
5Q0F 
If PERSON TYPE equals 02, and vPIC BODY CLASS equals 016 (Bus), 068 
(Streetcar / Trolley), or 73 (Bus-School Bus), or FINAL STAGE BODY 
CLASS equals 016 (Bus), 068 (Streetcar / Trolley), or 73 (Bus-School Bus), 
then SEATING POSITION must equal 12-18, 51, 52, 54, 55, 56, 98, or 99. 
5S0P 
If vPIC BODY CLASS equals 006 (Motorcycle - Standard), 012 (Motorcycle - 
Scooter), 069 (Off-road Vehicle - All Terrain Vehicle (ATV) (Motorcycle-
style)), 080 (Motorcycle - Sport), 081 (Motorcycle - Touring/Sport Touring), 
082 (Motorcycle - Cruiser), 083 (Motorcycle - Three-Wheeled Motorcycle [2 
Rear Wheels]), 084 (Off-Road Vehicle - Dirt Bike/Off-Road), 085 (Motorcycle 
- Dual Sport/Adventure/Supermoto/On/Off-road), 086 (Off-Road Vehicle - 
Enduro (Off-road long-distance racing)), 087 (Motorcycle - Small/Minibike), 
090 (Motorcycle - Side Car), 094 (Motorcycle - Custom), 098 (Motorcycle - 
Street), 104 (Motorcycle - Moped), 109 (Motorcycle - Cross Country), 103 
(Motorcycle - Unenclosed Three Wheeled or Open Autocycle [1 Rear Wheel]), 
104 (Motorcycle - Moped), 109 (Motorcycle - Cross Country), 110 (Motorcycle 
- Underbone), 113 (Off-road Vehicle - Motorcross (Off-road short distance, 
closed track racing)), 114 (Motorcycle - Competition), 125 (Motorcycle - 
Unknown Body Type), or 131 (Motorcycle - Three Wheeled, Unknown 
Enclosure or Autocycle, Unknown Enclosure), then EXTRICATION must 
equal 0. 
5T3P 
If ALCOHOL TEST TYPE equals 07, then ALCOHOL TEST RESULT must 
equal 000, 997, or 998. 
5T7P 
If ALCOHOL TEST STATUS equals 0, then ALCOHOL TEST TYPE must 
equal 00, and ALCOHOL TEST RESULT must equal 996. 
5T8P 
If ALCOHOL TEST STATUS equals 9, then ALCOHOL TEST TYPE and 
ALCOHOL TEST RESULT must equal 999. 
5T9P 
If ALCOHOL TEST STATUS equals 2, then ALCOHOL TEST TYPE must 
equal 01-11, 98, and ALCOHOL TEST RESULT must equal 000-940, 997, 998. 
5TCP 
If ALCOHOL TEST STATUS equals 8, then ALCOHOL TEST TYPE must 
equal 95 and ALCOHOL TEST RESULT must equal 995. 
5W0P 
If RELATED FACTORS-PERSON LEVEL equals 018, then SEX should equal 
2, and AGE should be greater than 012. 
5Y0F 
If FIRST HARMFUL EVENT equals 08, 09, 15, then NUMBER OF FORMS 
SUBMITTED FOR PERSONS NOT IN MOTOR VEHICLES must not equal 
00. 
5Z0F 
If SEQUENCE OF EVENTS equals 08, then at least one person must have 
PERSON TYPE equal to 05, 10."
CRSS,2024,person.csv,SEX,candidate_feature,occupant_person,1180,"Appendix B: 2024 Consistency Checks 
B-459 
2024 FARS/CRSS Coding and Validation Manual 
Error ID 
Error Message 
9C4P 
If UNIT TYPE equals 1, and DRIVER PRESENCE equals 0 or 9, then 
DRIVER MANEUVERED TO AVOID must only equal 95. 
9C5P 
If DRIVER MANEUVERED TO AVOID equals 95, then DRIVER 
PRESENCE must equal 0 or 9. 
9C6P 
If UNIT TYPE equals 2-4, then RELATED FACTORS-DRIVER LEVEL must 
equal 000. 
9J0P 
If LICENSE COMPLIANCE WITH CLASS OF VEHICLE equals 0-1, then 
COMPLIANCE WITH LICENSE RESTRICTIONS must not equal 1-3, 9. 
9K0P 
If HM2 equals 2, then REGISTRATION STATE must not equal 00. 
9L0F 
If PERSON TYPE equals 01, and RELATED FACTORS-DRIVER LEVEL 
equals 012, then SEX should equal 2, and AGE should be greater than 012. 
9L0P 
If any RELATED FACTORS-DRIVER LEVEL equals 010, then 
ATTEMPTED AVOIDANCE MANEUVER must equal 01.  
9M0F 
If PERSON TYPE equals 05, then RELATED FACTORS-PERSON (NOT A 
MV OCCUPANT) LEVEL must not equal 013, 021, 026, 040, 042, 051, 052, 
057, 068-070, 073-083, or 100. 
9V0P 
If DEATH MONTH equals 99, then DEATH DAY must equal 99. 
A Series 
Error ID 
Error Message 
A010 
If STATE equals 02, and LIGHT CONDITION equals 4, then CRASH TIME 
should equal 0300-1000, 9999. 
A020 
If STATE equals 02, and LIGHT CONDITION equals 5, then CRASH TIME 
should equal 1500-2359, 9999. 
A030 
If CRASH MONTH equals 05-09, then ATMOSPHERIC CONDITIONS 
should not equal 03, 04, 11, 12. 
A040 
If CRASH MONTH equals 05-09, then ROADWAY SURFACE 
CONDITIONS should not equal 03, 04, 10. 
A041 
If CRASH MONTH equals 05-09, then SEQUENCE OF EVENTS, FIRST 
HARMFUL EVENT, MOST HARMFUL EVENT should not equal 48. 
A042 
If CRASH EVENTS - SEQUENCE OF EVENTS equals 14, 17, 19-21, 23-26, 
30-35, 38-43, 46, 52, 53, 57-59, 65, or 93 for a vehicle, and AREA OF IMPACT 
does not equal 18, 19, or 20, then at least one previous CRASH EVENTS-
SEQUENCE OF EVENTS should equal 63, 64, 71, or 79 for this vehicle. 
A043 
SEQUENCE OF EVENTS for the last event in the CRASH EVENTS TABLE 
must not equal 60-69, 71, or 79."
CRSS,2024,person.csv,SEX,candidate_feature,occupant_person,1222,"Appendix B: 2024 Consistency Checks 
B-501 
2024 FARS/CRSS Coding and Validation Manual 
Error ID 
Error Message 
U260 
UNLIKELY: DRIVER HEIGHT (in feet) is less than 3 feet or greater than 7 
feet; verify data. 
U280 
UNLIKELY: DRIVER HEIGHT is less than 36 inches or greater than 84 
inches; verify data. 
U290 
UNLIKELY: DRIVER WEIGHT is less than 50 lbs. or greater than 399 lbs.; 
verify data. 
U300 
Unlikely NON-MOTORIST DISTRACTED BY equals 18 or 19. 
U340 
UNLIKELY: HIT-AND-RUN equals 0, and SEX equals 9. 
U350 
UNLIKELY: INJURY SEVERITY equals 1-6, and SEATING POSITION 
equals 98. 
U351 
UNLIKELY: VEHICLE MODEL YEAR is greater than 2000, VPIC BODY 
CLASS equals 003 (Coupe), 004 (Low Speed Vehicle (LSV) / Neighborhood 
Electric Vehicle (NEV)), 005 (Hatchback/Liftback/Notchback), 013 
(Sedan/Saloon), and 015 (Wagon) and SEATING POSITION equals 12. 
U360 
UNLIKELY: AGE equals 999 and HIT-AND-RUN is not equal to 1. 
U370 
UNLIKELY: EXTENT OF DAMAGE equals 8 if STATE does not equal 06, 
17, 18, 34, 36, 37, 48, 49, or 53. 
U390 
UNLIKELY: LIGHT CONDITION equals 8. 
U410 
UNLIKELY: DRIVER’S LICENSE STATE equals 98 if HIT-AND-RUN does 
not equal 1. 
U430 
UNLIKELY: VEHICLE TOWED equals 8 unless STATE equals AZ, OH, TX, 
or VA. 
U440 
UNLIKELY: CITATIONS ISSUED equals 97. 
U450 
UNLIKELY: REGISTRATION STATE equals 91 if HIT-AND-RUN does not 
equal 1. 
U490 
UNLIKELY: POWER UNIT GVWR_from and GVWR_to equals 98 or 99 and 
VEHICLE MODEL YEAR is greater than 1980 and not equal to 9998 or 9999, 
and VIN is not equal to 00000000000000000, 88888888888888888, or 
99999999999999999, and VIN passes the check digit check (i.e., VIN is a Valid 
VIN). 
U510 
UNLIKELY: VEHICLE MODEL YEAR equals 9998 if HIT-AND-RUN does 
not equal 1. 
U520 
UNLIKELY: RESTRAINT SYSTEM USE Subfield-1 Type of Restraint System 
in Use equals 98 if not a created record and HIT-AND-RUN does not equal 1. 
U530 
UNLIKELY: any CONDITION (IMPAIRMENT) AT TIME OF CRASH (D23) 
equals 03, 05, or 07."
CRSS,2024,person.csv,SEX,candidate_feature,occupant_person,1223,"Appendix B: 2024 Consistency Checks 
B-502 
2024 FARS/CRSS Coding and Validation Manual 
Error ID 
Error Message 
U590 
UNLIKELY: CONDITION (IMPAIRMENT) AT TIME OF CRASH equals 05 
or 07. 
U640 
UNLIKELY: FIRST HARMFUL EVENT equals 99. 
U651 
UNLIKELY: SEQUENCE OF EVENTS equals 62, 60 consecutively. 
U652 
UNLIKELY: SEQUENCE OF EVENTS equals 01, 58 or 58, 01 consecutively. 
U653 
UNLIKELY: SEQUENCE OF EVENTS equals 65, 69 consecutively. 
U654 
UNLIKELY: SEQUENCE OF EVENTS equals 64, 68 consecutively. 
U655 
UNLIKELY: TRAFFICWAY DESCRIPTION equals 2, 3, 4, 6, or 7, and 
SEQUENCE OF EVENTS contains 68 for this vehicle. 
U675 
UNLIKELY: TRAFFICWAY DESCRIPTION equals 1, 4, or 5, and any 
SEQUENCE OF EVENTS equals 65 for this vehicle. 
U680 
UNLIKELY: MOTOR CARRIER IDENTIFICATION NUMBER 
(Identification Number) equals 999999997. 
U682 
UNLIKELY: CRITICAL EVENT: PRECRASH (EVENT) equals 08 for this 
vehicle and CONDITION (IMPAIRMENT) AT TIME OF CRASH (D23) does 
not equal 01 for this vehicle’s driver. 
U683 
UNLIKELY: OWNERSHIP equals 98 or 99 unless STATE equals 06, 12, 42, or 
48. 
U684 
UNLIKELY: RURAL URBAN CLASSIFICATION (a) equals 8. 
U685 
UNLIKELY: FUNCTIONAL SYSTEM (b) equals 98. 
U686 
UNLIKELY: RURAL URBAN CLASSIFICATION (a) and FUNCTIONAL 
SYSTEM (b) equals 9 or 99. 
U687 
UNLIKELY: TRAILER VEHICLE IDENTIFICATION NUMBER equal 0s for 
any of the three sets. 
U689 
UNLIKELY: ALCOHOL TEST Subfield 3-Test Result equals 001-009. 
U690 
UNLIKELY: UNIT TYPE equals 2-4 and HIT-AND-RUN equals 1. 
U691 
UNLIKELY: ALCOHOL TEST Subfield 3-Test Result equals 010-019. 
U692 
UNLIKELY: ALCOHOL TEST Subfield 3-Test Result equals 020-029. 
U693 
UNLIKELY: ALCOHOL TEST Subfield 3-Test Result equals 030-039. 
U694 
UNLIKELY: AGE equals 0 and RESTRAINT SYSTEM USE Subfield-1 Type 
of Restraint System in Use equals 01-03, 06, 08, 20, 97, 98, 99. 
U695 
UNLIKELY: AGE equals 0 for a person not in a motor vehicle and [SEX equals 
2 and AGE equals 5-72 for at least one other person not in a motor vehicle]."
CRSS,2024,person.csv,INJ_SEV,candidate_target,occupant_person,519,"Injury Severity 
P8/NM10 
509 
2024 FARS/CRSS Coding and Validation Manual 
P8/NM10. Injury Severity 
Format 
1 numeric 
SAS Name 
Person.INJ_SEV 
Element Values 
Codes 
Attributes 
0 
No Apparent Injury (O) 
1 
Possible Injury (C) 
2 
Suspected Minor Injury (B) 
3 
Suspected Serious Injury (A) 
4 
Fatal Injury (K) 
5 
Injured, Severity Unknown 
6 
Died Prior to Crash* 
9 
Unknown/Not Reported  
Definition 
This element describes the severity of the injury to this person in the crash. 
Remarks 
Enter the most severe police-reported injury severity for this person (i.e., occupant, pedestrian or 
non-motorist). Most jurisdictions use the KABCO injury coding scheme. 
K = Fatal Injury (Killed) 
A = Suspected Serious Injury (Incapacitating Injury) 
B = Suspected Minor Injury (Non-incapacitating Injury) 
C = Possible Injury 
O = No Apparent Injury (No Injury) 
If the same person is involved in multiple crashes and it is not clear when a person’s injuries 
were sustained on a police crash report with multiple crashes, then the person’s injury status 
is attributed to their first crash. If the person was killed in the first crash, then that person will 
not be counted as a person in subsequent crashes (they will be a non-fixed object if struck 
again). If you can relate the injury severity to a specific crash, then apply the known injury 
severity to that crash. Any remaining crashes without an injury severity assigned for this 
person should be considered Unknown if Injured."
CRSS,2024,person.csv,INJ_SEV,candidate_target,occupant_person,627,"Injury Severity 
NM10/P8 
617 
2024 FARS/CRSS Coding and Validation Manual 
NM10/P8. Injury Severity 
Format 
1 numeric 
SAS Name 
Person.INJ_SEV 
Element Values 
Codes 
Attributes 
0 
No Apparent Injury (O) 
1 
Possible Injury (C) 
2 
Suspected Minor Injury (B) 
3 
Suspected Serious Injury (A) 
4 
Fatal Injury (K) 
5 
Injured, Severity Unknown 
6 
Died Prior to Crash* 
9 
Unknown/Not Reported 
Definition 
This element describes the severity of the injury to this person in the crash. 
Remarks 
This element’s values and remarks are identical to the Person (MV Occupant) Level element 
INJURY SEVERITY. Please see INJURY SEVERITY for remarks. 
See the coding guide Injury Severity Translation for helpful information. 
For Consistency Checks see Understanding and Managing Consistency Checks and Injury 
Severity."
CRSS,2024,person.csv,SEAT_POS,candidate_feature,occupant_person,523,"Seating Position 
P9 
513 
2024 FARS/CRSS Coding and Validation Manual 
P9. Seating Position 
Format 
2 numeric 
SAS Name 
Person.SEAT_POS 
Element Values 
Codes 
Attributes 
11 
Front Seat, Left Side 
12 
Front Seat, Middle 
13 
Front Seat, Right Side 
18 
Front Seat, Other 
19 
Front Seat, Unknown 
21 
Second Seat, Left Side 
22 
Second Seat, Middle 
23 
Second Seat, Right Side 
28 
Second Seat, Other 
29 
Second Seat, Unknown 
31 
Third Seat, Left Side 
32 
Third Seat, Middle 
33 
Third Seat, Right Side 
38 
Third Seat, Other 
39 
Third Seat, Unknown 
41 
Fourth Seat, Left Side 
42 
Fourth Seat, Middle 
43 
Fourth Seat, Right Side 
48 
Fourth Seat, Other 
49 
Fourth Seat, Unknown 
50 
Sleeper Section of Cab (Truck) 
51 
Other Passenger in enclosed passenger or cargo area 
52 
Other Passenger in unenclosed passenger or cargo area 
53 
Other Passenger in passenger or cargo area, unknown whether or not enclosed 
54 
Trailing Unit 
55 
Riding on Exterior of Vehicle 
56 
Appended to a Motor Vehicle for Motion 
98 
Not Reported"
CRSS,2024,person.csv,REST_USE,candidate_feature,occupant_person,528,"Restraint System Use 
P10 
518 
2024 FARS/CRSS Coding and Validation Manual 
P10. Restraint System Use 
Format 
Subfield 1: 2 numeric; Subfield 2: 1 numeric 
SAS Name 
Person.REST_USE, Person.REST_MIS 
Element Values 
Subfield 1—Type of Restraint System in Use 
Codes 
Attributes 
20 
None Used/Not Applicable 
01 
Shoulder Belt Only Used 
02 
Lap Belt Only Used 
03 
Shoulder and Lap Belt Used 
04 
Child Restraint - Type Unknown 
06 
Racing-Style Harness Used 
08 
Restraint Used - Type Unknown 
10 
Child Restraint System - Forward Facing 
11 
Child Restraint System - Rear Facing 
12 
Booster Seat 
97 
Other 
98 
Not Reported 
99 
Reported as Unknown 
Subfield 2—Indication of Restraint System Misuse? 
Codes 
Attributes 
7 
None Used/Not Applicable 
0 
No Indication of Misuse  
1 
Yes, Indication of Misuse 
Definition 
This element records the restraint equipment in use by the occupant and any indication of misuse 
of the available restraint system at the time of the crash."
CRSS,2024,person.csv,REST_MIS,candidate_feature,occupant_person,528,"Restraint System Use 
P10 
518 
2024 FARS/CRSS Coding and Validation Manual 
P10. Restraint System Use 
Format 
Subfield 1: 2 numeric; Subfield 2: 1 numeric 
SAS Name 
Person.REST_USE, Person.REST_MIS 
Element Values 
Subfield 1—Type of Restraint System in Use 
Codes 
Attributes 
20 
None Used/Not Applicable 
01 
Shoulder Belt Only Used 
02 
Lap Belt Only Used 
03 
Shoulder and Lap Belt Used 
04 
Child Restraint - Type Unknown 
06 
Racing-Style Harness Used 
08 
Restraint Used - Type Unknown 
10 
Child Restraint System - Forward Facing 
11 
Child Restraint System - Rear Facing 
12 
Booster Seat 
97 
Other 
98 
Not Reported 
99 
Reported as Unknown 
Subfield 2—Indication of Restraint System Misuse? 
Codes 
Attributes 
7 
None Used/Not Applicable 
0 
No Indication of Misuse  
1 
Yes, Indication of Misuse 
Definition 
This element records the restraint equipment in use by the occupant and any indication of misuse 
of the available restraint system at the time of the crash."
CRSS,2024,person.csv,HELM_USE,candidate_feature,occupant_person,533,"Helmet Use 
P11 
523 
2024 FARS/CRSS Coding and Validation Manual 
P11. Helmet Use 
Format 
Subfield 1: 2 numeric; Subfield 2: 1 numeric 
SAS Name 
Person.HELM_USE, Person.HELM_MIS 
Element Values 
Subfield 1—Helmet Use 
Codes 
Attributes 
20 
Not Applicable 
17 
No Helmet 
05 
DOT-Compliant Motorcycle Helmet 
16 
Helmet, Other than DOT-Compliant Motorcycle Helmet 
19 
Helmet, Unknown if DOT-Compliant 
98 
Not Reported 
99 
Reported as Unknown if Helmet Worn 
Subfield 2—Indication of Helmet Misuse? 
Codes 
Attributes 
7 
None Used/Not Applicable 
0 
No Indication of Misuse 
1 
Yes, Indication of Misuse 
Definition 
This element records the helmet use and any indications of misuse of the helmet by motor 
vehicle occupants of NCSA BODY TYPES 80-91, 96, and 97 at the time of the crash. 
Remarks 
Motorcycle helmets that are compliant with Federal Motor Vehicle Safety Standards typically 
weigh approximately 3 lbs; have an inner liner of at least 1 inch-thick, firm polystyrene foam; 
have an inside label that states the manufacturer, model, and date of manufacture; and have a 
DOT sticker on the back. 
Occupants of motor vehicles such as autocycles, ROVs, and go-karts may use a belt restraint 
system along with a helmet. For occupants of these vehicles, record both RESTRAINT 
SYSTEM USE and HELMET USE. This applies even if your State only requires and records 
helmet use."
CRSS,2024,person.csv,HELM_MIS,candidate_feature,occupant_person,533,"Helmet Use 
P11 
523 
2024 FARS/CRSS Coding and Validation Manual 
P11. Helmet Use 
Format 
Subfield 1: 2 numeric; Subfield 2: 1 numeric 
SAS Name 
Person.HELM_USE, Person.HELM_MIS 
Element Values 
Subfield 1—Helmet Use 
Codes 
Attributes 
20 
Not Applicable 
17 
No Helmet 
05 
DOT-Compliant Motorcycle Helmet 
16 
Helmet, Other than DOT-Compliant Motorcycle Helmet 
19 
Helmet, Unknown if DOT-Compliant 
98 
Not Reported 
99 
Reported as Unknown if Helmet Worn 
Subfield 2—Indication of Helmet Misuse? 
Codes 
Attributes 
7 
None Used/Not Applicable 
0 
No Indication of Misuse 
1 
Yes, Indication of Misuse 
Definition 
This element records the helmet use and any indications of misuse of the helmet by motor 
vehicle occupants of NCSA BODY TYPES 80-91, 96, and 97 at the time of the crash. 
Remarks 
Motorcycle helmets that are compliant with Federal Motor Vehicle Safety Standards typically 
weigh approximately 3 lbs; have an inner liner of at least 1 inch-thick, firm polystyrene foam; 
have an inside label that states the manufacturer, model, and date of manufacture; and have a 
DOT sticker on the back. 
Occupants of motor vehicles such as autocycles, ROVs, and go-karts may use a belt restraint 
system along with a helmet. For occupants of these vehicles, record both RESTRAINT 
SYSTEM USE and HELMET USE. This applies even if your State only requires and records 
helmet use."
CRSS,2024,person.csv,AIR_BAG,candidate_feature,occupant_person,536,"Air Bag Deployed 
P12 
526 
2024 FARS/CRSS Coding and Validation Manual 
P12. Air Bag Deployed 
Format 
2 numeric 
SAS Name 
Person.AIR_BAG 
Element Values 
Codes 
Attributes 
01 
Deployed- Front 
02 
Deployed- Side (door, seatback) 
03 
Deployed- Curtain (roof) 
07 
Deployed- Other (knee, air belt, etc.) 
08 
Deployed- Combination 
09 
Deployment- Unknown Location 
20 
Not Deployed 
98 
Not Reported 
99 
Reported as Deployment Unknown 
Definition 
This element is used to record air bag deployment for this person as reported in the case 
materials. 
Remarks 
Code this element regardless of the motor vehicle’s NCSA BODY TYPE or the age of the motor 
vehicle. When an air bag deployment is reported somewhere in the vehicle and the narrative or 
other case materials do not specify/clarify a seating position or occupant associated with the 
deployment, then code 98 (Not Reported) is applied. 
Air Bag(s) Deployed for This Seat Position 
01 (Deployed- Front), 02 (Deployed- Side), 03 (Deployed- Curtain), 07 (Deployed- Other), 
08 (Deployed- Combination), and 09 (Deployment- Unknown Location) are used only if you 
have indication in the available information that an air bag deployed for this occupant’s seat 
position (not for others in the vehicle). There may be multiple air bags available for this 
occupant’s seat position. 
01 (Deployed- Front), 02 (Deployed- Side), 03 (Deployed- Curtain), and 07 (Deployed- 
Other) are used if case materials indicate that an air bag deployed for this person from only one 
of these locations."
CRSS,2024,person.csv,EJECTION,candidate_feature,occupant_person,7,"v 
2024 FARS/CRSS Coding and Validation Manual 
Precrash Level Data Elements ................................................................................................. 377 
Precrash Data Overview ......................................................................................................... 378 
Precrash General Rules ........................................................................................................... 383 
Precrash Examples .................................................................................................................. 384 
PC3. Vehicle Number—Precrash Level ................................................................................. 409 
PC4. Contributing Circumstances, Motor Vehicle ................................................................. 410 
PC5. Trafficway Description .................................................................................................. 413 
PC6. Total Lanes in Roadway ................................................................................................ 416 
PC7. Speed Limit .................................................................................................................... 419 
PC8. Roadway Alignment ...................................................................................................... 421 
PC9. Roadway Grade .............................................................................................................. 423 
PC10. Roadway Surface Type—FARS Only ......................................................................... 425 
PC11. Roadway Surface Conditions ....................................................................................... 427 
PC12. Traffic Control Device ................................................................................................. 430 
PC13. Device Functioning ...................................................................................................... 436 
PC14. Driver’s Vision Obscured By ....................................................................................... 438 
PC15. Driver Maneuvered to Avoid ....................................................................................... 441 
PC16. Driver Distracted By .................................................................................................... 444 
PC17. Pre-Event Movement  (Prior to Recognition of Critical Event) .................................. 449 
PC18. Critical Event—Precrash (Category) ........................................................................... 452 
PC19. Critical Event—Precrash (Event) ................................................................................ 454 
PC20. Attempted Avoidance Maneuver ................................................................................. 466 
PC21. Pre-Impact Stability ..................................................................................................... 469 
PC22. Pre-Impact Location ..................................................................................................... 471 
PC23. Crash Type ................................................................................................................... 473 
Person Level (Motor Vehicle Occupant) Data Elements ....................................................... 500 
P3. Vehicle Number—Person Level (Motor Vehicle Occupant) ........................................... 501 
P4/NM3. Person Number ........................................................................................................ 502 
P5/NM5. Age .......................................................................................................................... 503 
P6/NM6. Sex ........................................................................................................................... 505 
P7. Person Type ...................................................................................................................... 507 
P8/NM10. Injury Severity ....................................................................................................... 509 
P9. Seating Position ................................................................................................................ 513 
P10. Restraint System Use ...................................................................................................... 518 
P11. Helmet Use ..................................................................................................................... 523 
P12. Air Bag Deployed ........................................................................................................... 526 
P13. Ejection ........................................................................................................................... 529 
P14. Ejection Path—FARS Only ............................................................................................ 531 
P15. Extrication—FARS Only ............................................................................................... 533 
P16/NM18. Police Reported Alcohol Involvement ................................................................ 534 
P17/NM19. Alcohol Test ........................................................................................................ 537 
P18/NM20. Police Reported Drug Involvement ..................................................................... 546 
P19/NM21. Drug Toxicology Results—FARS Only ............................................................. 549 
Drugs by Category Type—FARS Only .................................................................................. 564 
P20/NM22. Transported to First Medical Facility By ............................................................ 585"
CRSS,2024,person.csv,EJECTION,candidate_feature,occupant_person,38,"2024 FARS/CRSS Element Definitions 
28 
2024 FARS/CRSS Coding and Validation Manual 
2024 
Element 
ID 
Element Name 
FARS, CRSS, 
Case 
Structure 
Definition 
P6 
Sex 
FARS, CRSS 
This element identifies the sex of the 
person involved in the crash. 
P7 
Person Type 
FARS, CRSS 
This element describes the role of 
this person involved in the crash. 
P8 
Injury Severity 
FARS, CRSS 
This element describes the severity 
of the injury to this person in the 
crash. 
P9 
Seating Position 
FARS, CRSS 
This element identifies the location 
of this person in or on the vehicle. 
P10 
Restraint System Use 
FARS, CRSS 
This element records the restraint 
equipment in use by the occupant 
and any indication of misuse of the 
available restraint system, at the 
time of the crash. 
P11 
Helmet Use 
FARS, CRSS 
This element records the helmet use 
and any indications of misuse of the 
helmet by motor vehicle occupants 
of NCSA BODY TYPES 80-91, 96, 
and 97 at the time of the crash. 
P12 
Air Bag Deployed 
FARS, CRSS 
This element is used to record air 
bag deployment for this person as 
reported in the case materials. 
P13 
Ejection 
FARS, CRSS 
This element describes the ejection 
status and degree of ejection for this 
person, excluding motorcycle 
occupants. 
P14 
Ejection Path 
FARS Only 
This element identifies the path by 
which this person was ejected from 
the vehicle. 
P15 
Extrication 
FARS Only 
This element identifies if equipment 
was used to remove this person from 
the vehicle. 
P16 
Police Reported Alcohol 
Involvement 
FARS, CRSS 
This data element reflects only the 
judgment of law enforcement as to 
whether alcohol was involved or not 
for this person."
CRSS,2024,person.csv,EJECTION,candidate_feature,occupant_person,55,"200. Coding Instructions 
45 
2024 FARS/CRSS Coding and Validation Manual 
In the following situations people must be counted in Number of Person forms for a vehicle 
when structuring a case: 
1. If the vehicle is a large bus, only the driver and injured bus passengers are entered into 
the system for these vehicles, and additional Person forms will not be automatically 
created. 
2. Any driver or injured passenger of a motor vehicle in-transport. 
3. Any occupant of a motor vehicle not in-transport that is not a large bus (for bus occupants 
see number 1). 
The Created Records are editable and each of the values in the table below can be edited as 
appropriate. The standard edit checks are activated.  
Created Records Standard Set of Values 
Element Name 
Code 
Attribute 
Age 
998 
Not Reported 
Sex 
8 
Not Reported 
Person Type 
02 
Passenger of a Motor Vehicle in-
Transport 
Injury Severity 
0 
No Apparent Injury (O) 
Seating Position 
98 
Not Reported 
Restraint System Use Subfield 11, 2, 3 
98/20 
Not Reported/None Used/Not 
Applicable 
Restraint System Use Subfield 2 
7 
None Used/Not Applicable 
Helmet Use Subfield 11, 2, 3 
98/20 
Not Reported/None Used/Not 
Applicable 
Helmet Use Subfield 2 
7 
None Used/Not Applicable 
Air Bag Deployed 
98 
Not Reported 
Ejection 
7 
Not Reported 
*Ejection Path 
0 
Ejection Path Not Applicable 
*Extrication 
0 
Not Extricated or Not Applicable 
Police Reported Alcohol Involvement 
8 
Not Reported 
Alcohol Test Status 
0 
Test Not Given 
Alcohol Test Type 
00 
Test Not Given 
Alcohol Test Result 
996 
Test Not Given 
Police Reported Drug Involvement 
8 
Not Reported 
*Drug Test Status 
0 
Test Not Given 
*Drug Specimen 
00 
Test Not Given 
*Drug Testing Method 
00 
Test Not Given 
*Drug Test Result 
0000 
Test Not Given 
*Drug Quantity 
00 
Test Not Given 
Transported to First Medical Facility By 
0 
Not Transported for Treatment"
CRSS,2024,person.csv,EJECTION,candidate_feature,occupant_person,293,"Sequence of Events 
V37 
283 
2024 FARS/CRSS Coding and Validation Manual 
16 (Thrown or Falling Object) is used when any object (1) is thrown (intentionally or 
unintentionally) and impacts an in-transport vehicle, or (2) falls onto, into, or in the path of an in-
transport motor vehicle. If a tree limb falls from a tree and is contacted by a car, enter 16 
(Thrown or Falling Object). If a person maliciously throws an object off an overpass into 
traffic below, enter 16 (Thrown or Falling Object). This excludes contacts made by loads or 
objects set in motion by a motor vehicle (see 54 (Motor Vehicle In-Transport Strikes or is 
Struck by Cargo, Persons, or Objects Set in Motion from/by Another Motor Vehicle In-
Transport)). 
72 (Cargo/Equipment Loss, Shift, or Damage [harmful]) refers specifically to the loss or shift 
of items carried on or in a motor vehicle or its trailing unit, causing damage and/or injury to the 
vehicle, its occupants, its parts, trailing unit, or the cargo itself. Harm can be measured in loss of 
monetary value from unrecoverable cargo loss as well as physical damage. This attribute should 
never be used to refer to a “collision” event (see 54 (Motor Vehicle In-Transport Strikes or is 
Struck by Cargo, Persons, or Objects Set in Motion from/by Another Motor Vehicle In-
Transport)). 
Examples: 
• A pickup truck brakes rapidly to avoid a collision. This causes a piece of lumber in the 
pickup bed to smash through the rear window. 
• Unsecured cargo shifts inside a box truck and bursts through the wall of the trailer.  
• Pallets of beehives on a flatbed truck fall off the truck on a sharp curve causing the hives 
to open and the bees to fly away. 
Notes: 
In situations when a cargo shift is part of a collision event, the cargo shift is not coded separately. 
See Non-Collision events involving motorcycles and vehicles with a “load.” 
• Unsecured cargo shifts inside a box truck causing a loss of control. The driver 
overcorrects, driving off the road. This would be a 60 (Cargo/Equipment Loss or Shift 
[non-harmful]). 
• Use 07 (Other Non-Collision) in a situation where a motor vehicle in-transport is towing 
another unit (motor vehicle, trailer, etc.) and the second unit collides into the back of the 
power unit (not a Jackknife or part of a collision event). 
05 (Fell/Jumped from Vehicle) is used when an occupant of this vehicle falls or jumps (not 
suicide) from the vehicle causing injury. For example, an occupant of a motor vehicle in-
transport leans against the car door, it opens and the occupant falls out; or a person riding on a 
vehicle’s exterior (hood, roof, running board, etc.) falls or jumps, and is injured by the fall. If an 
occupant falls or jumps from a vehicle and is struck by that vehicle, use this attribute. Do not 
code 05 (Fell/Jumped from Vehicle) to represent an occupant that was ejected in the crash. For 
example, if a vehicle rolls over and an occupant is ejected during the rollover, do not code 05 
(Fell/Jumped from Vehicle) in the CRASH EVENTS to represent the ejection. It is captured in 
the element P13 EJECTION."
CRSS,2024,person.csv,EJECTION,candidate_feature,occupant_person,510,"Person Level (MV Occupant) Data Elements 
500 
2024 FARS/CRSS Coding and Validation Manual 
Person Level (Motor Vehicle Occupant) Data Elements 
P1. State Number—FARS Only 
P2. Consecutive Number—FARS Only 
P3. Vehicle Number – Person Level (MV Occupant) 
P4/NM3. Person Number 
P5/NM5. Age 
P6/NM6. Sex 
P7. Person Type 
P8/NM10. Injury Severity 
P9. Seating Position 
P10. Restraint System Use 
P11. Helmet Use 
P12. Air Bag Deployed 
P13. Ejection 
P14. Ejection Path—FARS Only 
P15. Extrication—FARS Only 
P16/NM18. Police Reported Alcohol Involvement 
P17/NM19. Alcohol Test 
P18/NM20. Police Reported Drug Involvement 
P19/NM21. Drug Toxicology Results—FARS Only 
Drugs by Category Type—FARS Only 
P20/NM22. Transported to First Medical Facility By 
P21/NM23. Died at Scene/En Route—FARS Only 
P22/NM24. Death Date—FARS Only 
P23/NM25. Death Time—FARS Only 
P24. Related Factors—Person (MV Occupant) Level"
CRSS,2024,person.csv,EJECTION,candidate_feature,occupant_person,537,"Air Bag Deployed 
P12 
527 
2024 FARS/CRSS Coding and Validation Manual 
01 (Deployed‐Front) refers to an air bag forward of a first-row occupant. The driver frontal air 
bag is located in the hub of the steering wheel. The right front passenger frontal air bag is located 
in the dashboard (instrument panel). 
02 (Deployed‐Side (door, seatback)) refers to an air bag mounted in the outboard side of the 
seat or in the door. Side impact air bags located between seating positions 11 and 13 within the 
inboard seatbacks or center console designed to mitigate occupant versus occupant injury are 
also collected in this attribute. 
In a convertible body type, a head impact curtain may deploy upward from the top of the door 
panel near the lower edge of the side glazing. This type of head protection is coded 03 
(Deployed‐ Curtain (roof) even though the air bag is located in the side door panel. 
03 (Deployed‐Curtain (roof)) refers to a head only, side impact air bag for outboard occupants. 
These are usually mounted in the roof rail above the side windows, deploying between the 
glazing and the occupant. These look like a curtain when deployed and are designed to help 
protect an adult’s head in a side‐impact crash. This includes a head impact curtain in a 
convertible car body type, which deploys upward from the door panel near the lower edge of the 
side glazing. A single curtain may cover one or all rows, or a vehicle may have one for the first 
row with another covering multiple rearward rows. 
The narrative may refer to these as a rollover curtain, roof bag, roof‐rail bag, roof curtain, anti‐
ejection curtain, or a safety canopy. These rollover curtains are a special type of side curtain air 
bag with sensors that measure vehicle tilting and protect occupants from injury and ejection 
during a rollover crash. 
07 (Deployed‐Other (knee, airbelt, etc.)) is used if the case materials indicate the air bag type 
that deployed is other than the ones listed above. If multiple “other” types of air bags deploy, use 
code 08 (Deployed‐Combination) for this person. 
Examples include: 
• Inflatable Seatbelt/Airbelts—Inflatable seatbelts are currently available for outboard 
passengers beyond the first row. Some airbelts will deploy in either front or side 
collisions. 
• Rear Impact Curtain—This curtain helps protect the last row occupants during a rearward 
impact. 
• Knee Air Bags/Knee Bolsters—This deploys from the lower instrument panel/dashboard. 
• Anti‐slide/Anti‐submarine/Seat Cushion Air Bag—This inflates in the seat cushion to 
help maintain the occupant’s seating position. 
08 (Deployed-Combination) is used if case materials indicate that multiple air bags of different 
types deployed for this seat position.  
09 (Deployment-Unknown Location) is used if an air bag did deploy for this seat position, but 
the origin of the air bag is not known. 
20 (Not Deployed) is used if the available information indicates that no air bags deployed for 
this seat position."
CRSS,2024,person.csv,EJECTION,candidate_feature,occupant_person,539,"Ejection 
P13 
529 
2024 FARS/CRSS Coding and Validation Manual 
P13. Ejection 
Format 
1 numeric 
SAS Name 
Person.EJECTION 
Element Values 
Codes 
Attributes 
0 
Not Ejected 
1 
Totally Ejected 
2 
Partially Ejected 
3 
Ejected - Unknown Degree 
7 
Not Reported 
8 
Not Applicable 
9 
Reported as Unknown if Ejected 
Definition 
This element describes the ejection status and degree of ejection for this person, excluding 
motorcycle occupants. 
Remarks 
Ejection refers to situations where forces from a crash cause occupants to be totally or partially 
thrown from the vehicle (including the bed of pickup trucks) during the course of the crash. This 
includes occupants of Jeeps, go-carts, snowmobiles, three- or four-wheel ATVs, three-wheeled 
motorcycles and three-wheeled autocycles. Note: This variable excludes occupants of two-
wheeled motorcycles. 
Partial ejection refers to those instances where some part but not all of an occupant’s body is at 
some time during the crash sequence outside the occupant compartment. 
0 (Not Ejected) is used if the case materials specifically so state for a given occupant. If the case 
materials do not show the ejection status of uninjured drivers or passengers, and there is no other 
information about ejection (e.g., in the narrative/diagram), then use 7 (Not Reported). 
1 (Totally Ejected) is used when the occupant’s body is entirely outside the vehicle but may be 
in contact with the vehicle. This includes occupants who are not initially in the seating 
compartment of the vehicle (e.g., pickup beds, boot of a convertible, and people riding on open 
tailgates)."
CRSS,2024,person.csv,EJECTION,candidate_feature,occupant_person,540,"Ejection 
P13 
530 
2024 FARS/CRSS Coding and Validation Manual 
Do not code 05 (Fell/Jumped from Vehicle) to represent an occupant that was ejected in the 
crash. For example, if a vehicle rolls over and an occupant is ejected during the rollover, do not 
code 05 (Fell/Jumped from Vehicle) in the CRASH EVENTS to represent the ejection. It is 
captured in the element EJECTION. 
2 (Partially Ejected) refers to those instances where some part but not all of an occupant’s body 
is at some time during the crash sequence outside the occupant compartment. This does not apply 
to occupants who are not initially in the seating compartment of the vehicle (e.g., pickup beds, 
boot of a convertible, and people riding on open tailgates), since any ejection for them is coded 
as 1 (Totally Ejected). 
3 (Ejected - Unknown Degree) is used when the case materials indicate that an occupant is 
ejected but fails to discriminate between total and partial ejection. 
7 (Not Reported) Check to see if 0 (Not Ejected) or 9 (Reported as Unknown if Ejected) are 
more appropriate for the situation. 
If a State’s crash report manual instructs to leave blank data blocks that are not applicable, then a 
blank in those data blocks is NOT considered “Not Reported.” 
Code 7 (Not Reported) in these two situations. 
1. No field or coding block exists on the State’s crash report to provide the information to 
code this element, AND no other information is available to code the element (e.g., 
narrative, diagram, case materials). 
2. A field or coding block exists on the State’s crash report that would provide the 
information needed to code this element, but it has been left blank, OR a code has been 
selected on the State’s crash report that does not map to any FARS/CRSS attribute, AND 
no other information is available to code the element (e.g., narrative, diagram, case 
materials). 
8 (Not Applicable) is used for people who are riding on or appended to by any means (hand 
grasp, tow rope, etc.) the exterior of a vehicle or for two-wheeled motorcycle occupants. The 
exterior of the vehicle includes running boards, roof, fenders, and bumpers but not the bed of 
pickup trucks, open tailgate, or boot of a convertible. 
9 (Reported as Unknown if Ejected) is used when the case materials specifically indicate 
unknown. 
For Consistency Checks see Understanding and Managing Consistency Checks and Ejection."
CRSS,2024,person.csv,EJECTION,candidate_feature,occupant_person,541,"Ejection Path—FARS Only 
P14 
531 
2024 FARS/CRSS Coding and Validation Manual 
P14. Ejection Path—FARS Only 
Format 
1 numeric 
SAS Name 
Person.EJ_PATH 
Element Values 
Codes 
Attributes 
0 
Ejection Path Not Applicable 
1 
Through Side Door Opening 
2 
Through Side Window 
3 
Through Windshield 
4 
Through Back Window 
5 
Through Back Door/Tailgate Opening 
6 
Through Roof Opening (sun-roof, convertible top down) 
7 
Through Roof (convertible top up) 
8 
Other Path (e.g., back of pick-up truck) 
9 
Ejection Path Unknown 
Definition 
This element identifies the path by which this person was ejected from the vehicle. 
Remarks 
0 (Ejection Path Not Applicable) is used when the element EJECTION is coded 0 (Not 
Ejected), 7 (Not Reported), 8 (Not Applicable), or 9 (Unknown if Ejected). This attribute is 
an auto-fill in RBIS. 
9 (Ejection Path Unknown) is used for ejected occupants when: 
1. No field or coding block exists on the State’s crash report to provide information to code 
ejection path AND no other information is available to code the element (e.g., narrative, 
diagram, case materials); or 
2. a field or coding block exists on the State’s crash report that would provide the 
information needed to code ejection path, but it has been left blank, AND no other 
information is available to code the element (e.g., narrative, diagram, case materials); or 
3. the police indicate ejection path is unknown."
CRSS,2024,person.csv,EJECTION,candidate_feature,occupant_person,542,"Ejection Path—FARS Only 
P14 
532 
2024 FARS/CRSS Coding and Validation Manual 
Use the following table as a guideline: 
Path 
Guideline 
Through side door opening 
all side doors 
Through side window 
all side windows, bus side windows 
Through windshield 
front windshield only 
Through back window 
standard rear window, back window of Bronco, van 
Through back door/tailgate 
opening 
station wagon tailgate, back door of truck, back door of 
Bronco, van 
Through roof opening 
(sunroof, convertible top down) t-top, targa top 
Through roof 
(convertible top up) 
Other path 
(back of pickup truck) torn-off roof, car cut in half 
Ejection Path Unknown 
driver’s side, unspecified; passenger’s side unspecified 
For Consistency Checks see Understanding and Managing Consistency Checks and Ejection 
Path—FARS Only."
CRSS,2024,person.csv,EJECTION,candidate_feature,occupant_person,820,"Appendix B: 2024 Consistency Checks 
B-99 
2024 FARS/CRSS Coding and Validation Manual 
Error ID 
IF 
THEN 
Road), 085 (Motorcycle - Dual 
Sport/Adventure/Supermoto/On/Off-
road), 086 (Off-Road Vehicle - Enduro 
(Off-road long-distance racing)), 087 
(Motorcycle - Small/Minibike), 90 
(Motorcycle - Side Car), 094 
(Motorcycle - Custom), 098 
(Motorcycle - Street), 100 (Motorcycle 
- Enclosed Three Wheeled or Enclosed 
Autocycle [1 Rear Wheel]), 103 
(Motorcycle - Unenclosed Three 
Wheeled or Open Autocycle [1 Rear 
Wheel]), 109 (Motorcycle - Cross 
Country), 110 (Motorcycle - 
Underbone), 113 (Off-road Vehicle - 
Motorcross (Off-road short distance, 
closed track racing)), 114 (Motorcycle 
- Competition), 125 (Motorcycle - 
Unknown Body Type), or 131 
(Motorcycle - Three Wheeled, 
Unknown Enclosure or Autocycle, 
Unknown Enclosure), 
4S0P 
vPIC BODY CLASS equals 006 
(Motorcycle - Standard), 012 
(Motorcycle - Scooter), 080 
(Motorcycle - Sport), 081 (Motorcycle 
- Touring/Sport Touring), 082 
(Motorcycle - Cruiser), 084 (Off-Road 
Vehicle - Dirt Bike/Off-Road), 085 
(Motorcycle - Dual 
Sport/Adventure/Supermoto/On/Off-
road), 086 (Off-Road Vehicle - Enduro 
(Off-road long-distance racing)), 087 
(Motorcycle - Small/Minibike), 090 
(Motorcycle - Side Car), 094 
(Motorcycle - Custom), 098 
(Motorcycle - Street), 104 (Moped), 
109 (Motorcycle - Cross Country), 110 
(Motorcycle - Underbone), 113 (Off-
road Vehicle - Motorcross (Off-road 
short distance, closed track racing)), 
114 (Motorcycle - Competition), or 
125 (Motorcycle - Unknown Body 
Type), 
EJECTION must equal 8."
CRSS,2024,person.csv,EJECTION,candidate_feature,occupant_person,829,"Appendix B: 2024 Consistency Checks 
B-108 
2024 FARS/CRSS Coding and Validation Manual 
Error ID 
IF 
THEN 
(Motorcycle - Underbone), 113 (Off-
road Vehicle - Motorcross (Off-road 
short distance, closed track racing)), 
114 (Motorcycle - Competition), or 
125 (Motorcycle - Unknown Body 
Type). 
P094 
EJECTION equals 8,  
SEATING POSITION must equal 55 
or 56, or vPIC BODY CLASS must 
equal 006 (Motorcycle - Standard), 
012 (Motorcycle - Scooter), 080 
(Motorcycle - Sport), 081 (Motorcycle 
- Touring/Sport Touring), 082 
(Motorcycle - Cruiser), 084 (Off-Road 
Vehicle - Dirt Bike/Off-Road), 085 
(Motorcycle - Dual 
Sport/Adventure/Supermoto/On/Off-
road), 086 (Off-Road Vehicle - Enduro 
(Off-road long-distance racing)), 087 
(Motorcycle - Small/Minibike), 090 
(Motorcycle - Side Car), 094 
(Motorcycle - Custom), 098 
(Motorcycle - Street), 104 (Moped), 
109 (Motorcycle - Cross Country), 110 
(Motorcycle - Underbone), 113 (Off-
road Vehicle - Motorcross (Off-road 
short distance, closed track racing)), 
114 (Motorcycle - Competition), or 
125 (Motorcycle - Unknown Body 
Type). 
P290 
AIR BAG DEPLOYED equals 01-03 
or 07-09, and vPIC BODY CLASS 
equals 001 (Convertible/Cabriolet), 
002 (Minivan), 003 (Coupe), 005 
(Hatchback/Liftback/Notchback), 007 
(Sport Utility Vehicle (SUV)/Multi-
Purpose Vehicle (MPV)), 008 
(Crossover Utility Vehicle (CUV)), 
009 (Van), 010 (Roadster), 011 
(Truck), 013 (Sedan/Saloon), 015 
(Wagon), 060 (Pickup), 117 
(Limousine), 119 (Sport Utility Truck 
(SUT)), or FINAL STAGE BODY 
CLASS equals 007 (Sport Utility 
Vehicle (SUV)/Multi-Purpose Vehicle 
SEATING POSITION should equal 
11, 13, 21, 23, 31, or 33."
CRSS,2024,person.csv,EJECTION,candidate_feature,occupant_person,948,"Appendix B: 2024 Consistency Checks 
B-227 
2024 FARS/CRSS Coding and Validation Manual 
Error ID 
IF 
THEN 
Unknown Body Type), or any 
RELATED FACTORS-VEHICLE 
LEVEL equals 030, 
1Z3N 
vPIC Body Class equals 006 
(Motorcycle - Standard), 012 
(Motorcycle - Scooter), 080 
(Motorcycle - Sport), 081 (Motorcycle 
- Touring/Sport Touring), 082 
(Motorcycle - Cruiser), 084 (Off-Road 
Vehicle - Dirt Bike/Off-Road), 085 
(Motorcycle - Dual Sport / Adventure / 
Supermoto / On/Off-road), 086 (Off-
Road Vehicle - Enduro (Off-road long-
distance racing)), 087 (Motorcycle - 
Small/Minibike), 090 (Motorcycle - 
Side Car), 094 (Motorcycle - Custom), 
098 (Motorcycle - Street), 104 
(Moped), 109 (Motorcycle - Cross 
Country), 110 (Motorcycle - 
Underbone), 113 (Off-road Vehicle - 
Motorcross (Off-road short distance, 
closed track racing)), 114 (Motorcycle 
- Competition), or 125 (Motorcycle - 
Unknown Body Type), 
SEQUENCE OF EVENTS for this 
vehicle should not equal any of the 
collision events 08, 09, 10, 11, 12, 14, 
15, 17, 18, 19, 20, 21, 23, 24, 25, 26, 
30, 31, 32, 33, 34, 35, 38, 39, 40, 41, 
42, 43, 45, 46, 48, 49, 50, 52, 53, 54, 
55, 57, 58, 59, 73, 74, 91, 93, 
immediately followed by 01 or 05. 
1Z4N 
SEQUENCE OF EVENTS must not 
equal 63, 64, 71, 66, 67, or 69 more 
than once consecutively for this 
vehicle. 
-- 
1Z4P 
all events in the SEQUENCE OF 
EVENTS for this vehicle equal 05, 
EJECTION must not equal 1, 2, 3, 7, 
or 9. 
1Z5P 
this vehicle is involved in more than 
one event and SEQUENCE OF 
EVENTS equals 05 for one of them,  
EJECTION must not equal 1, 2, 3, 7, 
or 9 for every occupant in the vehicle. 
1Z6P 
this vehicle is involved in more than 
one event and SEQUENCE OF 
EVENTS equals 05 for one of them, 
then  
EJECTION should not equal 1, 2, 3, 7, 
or 9 for some occupants and not 
others. (It's unlikely that one occupant 
would fall and another occupant would 
be ejected from the same vehicle.) 
1Z7P 
SEQUENCE OF EVENTS equals 69 
for this vehicle,  
this vehicle's SEQUENCE OF 
EVENTS must include 63, 64, 71, or 
79 in a prior event."
CRSS,2024,person.csv,EJECTION,candidate_feature,occupant_person,1051,"Appendix B: 2024 Consistency Checks 
B-330 
2024 FARS/CRSS Coding and Validation Manual 
Error ID 
IF 
THEN 
114 (Motorcycle - Competition), or 
125 (Motorcycle - Unknown Body 
Type), 
1R0P 
SEATING POSITION equals 51, and 
vPIC BODY CLASS equals 016 
(Bus), 068 (Streetcar / Trolley), or 73 
(Bus-School Bus), or FINAL STAGE 
BODY CLASS equals 016 (Bus), 068 
(Streetcar / Trolley), or 73 (Bus-
School Bus), 
INJURY SEVERITY must not equal 
0, 9. 
2M0F 
PERSON TYPE equals 01, 
SEATING POSITION must not equal 
21-56, 98, or 99. 
2Q0F 
PERSON TYPE equals 02 or 03, and 
vPIC BODY CLASS equals 001 
(Convertible/Cabriolet), 003 (Coupe), 
005 (Hatchback/Liftback/Notchback), 
010 (Roadster), 013 (Sedan/Saloon), 
060 (Pickup), 105 (Off-road Vehicle - 
Multipurpose Off-Highway Utility 
Vehicles [MOHUV] or Recreational 
Off-Highway Vehicle [ROV]), 108 
(Motorhome), 111 (Step Van / Walk-in 
Van), 117 (Limousine), 126 (Off-road 
Vehicle - Farm Equipment), or 127 
(Off-road Vehicle - Construction 
Equipment), or FINAL STAGE 
BODY CLASS equals 060 (Pickup), 
108 (Motorhome), 111 (Step Van / 
Walk-in Van), or 117 (Limousine), 
SEATING POSITION must not equal 
31-50. 
3Q0F 
SEATING POSITION equals 50 
(Sleeper Section of Cab [Truck]), 
vPIC BODY CLASS should equal 011 
(Truck) or 066 (Truck-Tractor), or 
FINAL STAGE BODY CLASS 
should equal 011 (Truck) or 066 
(Truck-Tractor), and POWER UNIT 
GVWR_FROM and POWER UNIT 
GVWR_To should equal 13-18. 
3R0P 
AIR BAG DEPLOYED does not equal 
20, 98, or 99, 
SEATING POSITION should not 
equal 12, 22, 32, 41-56.  
3S0P 
SEATING POSITION equals 55, 56, 
EJECTION must equal 8. 
4Q0F 
PERSON TYPE equals 02, and vPIC 
BODY CLASS equals 006 
(Motorcycle - Standard), 012 
SEATING POSITION should equal 
13, 21, 54, 55, or 56."
CRSS,2024,person.csv,EJECTION,candidate_feature,occupant_person,1053,"Appendix B: 2024 Consistency Checks 
B-332 
2024 FARS/CRSS Coding and Validation Manual 
Error ID 
IF 
THEN 
RELATED FACTORS - DRIVER 
LEVEL should equal 094. 
5M5G 
SPECIAL USE equals 05, and 
PERSON TYPE equals 02 and 
SEATING POSITION equals 13 or 
PERSON TYPE equals 03 and 
SEATING POSITION equals 11 or 13, 
at least one RELATED FACTORS - 
PERSON (MV OCCUPANT) LEVEL 
should equal 087. 
5Q0F 
PERSON TYPE equals 02, and vPIC 
BODY CLASS equals 016 (Bus), 068 
(Streetcar / Trolley), or 73 (Bus-
School Bus), or FINAL STAGE 
BODY CLASS equals 016 (Bus), 068 
(Streetcar / Trolley), or 73 (Bus-
School Bus), 
SEATING POSITION must equal 12-
18, 51, 52, 54, 55, 56, 98, or 99. 
6Q0F 
PERSON TYPE equals 02 or 03, and 
vPIC BODY CLASS equals 011 
(Truck), 066 (Truck-Tractor), 128 
(Ambulance), 129 (Street Sweeper), or 
130 (Fire Apparatus), or FINAL 
STAGE BODY CLASS equals 011 
(Truck), 066 (Truck-Tractor), 128 
(Ambulance), 129 (Street Sweeper), or 
130 (Fire Apparatus), 
SEATING POSITION should not 
equal 31-49. 
7Q0F 
PERSON TYPE equals 09,  
SEATING POSITION must equal 19, 
98, or 99. 
P030 
SPECIAL USE is not equal to 21 and 
PERSON TYPE equals 01, 
SEATING POSITION should not 
equal 12-19. 
P040 
PERSON TYPE equals 02, 09, 
SEATING POSITION should not 
equal 11. 
P060 
SEATING POSITION equals 18, 28, 
38, 48, 50-54, 
RESTRAINT SYSTEM USE 
Subfield-1 Type of Restraint System in 
Use should not equal 01, 03. 
P061 
SEATING POSITION equals 55 or 56,  RESTRAINT SYSTEM USE Subfield 
1-Type of Restraint System in Use 
must equal 20. 
P062 
SEATING POSITION equals 56, 
PERSON TYPE must equal 02. 
P094 
EJECTION equals 8,  
SEATING POSITION must equal 55 
or 56, or vPIC BODY CLASS must 
equal 006 (Motorcycle - Standard), 
012 (Motorcycle - Scooter), 080"
CRSS,2024,person.csv,EJECTION,candidate_feature,occupant_person,1057,"Appendix B: 2024 Consistency Checks 
B-336 
2024 FARS/CRSS Coding and Validation Manual 
Error ID 
IF 
THEN 
Motorcross (Off-road short distance, 
closed track racing)), 114 (Motorcycle 
- Competition), or 125 (Motorcycle - 
Unknown Body Type). 
2R1P 
RESTRAINT SYSTEM USE Subfield 
2 Indication of Restraint System 
Misuse equals 1, 
RESTRAINT SYSTEM USE Subfield 
1 Type of Restraint System in Use 
must equal 01-04, 06, 08, 10-12, or 97. 
2R3P 
RESTRAINT SYSTEM USE Subfield 
1-Type of Restraint System in Use 
equals 01-04, 06, 08, 10-12, or 97; 
RESTRAINT SYSTEM USE Subfield 
2 - Indication of Restraint System 
Misuse must equal 0 or 1. 
2S3P 
RESTRAINT SYSTEM USE Subfield 
1-Type of Restraint System in Use 
equals 20, 98, or 99, 
RESTRAINT SYSTEM USE Subfield 
2 - Indication of Restraint System 
Misuse must equal 7. 
2S4P 
AGE equals 000-004 and 
RESTRAINT SYSTEM USE Subfield 
1-Type of Restraint System in Use 
does not equal 04, 10, 11, 12, 20, 98, 
or 99, 
RESTRAINT SYSTEM USE Subfield 
2 - Indication of Restraint System 
Misuse must equal 1. 
2S5P 
AGE equals 005-007 and 
RESTRAINT SYSTEM USE Subfield 
1-Type of Restraint System in Use 
does not equal 04, 10, 12, 20, 98, or 
99, 
RESTRAINT SYSTEM USE Subfield 
2 - Indication of Restraint System 
Misuse must equal 1. 
3M0F 
PERSON TYPE equals 01, 
RESTRAINT SYSTEM USE Subfield 
1 Type of Restraint System in Use 
must not equal 04, 10-12. 
D570 
any CITATIONS ISSUED equals 83, 
not all occupants of this vehicle should 
have RESTRAINT SYSTEM USE 
Subfield-1 Type of Restraint System in 
Use equal to 01-06, 08, 10-12. 
P01F 
RESTRAINT SYSTEM USE 
Subfield-1 Type of Restraint System in 
Use equals 01-06, 08, or 10-12, 
EJECTION should equal 0 or 7. 
P020 
PERSON TYPE equals 02, 03, 09, and 
RESTRAINT SYSTEM USE 
Subfield-1 Type of Restraint System in 
Use equals 04, 10-12, 
AGE should be less than 010, or equal 
to 998 or 999. 
P050 
EJECTION equals 1, 
RESTRAINT SYSTEM USE 
Subfield-1 Type of Restraint System in 
Use should not equal 01-06, 08, 10-12."
CRSS,2024,person.csv,EJECTION,candidate_feature,occupant_person,1064,"Appendix B: 2024 Consistency Checks 
B-343 
2024 FARS/CRSS Coding and Validation Manual 
Error ID 
IF 
THEN 
Truck (SUT)), and VEHICLE 
MODEL YEAR equals 1998 or newer, 
and does not equal to 9998 or 9999, 
V310 
SEATING POSITION equals 54 and 
VEHICLE TRAILING equals 1-4, 
AIR BAG DEPLOYED must equal 
20. 
V320 
vPIC BODY CLASS equals 011 
(Truck), 016 (Bus), 066 (Truck-
Tractor), 068 (Streetcar / Trolley), 73 
(Bus-School Bus), 95 (Cargo Van), 
108 (Motorhome), 111 (Step Van / 
Walk-in Van), 128 (Ambulance), 129 
(Street Sweeper), or 130 (Fire 
Apparatus), or FINAL STAGE BODY 
CLASS equals 011 (Truck), 016 (Bus), 
066 (Truck-Tractor), 068 (Streetcar / 
Trolley), 73 (Bus-School Bus), 95 
(Cargo Van), 108 (Motorhome), 111 
(Step Van / Walk-in Van), 128 
(Ambulance), 129 (Street Sweeper), or 
130 (Fire Apparatus), and POWER 
UNIT GVWR_from and GVWR_to 
equals 13-18, and SEATING 
POSITION does not equal 11, 13, or 
98, 
AIR BAG DEPLOYED should equal 
20 or 98. 
Ejection 
Error ID 
IF 
THEN 
1Z4P 
all events in the SEQUENCE OF 
EVENTS for this vehicle equal 05, 
EJECTION must not equal 1, 2, 3, 7, 
or 9. 
1Z5P 
this vehicle is involved in more than 
one event and SEQUENCE OF 
EVENTS equals 05 for one of them,  
EJECTION must not equal 1, 2, 3, 7, 
or 9 for every occupant in the vehicle. 
1Z6P 
this vehicle is involved in more than 
one event and SEQUENCE OF 
EVENTS equals 05 for one of them, 
then  
EJECTION should not equal 1, 2, 3, 7, 
or 9 for some occupants and not 
others. (It's unlikely that one occupant 
would fall and another occupant would 
be ejected from the same vehicle.) 
3S0P 
SEATING POSITION equals 55, 56, 
EJECTION must equal 8. 
4S0P 
vPIC BODY CLASS equals 006 
(Motorcycle - Standard), 012 
EJECTION must equal 8."
CRSS,2024,person.csv,EJECTION,candidate_feature,occupant_person,1065,"Appendix B: 2024 Consistency Checks 
B-344 
2024 FARS/CRSS Coding and Validation Manual 
Error ID 
IF 
THEN 
(Motorcycle - Scooter), 080 
(Motorcycle - Sport), 081 (Motorcycle 
- Touring/Sport Touring), 082 
(Motorcycle - Cruiser), 084 (Off-Road 
Vehicle - Dirt Bike/Off-Road), 085 
(Motorcycle - Dual 
Sport/Adventure/Supermoto/On/Off-
road), 086 (Off-Road Vehicle - Enduro 
(Off-road long-distance racing)), 087 
(Motorcycle - Small/Minibike), 090 
(Motorcycle - Side Car), 094 
(Motorcycle - Custom), 098 
(Motorcycle - Street), 104 (Moped), 
109 (Motorcycle - Cross Country), 110 
(Motorcycle - Underbone), 113 (Off-
road Vehicle - Motorcross (Off-road 
short distance, closed track racing)), 
114 (Motorcycle - Competition), or 
125 (Motorcycle - Unknown Body 
Type),  
P01F 
RESTRAINT SYSTEM USE 
Subfield-1 Type of Restraint System in 
Use equals 01-06, 08, or 10-12, 
EJECTION should equal 0 or 7. 
P050 
EJECTION equals 1, 
RESTRAINT SYSTEM USE 
Subfield-1 Type of Restraint System in 
Use should not equal 01-06, 08, 10-12. 
P094 
EJECTION equals 8,  
SEATING POSITION must equal 55 
or 56, or vPIC BODY CLASS must 
equal 006 (Motorcycle - Standard), 
012 (Motorcycle - Scooter), 080 
(Motorcycle - Sport), 081 (Motorcycle 
- Touring/Sport Touring), 082 
(Motorcycle - Cruiser), 084 (Off-Road 
Vehicle - Dirt Bike/Off-Road), 085 
(Motorcycle - Dual 
Sport/Adventure/Supermoto/On/Off-
road), 086 (Off-Road Vehicle - Enduro 
(Off-road long-distance racing)), 087 
(Motorcycle - Small/Minibike), 090 
(Motorcycle - Side Car), 094 
(Motorcycle - Custom), 098 
(Motorcycle - Street), 104 (Moped), 
109 (Motorcycle - Cross Country), 110 
(Motorcycle - Underbone), 113 (Off-"
CRSS,2024,person.csv,EJECTION,candidate_feature,occupant_person,1066,"Appendix B: 2024 Consistency Checks 
B-345 
2024 FARS/CRSS Coding and Validation Manual 
Error ID 
IF 
THEN 
road Vehicle - Motorcross (Off-road 
short distance, closed track racing)), 
114 (Motorcycle - Competition), or 
125 (Motorcycle - Unknown Body 
Type). 
Ejection—FARS Only 
Error ID 
IF 
THEN 
6S0P 
EJECTION equals 1, 
EXTRICATION must not equal 1, 9. 
BA0P 
EJECTION equals 0, 7, 8, or 9, 
EJECTION PATH must equal 0. 
BB0P 
EJECTION equals 1-3,  
EJECTION PATH must equal 1-9. 
Ejection Path—FARS Only 
Error ID 
IF 
THEN 
BA0P 
EJECTION equals 0, 7, 8, or 9, 
EJECTION PATH must equal 0. 
BB0P 
EJECTION equals 1-3,  
EJECTION PATH must equal 1-9. 
Extrication—FARS Only 
Error ID 
IF 
THEN 
5S0P 
vPIC BODY CLASS equals 006 
(Motorcycle - Standard), 012 
(Motorcycle - Scooter), 069 (Off-road 
Vehicle - All Terrain Vehicle (ATV) 
(Motorcycle-style)), 080 (Motorcycle - 
Sport), 081 (Motorcycle - 
Touring/Sport Touring), 082 
(Motorcycle - Cruiser), 083 
(Motorcycle - Three-Wheeled 
Motorcycle [2 Rear Wheels]), 084 
(Off-Road Vehicle - Dirt Bike/Off-
Road), 085 (Motorcycle - Dual 
Sport/Adventure/Supermoto/On/Off-
road), 086 (Off-Road Vehicle - Enduro 
(Off-road long-distance racing)), 087 
(Motorcycle - Small/Minibike), 090 
(Motorcycle - Side Car), 094 
(Motorcycle - Custom), 098 
(Motorcycle - Street), 103 (Motorcycle 
EXTRICATION must equal 0."
CRSS,2024,person.csv,EJECTION,candidate_feature,occupant_person,1067,"Appendix B: 2024 Consistency Checks 
B-346 
2024 FARS/CRSS Coding and Validation Manual 
Error ID 
IF 
THEN 
- Unenclosed Three Wheeled or Open 
Autocycle [1 Rear Wheel]), 104 
(Motorcycle - Moped), 109 
(Motorcycle - Cross Country), 110 
(Motorcycle - Underbone), 113 (Off-
road Vehicle - Motorcross (Off-road 
short distance, closed track racing)), 
114 (Motorcycle - Competition), 125 
(Motorcycle - Unknown Body Type), 
or 131 (Motorcycle - Three Wheeled, 
Unknown Enclosure or Autocycle, 
Unknown Enclosure), 
6S0P 
EJECTION equals 1, 
EXTRICATION must not equal 1, 9. 
Police Reported Alcohol Involvement 
Error ID 
IF 
THEN 
4X4F 
any CONDITION (IMPAIRMENT) 
AT TIME OF CRASH (D23) equals 
09, 
POLICE REPORTED ALCOHOL 
INVOLVEMENT (P16), or POLICE 
REPORTED DRUG 
INVOLVEMENT (P19) should equal 
1 for this person. 
D090 
any CITATIONS ISSUED equals 11-
19, and PERSON TYPE equals 01, 03, 
POLICE REPORTED ALCOHOL 
INVOLVEMENT should equal 1, or 
POLICE REPORTED DRUG 
INVOLVEMENT should equal 1. 
P072 
PERSON TYPE equals 02, 03, and 
INJURY SEVERITY equals 0, and 
ALCOHOL TEST RESULT equals 
996, 
POLICE REPORTED ALCOHOL 
INVOLVEMENT should equal 0, 8. 
P300 
POLICE REPORTED ALCOHOL 
INVOLVEMENT equals 1, and 
INJURY SEVERITY equals 4, 
ALCOHOL TEST STATUS should 
not equal 0. 
Alcohol Test 
Error ID 
IF 
THEN 
5T3P 
ALCOHOL TEST TYPE equals 07, 
ALCOHOL TEST RESULT must 
equal 000, 997, or 998."
CRSS,2024,person.csv,EJECTION,candidate_feature,occupant_person,1144,"Appendix B: 2024 Consistency Checks 
B-423 
2024 FARS/CRSS Coding and Validation Manual 
Error ID 
Error Message 
Road Vehicle - Enduro (Off-road long-distance racing)), 087 (Motorcycle - 
Small/Minibike), 090 (Motorcycle - Side Car), 094 (Motorcycle - Custom), 098 
(Motorcycle - Street), 104 (Moped), 109 (Motorcycle - Cross Country), 110 
(Motorcycle - Underbone), 113 (Off-road Vehicle - Motorcross (Off-road short 
distance, closed track racing)), 114 (Motorcycle - Competition), or 125 
(Motorcycle - Unknown Body Type), or any RELATED FACTORS-VEHICLE 
LEVEL equals 030, then ROLLOVER must equal 3. 
1Z3N 
If vPIC Body Class equals 006 (Motorcycle - Standard), 012 (Motorcycle - 
Scooter), 080 (Motorcycle - Sport), 081 (Motorcycle - Touring/Sport Touring), 
082 (Motorcycle - Cruiser), 084 (Off-Road Vehicle - Dirt Bike/Off-Road), 085 
(Motorcycle - Dual Sport / Adventure / Supermoto / On/Off-road), 086 (Off-
Road Vehicle - Enduro (Off-road long-distance racing)), 087 (Motorcycle - 
Small/Minibike), 090 (Motorcycle - Side Car), 094 (Motorcycle - Custom), 098 
(Motorcycle - Street), 104 (Moped), 109 (Motorcycle - Cross Country), 110 
(Motorcycle - Underbone), 113 (Off-road Vehicle - Motorcross (Off-road short 
distance, closed track racing)), 114 (Motorcycle - Competition), or 125 
(Motorcycle - Unknown Body Type), then SEQUENCE OF EVENTS for this 
vehicle should not equal any of the collision events 08, 09, 10, 11, 12, 14, 15, 
17, 18, 19, 20, 21, 23, 24, 25, 26, 30, 31, 32, 33, 34, 35, 38, 39, 40, 41, 42, 43, 
45, 46, 48, 49, 50, 52, 53, 54, 55, 57, 58, 59, 73, 74, 91, 93, immediately 
followed by 01 or 05. 
1Z4N 
SEQUENCE OF EVENTS must not equal 63, 64, 71, 66, 67, or 69 more than 
once consecutively for this vehicle. 
1Z4P 
If all events in the SEQUENCE OF EVENTS for this vehicle equal 05, then 
EJECTION must not equal 1, 2, 3, 7, or 9. 
1Z5P 
If this vehicle is involved in more than one event and SEQUENCE OF 
EVENTS equals 05 for one of them, then EJECTION must not equal 1, 2, 3, 7, 
or 9 for every occupant in the vehicle. 
1Z6P 
If this vehicle is involved in more than one event and SEQUENCE OF 
EVENTS equals 05 for one of them, then EJECTION should not equal 1, 2, 3, 7, 
or 9 for some occupants and not others. (It's unlikely that one occupant would 
fall and another occupant would be ejected from the same vehicle.) 
1Z7P 
If SEQUENCE OF EVENTS equals 69 for this vehicle, then this vehicle's 
SEQUENCE OF EVENTS must include 63, 64, 71, or 79 in a prior event. 
1Z8P 
If the SEQUENCE OF EVENTS for this vehicle includes 46, then TRAFFIC 
CONTROL DEVICE should not equal 00. 
1Z9P 
This vehicle’s SEQUENCE OF EVENTS must only include 02, 03, or 04 once."
CRSS,2024,person.csv,EJECTION,candidate_feature,occupant_person,1154,"Appendix B: 2024 Consistency Checks 
B-433 
2024 FARS/CRSS Coding and Validation Manual 
Error ID 
Error Message 
3E11 
If PRE-EVENT MOVEMENT (PRIOR TO RECOGNITION OF CRITICAL 
EVENT) equals 01, then CRITICAL EVENT - PRECRASH (EVENT) should 
not equal 15 or 16. 
3F00 
If CRASH TYPE equals 76-85, then CRITICAL EVENT – PRECRASH 
(EVENT) must not equal 60-64. 
3H0F 
If DRIVER PRESENCE equals 1, then there must be one and only one Person 
Level form for that vehicle with PERSON TYPE equal to 01, or there must be 
no Person Level form for that vehicle with PERSON TYPE equal to 01, and at 
least two Person Level forms for that vehicle with PERSON TYPE equal to 09. 
3I2P 
If DRIVER’S LICENSE STATE equals 98, 99, then all driver history counters 
must equal 99. 
3J0P 
If all counters equal 00, then DATE OF MOST RECENT CRASH, 
SUSPENSION, CONVICTION must equal 000000. 
3J1P 
If all counters equal 00, then DATE OF OLDEST CRASH, SUSPENSION, 
CONVICTION must equal 000000. 
3K0P 
If DATE OF MOST RECENT CRASH [Year], SUSPENSION, CONVICTION 
is not equal to 9999 and DATE OF MOST RECENT CRASH [Month], 
SUSPENSION, CONVICTION is not equal to 99; then DATE OF MOST 
RECENT CRASH, SUSPENSION, CONVICTION must be less than or equal 
to CRASH DATE. 
3M0F 
If PERSON TYPE equals 01, then RESTRAINT SYSTEM USE Subfield 1 
Type of Restraint System in Use must not equal 04, 10-12. 
3P0F 
If PERSON TYPE equals 03-07, 08, 10, or 19, then INJURY SEVERITY 
should not equal 6. 
3Q0F 
If SEATING POSITION equals 50 (Sleeper Section of Cab [Truck]), then vPIC 
BODY CLASS should equal 011 (Truck) or 066 (Truck-Tractor), or FINAL 
STAGE BODY CLASS should equal 011 (Truck) or 066 (Truck-Tractor), and 
POWER UNIT GVWR_FROM and POWER UNIT GVWR_To should equal 
13-18. 
3R0P 
If AIR BAG DEPLOYED does not equal 20, 98, or 99, then SEATING 
POSITION should not equal 12, 22, 32, 41-56. 
3S0P 
If SEATING POSITION equals 55, 56, then EJECTION must equal 8. 
3U1P 
If DEATH DATE equals CRASH DATE, and CRASH HOUR is not equal to 
99, then DEATH HOUR must not be less than CRASH HOUR. 
3U2P 
If DEATH DATE equals CRASH DATE, and DEATH HOUR equals CRASH 
HOUR and CRASH MINUTE is not equal to 99, then DEATH MINUTE must 
not be less than CRASH MINUTE."
CRSS,2024,person.csv,EJECTION,candidate_feature,occupant_person,1162,"Appendix B: 2024 Consistency Checks 
B-441 
2024 FARS/CRSS Coding and Validation Manual 
Error ID 
Error Message 
(Identification Number) should not equal 888888888, 777777777, 999999997, 
999999999. 
4NBP 
If MOTOR CARRIER IDENTIFICATION NUMBER (Issuing Authority) 01-
58, 95, 96, then MOTOR CARRIER IDENTIFICATION NUMBER 
(Identification Number) must not equal 000000000. 
4NCP 
If MOTOR CARRIER IDENTIFICATION NUMBER (Issuing Authority) is 00 
or 77 or 88 or 99, then MOTOR CARRIER IDENTIFICATION NUMBER 
(Identification Number) must be filled respectively as 000000000 or 777777777 
or 88888888 or 999999999. 
4Q0F 
If PERSON TYPE equals 02, and vPIC BODY CLASS equals 006 (Motorcycle 
- Standard), 012 (Motorcycle - Scooter), 080 (Motorcycle - Sport), 081 
(Motorcycle - Touring/Sport Touring), 082 (Motorcycle - Cruiser), 083 
(Motorcycle - Three-Wheeled Motorcycle [2 Rear Wheels]), 084 (Off-Road 
Vehicle - Dirt Bike/Off-Road), 085 (Motorcycle - Dual 
Sport/Adventure/Supermoto/On/Off-road), 086 (Off-Road Vehicle - Enduro 
(Off-road long-distance racing)), 087 (Motorcycle - Small/Minibike), 090 
(Motorcycle - Side Car), 094 (Motorcycle - Custom), 098 (Motorcycle - Street), 
100 (Motorcycle - Enclosed Three Wheeled or Enclosed Autocycle [1 Rear 
Wheel]), 103 (Motorcycle - Unenclosed Three Wheeled or Open Autocycle [1 
Rear Wheel]), 109 (Motorcycle - Cross Country), 110 (Motorcycle - 
Underbone), 113 (Off-road Vehicle - Motorcross (Off-road short distance, 
closed track racing)), 114 (Motorcycle - Competition), 125 (Motorcycle - 
Unknown Body Type), or 131 (Motorcycle - Three Wheeled, Unknown 
Enclosure or Autocycle, Unknown Enclosure), then SEATING POSITION 
should equal 13, 21, 54, 55, or 56. 
4R0P 
If SEATING POSITION equals 54, then VEHICLE TRAILING must not equal 
0 or 9. 
4S0P 
If vPIC BODY CLASS equals 006 (Motorcycle - Standard), 012 (Motorcycle - 
Scooter), 080 (Motorcycle - Sport), 081 (Motorcycle - Touring/Sport Touring), 
082 (Motorcycle - Cruiser), 084 (Off-Road Vehicle - Dirt Bike/Off-Road), 085 
(Motorcycle - Dual Sport/Adventure/Supermoto/On/Off-road), 086 (Off-Road 
Vehicle - Enduro (Off-road long-distance racing)), 087 (Motorcycle - 
Small/Minibike), 090 (Motorcycle - Side Car), 094 (Motorcycle - Custom), 098 
(Motorcycle - Street), 104 (Moped), 109 (Motorcycle - Cross Country), 110 
(Motorcycle - Underbone), 113 (Off-road Vehicle - Motorcross (Off-road short 
distance, closed track racing)), 114 (Motorcycle - Competition), or 125 
(Motorcycle - Unknown Body Type), then EJECTION must equal 8. 
4S1P 
If vPIC BODY CLASS does equal 006 (Motorcycle - Standard), 012 
(Motorcycle - Scooter), 080 (Motorcycle - Sport), 081 (Motorcycle - 
Touring/Sport Touring), 082 (Motorcycle - Cruiser), 083 (Motorcycle - Three-
Wheeled Motorcycle [2 Rear Wheels]), 084 (Off-Road Vehicle - Dirt Bike/Off-
Road), 085 (Motorcycle - Dual Sport/Adventure/Supermoto/On/Off-road), 086"
CRSS,2024,person.csv,EJECTION,candidate_feature,occupant_person,1171,"Appendix B: 2024 Consistency Checks 
B-450 
2024 FARS/CRSS Coding and Validation Manual 
Error ID 
Error Message 
6G0Q 
If any RELATED FACTORS - VEHICLE LEVEL equals 030, then vPIC 
BODY CLASS must equal 006 (Motorcycle - Standard), 012 (Motorcycle - 
Scooter), 080 (Motorcycle - Sport), 081 (Motorcycle - Touring/Sport Touring), 
082 (Motorcycle - Cruiser), 084 (Off-Road Vehicle - Dirt Bike/Off-Road), 085 
(Motorcycle - Dual Sport / Adventure / Supermoto / On/Off-road), 086 (Off-
Road Vehicle - Enduro (Off-road long-distance racing)), 087 (Motorcycle - 
Small/Minibike), 094 (Motorcycle - Custom), 098 (Motorcycle - Street), 104 
(Moped), 109 (Motorcycle - Cross Country), 110 (Motorcycle - Underbone), 
113 (Off-road Vehicle - Motorcross (Off-road short distance, closed track 
racing)), 114 (Motorcycle - Competition), or 125 (Motorcycle - Unknown Body 
Type), for this vehicle. 
6H0P 
If DRIVER PRESENCE equals 0, 9, then DRIVER’S ZIP CODE must be 
blank. 
6H1P 
If DRIVER PRESENCE equals 0, 9, then CONDITION (IMPAIRMENT) AT 
TIME OF CRASH (D23) must be blank. 
6I0P 
If NON-CDL LICENSE STATUS equals 9, and COMMERCIAL MOTOR 
VEHICLE LICENSE STATUS equals 00, then COMPLIANCE WITH 
LICENSE RESTRICTIONS must not equal 1-3. 
6K0P 
If any CITATIONS ISSUED equals 71, then RELATED FACTORS-DRIVER 
LEVEL must not equal 019. 
6K1P 
If CITATIONS ISSUED equals 17, then RELATED FACTORS - DRIVER 
LEVEL should also equal 107. 
6L0P 
If COMPLIANCE WITH LICENSE RESTRICTIONS equals 1, and RELATED 
FACTORS-DRIVER LEVEL equals 019, then LICENSE COMPLIANCE 
WITH CLASS OF VEHICLE must equal 3. 
6Q0F 
If PERSON TYPE equals 02 or 03, and vPIC BODY CLASS equals 011 
(Truck), 066 (Truck-Tractor), 128 (Ambulance), 129 (Street Sweeper), or 130 
(Fire Apparatus), or FINAL STAGE BODY CLASS equals 011 (Truck), 066 
(Truck-Tractor), 128 (Ambulance), 129 (Street Sweeper), or 130 (Fire 
Apparatus), then SEATING POSITION should not equal 31-49. 
6S0P 
If EJECTION equals 1, then EXTRICATION must not equal 1, 9. 
6V0P 
DEATH DATE must not be less than CRASH DATE. 
6Z0F 
If SEQUENCE OF EVENTS equals 09, then at least one person must have 
PERSON TYPE equal to 06, 07."
CRSS,2024,person.csv,EJECTION,candidate_feature,occupant_person,1197,"Appendix B: 2024 Consistency Checks 
B-476 
2024 FARS/CRSS Coding and Validation Manual 
Error ID 
Error Message 
B17P 
If CONDITION (IMPAIRMENT) AT TIME OF CRASH (D23) equals 09 for 
this driver, then CRITICAL EVENT: PRECRASH (EVENT) should not equal 
08 for this driver’s vehicle. 
B18P 
If CRITICAL EVENT – PRECRASH (EVENT) equals 70-73, then 
TRAFFICWAY DESCRIPTION must not equal 0 for this vehicle.  
BA0P 
If EJECTION equals 0, 7, 8, or 9, then EJECTION PATH must equal 0. 
BB0P 
If EJECTION equals 1-3, then EJECTION PATH must equal 1-9. 
BI0P 
If DRIVER’S LICENSE STATE equals 99, then COMPLIANCE WITH CDL 
ENDORSEMENTS must not equal 1, 2. 
BJ0P 
If DRIVER PRESENCE equals 0, 9, then COMPLIANCE WITH CDL 
ENDORSEMENTS must be blank. 
BJ1P 
If UNIT TYPE equals 1, and DRIVER PRESENCE equals 0 or 9, then 
DRIVER DISTRACTED BY must equal 16. 
BJ2P 
If UNIT TYPE equals 1, and DRIVER PRESENCE equals 1, then DRIVER 
DISTRACTED BY must not equal 16 or blank. 
BJ3P 
If UNIT TYPE equals 1, and DRIVER DISTRACTED BY equals 16, then 
DRIVER PRESENCE must equal 0 or 9. 
BJ4P 
If any DRIVER DISTRACTED BY equals 03, then NUMBER OF 
OCCUPANTS must be greater than 01. 
BJ5P 
If UNIT TYPE equals 1 and HIT-AND-RUN equals 1, then DRIVER 
PRESENCE should not equal 0 or 9. 
BJ7P 
If any DRIVER DISTRACTED BY equals 00 or 16 or 17 or 18 or 19 or 92 or 
93 or 96 or 99, then only that one code and no other must be used. 
BJ8P 
If DRIVER DISTRACTED BY equals 17, then STATE should equal GA, MN, 
MO, NV, NY, or SC. 
BK0P 
If LICENSE COMPLIANCE WITH CLASS OF VEHICLE equals 1, then 
COMPLIANCE WITH CDL ENDORSEMENTS must not equal 1-3, 9. 
BL0P 
If COMPLIANCE WITH CDL ENDORSEMENTS equals 1, and any 
RELATED FACTORS-DRIVER LEVEL equals 019, then LICENSE 
COMPLIANCE WITH CLASS OF VEHICLE must equal 3. 
BN0P 
If DRIVER PRESENCE equals 0, 9, then COMMERCIAL MOTOR VEHICLE 
LICENSE STATUS must be blank. 
BT0P 
If DRUG TEST STATUS equals 2, then any DRUG SPECIMEN must not equal 
00 or 99, any DRUG TESTING METHOD must not equal 00 or 99, and any 
DRUG TEST RESULT must not equal 0000 or 9999, and any DRUG 
QUANTITY must not equal 00 or 99."
CRSS,2024,person.csv,EJECTION,candidate_feature,occupant_person,1208,"Appendix B: 2024 Consistency Checks 
B-487 
2024 FARS/CRSS Coding and Validation Manual 
P Series 
Error ID 
Error Message 
P010 
If PERSON TYPE equals 01, then AGE should not be less than 012. 
P01F 
If RESTRAINT SYSTEM USE Subfield-1 Type of Restraint System in Use 
equals 01-06, 08, or 10-12, then EJECTION should equal 0 or 7. 
P020 
If PERSON TYPE equals 02, 03, 09, and RESTRAINT SYSTEM USE 
Subfield-1 Type of Restraint System in Use equals 04, 10-12, then AGE should 
be less than 010, or equal to 998 or 999. 
P030 
If SPECIAL USE is not equal to 21 and PERSON TYPE equals 01, then 
SEATING POSITION should not equal 12-19. 
P040 
If PERSON TYPE equals 02, 09, then SEATING POSITION should not equal 
11. 
P050 
If EJECTION equals 1, then RESTRAINT SYSTEM USE Subfield-1 Type of 
Restraint System in Use should not equal 01-06, 08, 10-12. 
P060 
If SEATING POSITION equals 18, 28, 38, 48, 50-54, then RESTRAINT 
SYSTEM USE Subfield-1 Type of Restraint System in Use should not equal 01, 
03. 
P061 
If SEATING POSITION equals 55 or 56, then RESTRAINT SYSTEM USE 
Subfield 1-Type of Restraint System in Use must equal 20. 
P062 
If SEATING POSITION equals 56, then PERSON TYPE must equal 02. 
P071 
If PERSON TYPE equals 02, 04-07, 08, or 10, and INJURY SEVERITY does 
not equal 4, then ALCOHOL TEST STATUS should not equal 9, and 
ALCOHOL TEST TYPE should not equal 99, and ALCOHOL TEST RESULT 
should not equal 999. 
P072 
If PERSON TYPE equals 02, 03, and INJURY SEVERITY equals 0, and 
ALCOHOL TEST RESULT equals 996, then POLICE-REPORTED 
ALCOHOL INVOLVEMENT should equal 0, 8. 
P073 
If PERSON TYPE equals 02, 04-07, 08, or 10, and INJURY SEVERITY does 
not equal 4, then DRUG TEST STATUS should not equal 9, and any DRUG 
SPECIMEN should not equal 99, and any DRUG TEST RESULT should not 
equal 9999. 
P074 
If PERSON TYPE equals 02, 04-07, 08, or 10, and INJURY SEVERITY does 
not equal 4, then ALCOHOL TEST STATUS must not equal 8, ALCOHOL 
TEST TYPE must not equal 95, and ALCOHOL TEST RESULT must not equal 
995. 
P075 
If PERSON TYPE equals 02, 04-07, 08, 10, or 19, and INJURY SEVERITY 
does not equal 4, then DRUG TEST STATUS must not equal 8, any DRUG 
SPECIMEN must not equal 96, and any DRUG TEST RESULT must not equal 
9995."
CRSS,2024,person.csv,EJECTION,candidate_feature,occupant_person,1209,"Appendix B: 2024 Consistency Checks 
B-488 
2024 FARS/CRSS Coding and Validation Manual 
Error ID 
Error Message 
P077 
If INJURY SEVERITY equals 4, and DIED AT SCENE/EN ROUTE equals 7 
or 8, then ALCOHOL TEST Subfield 2 - Test Type should not equal 02, 10, or 
11. 
P078 
If INJURY SEVERITY equals 4, then ALCOHOL TEST Subfield 2 - Test Type 
should not equal 02, 10, or 11. 
P090 
If INJURY SEVERITY equals 0, then TRANSPORTED TO FIRST MEDICAL 
FACILITY BY must equal 0. 
P091 
If TRANSPORTED TO FIRST MEDICAL FACILITY BY equals 1, 3, 5, then 
EMS TIME AT HOSPITAL should not equal 8888, 9997, 9998. 
P093 
If all people TRANSPORTED TO FIRST MEDICAL FACILITY BY are coded 
2 or 6 (nobody is transported by EMS), then NOTIFICATION TIME EMS, 
ARRIVAL TIME EMS, and EMS TIME AT HOSPITAL must equal 8888. 
P094 
If EJECTION equals 8, then SEATING POSITION must equal 55 or 56, or 
vPIC BODY CLASS must equal 006 (Motorcycle - Standard), 012 (Motorcycle 
- Scooter), 080 (Motorcycle - Sport), 081 (Motorcycle - Touring/Sport Touring), 
082 (Motorcycle - Cruiser), 084 (Off-Road Vehicle - Dirt Bike/Off-Road), 085 
(Motorcycle - Dual Sport/Adventure/Supermoto/On/Off-road), 086 (Off-Road 
Vehicle - Enduro (Off-road long-distance racing)), 087 (Motorcycle - 
Small/Minibike), 090 (Motorcycle - Side Car), 094 (Motorcycle - Custom), 098 
(Motorcycle - Street), 104 (Moped), 109 (Motorcycle - Cross Country), 110 
(Motorcycle - Underbone), 113 (Off-road Vehicle - Motorcross (Off-road short 
distance, closed track racing)), 114 (Motorcycle - Competition), or 125 
(Motorcycle - Unknown Body Type). 
P095 
If TRANSPORTED TO FIRST MEDICAL FACILITY BY equals 0 for every 
person in the case, then EMS TIME AT HOSPITAL must equal 8888 or 9997. 
P130 
If vPIC BODY CLASS equals 011 (Truck), 016 (Bus), 068 (Streetcar / Trolley), 
73 (Bus-School Bus), 066 (Truck-Tractor), 095 (Cargo Van), 111 (Step Van / 
Walk-in Van), 117 (Limousine), 126 (Off-road Vehicle - Farm Equipment), 127 
(Off-road Vehicle - Construction Equipment), 128 (Ambulance), 129 (Street 
Sweeper), or 130 (Fire Apparatus), or FINAL STAGE BODY CLASS equals 
011 (Truck), 016 (Bus),  068 (Streetcar / Trolley), 73 (Bus-School Bus), 066 
(Truck-Tractor), 095 (Cargo Van), 111 (Step Van / Walk-in Van), 117 
(Limousine), 128 (Ambulance), 129 (Street Sweeper), or 130 (Fire Apparatus), 
and POWER UNIT GVWR_from and GVWR_to equals 13, 14, 15, 16, 17, or 
18, and PERSON TYPE equals 01 or 03, and INJURY SEVERITY equals 4, 
then FATAL INJURY AT WORK should equal 1. 
P1A0 
If AGE is less than 012, and INJURY SEVERITY equals 4, then FATAL 
INJURY AT WORK should equal 0. 
P260 
If SEATING POSITION equals 18, 19, or 99, then AIR BAG DEPLOYED 
should equal 20, 98, 99."
CRSS,2024,person.csv,HOSPITAL,candidate_feature,occupant_person,5,"iii 
2024 FARS/CRSS Coding and Validation Manual 
C6. County ................................................................................................................................ 60 
C7. City—FARS Only .............................................................................................................. 60 
C8. Crash Date .......................................................................................................................... 62 
C9. Crash Time ......................................................................................................................... 63 
C10. Trafficway Identifier—FARS Only ................................................................................. 65 
C11. Route Signing—FARS Only ............................................................................................ 70 
C12. Rural Urban Classification and Functional System—FARS Only .................................. 72 
C13. Ownership—FARS Only ................................................................................................. 76 
C14. National Highway System—FARS Only ......................................................................... 79 
C15. Special Jurisdiction—FARS Only ................................................................................... 80 
C16. Milepoint—FARS Only ................................................................................................... 81 
C17. Global Position ................................................................................................................. 83 
C18. Crash Events ..................................................................................................................... 85 
C19. First Harmful Event .......................................................................................................... 93 
C20. Manner of Collision of the First Harmful Event ............................................................ 107 
C21. Relation to Junction ........................................................................................................ 110 
C22. Type of Intersection ....................................................................................................... 119 
C23. Relation to Trafficway ................................................................................................... 122 
C24. Work Zone ..................................................................................................................... 128 
C25. Light Condition .............................................................................................................. 130 
C26. Atmospheric Conditions ................................................................................................. 132 
C27. School Bus Related ........................................................................................................ 135 
C28. Rail Grade Crossing Identifier—FARS Only ................................................................ 137 
C29. Notification Time EMS—FARS Only ........................................................................... 138 
C30. Arrival Time EMS—FARS Only ................................................................................... 142 
C31. EMS Time at Hospital—FARS Only ............................................................................. 144 
C32. Related Factors—Crash Level ....................................................................................... 146 
C33. Interstate Highway—CRSS Only .................................................................................. 155 
C34. Stratum—CRSS Only .................................................................................................... 156 
C35. Police Jurisdiction—CRSS Only ................................................................................... 159 
Additional State Information .................................................................................................. 160 
Vehicle Level Data Elements .................................................................................................... 161 
V3. Vehicle Number—Vehicle Level .................................................................................... 162 
V4. Number of Occupants ...................................................................................................... 163 
V5. Unit Type ......................................................................................................................... 165 
V6. Hit-and-Run ..................................................................................................................... 168 
V7. Registration State—FARS Only ...................................................................................... 170 
V8. Registered Vehicle Owner—FARS Only ........................................................................ 174 
vPIC Make / vPIC Model / vPIC Body Class Overview ........................................................ 176 
V9. Vehicle Identification Number ........................................................................................ 178 
V10. Vehicle Model Year ....................................................................................................... 181 
V11. vPIC Make ..................................................................................................................... 182 
V12. vPIC Model .................................................................................................................... 184 
V13. vPIC Body Class ............................................................................................................ 186 
V14. NCSA Make ................................................................................................................... 195 
V15. NCSA Model ................................................................................................................. 199"
CRSS,2024,person.csv,HOSPITAL,candidate_feature,occupant_person,24,"2024 FARS/CRSS Element Definitions 
14 
2024 FARS/CRSS Coding and Validation Manual 
2024 
Element 
ID 
Element Name 
FARS, CRSS,  
Case 
Structure 
Definitions 
If the crash qualifies as a “Work 
Zone Crash” then the type of work 
activity is identified. 
C25 
Light Condition 
FARS, CRSS 
This element records the type/level 
of light that existed at the time of the 
crash as reported in the case 
materials. 
C26 
Atmospheric Condition 
FARS, CRSS 
This element identifies the 
prevailing atmospheric conditions 
that existed at the time of the crash 
as recorded on the police crash 
report. 
C27 
School Bus Related 
FARS, CRSS 
This data element indicates if a 
school bus or motor vehicle 
functioning as a school bus is related 
to the crash. 
C28 
Rail Grade Crossing 
Identifier 
FARS Only 
This element identifies if the crash 
occurred in or near a Rail Grade 
Crossing. 
C29 
Notification Time EMS 
FARS Only 
Notification Time EMS is the time 
the first EMS unit to arrive on the 
scene was notified. 
C30 
Arrival Time EMS 
FARS Only 
Arrival Time EMS is the time the 
first EMS unit to arrive on the scene 
arrived on the crash scene. 
C31 
EMS Time at Hospital 
FARS Only 
EMS Time at Hospital is the time 
Emergency Medical Services arrived 
at the treatment facility (hospital, 
clinic, trauma center, etc.) to which 
it was transporting the most severely 
injured victim of the crash. 
C32 
Related Factors—Crash 
Level 
FARS, CRSS 
This element identifies factors 
related to the crash expressed in the 
case materials. 
C33 
Interstate Highway 
CRSS Only 
This element identifies whether or 
not the crash occurred on an 
interstate highway. Interstate"
CRSS,2024,person.csv,HOSPITAL,candidate_feature,occupant_person,40,"2024 FARS/CRSS Element Definitions 
30 
2024 FARS/CRSS Coding and Validation Manual 
2024 
Element 
ID 
Element Name 
FARS, CRSS, 
Case 
Structure 
Definition 
Quantity from a confirmatory 
toxicology test.  
P20 
Transported to First 
Medical Facility By 
FARS, CRSS 
This element identifies the method 
of transportation this person was 
provided to receive treatment at the 
first hospital or medical facility. 
P21 
Died at Scene/En route 
FARS Only 
This element identifies if this person 
died at the scene of the crash or en 
route to a hospital or treatment 
facility. 
P22 
Death Date 
FARS Only 
This element records the month, 
day, and year of this person’s death. 
P23 
Death Time 
FARS Only 
This element identifies the hour and 
minute of this person’s death using 
the 24-hour clock format. 
P24 
Related Factors—Person 
(MV Occupant) Level 
FARS, CRSS 
This element identifies factors 
related to motor vehicle occupants 
other than drivers expressed in the 
case materials. 
SP1 
Death Certificate Number 
FARS Only 
This element identifies the four-digit 
GSA code for the city where the 
death occurred, the two-digit State 
number and the six-digit sequence 
number from the death certificate as 
assigned by the State Vital Statistics 
or Vital Records Department. 
SP2 
Fatal Injury at Work 
FARS Only 
This element indicates if the death 
certificate identified this person as 
being “at work” at the time of the 
crash. 
SP3 
Race/Hispanic Origin 
FARS Only 
This element indicates the race and 
Hispanic origin of this person from 
the death certificate."
CRSS,2024,person.csv,HOSPITAL,candidate_feature,occupant_person,46,"2024 FARS/CRSS Element Definitions 
36 
2024 FARS/CRSS Coding and Validation Manual 
2024 
Element 
ID 
Element Name 
FARS, CRSS, 
Case 
Structure 
Definition 
for the drug identified in Subfield 
4—Drug Test Result.   
NM21 
(5c) 
Unit of Measure 
FARS Only 
This subfield records the unit of 
measure for the quantity of the drug 
coded in Subfield 5b—Drug 
Quantity from a confirmatory 
toxicology test.  
NM22 
Transported to First 
Medical Facility By 
FARS, CRSS 
This element identifies the method 
of transportation this person was 
provided to receive treatment at the 
first hospital or medical facility. 
NM23 
Died at Scene/En Route 
FARS Only 
This element identifies if this person 
died at the scene of the crash or en 
route to a hospital or treatment 
facility. 
NM24 
Death Date 
FARS Only 
This element records the month, 
day, and year of this person’s death. 
NM25 
Death Time 
FARS Only 
This element identifies the hour and 
minute of this person’s death using 
the 24-hour clock format. 
NM26 
Related Factors—Person 
(Not a MV Occupant) 
Level 
FARS, CRSS 
This element identifies factors 
related to people not in a motor 
vehicle expressed in the case 
materials. 
SP1 
Death Certificate Number 
FARS Only 
This element identifies the four-digit 
GSA code for the city where the 
death occurred, the two-digit State 
number and the six-digit sequence 
number from the death certificate as 
assigned by the State Vital Statistics 
or Vital Records Department. 
SP2 
Fatal Injury at Work 
FARS Only 
This element indicates if the death 
certificate identified this person as 
being “at work” at the time of the 
crash. 
SP3 
Race/Hispanic Origin 
FARS Only 
This element indicates the race and 
Hispanic origin of this person from 
the death certificate."
CRSS,2024,person.csv,HOSPITAL,candidate_feature,occupant_person,66,"Crash Level Data Elements 
56 
2024 FARS/CRSS Coding and Validation Manual 
C30. Arrival Time EMS—FARS Only 
C31. EMS Time at Hospital—FARS Only 
C32. Related Factors—Crash Level 
C33. Interstate Highway—CRSS Only 
C34. Stratum—CRSS Only 
C35. Police Jurisdiction—CRSS Only 
Additional State Information"
CRSS,2024,person.csv,HOSPITAL,candidate_feature,occupant_person,148,"Notification Time EMS—FARS Only 
C29 
138 
2024 FARS/CRSS Coding and Validation Manual 
C29. Notification Time EMS—FARS Only 
Format 
4 numeric 
SAS Name 
Accident.NOT_HOUR, Accident.NOT_MIN 
Element Values 
Codes 
Attributes 
8888 
Not Applicable (Not Notified) 
0000-2359 
Valid Military Times 
0099-2399 
Known Hours but Unknown Minutes 
9998 
Unknown if Notified 
9999 
Unknown EMS Notification Time 
Definition 
NOTIFICATION TIME EMS is the time the first Emergency Medical Services (EMS) unit to 
arrive on the scene was notified. 
Remarks 
Every effort should be made to determine the NOTIFICATION TIME EMS, ARRIVAL TIME 
EMS, and EMS TIME AT HOSPITAL. See tables below for Example Coding Scenarios for 
Different EMS Times. 
See the Coding Guide: TIME: Crash Times, EMS Times, Death Times for helpful 
information. 
Code the official EMS times in military time as received. Do not alter the times because of 
discrepancies with the CRASH TIME. Code Notification Time of the first EMS unit to arrive 
on the scene. 
All EMS time formats are in hours and minutes. If you receive an EMS time that includes the 
seconds’ position, truncate to the reported minutes. Example: 10:51:35 would be 10:51. 
If the day of the crash and the day of EMS Notification have different dates, then be sure to use 
the 018 (Date of Crash and Date of EMS Notification Were Not the Same Day) in 
RELATED FACTORS—CRASH LEVEL. Code NOTIFICATION TIME EMS and ARRIVAL 
TIME EMS no matter how much time has elapsed since the CRASH TIME. 
8888 (Not Applicable [Not Notified]) 
Enter this code only if EMS was never notified as part of an emergency transport."
CRSS,2024,person.csv,HOSPITAL,candidate_feature,occupant_person,149,"Notification Time EMS—FARS Only 
C29 
139 
2024 FARS/CRSS Coding and Validation Manual 
• If it is known that EMS transport was called for non-emergency transport purposes (e.g., 
to transport a body to the morgue) then use this code. 
• DO NOT use this code if the EMS was officially canceled. Cancellation is coded under 
ARRIVAL TIME EMS and EMS TIME AT HOSPITAL. 
• If the EMS was notified then canceled, code the actual notification time and 9997 
(Officially Canceled) under ARRIVAL TIME EMS and EMS TIME AT HOSPITAL. 
0000-2359 (Valid Military Times), 0099-2399 (Known Hours but Unknown Minutes) 
Code Notification Time of the first EMS unit to arrive on the scene. If unknown minutes, code 
the actual hour and 99 for the minutes. Code midnight as 0000. One minute after midnight is 
coded 0001. See remarks “How to Code Midnight” under CRASH TIME. 
9998 (Unknown if Notified) 
Enter this attribute if you cannot determine whether any EMS was ever notified or not. 
9999 (Unknown EMS Notification Time) 
Enter this attribute if EMS was notified but the time of notification is unknown. 
Helicopters that transport victims to treatment facilities are coded as EMS units, but not police 
who may be trained to render emergency aid. This guidance is not meant to exclude helicopters 
that are used to transport victims for treatment that may be owned by police departments. 
Example Coding Scenarios for Different EMS Times 
Scenario 1: Same EMS unit is first on scene and also transports the most severely injured 
person, known times for all three elements 
First on Scene 
Transported 
Most Severely 
Injured Person 
Notification 
Time EMS 
Arrival Time 
EMS 
EMS Time at 
Hospital 
EMS Air with 
Known times 
EMS Air with 
known times 
Code known 
time for EMS 
Air 
Code known 
time for EMS 
Air 
Code known 
time for EMS 
Air 
EMS Ground 
with Known 
times 
EMS Ground 
with Known 
times 
Code known 
time for EMS 
Ground 
Code known 
time for EMS 
Ground 
Code known 
time for EMS 
Ground 
EMS Unk Type 
with Known 
times 
EMS Unk Type 
with Known 
times 
Code known 
time for EMS 
Unk Type 
Code known 
time for EMS 
Unk Type 
Code known 
time for EMS 
Unk Type"
CRSS,2024,person.csv,HOSPITAL,candidate_feature,occupant_person,150,"Notification Time EMS—FARS Only 
C29 
140 
2024 FARS/CRSS Coding and Validation Manual 
Scenario 2: Same EMS unit is first on scene and also transports the most severely injured 
person, unknown times for all three elements 
First on Scene 
Transported 
Most Severely 
Injured Person 
Notification 
Time EMS 
Arrival Time 
EMS 
EMS Time at 
Hospital 
EMS Air with 
Unknown times 
EMS Air with 
Unknown times 
9999 (Unknown 
EMS 
Notification 
Time) 
9999 (Unknown 
EMS Scene 
Arrival Time) 
9999 (Unknown 
EMS Hospital 
Arrival Time) 
EMS Ground 
with Unknown 
times 
EMS Ground 
with Unknown 
times 
9999 (Unknown 
EMS 
Notification 
Time) 
9999 (Unknown 
EMS Scene 
Arrival Time) 
9999 (Unknown 
EMS Hospital 
Arrival Time) 
EMS Unk Type 
with Unknown 
times 
EMS Unk Type 
with Unknown 
times 
9999 (Unknown 
EMS 
Notification 
Time) 
9999 (Unknown 
EMS Scene 
Arrival Time) 
9999 (Unknown 
EMS Hospital 
Arrival Time) 
Scenario 3: Different EMS units first on scene and transporting the most severely injured 
person, known times for all three elements 
First on Scene 
Transported 
Most Severely 
Injured Person 
Notification 
Time EMS 
Arrival Time 
EMS 
EMS Time at 
Hospital 
EMS Ground 
with Known 
times 
EMS Air with 
known times 
Code known 
time for EMS 
Ground 
Code known 
time for EMS 
Ground 
Code known 
time for EMS 
Air 
EMS Ground # 1 
with Known 
times 
EMS Ground # 2 
with Known 
times 
Code known 
time for EMS 
Ground # 1 
Code known 
time for EMS 
Ground # 1 
Code known 
time for EMS 
Ground # 2"
CRSS,2024,person.csv,HOSPITAL,candidate_feature,occupant_person,151,"Notification Time EMS—FARS Only 
C29 
141 
2024 FARS/CRSS Coding and Validation Manual 
Scenario 4: Different EMS units first on scene and transporting the most severely injured 
person, unknown times for all three elements 
First on Scene 
Transported 
Most Severely 
Injured Person 
Notification 
Time EMS 
Arrival Time 
EMS 
EMS Time at 
Hospital 
EMS Ground 
with Unknown 
times 
EMS Air with 
Unknown times 
9999 (Unknown 
EMS 
Notification 
Time) 
9999 (Unknown 
EMS Scene 
Arrival Time) 
9999 (Unknown 
EMS Hospital 
Arrival Time) 
EMS Ground # 1 
with unknown 
times 
EMS Ground # 2 
with unknown 
times 
9999 (Unknown 
EMS 
Notification 
Time) 
9999 (Unknown 
EMS Scene 
Arrival Time) 
9999 (Unknown 
EMS Hospital 
Arrival Time) 
Scenario 5: Different EMS units first on scene and transporting the most severely injured 
person, mix of known and unknown times for all three elements 
First on Scene 
Transported 
Most Severely 
Injured Person 
Notification 
Time EMS 
Arrival Time 
EMS 
EMS Time at 
Hospital 
EMS Ground 
with Unknown 
times 
EMS Air with 
known times 
9999 (Unknown 
EMS 
Notification 
Time) 
9999 (Unknown 
EMS Scene 
Arrival Time) 
Code known 
time for EMS 
Air 
EMS Ground 
with Known 
times 
EMS Air with 
Unknown times 
Code known 
time for EMS 
Ground 
Code known 
time for EMS 
Ground 
9999 (Unknown 
EMS Hospital 
Arrival Time) 
EMS Ground # 1 
with unknown 
times 
EMS Ground # 2 
with known 
times 
9999 (Unknown 
EMS 
Notification 
Time) 
9999 (Unknown 
EMS Scene 
Arrival Time) 
Code known 
time for EMS 
Ground # 2 
EMS Ground # 1 
with known 
times 
EMS Ground # 2 
with unknown 
times 
Code known 
time for EMS 
Ground # 1 
Code known 
time for EMS 
Ground # 1 
9999 (Unknown 
EMS Hospital 
Arrival Time) 
For Consistency Checks see Understanding and Managing Consistency Checks and 
Notification Time EMS—FARS Only."
CRSS,2024,person.csv,HOSPITAL,candidate_feature,occupant_person,152,"Arrival Time EMS—FARS Only 
C30 
142 
2024 FARS/CRSS Coding and Validation Manual 
C30. Arrival Time EMS—FARS Only 
Format 
4 numeric 
SAS Name 
Accident.ARR_HOUR, Accident.ARR_MIN 
Element Values 
Codes 
Attributes 
8888 
Not Applicable (Not Notified) 
0000-2359 
Valid Military Times 
0099-2399 
Known Hours but Unknown Minutes 
9997 
Officially Canceled 
9998 
Unknown if Arrived 
9999 
Unknown EMS Scene Arrival Time 
Definition 
ARRIVAL TIME EMS is the time the first EMS unit to arrive on the scene arrived on the crash 
scene. 
Remarks 
This excludes any transport by anyone other than EMS (law enforcement, POV, etc.). Every 
effort should be made to determine the NOTIFICATION TIME EMS, ARRIVAL TIME EMS, 
and EMS TIME AT HOSPITAL. See tables under NOTIFICATION TIME EMS for Example 
Coding Scenarios for Different EMS Times. Code the official EMS times in military time as 
received. Code the arrival time of the first EMS unit to arrive on the scene. Do not alter the 
times because of discrepancies with the CRASH TIME. 
See the Coding Guide: TIME: Crash Times, EMS Times, Death Times for helpful 
information. 
All EMS time formats are in hours and minutes. If you receive an EMS time that includes the 
seconds’ position, truncate to the reported minutes. Example: 10:51:35 would be 10:51. 
Code NOTIFICATION TIME EMS and ARRIVAL TIME EMS no matter how much time has 
elapsed since the CRASH TIME. 
8888 (Not Applicable [Not Notified]) 
Enter this attribute only if EMS was never notified. DO NOT use this code if the EMS was 
notified then canceled."
CRSS,2024,person.csv,HOSPITAL,candidate_feature,occupant_person,154,"EMS Time at Hospital—FARS Only 
C31 
144 
2024 FARS/CRSS Coding and Validation Manual 
C31. EMS Time at Hospital—FARS Only 
Format 
4 numeric 
SAS Name 
Accident.HOSP_HR, Accident.HOSP_MN 
Element Values 
Codes 
Attributes 
8888 
Not Applicable (Not Transported) 
0000-2359 
Valid Military Times 
0099-2399 
Known Hours but Unknown Minutes 
9996 
Terminated Transport 
9997 
Officially Canceled 
9998 
Unknown if Transported 
9999 
Unknown EMS Hospital Arrival Time 
Definition 
EMS TIME AT HOSPITAL is the time Emergency Medical Services arrived at the treatment 
facility (hospital, clinic, trauma center, etc.) to which it was transporting the most severely 
injured victim of the crash. 
Remarks 
This excludes any transport by anyone other than EMS (law enforcement, POV, etc.). Every 
effort should be made to determine the NOTIFICATION TIME EMS, ARRIVAL TIME EMS, 
and EMS TIME AT HOSPITAL. See tables under NOTIFICATION TIME EMS for Example 
Coding Scenarios for Different EMS Times. 
See the Coding Guide: TIME: Crash Times, EMS Times, Death Times for helpful 
information. 
Code the official EMS times in military time as received. Code the EMS time at hospital of the 
unit transporting the most severely injured victim. The most severely injured victim includes 
(and usually is) the victim who dies en route to the treatment facility or later, but not the one who 
dies on-scene. Do not alter the times because of discrepancies with the CRASH TIME. 
All EMS time formats are in hours and minutes. If you receive an EMS time that includes the 
seconds’ position, truncate to the reported minutes. Example: 10:51:35 would be 10:51. 
Questions arise when there is more than one EMS unit or when there is more than one injured 
person. Code EMS TIME AT HOSPITAL according to the following guidelines:"
CRSS,2024,person.csv,HOSPITAL,candidate_feature,occupant_person,155,"EMS Time at Hospital—FARS Only 
C31 
145 
2024 FARS/CRSS Coding and Validation Manual 
8888 (Not Applicable [Not Transported]) 
Use this attribute if all the injuries are on-scene fatalities (no one is transported for treatment.) 
Also use this attribute if there are live victims, but no one is transported to a treatment facility by 
EMS. 
0000–2359 (Valid Military Time), 0099–2399 (Known Hours but Unknown Minutes) 
Code the EMS time at hospital of the unit transporting the most severely injured victim. The 
most severely injured victim includes (and usually is) the victim who dies en route to the 
treatment facility or later, but not the one who dies on-scene. 
If unknown minutes, code the actual hour and 99 for the minutes. Code midnight as 0000. One 
minute after midnight is coded 0001. See remarks “How to Code Midnight” under CRASH 
TIME. 
9996 (Terminated Transport) 
Enter this attribute if there is indication that EMS was notified, arrived at the scene, but while in 
transit terminated the trip to the hospital because the person died en route. This attribute should 
not be used when there is a hospital arrival time available for a person dead on arrival at the 
hospital. 
9997 (Officially Canceled) 
Enter this attribute if EMS was officially canceled before on scene. 
9998 (Unknown if Transported) 
Enter this attribute if there is no indication of official cancellation, but there is uncertainty or 
doubt that any victims were transported for treatment or not. 
9999 (Unknown EMS Hospital Arrival Time) 
Enter this attribute if EMS transported victims for treatment, but the time of arrival at the 
hospital or treatment facility is unknown. 
For Consistency Checks see Understanding and Managing Consistency Checks and EMS 
Time at Hospital—FARS Only."
CRSS,2024,person.csv,HOSPITAL,candidate_feature,occupant_person,203,"vPIC Body Class 
V13 
193 
2024 FARS/CRSS Coding and Validation Manual 
126 (Off-road Vehicle - Farm Equipment) This attribute is not under 49 CFR Part 565 
regulation. Farm equipment is an off-road vehicle and does not require a VIN. This attribute is 
added so that the user can manually code farm equipment related crashes. Farm equipment refers 
to farming implements other than trucks propelled by a motor (farm tractors, combines, etc.).  
127 (Off-road Vehicle - Construction Equipment) This attribute is not under 49 CFR Part 565 
regulation. Construction equipment is an off-road vehicle and does not require a VIN. This 
attribute is added so that the user can manually code construction equipment related crashes. 
Construction equipment refers to construction equipment other than trucks propelled by a motor 
(bulldozer, road grader, etc.). 
128 (Ambulance) is used when the motor vehicle is specifically equipped for taking sick or 
injured people to and from the hospital, especially in emergencies.  
129 (Street Sweeper) is used for vehicles equipped to remove debris from roadways by the 
addition of items such as spray water systems, tanks, vacuums, brooms, etc.  
130 (Fire Apparatus) is used for vehicles deployed by the fire department to fight fires. 
Examples include hook and ladder trucks, pumper trucks, fire engines, “brush trucks,” etc. 
131 (Motorcycle - Three Wheeled, Unknown Enclosure or Autocycle, Unknown Enclosure) is 
used when the vehicle is known to be a three-wheeled motorcycle/autocycle, but it is not 
known if attribute 100 (Motorcycle - Enclosed Three Wheeled or Enclosed Autocycle [1 Rear 
Wheel]), or 103 (Motorcycle - Unenclosed Three Wheeled or Open Autocycle [1 Rear Wheel]) 
applies. 
Incomplete Vehicles 
Not available for coding and can only be populated as a result of VIN decode using the vPIC 
application. If any of these attributes are used, FINAL STAGE BODY CLASS must also be 
completed. 
• 062 (Incomplete - Cutaway) 
• 063 (Incomplete - Chassis Cab (Single Cab)) 
• 064 (Incomplete - Glider) 
• 065 (Incomplete) 
• 067 (Incomplete - Stripped Chassis) 
• 070 (Incomplete - Chassis Cab (Double Cab)) 
• 071 (Incomplete - School Bus Chassis) 
• 072 (Incomplete - Commercial Bus Chassis) 
• 074 (Incomplete - Chassis Cab (Number of Cab Unknown)) 
• 075 (Incomplete - Transit Bus Chassis) 
• 076 (Incomplete - Motor Coach Chassis) 
• 077 (Incomplete - Shuttle Bus Chassis) 
• 078 (Incomplete - Motor Home Chassis) 
• 107 (Incomplete - Bus Chassis) 
• 112 (Incomplete - Commercial Chassis)"
CRSS,2024,person.csv,HOSPITAL,candidate_feature,occupant_person,261,"Emergency Motor Vehicle Use 
V29 
251 
2024 FARS/CRSS Coding and Validation Manual 
V29. Emergency Motor Vehicle Use 
Format 
1 numeric 
SAS Name 
Vehicle.EMER_USE, Person.EMER_USE, Parkwork.PEM_USE 
Element Values 
Codes 
Attributes 
0 
Not Applicable 
2 
Non-Emergency, Non-Transport 
3 
Non-Emergency Transport 
4 
Emergency Operation, Emergency Warning Equipment Not in Use 
5 
Emergency Operation, Emergency Warning Equipment in Use 
6 
Emergency Operation, Emergency Warning Equipment in Use Unknown 
8 
Not Reported 
9 
Reported as Unknown 
Definition 
EMERGENCY MOTOR VEHICLE USE indicates operation of any motor vehicle that is legally 
authorized by a government authority to respond to emergencies while actually engaged in such 
response. These vehicles can respond with or without the use of emergency warning equipment. 
Remarks 
If SPECIAL USE is 04 (Military), 05 (Police), 06 (Ambulance), 07 (Fire Truck), 08 (Non-
Transport, Emergency Services Vehicle), 10 (Safety Service Patrols - Incident Response), 
11 (Other Incident Response), or 12 (Towing - Incident Response), then refer to the case 
materials to determine if the vehicle was on an emergency response (red lights flashing, siren 
sounding, en route to hospital, etc.) at the time of the crash.  
0 (Not Applicable) is used when SPECIAL USE for this vehicle is coded 00 (No Special Use 
Noted), 01 (Taxi), 02 (Vehicle Used as School Transport), 03 (Vehicle Used as Other Bus), 
19 (Motor Vehicle Used for Vehicle Sharing Mobility), 20 (Motor Vehicle Used for 
Electronic Ride-Hailing), 21 (Mail Carrier), 22 (Public Utility), 23 (Rental Truck over 
10,000 lbs.), or 24 (Truck Operating with Crash Attenuator Equipment). This coding is 
enforced by edit check. 
0 (Not Applicable) is also used when this vehicle could be used for emergency response but it 
is known not to have been engaged in emergency response at the time of the crash. Services"
CRSS,2024,person.csv,HOSPITAL,candidate_feature,occupant_person,520,"Injury Severity 
P8/NM10 
510 
2024 FARS/CRSS Coding and Validation Manual 
If there are discrepancies between the injury severity reported in the police report fields and the 
narrative, use the following guidance. 
Report Field 
Narrative 
Guidance 
Contains Coded 
Response 
No Conflict With Coded Report Field 
USE CODED REPORT 
FIELD 
Not Coded 
Silent on injuries 
INJURY SEVERITY, 
9 (Unknown/Not 
Reported) 
Contains Coded 
Response 
Silent on injuries* 
USE CODED REPORT 
FIELD 
Contains Coded 
Response 
Includes clear descriptions of injuries more 
severe than coded response** 
USE NARRATIVE 
Not Coded 
Includes some injury information. 
Unknown if information is complete. 
USE NARRATIVE 
Contains Coded 
Response 
Includes clear descriptions only of injuries 
less severe than coded response, or states 
that there are no injuries. Unknown if 
information is complete. 
USE CODED REPORT 
FIELD 
*When coding INJURY SEVERITY for people transported to the hospital but the police crash 
report field is coded “Not Injured” and the narrative is silent on injuries, then the person’s 
injury is classified No Apparent Injury (O). This is because the person is being transported to 
evaluate if injuries were sustained rather than being transported for treatment due to 
indicators of an injury sustained—“Possible Injury,” such as soreness, pain, dizziness, etc. 
**Remember, actions are not injuries. Some terms such as bumped, hit, and jolted are not 
stating an injury occurred. Do not consider these to be Injured, Severity Unknown. For 
example, the police crash report Injury field is coded No Injury, but the narrative states that 
the person hit their head on the window frame. Remember that “hitting their head” is an 
action, not an injury. 
0 (No Apparent Injury) is a situation where there is no reason to believe that the person 
received any bodily harm from the motor vehicle crash. There is no physical evidence of injury, 
and the person does not report any change in normal function. 
1 (Possible Injury) is any injury reported or claimed that is not a fatal injury, suspected serious 
injury, or suspected minor injury. Examples include momentary loss of consciousness, possible 
concussion, claim of injury limping, complaint of pain, or nausea. Possible injuries are those that 
are reported by the person or are indicated by his/her behavior, but no wounds or injuries are 
readily evident. 
2 (Suspected Minor Injury) is any injury that is evident at the scene of the crash, other than 
fatal or serious injuries. Examples include lump on the head, abrasions, bruises, minor 
lacerations (cuts on the skin surface with minimal bleeding and no exposure of deeper 
tissue/muscle). This does not include momentary unconsciousness. (See 1 (Possible Injury).)"
CRSS,2024,person.csv,HOSPITAL,candidate_feature,occupant_person,595,"Transported to First Medical Facility By  
P20/NM22 
585 
2024 FARS/CRSS Coding and Validation Manual 
P20/NM22. Transported to First Medical Facility By 
Format 
1 numeric 
SAS Name 
Person.HOSPITAL 
Element Values 
Codes 
Attributes 
0 
Not Transported for Treatment 
1 
EMS Air 
5 
EMS Ground 
3 
EMS Unknown Mode 
2 
Law Enforcement 
4 
Transported Unknown Source 
6 
Other 
8 
Not Reported 
9 
Reported as Unknown 
Definition 
This element identifies the method of transportation this person was provided to receive 
treatment or be evaluated for a possible injury at the first hospital or medical facility. 
Remarks 
Medical Facility refers to an injury treatment facility (hospital, clinic, trauma center, etc.). The 
treatment facility is the first medical facility to which the person is taken. Use appropriate 
attribute, even if the person dies en route to the treatment facility. A morgue is not an injury 
treatment facility.  
0 (Not Transported for Treatment) is used for victims who are dead on the scene and for those 
who are not taken (or do not go) to a treatment facility or hospital for treatment. For example, an 
uninjured occupant rides along with an injured person to a treatment facility. 0 (Not 
Transported for Treatment) would be used if the person did not go to a treatment facility 
directly from the scene but was transported at a later time for injuries sustained in this crash. If 
the case materials state the person was transported but does not specifically state that the 
transport was from the scene, then consider the person transported directly from the scene of the 
crash. 
If a person is moved from the crash scene by emergency services personnel (EMS, rescue squad, 
fire department, law enforcement) as part of the transport process, consider the person as"
CRSS,2024,person.csv,HOSPITAL,candidate_feature,occupant_person,596,"Transported to First Medical Facility By  
P20/NM22 
586 
2024 FARS/CRSS Coding and Validation Manual 
transported. For example, an injured person that is driven by emergency services to a location to 
be air lifted should be coded as 1 (EMS Air). 
There can also be situations where a person leaves the crash scene (e.g., walks for help) or is 
moved from a crash scene by a party other than emergency services. For example, in a remote or 
inaccessible location a private citizen drives an injured person to an accessible location before 
obtaining help and acquiring emergency services assistance from this new location. Consider 
these situations as 0 (Not Transported for Treatment) for treatment even if the person was 
eventually transported for treatment from this new location. 
1 (EMS Air) includes any air transport device. This code would be used any time air transport 
was used for this person. For example, if there is an indication that both air and ground 
transportation were used, code 1 (EMS Air). 
5 (EMS Ground) includes transport by private and county/city-owned ambulance or rescue 
squad vehicles. 
3 (EMS Unknown Mode) is used when a person is transported to a treatment facility by EMS, 
but the mode of transportation is not known. 
2 (Law Enforcement) includes transport by State, county, or local law enforcement agency 
vehicles. 
4 (Transported Unknown Source) is used if you know the person was transported to a 
treatment facility, but you do not know the source. 
6 (Other) includes transport by private citizens or individuals who drive themselves to the 
hospital or treatment facility. May be indicated on your crash report as “POV” 
(Privately/Personally Owned Vehicle). 
If a police crash report data element is coded with the attribute “Other” but the officer does not 
specify what this refers to: 
1. Code 6 (Other) if the police crash report attribute choices can be matched to or include 
all the attributes in FARS/CRSS. 
2. Code 8 (Not Reported) if the police crash report choices cannot be matched to or include 
all the attributes in FARS/CRSS.  
8 (Not Reported) Check to see if 0 (Not Transported for Treatment) or 9 (Reported as 
Unknown) are more appropriate for the situation. 
If a State’s crash report manual instructs to leave blank data blocks that are not applicable, then a 
blank in those data blocks is NOT considered “Not Reported.” 
Code 8 (Not Reported) in these two situations. 
1. No field or coding block exists on the State’s crash report to provide the information to 
code this element, AND no other information is available to code the element (e.g., 
narrative, diagram, case materials). 
2. A field or coding block exists on the State’s crash report that would provide the 
information needed to code this element, but it has been left blank, OR a code has been 
selected on the State’s crash report that does not map to any FARS/CRSS attribute, AND"
CRSS,2024,person.csv,HOSPITAL,candidate_feature,occupant_person,597,"Transported to First Medical Facility By  
P20/NM22 
587 
2024 FARS/CRSS Coding and Validation Manual 
no other information is available to code the element (e.g., narrative, diagram, case 
materials). 
9 (Reported as Unknown) is used when it is reported as “unknown” whether this victim was 
taken (or went) to a hospital/treatment facility for treatment or not. 
For Consistency Checks see Understanding and Managing Consistency Checks and 
Transported to First Medical Facility By."
CRSS,2024,person.csv,HOSPITAL,candidate_feature,occupant_person,598,"Died at Scene/En Route—FARS Only  
P21/NM23 
588 
2024 FARS/CRSS Coding and Validation Manual 
P21/NM23. Died at Scene/En Route—FARS Only 
Format 
1 numeric 
SAS Name 
Person.DOA 
Element Values 
Codes 
Attributes 
0 
Not Applicable 
7 
Died at Scene 
8 
Died En Route 
9 
Unknown 
Definition 
This element identifies if this person died at the scene of the crash or en route to a hospital or 
treatment facility. 
Remarks 
0 (Not Applicable) is used for non-fatalities and victims dying at locations other than the scene 
or en route (hospital, at home, etc.). 
7 (Died at Scene) is used for victims who are dead at the scene of the crash. 
8 (Died En Route) is used for victims who die en route to a hospital or treatment facility by 
EMS or other transport. 
9 (Unknown) is used when you know the victim is a fatality, but you don’t know if they died at 
the scene, en route, or at another location (e.g., home). 
For Consistency Checks see Understanding and Managing Consistency Checks and Died at 
Scene/En Route—FARS Only."
CRSS,2024,person.csv,HOSPITAL,candidate_feature,occupant_person,660,"Transported to First Medical Facility By 
NM22/P20 
650 
2024 FARS/CRSS Coding and Validation Manual 
NM22/P20. Transported to First Medical Facility By 
Format 
1 numeric 
SAS Name 
Person.HOSPITAL 
Element Values 
Codes 
Attributes 
0 
Not Transported for Treatment 
1 
EMS Air 
5 
EMS Ground 
3 
EMS Unknown Mode 
2 
Law Enforcement 
4 
Transported Unknown Source 
6 
Other 
8 
Not Reported 
9 
Reported as Unknown 
Definition 
This element identifies the method of transportation this person was provided to receive 
treatment at the first hospital or medical facility. 
Remarks 
This element’s values and remarks are identical to the Person (MV Occupant) Level element 
TRANSPORTED TO FIRST MEDICAL FACILITY BY. Please see TRANSPORTED TO 
FIRST MEDICAL FACILITY BY for remarks. 
For Consistency Checks see Understanding and Managing Consistency Checks and 
Transported to First Medical Facility By."
CRSS,2024,person.csv,HOSPITAL,candidate_feature,occupant_person,661,"Died at Scene/En Route—FARS Only 
NM23/P21 
651 
2024 FARS/CRSS Coding and Validation Manual 
NM23/P21. Died at Scene/En Route—FARS Only 
Format 
1 numeric 
SAS Name 
Person.DOA 
Element Values 
Codes 
Attributes 
0 
Not Applicable 
7 
Died at Scene 
8 
Died En Route 
9 
Unknown 
Definition 
This element identifies if this person died at the scene of the crash or en route to a hospital or 
treatment facility. 
Remarks 
This element’s values and remarks are identical to the Person (MV Occupant) Level element 
DIED AT SCENE/EN ROUTE. Please see DIED AT SCENE/EN ROUTE for remarks. 
For Consistency Checks see Understanding and Managing Consistency Checks and Died at 
Scene / En Route—FARS Only."
CRSS,2024,person.csv,HOSPITAL,candidate_feature,occupant_person,675,"Death Certificate Number—FARS Only 
SP1 
665 
2024 FARS/CRSS Coding and Validation Manual 
If the fatal crash occurred in your State, but the death occurred in a hospital of another State, 
please attempt to obtain the death certificate from that State and code the city and State where 
the death occurred. 
If a person dies at the crash scene, code the appropriate city code or location code for the crash 
location. Code 0000 if the location is not within a city, and no geographical location code is 
available. 
If the location is not within a city, but a geographical location code is available, use the location 
code. 
If a person is transported by EMS and dies en route or at the hospital, use the city code for the 
hospital’s location. 
Code the exact sequence number as indicated on the death certificate. If the sequence number is 
less than six digits long (e.g., the sequence number is 12345 [five digits]) right-justify your 
coded number and zero-fill the first (and/or second digit) (e.g., 012345). 
Note that if you receive a copy of the death certificate from the medical examiner or coroner, it 
may not contain the sequence number. The sequence number needed is the one assigned by your 
State Vital Statistics or Vital Records Department, which is subsequently sent to the National 
Center for Health Statistics. In those instances, leave the sequence number blank until you are 
able to obtain it in a follow-up effort with your Vital Statistics Department. 
If the sequence number contains a letter in it (e.g., N12345), simply ignore the letter and code the 
numbers only (right justified) (e.g., 012345). 
If the death certificate number cannot be obtained, 9-fill this element. 
If the death certificate number can be obtained, but is not yet received, leave this element blank 
until the number is available. 
For Consistency Checks see Understanding and Managing Consistency Checks and Death 
Certificate Number—FARS Only."
CRSS,2024,person.csv,HOSPITAL,candidate_feature,occupant_person,717,"Appendix A: 2024 Coding Guides 
A-34 
2024 FARS/CRSS Coding and Validation Manual 
Injury Description 
Injury Notes 
Injury 
Severity 
Broke/broken bone 
Fractures  
A (3) 
Broken nose 
None 
A (3) 
Broken Tooth 
A fracture, but in MMUCC context is a minor injury. 
B (2) 
Brush burn 
Abrasion 
B (2) 
Bump (a defined area of 
swelling) 
Bruise/contusion 
B (2) 
Bumped 
Action (e.g., bumped my elbow) 
O (0) 
Burst 
Rupture (e.g., burst spleen or artery) 
A (3) 
Busted (skin) 
Laceration* (e.g., hit steering wheel and busted lip 
open) 
B* (2) 
Busted (body part) 
Fracture/dislocation (e.g., D1 was extricated from 
vehicle with a busted leg) 
A (3) 
Carpet burn/chaffed 
Abrasion 
B (2) 
Checked out 
Transported for evaluation with no injuries reported 
before transport or EMS check-out person on the scene, 
AND the coded field is filled None/No Injury or is 
blank. 
O (0) 
Chipped tooth 
A fracture, but in MMUCC context is a minor injury.  
B (2) 
Complaint of pain 
Symptom of possible injury 
C (1) 
Concussion 
Noted by EMS, hospital, officer, or crash report 
indicates concussion. No need to confirm degree of 
concussion.  
A (3) 
Self-reported or “possible” concussion reported (e.g., 
Driver 1 called to say she had a concussion) 
C (1) 
Condition is critical  
E.g., Driver 1 was transported in critical condition. 
A (3) 
Condition is fair, good, 
or stable 
AND the person’s injury severity is reported as not 
injured or the field is blank.  
O (0) 
 
Condition is 
undetermined 
AND the person’s injury severity is reported as Not 
Injured or the field is blank. 
U (9) 
Confusion 
Could be an indication of a possible head injury or a 
medical condition. If not clear, treat as an injury. 
C (1) 
Contusion 
Bruise 
B (2) 
Cracked (bone) 
Fracture 
A (3)"
CRSS,2024,person.csv,HOSPITAL,candidate_feature,occupant_person,721,"Appendix A: 2024 Coding Guides 
A-38 
2024 FARS/CRSS Coding and Validation Manual 
Injury Description 
Injury Notes 
Injury 
Severity 
Note: If internal organs are involved, then it is an A 
injury (e.g., plumbing pipe through windshield into 
chest). 
Swelling of an internal 
organ  
Result of unspecified injury (e.g., Dr. Smith stated D2 
was admitted to hospital with brain swelling) 
A (3) 
Swelling/swollen 
(visible area of skin or 
over a joint) 
Visible result of unspecified injury 
 
B (2) 
Tear/torn (skin) 
Laceration*, Avulsion*  
B* (2) 
Tenderness 
Symptom of injury 
C (1) 
Teeth/tooth  
Chipped, broken, knocked out, loose, etc. 
B (2) 
Transported trauma alert And the person's Injury Severity field is blank or Not 
Injured  
ISU (5) 
Treated at scene  
And the PCR injury field is coded Not Injured 
or is blank 
O (0) 
And the crash report indicates injury without detail 
ISU (5) 
Turned/twisted joint 
Sprain (e.g., I twisted my ankle on the brake pedal) 
B (2) 
Unconscious 
Momentarily—If the person is stating to the officer at 
the scene, then it is a C injury. (See next page) 
C (1) 
Prolonged. Use when the person is still unconscious 
(knocked out) when departing the scene, or it’s 
unknown if they remained unconscious when 
departing the scene.  
A (3) 
If known to be solely associated with drugs/alcohol, 
then it’s not an injury. If the reason for the 
unconsciousness is unclear, then treat as an injury. 
O (0) 
Weakness 
Symptom of injury 
C (1) 
Welt 
Visible result of an unspecified injury 
B (2) 
Whiplash   
Strain 
C (1) 
Wind knocked out of 
them 
None 
O (0) 
Wrenched 
Strain (e.g., I wrenched my neck) 
C (1)"
CRSS,2024,person.csv,HOSPITAL,candidate_feature,occupant_person,775,"Appendix B: 2024 Consistency Checks 
B-54 
2024 FARS/CRSS Coding and Validation Manual 
Notification Time EMS—FARS Only 
Error ID 
IF 
THEN 
A070 
NOTIFICATION TIME EMS is not 
8888, 9998, or 9999, 
NOTIFICATION TIME EMS should 
not be more than 120 minutes later 
than CRASH TIME. 
A540 
NOTIFICATION TIME EMS is not 
8888, 9998, or 9999, and ARRIVAL 
TIME EMS is not 8888, 9997, 9998, 
9999, 
ARRIVAL TIME EMS should not be 
more than 120 minutes later than 
NOTIFICATION TIME EMS. 
A560 
NOTIFICATION TIME EMS is not 
8888, 9998, or 9999, and EMS TIME 
AT HOSPITAL is not 8888, 9996, 
9997, 9998, 9999, 
EMS TIME AT HOSPITAL should 
not be more than 180 minutes later 
than NOTIFICATION TIME EMS. 
E01P 
NOTIFICATION TIME EMS equals 
9998, 
ARRIVAL TIME EMS must equal 
9998, and EMS TIME AT HOSPITAL 
must equal 8888 or 9998. 
E03P 
ARRIVAL TIME EMS equals 8888, 
NOTIFICATION TIME EMS and 
EMS TIME AT HOSPITAL must 
equal 8888. 
E04P 
NOTIFICATION TIME EMS equals 
8888, 
ARRIVAL TIME EMS and EMS 
TIME AT HOSPITAL must equal 
8888. 
E07P 
ARRIVAL TIME EMS equals 9997, 
NOTIFICATION TIME EMS must 
not equal 8888, 9998. 
E08P 
NOTIFICATION TIME EMS is not 
8888, 9998, and EMS TIME AT 
HOSPITAL is not 8888, 9996, 9997, 
9998, 
ARRIVAL TIME EMS must not equal 
9997 or 9998. 
E09P 
ARRIVAL TIME EMS equals 0000-
2359, CRASH TIME-hour equals 
ARRIVAL TIME EMS-hour, and 
ARRIVAL TIME EMS-minute is 
greater than CRASH TIME-minute;  
NOTIFICATION TIME EMS-hour 
should not equal 99. 
P093 
all people TRANSPORTED TO 
FIRST MEDICAL FACILITY BY are 
coded 2 or 6 (nobody is transported by 
EMS),  
NOTIFICATION TIME EMS, 
ARRIVAL TIME EMS, and EMS 
TIME AT HOSPITAL must equal 
8888. 
U750 
UNLIKELY: If EMS TIME AT 
HOSPITAL equals 8888, then 
--"
CRSS,2024,person.csv,HOSPITAL,candidate_feature,occupant_person,776,"Appendix B: 2024 Consistency Checks 
B-55 
2024 FARS/CRSS Coding and Validation Manual 
Error ID 
IF 
THEN 
NOTIFICATION TIME EMS is 
unlikely to equal 8888.  
Arrival Time EMS—FARS Only 
Error ID 
IF 
THEN 
A540 
NOTIFICATION TIME EMS is not 
8888, 9998, or 9999, and ARRIVAL 
TIME EMS is not 8888, 9997, 9998, 
9999, 
ARRIVAL TIME EMS should not be 
more than 120 minutes later than 
NOTIFICATION TIME EMS. 
A550 
ARRIVAL TIME EMS is not 8888, 
9997, 9998, or 9999, and EMS TIME 
AT HOSPITAL is not 8888, 9996, 
9997, 9998, 9999, 
EMS TIME AT HOSPITAL should 
not be more than 60 minutes later than 
ARRIVAL TIME EMS. 
E01P 
NOTIFICATION TIME EMS equals 
9998, 
ARRIVAL TIME EMS must equal 
9998, and EMS TIME AT HOSPITAL 
must equal 8888 or 9998. 
E02P 
ARRIVAL TIME EMS equals 9998, 
EMS TIME AT HOSPITAL must 
equal 8888 or 9998. 
E03P 
ARRIVAL TIME EMS equals 8888, 
NOTIFICATION TIME EMS and 
EMS TIME AT HOSPITAL must 
equal 8888. 
E04P 
NOTIFICATION TIME EMS equals 
8888, 
ARRIVAL TIME EMS and EMS 
TIME AT HOSPITAL must equal 
8888. 
E05P 
EMS TIME AT HOSPITAL equals 
9997, 
ARRIVAL TIME EMS must equal 
9997. 
E06P 
ARRIVAL TIME EMS equals 9997, 
EMS TIME AT HOSPITAL must 
equal 9997. 
E07P 
ARRIVAL TIME EMS equals 9997, 
NOTIFICATION TIME EMS must 
not equal 8888, 9998. 
E08P 
NOTIFICATION TIME EMS is not 
8888, 9998, and EMS TIME AT 
HOSPITAL is not 8888, 9996, 9997, 
9998, 
ARRIVAL TIME EMS must not equal 
9997 or 9998. 
E09P 
ARRIVAL TIME EMS equals 0000-
2359, CRASH TIME-hour equals 
ARRIVAL TIME EMS-hour, and 
NOTIFICATION TIME EMS-hour 
should not equal 99."
CRSS,2024,person.csv,HOSPITAL,candidate_feature,occupant_person,777,"Appendix B: 2024 Consistency Checks 
B-56 
2024 FARS/CRSS Coding and Validation Manual 
Error ID 
IF 
THEN 
ARRIVAL TIME EMS-minute is 
greater than CRASH TIME-minute;  
P093 
all people TRANSPORTED TO 
FIRST MEDICAL FACILITY BY are 
coded 2 or 6 (nobody is transported by 
EMS), 
NOTIFICATION TIME EMS, 
ARRIVAL TIME EMS, and EMS 
TIME AT HOSPITAL must equal 
8888. 
U760 
UNLIKELY: If EMS TIME AT 
HOSPITAL equals 8888, then 
ARRIVAL TIME is unlikely to equal 
8888. 
-- 
EMS Time at Hospital—FARS Only 
Error ID 
IF 
THEN 
A550 
ARRIVAL TIME EMS is not 8888, 
9997, 9998, or 9999, and EMS TIME 
AT HOSPITAL is not 8888, 9996, 
9997, 9998, 9999, 
EMS TIME AT HOSPITAL should 
not be more than 60 minutes later than 
ARRIVAL TIME EMS. 
A551 
EMS TIME AT HOSPITAL equals 
8888, 9997, 9998, 
TRANSPORTED TO FIRST 
MEDICAL FACILITY BY should not 
equal 1, 3, 5 for any person. 
A560 
NOTIFICATION TIME EMS is not 
8888, 9998, or 9999, and EMS TIME 
AT HOSPITAL is not 8888, 9996, 
9997, 9998, 9999, 
EMS TIME AT HOSPITAL should 
not be more than 180 minutes later 
than NOTIFICATION TIME EMS. 
E01P 
NOTIFICATION TIME EMS equals 
9998, 
ARRIVAL TIME EMS must equal 
9998, and EMS TIME AT HOSPITAL 
must equal 8888 or 9998. 
E02P 
ARRIVAL TIME EMS equals 9998, 
EMS TIME AT HOSPITAL must 
equal 8888 or 9998. 
E03P 
ARRIVAL TIME EMS equals 8888, 
NOTIFICATION TIME EMS and 
EMS TIME AT HOSPITAL must 
equal 8888. 
E04P 
NOTIFICATION TIME EMS equals 
8888, 
ARRIVAL TIME EMS and EMS 
TIME AT HOSPITAL must equal 
8888. 
E05P 
EMS TIME AT HOSPITAL equals 
9997, 
ARRIVAL TIME EMS must equal 
9997."
CRSS,2024,person.csv,HOSPITAL,candidate_feature,occupant_person,778,"Appendix B: 2024 Consistency Checks 
B-57 
2024 FARS/CRSS Coding and Validation Manual 
Error ID 
IF 
THEN 
E06P 
ARRIVAL TIME EMS equals 9997, 
EMS TIME AT HOSPITAL must 
equal 9997. 
E08P 
NOTIFICATION TIME EMS is not 
8888, 9998, and EMS TIME AT 
HOSPITAL is not 8888, 9996, 9997, 
9998, 
ARRIVAL TIME EMS must not equal 
9997 or 9998. 
P091 
TRANSPORTED TO FIRST 
MEDICAL FACILITY BY equals 1, 
3, 5, 
EMS TIME AT HOSPITAL should 
not equal 8888, 9997, 9998. 
P093 
all people TRANSPORTED TO 
FIRST MEDICAL FACILITY BY are 
coded 2 or 6 (nobody is transported by 
EMS), 
NOTIFICATION TIME EMS, 
ARRIVAL TIME EMS, and EMS 
TIME AT HOSPITAL must equal 
8888. 
P095 
TRANSPORTED TO FIRST 
MEDICAL FACILITY BY equals 0 
for every person in the case, 
EMS TIME AT HOSPITAL must 
equal 8888 or 9997. 
P510 
EMS TIME AT HOSPITAL equals 
8888, 9997, 9998, 
DIED AT SCENE/EN ROUTE should 
not equal 8 for any PERSON. 
P530 
EMS TIME AT HOSPITAL equals 
9996, 
DIED AT SCENE/EN ROUTE must 
equal 8 for at least one person. 
P54P 
DIED AT SCENE/EN ROUTE equals 
8, 
EMS TIME AT HOSPITAL should 
not equal 8888, 9997, 9998. 
U750 
UNLIKELY: If EMS TIME AT 
HOSPITAL equals 8888, then 
NOTIFICATION TIME EMS is 
unlikely to equal 8888.  
-- 
U760 
UNLIKELY: If EMS TIME AT 
HOSPITAL equals 8888, then 
ARRIVAL TIME is unlikely to equal 
8888. 
-- 
 
Related Factors—Crash Level 
Error ID 
IF 
THEN 
1A0P 
RELATED FACTORS-CRASH 
LEVEL equals 014, 
NUMBER OF VEHICLE FORMS 
SUBMITTED must be greater than 
001."
CRSS,2024,person.csv,HOSPITAL,candidate_feature,occupant_person,1073,"Appendix B: 2024 Consistency Checks 
B-352 
2024 FARS/CRSS Coding and Validation Manual 
Transported to First Medical Facility by—FARS Only 
Error ID 
IF 
THEN 
A551 
EMS TIME AT HOSPITAL equals 
8888, 9997, 9998, 
TRANSPORTED TO FIRST 
MEDICAL FACILITY BY should not 
equal 1, 3, 5 for any person. 
P091 
TRANSPORTED TO FIRST 
MEDICAL FACILITY BY equals 1, 
3, 5, 
EMS TIME AT HOSPITAL should 
not equal 8888, 9997, 9998. 
P093 
all people TRANSPORTED TO 
FIRST MEDICAL FACILITY BY are 
coded 2 or 6 (nobody is transported by 
EMS), 
NOTIFICATION TIME EMS, 
ARRIVAL TIME EMS, and EMS 
TIME AT HOSPITAL must equal 
8888. 
P095 
TRANSPORTED TO FIRST 
MEDICAL FACILITY BY equals 0 
for every person in the case, 
EMS TIME AT HOSPITAL must 
equal 8888 or 9997. 
P50P 
DIED AT SCENE/EN ROUTE equals 
7, 
TRANSPORTED TO FIRST 
MEDICAL FACILITY BY must equal 
0. 
P51P 
DIED AT SCENE/EN ROUTE equals 
8, 
TRANSPORTED TO FIRST 
MEDICAL FACILITY BY must equal 
1-6. 
P520 
CRASH DATE and DEATH DATE 
are the same, and CRASH TIME and 
DEATH TIME are the same, 
TRANSPORTED TO FIRST 
MEDICAL FACILITY BY should 
equal 0 and DIED AT SCENE/EN 
ROUTE should equal 7. 
P52P 
DIED AT SCENE/EN ROUTE equals 
9, 
TRANSPORTED TO FIRST 
MEDICAL FACILITY BY must equal 
8 or 9. 
P55P 
TRANSPORTED TO FIRST 
MEDICAL FACILITY BY equals 9, 
DIED AT SCENE/EN ROUTE must 
equal 0, 9. 
Died at Scene/En Route—FARS Only 
Error ID 
IF 
THEN 
1R1P 
If DIED AT SCENE/EN ROUTE 
equals 7, 8, 
INJURY SEVERITY must equal 4. 
P077 
INJURY SEVERITY equals 4, and 
DIED AT SCENE/EN ROUTE equals 
7 or 8, 
ALCOHOL TEST Subfield 2 - Test 
Type should not equal 02, 10, or 11."
CRSS,2024,person.csv,HOSPITAL,candidate_feature,occupant_person,1074,"Appendix B: 2024 Consistency Checks 
B-353 
2024 FARS/CRSS Coding and Validation Manual 
Error ID 
IF 
THEN 
P50P 
DIED AT SCENE/EN ROUTE equals 
7, 
TRANSPORTED TO FIRST 
MEDICAL FACILITY BY must equal 
0. 
P510 
EMS TIME AT HOSPITAL equals 
8888, 9997, 9998, 
DIED AT SCENE/EN ROUTE should 
not equal 8 for any PERSON. 
P51P 
DIED AT SCENE/EN ROUTE equals 
8, 
TRANSPORTED TO FIRST 
MEDICAL FACILITY BY must equal 
1-6. 
P520 
CRASH DATE and DEATH DATE 
are the same, and CRASH TIME and 
DEATH TIME are the same, 
TRANSPORTED TO FIRST 
MEDICAL FACILITY BY should 
equal 0 and DIED AT SCENE/EN 
ROUTE should equal 7. 
P52P 
DIED AT SCENE/EN ROUTE equals 
9, 
TRANSPORTED TO FIRST 
MEDICAL FACILITY BY must equal 
8 or 9. 
P530 
EMS TIME AT HOSPITAL equals 
9996, 
DIED AT SCENE/EN ROUTE must 
equal 8 for at least one person. 
P53P 
INJURY SEVERITY equals 0-3, 5, 6, 
DIED AT SCENE/EN ROUTE must 
equal 0. 
P54P 
DIED AT SCENE/EN ROUTE equals 
8, 
EMS TIME AT HOSPITAL should 
not equal 8888, 9997, 9998. 
P55P 
TRANSPORTED TO FIRST 
MEDICAL FACILITY BY equals 9, 
DIED AT SCENE/EN ROUTE must 
equal 0, 9. 
P56P 
DIED AT SCENE/EN ROUTE equals 
7, 
DEATH TIME should be within 30 
minutes of the CRASH TIME. 
Death Date—FARS Only 
Error ID 
IF 
THEN 
1U1F 
INJURY SEVERITY equals 4, 
DEATH DATE must not equal 
88888888. 
1V0P 
DEATH MONTH or DAY equals 88, 
or DEATH YEAR equals 8888, 
all must equal 8s. 
2U1F 
INJURY SEVERITY is not equal to 4, 
DEATH DATE must equal 88888888. 
2V0P 
DEATH DAY is 01-31, and DEATH 
MONTH is 01-12, 
DEATH DAY must be a valid day for 
DEATH MONTH."
CRSS,2024,person.csv,HOSPITAL,candidate_feature,occupant_person,1128,"Appendix B: 2024 Consistency Checks 
B-407 
2024 FARS/CRSS Coding and Validation Manual 
Error ID 
IF 
THEN 
V882 
HIT-AND-RUN equals 1, and 
PERSON TYPE equals 01, 
TRANSPORTED TO FIRST 
MEDICAL FACILITY BY should 
equal 0 for this person. 
Transported to First Medical Facility By—FARS Only 
Error ID 
IF 
THEN 
A551 
EMS TIME AT HOSPITAL equals 
8888, 9997, 9998, 
TRANSPORTED TO FIRST 
MEDICAL FACILITY BY should not 
equal 1, 3, 5 for any person. 
P091 
TRANSPORTED TO FIRST 
MEDICAL FACILITY BY equals 1, 
3, 5, 
EMS TIME AT HOSPITAL should 
not equal 8888, 9997, 9998. 
P093 
all people TRANSPORTED TO 
FIRST MEDICAL FACILITY BY are 
coded 2 or 6 (nobody is transported by 
EMS), 
NOTIFICATION TIME EMS, 
ARRIVAL TIME EMS, and EMS 
TIME AT HOSPITAL must equal 
8888. 
P095 
TRANSPORTED TO FIRST 
MEDICAL FACILITY BY equals 0 
for every person in the case, 
EMS TIME AT HOSPITAL must 
equal 8888 or 9997. 
P520 
CRASH DATE and DEATH DATE 
are the same, and CRASH TIME AND 
DEATH TIME are the same, 
TRANSPORTED TO FIRST 
MEDICAL FACILITY BY should 
equal 0 and DIED AT SCENE/EN 
ROUTE should equal 7. 
P50P 
DIED AT SCENE/EN ROUTE equals 
7, 
TRANSPORTED TO FIRST 
MEDICAL FACILITY BY must equal 
0. 
P51P 
DIED AT SCENE/EN ROUTE equals 
8, 
TRANSPORTED TO FIRST 
MEDICAL FACILITY BY must equal 
1-6. 
P52P 
DIED AT SCENE/EN ROUTE equals 
9, 
TRANSPORTED TO FIRST 
MEDICAL FACILITY BY must equal 
8 or 9. 
P55P 
TRANSPORTED TO FIRST 
MEDICAL FACILITY BY equals 9, 
DIED AT SCENE/EN ROUTE must 
equal 0, 9."
CRSS,2024,person.csv,HOSPITAL,candidate_feature,occupant_person,1129,"Appendix B: 2024 Consistency Checks 
B-408 
2024 FARS/CRSS Coding and Validation Manual 
Died at Scene / En Route—FARS Only 
Error ID 
IF 
THEN 
1R1P 
If DIED AT SCENE/EN ROUTE 
equals 7, 8, 
INJURY SEVERITY must equal 4. 
P50P 
DIED AT SCENE/EN ROUTE equals 
7, 
TRANSPORTED TO FIRST 
MEDICAL FACILITY BY must equal 
0. 
P510 
EMS TIME AT HOSPITAL equals 
8888, 9997, 9998, 
DIED AT SCENE/EN ROUTE should 
not equal 8 for any PERSON. 
P51P 
DIED AT SCENE/EN ROUTE equals 
8, 
TRANSPORTED TO FIRST 
MEDICAL FACILITY BY must equal 
1-6. 
P520 
CRASH DATE and DEATH DATE 
are the same, and CRASH TIME AND 
DEATH TIME are the same, 
TRANSPORTED TO FIRST 
MEDICAL FACILITY BY should 
equal 0 and DIED AT SCENE/EN 
ROUTE should equal 7. 
P52P 
DIED AT SCENE/EN ROUTE equals 
9, 
TRANSPORTED TO FIRST 
MEDICAL FACILITY BY must equal 
8 or 9. 
P530 
EMS TIME AT HOSPITAL equals 
9996, 
DIED AT SCENE/EN ROUTE must 
equal 8 for at least one person. 
P53P 
INJURY SEVERITY equals 0-3, 5, 6, 
DIED AT SCENE/EN ROUTE must 
equal 0. 
P54P 
DIED AT SCENE/EN ROUTE equals 
8, 
EMS TIME AT HOSPITAL should 
not equal 8888, 9997, 9998. 
P55P 
TRANSPORTED TO FIRST 
MEDICAL FACILITY BY equals 9, 
DIED AT SCENE/EN ROUTE must 
equal 0, 9. 
P56P 
DIED AT SCENE/EN ROUTE equals 
7, 
DEATH TIME should be within 30 
minutes of the CRASH TIME. 
Death Date—FARS Only 
Error ID 
IF 
THEN 
1U1F 
INJURY SEVERITY equals 4, 
DEATH DATE must not equal 
88888888. 
1V0P 
DEATH MONTH or DAY equals 88, 
or DEATH YEAR equals 8888, 
all must equal 8s. 
2U1F 
INJURY SEVERITY is not equal to 4, 
DEATH DATE must equal 88888888."
CRSS,2024,person.csv,HOSPITAL,candidate_feature,occupant_person,1188,"Appendix B: 2024 Consistency Checks 
B-467 
2024 FARS/CRSS Coding and Validation Manual 
Error ID 
Error Message 
A520 
If SEQUENCE OF EVENTS equals 10, then TRAFFIC CONTROL DEVICE 
should not equal 01-09, 20-29, 40-50, 98. 
A521 
If any SEQUENCE OF EVENTS equals 46, then SPEED LIMIT should equal 
05-55, 98, or 99 for this vehicle. 
A540 
If NOTIFICATION TIME EMS is not 8888, 9998, or 9999, and ARRIVAL 
TIME EMS is not 8888, 9997, 9998, 9999, then ARRIVAL TIME EMS should 
not be more than 120 minutes later than NOTIFICATION TIME EMS. 
A550 
If ARRIVAL TIME EMS is not 8888, 9997, 9998, or 9999, and EMS TIME AT 
HOSPITAL is not 8888, 9996, 9997, 9998, 9999, then EMS TIME AT 
HOSPITAL should not be more than 60 minutes later than ARRIVAL TIME 
EMS.  
A551 
If EMS TIME AT HOSPITAL equals 8888, 9997, 9998, then TRANSPORTED 
TO FIRST MEDICAL FACILITY BY should not equal 1, 3, 5 for any person. 
A560 
If NOTIFICATION TIME EMS is not 8888, 9998, or 9999, and EMS TIME AT 
HOSPITAL is not 8888, 9996, 9997, 9998, 9999, then EMS TIME AT 
HOSPITAL should not be more than 180 minutes later than NOTIFICATION 
TIME EMS. 
A60F 
If FIRST HARMFUL EVENT equals 14, then CRASH TYPE should equal 01-
11, 14, 15, 92, 98, 99. 
A610 
If RELATION TO TRAFFICWAY equals 01, and RELATION TO JUNCTION 
(b) equals 05, then TRAFFICWAY DESCRIPTION should equal 6 for at least 
one vehicle involved in the FIRST HARMFUL EVENT. 
A611 
If TRAFFICWAY DESCRIPTION equals 6 for at least one vehicle involved in 
the FIRST HARMFUL EVENT, then RELATION TO JUNCTION (b) should 
equal 02, 03, 05, 17-20. 
A612 
If PERSON TYPE equals 04, and VEHICLE NUMBER OF MOTOR 
VEHICLE STRIKING NON-MOTORIST equals___, then at least one 
SEQUENCE OF EVENTS must equal 10, 49, or 74 for that vehicle number in 
the CRASH EVENTS table. 
A613 
If PERSON TYPE equals 05, and VEHICLE NUMBER OF MOTOR 
VEHICLE STRIKING NON-MOTORIST equals___, then at least one 
SEQUENCE OF EVENTS must equal 08 for that vehicle number in the 
CRASH EVENTS table. 
A614 
If PERSON TYPE equals 06, and VEHICLE NUMBER OF MOTOR 
VEHICLE STRIKING NON-MOTORIST equals___, then at least one 
SEQUENCE OF EVENTS must equal 09 for that vehicle number in the 
CRASH EVENTS table. 
A615 
If PERSON TYPE equals 07, and VEHICLE NUMBER OF MOTOR 
VEHICLE STRIKING NON-MOTORIST equals___, then at least one"
CRSS,2024,person.csv,HOSPITAL,candidate_feature,occupant_person,1205,"Appendix B: 2024 Consistency Checks 
B-484 
2024 FARS/CRSS Coding and Validation Manual 
Error ID 
Error Message 
D80P 
If DRUG TESTING METHOD equals 01-06, 08, 09, then DRUG QUANTITY 
must equal 01, 03, or 97. 
D81P 
If DRUG TESTING METHOD equals 11-27, then DRUG QUANTITY must 
equal 01, 02, 97 or 98. 
D82P 
If DRUG QUANTITY equals 02, then ACTUAL QUANTITY and UNIT OF 
MEASURE must not be blank. 
D83P 
If DRUG TEST RESULT equals 0001, then DRUG QUANTITY must equal 01. 
D84P 
If DRUG TESTING METHOD equals 01-06, 08, 09, and DRUG TEST 
RESULT equals 9997, then DRUG QUANTITY must equal 97. 
D85P 
If DRUG TESTING METHOD equals 11-27, and DRUG TEST RESULT 
equals 9998, then DRUG QUANTITY must equal 03, 97, or 98. 
D86P 
If DRUG TESTING METHOD equals 97, then DRUG QUANTITY should 
equal 01, 04 or 97. 
D87P 
If DRUG QUANTITY equals 98, then DRUG TESTING METHOD must equal 
11-27. 
D88P 
If DRUG QUANTITY equals 03, then DRUG TESTING METHOD must equal 
01-06, 08, or 09. 
D89P 
If DRUG TESTING METHOD equals 97, and DRUG TEST RESULT equals 
9998, then DRUG QUANTITY must equal 04. 
D91P 
If DRUG RESULT equals 1001-2000, 2001-3000, 3001-4000, 4001-5000, 
5001-6000, 6001-7000, 7001-8000, 8001-9000, 9001-9994, 9996, 9997, 9998, 
or 9999, then DRUG QUANTITY must not equal 01. 
E Series 
Error ID 
Error Message 
E01P 
If NOTIFICATION TIME EMS equals 9998, then ARRIVAL TIME EMS must 
equal 9998, and EMS TIME AT HOSPITAL must equal 8888 or 9998. 
E02P 
If ARRIVAL TIME EMS equals 9998, then EMS TIME AT HOSPITAL must 
equal 8888 or 9998. 
E03P 
If ARRIVAL TIME EMS equals 8888, then NOTIFICATION TIME EMS and 
EMS TIME AT HOSPITAL must equal 8888. 
E04P 
If NOTIFICATION TIME EMS equals 8888, then ARRIVAL TIME EMS and 
EMS TIME AT HOSPITAL must equal 8888. 
E05P 
If EMS TIME AT HOSPITAL equals 9997, then ARRIVAL TIME EMS must 
equal 9997."
CRSS,2024,person.csv,HOSPITAL,candidate_feature,occupant_person,1206,"Appendix B: 2024 Consistency Checks 
B-485 
2024 FARS/CRSS Coding and Validation Manual 
Error ID 
Error Message 
E06P 
If ARRIVAL TIME EMS equals 9997, then EMS TIME AT HOSPITAL must 
equal 9997. 
E07P 
If ARRIVAL TIME EMS equals 9997, then NOTIFICATION TIME EMS must 
not equal 8888, 9998. 
E08P 
If NOTIFICATION TIME EMS is not 8888, 9998, and EMS TIME AT 
HOSPITAL is not 8888, 9996, 9997, 9998, then ARRIVAL TIME EMS must 
not equal 9997 or 9998. 
E09P 
If ARRIVAL TIME EMS equals 0000-2359, CRASH TIME-hour equals 
ARRIVAL TIME EMS-hour, and ARRIVAL TIME EMS-minute is greater than 
CRASH TIME-minute; then NOTIFICATION TIME EMS-hour should not 
equal 99. 
F Series 
Error ID 
Error Message 
FA0F 
If FIRST HARMFUL EVENT equals blank, then case status is flawed. 
FA1F 
CRASH TYPE for all in-transport vehicles not involved in the FIRST 
HARMFUL EVENT must equal 98. 
FD0F 
If DRIVER PRESENCE is blank, then case status is flawed. 
FP0F 
If PERSON TYPE is blank, then case status is flawed. 
FP1F 
If AREAS OF IMPACT - INITIAL CONTACT POINT equals blank, then case 
status is flawed. 
FP2F 
If UNIT TYPE equals 1, and CRASH TYPE equals blank, then case status is 
flawed. 
FP3F 
If UNIT TYPE is blank, then case status is flawed. 
FP4F 
If CRASH DATE is blank, then case status is flawed. 
FP5F 
If CRASH TIME is blank, then case status is flawed. 
FP6F 
If UNIT TYPE equals 1, and CRITICAL EVENT - PRECRASH (CATEGORY) 
equals blank, then case status is flawed. 
FP7F 
If UNIT TYPE equals 1, and CRITICAL EVENT - PRECRASH (EVENT) 
equals blank, then case status is flawed. 
FP8F 
If INJURY SEVERITY is blank, then case status is flawed. 
FP9F 
If PERSON TYPE equals 05, 06, 07, or 08, and the PEDESTRIAN/ BIKE - 
CRASH TYPE equals blank, then case status is flawed."
CRSS,2024,person.csv,HOSPITAL,candidate_feature,occupant_person,1209,"Appendix B: 2024 Consistency Checks 
B-488 
2024 FARS/CRSS Coding and Validation Manual 
Error ID 
Error Message 
P077 
If INJURY SEVERITY equals 4, and DIED AT SCENE/EN ROUTE equals 7 
or 8, then ALCOHOL TEST Subfield 2 - Test Type should not equal 02, 10, or 
11. 
P078 
If INJURY SEVERITY equals 4, then ALCOHOL TEST Subfield 2 - Test Type 
should not equal 02, 10, or 11. 
P090 
If INJURY SEVERITY equals 0, then TRANSPORTED TO FIRST MEDICAL 
FACILITY BY must equal 0. 
P091 
If TRANSPORTED TO FIRST MEDICAL FACILITY BY equals 1, 3, 5, then 
EMS TIME AT HOSPITAL should not equal 8888, 9997, 9998. 
P093 
If all people TRANSPORTED TO FIRST MEDICAL FACILITY BY are coded 
2 or 6 (nobody is transported by EMS), then NOTIFICATION TIME EMS, 
ARRIVAL TIME EMS, and EMS TIME AT HOSPITAL must equal 8888. 
P094 
If EJECTION equals 8, then SEATING POSITION must equal 55 or 56, or 
vPIC BODY CLASS must equal 006 (Motorcycle - Standard), 012 (Motorcycle 
- Scooter), 080 (Motorcycle - Sport), 081 (Motorcycle - Touring/Sport Touring), 
082 (Motorcycle - Cruiser), 084 (Off-Road Vehicle - Dirt Bike/Off-Road), 085 
(Motorcycle - Dual Sport/Adventure/Supermoto/On/Off-road), 086 (Off-Road 
Vehicle - Enduro (Off-road long-distance racing)), 087 (Motorcycle - 
Small/Minibike), 090 (Motorcycle - Side Car), 094 (Motorcycle - Custom), 098 
(Motorcycle - Street), 104 (Moped), 109 (Motorcycle - Cross Country), 110 
(Motorcycle - Underbone), 113 (Off-road Vehicle - Motorcross (Off-road short 
distance, closed track racing)), 114 (Motorcycle - Competition), or 125 
(Motorcycle - Unknown Body Type). 
P095 
If TRANSPORTED TO FIRST MEDICAL FACILITY BY equals 0 for every 
person in the case, then EMS TIME AT HOSPITAL must equal 8888 or 9997. 
P130 
If vPIC BODY CLASS equals 011 (Truck), 016 (Bus), 068 (Streetcar / Trolley), 
73 (Bus-School Bus), 066 (Truck-Tractor), 095 (Cargo Van), 111 (Step Van / 
Walk-in Van), 117 (Limousine), 126 (Off-road Vehicle - Farm Equipment), 127 
(Off-road Vehicle - Construction Equipment), 128 (Ambulance), 129 (Street 
Sweeper), or 130 (Fire Apparatus), or FINAL STAGE BODY CLASS equals 
011 (Truck), 016 (Bus),  068 (Streetcar / Trolley), 73 (Bus-School Bus), 066 
(Truck-Tractor), 095 (Cargo Van), 111 (Step Van / Walk-in Van), 117 
(Limousine), 128 (Ambulance), 129 (Street Sweeper), or 130 (Fire Apparatus), 
and POWER UNIT GVWR_from and GVWR_to equals 13, 14, 15, 16, 17, or 
18, and PERSON TYPE equals 01 or 03, and INJURY SEVERITY equals 4, 
then FATAL INJURY AT WORK should equal 1. 
P1A0 
If AGE is less than 012, and INJURY SEVERITY equals 4, then FATAL 
INJURY AT WORK should equal 0. 
P260 
If SEATING POSITION equals 18, 19, or 99, then AIR BAG DEPLOYED 
should equal 20, 98, 99."
CRSS,2024,person.csv,HOSPITAL,candidate_feature,occupant_person,1210,"Appendix B: 2024 Consistency Checks 
B-489 
2024 FARS/CRSS Coding and Validation Manual 
Error ID 
Error Message 
P270 
If SEATING POSITION equals 21-23, 28, 29, 31-33, 38, 39, 41-43, 48, 49, 50, 
54-56, 98, or 99, then AIR BAG DEPLOYED must not equal 01.  
P280 
If AIR BAG DEPLOYED equals 01, then SEATING POSITION must equal 11-
19.  
P290 
If AIR BAG DEPLOYED equals 01-03 or 07-09, and vPIC BODY CLASS 
equals 001 (Convertible/Cabriolet), 002 (Minivan), 003 (Coupe), 005 
(Hatchback/Liftback/Notchback), 007 (Sport Utility Vehicle (SUV)/Multi-
Purpose Vehicle (MPV)), 008 (Crossover Utility Vehicle (CUV)), 009 (Van), 
010 (Roadster), 011 (Truck), 013 (Sedan/Saloon), 015 (Wagon), 060 (Pickup), 
117 (Limousine), 119 (Sport Utility Truck (SUT)), or FINAL STAGE BODY 
CLASS equals 007 (Sport Utility Vehicle (SUV)/Multi-Purpose Vehicle 
(MPV)), 008 (Crossover Utility Vehicle (CUV)), 009 (Van), 011 (Truck), 015 
(Wagon), 060 (Pickup), 117 (Limousine), or 119 (Sport Utility Truck (SUT)), 
and VEHICLE MODEL YEAR equals 1998 or newer, and does not equal to 
9998 or 9999, then SEATING POSITION should equal 11, 13, 21, 23, 31, or 33. 
P300 
If POLICE-REPORTED ALCOHOL INVOLVEMENT equals 1, and INJURY 
SEVERITY equals 4, then ALCOHOL TEST STATUS should not equal 0. 
P340 
If SEATING POSITION equals 50, 52-54, then RESTRAINT SYSTEM USE 
Subfield-1 Type of Restraint System in Use should equal 20. 
P50P 
If DIED AT SCENE/EN ROUTE equals 7, then TRANSPORTED TO FIRST 
MEDICAL FACILITY BY must equal 0. 
P510 
If EMS TIME AT HOSPITAL equals 8888, 9997, 9998, then DIED AT 
SCENE/EN ROUTE should not equal 8 for any PERSON. 
P51P 
If DIED AT SCENE/EN ROUTE equals 8, then TRANSPORTED TO FIRST 
MEDICAL FACILITY BY must equal 1-6. 
P520 
If CRASH DATE and DEATH DATE are the same, and CRASH TIME and 
DEATH TIME are the same, then TRANSPORTED TO FIRST MEDICAL 
FACILITY BY should equal 0 and DIED AT SCENE/EN ROUTE should equal 
7. 
P52P 
If DIED AT SCENE/EN ROUTE equals 9, then TRANSPORTED TO FIRST 
MEDICAL FACILITY BY must equal 8 or 9. 
P530 
If EMS TIME AT HOSPITAL equals 9996, then DIED AT SCENE/EN 
ROUTE must equal 8 for at least one person. 
P53P 
If INJURY SEVERITY equals 0-3, 5, 6, then DIED AT SCENE/EN ROUTE 
must equal 0. 
P54P 
If DIED AT SCENE/EN ROUTE equals 8, then EMS TIME AT HOSPITAL 
should not equal 8888, 9997, 9998."
CRSS,2024,person.csv,HOSPITAL,candidate_feature,occupant_person,1224,"Appendix B: 2024 Consistency Checks 
B-503 
2024 FARS/CRSS Coding and Validation Manual 
Error ID 
Error Message 
U696 
UNLIKELY: ALCOHOL TEST TYPE equals 01, 03, 04, 05, 06, 07, or 08, and 
ALCOHOL TEST RESULTS is greater than 600, and ALCOHOL TEST 
RESULTS not equal to 995, 996, 997, 998, or 999. 
U697 
UNLIKELY: ALCOHOL TEST TYPE equals 02, 10, or 11, and ALCOHOL 
TEST RESULTS is greater than 300, and ALCOHOL TEST RESULTS not 
equal to 995, 996, 997, 998, or 999. 
U698 
UNLIKELY: TYPE OF INTERSECTION equals 11. 
U700 
UNLIKELY: MOTOR VEHICLE AUTOMATED DRIVING SYSTEM(S)-
Subfield 2 or MOTOR VEHICLE AUTOMATED DRIVING SYSTEM(S)-
Subfield 3 equals 3, 4, or 5. 
U710 
UNLIKELY: MOTOR VEHICLE AUTOMATED DRIVING SYSTEM(S)-
Subfield 1 equals 01 and VEHICLE MODEL YEAR is between 2000 and 2012. 
U720 
UNLIKELY: AGE equals 0 and HELMET USE Subfield 1-Helmet Use equals 
05, 16, 17, 19, 98, 99. 
U730 
UNLIKELY: HELMET USE Subfield 1-Helmet Use equals 98 if not a created 
record and HIT-AND-RUN does not equal 1. 
U740 
UNLIKELY: MILEPOINT is greater than 0500.0. 
U750 
UNLIKELY: If EMS TIME AT HOSPITAL equals 8888, then 
NOTIFICATION TIME EMS is unlikely to equal 8888.  
U760 
UNLIKELY: If EMS TIME AT HOSPITAL equals 8888, then ARRIVAL 
TIME is unlikely to equal 8888. 
U770 
Unlikely: REGISTRATION STATE equals 98. 
U780 
UNLIKELY: NON-MOTORIST ACTION/CIRCUMSTANCES equals 12 and 
PEDESTRIAN/BIKE TYPING - CRASH TYPE - PEDESTRIAN equals 220. 
U790 
UNLIKELY: RELATED FACTORS – CRASH LEVEL equals 019 and 023. 
 
V Series 
Error ID 
Error Message 
V010 
VEHICLE MODEL YEAR should not be less than 1940. 
V011 
If VEHICLE MODEL YEAR is less than 1950, then VEHICLE 
IDENTIFICATION NUMBER must equal 0s. 
V020 
If VEHICLE TRAILING equals 1, then vPIC BODY CLASS should not equal 
006 (Motorcycle - Standard), 012 (Motorcycle - Scooter), 016 (Bus), 073 (Bus-
School Bus), 080 (Motorcycle - Sport), 081 (Motorcycle - Touring / Sport 
Touring), 082 (Motorcycle - Cruiser), 083 (Motorcycle - Three-Wheeled 
Motorcycle [2 Rear Wheels]), 084 Off-road Vehicle - Dirt Bike / Off-Road),"
CRSS,2024,person.csv,ROLLOVER,candidate_feature,occupant_person,6,"iv 
2024 FARS/CRSS Coding and Validation Manual 
V16. NCSA Body Type .......................................................................................................... 202 
V17. Final Stage Body Class .................................................................................................. 216 
V18. Power Unit Gross Vehicle Weight Rating ..................................................................... 218 
V19. Vehicle Trailing ............................................................................................................. 220 
V20. Trailer Vehicle Identification Number ........................................................................... 222 
V21. Trailer Gross Vehicle Weight Rating ............................................................................ 225 
V22. Jackknife ........................................................................................................................ 227 
V23. Motor Carrier Identification Number ............................................................................. 229 
V24. Vehicle Configuration .................................................................................................... 233 
V25. Cargo Body Type ........................................................................................................... 236 
V26. Hazardous Material Involvement / Placard .................................................................... 239 
V27. Bus Use .......................................................................................................................... 244 
V28. Special Use ..................................................................................................................... 247 
V29. Emergency Motor Vehicle Use ...................................................................................... 251 
V30. Travel Speed .................................................................................................................. 254 
V31. Vehicle Underride/Override ........................................................................................... 256 
V32. Rollover .......................................................................................................................... 259 
V33. Location of Rollover ...................................................................................................... 260 
V34. Areas of Impact—Initial Contact Point / Damaged Areas ............................................. 262 
V35. Extent of Damage .......................................................................................................... 271 
V36. Vehicle Towed ............................................................................................................... 273 
V37. Sequence of Events ........................................................................................................ 275 
V38. Most Harmful Event ...................................................................................................... 293 
V39. Fire Occurrence .............................................................................................................. 308 
V40. Motor Vehicle Automated Driving System(s) ............................................................... 310 
V41. Related Factors—Vehicle Level .................................................................................... 315 
Driver Level Data Elements ..................................................................................................... 318 
D3. Vehicle Number—Driver Level ...................................................................................... 319 
D4. Driver Presence ................................................................................................................ 320 
D5. Driver’s License State—FARS Only ............................................................................... 322 
D6. Driver’s ZIP Code ............................................................................................................ 325 
D7. Non-CDL License Type / Status—FARS Only ............................................................... 327 
D8. Commercial Motor Vehicle License Status—FARS Only .............................................. 334 
D9. Compliance With CDL Endorsements—FARS Only ...................................................... 336 
D10. License Compliance with Class of Vehicle—FARS Only ............................................ 339 
D11. Compliance with License Restrictions—FARS Only .................................................... 342 
D12. Driver Height—FARS Only .......................................................................................... 344 
D13. Driver Weight—FARS Only ......................................................................................... 345 
D14, D15, D16, D17, D18. Driver Level Counters—FARS Only ......................................... 346 
D19, D20. Date of Oldest and Most Recent Crash, Suspension, Conviction—FARS Only .. 349 
D21. Citations Issued .............................................................................................................. 351 
D22. Speeding Related ........................................................................................................... 356 
D23/NM17. Condition (Impairment) at Time of Crash .......................................................... 358 
D24. Related Factors—Driver Level ...................................................................................... 361"
CRSS,2024,person.csv,ROLLOVER,candidate_feature,occupant_person,29,"2024 FARS/CRSS Element Definitions 
19 
2024 FARS/CRSS Coding and Validation Manual 
2024 
Element 
ID 
Element Name 
FARS, CRSS, 
Case 
Structure 
Definition 
V31 
Vehicle 
Underride/Override 
FARS, CRSS 
This element indicates whether this 
vehicle experienced an underride or 
override with another vehicle during 
the crash. 
 V32 
Rollover 
FARS, CRSS 
This element identifies whether a 
rollover or overturn occurred during 
the crash involving this vehicle. 
V33 
Location of Rollover 
FARS, CRSS 
This element identifies the location 
of the trip point or start of the 
vehicle’s roll. 
V34 (1) 
Areas of Impact—Initial 
Contact Point 
FARS, CRSS 
This subfield identifies the area on 
this vehicle that produced the first 
instance of injury to non-motorists 
or occupants of this vehicle, or that 
resulted in the first instance of 
damage to other property or to this 
vehicle. 
V34 (2) 
Areas of Impact—
Damaged Areas 
FARS, CRSS 
This subfield identifies all the areas 
on this vehicle that were damaged in 
the crash as reflected in the case 
materials. 
V35 
Extent of Damage 
FARS, CRSS 
This element indicates the amount of 
damage sustained by this vehicle in 
this crash as indicated in the case 
materials based on an operational 
damage scale. 
V36 
Vehicle Towed 
FARS, CRSS 
This data element identifies whether 
the vehicle was towed from the 
scene of the crash. 
V37 
Sequence of Events 
FARS, CRSS 
The events in sequence related to 
this motor vehicle regardless of 
injury and/or property damage. Code 
each event for this vehicle in the 
order in which they occur, timewise, 
from the police crash report 
narrative and diagram. 
V38 
Most Harmful Event 
FARS, CRSS 
This element identifies the event that 
resulted in the most severe injury or, 
if no injury, the greatest property"
CRSS,2024,person.csv,ROLLOVER,candidate_feature,occupant_person,99,"Crash Events 
C18 
89 
2024 FARS/CRSS Coding and Validation Manual 
Codes 
Attributes 
67 
Vehicle Went Airborne 
69 
Re-entering Roadway 
70 
Non-harmful, Swaying Trailer/Jackknife 
60 
Cargo/Equipment Loss or Shift (non-harmful) 
Non-Collision Harmful Events: 
Codes 
Attributes 
01 
Rollover/Overturn 
02 
Fire/Explosion 
03 
Immersion or Partial Immersion 
04 
Gas Inhalation 
51 
Jackknife (harmful to this vehicle) 
06 
Injured in Vehicle (Non-Collision) 
44 
Pavement Surface Irregularity (Ruts, Potholes, Grates, etc.) 
07 
Other Non-Collision 
72 
Cargo/Equipment Loss, Shift, or Damage (harmful) 
16 
Thrown or Falling Object 
05 
Fell/Jumped from Vehicle  
Collision With Motor Vehicle In-Transport: 
Codes 
Attributes 
12 
Motor Vehicle In-Transport 
54 
Motor Vehicle In-Transport Strikes or is Struck by Cargo, Persons, or Objects 
Set in Motion from/by Another Motor Vehicle In-Transport 
55 
Motor Vehicle in Motion Outside the Trafficway 
Collision With Object Not Fixed: 
Codes 
Attributes 
08 
Pedestrian 
09 
Pedalcyclist 
10 
Railway Vehicle 
74 
Road Vehicle on Rails 
11 
Live Animal 
49 
Ridden Animal or Animal-Drawn Conveyance 
18 
Other Object (Not Fixed) 
15 
Non-Motorist on Personal Conveyance 
14 
Parked Motor Vehicle"
CRSS,2024,person.csv,ROLLOVER,candidate_feature,occupant_person,103,"First Harmful Event 
C19 
93 
2024 FARS/CRSS Coding and Validation Manual 
C19. First Harmful Event 
Format 
2 numeric 
SAS Name 
Accident.HARM_EV, Vehicle.HARM_EV, Person.HARM_EV, Parkwork.PHARM_EV 
Element Values 
Non-Collision Harmful Events: 
Codes 
Attributes 
01 
Rollover/Overturn 
02 
Fire/Explosion 
03 
Immersion or Partial Immersion 
04 
Gas Inhalation 
51 
Jackknife (harmful to this vehicle) 
06 
Injured in Vehicle (Non-Collision) 
44 
Pavement Surface Irregularity (Ruts, Potholes, Grates, etc.) 
07 
Other Non-Collision 
16 
Thrown or Falling Object 
72 
Cargo/Equipment Loss, Shift, or Damage (harmful) 
05 
Fell/Jumped from Vehicle  
Collision With Motor Vehicle In-Transport: 
Codes 
Attributes 
12 
Motor Vehicle In-Transport  
54 
Motor Vehicle In-Transport Strikes or is Struck by Cargo, Persons, or Objects 
Set in Motion from/by Another Motor Vehicle In-Transport 
55 
Motor Vehicle in Motion Outside the Trafficway 
Collision With Object Not Fixed: 
Codes 
Attributes 
08 
Pedestrian 
09 
Pedalcyclist 
10 
Railway Vehicle 
74 
Road Vehicle on Rails 
11 
Live Animal"
CRSS,2024,person.csv,ROLLOVER,candidate_feature,occupant_person,106,"First Harmful Event 
C19 
96 
2024 FARS/CRSS Coding and Validation Manual 
Non-Collision Harmful Events 
Non-Collision events involving motorcycles and vehicles with a “load”: 
Non-Collision events may occur before or after a collision event. They should not be coded as a 
separate event if they occur as part of a collision event. 
Examples:  
• A motorcycle strikes a deer, overturns, and the rider becomes separated from the vehicle. 
Code the collision event, not the non-collision “Rollover/Overturn” and “Fell/Jumped 
from Vehicle” that occur as part of the collision event. 
• One tractor/trailer rear-ends another tractor/trailer. The impact pushes the lead vehicle’s 
load into the back of the tractor cab with part falling onto the roadway. Code the collision 
event, not the non-collision “cargo-loss or shift” that occurred as part of the collision 
event. 
01 (Rollover/Overturn) is used when a motor vehicle rotates (rollover) at least one quarter turn 
onto its side or end. For motorcycles, laying the motorcycle down on its side is sufficient to code 
01 (Rollover/Overturn) as a harmful event if damage or injury is produced, even though the 
data element ROLLOVER is not applicable to motorcycles. 
If there is a 01 (Rollover/Overturn) that begins in another location but involves a ditch or 
embankment in the case (e.g., “rolled through the ditch,” “rolled down the embankment,” “came 
to rest against the embankment”), then the rule applies where if there is no damage associated 
with an impact with the fixed object during the rollover, it is not included in the Crash Events. If 
there is indication that damage resulted from an impact with the fixed object, it is included in the 
Crash Events. This follows the same logic as striking a tree or another vehicle during an 
overturn. 
Note: For vehicles with attached trailing unit(s) by fixed or non-fixed linkage, when either the 
power unit or the trailing unit(s) rolls over, the entire vehicle will be considered a rollover. This 
applies to all motor vehicles with any type of trailing unit(s). If a motorcycle is pulling a trailing 
unit that overturns, the motorcycle should have 01 (Rollover/Overturn) in its Crash Events. 
However, since the power unit is a motorcycle, the element ROLLOVER still does NOT apply. 
02 (Fire/Explosion) is used for a vehicle fire or explosion that occurs during the crash sequence 
or as a result of the crash. 
As it pertains to the occurrence of 02 (Fire/Explosion), the crash circumstances are not 
considered stabilized until the threat of damage to this vehicle, or injury consequences to this 
vehicle’s occupants, has ceased. Therefore, the crash sequence is not considered stabilized until 
all occupants have exited the vehicle and the scene has been declared safe by police or other 
authority. Fires that occur at a later time to vehicles abandoned at the scene (in open fields, on 
hillsides, etc.) or to vehicles removed from the scene to another location (tow yard, curbside, 
etc.) are not considered part of the crash sequence. 
03 (Immersion or Partial Immersion) is used when an in-transport motor vehicle enters a body 
of water and results in injury or damage. This code would also be used if the vehicle came to rest"
CRSS,2024,person.csv,ROLLOVER,candidate_feature,occupant_person,113,"First Harmful Event 
C19 
103 
2024 FARS/CRSS Coding and Validation Manual 
crash (i.e., they are associated with an impact that produces injury or damage). When coding 
these events there must be fields on the police crash report or verbiage in the narrative such as 
“struck,” “hit,” “impacted,” etc., that identify these as harmful. 
For cases where the indication of the harmful event came from the narrative, there may not be a 
corresponding indication of damage in any police crash report field. In these instances, code the 
harmful event as stated in the narrative and include the corresponding attribute under AREAS 
OF IMPACT. 
If there is no indication of damage from contact with the fixed object in fields on the police crash 
report and the narrative language does not identify it as a harmful event (e.g., “came to rest on 
the embankment,” “drove through” or “drove across” the ditch and/or the embankment, or 
“drove over” the curb), do not code 33 (Curb), 34 (Ditch), or 35 (Embankment) in the 
SEQUENCE OF EVENTS. 
17 (Boulder) is a rock of sufficient mass that when struck by a motor vehicle moves very little 
and remains basically intact. It may be considered as a fixed object. 
19 (Building) is used when the vehicle impacts a roofed and walled structure built for permanent 
use. The type of construction material used is not of interest, nor is the use of the building. 
58 (Ground) is used when the impact is with an earthen or paved surface off the roadway. 58 
(Ground) is not to be entered when the harmful event is 01 (Rollover/Overturn). 
Indication of furrowing, gouging, or digging in of the tires/wheels is not sufficient to code the 
collision event 58 (Ground). For example, if the police crash report narrative states, “The 
truck’s tires dug into the turf causing the vehicle to roll over,” the harmful event should be 01 
(Rollover/Overturn). 
20 (Impact Attenuator/Crash Cushion) is a device for controlling the absorption of energy 
released during vehicle collision (crash cushion). Its most common application involves the 
protection of fixed roadside objects such as bridge piers, elevated gores at exit ramps, etc. 
Examples include barrels filled with water or sand, and plastic collapsible structures. 
50 (Bridge Overhead Structure) is used when striking the bottom of a bridge while traveling 
underneath it. See Figure 21 for a diagram of bridge components. 
21 (Bridge Pier or Support) is a square or round column of stone, concrete, brick, steel, or 
wood for supporting a bridge between abutments. This attribute includes the bridge abutments 
that are supporting the ends of a bridge. Abutments are generally designed for retaining or 
supporting the embankment under bridge ends and composed of stone, concrete, brick, or wood 
(includes the wingwalls). See Figure 21 for a diagram of bridge components. 
23 (Bridge Rail [Includes Parapet]) is a wooden, brick, stone, concrete, or metal fence-like 
structure that runs along the outer most edge of the roadway or sidewalk on the bridge or a rail 
constructed along the top of a parapet. Balustrade is often used synonymously with parapet. See 
Figure 21 for a diagram of bridge components. 
• Bridges do not need to support another roadway. It may be an overpass for a train or even 
for a viaduct (water conduit)."
CRSS,2024,person.csv,ROLLOVER,candidate_feature,occupant_person,133,"Relation to Trafficway 
C23 
123 
2024 FARS/CRSS Coding and Validation Manual 
object contacted (e.g., 04 (On Roadside), 03 (On Median), 12 (Pedestrian Refuge 
Island or Traffic Island)), regardless of the location of the entire vehicle.  
• Non-fixed object collisions (e.g., striking a vehicle on the shoulder or a pedestrian on the 
sidewalk) when the striking vehicle is overlapping two locations (e.g., roadway and 
shoulder) are coded with respect to the object contacted, regardless of the location of the 
entire vehicle.  
For rollover/overturn crashes when the vehicle is overlapping two locations (e.g., roadway and 
shoulder), use the LAST area the vehicle entered as the location for Relation to Trafficway. For 
example, 04 (On Roadside) would be correct for a case where the documentation identifies a 
vehicle runs off the roadway, partially through the shoulder, and the front wheels enter the 
roadside grass resulting in an overturn.  
Default rules for the location of ditches, culverts, embankments, and fences:  
1. Unless there is clear reason to believe otherwise in the case materials, ditches, culverts, 
and embankments are design features common to trafficways. Therefore, if included as 
the FHE the appropriate RELATION TO TRAFFICWAY is 04 (On Roadside).  
2. All fences are considered 05 (Outside Trafficway) unless the case materials specifically 
identify the fence is within the trafficway property lines (e.g., a snow fence in the 
median, or fence identified as government property delineating the right-of-way and/or 
property line).  
01 (On Roadway)—The roadway is that part of a trafficway designed, improved, and ordinarily 
used for motor vehicle travel or, where various classes of motor vehicles are segregated, that part 
of a trafficway used by a particular class. Separate roadways may be provided for northbound 
and southbound traffic or for trucks and automobiles. Roadway may be noted as the “travel 
lanes” and, if present, includes the area between the painted “fog lines.” Additionally, a driveway 
access area is considered part of the roadway of the trafficway to which it connects. This 
attribute may also be used for cases involving a parked vehicle opening a door into moving 
traffic, extended mirrors into the travel lane. If a bike lane is immediately adjacent to the 
curb/edge of the road, code 04 (On Roadside). If the bike lane is between lanes of travel or a 
lane and the parking lane, code 01 (On Roadway). When the FIRST HARMFUL EVENT 
occurs in an 11 (Continuous Left-Turn Lane), this attribute takes precedence over 01 (On 
Roadway). 
02 (On Shoulder) (if present) is that part of a trafficway contiguous with the roadway for 
emergency use, for accommodation of stopped vehicles, and for lateral support of the roadway 
structure. A shoulder should be improved or maintained for these purposes. Not all roadways 
have shoulders. 
03 (On Median) is defined as that area of a divided trafficway between parallel roads separating 
travel in opposite directions. The principal functions of a median are to provide the desired 
freedom from interference of opposing traffic, to provide a recovery area for out-of-control 
vehicles, to provide a stopping area in case of emergencies, and to minimize headlight glare. 
Medians may be depressed, raised, or flush. Flush medians can be as little as 4 feet wide between 
roadway edge lines. Painted roadway edge lines 4 or more feet wide denote medians. Medians of 
lesser width must have a barrier to be considered a median. Continuous left-turn lanes are not 
considered medians (see 11 (Continuous Left-Turn Lane))."
CRSS,2024,person.csv,ROLLOVER,candidate_feature,occupant_person,171,"Vehicle Level Data Elements 
 
161 
2024 FARS/CRSS Coding and Validation Manual 
Vehicle Level Data Elements 
V1. State Number—FARS Only 
V2. Consecutive Number—FARS Only 
V3. Vehicle Number—Vehicle Level 
V4. Number of Occupants 
V5. Unit Type 
V6. Hit-and-Run 
V7. Registration State—FARS Only 
V8. Registered Vehicle Owner—FARS 
Only 
vPIC Make / vPIC Model / vPIC Body Class 
Overview 
V9. Vehicle Identification Number 
V10. Vehicle Model Year 
V11. vPIC Make 
V12. vPIC Model 
V13. vPIC Body Class 
V14. NCSA Make 
V15. NCSA Model 
V16. NCSA Body Type 
V17. Final Stage Body Class 
V18. Power Unit Gross Vehicle Weight 
Rating 
V19. Vehicle Trailing 
V20. Trailer Vehicle Identification Number 
V21. Trailer Gross Vehicle Weight Rating 
V22. Jackknife 
V23. Motor Carrier Identification Number 
V24. Vehicle Configuration 
V25. Cargo Body Type 
V26. Hazardous Materials Involvement / 
Placard 
V27. Bus Use 
V28. Special Use 
V29. Emergency Motor Vehicle Use 
V30. Travel Speed 
V31. Vehicle Underride/Override 
V32. Rollover 
V33. Location of Rollover 
V34. Areas of Impact—Initial Contact Point 
/ Damaged Areas 
V35. Extent of Damage 
V36. Vehicle Towed 
V37. Sequence of Events 
V38. Most Harmful Event 
V39. Fire Occurrence 
V40. Motor Vehicle Automated Driving 
System(s) 
V41. Related Factors—Vehicle Level"
CRSS,2024,person.csv,ROLLOVER,candidate_feature,occupant_person,202,"vPIC Body Class 
V13 
192 
2024 FARS/CRSS Coding and Validation Manual 
designed to travel on four or more wheels. They are distinguished from ATVs by the presence 
of a steering wheel instead of a handlebar for steering, bench or bucket seats for the driver and 
passenger(s) instead of straddle seating, and foot controls for throttle and braking instead of 
levers located on the handlebar. In addition, ROVs have a rollover protective system (ROPS) 
and restraint systems. MOHUVs can have maximum speeds between 25 mph and 50 mph and 
ROVs have a maximum speed greater than 30 mph. MOHUVs with maximum speeds in excess 
of 30 mph meet the definition of an ROV. 
108 (Motorhome) is used when it is known the vehicle is a motor home. This includes light 
vehicle-based motor homes (chassis mounted), medium/heavy vehicle-based motor homes, and 
campers or motor homes with unknown GVWR. 
109 (Motorcycle - Cross Country) Cross-country motorcycles are used for cross-country 
racing. 
110 (Motorcycle - Underbone) is a motorcycle that uses structural tube framing with an overlay 
of plastic or non-structural body panels and contrasts with monocoque or unibody designs where 
pressed steel serves both as the vehicle's structure and bodywork. 
111 (Step Van / Walk-in Van) refers to a multi-stop delivery vehicle. Examples are the 
Grumman LLV used by the U.S. Postal Service or the Aeromate manufactured by Utilimaster 
Motor Corporation. 
113 (Off-road Vehicle - Motocross (Off-road short-distance, closed track racing)) Motocross 
is a form of off-road motorcycle racing held on enclosed off-road circuits. 
114 (Motorcycle - Competition) the classification simply designates these motorcycles as being 
used in some sort of racing or competition. 
117 (Limousine) A limousine is a luxury vehicle typically driven by a chauffeur with a partition 
between the driver’s compartment and the passenger’s compartment. Stretch limos, limo buses 
(also known as party buses), sedan limos, SUV limos, convertible limos, and all other types of 
limos would also be coded as 117 (Limousine).  
119 (Sport Utility Truck (SUT)) General Motors labels several of its vehicles as SUTs. These 
vehicles include Cadillac Escalade, Chevrolet Avalanche, Hummer Pickup Truck. The common 
features of these vehicles are that they are pickup truck-based sport utility vehicles with four 
doors and pickup truck beds. 
124 (Off-road Vehicle - Golf Cart) is a motor vehicle that is designed and manufactured for 
operation on a golf course for sporting or recreational purposes. Golf carts or golf cars are 
different from code 004 (Low speed vehicle (LSV)/Neighborhood Electric Vehicle (NEV)) in 
that if they are manufactured to go less than 20 mph, they are not subject to the Federal Motor 
Vehicle Safety Standard (FMVSS) 500. Thus, golf carts will not have a 17-digit VIN. Golf carts 
will have a nonstandard serial number that may be reported in the case materials. Also, typically 
golf carts will not have safety features required of LSVs/NEVs under the FMVSS like safety 
belts, headlights, turn signal and tail lamps, rearview mirrors, etc., but may if made to be street 
legal. 
125 (Motorcycle - Unknown Body Class) Use this code if you are unable to determine the 
specific type of Motorcycle (i.e., one of the other motorcycle attributes)."
CRSS,2024,person.csv,ROLLOVER,candidate_feature,occupant_person,224,"NCSA Body Type 
V16 
214 
2024 FARS/CRSS Coding and Validation Manual 
• Reflex reflectors,  
• Parking brake,  
• Rearview mirrors  
• Windshield  
• Safety belts  
• 17-character VIN 
95 (Golf Cart) is a motor vehicle that is designed and manufactured for operation on a golf 
course for sporting or recreational purposes. Golf carts or golf cars are different from code 94 
(Low speed vehicle (LSV)/ Neighborhood Electric Vehicle (NEV)) in that if they are 
manufactured to go less than 20 mph, they are not subject to the Federal Motor Vehicle Safety 
Standard (FMVSS) 500. As a result, golf carts will not have a 17-digit VIN. Golf carts will have 
a nonstandard serial number that may be reported in the case materials. Also, typically golf carts 
will not have safety features required of LSVs/NEVs under the FMVSS like safety belts, 
headlights, turn signal and tail lamps, rearview mirrors, etc.  
96 (Multipurpose Off-Highway Utility Vehicles [MOHUV] or Recreational Off-Highway 
Vehicle [ROV]) MOHUVs and ROVs are intended to be used on terrain similar to that on which 
all-terrain vehicles (ATVs) are used. MOHUVs and ROVs are designed to travel on four or 
more wheels. They are distinguished from ATVs by the presence of a steering wheel instead of a 
handlebar for steering, bench or bucket seats for the driver and passenger(s) instead of straddle 
seating, and foot controls for throttle and braking instead of levers located on the handlebar. In 
addition, ROVs have a rollover protective system (ROPS) and restraint systems. MOHUVs can 
have maximum speeds between 25 mph and 50 mph and ROVs have a maximum speed greater 
than 30 mph. MOHUVs with maximum speeds in excess of 30 mph meet the definition of an 
ROV. 
97 (Other Vehicle Type) is used when the motorized vehicle in question does not qualify for 93 
(Construction equipment other than trucks), 92 (Farm equipment other than trucks), or 91 
(Snowmobile). Examples of Other Vehicle Types are forklifts, city street sweepers, go-karts, 
“kit” cars, riding lawn mowers, etc. 
Not Reported and Unknown Body Types 
98 (Not Reported) Code Not Reported only when NCSA MAKE, NCSA MODEL, NCSA 
BODY TYPE, and VEHICLE MODEL YEAR are ALL Not Reported. If you have partial 
information, see 99 (Unknown Body Type). 
If a State’s crash report manual instructs to leave blank data blocks that are not applicable, then a 
blank in those data blocks is NOT considered “Not Reported.” 
Code 98 (Not Reported) in these two situations. 
1. No field or coding block exists on the State’s crash report to provide the information to 
code this element, AND no other information is available to code the element (e.g., 
narrative, diagram, case materials).  
2. A field or coding block exists on the State’s crash report that would provide the 
information needed to code this element, but it has been left blank, OR a code has been 
selected on the State’s crash report that does not map to any FARS/CRSS attribute, AND"
CRSS,2024,person.csv,ROLLOVER,candidate_feature,occupant_person,269,"Rollover 
V32 
259 
2024 FARS/CRSS Coding and Validation Manual 
V32. Rollover 
Format 
1 numeric 
SAS Name 
Vehicle.ROLLOVER, Person.ROLLOVER 
Element Values 
Codes 
Attributes 
0 
No Rollover 
3 
Rollover 
8 
Not Applicable 
Definition 
This element identifies whether a rollover or overturn occurred during the crash involving this 
vehicle. 
Remarks 
ROLLOVER is defined as any vehicle rotation of 90° or more along any true longitudinal or 
lateral axis. Rollover can also be referred to as overturn or end-over and can occur at any time 
during this vehicle’s SEQUENCE OF EVENTS. This data element is derived from the vehicle’s 
SEQUENCE OF EVENTS. 
ROLLOVER does not apply to two-wheeled motorcycles for this element (derived to 8 (Not 
Applicable)). However, in the FIRST HARMFUL EVENT, MOST HARMFUL EVENT, and 
SEQUENCE OF EVENTS you may use 01 (Rollover/ Overturn) to record that a two-wheeled 
motorcycle overturned. If a motorcycle is pulling a trailing unit that overturns, the motorcycle 
should have 01 (Rollover/Overturn) in its Crash Events. However, since the power unit is a 
motorcycle, the element ROLLOVER still does NOT apply. 
A ROLLOVER can be used for three- or four-wheeled ATVs, snowmobiles, go-karts, and three-
wheeled motorcycles. 
0 (No Rollover) is used when there is no 01 (Rollover/Overturn) event in this vehicle’s 
SEQUENCE OF EVENTS. 
3 (Rollover) is used when a 01 (Rollover/Overturn) event is in this vehicle’s SEQUENCE OF 
EVENTS. This indicates that a motor vehicle other than a two-wheeled motorcycle rotated at 
least one quarter turn onto its side or end.  
8 (Not Applicable) is used when the vehicle is a two-wheeled motorcycle. This attribute is an 
auto-fill in RBIS.  
For Consistency Checks see Understanding and Managing Consistency Checks and Rollover."
CRSS,2024,person.csv,ROLLOVER,candidate_feature,occupant_person,270,"Location of Rollover 
V33 
260 
2024 FARS/CRSS Coding and Validation Manual 
V33. Location of Rollover 
Format 
1 numeric 
SAS Name 
Vehicle.ROLINLOC 
Element Values 
Codes 
Attributes 
0 
No Rollover 
1 
On Roadway 
2 
On Shoulder 
3 
On Median/Separator 
4 
In Gore 
5 
On Roadside 
6 
Outside of Trafficway 
7 
In Parking Lane/Zone 
8 
Not Applicable 
9 
Unknown 
Definition 
This element identifies the location of the trip point or start of the vehicle’s roll. 
Remarks 
1 (On Roadway) is used when the available information indicates the vehicle tripped or began 
its roll on the roadway. A roadway is that part of a trafficway designed, improved, and ordinarily 
used for motor vehicle travel. Where various classes of motor vehicles are segregated, that part 
of a trafficway used by a particular class is the roadway (i.e., travel lanes). Separate roadways 
may be provided for northbound and southbound traffic or for trucks and automobiles. This 
includes continuous left-turn lanes. 
2 (On Shoulder) is used when the available information indicates the vehicle tripped or began 
its roll on the shoulder. A shoulder is that part of a trafficway contiguous with the roadway for 
emergency use, for accommodation of stopped road vehicles, and for lateral support of the 
roadway structure. 
3 (On Median/Separator) is used when the available information indicates the vehicle tripped 
or began its roll on the median/separator. A median is an area of a trafficway between parallel 
roads separating travel in opposite directions. Continuous left-turn lanes are not considered"
CRSS,2024,person.csv,ROLLOVER,candidate_feature,occupant_person,271,"Location of Rollover 
V33 
261 
2024 FARS/CRSS Coding and Validation Manual 
painted medians. A separator is the area of a trafficway between parallel roads separating travel 
in the same direction or separating a frontage road. 
4 (In Gore) is used when the available information indicates the vehicle tripped or began its roll 
in the gore. The gore is an area of land where two roadways diverge or converge. The area is 
bounded on two sides by the edges of the roadways, which join at the point of divergence or 
convergence. The direction of traffic must be the same on both of these roadways. The area 
includes shoulders or marked pavement, if any, between the roadways. (See Figure 12.)  
5 (On Roadside) is used when the available information indicates the vehicle tripped or began 
its roll on the roadside. Roadside is the outermost part of the trafficway from the property line or 
other boundary into the edge of the first road. 
6 (Outside of Trafficway) is used when the available information indicates the vehicle tripped 
or began its roll outside the right-of-way. 
7 (In Parking Lane/Zone) refers to an area on the roadway, or next to the roadway, on which 
parking is permitted in marked or unmarked spaces. This includes curbside and edge of-roadway 
parking (for example, legal residential parking, city-street parking, etc.). Sometimes a strip of 
roadway can be designated for parking at certain hours of the day (parking lane) and for regular 
travel at other hours (travel lane). This code should NOT be used during hours when parking is 
NOT permitted (see 1 (On Roadway)). 
8 (Not Applicable) is used when the vehicle is a two-wheeled motorcycle.  
9 (Unknown) is used when the location of the trip point cannot be determined from available 
resources. 
If the FIRST HARMFUL EVENT was a 01 (Rollover/Overturn), then: 
If Relation to Trafficway equals: 
Then Location of Rollover should equal: 
01 (On Roadway) 
1 (On Roadway) 
02 (On Shoulder) 
2 (On Shoulder) 
03 (On Median) 
3 (On Median/Separator) 
04 (On Roadside) 
5 (On Roadside) 
05 (Outside Trafficway) 
6 (Outside of Trafficway) 
06 (Off Roadway - Location Unknown) 
9 (Unknown) 
07 (In Parking Lane/Zone) 
7 (In Parking Lane/Zone) 
08 (Gore) 
4 (In Gore) 
10 (Separator) 
3 (On Median/Separator) 
11 (Continuous Left-Turn Lane) 
1 (On Roadway) 
12 (Pedestrian Refuge Island or Traffic 
Island) 
5 (On Roadside) 
98 (Not Reported) 
9 (Unknown) 
99 (Reported as Unknown) 
9 (Unknown) 
For Consistency Checks see Understanding and Managing Consistency Checks and Location 
of Rollover."
CRSS,2024,person.csv,ROLLOVER,candidate_feature,occupant_person,279,"Areas of Impact - Initial Contact Point / Damaged Areas 
V34 
269 
2024 FARS/CRSS Coding and Validation Manual 
14 (Undercarriage) includes damage to the tires/wheels, axles, exhaust system, etc. 
15 (No Damage) is used for vehicles that experience harmful events, but the events do not 
produce physical damage to the vehicle itself. 
Examples include: 
• Vehicles that have the non-collision harmful events of gas inhalation, injured in vehicle, 
fell/jumped from vehicle, or other non-collision. 
• Vehicles that have a collision event but the event does not produce damage to the vehicle 
such as running over a pedestrian lying in the roadway, striking a bicyclist, striking 
another vehicle where only the struck vehicle is damaged, or when the only collision 
event is cargo falling from this vehicle that lands on another vehicle or person. 
99 (Damage Areas Unknown) is used when the case materials do not indicate which area or 
areas received damage or when the information in the case materials is confusing or inadequate 
for the purposes of this determination. 
Handling of Known Events With Unknown Damage Areas 
For situations where you have known damage areas associated with a specific event(s), and 
additional harmful events without knowing specific damage areas for the additional events, code 
only the known damage areas in this subfield. For example, if the police crash report narrative 
only states that “V1 struck several trees” with the only indication of damage given as the initial 
front contact, and a police crash report box marked “Totaled,” code only 12 for the known 
damage to the front of the vehicle. 
Handling of Non-Collision Harmful Events That Produce Vehicle Damage 
For situations where a vehicle is involved in the following non-collision harmful events: 01 
(Rollover/Overturn), 02 (Fire/Explosion), 03 (Immersion or Partial Immersion), 16 
(Thrown or Falling Object), 44 (Pavement Surface Irregularity (Ruts, Potholes, Grates, 
etc.)), 51 (Jackknife (harmful to this vehicle)), or 72 (Cargo/Equipment Loss or Shift 
(harmful to this vehicle)), code only the damage areas reflected in the case materials by the 
officer. 
For example, the investigating officer may indicate damaged locations that translate to: 
• 01-12, 13, 14 for a vehicle that was consumed by a fire or immersed in a river. 
• 01-05, 13 for a vehicle that rolls onto its right side and then roof. 
• 13 for a vehicle that only has damage to the hood from a fire. 
• 13 for a vehicle that has a tree fall on its roof. 
• 14 for a vehicle that strikes a pothole on its undercarriage. 
Do not record damage at these locations for these non-collision harmful events unless so 
indicated by the case materials. 
If a vehicle that experiences only these non-collision events and has only “non-collision” 
reflected in the case materials by the officer for its damaged areas, then use 99 (Damage Areas 
Unknown)."
CRSS,2024,person.csv,ROLLOVER,candidate_feature,occupant_person,285,"Sequence of Events 
V37 
275 
2024 FARS/CRSS Coding and Validation Manual 
V37. Sequence of Events 
Format 
Read Only 
SAS Name 
Cevent.SOE, Vevent.SOE 
Element Values 
Non-Harmful Events: 
Codes 
Attributes 
61 
Equipment Failure (blown tire, brake failure, etc.) 
62 
Separation of Units 
63 
Ran Off Roadway - Right 
64 
Ran Off Roadway - Left 
79 
Ran off Roadway - Direction Unknown 
71 
End Departure 
65 
Cross Median 
68 
Cross Centerline 
66 
Downhill Runaway 
67 
Vehicle Went Airborne 
69 
Re-entering Roadway 
70 
Non-harmful, Swaying Trailer/Jackknife 
60 
Cargo/Equipment Loss or Shift (non-harmful) 
 
Non-Collision Harmful Events: 
Codes 
Attributes 
01 
Rollover/Overturn 
02 
Fire/Explosion 
03 
Immersion or Partial Immersion 
04 
Gas Inhalation 
51 
Jackknife (harmful to this vehicle) 
06 
Injured in Vehicle (Non-Collision) 
44 
Pavement Surface Irregularity (Ruts, Potholes, Grates, etc.) 
07 
Other Non-Collision 
72 
Cargo/Equipment Loss, Shift, or Damage (harmful) 
16 
Thrown or Falling Object"
CRSS,2024,person.csv,ROLLOVER,candidate_feature,occupant_person,289,"Sequence of Events 
V37 
279 
2024 FARS/CRSS Coding and Validation Manual 
For vehicles turning at “T-intersections”: 
For “T-intersections” when the vehicle loses control when in a turn, choose right or left based 
upon the direction of travel for the vehicle’s proper travel lane for their intended travel path. For 
vehicles traveling straight through “T-Intersections” use 71 (End Departure). See Figure 20 
below. 
71 (End Departure) is used if the vehicle leaves the roadway by traveling straight through the 
top of a “T-intersection” of a two-way trafficway or top of an intersecting one-way roadway. 
This code should also apply to vehicles traveling off the end of dead-end roadways or into the 
barrier of a closed trafficway. See Figure 20 below. 
 
Figure 20. End Departure Examples 
65 (Cross Median) is used when a vehicle departs its roadway, traverses the median, and enters 
the shoulder or travel lanes on the opposite side of a divided highway. This attribute does not 
apply to the “load” in cases involving AREAS OF IMPACT 18 (Cargo/Vehicle Parts Set in 
Motion) or 19 (Other Objects or Person Set in Motion). 
68 (Cross Centerline) is used when a vehicle crosses over the centerline of a two-way, 
undivided trafficway. The centerline must be delineated with paint or raised markers. This is also 
used for unstabilized situations involving vehicles that depart from their initial travel lane(s) and 
enter the continuous left-turn lane, having a harmful event that is located within the marked 
boundaries of the continuous left-turn lane. This attribute also applies to vehicles that traverse 
the continuous left-turn lane area and then have a harmful event. This attribute does not apply 
to the “load” in cases involving AREAS OF IMPACT 18 (Cargo/Vehicle Parts Set in Motion) 
or 19 (Other Objects or Person Set in Motion). 
66 (Downhill Runaway) refers to any vehicle that cannot decelerate on a downhill grade. This 
does not apply to a vehicle that cannot slow down due to lack of surface friction (due to ice, 
snow, etc.). 
67 (Vehicle Went Airborne) must only be used if the officer indicates by narrative or diagram 
that the vehicle left the ground (excludes vehicles leaving the ground during a rollover event). 
Examples: the vehicle drove off a cliff, the vehicle was launched into the air after striking 
another vehicle or after traversing a berm."
CRSS,2024,person.csv,ROLLOVER,candidate_feature,occupant_person,290,"Sequence of Events 
V37 
280 
2024 FARS/CRSS Coding and Validation Manual 
69 (Re-entering Roadway) is used when a vehicle that departed the roadway portion of the 
trafficway returns to the same roadway (e.g., a motor vehicle in-transport runs off the roadway 
right, strikes the guardrail face, then re-enters the roadway and collides with another motor 
vehicle in-transport). This attribute does not apply to the “load” in cases involving AREAS OF 
IMPACT 18 (Cargo/Vehicle Parts Set in Motion) or 19 (Other Objects or Person Set in 
Motion). 
70 (Non-harmful, Swaying Trailer/Jackknife) applies to a condition that occurs to a 
combination vehicle while in motion. The condition reflects a loss of control of the vehicle by 
the driver in which the trailer(s) yaws from its normal straight-line path behind the power unit. If 
there is not enough information in the case materials to determine whether the jackknife was 
harmful or not, use code 70 (Non-harmful, Swaying Trailer/Jackknife). 
60 (Cargo/Equipment Loss or Shift [non-harmful]) refers specifically to the loss or shift of 
items carried on or in a motor vehicle or its trailing unit that does not cause damage and/or injury 
to the vehicle, its occupants, its parts, trailing unit, or the cargo itself. Codes 60 and 54 can be 
used sequentially. For example, Vehicle 1’s cargo falls off and strikes Vehicle 2. Code 60 is used 
to show the non-harmful cargo shift that led up to the set-in-motion collision event of code 54. 
However, this attribute should never be used: 
1. to refer to a “collision” event (see 54 (Motor Vehicle In-Transport Strikes or is Struck 
by Cargo, Persons, or Objects Set in Motion from/by Another Motor Vehicle In-
Transport)). In other words, code 60 should not be used instead of code 54. 
2. to refer to a harmful event related to the loss or shift of cargo in/on a vehicle causing 
damage to that vehicle, its cargo, or injury to its occupants (see 72 (Cargo/Equipment 
Loss, Shift, or Damage [harmful])). 
Examples: 
• 
A load of logs on a truck tractor semi-trailer shifts as the truck rounds a curve resulting in 
an overturn. The shift of the load of logs would be a 60 (Cargo/Equipment Loss or 
Shift [non-harmful]). 
• 
A spare tire falls from a vehicle. The loss of the spare tire would be a 60 (Cargo/ 
Equipment Loss or Shift [non-harmful]). 
• 
An axle on a vehicle breaks and the wheel then separates from the vehicle would be a (61 
(Equipment Failure)). 
Non-Collision Events Involving Motorcycles and Vehicles With a “Load” 
Non-Collision events may occur before or after a collision event. They should not be coded as a 
separate event if they occur as part of a collision event. 
Examples: 
• A motorcycle strikes a deer, overturns, and the rider becomes separated from the vehicle. 
Code the collision event not the non-collision “Rollover/Overturn” and “Fell/Jumped 
from Vehicle” that occur as part of the collision event. 
• One truck tractor/trailer rear-ends another truck tractor/trailer. The impact pushes the lead 
vehicle’s load into the back of the truck tractor cab with part falling onto the roadway."
CRSS,2024,person.csv,ROLLOVER,candidate_feature,occupant_person,291,"Sequence of Events 
V37 
281 
2024 FARS/CRSS Coding and Validation Manual 
Code the collision event, not the non-collision “cargo-loss or shift” that occurred as part 
of the collision event. 
Non-Collision Harmful Events 
01 (Rollover/Overturn) is used when a motor vehicle rotates (rollover) at least one quarter turn 
onto its side or end. 
Notes regarding 01 (Rollover/Overturn): 
• For motorcycles, laying the motorcycle down on its side is sufficient to use attribute  
01 (Rollover/Overturn) as a harmful event if damage or injury is produced, even though 
the data element ROLLOVER is not applicable to motorcycles.  
• Every vehicle that overturns will have contact with the ground. The collision event 58 
(Ground) should not be used in describing a non-collision 01 (Rollover/Overturn) 
event. For example: A vehicle’s tires furrow into soft soil causing the vehicle to roll. The 
harmful event is 01 (Rollover/Overturn). If the report identifies the vehicle “struck” the 
ground, and that harmful collision event caused the vehicle to roll, the events are 58 
(Ground), 01 (Overturn/Rollover). Note: This will give you a Level 2 edit check. If 
overriding the edit check, be specific in your override remarks.  
• The only instances 67 (Airborne) should be used immediately prior or immediately after  
01 (Rollover/Overturn) is if the officer identifies “airborne” as defined in this element. 
Note: This will give you a Level 2 edit check. If overriding the edit check, be specific in 
your override remarks. 
• A vehicle rolls over three quarter-turns. This is one rollover event involving three 
quarter-turns. 
• If there is a 01 (Rollover/Overturn) that begins in another location but involves a ditch 
or embankment in the case (e.g., “rolled through the ditch,” “rolled down the 
embankment,” “came to rest against the embankment”), then the rule applies where if 
there is no damage associated with an impact with the fixed object during the rollover, it 
is not included in the CRASH EVENTS. If there is indication that damage resulted from 
an impact with the fixed object, it is included in the CRASH EVENTS. This follows the 
same logic as striking a tree or another vehicle during an overturn. 
• For a vehicle that rolls over, impacts a fence, and continues to rollover: only two events 
would be coded for that circumstance. The first event would be the rollover followed by 
an impact with the fence. For more than one rollover event to appear in a vehicle’s 
SEQUENCE OF EVENTS, the vehicle must return to its wheels, and track for a period of 
time before experiencing a separate rollover event. This would be a rare occurrence and 
must be clearly identified in the case materials. 
Note: For vehicles with attached trailing unit(s) by fixed or non-fixed linkage, when either the 
power unit or the trailing unit(s) rolls over, the entire vehicle will be considered a rollover. This 
applies to all motor vehicles with any type of trailing unit(s). If a motorcycle is pulling a trailing 
unit that overturns, the motorcycle should have 01 (Rollover/Overturn) in its Crash Events. 
However, since the power unit is a motorcycle, the element ROLLOVER still does NOT apply. 
02 (Fire/Explosion) is used for a vehicle fire or explosion that occurs during the crash sequence 
or as a result of the crash."
CRSS,2024,person.csv,ROLLOVER,candidate_feature,occupant_person,293,"Sequence of Events 
V37 
283 
2024 FARS/CRSS Coding and Validation Manual 
16 (Thrown or Falling Object) is used when any object (1) is thrown (intentionally or 
unintentionally) and impacts an in-transport vehicle, or (2) falls onto, into, or in the path of an in-
transport motor vehicle. If a tree limb falls from a tree and is contacted by a car, enter 16 
(Thrown or Falling Object). If a person maliciously throws an object off an overpass into 
traffic below, enter 16 (Thrown or Falling Object). This excludes contacts made by loads or 
objects set in motion by a motor vehicle (see 54 (Motor Vehicle In-Transport Strikes or is 
Struck by Cargo, Persons, or Objects Set in Motion from/by Another Motor Vehicle In-
Transport)). 
72 (Cargo/Equipment Loss, Shift, or Damage [harmful]) refers specifically to the loss or shift 
of items carried on or in a motor vehicle or its trailing unit, causing damage and/or injury to the 
vehicle, its occupants, its parts, trailing unit, or the cargo itself. Harm can be measured in loss of 
monetary value from unrecoverable cargo loss as well as physical damage. This attribute should 
never be used to refer to a “collision” event (see 54 (Motor Vehicle In-Transport Strikes or is 
Struck by Cargo, Persons, or Objects Set in Motion from/by Another Motor Vehicle In-
Transport)). 
Examples: 
• A pickup truck brakes rapidly to avoid a collision. This causes a piece of lumber in the 
pickup bed to smash through the rear window. 
• Unsecured cargo shifts inside a box truck and bursts through the wall of the trailer.  
• Pallets of beehives on a flatbed truck fall off the truck on a sharp curve causing the hives 
to open and the bees to fly away. 
Notes: 
In situations when a cargo shift is part of a collision event, the cargo shift is not coded separately. 
See Non-Collision events involving motorcycles and vehicles with a “load.” 
• Unsecured cargo shifts inside a box truck causing a loss of control. The driver 
overcorrects, driving off the road. This would be a 60 (Cargo/Equipment Loss or Shift 
[non-harmful]). 
• Use 07 (Other Non-Collision) in a situation where a motor vehicle in-transport is towing 
another unit (motor vehicle, trailer, etc.) and the second unit collides into the back of the 
power unit (not a Jackknife or part of a collision event). 
05 (Fell/Jumped from Vehicle) is used when an occupant of this vehicle falls or jumps (not 
suicide) from the vehicle causing injury. For example, an occupant of a motor vehicle in-
transport leans against the car door, it opens and the occupant falls out; or a person riding on a 
vehicle’s exterior (hood, roof, running board, etc.) falls or jumps, and is injured by the fall. If an 
occupant falls or jumps from a vehicle and is struck by that vehicle, use this attribute. Do not 
code 05 (Fell/Jumped from Vehicle) to represent an occupant that was ejected in the crash. For 
example, if a vehicle rolls over and an occupant is ejected during the rollover, do not code 05 
(Fell/Jumped from Vehicle) in the CRASH EVENTS to represent the ejection. It is captured in 
the element P13 EJECTION."
CRSS,2024,person.csv,ROLLOVER,candidate_feature,occupant_person,298,"Sequence of Events 
V37 
288 
2024 FARS/CRSS Coding and Validation Manual 
another motor vehicle in-transport. Do not use this attribute for debris from a prior crash. This 
attribute does not include vehicle occupants that are ejected or fall from a motor vehicle in-
transport (e.g., a motorcycle operator falling from a motorcycle). For people falling from a motor 
vehicle, see non-collision event 05 (Fell/Jumped From Vehicle). For impacts involving two 
motor vehicles in-transport resulting from cargo, people, or objects set in motion, see 54 (Motor 
Vehicle In-Transport Strikes or is Struck by Cargo, Persons, or Objects Set in Motion 
from/by another Motor Vehicle In-Transport). For at rest detached trailers (e.g., a detached 
semi-trailer), use attribute 18 (Other Object [Not Fixed]). If cargo fell from a vehicle, came to 
rest, and was struck, this attribute would apply. If the cargo was at rest as a result of a prior 
crash, use attribute 18 (Other Object [Not Fixed]). 
91 (Unknown Object Not Fixed) is used when the event involves an object that is known to be 
not fixed but the case materials do not identify the specific object. 
Collision With Fixed Object 
The attributes 58 (Ground), 33 (Curb), 34 (Ditch), and 35 (Embankment) are grouped under 
the Collision With Fixed Object subset because they are intended to be harmful events in the 
crash (i.e., they are associated with an impact that produces injury or damage). 
When coding these events there must be fields on the police crash report or verbiage in the 
narrative such as “struck,” “hit,” “impacted,” etc., that identify these as harmful. 
For cases where the indication of the harmful event came from the narrative, there may not be a 
corresponding indication of damage in any police crash report field. In these instances, code the 
harmful event as stated in the narrative and include the corresponding attribute under AREAS 
OF IMPACT. 
If there is no indication of damage from contact with the fixed object in fields on the police crash 
report, and the narrative language does not identify it as a harmful event (e.g., “came to rest on 
the embankment,” “drove through” or “drove across” the ditch and/or the embankment, or 
“drove over” the curb), do not code 33 (Curb), 34 (Ditch), or 35 (Embankment) in the 
SEQUENCE OF EVENTS. 
17 (Boulder) is a rock of sufficient mass that when struck by a motor vehicle moves very little 
and remains basically intact.  
19 (Building) is used when the vehicle impacts a roofed and walled structure built for permanent 
use. The type of construction material used is not of interest, nor is the use of the building. 
58 (Ground) is used when the impact is with an earthen or paved surface off the roadway. 58 
(Ground) is not to be entered when the harmful event is 01 (Rollover/Overturn). 
Indication of furrowing, gouging, or digging in of the tires/wheels is not sufficient to code the 
collision event 58 (Ground). For example, if the police crash report narrative states, “The 
truck’s tires dug into the turf causing the vehicle to rollover,” the harmful event should be 01 
(Rollover/Overturn). 
20 (Impact Attenuator/Crash Cushion) is a device for controlling the absorption of energy 
released during vehicle collision (crash cushion). Its most common application involves the"
CRSS,2024,person.csv,ROLLOVER,candidate_feature,occupant_person,303,"Most Harmful Event 
V38 
293 
2024 FARS/CRSS Coding and Validation Manual 
V38. Most Harmful Event 
Format 
2 numeric 
SAS Name 
Vehicle.M_HARM, Parkwork.PM_HARM 
Element Values 
Non-Collision Most Harmful Events: 
Codes 
Attributes 
01 
Rollover/Overturn 
02 
Fire/Explosion 
03 
Immersion or Partial Immersion 
04 
Gas Inhalation 
51 
Jackknife (harmful to this vehicle) 
06 
Injured in Vehicle (Non-Collision) 
44 
Pavement Surface Irregularity (Ruts, Potholes, Grates, etc.) 
07 
Other Non-Collision 
16 
Thrown or Falling Object 
72 
Cargo/Equipment Loss, Shift, or Damage (harmful) 
05 
Fell/Jumped from Vehicle 
 
Collision With Motor Vehicle In-Transport: 
Codes 
Attributes 
12 
Motor Vehicle In-Transport 
54 
Motor Vehicle In-Transport Strikes or is Struck by Cargo, Persons, or Objects 
Set in Motion from/by Another Motor Vehicle In-Transport 
55 
Motor Vehicle in Motion Outside the Trafficway 
 
Collision With Object Not Fixed: 
Codes 
Attributes 
08 
Pedestrian 
09 
Pedalcyclist 
10 
Railway Vehicle 
74 
Road Vehicle on Rails 
11 
Live Animal"
CRSS,2024,person.csv,ROLLOVER,candidate_feature,occupant_person,306,"Most Harmful Event 
V38 
296 
2024 FARS/CRSS Coding and Validation Manual 
Non-Collision Most Harmful Events 
Non-Collision Events Involving Motorcycles and Vehicles With a “Load” 
Non-Collision events may occur before or after a collision event. They should not be coded as a 
separate event if they occur as part of a collision event. 
Examples: 
• A motorcycle strikes a deer, overturns, and the rider becomes separated from the vehicle. 
Code the collision event, not the non-collision “Rollover/Overturn” and “Fell/Jumped 
from Vehicle” that occur as part of the collision event.  
• One truck tractor/trailer rear-ends another truck tractor/trailer. The impact pushes the lead 
vehicle’s load into the back of the truck tractor cab with part falling onto the roadway. 
Code the collision event, not the non-collision “cargo-loss or shift” that occurred as part 
of the collision event. 
Most Harmful Event Coding Procedures for Parked and Working Motor Vehicles 
1. If the MOST HARMFUL EVENT for a parked/working motor vehicle is an impact with 
a motor vehicle in-transport, use 12 (Motor Vehicle In-Transport). 
a. Example: A parked motor vehicle (V2) is struck by an in-transport motor vehicle 
(V1) and this is the MOST HARMFUL EVENT for the parked motor vehicle (V2). 
The MOST HARMFUL EVENT for the parked motor vehicle (V2) is 12 (Motor 
Vehicle In-Transport). 
2. If the MOST HARMFUL EVENT for a parked/working motor vehicle is an impact with 
something after it has been set in motion, code that other thing. 
a. Example: In a chain reaction crash, an in-transport motor vehicle (V1) strikes a 
parked motor vehicle (V2) injuring the person sitting in the driver’s seat of V2. The 
parked motor vehicle (V2) is pushed into an unoccupied motor vehicle (V3) and the 
parked motor vehicle (V3) strikes and kills a pedestrian. The MOST HARMFUL 
EVENT for parked motor vehicle (V3) is 08 (Pedestrian). 
3. If the MOST HARMFUL EVENT for a parked/working motor vehicle is an impact with 
anything set in motion except another parked or working motor vehicle, see attribute 12 
(Motor Vehicle In-Transport). 
4. If the MOST HARMFUL EVENT for a parked/working motor vehicle is an impact with 
another parked or working motor vehicle that has been set in motion, use 14 (Parked 
Motor Vehicle) or 45 (Working Motor Vehicle), whichever describes the object set in 
motion. 
5. The MOST HARMFUL EVENT for a parked/working motor vehicle can be a non-
collision harmful event not recorded in the CRASH EVENTS list. For example, if a 
parked vehicle rolls over after an impact with an in-transport motor vehicle and the 
MOST HARMFUL EVENT is the rollover, then use code  
01 (Rollover/Overturn)."
CRSS,2024,person.csv,ROLLOVER,candidate_feature,occupant_person,307,"Most Harmful Event 
V38 
297 
2024 FARS/CRSS Coding and Validation Manual 
a. Example: A parked motor vehicle (V2) is struck by an in-transport vehicle (V1). The 
parked motor vehicle (V2) is pushed down an embankment and rolls over. The case 
materials indicate the most harmful event for the parked motor vehicle (V2) is the 
rollover. The MOST HARMFUL EVENT for the parked motor vehicle (V2) is 01 
(Rollover/ Overturn). 
01 (Rollover/Overturn) is used when a motor vehicle rotates (rollover) at least one quarter turn 
onto its side or end. For motorcycles, laying the motorcycle down on its side is sufficient to code 
01 (Rollover/ Overturn) as a harmful event if damage or injury is produced, even though the 
data element ROLLOVER is not applicable to motorcycles. 
If there is a 01 (Rollover/Overturn) that begins in another location but involves a ditch or 
embankment in the case (e.g., “rolled through the ditch,” “rolled down the embankment,” “came 
to rest against the embankment”), then the rule applies where if there is no damage associated 
with an impact with the fixed object during the rollover, it is not included in the CRASH 
EVENTS. If there is indication that damage resulted from an impact with the fixed object, it is 
included in the CRASH EVENTS. This follows the same logic as striking a tree or another 
vehicle during an overturn. 
Note: For vehicles with attached trailing unit(s) by fixed or non-fixed linkage, when either the 
power unit or the trailing unit(s) rolls over, the entire vehicle will be considered a rollover. This 
applies to all motor vehicles with any type of trailing unit(s). If a motorcycle is pulling a trailing 
unit that overturns, the motorcycle should have 01 (Rollover/Overturn) in its Crash Events. 
However, since the power unit is a motorcycle, the element ROLLOVER still does NOT apply. 
02 (Fire/Explosion) is used for a vehicle fire or explosion that occurs during the crash sequence 
or as a result of the crash. 
As it pertains to the occurrence of 02 (Fire/Explosion), the crash circumstances are not 
considered stabilized until the threat of damage to this vehicle, or injury consequences to this 
vehicle’s occupants, has ceased. Therefore, the crash sequence is not considered stabilized until 
all occupants have exited the vehicle and the scene has been declared safe by police or other 
authority. Fires that occur at a later time to vehicles abandoned at the scene (in open fields, on 
hillsides, etc.), or to vehicles removed from the scene to another location (tow yard, curbside, 
etc.), are not considered part of the crash sequence. 
03 (Immersion or Partial Immersion) is used when a motor vehicle enters a body of water and 
results in injury or damage. This code would also be used if the vehicle came to rest in water and 
the depth cannot be ascertained from case materials. Note: In immersion fatalities, the injury to 
the person may be noted as “drowning.” 
04 (Gas Inhalation) includes injury or death as a result of toxic fumes, such as carbon monoxide 
fumes leaking from a motor vehicle. 
51 (Jackknife [harmful to this vehicle]) applies to a condition that occurs to a combination 
vehicle while in motion. The condition reflects a loss of control of the vehicle by the driver in 
which the trailer(s) yaws from its normal straight-line path behind the power unit, striking the 
power unit, or other trailers, causing damage to the power unit or trailer. Jackknife should only 
be coded as a harmful event if there is clear indication of damage to the jackknifed vehicle or 
injury to its occupants caused by the jackknife."
CRSS,2024,person.csv,ROLLOVER,candidate_feature,occupant_person,309,"Most Harmful Event 
V38 
299 
2024 FARS/CRSS Coding and Validation Manual 
• Unsecured cargo shifts inside a box truck causing a loss of control. The driver 
overcorrects, driving off the road. This would be a 60 (Cargo/Equipment Loss or Shift 
[non-harmful]) in the SEQUENCE OF EVENTS.  
• Use 07 (Other Non-Collision) in a situation where a motor vehicle in-transport is towing 
another unit (motor vehicle, trailer, etc.) and the second unit collides into the back of the 
power unit (not a Jackknife or part of a collision event). 
05 (Fell/Jumped from Vehicle) is used when an occupant of this vehicle falls or jumps (not 
suicide) from the vehicle causing injury. For example, an occupant of a motor vehicle in-
transport leans against the car door, it opens and the occupant falls out; or a person riding on a 
vehicle’s exterior (hood, roof, running board, etc.) falls or jumps, and is injured by the fall. If an 
occupant falls or jumps from a vehicle and is struck by that vehicle, use this attribute. Do not 
code 05 (Fell/Jumped from Vehicle) as the MOST HARMFUL EVENT to represent an 
occupant that was ejected in the crash. For example, if a vehicle rolls over and an occupant is 
ejected and killed during the rollover, then 01 (Rollover/Overturn) is the MOST HARMFUL 
EVENT. 
Collision With Motor Vehicle In-Transport 
12 (Motor Vehicle In-Transport) is used when the most injury- or damage-producing event is 
two motor vehicles in-transport making contact within the trafficway boundaries. 
Parked and Working Motor Vehicles: 
This attribute is used for parked and working motor vehicles when their MOST HARMFUL 
EVENT is an impact with a motor vehicle in-transport. 
This attribute also applies to parked and working motor vehicles when their MOST HARMFUL 
EVENT is an impact with any object set in motion other than another parked or working motor 
vehicle. Set-in-motion objects include cargo, people, stones, stop signs, tire treads, and debris 
from a previous impact. If the object set in motion is another parked or working motor vehicle 
use 14 (Parked Motor Vehicle) or 45 (Working Motor Vehicle), whichever describes the 
object set in motion. 
Examples: 
• If the MOST HARMFUL EVENT for V1 (a motor vehicle in-transport) is when V1 
impacts V2 (another motor vehicle in-transport) within the trafficway boundaries, then 
the MOST HARMFUL EVENT for V1 is 12 (Motor Vehicle In-Transport). 
• If the most harmful event for V2 (a parked motor vehicle) is when V2 is struck by V1 (a 
motor vehicle in-transport), then the MOST HARMFUL EVENT for V2 is 12 (Motor 
Vehicle In-Transport).  
• If the MOST HARMFUL EVENT for V2 (a parked motor vehicle) is when V2 is struck 
by a stop sign set in motion by V1 (a motor vehicle in-transport), then the MOST 
HARMFUL EVENT for V2 is 12 (Motor Vehicle In-Transport). 
• If V1 (a motor vehicle in-transport) strikes V2 (a parked motor vehicle) and V2 then 
strikes V3 (a parked motor vehicle), then the MOST HARMFUL EVENT for V3 is 14 
(Parked Motor Vehicle)."
CRSS,2024,person.csv,ROLLOVER,candidate_feature,occupant_person,314,"Most Harmful Event 
V38 
304 
2024 FARS/CRSS Coding and Validation Manual 
Collision With Fixed Object 
The attributes 58 (Ground), 33 (Curb), 34 (Ditch), and 35 (Embankment) are grouped under 
the Collision With Fixed Object subset because they are intended to be harmful events in the 
crash (i.e., they are associated with an impact that produces injury or damage). 
When coding these events there must be fields on the police crash report or verbiage in the 
narrative such as “struck,” “hit,” “impacted,” etc., that identify these as harmful. 
For cases where the indication of the harmful event came from the narrative, there may not be a 
corresponding indication of damage in any police crash report field. In these instances, code the 
harmful event as stated in the narrative and include the corresponding attribute under AREAS 
OF IMPACT. 
If there is no indication of damage from contact with the fixed object in fields on the police crash 
report and the narrative language does not identify it as a harmful event (e.g., “came to rest on 
the embankment,” “drove through” or “drove across” the ditch and/or the embankment, or 
“drove over” the curb), do not code 33 (Curb), 34 (Ditch), or 35 (Embankment) in the 
SEQUENCE OF EVENTS. 
17 (Boulder) is a rock of sufficient mass that when struck by a motor vehicle moves very little 
and remains basically intact. It may be considered as a fixed object. 
19 (Building) is used when the vehicle impacts a roofed and walled structure built for permanent 
use. The type of construction material used is not of interest, nor is the use of the building. 
58 (Ground) is used when the impact is with an earthen or paved surface off the roadway. 58 
(Ground) is not to be entered when the harmful event is 01 (Rollover/Overturn). 
Indication of furrowing, gouging, or digging in of the tires/wheels is not sufficient to code the 
collision event 58 (Ground). For example, if the police crash report narrative states, “The trucks 
tires dug into the turf causing the vehicle to roll over,” the harmful event should be 01 
(Rollover/Overturn). 
20 (Impact Attenuator/Crash Cushion) is a device for controlling the absorption of energy 
released during vehicle collision (crash cushion). Its most common application involves the 
protection of fixed roadside objects such as bridge piers, elevated gores at exit ramps, etc. 
Examples include barrels filled with water or sand, and plastic collapsible structures. 
50 (Bridge Overhead Structure) is used when striking the bottom of a bridge while traveling 
underneath it. See Figure 21 for a diagram of Bridge Components. 
21 (Bridge Pier or Support) is a square or round column of stone, concrete, brick, steel, or 
wood for supporting a bridge between abutments. This attribute includes the bridge abutments 
that are supporting the ends of a bridge. Abutments are generally designed for retaining or 
supporting the embankment under bridge ends and composed of stone, concrete, brick, or wood 
(includes the wingwalls). See See Figure 21 for a diagram of Bridge Components. 
23 (Bridge Rail [Includes Parapet]) is a wooden, brick, stone, concrete, or metal fence-like 
structure that runs along the outermost edge of the roadway or sidewalk on the bridge or a rail 
constructed along the top of a parapet. Balustrade is often used synonymously with parapet. See 
Figure 21 for a diagram of Bridge Components."
CRSS,2024,person.csv,ROLLOVER,candidate_feature,occupant_person,483,"Crash Type 
PC23 
473 
2024 FARS/CRSS Coding and Validation Manual 
PC23. Crash Type 
Format 
2 numeric 
SAS Name 
Vehicle.ACC_TYPE 
Element Values 
As assigned by the selection on the next screens 
Codes 
Attributes 
00 
No Impact 
01-93 
Crash Types 
98 
Other Crash Type 
99 
Unknown 
Definition 
This element describes the type of crash this in-transport vehicle was involved in based on the 
FIRST HARMFUL EVENT and the precrash circumstances. 
Remarks 
The CRASH TYPE is a numeric value assigned by selecting the Crash Category and the Crash 
Configuration on the next screens/pages. The number can be directly entered or edited here; 
however, the two-step process of selecting the Crash Category and Crash Configuration is 
preferred to visualize the crash scenario.  
The FIRST HARMFUL EVENT may include a collision between a vehicle and some object, 
accompanied by property damage or human injury. The object may be another vehicle, a person, 
an animal, a fixed object, the road surface, or the ground. If the first collision is a rollover, the 
impact is with the ground or road surface. The collision may also involve plowing into soft 
ground, if severe vehicle deceleration results in damage or injury. A road departure without 
damage or injury is not defined as a harmful event. 
Please see “The following crash types require clarification” for guidance on a few specific crash 
types."
CRSS,2024,person.csv,ROLLOVER,candidate_feature,occupant_person,537,"Air Bag Deployed 
P12 
527 
2024 FARS/CRSS Coding and Validation Manual 
01 (Deployed‐Front) refers to an air bag forward of a first-row occupant. The driver frontal air 
bag is located in the hub of the steering wheel. The right front passenger frontal air bag is located 
in the dashboard (instrument panel). 
02 (Deployed‐Side (door, seatback)) refers to an air bag mounted in the outboard side of the 
seat or in the door. Side impact air bags located between seating positions 11 and 13 within the 
inboard seatbacks or center console designed to mitigate occupant versus occupant injury are 
also collected in this attribute. 
In a convertible body type, a head impact curtain may deploy upward from the top of the door 
panel near the lower edge of the side glazing. This type of head protection is coded 03 
(Deployed‐ Curtain (roof) even though the air bag is located in the side door panel. 
03 (Deployed‐Curtain (roof)) refers to a head only, side impact air bag for outboard occupants. 
These are usually mounted in the roof rail above the side windows, deploying between the 
glazing and the occupant. These look like a curtain when deployed and are designed to help 
protect an adult’s head in a side‐impact crash. This includes a head impact curtain in a 
convertible car body type, which deploys upward from the door panel near the lower edge of the 
side glazing. A single curtain may cover one or all rows, or a vehicle may have one for the first 
row with another covering multiple rearward rows. 
The narrative may refer to these as a rollover curtain, roof bag, roof‐rail bag, roof curtain, anti‐
ejection curtain, or a safety canopy. These rollover curtains are a special type of side curtain air 
bag with sensors that measure vehicle tilting and protect occupants from injury and ejection 
during a rollover crash. 
07 (Deployed‐Other (knee, airbelt, etc.)) is used if the case materials indicate the air bag type 
that deployed is other than the ones listed above. If multiple “other” types of air bags deploy, use 
code 08 (Deployed‐Combination) for this person. 
Examples include: 
• Inflatable Seatbelt/Airbelts—Inflatable seatbelts are currently available for outboard 
passengers beyond the first row. Some airbelts will deploy in either front or side 
collisions. 
• Rear Impact Curtain—This curtain helps protect the last row occupants during a rearward 
impact. 
• Knee Air Bags/Knee Bolsters—This deploys from the lower instrument panel/dashboard. 
• Anti‐slide/Anti‐submarine/Seat Cushion Air Bag—This inflates in the seat cushion to 
help maintain the occupant’s seating position. 
08 (Deployed-Combination) is used if case materials indicate that multiple air bags of different 
types deployed for this seat position.  
09 (Deployment-Unknown Location) is used if an air bag did deploy for this seat position, but 
the origin of the air bag is not known. 
20 (Not Deployed) is used if the available information indicates that no air bags deployed for 
this seat position."
CRSS,2024,person.csv,ROLLOVER,candidate_feature,occupant_person,540,"Ejection 
P13 
530 
2024 FARS/CRSS Coding and Validation Manual 
Do not code 05 (Fell/Jumped from Vehicle) to represent an occupant that was ejected in the 
crash. For example, if a vehicle rolls over and an occupant is ejected during the rollover, do not 
code 05 (Fell/Jumped from Vehicle) in the CRASH EVENTS to represent the ejection. It is 
captured in the element EJECTION. 
2 (Partially Ejected) refers to those instances where some part but not all of an occupant’s body 
is at some time during the crash sequence outside the occupant compartment. This does not apply 
to occupants who are not initially in the seating compartment of the vehicle (e.g., pickup beds, 
boot of a convertible, and people riding on open tailgates), since any ejection for them is coded 
as 1 (Totally Ejected). 
3 (Ejected - Unknown Degree) is used when the case materials indicate that an occupant is 
ejected but fails to discriminate between total and partial ejection. 
7 (Not Reported) Check to see if 0 (Not Ejected) or 9 (Reported as Unknown if Ejected) are 
more appropriate for the situation. 
If a State’s crash report manual instructs to leave blank data blocks that are not applicable, then a 
blank in those data blocks is NOT considered “Not Reported.” 
Code 7 (Not Reported) in these two situations. 
1. No field or coding block exists on the State’s crash report to provide the information to 
code this element, AND no other information is available to code the element (e.g., 
narrative, diagram, case materials). 
2. A field or coding block exists on the State’s crash report that would provide the 
information needed to code this element, but it has been left blank, OR a code has been 
selected on the State’s crash report that does not map to any FARS/CRSS attribute, AND 
no other information is available to code the element (e.g., narrative, diagram, case 
materials). 
8 (Not Applicable) is used for people who are riding on or appended to by any means (hand 
grasp, tow rope, etc.) the exterior of a vehicle or for two-wheeled motorcycle occupants. The 
exterior of the vehicle includes running boards, roof, fenders, and bumpers but not the bed of 
pickup trucks, open tailgate, or boot of a convertible. 
9 (Reported as Unknown if Ejected) is used when the case materials specifically indicate 
unknown. 
For Consistency Checks see Understanding and Managing Consistency Checks and Ejection."
CRSS,2024,person.csv,ROLLOVER,candidate_feature,occupant_person,749,"Appendix B: 2024 Consistency Checks 
B-28 
2024 FARS/CRSS Coding and Validation Manual 
Error ID 
IF 
THEN 
A100 
FIRST HARMFUL EVENT is not 
equal to 02, 04, 05, 10, 16,  
there should be one vehicle with 
TRAVEL SPEED of 001-151, 997-
999, or blanks. 
A1A0 
ROADWAY SURFACE 
CONDITIONS equals 01 for a vehicle 
involved in the FIRST HARMFUL 
EVENT, 
ATMOSPHERIC CONDITIONS 
should not equal 02-04, 11, 12. 
A1B0 
TRAFFIC CONTROL DEVICE 
equals 01-04, 20, or 21 for a vehicle 
involved in the FIRST HARMFUL 
EVENT, 
RELATION TO JUNCTION (b) 
should not equal 01 or 18. 
A250 
FUNCTIONAL SYSTEM (b) equals 
01-03, and RELATION TO 
JUNCTION (a) equals 1, and 
RELATION TO JUNCTION (b) does 
not equal 03, 05, or 20, 
TOTAL LANES IN ROADWAY 
should not equal 1 for the vehicles 
involved in the FIRST HARMFUL 
EVENT. 
A293 
WORK ZONE equals 1-3, and 
RELATION TO JUNCTION (b) 
equals 02, 03, 
TRAFFIC CONTROL DEVICE 
should equal 01-03, 20, 40, 97, or 98 
for the vehicle(s) involved in the 
FIRST HARMFUL EVENT. 
A294 
WORK ZONE equals 1-3, and 
RELATION TO JUNCTION (b) 
equals 01, 04, 05, 08, 17-19, 
TRAFFIC CONTROL DEVICE 
should equal 00, 21, 28, 40, 50, 97, or 
98 for the vehicle(s) involved in the 
FIRST HARMFUL EVENT. 
A370 
FIRST HARMFUL EVENT equals 99, MANNER OF COLLISION OF THE 
FIRST HARMFUL EVENT must 
equal 98 or 99. 
A380 
FIRST HARMFUL EVENT equals 01 
and this vehicle is involved in the 
FIRST HARMFUL EVENT, and vPIC 
BODY CLASS does not equal 006 
(Motorcycle - Standard), 012 
(Motorcycle - Scooter), 080 
(Motorcycle - Sport), 081 (Motorcycle 
- Touring / Sport Touring), 082 
(Motorcycle - Cruiser),  084 Off-road 
Vehicle - Dirt Bike / Off-Road), 085 
(Motorcycle - Dual Sport / Adventure / 
Supermoto / On/Off-road), 086 (Off-
road Vehicle - Enduro (Off-road long-
distance racing)), 087 (Motorcycle - 
LOCATION OF ROLLOVER should 
equal _____ respectively."
CRSS,2024,person.csv,ROLLOVER,candidate_feature,occupant_person,769,"Appendix B: 2024 Consistency Checks 
B-48 
2024 FARS/CRSS Coding and Validation Manual 
Error ID 
IF 
THEN 
532F 
FIRST HARMFUL EVENT equals 14, 
and RELATION TO TRAFFICWAY 
equals 07, 
at least one previous CRASH 
EVENTS-SEQUENCE OF EVENTS 
should equal 63, 64, 71, or 79 for the 
motor vehicle in transport involved in 
the FIRST HARMFUL EVENT. 
580F 
FIRST HARMFUL EVENT equals 14, 
and RELATED FACTORS - PERSON 
(MV OCCUPANT) LEVEL does not 
equal 032, 089 for at least one 
occupant in the not in-transport motor 
vehicle involved in the FIRST 
HARMFUL EVENT, 
RELATION TO TRAFFICWAY 
should not equal 01. 
770P 
RELATION TO TRAFFICWAY 
equals 07, 
RELATION TO JUNCTION (b) must 
equal 01, 03, 08, 98, or 99. 
772P 
RELATION TO TRAFFICWAY 
equals 07, 
RELATION TO JUNCTION (a) must 
not equal 1. 
77DP 
RELATION TO TRAFFICWAY 
equals 07, and RELATION TO 
JUNCTION (a) equals 1, 
RELATION TO JUNCTION (b) 
should not equal 03, 08. 
780P 
RELATION TO TRAFFICWAY 
equals 10, 
RELATION TO JUNCTION (b) must 
not equal 02, 04, 08. 
881P 
RELATED FACTOR - CRASH 
LEVEL equals 024, 
RELATION TO TRAFFICWAY must 
not equal 01 or 11. 
A131 
RELATION TO JUNCTION (b) 
equals 02, 04, 06, 16, 17, or 20, 
RELATION TO TRAFFICWAY must 
equal 01 or 11. 
A141 
RELATION TO JUNCTION (b) 
equals 18, 
RELATION TO TRAFFICWAY must 
equal 01 or 11. 
A1E0 
RELATION TO JUNCTION (b) 
equals 19,  
RELATION TO TRAFFICWAY must 
not equal 01, 11, 98, or 99. 
A380 
FIRST HARMFUL EVENT equals 01 
and this vehicle is involved in the 
FIRST HARMFUL EVENT, and vPIC 
BODY CLASS does not equal 006 
(Motorcycle - Standard), 012 
(Motorcycle - Scooter), 080 
(Motorcycle - Sport), 081 (Motorcycle 
- Touring / Sport Touring), 082 
(Motorcycle - Cruiser),  084 Off-road 
Vehicle - Dirt Bike / Off-Road), 085 
(Motorcycle - Dual Sport / Adventure / 
LOCATION OF ROLLOVER should 
equal _____ respectively."
CRSS,2024,person.csv,ROLLOVER,candidate_feature,occupant_person,789,"Appendix B: 2024 Consistency Checks 
B-68 
2024 FARS/CRSS Coding and Validation Manual 
Error ID 
IF 
THEN 
FP3F 
UNIT TYPE is blank,  
case status is flawed. 
FP6F 
UNIT TYPE equals 1, and CRITICAL 
EVENT - PRECRASH (CATEGORY) 
equals blank,  
case status is flawed. 
FP7F 
UNIT TYPE equals 1, and CRITICAL 
EVENT - PRECRASH (EVENT) 
equals blank,  
case status is flawed. 
U690 
UNLIKELY: UNIT TYPE equals 2-4 
and HIT-AND-RUN equals 1. 
-- 
V74P 
UNIT TYPE equals 1, and 
ROLLOVER equals 3, or LOCATION 
OF ROLLOVER equals 1-7, 9, 
at least one SEQUENCE OF EVENTS 
must equal 01 for this vehicle. 
VH70 
UNIT TYPE equals 2-4, 
elements JACKKNIFE, TRAVEL 
SPEED, AND SEQUENCE OF 
EVENTS must all be left blank. 
VH75 
UNIT TYPE equals 4, 
VEHICLE CONFIGURATION should 
not equal 05, 20, 21, 10. 
VH80 
UNIT TYPE equals 4, 
CARGO BODY TYPE should not 
equal 06, 07, 11, 12, 22. 
Unit Type—FARS Only 
Error ID 
IF 
THEN 
9A2P 
UNIT TYPE equals 2, 3, 
REGISTERED VEHICLE OWNER 
must equal 6. 
VH25 
UNIT TYPE equals 4, 
REGISTERED VEHICLE OWNER 
should not equal 6, 9. 
Hit-and-Run 
Error ID 
IF 
THEN 
622P 
HIT-AND-RUN equals 1, 
it is unlikely that NUMBER OF 
OCCUPANTS equals 0-98. 
8K0P 
any CITATIONS ISSUED equals 07 
or 08, 
HIT-AND-RUN must not equal 0. 
BJ5P 
UNIT TYPE equals 1 and HIT-AND-
RUN equals 1, 
DRIVER PRESENCE should not 
equal 0 or 9."
CRSS,2024,person.csv,ROLLOVER,candidate_feature,occupant_person,809,"Appendix B: 2024 Consistency Checks 
B-88 
2024 FARS/CRSS Coding and Validation Manual 
Error ID 
IF 
THEN 
(Motorcycle-style)), 080 (Motorcycle - 
Sport), 081 (Motorcycle - 
Touring/Sport Touring), 082 
(Motorcycle - Cruiser), 083 
(Motorcycle - Three-Wheeled 
Motorcycle [2 Rear Wheels]), 084 
(Off-Road Vehicle - Dirt Bike/Off-
Road), 085 (Motorcycle - Dual 
Sport/Adventure/Supermoto/On/Off-
road), 086 (Off-Road Vehicle - Enduro 
(Off-road long-distance racing)), 087 
(Motorcycle - Small/Minibike), 090 
(Motorcycle - Side Car), 094 
(Motorcycle - Custom), 098 
(Motorcycle - Street), 104 (Moped), 
109 (Motorcycle - Cross Country), 110 
(Motorcycle - Underbone), 113 (Off-
road Vehicle - Motorcross (Off-road 
short distance, closed track racing)), 
114 (Motorcycle - Competition), or 
125 (Motorcycle - Unknown Body 
Type), 
1R0P 
SEATING POSITION equals 51, and 
vPIC BODY CLASS equals 016 
(Bus), 068 (Streetcar / Trolley), or 73 
(Bus-School Bus), or FINAL STAGE 
BODY CLASS equals 016 (Bus), 068 
(Streetcar / Trolley), or 73 (Bus-
School Bus), 
INJURY SEVERITY must not equal 
0, 9. 
1Z2P 
any SEQUENCE OF EVENTS equals 
01 and vPIC BODY CLASS does not 
equal 006 (Motorcycle - Standard), 
012 (Motorcycle - Scooter), 080 
(Motorcycle - Sport), 081 (Motorcycle 
- Touring/Sport Touring), 082 
(Motorcycle - Cruiser), 084 (Off-Road 
Vehicle - Dirt Bike/Off-Road), 085 
(Motorcycle - Dual Sport / Adventure / 
Supermoto / On/Off-road), 086 (Off-
Road Vehicle - Enduro (Off-road long-
distance racing)), 087 (Motorcycle - 
Small/Minibike), 090 (Motorcycle - 
Side Car), 094 (Motorcycle - Custom), 
098 (Motorcycle - Street), 104 
ROLLOVER must equal 3."
CRSS,2024,person.csv,ROLLOVER,candidate_feature,occupant_person,821,"Appendix B: 2024 Consistency Checks 
B-100 
2024 FARS/CRSS Coding and Validation Manual 
Error ID 
IF 
THEN 
5A0P 
vPIC BODY CLASS equals 006 
(Motorcycle - Standard), 012 
(Motorcycle - Scooter), 080 
(Motorcycle - Sport), 081 (Motorcycle 
- Touring/Sport Touring), 082 
(Motorcycle - Cruiser), 084 (Off-Road 
Vehicle - Dirt Bike/Off-Road), 085 
(Motorcycle - Dual Sport / Adventure / 
Supermoto / On/Off-road), 086 (Off-
Road Vehicle - Enduro (Off-road long-
distance racing)), 087 (Motorcycle - 
Small/Minibike), 090 (Motorcycle - 
Side Car), 094 (Motorcycle - Custom), 
098 (Motorcycle - Street), 104 
(Moped), 109 (Motorcycle - Cross 
Country), 110 (Motorcycle - 
Underbone), 113 (Off-road Vehicle - 
Motorcross (Off-road short distance, 
closed track racing)), 114 (Motorcycle 
- Competition), or 125 (Motorcycle - 
Unknown Body Type), and any 
RELATED FACTORS - VEHICLE 
LEVEL does not equal 030, 
ROLLOVER must equal 8 and 
LOCATION OF ROLLOVER must 
equal 8. 
5D0P 
SPECIAL USE equals 04, 
vPIC BODY CLASS should equal 007 
(Sport Utility Vehicle (SUV)/Multi-
Purpose Vehicle (MPV)), 009 (Van), 
011 (Truck), 016 (Bus), 060 (Pickup), 
066 (Truck-Tractor), 095 (Cargo Van), 
119 (Sport Utility Truck (SUT)), 997 
(Other (Specify:)), or 999 (Unknown), 
or FINAL STAGE BODY CLASS 
should equal 009 (Van), 011 (Truck), 
016 (Bus), 060 (Pickup), 066 (Truck-
Tractor), 095 (Cargo Van), 119 (Sport 
Utility Truck (SUT)), 997 (Other 
(Specify:)), or 999 (Unknown). 
5F0F 
NUMBER OF OCCUPANTS equals 
00-98, and vPIC BODY CLASS does 
not equal 016 (Bus), 068 (Streetcar / 
Trolley), or 73 (Bus-School Bus), and 
FINAL STAGE BODY CLASS does 
not equal 016 (Bus), 068 (Streetcar / 
Trolley), or 73(Bus-School Bus), 
the number of Person Level forms for 
that vehicle must be equal to the 
NUMBER OF OCCUPANTS."
CRSS,2024,person.csv,ROLLOVER,candidate_feature,occupant_person,826,"Appendix B: 2024 Consistency Checks 
B-105 
2024 FARS/CRSS Coding and Validation Manual 
Error ID 
IF 
THEN 
Recreational Off-Highway Vehicle 
[ROV]), 109 (Motorcycle - Cross 
Country), 110 (Motorcycle - 
Underbone), 113 (Off-road Vehicle - 
Motorcross (Off-road short distance, 
closed track racing)), 114 (Motorcycle 
- Competition), 125 (Motorcycle - 
Unknown Body Type), or 131 
(Motorcycle - Three Wheeled, 
Unknown Enclosure or Autocycle, 
Unknown Enclosure), 
A380 
FIRST HARMFUL EVENT equals 01 
and this vehicle is involved in the 
FIRST HARMFUL EVENT, and vPIC 
BODY CLASS does not equal 006 
(Motorcycle - Standard), 012 
(Motorcycle - Scooter), 080 
(Motorcycle - Sport), 081 (Motorcycle 
- Touring / Sport Touring), 082 
(Motorcycle - Cruiser), 084 Off-road 
Vehicle - Dirt Bike / Off-Road), 085 
(Motorcycle - Dual Sport / Adventure / 
Supermoto / On/Off-road), 086 (Off-
road Vehicle - Enduro (Off-road long-
distance racing)), 087 (Motorcycle - 
Small / Minibike), 090 (Motorcycle - 
Side Car), 094 (Motorcycle - Custom), 
098 (Motorcycle - Street), 104 
(Motorcycle - Moped), 109 
(Motorcycle - Cross Country), 110 
(Motorcycle - Underbone),  113 (Off-
road Vehicle - Motocross (Off-road 
short distance, closed track racing)), 
114 (Motorcycle - Competition), or 
125 (Motorcycle - Unknown Body 
Type), for this vehicle, and any 
RELATED FACTORS - VEHICLE 
LEVEL does not equal 030, 
RELATION TO TRAFFICWAY 
equals _____, 
LOCATION OF ROLLOVER should 
equal _____ respectively. 
AE1P 
VEHICLE CONFIGURATION equals 
05-08, 
vPIC BODY CLASS must equal 066 
(Truck-Tractor), or FINAL STAGE 
BODY CLASS must equal 066 
(Truck-Tractor)."
CRSS,2024,person.csv,ROLLOVER,candidate_feature,occupant_person,933,"Appendix B: 2024 Consistency Checks 
B-212 
2024 FARS/CRSS Coding and Validation Manual 
Error ID 
IF 
THEN 
(THIS VEHICLE) and VEHICLE 
NUMBER (OTHER VEHICLE),  
446P 
the vehicle is not involved in any 
events where VEHICLE SEQUENCE 
OF EVENTS equals 12, 14, 45, or 55; 
AREAS OF IMPACT (THIS 
VEHICLE) equals 01-14, 61-63, 81-
83, 98, or 99; and vPIC BODY 
CLASS does not equal 006, 012, 069, 
080-083, 084, 085, 086, 087, 088, 090, 
094, 097, 098, 104, 109, 110, 113, 
114, or 125 for both VEHICLE 
NUMBER (THIS VEHICLE) and 
VEHICLE NUMBER (OTHER 
VEHICLE) but is involved in events 
where AREAS OF IMPACT (THIS 
VEHICLE) equals 19 and vPIC 
BODY CLASS does not equal 006, 
012, 069, 080-083, 084, 085, 086, 087, 
088, 090, 094, 097, 098, 104, 109, 
110, 113, 114, or 125 for both 
VEHICLE NUMBER (THIS 
VEHICLE) and VEHICLE NUMBER 
(OTHER VEHICLE),  
VEHICLE UNDERRIDE/OVERRIDE 
should equal 7. [Explanation: If the 
object set in motion is a parked or 
working motor vehicle, VEHICLE 
UNDERRIDE/OVERRIDE could 
equal 0, 1, 2, 8, or 9.] 
 
Rollover 
Error ID 
IF 
THEN 
1Z2P 
any SEQUENCE OF EVENTS equals 
01 and vPIC BODY CLASS does not 
equal 006 (Motorcycle - Standard), 
012 (Motorcycle - Scooter), 080 
(Motorcycle - Sport), 081 (Motorcycle 
- Touring/Sport Touring), 082 
(Motorcycle - Cruiser), 084 (Off-Road 
Vehicle - Dirt Bike/Off-Road), 085 
(Motorcycle - Dual Sport / Adventure / 
Supermoto / On/Off-road), 086 (Off-
Road Vehicle - Enduro (Off-road long-
distance racing)), 087 (Motorcycle - 
Small/Minibike), 090 (Motorcycle - 
Side Car), 094 (Motorcycle - Custom), 
098 (Motorcycle - Street), 104 
ROLLOVER must equal 3."
CRSS,2024,person.csv,ROLLOVER,candidate_feature,occupant_person,934,"Appendix B: 2024 Consistency Checks 
B-213 
2024 FARS/CRSS Coding and Validation Manual 
Error ID 
IF 
THEN 
(Moped), 109 (Motorcycle - Cross 
Country), 110 (Motorcycle - 
Underbone), 113 (Off-road Vehicle - 
Motorcross (Off-road short distance, 
closed track racing)), 114 (Motorcycle 
- Competition), or 125 (Motorcycle - 
Unknown Body Type), or any 
RELATED FACTORS-VEHICLE 
LEVEL equals 030, 
5A0P 
vPIC BODY CLASS equals 006 
(Motorcycle - Standard), 012 
(Motorcycle - Scooter), 080 
(Motorcycle - Sport), 081 (Motorcycle 
- Touring/Sport Touring), 082 
(Motorcycle - Cruiser), 084 (Off-Road 
Vehicle - Dirt Bike/Off-Road), 085 
(Motorcycle - Dual Sport / Adventure / 
Supermoto / On/Off-road), 086 (Off-
Road Vehicle - Enduro (Off-road long-
distance racing)), 087 (Motorcycle - 
Small/Minibike), 090 (Motorcycle - 
Side Car), 094 (Motorcycle - Custom), 
098 (Motorcycle - Street), 104 
(Moped), 109 (Motorcycle - Cross 
Country), 110 (Motorcycle - 
Underbone), 113 (Off-road Vehicle - 
Motorcross (Off-road short distance, 
closed track racing)), 114 (Motorcycle 
- Competition), or 125 (Motorcycle - 
Unknown Body Type), and any 
RELATED FACTORS - VEHICLE 
LEVEL does not equal 030, 
ROLLOVER must equal 8 and 
LOCATION OF ROLLOVER must 
equal 8. 
V74P 
UNIT TYPE equals 1, and 
ROLLOVER equals 3, or LOCATION 
OF ROLLOVER equals 1-7, 9, 
at least one SEQUENCE OF EVENTS 
must equal 01 for this vehicle. 
V75P 
ROLLOVER is not blank, 
LOCATION OF ROLLOVER must 
not be blank. 
V76P 
ROLLOVER is blank, 
LOCATION OF ROLLOVER must be 
blank. 
V77P 
ROLLOVER equals 3, 
LOCATION OF ROLLOVER must 
equal 1-7, 9."
CRSS,2024,person.csv,ROLLOVER,candidate_feature,occupant_person,935,"Appendix B: 2024 Consistency Checks 
B-214 
2024 FARS/CRSS Coding and Validation Manual 
Error ID 
IF 
THEN 
V78P 
ROLLOVER equals 0, 
LOCATION OF ROLLOVER must 
equal 0. 
 
Location of Rollover 
Error ID 
IF 
THEN 
5A0P 
vPIC BODY CLASS equals 006 
(Motorcycle - Standard), 012 
(Motorcycle - Scooter), 080 
(Motorcycle - Sport), 081 (Motorcycle 
- Touring/Sport Touring), 082 
(Motorcycle - Cruiser), 084 (Off-Road 
Vehicle - Dirt Bike/Off-Road), 085 
(Motorcycle - Dual Sport / Adventure / 
Supermoto / On/Off-road), 086 (Off-
Road Vehicle - Enduro (Off-road long-
distance racing)), 087 (Motorcycle - 
Small/Minibike), 090 (Motorcycle - 
Side Car), 094 (Motorcycle - Custom), 
098 (Motorcycle - Street), 104 
(Moped), 109 (Motorcycle - Cross 
Country), 110 (Motorcycle - 
Underbone), 113 (Off-road Vehicle - 
Motorcross (Off-road short distance, 
closed track racing)), 114 (Motorcycle 
- Competition), or 125 (Motorcycle - 
Unknown Body Type), and any 
RELATED FACTORS - VEHICLE 
LEVEL does not equal 030, 
ROLLOVER must equal 8 and 
LOCATION OF ROLLOVER must 
equal 8. 
A380 
FIRST HARMFUL EVENT equals 01 
and this vehicle is involved in the 
FIRST HARMFUL EVENT, and vPIC 
BODY CLASS does not equal 006 
(Motorcycle - Standard), 012 
(Motorcycle - Scooter), 080 
(Motorcycle - Sport), 081 (Motorcycle 
- Touring / Sport Touring), 082 
(Motorcycle - Cruiser),  084 Off-road 
Vehicle - Dirt Bike / Off-Road), 085 
(Motorcycle - Dual Sport / Adventure / 
Supermoto / On/Off-road), 086 (Off-
road Vehicle - Enduro (Off-road long-
distance racing)), 087 (Motorcycle - 
LOCATION OF ROLLOVER should 
equal _____ respectively."
CRSS,2024,person.csv,ROLLOVER,candidate_feature,occupant_person,936,"Appendix B: 2024 Consistency Checks 
B-215 
2024 FARS/CRSS Coding and Validation Manual 
Error ID 
IF 
THEN 
Small / Minibike), 090 (Motorcycle - 
Side Car), 094 (Motorcycle - Custom), 
098 (Motorcycle - Street), 104 
(Motorcycle - Moped), 109 
(Motorcycle - Cross Country), 110 
(Motorcycle - Underbone),  113 (Off-
road Vehicle - Motocross (Off-road 
short distance, closed track racing)), 
114 (Motorcycle - Competition), or 
125 (Motorcycle - Unknown Body 
Type), for this vehicle, and any 
RELATED FACTORS - VEHICLE 
LEVEL does not equal 030, 
RELATION TO TRAFFICWAY 
equals _____, 
V74P 
UNIT TYPE equals 1, and 
ROLLOVER equals 3, or LOCATION 
OF ROLLOVER equals 1-7, 9, 
at least one SEQUENCE OF EVENTS 
must equal 01 for this vehicle. 
V75P 
ROLLOVER is not blank, 
LOCATION OF ROLLOVER must 
not be blank. 
V76P 
ROLLOVER is blank, 
LOCATION OF ROLLOVER must be 
blank. 
V77P 
ROLLOVER equals 3, 
LOCATION OF ROLLOVER must 
equal 1-7, 9. 
V78P 
ROLLOVER equals 0, 
LOCATION OF ROLLOVER must 
equal 0. 
 
Areas of Impact—Initial Contact Point / Damaged Areas 
Error ID 
IF 
THEN 
2U0Q 
vPIC BODY CLASS equals 006 
(Motorcycle - Standard), 012 
(Motorcycle - Scooter), 080 
(Motorcycle - Sport), 081 (Motorcycle 
- Touring/Sport Touring), 082 
(Motorcycle - Cruiser), 083 
(Motorcycle - Three-Wheeled 
Motorcycle [2 Rear Wheels]), 084 
(Off-Road Vehicle - Dirt Bike/Off-
Road), 085 (Motorcycle - Dual Sport / 
Adventure / Supermoto / On/Off-
AREA OF IMPACT - INITIAL 
CONTACT POINT should not equal 
14."
CRSS,2024,person.csv,ROLLOVER,candidate_feature,occupant_person,947,"Appendix B: 2024 Consistency Checks 
B-226 
2024 FARS/CRSS Coding and Validation Manual 
Error ID 
IF 
THEN 
(Unknown), and vPIC BODY CLASS 
equals 999 (Unknown),  
 
Sequence of Events 
Error ID 
IF 
THEN 
1Z0N 
SEQUENCE OF EVENTS for this 
vehicle should not include more than 
one occurrence of 01. Please see 
SEQUENCE OF EVENTS remarks for 
01 (Rollover/Overturn) to confirm 
coding. 
-- 
1Z1N 
SEQUENCE OF EVENTS for this 
vehicle should not equal 01, 67 
consecutively or 67, 01 consecutively. 
-- 
1Z1P 
any SEQUENCE OF EVENTS equals 
66, 
ROADWAY GRADE should equal 6 
for this vehicle. 
1Z2N 
the vehicle SEQUENCE OF EVENTS 
should not equal 01 immediately 
followed by 05. 
-- 
1Z2P 
any SEQUENCE OF EVENTS equals 
01 and vPIC BODY CLASS does not 
equal 006 (Motorcycle - Standard), 
012 (Motorcycle - Scooter), 080 
(Motorcycle - Sport), 081 (Motorcycle 
- Touring/Sport Touring), 082 
(Motorcycle - Cruiser), 084 (Off-Road 
Vehicle - Dirt Bike/Off-Road), 085 
(Motorcycle - Dual Sport / Adventure / 
Supermoto / On/Off-road), 086 (Off-
Road Vehicle - Enduro (Off-road long-
distance racing)), 087 (Motorcycle - 
Small/Minibike), 090 (Motorcycle - 
Side Car), 094 (Motorcycle - Custom), 
098 (Motorcycle - Street), 104 
(Moped), 109 (Motorcycle - Cross 
Country), 110 (Motorcycle - 
Underbone), 113 (Off-road Vehicle - 
Motorcross (Off-road short distance, 
closed track racing)), 114 (Motorcycle 
- Competition), or 125 (Motorcycle - 
ROLLOVER must equal 3."
CRSS,2024,person.csv,ROLLOVER,candidate_feature,occupant_person,960,"Appendix B: 2024 Consistency Checks 
B-239 
2024 FARS/CRSS Coding and Validation Manual 
Error ID 
IF 
THEN 
U654 
UNLIKELY: SEQUENCE OF 
EVENTS equals 64, 68 consecutively. 
-- 
U655 
UNLIKELY: TRAFFICWAY 
DESCRIPTION equals 2, 3, 4, 6, or 7, 
and SEQUENCE OF EVENTS 
contains 68 for this vehicle. 
-- 
U675 
UNLIKELY: TRAFFICWAY 
DESCRIPTION equals 1, 4, or 5, and 
any SEQUENCE OF EVENTS equals 
65 for this vehicle. 
-- 
V74P 
UNIT TYPE equals 1, and 
ROLLOVER equals 3, or LOCATION 
OF ROLLOVER equals 1-7, 9, 
at least one SEQUENCE OF EVENTS 
must equal 01 for this vehicle. 
V990 
any SEQUENCE OF EVENTS equals 
61, 
CONTRIBUTING 
CIRCUMSTANCES, MOTOR 
VEHICLE should not equal 00. 
VH70 
UNIT TYPE equals 2-4, 
elements JACKKNIFE, TRAVEL 
SPEED, AND SEQUENCE OF 
EVENTS must all be left blank. 
VH83 
the only harmful SEQUENCE OF 
EVENTS for this vehicle equals 04-06, 
DAMAGED AREAS should equal 15. 
VH84 
the only harmful SEQUENCE OF 
EVENTS for this vehicle equals 01-03, 
16, 44, 51, 72, 98, 
DAMAGED AREAS should not equal 
15. 
 
Sequence of Events—FARS Only 
Error ID 
IF 
THEN 
A230 
SEQUENCE OF EVENTS equals 10, 
FUNCTIONAL SYSTEM (b) should 
not equal 01 or 02. 
 
Most Harmful Event 
Error ID 
IF 
THEN 
A041 
CRASH MONTH equals 05-09, 
SEQUENCE OF EVENTS, FIRST 
HARMFUL EVENT, MOST 
HARMFUL EVENT should not equal 
48."
CRSS,2024,person.csv,ROLLOVER,candidate_feature,occupant_person,965,"Appendix B: 2024 Consistency Checks 
B-244 
2024 FARS/CRSS Coding and Validation Manual 
Error ID 
IF 
THEN 
- Cross Country), or 125 (Motorcycle - 
Unknown Body Type), and VEHICLE 
MODEL YEAR is less than 2021, 
VA99 
vPIC BODY CLASS equals 04 (Low 
Speed Vehicle (LSV) / Neighborhood 
Electric Vehicle (NEV)), 012 
(Motorcycle - Scooter), 069 (Off-road 
Vehicle - All Terrain Vehicle (ATV) 
(Motorcycle-style)), 084 (Off-Road 
Vehicle - Dirt Bike/Off-Road), 086 
(Off-Road Vehicle - Enduro (Off-road 
long-distance racing)), 087 
(Motorcycle - Small/Minibike), 088 
(Off-road Vehicle - Go Kart), 097 
(Off-road Vehicle - Snowmobile), 104 
(Moped), 105 (Off-road Vehicle - 
Multipurpose Off-Highway Utility 
Vehicles [MOHUV] or Recreational 
Off-Highway Vehicle [ROV]), 110 
(Motorcycle - Underbone), 113 (Off-
road Vehicle - Motorcross (Off-road 
short distance, closed track racing)), 
114 (Motorcycle - Competition), 124 
(Off-road Vehicle - Golf Cart), 126 
(Off-road Vehicle - Farm Equipment), 
127 (Off-road Vehicle - Construction 
Equipment), or 997 (Other), 
MOTOR VEHICLE AUTOMATED 
DRIVING SYSTEM(S) Subfield 1 
must equal 00. 
Related Factors—Vehicle Level 
Error ID 
IF 
THEN 
1D2P 
SPECIAL USE equals 12 or 21,  
at least one RELATED FACTORS - 
VEHICLE LEVEL must equal 042. 
1G0P 
any RELATED FACTORS-VEHICLE 
LEVEL equals 000, 
only that one code and no other must 
be coded. 
1Z2P 
any SEQUENCE OF EVENTS equals 
01 and vPIC BODY CLASS does not 
equal 006 (Motorcycle - Standard), 
012 (Motorcycle - Scooter), 080 
(Motorcycle - Sport), 081 (Motorcycle 
- Touring/Sport Touring), 082 
(Motorcycle - Cruiser), 084 (Off-Road 
Vehicle - Dirt Bike/Off-Road), 085 
ROLLOVER must equal 3."
CRSS,2024,person.csv,ROLLOVER,candidate_feature,occupant_person,966,"Appendix B: 2024 Consistency Checks 
B-245 
2024 FARS/CRSS Coding and Validation Manual 
Error ID 
IF 
THEN 
(Motorcycle - Dual Sport / Adventure / 
Supermoto / On/Off-road), 086 (Off-
Road Vehicle - Enduro (Off-road long-
distance racing)), 087 (Motorcycle - 
Small/Minibike), 090 (Motorcycle - 
Side Car), 094 (Motorcycle - Custom), 
098 (Motorcycle - Street), 104 
(Moped), 109 (Motorcycle - Cross 
Country), 110 (Motorcycle - 
Underbone), 113 (Off-road Vehicle - 
Motorcross (Off-road short distance, 
closed track racing)), 114 (Motorcycle 
- Competition), or 125 (Motorcycle - 
Unknown Body Type), or any 
RELATED FACTORS-VEHICLE 
LEVEL equals 030, 
4G0P 
A RELATED FACTORS-VEHICLE 
LEVEL between 030 and 045 can be 
used only once per vehicle form. 
-- 
5A0P 
vPIC BODY CLASS equals 006 
(Motorcycle - Standard), 012 
(Motorcycle - Scooter), 080 
(Motorcycle - Sport), 081 (Motorcycle 
- Touring/Sport Touring), 082 
(Motorcycle - Cruiser), 084 (Off-Road 
Vehicle - Dirt Bike/Off-Road), 085 
(Motorcycle - Dual Sport / Adventure / 
Supermoto / On/Off-road), 086 (Off-
Road Vehicle - Enduro (Off-road long-
distance racing)), 087 (Motorcycle - 
Small/Minibike), 090 (Motorcycle - 
Side Car), 094 (Motorcycle - Custom), 
098 (Motorcycle - Street), 104 
(Moped), 109 (Motorcycle - Cross 
Country), 110 (Motorcycle - 
Underbone), 113 (Off-road Vehicle - 
Motorcross (Off-road short distance, 
closed track racing)), 114 (Motorcycle 
- Competition), or 125 (Motorcycle - 
Unknown Body Type), and any 
RELATED FACTORS - VEHICLE 
LEVEL does not equal 030, 
ROLLOVER must equal 8 and 
LOCATION OF ROLLOVER must 
equal 8."
CRSS,2024,person.csv,ROLLOVER,candidate_feature,occupant_person,967,"Appendix B: 2024 Consistency Checks 
B-246 
2024 FARS/CRSS Coding and Validation Manual 
Error ID 
IF 
THEN 
6G0Q 
any RELATED FACTORS - 
VEHICLE LEVEL equals 030, 
vPIC BODY CLASS must equal 006 
(Motorcycle - Standard), 012 
(Motorcycle - Scooter), 080 
(Motorcycle - Sport), 081 (Motorcycle 
- Touring/Sport Touring), 082 
(Motorcycle - Cruiser), 084 (Off-Road 
Vehicle - Dirt Bike/Off-Road), 085 
(Motorcycle - Dual Sport / Adventure / 
Supermoto / On/Off-road), 086 (Off-
Road Vehicle - Enduro (Off-road long-
distance racing)), 087 (Motorcycle - 
Small/Minibike), 094 (Motorcycle - 
Custom), 098 (Motorcycle - Street), 
104 (Moped), 109 (Motorcycle - Cross 
Country), 110 (Motorcycle - 
Underbone), 113 (Off-road Vehicle - 
Motorcross (Off-road short distance, 
closed track racing)), 114 (Motorcycle 
- Competition), or 125 (Motorcycle - 
Unknown Body Type), for this 
vehicle. 
9C1P 
UNIT TYPE equals 4, 
RELATED FACTORS-VEHICLE 
LEVEL must not equal 039. 
A380 
FIRST HARMFUL EVENT equals 01 
and this vehicle is involved in the 
FIRST HARMFUL EVENT, and vPIC 
BODY CLASS does not equal 006 
(Motorcycle - Standard), 012 
(Motorcycle - Scooter), 080 
(Motorcycle - Sport), 081 (Motorcycle 
- Touring / Sport Touring), 082 
(Motorcycle - Cruiser),  084 Off-road 
Vehicle - Dirt Bike / Off-Road), 085 
(Motorcycle - Dual Sport / Adventure / 
Supermoto / On/Off-road), 086 (Off-
road Vehicle - Enduro (Off-road long-
distance racing)), 087 (Motorcycle - 
Small / Minibike), 090 (Motorcycle - 
Side Car), 094 (Motorcycle - Custom), 
098 (Motorcycle - Street), 104 
(Motorcycle - Moped), 109 
(Motorcycle - Cross Country), 110 
(Motorcycle - Underbone),  113 (Off-
road Vehicle - Motocross (Off-road 
LOCATION OF ROLLOVER should 
equal _____ respectively."
CRSS,2024,person.csv,ROLLOVER,candidate_feature,occupant_person,1143,"Appendix B: 2024 Consistency Checks 
B-422 
2024 FARS/CRSS Coding and Validation Manual 
Error ID 
Error Message 
(Off-Road Vehicle - Enduro (Off-road long-distance racing)), 087 (Motorcycle - 
Small/Minibike), 090 (Motorcycle - Side Car), 094 (Motorcycle - Custom), 098 
(Motorcycle - Street), 104 (Moped), 109 (Motorcycle - Cross Country), 110 
(Motorcycle - Underbone), 113 (Off-road Vehicle - Motorcross (Off-road short 
distance, closed track racing)), 114 (Motorcycle - Competition), or 125 
(Motorcycle - Unknown Body Type), then SEATING POSITION must not 
equal 12-56, 99. 
1R0P 
If SEATING POSITION equals 51, and vPIC BODY CLASS equals 016 (Bus), 
068 (Streetcar / Trolley), or 73 (Bus-School Bus), or FINAL STAGE BODY 
CLASS equals 016 (Bus), 068 (Streetcar / Trolley), or 73 (Bus-School Bus), 
then INJURY SEVERITY must not equal 0, 9. 
1R1P 
If DIED AT SCENE/EN ROUTE equals 7, 8, then INJURY SEVERITY must 
equal 4. 
1T0P 
If SPEED LIMIT for every vehicle is greater than 55 and not equal to 98 or 99, 
then RURAL URBAN CLASSIFICATION (a) should not equal 2 or 6, and 
FUNCTIONAL SYSTEM (b) should not equal 06, 07, or 96. 
1U1F 
If INJURY SEVERITY equals 4, then DEATH DATE must not equal 
88888888. 
1U2F 
If INJURY SEVERITY equals 4, then DEATH TIME must not equal 8888. 
1V0P 
If DEATH MONTH or DAY equals 88, or DEATH YEAR equals 8888, then all 
must equal 8s. 
1W0P 
If any RELATED FACTORS-PERSON LEVEL equals 000, then only that one 
code and no other must be coded. 
1Y0P 
If RELATION TO JUNCTION (b) equals 06, then RAIL GRADE CROSSING 
IDENTIFIER must not equal 0000000. 
1Z0N 
SEQUENCE OF EVENTS for this vehicle should not include more than one 
occurrence of 01. Please see SEQUENCE OF EVENTS remarks for 01 
(Rollover/Overturn) to confirm coding. 
1Z1N 
SEQUENCE OF EVENTS for this vehicle should not equal 01, 67 
consecutively or 67, 01 consecutively. 
1Z1P 
If any SEQUENCE OF EVENTS equals 66, then ROADWAY GRADE should 
equal 6 for this vehicle. 
1Z2N 
The vehicle SEQUENCE OF EVENTS should not equal 01 immediately 
followed by 05. 
1Z2P 
If any SEQUENCE OF EVENTS equals 01 and vPIC BODY CLASS does not 
equal 006 (Motorcycle - Standard), 012 (Motorcycle - Scooter), 080 
(Motorcycle - Sport), 081 (Motorcycle - Touring/Sport Touring), 082 
(Motorcycle - Cruiser), 084 (Off-Road Vehicle - Dirt Bike/Off-Road), 085 
(Motorcycle - Dual Sport / Adventure / Supermoto / On/Off-road), 086 (Off-"
CRSS,2024,person.csv,ROLLOVER,candidate_feature,occupant_person,1144,"Appendix B: 2024 Consistency Checks 
B-423 
2024 FARS/CRSS Coding and Validation Manual 
Error ID 
Error Message 
Road Vehicle - Enduro (Off-road long-distance racing)), 087 (Motorcycle - 
Small/Minibike), 090 (Motorcycle - Side Car), 094 (Motorcycle - Custom), 098 
(Motorcycle - Street), 104 (Moped), 109 (Motorcycle - Cross Country), 110 
(Motorcycle - Underbone), 113 (Off-road Vehicle - Motorcross (Off-road short 
distance, closed track racing)), 114 (Motorcycle - Competition), or 125 
(Motorcycle - Unknown Body Type), or any RELATED FACTORS-VEHICLE 
LEVEL equals 030, then ROLLOVER must equal 3. 
1Z3N 
If vPIC Body Class equals 006 (Motorcycle - Standard), 012 (Motorcycle - 
Scooter), 080 (Motorcycle - Sport), 081 (Motorcycle - Touring/Sport Touring), 
082 (Motorcycle - Cruiser), 084 (Off-Road Vehicle - Dirt Bike/Off-Road), 085 
(Motorcycle - Dual Sport / Adventure / Supermoto / On/Off-road), 086 (Off-
Road Vehicle - Enduro (Off-road long-distance racing)), 087 (Motorcycle - 
Small/Minibike), 090 (Motorcycle - Side Car), 094 (Motorcycle - Custom), 098 
(Motorcycle - Street), 104 (Moped), 109 (Motorcycle - Cross Country), 110 
(Motorcycle - Underbone), 113 (Off-road Vehicle - Motorcross (Off-road short 
distance, closed track racing)), 114 (Motorcycle - Competition), or 125 
(Motorcycle - Unknown Body Type), then SEQUENCE OF EVENTS for this 
vehicle should not equal any of the collision events 08, 09, 10, 11, 12, 14, 15, 
17, 18, 19, 20, 21, 23, 24, 25, 26, 30, 31, 32, 33, 34, 35, 38, 39, 40, 41, 42, 43, 
45, 46, 48, 49, 50, 52, 53, 54, 55, 57, 58, 59, 73, 74, 91, 93, immediately 
followed by 01 or 05. 
1Z4N 
SEQUENCE OF EVENTS must not equal 63, 64, 71, 66, 67, or 69 more than 
once consecutively for this vehicle. 
1Z4P 
If all events in the SEQUENCE OF EVENTS for this vehicle equal 05, then 
EJECTION must not equal 1, 2, 3, 7, or 9. 
1Z5P 
If this vehicle is involved in more than one event and SEQUENCE OF 
EVENTS equals 05 for one of them, then EJECTION must not equal 1, 2, 3, 7, 
or 9 for every occupant in the vehicle. 
1Z6P 
If this vehicle is involved in more than one event and SEQUENCE OF 
EVENTS equals 05 for one of them, then EJECTION should not equal 1, 2, 3, 7, 
or 9 for some occupants and not others. (It's unlikely that one occupant would 
fall and another occupant would be ejected from the same vehicle.) 
1Z7P 
If SEQUENCE OF EVENTS equals 69 for this vehicle, then this vehicle's 
SEQUENCE OF EVENTS must include 63, 64, 71, or 79 in a prior event. 
1Z8P 
If the SEQUENCE OF EVENTS for this vehicle includes 46, then TRAFFIC 
CONTROL DEVICE should not equal 00. 
1Z9P 
This vehicle’s SEQUENCE OF EVENTS must only include 02, 03, or 04 once."
CRSS,2024,person.csv,ROLLOVER,candidate_feature,occupant_person,1167,"Appendix B: 2024 Consistency Checks 
B-446 
2024 FARS/CRSS Coding and Validation Manual 
Error ID 
Error Message 
550F 
If FIRST HARMFUL EVENT equals 08, then at least one person must have 
PERSON TYPE equal 05, 10. 
560F 
If FIRST HARMFUL EVENT equals 09, then at least one person must have 
PERSON TYPE equal to 06, 07. 
570F 
If FIRST HARMFUL EVENT equals 05, 06, then at least one PERSON TYPE 
equal to 01-03, 09 must have INJURY SEVERITY equal to 1-5, or blank. 
580F 
If FIRST HARMFUL EVENT equals 14, and RELATED FACTORS - 
PERSON (MV OCCUPANT) LEVEL does not equal 032, 089 for at least one 
occupant in the not in-transport motor vehicle involved in the FIRST 
HARMFUL EVENT, then RELATION TO TRAFFICWAY should not equal 
01. 
590F 
If FIRST HARMFUL EVENT equals 15, then at least one Person Level form 
must have a PERSON TYPE code of 08. 
5A0P 
If vPIC BODY CLASS equals 006 (Motorcycle - Standard), 012 (Motorcycle - 
Scooter), 080 (Motorcycle - Sport), 081 (Motorcycle - Touring/Sport Touring), 
082 (Motorcycle - Cruiser), 084 (Off-Road Vehicle - Dirt Bike/Off-Road), 085 
(Motorcycle - Dual Sport / Adventure / Supermoto / On/Off-road), 086 (Off-
Road Vehicle - Enduro (Off-road long-distance racing)), 087 (Motorcycle - 
Small/Minibike), 090 (Motorcycle - Side Car), 094 (Motorcycle - Custom), 098 
(Motorcycle - Street), 104 (Moped), 109 (Motorcycle - Cross Country), 110 
(Motorcycle - Underbone), 113 (Off-road Vehicle - Motorcross (Off-road short 
distance, closed track racing)), 114 (Motorcycle - Competition), or 125 
(Motorcycle - Unknown Body Type), and any RELATED FACTORS - 
VEHICLE LEVEL does not equal 030, then ROLLOVER must equal 8 and 
LOCATION OF ROLLOVER must equal 8. 
5AAP 
The Final STRATUM should equal the Original STRATUM. 
5B0Q 
If JACKKNIFE equals 0, then VEHICLE TRAILING must equal 0, 5, or 6. 
5D0P 
If SPECIAL USE equals 04, then vPIC BODY CLASS should equal 007 (Sport 
Utility Vehicle (SUV)/Multi-Purpose Vehicle (MPV)), 009 (Van), 011 (Truck), 
016 (Bus), 060 (Pickup), 066 (Truck-Tractor), 095 (Cargo Van), 119 (Sport 
Utility Truck (SUT)), 997 (Other (Specify:)), or 999 (Unknown), or FINAL 
STAGE BODY CLASS should equal 009 (Van), 011 (Truck), 016 (Bus), 060 
(Pickup), 066 (Truck-Tractor), 095 (Cargo Van), 119 (Sport Utility Truck 
(SUT)), 997 (Other (Specify:)), or 999 (Unknown). 
5F0F 
If NUMBER OF OCCUPANTS equals 00-98, and vPIC BODY CLASS does 
not equal 016 (Bus), 068 (Streetcar / Trolley), or 73 (Bus-School Bus), and 
FINAL STAGE BODY CLASS does not equal 016 (Bus), 068 (Streetcar / 
Trolley), or 73(Bus-School Bus), then the number of Person Level forms for that 
vehicle must be equal to the NUMBER OF OCCUPANTS."
CRSS,2024,person.csv,ROLLOVER,candidate_feature,occupant_person,1185,"Appendix B: 2024 Consistency Checks 
B-464 
2024 FARS/CRSS Coding and Validation Manual 
Error ID 
Error Message 
Unknown Body Type), for this vehicle, and any RELATED FACTORS - 
VEHICLE LEVEL does not equal 030, and RELATION TO TRAFFICWAY 
equals _____, then LOCATION OF ROLLOVER should equal _____ 
respectively. 
A390 
If FIRST HARMFUL EVENT equals 17, 19-21, 23-26, 30-35, 38-43, 52, 53, 
57, 58, 93, then RELATION TO TRAFFICWAY should not equal 01, 02, 05, 
07, 11. 
A3C0 
If FIRST HARMFUL EVENT equals 02-07, 16, 44, 51, 72, then CRASH TYPE 
must equal 00 for the vehicle involved in the FIRST HARMFUL EVENT. 
A3D0 
If FIRST HARMFUL EVENT equals 01-07, 16, 44, 51, 72, then CRASH TYPE 
must not equal 20-91. 
A3E0 
If CRASH TYPE equals 13, then FIRST HARMFUL EVENT must equal 08, 
09, 11, 15 or 49. 
A3G0 
If INTERSTATE HIGHWAY equals 1, RELATION TO JUNCTION (a) equals 
1, and RELATION TO JUNCTION (b) is not equal to 03 or 05 or 20, then 
TOTAL LANES IN ROADWAY should not equal 1 for at least one vehicle 
involved in the FIRST HARMFUL EVENT. 
A3H0 
If INTERSTATE HIGHWAY equals 1, RELATION TO JUNCTION (a) equals 
1, and RELATION TO JUNCTION (b) is not equal to 03 or 05 or 20, then 
TRAFFICWAY DESCRIPTION should not equal 4 for at least one vehicle 
involved in the FIRST HARMFUL EVENT. 
A3H1 
If INTERSTATE HIGHWAY equals 1, then TRAFFICWAY DESCRIPTION 
should equal 2, 3, 6, or 7 for at least one vehicle. 
A3H2 
If INTERSTATE HIGHWAY equals 1, and RELATION TO JUNCTION (a) 
equals 0, then TOTAL LANES IN ROADWAY should not equal 1 for any 
vehicle. 
A3H3 
If INTERSTATE HIGHWAY equals 1, and RELATION TO JUNCTION (a) 
equals 0, then SPEED LIMIT should not equal 05-40 for any vehicle. 
A3H4 
If INTERSTATE HIGHWAY equals 1, and RELATION TO JUNCTION (a) 
equals 0, then RELATION TO JUNCTION (b) should not equal 02-04, 06, 08, 
16. 
A3H5 
If INTERSTATE HIGHWAY equals 1, then FIRST HARMFUL EVENT 
should not equal 10. 
A3H6 
If INTERSTATE HIGHWAY equals 1, then SIDEWALK PRESENT should 
equal 0. 
A3I0 
If INTERSTATE HIGHWAY equals 1, then RELATION TO JUNCTION (b) 
should not equal 02, 04, 06, 08, or 16."
CRSS,2024,person.csv,ROLLOVER,candidate_feature,occupant_person,1231,"Appendix B: 2024 Consistency Checks 
B-510 
2024 FARS/CRSS Coding and Validation Manual 
Error ID 
Error Message 
V596 
If SPECIAL USE equals 23, then POWER UNIT GVWR_FROM and POWER 
UNIT GVWR_TO must be in 13-18, and vPIC BODY CLASS must equal 009 
(Van), 011 (Truck), 060 (Pickup), or 095 (Cargo Van), or FINAL STAGE 
BODY CLASS must equal 009 (Van), 011 (Truck), 060 (Pickup), or 095 (Cargo 
Van). 
V59P 
If VEHICLE CONFIGURATION equals 06, then vPIC BODY CLASS must 
equal 066 (Truck-Tractor), or FINAL STAGE BODY CLASS must equal 066 
(Truck-Tractor), and VEHICLE TRAILING must equal 1. 
V59Q 
If ATTEMPTED AVOIDANCE MANEUVER equals 99, then DRIVER 
MANEUVERED TO AVOID should equal 00, 98, or 99. 
V600 
If REGISTERED VEHICLE OWNER equals 9, then REGISTRATION STATE 
should equal 91 or 99. 
V60P 
If VEHICLE CONFIGURATION equals 07, then vPIC BODY CLASS must 
equal 066 (Truck-Tractor), or FINAL STAGE BODY CLASS must equal 066 
(Truck-Tractor), and VEHICLE TRAILING must equal 2. 
V61P 
If VEHICLE CONFIGURATION equals 08, then vPIC BODY CLASS must 
equal 066 (Truck-Tractor), or FINAL STAGE BODY CLASS must equal 066 
(Truck-Tractor), and VEHICLE TRAILING must equal 3. 
V620 
If CRASH MONTH is between January and March, then the VEHICLE 
MODEL YEAR should NOT be greater than the CRASH YEAR unless it equals 
9998 or 9999 (contact Coding Assistance through the CDAN Helpdesk). 
V62P 
If VEHICLE TRAILING equals 0 and CARGO BODY TYPE equals 01-08, 97, 
98, and VEHICLE IDENTIFICATION NUMBER does not equal 8s or 9s, then 
POWER UNIT GVWR_from and GVWR_to must equal 13, 14, 15, 16, 17, or 
18.  
V630 
If REGISTRATION STATE equals 00, 92, then REGISTERED VEHICLE 
OWNER should NOT equal 5. 
V65P 
If POWER UNIT GVWR equals 13, 14, 15, 16, 17, or 18, then VEHICLE 
CONFIGURATION must not equal 00 and CARGO BODY TYPE must not 
equal 00. 
V670 
If REGISTERED VEHICLE OWNER equals 1, 2, then REGISTRATION 
STATE should NOT equal 99. 
V68P 
If CARGO BODY TYPE equals 12, then VEHICLE TRAILING must equal 5. 
V74P 
If UNIT TYPE equals 1, and ROLLOVER equals 3, or LOCATION OF 
ROLLOVER equals 1-7, 9, then at least one SEQUENCE OF EVENTS must 
equal 01 for this vehicle. 
V75P 
If ROLLOVER is not blank, then LOCATION OF ROLLOVER must not be 
blank."
CRSS,2024,person.csv,ROLLOVER,candidate_feature,occupant_person,1232,"Appendix B: 2024 Consistency Checks 
B-511 
2024 FARS/CRSS Coding and Validation Manual 
Error ID 
Error Message 
V76P 
If ROLLOVER is blank, then LOCATION OF ROLLOVER must be blank. 
V77P 
If ROLLOVER equals 3, then LOCATION OF ROLLOVER must equal 1-7, 9. 
V78P 
If ROLLOVER equals 0, then LOCATION OF ROLLOVER must equal 0. 
V790 
If vPIC BODY CLASS equals 002 (Minivan), and HM1 equals 1, then 
VEHICLE CONFIGURATION should equal 00, and CARGO BODY TYPE 
should equal 00. 
V791 
If vPIC BODY CLASS equals 998 or 999 and POWER UNIT GVWR_From is 
equal to 98 or 99, AND POWER UNIT GVWR_To equals 98 or 99, then 
VEHICLE CONFIGURATION must equal 99 and CARGO BODY TYPE must 
equal 99. 
V800 
If vPIC BODY CLASS equals 009 (Van), or FINAL STAGE BODY CLASS 
009 (Van), then VEHICLE CONFIGURATION should equal 00, 04, 10, 20, 21, 
88, or 99, and CARGO BODY TYPE should equal 00, 01, 22, or 99. 
V810 
If vPIC BODY CLASS equals 060 (Pickup), or FINAL STAGE BODY CLASS 
equals 060 (Pickup), and POWER UNIT GVWR_From equals 13, 14, or 15, 
and POWER UNIT GVWR_To equals 13, 14, or 15, and VEHICLE TRAILING 
equals 1-4, then VEHICLE CONFIGURATION should equal 04, and CARGO 
BODY TYPE should equal 01, 03, 04, 09. 
V840 
If vPIC BODY CLASS equals 016 (Bus), 068 (Streetcar / Trolley), or 073 (Bus-
School Bus), or FINAL STAGE BODY CLASS equals 016 (Bus), 068 
(Streetcar / Trolley), or 073 (Bus-School Bus), and POWER UNIT GVWR 
From_ and GVWR_To equals 13-18, then VEHICLE CONFIGURATION 
should equal 21, and CARGO BODY TYPE should equal 22. 
V850 
If vPIC BODY CLASS equals 111 (Step Van / Walk-in Van), or FINAL 
STAGE BODY CLASS equals 111 (Step Van / Walk-in Van), and POWER 
UNIT GVWR From_ and GVWR_To equals 13-18, then VEHICLE 
CONFIGURATION should equal 01 or 04, and CARGO BODY TYPE should 
equal 01. 
V860 
If vPIC BODY CLASS equals 011 (Truck), 129 (Street Sweeper), or 130 (Fire 
Apparatus), or FINAL STAGE BODY CLASS equals 011 (Truck), 129 (Street 
Sweeper), or 130 (Fire Apparatus), then VEHICLE CONFIGURATION should 
equal 01, 02, 04, or 88, and CARGO BODY TYPE should equal 01-10, 12, or 
96-98. 
V870 
If vPIC BODY CLASS equals 108 (Motorhome), or FINAL STAGE BODY 
CLASS equals 108 (Motorhome), and POWER UNIT GVWR From_ and 
GVWR_To equals 13-18, then VEHICLE CONFIGURATION should equal 19, 
and CARGO BODY TYPE should equal 97. 
V880 
If vPIC BODY CLASS equals 066 (Truck-Tractor), or FINAL STAGE BODY 
CLASS equals 066 (Truck-Tractor), then VEHICLE CONFIGURATION"
CRSS,2024,person.csv,IMPACT1,candidate_feature,occupant_person,272,"Areas of Impact - Initial Contact Point / Damaged Areas 
V34 
262 
2024 FARS/CRSS Coding and Validation Manual 
V34. Areas of Impact—Initial Contact Point / Damaged Areas 
Format 
2 subfields: Subfield 1, 2 numeric; Subfield 2, Select All That Apply 
SAS Name 
Vehicle.IMPACT1, Person.IMPACT1, Parkwork.PIMPACT1, Damage.DAMAGE 
Element Values 
Subfield 1: Areas of Impact—Initial Contact Point 
Codes 
Attributes 
00 
Non-Collision 
01-12 
Clock Points 
13 
Top 
14 
Undercarriage 
61 
Left 
62 
Left - Front Side 
63 
Left - Back Side 
81 
Right 
82 
Right - Front Side 
83 
Right - Back Side 
18 
Cargo/Vehicle Parts Set in Motion  
19 
Other Objects or Person Set in Motion 
20 
Object Set in Motion, Unknown if Cargo/Vehicle Parts or Other 
98 
Not Reported 
99 
Reported as Unknown 
 
Subfield 2: Damaged Areas 
Codes 
Attributes 
01-12 
Clock Values 
13 
Top 
14 
Undercarriage 
15 
No Damage 
99 
Damage Areas Unknown"
CRSS,2024,person.csv,FIRE_EXP,candidate_feature,occupant_person,318,"Fire Occurrence 
V39 
308 
2024 FARS/CRSS Coding and Validation Manual 
V39. Fire Occurrence 
Format 
1 numeric 
SAS Name 
Vehicle.FIRE_EXP, Person.FIRE_EXP, Parkwork.PFIRE 
Element Values 
Codes 
Attributes 
0 
No or Not Reported 
1 
Yes 
Definition 
This element identifies whether or not a fire in any way related to the crash occurred in this 
vehicle. 
Remarks 
For the purposes of this element, “vehicle” is defined to mean the power unit plus any and all 
trailing units associated with the power unit. 
If it cannot be determined that a fire occurred in the vehicle during the crash, use 0 (No or Not 
Reported). 
1 (Yes) is used when the case materials indicate that this vehicle sustained fire damage. 
Chemical fires observed in electric vehicles may result in a delayed ignition or reignition.  
In a multi-vehicle crash where a fire occurs, only the vehicles sustaining fire damage should be 
coded as 1 (Yes). 
Fires that begin in a vehicle before the first impact may be counted. If fire damage is produced, 
02 (Fire/Explosion) would be the FIRST HARMFUL EVENT. 
If the MOST HARMFUL EVENT for this vehicle is 02 (Fire/Explosion), or a fire in the vehicle 
is produced by damage in the crash, use 1 (Yes). The involved vehicles may be at rest for a short 
period of time. 
If the vehicles are at rest long enough to raise a question about the fire’s relationship to the 
crash’s damage-producing events, use 0 (No or Not Reported)."
CRSS,2024,vehicle.csv,HARM_EV,candidate_feature,vehicle,103,"First Harmful Event 
C19 
93 
2024 FARS/CRSS Coding and Validation Manual 
C19. First Harmful Event 
Format 
2 numeric 
SAS Name 
Accident.HARM_EV, Vehicle.HARM_EV, Person.HARM_EV, Parkwork.PHARM_EV 
Element Values 
Non-Collision Harmful Events: 
Codes 
Attributes 
01 
Rollover/Overturn 
02 
Fire/Explosion 
03 
Immersion or Partial Immersion 
04 
Gas Inhalation 
51 
Jackknife (harmful to this vehicle) 
06 
Injured in Vehicle (Non-Collision) 
44 
Pavement Surface Irregularity (Ruts, Potholes, Grates, etc.) 
07 
Other Non-Collision 
16 
Thrown or Falling Object 
72 
Cargo/Equipment Loss, Shift, or Damage (harmful) 
05 
Fell/Jumped from Vehicle  
Collision With Motor Vehicle In-Transport: 
Codes 
Attributes 
12 
Motor Vehicle In-Transport  
54 
Motor Vehicle In-Transport Strikes or is Struck by Cargo, Persons, or Objects 
Set in Motion from/by Another Motor Vehicle In-Transport 
55 
Motor Vehicle in Motion Outside the Trafficway 
Collision With Object Not Fixed: 
Codes 
Attributes 
08 
Pedestrian 
09 
Pedalcyclist 
10 
Railway Vehicle 
74 
Road Vehicle on Rails 
11 
Live Animal"
CRSS,2024,vehicle.csv,MAN_COLL,candidate_feature,vehicle,117,"Manner of Collision of the First Harmful Event 
C20 
107 
2024 FARS/CRSS Coding and Validation Manual 
C20. Manner of Collision of the First Harmful Event 
Format 
2 numeric 
SAS Name 
Accident.MAN_COLL, Vehicle.MAN_COLL, Person.MAN_COLL, Parkwork.PMAN_COLL 
Element Values 
Codes 
Attributes 
00 
The First Harmful Event was Not a Collision with a Motor Vehicle In-Transport 
01 
Front-to-Rear 
02 
Front-to-Front 
06 
Angle 
07 
Sideswipe-Same Direction 
08 
Sideswipe-Opposite Direction 
09 
Rear-to-Side 
10 
Rear-to-Rear 
11 
Other 
98 
Not Reported 
99 
Reported as Unknown 
Definition 
This element identifies the orientation of two motor vehicles in-transport when they are involved 
in the FIRST HARMFUL EVENT of a collision crash. If the FIRST HARMFUL EVENT is not 
a collision between two motor vehicles in-transport, it is classified as such. 
Remarks 
00 (The First Harmful Event was Not a Collision with a Motor Vehicle In-Transport) is 
used when the FIRST HARMFUL EVENT is not an impact between two in-transport motor 
vehicles. 
01 (Front-to-Rear) is used when a collision occurs between the rear of one vehicle and the front 
of another vehicle. If this attribute is selected, the points of impact for the vehicles involved in 
the FIRST HARMFUL EVENT must be front to back.  
02 (Front-to-Front) is used when a collision occurs between the front end of one vehicle and the 
front end of another vehicle. If this attribute is selected, the points of impact for the vehicles 
involved in the FIRST HARMFUL EVENT must both be front."
CRSS,2024,vehicle.csv,TRAV_SP,candidate_feature,vehicle,264,"Travel Speed 
V30 
254 
2024 FARS/CRSS Coding and Validation Manual 
V30. Travel Speed 
Format 
3 numeric 
SAS Name 
Vehicle.TRAV_SP 
Element Values 
Codes 
Attributes 
000 
Stopped Motor Vehicle In-Transport 
001-151 
Reported Speed up to 151 mph 
997 
Greater Than 151 mph 
998 
Not Reported 
999 
Reported as Unknown 
Definition 
This element records the speed the vehicle was traveling prior to the occurrence of the crash as 
reported by the investigating officer. 
Remarks 
Code the TRAVEL SPEED as indicated by the investigating officer. Do not enter the SPEED 
LIMIT. It is permissible to use estimates by drivers or witnesses reported in the case materials if 
the speed reported is not contradictory to the officer’s reported travel speed. See clarification on 
the use of information provided by witnesses in section 102. Data Sources. TRAVEL SPEED 
should be representative of the vehicle’s speed associated with the pre-event movement prior to 
any avoidance maneuvers. If the police calculated a speed, please be aware that this may 
represent the impact speed that is not necessarily the travel speed. 
Code the nearest mph for this vehicle as reported on the case materials. 
Examples: 
Reported Speed 
Code 
40.2 mph 
40 
40.5 mph 
41 
 
If the officer gives a range, code the median speed and, if necessary, round up to the next higher 
whole number. If the officer gives a minimum speed (e.g., “at least 55 mph” or “in excess of 60 
mph,”) then use that speed (e.g., code as 55 and 60, respectively)."
CRSS,2024,vehicle.csv,ROLLOVER,candidate_feature,vehicle,6,"iv 
2024 FARS/CRSS Coding and Validation Manual 
V16. NCSA Body Type .......................................................................................................... 202 
V17. Final Stage Body Class .................................................................................................. 216 
V18. Power Unit Gross Vehicle Weight Rating ..................................................................... 218 
V19. Vehicle Trailing ............................................................................................................. 220 
V20. Trailer Vehicle Identification Number ........................................................................... 222 
V21. Trailer Gross Vehicle Weight Rating ............................................................................ 225 
V22. Jackknife ........................................................................................................................ 227 
V23. Motor Carrier Identification Number ............................................................................. 229 
V24. Vehicle Configuration .................................................................................................... 233 
V25. Cargo Body Type ........................................................................................................... 236 
V26. Hazardous Material Involvement / Placard .................................................................... 239 
V27. Bus Use .......................................................................................................................... 244 
V28. Special Use ..................................................................................................................... 247 
V29. Emergency Motor Vehicle Use ...................................................................................... 251 
V30. Travel Speed .................................................................................................................. 254 
V31. Vehicle Underride/Override ........................................................................................... 256 
V32. Rollover .......................................................................................................................... 259 
V33. Location of Rollover ...................................................................................................... 260 
V34. Areas of Impact—Initial Contact Point / Damaged Areas ............................................. 262 
V35. Extent of Damage .......................................................................................................... 271 
V36. Vehicle Towed ............................................................................................................... 273 
V37. Sequence of Events ........................................................................................................ 275 
V38. Most Harmful Event ...................................................................................................... 293 
V39. Fire Occurrence .............................................................................................................. 308 
V40. Motor Vehicle Automated Driving System(s) ............................................................... 310 
V41. Related Factors—Vehicle Level .................................................................................... 315 
Driver Level Data Elements ..................................................................................................... 318 
D3. Vehicle Number—Driver Level ...................................................................................... 319 
D4. Driver Presence ................................................................................................................ 320 
D5. Driver’s License State—FARS Only ............................................................................... 322 
D6. Driver’s ZIP Code ............................................................................................................ 325 
D7. Non-CDL License Type / Status—FARS Only ............................................................... 327 
D8. Commercial Motor Vehicle License Status—FARS Only .............................................. 334 
D9. Compliance With CDL Endorsements—FARS Only ...................................................... 336 
D10. License Compliance with Class of Vehicle—FARS Only ............................................ 339 
D11. Compliance with License Restrictions—FARS Only .................................................... 342 
D12. Driver Height—FARS Only .......................................................................................... 344 
D13. Driver Weight—FARS Only ......................................................................................... 345 
D14, D15, D16, D17, D18. Driver Level Counters—FARS Only ......................................... 346 
D19, D20. Date of Oldest and Most Recent Crash, Suspension, Conviction—FARS Only .. 349 
D21. Citations Issued .............................................................................................................. 351 
D22. Speeding Related ........................................................................................................... 356 
D23/NM17. Condition (Impairment) at Time of Crash .......................................................... 358 
D24. Related Factors—Driver Level ...................................................................................... 361"
CRSS,2024,vehicle.csv,ROLLOVER,candidate_feature,vehicle,29,"2024 FARS/CRSS Element Definitions 
19 
2024 FARS/CRSS Coding and Validation Manual 
2024 
Element 
ID 
Element Name 
FARS, CRSS, 
Case 
Structure 
Definition 
V31 
Vehicle 
Underride/Override 
FARS, CRSS 
This element indicates whether this 
vehicle experienced an underride or 
override with another vehicle during 
the crash. 
 V32 
Rollover 
FARS, CRSS 
This element identifies whether a 
rollover or overturn occurred during 
the crash involving this vehicle. 
V33 
Location of Rollover 
FARS, CRSS 
This element identifies the location 
of the trip point or start of the 
vehicle’s roll. 
V34 (1) 
Areas of Impact—Initial 
Contact Point 
FARS, CRSS 
This subfield identifies the area on 
this vehicle that produced the first 
instance of injury to non-motorists 
or occupants of this vehicle, or that 
resulted in the first instance of 
damage to other property or to this 
vehicle. 
V34 (2) 
Areas of Impact—
Damaged Areas 
FARS, CRSS 
This subfield identifies all the areas 
on this vehicle that were damaged in 
the crash as reflected in the case 
materials. 
V35 
Extent of Damage 
FARS, CRSS 
This element indicates the amount of 
damage sustained by this vehicle in 
this crash as indicated in the case 
materials based on an operational 
damage scale. 
V36 
Vehicle Towed 
FARS, CRSS 
This data element identifies whether 
the vehicle was towed from the 
scene of the crash. 
V37 
Sequence of Events 
FARS, CRSS 
The events in sequence related to 
this motor vehicle regardless of 
injury and/or property damage. Code 
each event for this vehicle in the 
order in which they occur, timewise, 
from the police crash report 
narrative and diagram. 
V38 
Most Harmful Event 
FARS, CRSS 
This element identifies the event that 
resulted in the most severe injury or, 
if no injury, the greatest property"
CRSS,2024,vehicle.csv,ROLLOVER,candidate_feature,vehicle,99,"Crash Events 
C18 
89 
2024 FARS/CRSS Coding and Validation Manual 
Codes 
Attributes 
67 
Vehicle Went Airborne 
69 
Re-entering Roadway 
70 
Non-harmful, Swaying Trailer/Jackknife 
60 
Cargo/Equipment Loss or Shift (non-harmful) 
Non-Collision Harmful Events: 
Codes 
Attributes 
01 
Rollover/Overturn 
02 
Fire/Explosion 
03 
Immersion or Partial Immersion 
04 
Gas Inhalation 
51 
Jackknife (harmful to this vehicle) 
06 
Injured in Vehicle (Non-Collision) 
44 
Pavement Surface Irregularity (Ruts, Potholes, Grates, etc.) 
07 
Other Non-Collision 
72 
Cargo/Equipment Loss, Shift, or Damage (harmful) 
16 
Thrown or Falling Object 
05 
Fell/Jumped from Vehicle  
Collision With Motor Vehicle In-Transport: 
Codes 
Attributes 
12 
Motor Vehicle In-Transport 
54 
Motor Vehicle In-Transport Strikes or is Struck by Cargo, Persons, or Objects 
Set in Motion from/by Another Motor Vehicle In-Transport 
55 
Motor Vehicle in Motion Outside the Trafficway 
Collision With Object Not Fixed: 
Codes 
Attributes 
08 
Pedestrian 
09 
Pedalcyclist 
10 
Railway Vehicle 
74 
Road Vehicle on Rails 
11 
Live Animal 
49 
Ridden Animal or Animal-Drawn Conveyance 
18 
Other Object (Not Fixed) 
15 
Non-Motorist on Personal Conveyance 
14 
Parked Motor Vehicle"
CRSS,2024,vehicle.csv,ROLLOVER,candidate_feature,vehicle,103,"First Harmful Event 
C19 
93 
2024 FARS/CRSS Coding and Validation Manual 
C19. First Harmful Event 
Format 
2 numeric 
SAS Name 
Accident.HARM_EV, Vehicle.HARM_EV, Person.HARM_EV, Parkwork.PHARM_EV 
Element Values 
Non-Collision Harmful Events: 
Codes 
Attributes 
01 
Rollover/Overturn 
02 
Fire/Explosion 
03 
Immersion or Partial Immersion 
04 
Gas Inhalation 
51 
Jackknife (harmful to this vehicle) 
06 
Injured in Vehicle (Non-Collision) 
44 
Pavement Surface Irregularity (Ruts, Potholes, Grates, etc.) 
07 
Other Non-Collision 
16 
Thrown or Falling Object 
72 
Cargo/Equipment Loss, Shift, or Damage (harmful) 
05 
Fell/Jumped from Vehicle  
Collision With Motor Vehicle In-Transport: 
Codes 
Attributes 
12 
Motor Vehicle In-Transport  
54 
Motor Vehicle In-Transport Strikes or is Struck by Cargo, Persons, or Objects 
Set in Motion from/by Another Motor Vehicle In-Transport 
55 
Motor Vehicle in Motion Outside the Trafficway 
Collision With Object Not Fixed: 
Codes 
Attributes 
08 
Pedestrian 
09 
Pedalcyclist 
10 
Railway Vehicle 
74 
Road Vehicle on Rails 
11 
Live Animal"
CRSS,2024,vehicle.csv,ROLLOVER,candidate_feature,vehicle,106,"First Harmful Event 
C19 
96 
2024 FARS/CRSS Coding and Validation Manual 
Non-Collision Harmful Events 
Non-Collision events involving motorcycles and vehicles with a “load”: 
Non-Collision events may occur before or after a collision event. They should not be coded as a 
separate event if they occur as part of a collision event. 
Examples:  
• A motorcycle strikes a deer, overturns, and the rider becomes separated from the vehicle. 
Code the collision event, not the non-collision “Rollover/Overturn” and “Fell/Jumped 
from Vehicle” that occur as part of the collision event. 
• One tractor/trailer rear-ends another tractor/trailer. The impact pushes the lead vehicle’s 
load into the back of the tractor cab with part falling onto the roadway. Code the collision 
event, not the non-collision “cargo-loss or shift” that occurred as part of the collision 
event. 
01 (Rollover/Overturn) is used when a motor vehicle rotates (rollover) at least one quarter turn 
onto its side or end. For motorcycles, laying the motorcycle down on its side is sufficient to code 
01 (Rollover/Overturn) as a harmful event if damage or injury is produced, even though the 
data element ROLLOVER is not applicable to motorcycles. 
If there is a 01 (Rollover/Overturn) that begins in another location but involves a ditch or 
embankment in the case (e.g., “rolled through the ditch,” “rolled down the embankment,” “came 
to rest against the embankment”), then the rule applies where if there is no damage associated 
with an impact with the fixed object during the rollover, it is not included in the Crash Events. If 
there is indication that damage resulted from an impact with the fixed object, it is included in the 
Crash Events. This follows the same logic as striking a tree or another vehicle during an 
overturn. 
Note: For vehicles with attached trailing unit(s) by fixed or non-fixed linkage, when either the 
power unit or the trailing unit(s) rolls over, the entire vehicle will be considered a rollover. This 
applies to all motor vehicles with any type of trailing unit(s). If a motorcycle is pulling a trailing 
unit that overturns, the motorcycle should have 01 (Rollover/Overturn) in its Crash Events. 
However, since the power unit is a motorcycle, the element ROLLOVER still does NOT apply. 
02 (Fire/Explosion) is used for a vehicle fire or explosion that occurs during the crash sequence 
or as a result of the crash. 
As it pertains to the occurrence of 02 (Fire/Explosion), the crash circumstances are not 
considered stabilized until the threat of damage to this vehicle, or injury consequences to this 
vehicle’s occupants, has ceased. Therefore, the crash sequence is not considered stabilized until 
all occupants have exited the vehicle and the scene has been declared safe by police or other 
authority. Fires that occur at a later time to vehicles abandoned at the scene (in open fields, on 
hillsides, etc.) or to vehicles removed from the scene to another location (tow yard, curbside, 
etc.) are not considered part of the crash sequence. 
03 (Immersion or Partial Immersion) is used when an in-transport motor vehicle enters a body 
of water and results in injury or damage. This code would also be used if the vehicle came to rest"
CRSS,2024,vehicle.csv,ROLLOVER,candidate_feature,vehicle,113,"First Harmful Event 
C19 
103 
2024 FARS/CRSS Coding and Validation Manual 
crash (i.e., they are associated with an impact that produces injury or damage). When coding 
these events there must be fields on the police crash report or verbiage in the narrative such as 
“struck,” “hit,” “impacted,” etc., that identify these as harmful. 
For cases where the indication of the harmful event came from the narrative, there may not be a 
corresponding indication of damage in any police crash report field. In these instances, code the 
harmful event as stated in the narrative and include the corresponding attribute under AREAS 
OF IMPACT. 
If there is no indication of damage from contact with the fixed object in fields on the police crash 
report and the narrative language does not identify it as a harmful event (e.g., “came to rest on 
the embankment,” “drove through” or “drove across” the ditch and/or the embankment, or 
“drove over” the curb), do not code 33 (Curb), 34 (Ditch), or 35 (Embankment) in the 
SEQUENCE OF EVENTS. 
17 (Boulder) is a rock of sufficient mass that when struck by a motor vehicle moves very little 
and remains basically intact. It may be considered as a fixed object. 
19 (Building) is used when the vehicle impacts a roofed and walled structure built for permanent 
use. The type of construction material used is not of interest, nor is the use of the building. 
58 (Ground) is used when the impact is with an earthen or paved surface off the roadway. 58 
(Ground) is not to be entered when the harmful event is 01 (Rollover/Overturn). 
Indication of furrowing, gouging, or digging in of the tires/wheels is not sufficient to code the 
collision event 58 (Ground). For example, if the police crash report narrative states, “The 
truck’s tires dug into the turf causing the vehicle to roll over,” the harmful event should be 01 
(Rollover/Overturn). 
20 (Impact Attenuator/Crash Cushion) is a device for controlling the absorption of energy 
released during vehicle collision (crash cushion). Its most common application involves the 
protection of fixed roadside objects such as bridge piers, elevated gores at exit ramps, etc. 
Examples include barrels filled with water or sand, and plastic collapsible structures. 
50 (Bridge Overhead Structure) is used when striking the bottom of a bridge while traveling 
underneath it. See Figure 21 for a diagram of bridge components. 
21 (Bridge Pier or Support) is a square or round column of stone, concrete, brick, steel, or 
wood for supporting a bridge between abutments. This attribute includes the bridge abutments 
that are supporting the ends of a bridge. Abutments are generally designed for retaining or 
supporting the embankment under bridge ends and composed of stone, concrete, brick, or wood 
(includes the wingwalls). See Figure 21 for a diagram of bridge components. 
23 (Bridge Rail [Includes Parapet]) is a wooden, brick, stone, concrete, or metal fence-like 
structure that runs along the outer most edge of the roadway or sidewalk on the bridge or a rail 
constructed along the top of a parapet. Balustrade is often used synonymously with parapet. See 
Figure 21 for a diagram of bridge components. 
• Bridges do not need to support another roadway. It may be an overpass for a train or even 
for a viaduct (water conduit)."
CRSS,2024,vehicle.csv,ROLLOVER,candidate_feature,vehicle,133,"Relation to Trafficway 
C23 
123 
2024 FARS/CRSS Coding and Validation Manual 
object contacted (e.g., 04 (On Roadside), 03 (On Median), 12 (Pedestrian Refuge 
Island or Traffic Island)), regardless of the location of the entire vehicle.  
• Non-fixed object collisions (e.g., striking a vehicle on the shoulder or a pedestrian on the 
sidewalk) when the striking vehicle is overlapping two locations (e.g., roadway and 
shoulder) are coded with respect to the object contacted, regardless of the location of the 
entire vehicle.  
For rollover/overturn crashes when the vehicle is overlapping two locations (e.g., roadway and 
shoulder), use the LAST area the vehicle entered as the location for Relation to Trafficway. For 
example, 04 (On Roadside) would be correct for a case where the documentation identifies a 
vehicle runs off the roadway, partially through the shoulder, and the front wheels enter the 
roadside grass resulting in an overturn.  
Default rules for the location of ditches, culverts, embankments, and fences:  
1. Unless there is clear reason to believe otherwise in the case materials, ditches, culverts, 
and embankments are design features common to trafficways. Therefore, if included as 
the FHE the appropriate RELATION TO TRAFFICWAY is 04 (On Roadside).  
2. All fences are considered 05 (Outside Trafficway) unless the case materials specifically 
identify the fence is within the trafficway property lines (e.g., a snow fence in the 
median, or fence identified as government property delineating the right-of-way and/or 
property line).  
01 (On Roadway)—The roadway is that part of a trafficway designed, improved, and ordinarily 
used for motor vehicle travel or, where various classes of motor vehicles are segregated, that part 
of a trafficway used by a particular class. Separate roadways may be provided for northbound 
and southbound traffic or for trucks and automobiles. Roadway may be noted as the “travel 
lanes” and, if present, includes the area between the painted “fog lines.” Additionally, a driveway 
access area is considered part of the roadway of the trafficway to which it connects. This 
attribute may also be used for cases involving a parked vehicle opening a door into moving 
traffic, extended mirrors into the travel lane. If a bike lane is immediately adjacent to the 
curb/edge of the road, code 04 (On Roadside). If the bike lane is between lanes of travel or a 
lane and the parking lane, code 01 (On Roadway). When the FIRST HARMFUL EVENT 
occurs in an 11 (Continuous Left-Turn Lane), this attribute takes precedence over 01 (On 
Roadway). 
02 (On Shoulder) (if present) is that part of a trafficway contiguous with the roadway for 
emergency use, for accommodation of stopped vehicles, and for lateral support of the roadway 
structure. A shoulder should be improved or maintained for these purposes. Not all roadways 
have shoulders. 
03 (On Median) is defined as that area of a divided trafficway between parallel roads separating 
travel in opposite directions. The principal functions of a median are to provide the desired 
freedom from interference of opposing traffic, to provide a recovery area for out-of-control 
vehicles, to provide a stopping area in case of emergencies, and to minimize headlight glare. 
Medians may be depressed, raised, or flush. Flush medians can be as little as 4 feet wide between 
roadway edge lines. Painted roadway edge lines 4 or more feet wide denote medians. Medians of 
lesser width must have a barrier to be considered a median. Continuous left-turn lanes are not 
considered medians (see 11 (Continuous Left-Turn Lane))."
CRSS,2024,vehicle.csv,ROLLOVER,candidate_feature,vehicle,171,"Vehicle Level Data Elements 
 
161 
2024 FARS/CRSS Coding and Validation Manual 
Vehicle Level Data Elements 
V1. State Number—FARS Only 
V2. Consecutive Number—FARS Only 
V3. Vehicle Number—Vehicle Level 
V4. Number of Occupants 
V5. Unit Type 
V6. Hit-and-Run 
V7. Registration State—FARS Only 
V8. Registered Vehicle Owner—FARS 
Only 
vPIC Make / vPIC Model / vPIC Body Class 
Overview 
V9. Vehicle Identification Number 
V10. Vehicle Model Year 
V11. vPIC Make 
V12. vPIC Model 
V13. vPIC Body Class 
V14. NCSA Make 
V15. NCSA Model 
V16. NCSA Body Type 
V17. Final Stage Body Class 
V18. Power Unit Gross Vehicle Weight 
Rating 
V19. Vehicle Trailing 
V20. Trailer Vehicle Identification Number 
V21. Trailer Gross Vehicle Weight Rating 
V22. Jackknife 
V23. Motor Carrier Identification Number 
V24. Vehicle Configuration 
V25. Cargo Body Type 
V26. Hazardous Materials Involvement / 
Placard 
V27. Bus Use 
V28. Special Use 
V29. Emergency Motor Vehicle Use 
V30. Travel Speed 
V31. Vehicle Underride/Override 
V32. Rollover 
V33. Location of Rollover 
V34. Areas of Impact—Initial Contact Point 
/ Damaged Areas 
V35. Extent of Damage 
V36. Vehicle Towed 
V37. Sequence of Events 
V38. Most Harmful Event 
V39. Fire Occurrence 
V40. Motor Vehicle Automated Driving 
System(s) 
V41. Related Factors—Vehicle Level"
CRSS,2024,vehicle.csv,ROLLOVER,candidate_feature,vehicle,202,"vPIC Body Class 
V13 
192 
2024 FARS/CRSS Coding and Validation Manual 
designed to travel on four or more wheels. They are distinguished from ATVs by the presence 
of a steering wheel instead of a handlebar for steering, bench or bucket seats for the driver and 
passenger(s) instead of straddle seating, and foot controls for throttle and braking instead of 
levers located on the handlebar. In addition, ROVs have a rollover protective system (ROPS) 
and restraint systems. MOHUVs can have maximum speeds between 25 mph and 50 mph and 
ROVs have a maximum speed greater than 30 mph. MOHUVs with maximum speeds in excess 
of 30 mph meet the definition of an ROV. 
108 (Motorhome) is used when it is known the vehicle is a motor home. This includes light 
vehicle-based motor homes (chassis mounted), medium/heavy vehicle-based motor homes, and 
campers or motor homes with unknown GVWR. 
109 (Motorcycle - Cross Country) Cross-country motorcycles are used for cross-country 
racing. 
110 (Motorcycle - Underbone) is a motorcycle that uses structural tube framing with an overlay 
of plastic or non-structural body panels and contrasts with monocoque or unibody designs where 
pressed steel serves both as the vehicle's structure and bodywork. 
111 (Step Van / Walk-in Van) refers to a multi-stop delivery vehicle. Examples are the 
Grumman LLV used by the U.S. Postal Service or the Aeromate manufactured by Utilimaster 
Motor Corporation. 
113 (Off-road Vehicle - Motocross (Off-road short-distance, closed track racing)) Motocross 
is a form of off-road motorcycle racing held on enclosed off-road circuits. 
114 (Motorcycle - Competition) the classification simply designates these motorcycles as being 
used in some sort of racing or competition. 
117 (Limousine) A limousine is a luxury vehicle typically driven by a chauffeur with a partition 
between the driver’s compartment and the passenger’s compartment. Stretch limos, limo buses 
(also known as party buses), sedan limos, SUV limos, convertible limos, and all other types of 
limos would also be coded as 117 (Limousine).  
119 (Sport Utility Truck (SUT)) General Motors labels several of its vehicles as SUTs. These 
vehicles include Cadillac Escalade, Chevrolet Avalanche, Hummer Pickup Truck. The common 
features of these vehicles are that they are pickup truck-based sport utility vehicles with four 
doors and pickup truck beds. 
124 (Off-road Vehicle - Golf Cart) is a motor vehicle that is designed and manufactured for 
operation on a golf course for sporting or recreational purposes. Golf carts or golf cars are 
different from code 004 (Low speed vehicle (LSV)/Neighborhood Electric Vehicle (NEV)) in 
that if they are manufactured to go less than 20 mph, they are not subject to the Federal Motor 
Vehicle Safety Standard (FMVSS) 500. Thus, golf carts will not have a 17-digit VIN. Golf carts 
will have a nonstandard serial number that may be reported in the case materials. Also, typically 
golf carts will not have safety features required of LSVs/NEVs under the FMVSS like safety 
belts, headlights, turn signal and tail lamps, rearview mirrors, etc., but may if made to be street 
legal. 
125 (Motorcycle - Unknown Body Class) Use this code if you are unable to determine the 
specific type of Motorcycle (i.e., one of the other motorcycle attributes)."
CRSS,2024,vehicle.csv,ROLLOVER,candidate_feature,vehicle,224,"NCSA Body Type 
V16 
214 
2024 FARS/CRSS Coding and Validation Manual 
• Reflex reflectors,  
• Parking brake,  
• Rearview mirrors  
• Windshield  
• Safety belts  
• 17-character VIN 
95 (Golf Cart) is a motor vehicle that is designed and manufactured for operation on a golf 
course for sporting or recreational purposes. Golf carts or golf cars are different from code 94 
(Low speed vehicle (LSV)/ Neighborhood Electric Vehicle (NEV)) in that if they are 
manufactured to go less than 20 mph, they are not subject to the Federal Motor Vehicle Safety 
Standard (FMVSS) 500. As a result, golf carts will not have a 17-digit VIN. Golf carts will have 
a nonstandard serial number that may be reported in the case materials. Also, typically golf carts 
will not have safety features required of LSVs/NEVs under the FMVSS like safety belts, 
headlights, turn signal and tail lamps, rearview mirrors, etc.  
96 (Multipurpose Off-Highway Utility Vehicles [MOHUV] or Recreational Off-Highway 
Vehicle [ROV]) MOHUVs and ROVs are intended to be used on terrain similar to that on which 
all-terrain vehicles (ATVs) are used. MOHUVs and ROVs are designed to travel on four or 
more wheels. They are distinguished from ATVs by the presence of a steering wheel instead of a 
handlebar for steering, bench or bucket seats for the driver and passenger(s) instead of straddle 
seating, and foot controls for throttle and braking instead of levers located on the handlebar. In 
addition, ROVs have a rollover protective system (ROPS) and restraint systems. MOHUVs can 
have maximum speeds between 25 mph and 50 mph and ROVs have a maximum speed greater 
than 30 mph. MOHUVs with maximum speeds in excess of 30 mph meet the definition of an 
ROV. 
97 (Other Vehicle Type) is used when the motorized vehicle in question does not qualify for 93 
(Construction equipment other than trucks), 92 (Farm equipment other than trucks), or 91 
(Snowmobile). Examples of Other Vehicle Types are forklifts, city street sweepers, go-karts, 
“kit” cars, riding lawn mowers, etc. 
Not Reported and Unknown Body Types 
98 (Not Reported) Code Not Reported only when NCSA MAKE, NCSA MODEL, NCSA 
BODY TYPE, and VEHICLE MODEL YEAR are ALL Not Reported. If you have partial 
information, see 99 (Unknown Body Type). 
If a State’s crash report manual instructs to leave blank data blocks that are not applicable, then a 
blank in those data blocks is NOT considered “Not Reported.” 
Code 98 (Not Reported) in these two situations. 
1. No field or coding block exists on the State’s crash report to provide the information to 
code this element, AND no other information is available to code the element (e.g., 
narrative, diagram, case materials).  
2. A field or coding block exists on the State’s crash report that would provide the 
information needed to code this element, but it has been left blank, OR a code has been 
selected on the State’s crash report that does not map to any FARS/CRSS attribute, AND"
CRSS,2024,vehicle.csv,ROLLOVER,candidate_feature,vehicle,269,"Rollover 
V32 
259 
2024 FARS/CRSS Coding and Validation Manual 
V32. Rollover 
Format 
1 numeric 
SAS Name 
Vehicle.ROLLOVER, Person.ROLLOVER 
Element Values 
Codes 
Attributes 
0 
No Rollover 
3 
Rollover 
8 
Not Applicable 
Definition 
This element identifies whether a rollover or overturn occurred during the crash involving this 
vehicle. 
Remarks 
ROLLOVER is defined as any vehicle rotation of 90° or more along any true longitudinal or 
lateral axis. Rollover can also be referred to as overturn or end-over and can occur at any time 
during this vehicle’s SEQUENCE OF EVENTS. This data element is derived from the vehicle’s 
SEQUENCE OF EVENTS. 
ROLLOVER does not apply to two-wheeled motorcycles for this element (derived to 8 (Not 
Applicable)). However, in the FIRST HARMFUL EVENT, MOST HARMFUL EVENT, and 
SEQUENCE OF EVENTS you may use 01 (Rollover/ Overturn) to record that a two-wheeled 
motorcycle overturned. If a motorcycle is pulling a trailing unit that overturns, the motorcycle 
should have 01 (Rollover/Overturn) in its Crash Events. However, since the power unit is a 
motorcycle, the element ROLLOVER still does NOT apply. 
A ROLLOVER can be used for three- or four-wheeled ATVs, snowmobiles, go-karts, and three-
wheeled motorcycles. 
0 (No Rollover) is used when there is no 01 (Rollover/Overturn) event in this vehicle’s 
SEQUENCE OF EVENTS. 
3 (Rollover) is used when a 01 (Rollover/Overturn) event is in this vehicle’s SEQUENCE OF 
EVENTS. This indicates that a motor vehicle other than a two-wheeled motorcycle rotated at 
least one quarter turn onto its side or end.  
8 (Not Applicable) is used when the vehicle is a two-wheeled motorcycle. This attribute is an 
auto-fill in RBIS.  
For Consistency Checks see Understanding and Managing Consistency Checks and Rollover."
CRSS,2024,vehicle.csv,ROLLOVER,candidate_feature,vehicle,270,"Location of Rollover 
V33 
260 
2024 FARS/CRSS Coding and Validation Manual 
V33. Location of Rollover 
Format 
1 numeric 
SAS Name 
Vehicle.ROLINLOC 
Element Values 
Codes 
Attributes 
0 
No Rollover 
1 
On Roadway 
2 
On Shoulder 
3 
On Median/Separator 
4 
In Gore 
5 
On Roadside 
6 
Outside of Trafficway 
7 
In Parking Lane/Zone 
8 
Not Applicable 
9 
Unknown 
Definition 
This element identifies the location of the trip point or start of the vehicle’s roll. 
Remarks 
1 (On Roadway) is used when the available information indicates the vehicle tripped or began 
its roll on the roadway. A roadway is that part of a trafficway designed, improved, and ordinarily 
used for motor vehicle travel. Where various classes of motor vehicles are segregated, that part 
of a trafficway used by a particular class is the roadway (i.e., travel lanes). Separate roadways 
may be provided for northbound and southbound traffic or for trucks and automobiles. This 
includes continuous left-turn lanes. 
2 (On Shoulder) is used when the available information indicates the vehicle tripped or began 
its roll on the shoulder. A shoulder is that part of a trafficway contiguous with the roadway for 
emergency use, for accommodation of stopped road vehicles, and for lateral support of the 
roadway structure. 
3 (On Median/Separator) is used when the available information indicates the vehicle tripped 
or began its roll on the median/separator. A median is an area of a trafficway between parallel 
roads separating travel in opposite directions. Continuous left-turn lanes are not considered"
CRSS,2024,vehicle.csv,ROLLOVER,candidate_feature,vehicle,271,"Location of Rollover 
V33 
261 
2024 FARS/CRSS Coding and Validation Manual 
painted medians. A separator is the area of a trafficway between parallel roads separating travel 
in the same direction or separating a frontage road. 
4 (In Gore) is used when the available information indicates the vehicle tripped or began its roll 
in the gore. The gore is an area of land where two roadways diverge or converge. The area is 
bounded on two sides by the edges of the roadways, which join at the point of divergence or 
convergence. The direction of traffic must be the same on both of these roadways. The area 
includes shoulders or marked pavement, if any, between the roadways. (See Figure 12.)  
5 (On Roadside) is used when the available information indicates the vehicle tripped or began 
its roll on the roadside. Roadside is the outermost part of the trafficway from the property line or 
other boundary into the edge of the first road. 
6 (Outside of Trafficway) is used when the available information indicates the vehicle tripped 
or began its roll outside the right-of-way. 
7 (In Parking Lane/Zone) refers to an area on the roadway, or next to the roadway, on which 
parking is permitted in marked or unmarked spaces. This includes curbside and edge of-roadway 
parking (for example, legal residential parking, city-street parking, etc.). Sometimes a strip of 
roadway can be designated for parking at certain hours of the day (parking lane) and for regular 
travel at other hours (travel lane). This code should NOT be used during hours when parking is 
NOT permitted (see 1 (On Roadway)). 
8 (Not Applicable) is used when the vehicle is a two-wheeled motorcycle.  
9 (Unknown) is used when the location of the trip point cannot be determined from available 
resources. 
If the FIRST HARMFUL EVENT was a 01 (Rollover/Overturn), then: 
If Relation to Trafficway equals: 
Then Location of Rollover should equal: 
01 (On Roadway) 
1 (On Roadway) 
02 (On Shoulder) 
2 (On Shoulder) 
03 (On Median) 
3 (On Median/Separator) 
04 (On Roadside) 
5 (On Roadside) 
05 (Outside Trafficway) 
6 (Outside of Trafficway) 
06 (Off Roadway - Location Unknown) 
9 (Unknown) 
07 (In Parking Lane/Zone) 
7 (In Parking Lane/Zone) 
08 (Gore) 
4 (In Gore) 
10 (Separator) 
3 (On Median/Separator) 
11 (Continuous Left-Turn Lane) 
1 (On Roadway) 
12 (Pedestrian Refuge Island or Traffic 
Island) 
5 (On Roadside) 
98 (Not Reported) 
9 (Unknown) 
99 (Reported as Unknown) 
9 (Unknown) 
For Consistency Checks see Understanding and Managing Consistency Checks and Location 
of Rollover."
CRSS,2024,vehicle.csv,ROLLOVER,candidate_feature,vehicle,279,"Areas of Impact - Initial Contact Point / Damaged Areas 
V34 
269 
2024 FARS/CRSS Coding and Validation Manual 
14 (Undercarriage) includes damage to the tires/wheels, axles, exhaust system, etc. 
15 (No Damage) is used for vehicles that experience harmful events, but the events do not 
produce physical damage to the vehicle itself. 
Examples include: 
• Vehicles that have the non-collision harmful events of gas inhalation, injured in vehicle, 
fell/jumped from vehicle, or other non-collision. 
• Vehicles that have a collision event but the event does not produce damage to the vehicle 
such as running over a pedestrian lying in the roadway, striking a bicyclist, striking 
another vehicle where only the struck vehicle is damaged, or when the only collision 
event is cargo falling from this vehicle that lands on another vehicle or person. 
99 (Damage Areas Unknown) is used when the case materials do not indicate which area or 
areas received damage or when the information in the case materials is confusing or inadequate 
for the purposes of this determination. 
Handling of Known Events With Unknown Damage Areas 
For situations where you have known damage areas associated with a specific event(s), and 
additional harmful events without knowing specific damage areas for the additional events, code 
only the known damage areas in this subfield. For example, if the police crash report narrative 
only states that “V1 struck several trees” with the only indication of damage given as the initial 
front contact, and a police crash report box marked “Totaled,” code only 12 for the known 
damage to the front of the vehicle. 
Handling of Non-Collision Harmful Events That Produce Vehicle Damage 
For situations where a vehicle is involved in the following non-collision harmful events: 01 
(Rollover/Overturn), 02 (Fire/Explosion), 03 (Immersion or Partial Immersion), 16 
(Thrown or Falling Object), 44 (Pavement Surface Irregularity (Ruts, Potholes, Grates, 
etc.)), 51 (Jackknife (harmful to this vehicle)), or 72 (Cargo/Equipment Loss or Shift 
(harmful to this vehicle)), code only the damage areas reflected in the case materials by the 
officer. 
For example, the investigating officer may indicate damaged locations that translate to: 
• 01-12, 13, 14 for a vehicle that was consumed by a fire or immersed in a river. 
• 01-05, 13 for a vehicle that rolls onto its right side and then roof. 
• 13 for a vehicle that only has damage to the hood from a fire. 
• 13 for a vehicle that has a tree fall on its roof. 
• 14 for a vehicle that strikes a pothole on its undercarriage. 
Do not record damage at these locations for these non-collision harmful events unless so 
indicated by the case materials. 
If a vehicle that experiences only these non-collision events and has only “non-collision” 
reflected in the case materials by the officer for its damaged areas, then use 99 (Damage Areas 
Unknown)."
CRSS,2024,vehicle.csv,ROLLOVER,candidate_feature,vehicle,285,"Sequence of Events 
V37 
275 
2024 FARS/CRSS Coding and Validation Manual 
V37. Sequence of Events 
Format 
Read Only 
SAS Name 
Cevent.SOE, Vevent.SOE 
Element Values 
Non-Harmful Events: 
Codes 
Attributes 
61 
Equipment Failure (blown tire, brake failure, etc.) 
62 
Separation of Units 
63 
Ran Off Roadway - Right 
64 
Ran Off Roadway - Left 
79 
Ran off Roadway - Direction Unknown 
71 
End Departure 
65 
Cross Median 
68 
Cross Centerline 
66 
Downhill Runaway 
67 
Vehicle Went Airborne 
69 
Re-entering Roadway 
70 
Non-harmful, Swaying Trailer/Jackknife 
60 
Cargo/Equipment Loss or Shift (non-harmful) 
 
Non-Collision Harmful Events: 
Codes 
Attributes 
01 
Rollover/Overturn 
02 
Fire/Explosion 
03 
Immersion or Partial Immersion 
04 
Gas Inhalation 
51 
Jackknife (harmful to this vehicle) 
06 
Injured in Vehicle (Non-Collision) 
44 
Pavement Surface Irregularity (Ruts, Potholes, Grates, etc.) 
07 
Other Non-Collision 
72 
Cargo/Equipment Loss, Shift, or Damage (harmful) 
16 
Thrown or Falling Object"
CRSS,2024,vehicle.csv,ROLLOVER,candidate_feature,vehicle,289,"Sequence of Events 
V37 
279 
2024 FARS/CRSS Coding and Validation Manual 
For vehicles turning at “T-intersections”: 
For “T-intersections” when the vehicle loses control when in a turn, choose right or left based 
upon the direction of travel for the vehicle’s proper travel lane for their intended travel path. For 
vehicles traveling straight through “T-Intersections” use 71 (End Departure). See Figure 20 
below. 
71 (End Departure) is used if the vehicle leaves the roadway by traveling straight through the 
top of a “T-intersection” of a two-way trafficway or top of an intersecting one-way roadway. 
This code should also apply to vehicles traveling off the end of dead-end roadways or into the 
barrier of a closed trafficway. See Figure 20 below. 
 
Figure 20. End Departure Examples 
65 (Cross Median) is used when a vehicle departs its roadway, traverses the median, and enters 
the shoulder or travel lanes on the opposite side of a divided highway. This attribute does not 
apply to the “load” in cases involving AREAS OF IMPACT 18 (Cargo/Vehicle Parts Set in 
Motion) or 19 (Other Objects or Person Set in Motion). 
68 (Cross Centerline) is used when a vehicle crosses over the centerline of a two-way, 
undivided trafficway. The centerline must be delineated with paint or raised markers. This is also 
used for unstabilized situations involving vehicles that depart from their initial travel lane(s) and 
enter the continuous left-turn lane, having a harmful event that is located within the marked 
boundaries of the continuous left-turn lane. This attribute also applies to vehicles that traverse 
the continuous left-turn lane area and then have a harmful event. This attribute does not apply 
to the “load” in cases involving AREAS OF IMPACT 18 (Cargo/Vehicle Parts Set in Motion) 
or 19 (Other Objects or Person Set in Motion). 
66 (Downhill Runaway) refers to any vehicle that cannot decelerate on a downhill grade. This 
does not apply to a vehicle that cannot slow down due to lack of surface friction (due to ice, 
snow, etc.). 
67 (Vehicle Went Airborne) must only be used if the officer indicates by narrative or diagram 
that the vehicle left the ground (excludes vehicles leaving the ground during a rollover event). 
Examples: the vehicle drove off a cliff, the vehicle was launched into the air after striking 
another vehicle or after traversing a berm."
CRSS,2024,vehicle.csv,ROLLOVER,candidate_feature,vehicle,290,"Sequence of Events 
V37 
280 
2024 FARS/CRSS Coding and Validation Manual 
69 (Re-entering Roadway) is used when a vehicle that departed the roadway portion of the 
trafficway returns to the same roadway (e.g., a motor vehicle in-transport runs off the roadway 
right, strikes the guardrail face, then re-enters the roadway and collides with another motor 
vehicle in-transport). This attribute does not apply to the “load” in cases involving AREAS OF 
IMPACT 18 (Cargo/Vehicle Parts Set in Motion) or 19 (Other Objects or Person Set in 
Motion). 
70 (Non-harmful, Swaying Trailer/Jackknife) applies to a condition that occurs to a 
combination vehicle while in motion. The condition reflects a loss of control of the vehicle by 
the driver in which the trailer(s) yaws from its normal straight-line path behind the power unit. If 
there is not enough information in the case materials to determine whether the jackknife was 
harmful or not, use code 70 (Non-harmful, Swaying Trailer/Jackknife). 
60 (Cargo/Equipment Loss or Shift [non-harmful]) refers specifically to the loss or shift of 
items carried on or in a motor vehicle or its trailing unit that does not cause damage and/or injury 
to the vehicle, its occupants, its parts, trailing unit, or the cargo itself. Codes 60 and 54 can be 
used sequentially. For example, Vehicle 1’s cargo falls off and strikes Vehicle 2. Code 60 is used 
to show the non-harmful cargo shift that led up to the set-in-motion collision event of code 54. 
However, this attribute should never be used: 
1. to refer to a “collision” event (see 54 (Motor Vehicle In-Transport Strikes or is Struck 
by Cargo, Persons, or Objects Set in Motion from/by Another Motor Vehicle In-
Transport)). In other words, code 60 should not be used instead of code 54. 
2. to refer to a harmful event related to the loss or shift of cargo in/on a vehicle causing 
damage to that vehicle, its cargo, or injury to its occupants (see 72 (Cargo/Equipment 
Loss, Shift, or Damage [harmful])). 
Examples: 
• 
A load of logs on a truck tractor semi-trailer shifts as the truck rounds a curve resulting in 
an overturn. The shift of the load of logs would be a 60 (Cargo/Equipment Loss or 
Shift [non-harmful]). 
• 
A spare tire falls from a vehicle. The loss of the spare tire would be a 60 (Cargo/ 
Equipment Loss or Shift [non-harmful]). 
• 
An axle on a vehicle breaks and the wheel then separates from the vehicle would be a (61 
(Equipment Failure)). 
Non-Collision Events Involving Motorcycles and Vehicles With a “Load” 
Non-Collision events may occur before or after a collision event. They should not be coded as a 
separate event if they occur as part of a collision event. 
Examples: 
• A motorcycle strikes a deer, overturns, and the rider becomes separated from the vehicle. 
Code the collision event not the non-collision “Rollover/Overturn” and “Fell/Jumped 
from Vehicle” that occur as part of the collision event. 
• One truck tractor/trailer rear-ends another truck tractor/trailer. The impact pushes the lead 
vehicle’s load into the back of the truck tractor cab with part falling onto the roadway."
CRSS,2024,vehicle.csv,ROLLOVER,candidate_feature,vehicle,291,"Sequence of Events 
V37 
281 
2024 FARS/CRSS Coding and Validation Manual 
Code the collision event, not the non-collision “cargo-loss or shift” that occurred as part 
of the collision event. 
Non-Collision Harmful Events 
01 (Rollover/Overturn) is used when a motor vehicle rotates (rollover) at least one quarter turn 
onto its side or end. 
Notes regarding 01 (Rollover/Overturn): 
• For motorcycles, laying the motorcycle down on its side is sufficient to use attribute  
01 (Rollover/Overturn) as a harmful event if damage or injury is produced, even though 
the data element ROLLOVER is not applicable to motorcycles.  
• Every vehicle that overturns will have contact with the ground. The collision event 58 
(Ground) should not be used in describing a non-collision 01 (Rollover/Overturn) 
event. For example: A vehicle’s tires furrow into soft soil causing the vehicle to roll. The 
harmful event is 01 (Rollover/Overturn). If the report identifies the vehicle “struck” the 
ground, and that harmful collision event caused the vehicle to roll, the events are 58 
(Ground), 01 (Overturn/Rollover). Note: This will give you a Level 2 edit check. If 
overriding the edit check, be specific in your override remarks.  
• The only instances 67 (Airborne) should be used immediately prior or immediately after  
01 (Rollover/Overturn) is if the officer identifies “airborne” as defined in this element. 
Note: This will give you a Level 2 edit check. If overriding the edit check, be specific in 
your override remarks. 
• A vehicle rolls over three quarter-turns. This is one rollover event involving three 
quarter-turns. 
• If there is a 01 (Rollover/Overturn) that begins in another location but involves a ditch 
or embankment in the case (e.g., “rolled through the ditch,” “rolled down the 
embankment,” “came to rest against the embankment”), then the rule applies where if 
there is no damage associated with an impact with the fixed object during the rollover, it 
is not included in the CRASH EVENTS. If there is indication that damage resulted from 
an impact with the fixed object, it is included in the CRASH EVENTS. This follows the 
same logic as striking a tree or another vehicle during an overturn. 
• For a vehicle that rolls over, impacts a fence, and continues to rollover: only two events 
would be coded for that circumstance. The first event would be the rollover followed by 
an impact with the fence. For more than one rollover event to appear in a vehicle’s 
SEQUENCE OF EVENTS, the vehicle must return to its wheels, and track for a period of 
time before experiencing a separate rollover event. This would be a rare occurrence and 
must be clearly identified in the case materials. 
Note: For vehicles with attached trailing unit(s) by fixed or non-fixed linkage, when either the 
power unit or the trailing unit(s) rolls over, the entire vehicle will be considered a rollover. This 
applies to all motor vehicles with any type of trailing unit(s). If a motorcycle is pulling a trailing 
unit that overturns, the motorcycle should have 01 (Rollover/Overturn) in its Crash Events. 
However, since the power unit is a motorcycle, the element ROLLOVER still does NOT apply. 
02 (Fire/Explosion) is used for a vehicle fire or explosion that occurs during the crash sequence 
or as a result of the crash."
CRSS,2024,vehicle.csv,ROLLOVER,candidate_feature,vehicle,293,"Sequence of Events 
V37 
283 
2024 FARS/CRSS Coding and Validation Manual 
16 (Thrown or Falling Object) is used when any object (1) is thrown (intentionally or 
unintentionally) and impacts an in-transport vehicle, or (2) falls onto, into, or in the path of an in-
transport motor vehicle. If a tree limb falls from a tree and is contacted by a car, enter 16 
(Thrown or Falling Object). If a person maliciously throws an object off an overpass into 
traffic below, enter 16 (Thrown or Falling Object). This excludes contacts made by loads or 
objects set in motion by a motor vehicle (see 54 (Motor Vehicle In-Transport Strikes or is 
Struck by Cargo, Persons, or Objects Set in Motion from/by Another Motor Vehicle In-
Transport)). 
72 (Cargo/Equipment Loss, Shift, or Damage [harmful]) refers specifically to the loss or shift 
of items carried on or in a motor vehicle or its trailing unit, causing damage and/or injury to the 
vehicle, its occupants, its parts, trailing unit, or the cargo itself. Harm can be measured in loss of 
monetary value from unrecoverable cargo loss as well as physical damage. This attribute should 
never be used to refer to a “collision” event (see 54 (Motor Vehicle In-Transport Strikes or is 
Struck by Cargo, Persons, or Objects Set in Motion from/by Another Motor Vehicle In-
Transport)). 
Examples: 
• A pickup truck brakes rapidly to avoid a collision. This causes a piece of lumber in the 
pickup bed to smash through the rear window. 
• Unsecured cargo shifts inside a box truck and bursts through the wall of the trailer.  
• Pallets of beehives on a flatbed truck fall off the truck on a sharp curve causing the hives 
to open and the bees to fly away. 
Notes: 
In situations when a cargo shift is part of a collision event, the cargo shift is not coded separately. 
See Non-Collision events involving motorcycles and vehicles with a “load.” 
• Unsecured cargo shifts inside a box truck causing a loss of control. The driver 
overcorrects, driving off the road. This would be a 60 (Cargo/Equipment Loss or Shift 
[non-harmful]). 
• Use 07 (Other Non-Collision) in a situation where a motor vehicle in-transport is towing 
another unit (motor vehicle, trailer, etc.) and the second unit collides into the back of the 
power unit (not a Jackknife or part of a collision event). 
05 (Fell/Jumped from Vehicle) is used when an occupant of this vehicle falls or jumps (not 
suicide) from the vehicle causing injury. For example, an occupant of a motor vehicle in-
transport leans against the car door, it opens and the occupant falls out; or a person riding on a 
vehicle’s exterior (hood, roof, running board, etc.) falls or jumps, and is injured by the fall. If an 
occupant falls or jumps from a vehicle and is struck by that vehicle, use this attribute. Do not 
code 05 (Fell/Jumped from Vehicle) to represent an occupant that was ejected in the crash. For 
example, if a vehicle rolls over and an occupant is ejected during the rollover, do not code 05 
(Fell/Jumped from Vehicle) in the CRASH EVENTS to represent the ejection. It is captured in 
the element P13 EJECTION."
CRSS,2024,vehicle.csv,ROLLOVER,candidate_feature,vehicle,298,"Sequence of Events 
V37 
288 
2024 FARS/CRSS Coding and Validation Manual 
another motor vehicle in-transport. Do not use this attribute for debris from a prior crash. This 
attribute does not include vehicle occupants that are ejected or fall from a motor vehicle in-
transport (e.g., a motorcycle operator falling from a motorcycle). For people falling from a motor 
vehicle, see non-collision event 05 (Fell/Jumped From Vehicle). For impacts involving two 
motor vehicles in-transport resulting from cargo, people, or objects set in motion, see 54 (Motor 
Vehicle In-Transport Strikes or is Struck by Cargo, Persons, or Objects Set in Motion 
from/by another Motor Vehicle In-Transport). For at rest detached trailers (e.g., a detached 
semi-trailer), use attribute 18 (Other Object [Not Fixed]). If cargo fell from a vehicle, came to 
rest, and was struck, this attribute would apply. If the cargo was at rest as a result of a prior 
crash, use attribute 18 (Other Object [Not Fixed]). 
91 (Unknown Object Not Fixed) is used when the event involves an object that is known to be 
not fixed but the case materials do not identify the specific object. 
Collision With Fixed Object 
The attributes 58 (Ground), 33 (Curb), 34 (Ditch), and 35 (Embankment) are grouped under 
the Collision With Fixed Object subset because they are intended to be harmful events in the 
crash (i.e., they are associated with an impact that produces injury or damage). 
When coding these events there must be fields on the police crash report or verbiage in the 
narrative such as “struck,” “hit,” “impacted,” etc., that identify these as harmful. 
For cases where the indication of the harmful event came from the narrative, there may not be a 
corresponding indication of damage in any police crash report field. In these instances, code the 
harmful event as stated in the narrative and include the corresponding attribute under AREAS 
OF IMPACT. 
If there is no indication of damage from contact with the fixed object in fields on the police crash 
report, and the narrative language does not identify it as a harmful event (e.g., “came to rest on 
the embankment,” “drove through” or “drove across” the ditch and/or the embankment, or 
“drove over” the curb), do not code 33 (Curb), 34 (Ditch), or 35 (Embankment) in the 
SEQUENCE OF EVENTS. 
17 (Boulder) is a rock of sufficient mass that when struck by a motor vehicle moves very little 
and remains basically intact.  
19 (Building) is used when the vehicle impacts a roofed and walled structure built for permanent 
use. The type of construction material used is not of interest, nor is the use of the building. 
58 (Ground) is used when the impact is with an earthen or paved surface off the roadway. 58 
(Ground) is not to be entered when the harmful event is 01 (Rollover/Overturn). 
Indication of furrowing, gouging, or digging in of the tires/wheels is not sufficient to code the 
collision event 58 (Ground). For example, if the police crash report narrative states, “The 
truck’s tires dug into the turf causing the vehicle to rollover,” the harmful event should be 01 
(Rollover/Overturn). 
20 (Impact Attenuator/Crash Cushion) is a device for controlling the absorption of energy 
released during vehicle collision (crash cushion). Its most common application involves the"
CRSS,2024,vehicle.csv,ROLLOVER,candidate_feature,vehicle,303,"Most Harmful Event 
V38 
293 
2024 FARS/CRSS Coding and Validation Manual 
V38. Most Harmful Event 
Format 
2 numeric 
SAS Name 
Vehicle.M_HARM, Parkwork.PM_HARM 
Element Values 
Non-Collision Most Harmful Events: 
Codes 
Attributes 
01 
Rollover/Overturn 
02 
Fire/Explosion 
03 
Immersion or Partial Immersion 
04 
Gas Inhalation 
51 
Jackknife (harmful to this vehicle) 
06 
Injured in Vehicle (Non-Collision) 
44 
Pavement Surface Irregularity (Ruts, Potholes, Grates, etc.) 
07 
Other Non-Collision 
16 
Thrown or Falling Object 
72 
Cargo/Equipment Loss, Shift, or Damage (harmful) 
05 
Fell/Jumped from Vehicle 
 
Collision With Motor Vehicle In-Transport: 
Codes 
Attributes 
12 
Motor Vehicle In-Transport 
54 
Motor Vehicle In-Transport Strikes or is Struck by Cargo, Persons, or Objects 
Set in Motion from/by Another Motor Vehicle In-Transport 
55 
Motor Vehicle in Motion Outside the Trafficway 
 
Collision With Object Not Fixed: 
Codes 
Attributes 
08 
Pedestrian 
09 
Pedalcyclist 
10 
Railway Vehicle 
74 
Road Vehicle on Rails 
11 
Live Animal"
CRSS,2024,vehicle.csv,ROLLOVER,candidate_feature,vehicle,306,"Most Harmful Event 
V38 
296 
2024 FARS/CRSS Coding and Validation Manual 
Non-Collision Most Harmful Events 
Non-Collision Events Involving Motorcycles and Vehicles With a “Load” 
Non-Collision events may occur before or after a collision event. They should not be coded as a 
separate event if they occur as part of a collision event. 
Examples: 
• A motorcycle strikes a deer, overturns, and the rider becomes separated from the vehicle. 
Code the collision event, not the non-collision “Rollover/Overturn” and “Fell/Jumped 
from Vehicle” that occur as part of the collision event.  
• One truck tractor/trailer rear-ends another truck tractor/trailer. The impact pushes the lead 
vehicle’s load into the back of the truck tractor cab with part falling onto the roadway. 
Code the collision event, not the non-collision “cargo-loss or shift” that occurred as part 
of the collision event. 
Most Harmful Event Coding Procedures for Parked and Working Motor Vehicles 
1. If the MOST HARMFUL EVENT for a parked/working motor vehicle is an impact with 
a motor vehicle in-transport, use 12 (Motor Vehicle In-Transport). 
a. Example: A parked motor vehicle (V2) is struck by an in-transport motor vehicle 
(V1) and this is the MOST HARMFUL EVENT for the parked motor vehicle (V2). 
The MOST HARMFUL EVENT for the parked motor vehicle (V2) is 12 (Motor 
Vehicle In-Transport). 
2. If the MOST HARMFUL EVENT for a parked/working motor vehicle is an impact with 
something after it has been set in motion, code that other thing. 
a. Example: In a chain reaction crash, an in-transport motor vehicle (V1) strikes a 
parked motor vehicle (V2) injuring the person sitting in the driver’s seat of V2. The 
parked motor vehicle (V2) is pushed into an unoccupied motor vehicle (V3) and the 
parked motor vehicle (V3) strikes and kills a pedestrian. The MOST HARMFUL 
EVENT for parked motor vehicle (V3) is 08 (Pedestrian). 
3. If the MOST HARMFUL EVENT for a parked/working motor vehicle is an impact with 
anything set in motion except another parked or working motor vehicle, see attribute 12 
(Motor Vehicle In-Transport). 
4. If the MOST HARMFUL EVENT for a parked/working motor vehicle is an impact with 
another parked or working motor vehicle that has been set in motion, use 14 (Parked 
Motor Vehicle) or 45 (Working Motor Vehicle), whichever describes the object set in 
motion. 
5. The MOST HARMFUL EVENT for a parked/working motor vehicle can be a non-
collision harmful event not recorded in the CRASH EVENTS list. For example, if a 
parked vehicle rolls over after an impact with an in-transport motor vehicle and the 
MOST HARMFUL EVENT is the rollover, then use code  
01 (Rollover/Overturn)."
CRSS,2024,vehicle.csv,ROLLOVER,candidate_feature,vehicle,307,"Most Harmful Event 
V38 
297 
2024 FARS/CRSS Coding and Validation Manual 
a. Example: A parked motor vehicle (V2) is struck by an in-transport vehicle (V1). The 
parked motor vehicle (V2) is pushed down an embankment and rolls over. The case 
materials indicate the most harmful event for the parked motor vehicle (V2) is the 
rollover. The MOST HARMFUL EVENT for the parked motor vehicle (V2) is 01 
(Rollover/ Overturn). 
01 (Rollover/Overturn) is used when a motor vehicle rotates (rollover) at least one quarter turn 
onto its side or end. For motorcycles, laying the motorcycle down on its side is sufficient to code 
01 (Rollover/ Overturn) as a harmful event if damage or injury is produced, even though the 
data element ROLLOVER is not applicable to motorcycles. 
If there is a 01 (Rollover/Overturn) that begins in another location but involves a ditch or 
embankment in the case (e.g., “rolled through the ditch,” “rolled down the embankment,” “came 
to rest against the embankment”), then the rule applies where if there is no damage associated 
with an impact with the fixed object during the rollover, it is not included in the CRASH 
EVENTS. If there is indication that damage resulted from an impact with the fixed object, it is 
included in the CRASH EVENTS. This follows the same logic as striking a tree or another 
vehicle during an overturn. 
Note: For vehicles with attached trailing unit(s) by fixed or non-fixed linkage, when either the 
power unit or the trailing unit(s) rolls over, the entire vehicle will be considered a rollover. This 
applies to all motor vehicles with any type of trailing unit(s). If a motorcycle is pulling a trailing 
unit that overturns, the motorcycle should have 01 (Rollover/Overturn) in its Crash Events. 
However, since the power unit is a motorcycle, the element ROLLOVER still does NOT apply. 
02 (Fire/Explosion) is used for a vehicle fire or explosion that occurs during the crash sequence 
or as a result of the crash. 
As it pertains to the occurrence of 02 (Fire/Explosion), the crash circumstances are not 
considered stabilized until the threat of damage to this vehicle, or injury consequences to this 
vehicle’s occupants, has ceased. Therefore, the crash sequence is not considered stabilized until 
all occupants have exited the vehicle and the scene has been declared safe by police or other 
authority. Fires that occur at a later time to vehicles abandoned at the scene (in open fields, on 
hillsides, etc.), or to vehicles removed from the scene to another location (tow yard, curbside, 
etc.), are not considered part of the crash sequence. 
03 (Immersion or Partial Immersion) is used when a motor vehicle enters a body of water and 
results in injury or damage. This code would also be used if the vehicle came to rest in water and 
the depth cannot be ascertained from case materials. Note: In immersion fatalities, the injury to 
the person may be noted as “drowning.” 
04 (Gas Inhalation) includes injury or death as a result of toxic fumes, such as carbon monoxide 
fumes leaking from a motor vehicle. 
51 (Jackknife [harmful to this vehicle]) applies to a condition that occurs to a combination 
vehicle while in motion. The condition reflects a loss of control of the vehicle by the driver in 
which the trailer(s) yaws from its normal straight-line path behind the power unit, striking the 
power unit, or other trailers, causing damage to the power unit or trailer. Jackknife should only 
be coded as a harmful event if there is clear indication of damage to the jackknifed vehicle or 
injury to its occupants caused by the jackknife."
CRSS,2024,vehicle.csv,ROLLOVER,candidate_feature,vehicle,309,"Most Harmful Event 
V38 
299 
2024 FARS/CRSS Coding and Validation Manual 
• Unsecured cargo shifts inside a box truck causing a loss of control. The driver 
overcorrects, driving off the road. This would be a 60 (Cargo/Equipment Loss or Shift 
[non-harmful]) in the SEQUENCE OF EVENTS.  
• Use 07 (Other Non-Collision) in a situation where a motor vehicle in-transport is towing 
another unit (motor vehicle, trailer, etc.) and the second unit collides into the back of the 
power unit (not a Jackknife or part of a collision event). 
05 (Fell/Jumped from Vehicle) is used when an occupant of this vehicle falls or jumps (not 
suicide) from the vehicle causing injury. For example, an occupant of a motor vehicle in-
transport leans against the car door, it opens and the occupant falls out; or a person riding on a 
vehicle’s exterior (hood, roof, running board, etc.) falls or jumps, and is injured by the fall. If an 
occupant falls or jumps from a vehicle and is struck by that vehicle, use this attribute. Do not 
code 05 (Fell/Jumped from Vehicle) as the MOST HARMFUL EVENT to represent an 
occupant that was ejected in the crash. For example, if a vehicle rolls over and an occupant is 
ejected and killed during the rollover, then 01 (Rollover/Overturn) is the MOST HARMFUL 
EVENT. 
Collision With Motor Vehicle In-Transport 
12 (Motor Vehicle In-Transport) is used when the most injury- or damage-producing event is 
two motor vehicles in-transport making contact within the trafficway boundaries. 
Parked and Working Motor Vehicles: 
This attribute is used for parked and working motor vehicles when their MOST HARMFUL 
EVENT is an impact with a motor vehicle in-transport. 
This attribute also applies to parked and working motor vehicles when their MOST HARMFUL 
EVENT is an impact with any object set in motion other than another parked or working motor 
vehicle. Set-in-motion objects include cargo, people, stones, stop signs, tire treads, and debris 
from a previous impact. If the object set in motion is another parked or working motor vehicle 
use 14 (Parked Motor Vehicle) or 45 (Working Motor Vehicle), whichever describes the 
object set in motion. 
Examples: 
• If the MOST HARMFUL EVENT for V1 (a motor vehicle in-transport) is when V1 
impacts V2 (another motor vehicle in-transport) within the trafficway boundaries, then 
the MOST HARMFUL EVENT for V1 is 12 (Motor Vehicle In-Transport). 
• If the most harmful event for V2 (a parked motor vehicle) is when V2 is struck by V1 (a 
motor vehicle in-transport), then the MOST HARMFUL EVENT for V2 is 12 (Motor 
Vehicle In-Transport).  
• If the MOST HARMFUL EVENT for V2 (a parked motor vehicle) is when V2 is struck 
by a stop sign set in motion by V1 (a motor vehicle in-transport), then the MOST 
HARMFUL EVENT for V2 is 12 (Motor Vehicle In-Transport). 
• If V1 (a motor vehicle in-transport) strikes V2 (a parked motor vehicle) and V2 then 
strikes V3 (a parked motor vehicle), then the MOST HARMFUL EVENT for V3 is 14 
(Parked Motor Vehicle)."
CRSS,2024,vehicle.csv,ROLLOVER,candidate_feature,vehicle,314,"Most Harmful Event 
V38 
304 
2024 FARS/CRSS Coding and Validation Manual 
Collision With Fixed Object 
The attributes 58 (Ground), 33 (Curb), 34 (Ditch), and 35 (Embankment) are grouped under 
the Collision With Fixed Object subset because they are intended to be harmful events in the 
crash (i.e., they are associated with an impact that produces injury or damage). 
When coding these events there must be fields on the police crash report or verbiage in the 
narrative such as “struck,” “hit,” “impacted,” etc., that identify these as harmful. 
For cases where the indication of the harmful event came from the narrative, there may not be a 
corresponding indication of damage in any police crash report field. In these instances, code the 
harmful event as stated in the narrative and include the corresponding attribute under AREAS 
OF IMPACT. 
If there is no indication of damage from contact with the fixed object in fields on the police crash 
report and the narrative language does not identify it as a harmful event (e.g., “came to rest on 
the embankment,” “drove through” or “drove across” the ditch and/or the embankment, or 
“drove over” the curb), do not code 33 (Curb), 34 (Ditch), or 35 (Embankment) in the 
SEQUENCE OF EVENTS. 
17 (Boulder) is a rock of sufficient mass that when struck by a motor vehicle moves very little 
and remains basically intact. It may be considered as a fixed object. 
19 (Building) is used when the vehicle impacts a roofed and walled structure built for permanent 
use. The type of construction material used is not of interest, nor is the use of the building. 
58 (Ground) is used when the impact is with an earthen or paved surface off the roadway. 58 
(Ground) is not to be entered when the harmful event is 01 (Rollover/Overturn). 
Indication of furrowing, gouging, or digging in of the tires/wheels is not sufficient to code the 
collision event 58 (Ground). For example, if the police crash report narrative states, “The trucks 
tires dug into the turf causing the vehicle to roll over,” the harmful event should be 01 
(Rollover/Overturn). 
20 (Impact Attenuator/Crash Cushion) is a device for controlling the absorption of energy 
released during vehicle collision (crash cushion). Its most common application involves the 
protection of fixed roadside objects such as bridge piers, elevated gores at exit ramps, etc. 
Examples include barrels filled with water or sand, and plastic collapsible structures. 
50 (Bridge Overhead Structure) is used when striking the bottom of a bridge while traveling 
underneath it. See Figure 21 for a diagram of Bridge Components. 
21 (Bridge Pier or Support) is a square or round column of stone, concrete, brick, steel, or 
wood for supporting a bridge between abutments. This attribute includes the bridge abutments 
that are supporting the ends of a bridge. Abutments are generally designed for retaining or 
supporting the embankment under bridge ends and composed of stone, concrete, brick, or wood 
(includes the wingwalls). See See Figure 21 for a diagram of Bridge Components. 
23 (Bridge Rail [Includes Parapet]) is a wooden, brick, stone, concrete, or metal fence-like 
structure that runs along the outermost edge of the roadway or sidewalk on the bridge or a rail 
constructed along the top of a parapet. Balustrade is often used synonymously with parapet. See 
Figure 21 for a diagram of Bridge Components."
CRSS,2024,vehicle.csv,ROLLOVER,candidate_feature,vehicle,483,"Crash Type 
PC23 
473 
2024 FARS/CRSS Coding and Validation Manual 
PC23. Crash Type 
Format 
2 numeric 
SAS Name 
Vehicle.ACC_TYPE 
Element Values 
As assigned by the selection on the next screens 
Codes 
Attributes 
00 
No Impact 
01-93 
Crash Types 
98 
Other Crash Type 
99 
Unknown 
Definition 
This element describes the type of crash this in-transport vehicle was involved in based on the 
FIRST HARMFUL EVENT and the precrash circumstances. 
Remarks 
The CRASH TYPE is a numeric value assigned by selecting the Crash Category and the Crash 
Configuration on the next screens/pages. The number can be directly entered or edited here; 
however, the two-step process of selecting the Crash Category and Crash Configuration is 
preferred to visualize the crash scenario.  
The FIRST HARMFUL EVENT may include a collision between a vehicle and some object, 
accompanied by property damage or human injury. The object may be another vehicle, a person, 
an animal, a fixed object, the road surface, or the ground. If the first collision is a rollover, the 
impact is with the ground or road surface. The collision may also involve plowing into soft 
ground, if severe vehicle deceleration results in damage or injury. A road departure without 
damage or injury is not defined as a harmful event. 
Please see “The following crash types require clarification” for guidance on a few specific crash 
types."
CRSS,2024,vehicle.csv,ROLLOVER,candidate_feature,vehicle,537,"Air Bag Deployed 
P12 
527 
2024 FARS/CRSS Coding and Validation Manual 
01 (Deployed‐Front) refers to an air bag forward of a first-row occupant. The driver frontal air 
bag is located in the hub of the steering wheel. The right front passenger frontal air bag is located 
in the dashboard (instrument panel). 
02 (Deployed‐Side (door, seatback)) refers to an air bag mounted in the outboard side of the 
seat or in the door. Side impact air bags located between seating positions 11 and 13 within the 
inboard seatbacks or center console designed to mitigate occupant versus occupant injury are 
also collected in this attribute. 
In a convertible body type, a head impact curtain may deploy upward from the top of the door 
panel near the lower edge of the side glazing. This type of head protection is coded 03 
(Deployed‐ Curtain (roof) even though the air bag is located in the side door panel. 
03 (Deployed‐Curtain (roof)) refers to a head only, side impact air bag for outboard occupants. 
These are usually mounted in the roof rail above the side windows, deploying between the 
glazing and the occupant. These look like a curtain when deployed and are designed to help 
protect an adult’s head in a side‐impact crash. This includes a head impact curtain in a 
convertible car body type, which deploys upward from the door panel near the lower edge of the 
side glazing. A single curtain may cover one or all rows, or a vehicle may have one for the first 
row with another covering multiple rearward rows. 
The narrative may refer to these as a rollover curtain, roof bag, roof‐rail bag, roof curtain, anti‐
ejection curtain, or a safety canopy. These rollover curtains are a special type of side curtain air 
bag with sensors that measure vehicle tilting and protect occupants from injury and ejection 
during a rollover crash. 
07 (Deployed‐Other (knee, airbelt, etc.)) is used if the case materials indicate the air bag type 
that deployed is other than the ones listed above. If multiple “other” types of air bags deploy, use 
code 08 (Deployed‐Combination) for this person. 
Examples include: 
• Inflatable Seatbelt/Airbelts—Inflatable seatbelts are currently available for outboard 
passengers beyond the first row. Some airbelts will deploy in either front or side 
collisions. 
• Rear Impact Curtain—This curtain helps protect the last row occupants during a rearward 
impact. 
• Knee Air Bags/Knee Bolsters—This deploys from the lower instrument panel/dashboard. 
• Anti‐slide/Anti‐submarine/Seat Cushion Air Bag—This inflates in the seat cushion to 
help maintain the occupant’s seating position. 
08 (Deployed-Combination) is used if case materials indicate that multiple air bags of different 
types deployed for this seat position.  
09 (Deployment-Unknown Location) is used if an air bag did deploy for this seat position, but 
the origin of the air bag is not known. 
20 (Not Deployed) is used if the available information indicates that no air bags deployed for 
this seat position."
CRSS,2024,vehicle.csv,ROLLOVER,candidate_feature,vehicle,540,"Ejection 
P13 
530 
2024 FARS/CRSS Coding and Validation Manual 
Do not code 05 (Fell/Jumped from Vehicle) to represent an occupant that was ejected in the 
crash. For example, if a vehicle rolls over and an occupant is ejected during the rollover, do not 
code 05 (Fell/Jumped from Vehicle) in the CRASH EVENTS to represent the ejection. It is 
captured in the element EJECTION. 
2 (Partially Ejected) refers to those instances where some part but not all of an occupant’s body 
is at some time during the crash sequence outside the occupant compartment. This does not apply 
to occupants who are not initially in the seating compartment of the vehicle (e.g., pickup beds, 
boot of a convertible, and people riding on open tailgates), since any ejection for them is coded 
as 1 (Totally Ejected). 
3 (Ejected - Unknown Degree) is used when the case materials indicate that an occupant is 
ejected but fails to discriminate between total and partial ejection. 
7 (Not Reported) Check to see if 0 (Not Ejected) or 9 (Reported as Unknown if Ejected) are 
more appropriate for the situation. 
If a State’s crash report manual instructs to leave blank data blocks that are not applicable, then a 
blank in those data blocks is NOT considered “Not Reported.” 
Code 7 (Not Reported) in these two situations. 
1. No field or coding block exists on the State’s crash report to provide the information to 
code this element, AND no other information is available to code the element (e.g., 
narrative, diagram, case materials). 
2. A field or coding block exists on the State’s crash report that would provide the 
information needed to code this element, but it has been left blank, OR a code has been 
selected on the State’s crash report that does not map to any FARS/CRSS attribute, AND 
no other information is available to code the element (e.g., narrative, diagram, case 
materials). 
8 (Not Applicable) is used for people who are riding on or appended to by any means (hand 
grasp, tow rope, etc.) the exterior of a vehicle or for two-wheeled motorcycle occupants. The 
exterior of the vehicle includes running boards, roof, fenders, and bumpers but not the bed of 
pickup trucks, open tailgate, or boot of a convertible. 
9 (Reported as Unknown if Ejected) is used when the case materials specifically indicate 
unknown. 
For Consistency Checks see Understanding and Managing Consistency Checks and Ejection."
CRSS,2024,vehicle.csv,ROLLOVER,candidate_feature,vehicle,749,"Appendix B: 2024 Consistency Checks 
B-28 
2024 FARS/CRSS Coding and Validation Manual 
Error ID 
IF 
THEN 
A100 
FIRST HARMFUL EVENT is not 
equal to 02, 04, 05, 10, 16,  
there should be one vehicle with 
TRAVEL SPEED of 001-151, 997-
999, or blanks. 
A1A0 
ROADWAY SURFACE 
CONDITIONS equals 01 for a vehicle 
involved in the FIRST HARMFUL 
EVENT, 
ATMOSPHERIC CONDITIONS 
should not equal 02-04, 11, 12. 
A1B0 
TRAFFIC CONTROL DEVICE 
equals 01-04, 20, or 21 for a vehicle 
involved in the FIRST HARMFUL 
EVENT, 
RELATION TO JUNCTION (b) 
should not equal 01 or 18. 
A250 
FUNCTIONAL SYSTEM (b) equals 
01-03, and RELATION TO 
JUNCTION (a) equals 1, and 
RELATION TO JUNCTION (b) does 
not equal 03, 05, or 20, 
TOTAL LANES IN ROADWAY 
should not equal 1 for the vehicles 
involved in the FIRST HARMFUL 
EVENT. 
A293 
WORK ZONE equals 1-3, and 
RELATION TO JUNCTION (b) 
equals 02, 03, 
TRAFFIC CONTROL DEVICE 
should equal 01-03, 20, 40, 97, or 98 
for the vehicle(s) involved in the 
FIRST HARMFUL EVENT. 
A294 
WORK ZONE equals 1-3, and 
RELATION TO JUNCTION (b) 
equals 01, 04, 05, 08, 17-19, 
TRAFFIC CONTROL DEVICE 
should equal 00, 21, 28, 40, 50, 97, or 
98 for the vehicle(s) involved in the 
FIRST HARMFUL EVENT. 
A370 
FIRST HARMFUL EVENT equals 99, MANNER OF COLLISION OF THE 
FIRST HARMFUL EVENT must 
equal 98 or 99. 
A380 
FIRST HARMFUL EVENT equals 01 
and this vehicle is involved in the 
FIRST HARMFUL EVENT, and vPIC 
BODY CLASS does not equal 006 
(Motorcycle - Standard), 012 
(Motorcycle - Scooter), 080 
(Motorcycle - Sport), 081 (Motorcycle 
- Touring / Sport Touring), 082 
(Motorcycle - Cruiser),  084 Off-road 
Vehicle - Dirt Bike / Off-Road), 085 
(Motorcycle - Dual Sport / Adventure / 
Supermoto / On/Off-road), 086 (Off-
road Vehicle - Enduro (Off-road long-
distance racing)), 087 (Motorcycle - 
LOCATION OF ROLLOVER should 
equal _____ respectively."
CRSS,2024,vehicle.csv,ROLLOVER,candidate_feature,vehicle,769,"Appendix B: 2024 Consistency Checks 
B-48 
2024 FARS/CRSS Coding and Validation Manual 
Error ID 
IF 
THEN 
532F 
FIRST HARMFUL EVENT equals 14, 
and RELATION TO TRAFFICWAY 
equals 07, 
at least one previous CRASH 
EVENTS-SEQUENCE OF EVENTS 
should equal 63, 64, 71, or 79 for the 
motor vehicle in transport involved in 
the FIRST HARMFUL EVENT. 
580F 
FIRST HARMFUL EVENT equals 14, 
and RELATED FACTORS - PERSON 
(MV OCCUPANT) LEVEL does not 
equal 032, 089 for at least one 
occupant in the not in-transport motor 
vehicle involved in the FIRST 
HARMFUL EVENT, 
RELATION TO TRAFFICWAY 
should not equal 01. 
770P 
RELATION TO TRAFFICWAY 
equals 07, 
RELATION TO JUNCTION (b) must 
equal 01, 03, 08, 98, or 99. 
772P 
RELATION TO TRAFFICWAY 
equals 07, 
RELATION TO JUNCTION (a) must 
not equal 1. 
77DP 
RELATION TO TRAFFICWAY 
equals 07, and RELATION TO 
JUNCTION (a) equals 1, 
RELATION TO JUNCTION (b) 
should not equal 03, 08. 
780P 
RELATION TO TRAFFICWAY 
equals 10, 
RELATION TO JUNCTION (b) must 
not equal 02, 04, 08. 
881P 
RELATED FACTOR - CRASH 
LEVEL equals 024, 
RELATION TO TRAFFICWAY must 
not equal 01 or 11. 
A131 
RELATION TO JUNCTION (b) 
equals 02, 04, 06, 16, 17, or 20, 
RELATION TO TRAFFICWAY must 
equal 01 or 11. 
A141 
RELATION TO JUNCTION (b) 
equals 18, 
RELATION TO TRAFFICWAY must 
equal 01 or 11. 
A1E0 
RELATION TO JUNCTION (b) 
equals 19,  
RELATION TO TRAFFICWAY must 
not equal 01, 11, 98, or 99. 
A380 
FIRST HARMFUL EVENT equals 01 
and this vehicle is involved in the 
FIRST HARMFUL EVENT, and vPIC 
BODY CLASS does not equal 006 
(Motorcycle - Standard), 012 
(Motorcycle - Scooter), 080 
(Motorcycle - Sport), 081 (Motorcycle 
- Touring / Sport Touring), 082 
(Motorcycle - Cruiser),  084 Off-road 
Vehicle - Dirt Bike / Off-Road), 085 
(Motorcycle - Dual Sport / Adventure / 
LOCATION OF ROLLOVER should 
equal _____ respectively."
CRSS,2024,vehicle.csv,ROLLOVER,candidate_feature,vehicle,789,"Appendix B: 2024 Consistency Checks 
B-68 
2024 FARS/CRSS Coding and Validation Manual 
Error ID 
IF 
THEN 
FP3F 
UNIT TYPE is blank,  
case status is flawed. 
FP6F 
UNIT TYPE equals 1, and CRITICAL 
EVENT - PRECRASH (CATEGORY) 
equals blank,  
case status is flawed. 
FP7F 
UNIT TYPE equals 1, and CRITICAL 
EVENT - PRECRASH (EVENT) 
equals blank,  
case status is flawed. 
U690 
UNLIKELY: UNIT TYPE equals 2-4 
and HIT-AND-RUN equals 1. 
-- 
V74P 
UNIT TYPE equals 1, and 
ROLLOVER equals 3, or LOCATION 
OF ROLLOVER equals 1-7, 9, 
at least one SEQUENCE OF EVENTS 
must equal 01 for this vehicle. 
VH70 
UNIT TYPE equals 2-4, 
elements JACKKNIFE, TRAVEL 
SPEED, AND SEQUENCE OF 
EVENTS must all be left blank. 
VH75 
UNIT TYPE equals 4, 
VEHICLE CONFIGURATION should 
not equal 05, 20, 21, 10. 
VH80 
UNIT TYPE equals 4, 
CARGO BODY TYPE should not 
equal 06, 07, 11, 12, 22. 
Unit Type—FARS Only 
Error ID 
IF 
THEN 
9A2P 
UNIT TYPE equals 2, 3, 
REGISTERED VEHICLE OWNER 
must equal 6. 
VH25 
UNIT TYPE equals 4, 
REGISTERED VEHICLE OWNER 
should not equal 6, 9. 
Hit-and-Run 
Error ID 
IF 
THEN 
622P 
HIT-AND-RUN equals 1, 
it is unlikely that NUMBER OF 
OCCUPANTS equals 0-98. 
8K0P 
any CITATIONS ISSUED equals 07 
or 08, 
HIT-AND-RUN must not equal 0. 
BJ5P 
UNIT TYPE equals 1 and HIT-AND-
RUN equals 1, 
DRIVER PRESENCE should not 
equal 0 or 9."
CRSS,2024,vehicle.csv,ROLLOVER,candidate_feature,vehicle,809,"Appendix B: 2024 Consistency Checks 
B-88 
2024 FARS/CRSS Coding and Validation Manual 
Error ID 
IF 
THEN 
(Motorcycle-style)), 080 (Motorcycle - 
Sport), 081 (Motorcycle - 
Touring/Sport Touring), 082 
(Motorcycle - Cruiser), 083 
(Motorcycle - Three-Wheeled 
Motorcycle [2 Rear Wheels]), 084 
(Off-Road Vehicle - Dirt Bike/Off-
Road), 085 (Motorcycle - Dual 
Sport/Adventure/Supermoto/On/Off-
road), 086 (Off-Road Vehicle - Enduro 
(Off-road long-distance racing)), 087 
(Motorcycle - Small/Minibike), 090 
(Motorcycle - Side Car), 094 
(Motorcycle - Custom), 098 
(Motorcycle - Street), 104 (Moped), 
109 (Motorcycle - Cross Country), 110 
(Motorcycle - Underbone), 113 (Off-
road Vehicle - Motorcross (Off-road 
short distance, closed track racing)), 
114 (Motorcycle - Competition), or 
125 (Motorcycle - Unknown Body 
Type), 
1R0P 
SEATING POSITION equals 51, and 
vPIC BODY CLASS equals 016 
(Bus), 068 (Streetcar / Trolley), or 73 
(Bus-School Bus), or FINAL STAGE 
BODY CLASS equals 016 (Bus), 068 
(Streetcar / Trolley), or 73 (Bus-
School Bus), 
INJURY SEVERITY must not equal 
0, 9. 
1Z2P 
any SEQUENCE OF EVENTS equals 
01 and vPIC BODY CLASS does not 
equal 006 (Motorcycle - Standard), 
012 (Motorcycle - Scooter), 080 
(Motorcycle - Sport), 081 (Motorcycle 
- Touring/Sport Touring), 082 
(Motorcycle - Cruiser), 084 (Off-Road 
Vehicle - Dirt Bike/Off-Road), 085 
(Motorcycle - Dual Sport / Adventure / 
Supermoto / On/Off-road), 086 (Off-
Road Vehicle - Enduro (Off-road long-
distance racing)), 087 (Motorcycle - 
Small/Minibike), 090 (Motorcycle - 
Side Car), 094 (Motorcycle - Custom), 
098 (Motorcycle - Street), 104 
ROLLOVER must equal 3."
CRSS,2024,vehicle.csv,ROLLOVER,candidate_feature,vehicle,821,"Appendix B: 2024 Consistency Checks 
B-100 
2024 FARS/CRSS Coding and Validation Manual 
Error ID 
IF 
THEN 
5A0P 
vPIC BODY CLASS equals 006 
(Motorcycle - Standard), 012 
(Motorcycle - Scooter), 080 
(Motorcycle - Sport), 081 (Motorcycle 
- Touring/Sport Touring), 082 
(Motorcycle - Cruiser), 084 (Off-Road 
Vehicle - Dirt Bike/Off-Road), 085 
(Motorcycle - Dual Sport / Adventure / 
Supermoto / On/Off-road), 086 (Off-
Road Vehicle - Enduro (Off-road long-
distance racing)), 087 (Motorcycle - 
Small/Minibike), 090 (Motorcycle - 
Side Car), 094 (Motorcycle - Custom), 
098 (Motorcycle - Street), 104 
(Moped), 109 (Motorcycle - Cross 
Country), 110 (Motorcycle - 
Underbone), 113 (Off-road Vehicle - 
Motorcross (Off-road short distance, 
closed track racing)), 114 (Motorcycle 
- Competition), or 125 (Motorcycle - 
Unknown Body Type), and any 
RELATED FACTORS - VEHICLE 
LEVEL does not equal 030, 
ROLLOVER must equal 8 and 
LOCATION OF ROLLOVER must 
equal 8. 
5D0P 
SPECIAL USE equals 04, 
vPIC BODY CLASS should equal 007 
(Sport Utility Vehicle (SUV)/Multi-
Purpose Vehicle (MPV)), 009 (Van), 
011 (Truck), 016 (Bus), 060 (Pickup), 
066 (Truck-Tractor), 095 (Cargo Van), 
119 (Sport Utility Truck (SUT)), 997 
(Other (Specify:)), or 999 (Unknown), 
or FINAL STAGE BODY CLASS 
should equal 009 (Van), 011 (Truck), 
016 (Bus), 060 (Pickup), 066 (Truck-
Tractor), 095 (Cargo Van), 119 (Sport 
Utility Truck (SUT)), 997 (Other 
(Specify:)), or 999 (Unknown). 
5F0F 
NUMBER OF OCCUPANTS equals 
00-98, and vPIC BODY CLASS does 
not equal 016 (Bus), 068 (Streetcar / 
Trolley), or 73 (Bus-School Bus), and 
FINAL STAGE BODY CLASS does 
not equal 016 (Bus), 068 (Streetcar / 
Trolley), or 73(Bus-School Bus), 
the number of Person Level forms for 
that vehicle must be equal to the 
NUMBER OF OCCUPANTS."
CRSS,2024,vehicle.csv,ROLLOVER,candidate_feature,vehicle,826,"Appendix B: 2024 Consistency Checks 
B-105 
2024 FARS/CRSS Coding and Validation Manual 
Error ID 
IF 
THEN 
Recreational Off-Highway Vehicle 
[ROV]), 109 (Motorcycle - Cross 
Country), 110 (Motorcycle - 
Underbone), 113 (Off-road Vehicle - 
Motorcross (Off-road short distance, 
closed track racing)), 114 (Motorcycle 
- Competition), 125 (Motorcycle - 
Unknown Body Type), or 131 
(Motorcycle - Three Wheeled, 
Unknown Enclosure or Autocycle, 
Unknown Enclosure), 
A380 
FIRST HARMFUL EVENT equals 01 
and this vehicle is involved in the 
FIRST HARMFUL EVENT, and vPIC 
BODY CLASS does not equal 006 
(Motorcycle - Standard), 012 
(Motorcycle - Scooter), 080 
(Motorcycle - Sport), 081 (Motorcycle 
- Touring / Sport Touring), 082 
(Motorcycle - Cruiser), 084 Off-road 
Vehicle - Dirt Bike / Off-Road), 085 
(Motorcycle - Dual Sport / Adventure / 
Supermoto / On/Off-road), 086 (Off-
road Vehicle - Enduro (Off-road long-
distance racing)), 087 (Motorcycle - 
Small / Minibike), 090 (Motorcycle - 
Side Car), 094 (Motorcycle - Custom), 
098 (Motorcycle - Street), 104 
(Motorcycle - Moped), 109 
(Motorcycle - Cross Country), 110 
(Motorcycle - Underbone),  113 (Off-
road Vehicle - Motocross (Off-road 
short distance, closed track racing)), 
114 (Motorcycle - Competition), or 
125 (Motorcycle - Unknown Body 
Type), for this vehicle, and any 
RELATED FACTORS - VEHICLE 
LEVEL does not equal 030, 
RELATION TO TRAFFICWAY 
equals _____, 
LOCATION OF ROLLOVER should 
equal _____ respectively. 
AE1P 
VEHICLE CONFIGURATION equals 
05-08, 
vPIC BODY CLASS must equal 066 
(Truck-Tractor), or FINAL STAGE 
BODY CLASS must equal 066 
(Truck-Tractor)."
CRSS,2024,vehicle.csv,ROLLOVER,candidate_feature,vehicle,933,"Appendix B: 2024 Consistency Checks 
B-212 
2024 FARS/CRSS Coding and Validation Manual 
Error ID 
IF 
THEN 
(THIS VEHICLE) and VEHICLE 
NUMBER (OTHER VEHICLE),  
446P 
the vehicle is not involved in any 
events where VEHICLE SEQUENCE 
OF EVENTS equals 12, 14, 45, or 55; 
AREAS OF IMPACT (THIS 
VEHICLE) equals 01-14, 61-63, 81-
83, 98, or 99; and vPIC BODY 
CLASS does not equal 006, 012, 069, 
080-083, 084, 085, 086, 087, 088, 090, 
094, 097, 098, 104, 109, 110, 113, 
114, or 125 for both VEHICLE 
NUMBER (THIS VEHICLE) and 
VEHICLE NUMBER (OTHER 
VEHICLE) but is involved in events 
where AREAS OF IMPACT (THIS 
VEHICLE) equals 19 and vPIC 
BODY CLASS does not equal 006, 
012, 069, 080-083, 084, 085, 086, 087, 
088, 090, 094, 097, 098, 104, 109, 
110, 113, 114, or 125 for both 
VEHICLE NUMBER (THIS 
VEHICLE) and VEHICLE NUMBER 
(OTHER VEHICLE),  
VEHICLE UNDERRIDE/OVERRIDE 
should equal 7. [Explanation: If the 
object set in motion is a parked or 
working motor vehicle, VEHICLE 
UNDERRIDE/OVERRIDE could 
equal 0, 1, 2, 8, or 9.] 
 
Rollover 
Error ID 
IF 
THEN 
1Z2P 
any SEQUENCE OF EVENTS equals 
01 and vPIC BODY CLASS does not 
equal 006 (Motorcycle - Standard), 
012 (Motorcycle - Scooter), 080 
(Motorcycle - Sport), 081 (Motorcycle 
- Touring/Sport Touring), 082 
(Motorcycle - Cruiser), 084 (Off-Road 
Vehicle - Dirt Bike/Off-Road), 085 
(Motorcycle - Dual Sport / Adventure / 
Supermoto / On/Off-road), 086 (Off-
Road Vehicle - Enduro (Off-road long-
distance racing)), 087 (Motorcycle - 
Small/Minibike), 090 (Motorcycle - 
Side Car), 094 (Motorcycle - Custom), 
098 (Motorcycle - Street), 104 
ROLLOVER must equal 3."
CRSS,2024,vehicle.csv,ROLLOVER,candidate_feature,vehicle,934,"Appendix B: 2024 Consistency Checks 
B-213 
2024 FARS/CRSS Coding and Validation Manual 
Error ID 
IF 
THEN 
(Moped), 109 (Motorcycle - Cross 
Country), 110 (Motorcycle - 
Underbone), 113 (Off-road Vehicle - 
Motorcross (Off-road short distance, 
closed track racing)), 114 (Motorcycle 
- Competition), or 125 (Motorcycle - 
Unknown Body Type), or any 
RELATED FACTORS-VEHICLE 
LEVEL equals 030, 
5A0P 
vPIC BODY CLASS equals 006 
(Motorcycle - Standard), 012 
(Motorcycle - Scooter), 080 
(Motorcycle - Sport), 081 (Motorcycle 
- Touring/Sport Touring), 082 
(Motorcycle - Cruiser), 084 (Off-Road 
Vehicle - Dirt Bike/Off-Road), 085 
(Motorcycle - Dual Sport / Adventure / 
Supermoto / On/Off-road), 086 (Off-
Road Vehicle - Enduro (Off-road long-
distance racing)), 087 (Motorcycle - 
Small/Minibike), 090 (Motorcycle - 
Side Car), 094 (Motorcycle - Custom), 
098 (Motorcycle - Street), 104 
(Moped), 109 (Motorcycle - Cross 
Country), 110 (Motorcycle - 
Underbone), 113 (Off-road Vehicle - 
Motorcross (Off-road short distance, 
closed track racing)), 114 (Motorcycle 
- Competition), or 125 (Motorcycle - 
Unknown Body Type), and any 
RELATED FACTORS - VEHICLE 
LEVEL does not equal 030, 
ROLLOVER must equal 8 and 
LOCATION OF ROLLOVER must 
equal 8. 
V74P 
UNIT TYPE equals 1, and 
ROLLOVER equals 3, or LOCATION 
OF ROLLOVER equals 1-7, 9, 
at least one SEQUENCE OF EVENTS 
must equal 01 for this vehicle. 
V75P 
ROLLOVER is not blank, 
LOCATION OF ROLLOVER must 
not be blank. 
V76P 
ROLLOVER is blank, 
LOCATION OF ROLLOVER must be 
blank. 
V77P 
ROLLOVER equals 3, 
LOCATION OF ROLLOVER must 
equal 1-7, 9."
CRSS,2024,vehicle.csv,ROLLOVER,candidate_feature,vehicle,935,"Appendix B: 2024 Consistency Checks 
B-214 
2024 FARS/CRSS Coding and Validation Manual 
Error ID 
IF 
THEN 
V78P 
ROLLOVER equals 0, 
LOCATION OF ROLLOVER must 
equal 0. 
 
Location of Rollover 
Error ID 
IF 
THEN 
5A0P 
vPIC BODY CLASS equals 006 
(Motorcycle - Standard), 012 
(Motorcycle - Scooter), 080 
(Motorcycle - Sport), 081 (Motorcycle 
- Touring/Sport Touring), 082 
(Motorcycle - Cruiser), 084 (Off-Road 
Vehicle - Dirt Bike/Off-Road), 085 
(Motorcycle - Dual Sport / Adventure / 
Supermoto / On/Off-road), 086 (Off-
Road Vehicle - Enduro (Off-road long-
distance racing)), 087 (Motorcycle - 
Small/Minibike), 090 (Motorcycle - 
Side Car), 094 (Motorcycle - Custom), 
098 (Motorcycle - Street), 104 
(Moped), 109 (Motorcycle - Cross 
Country), 110 (Motorcycle - 
Underbone), 113 (Off-road Vehicle - 
Motorcross (Off-road short distance, 
closed track racing)), 114 (Motorcycle 
- Competition), or 125 (Motorcycle - 
Unknown Body Type), and any 
RELATED FACTORS - VEHICLE 
LEVEL does not equal 030, 
ROLLOVER must equal 8 and 
LOCATION OF ROLLOVER must 
equal 8. 
A380 
FIRST HARMFUL EVENT equals 01 
and this vehicle is involved in the 
FIRST HARMFUL EVENT, and vPIC 
BODY CLASS does not equal 006 
(Motorcycle - Standard), 012 
(Motorcycle - Scooter), 080 
(Motorcycle - Sport), 081 (Motorcycle 
- Touring / Sport Touring), 082 
(Motorcycle - Cruiser),  084 Off-road 
Vehicle - Dirt Bike / Off-Road), 085 
(Motorcycle - Dual Sport / Adventure / 
Supermoto / On/Off-road), 086 (Off-
road Vehicle - Enduro (Off-road long-
distance racing)), 087 (Motorcycle - 
LOCATION OF ROLLOVER should 
equal _____ respectively."
CRSS,2024,vehicle.csv,ROLLOVER,candidate_feature,vehicle,936,"Appendix B: 2024 Consistency Checks 
B-215 
2024 FARS/CRSS Coding and Validation Manual 
Error ID 
IF 
THEN 
Small / Minibike), 090 (Motorcycle - 
Side Car), 094 (Motorcycle - Custom), 
098 (Motorcycle - Street), 104 
(Motorcycle - Moped), 109 
(Motorcycle - Cross Country), 110 
(Motorcycle - Underbone),  113 (Off-
road Vehicle - Motocross (Off-road 
short distance, closed track racing)), 
114 (Motorcycle - Competition), or 
125 (Motorcycle - Unknown Body 
Type), for this vehicle, and any 
RELATED FACTORS - VEHICLE 
LEVEL does not equal 030, 
RELATION TO TRAFFICWAY 
equals _____, 
V74P 
UNIT TYPE equals 1, and 
ROLLOVER equals 3, or LOCATION 
OF ROLLOVER equals 1-7, 9, 
at least one SEQUENCE OF EVENTS 
must equal 01 for this vehicle. 
V75P 
ROLLOVER is not blank, 
LOCATION OF ROLLOVER must 
not be blank. 
V76P 
ROLLOVER is blank, 
LOCATION OF ROLLOVER must be 
blank. 
V77P 
ROLLOVER equals 3, 
LOCATION OF ROLLOVER must 
equal 1-7, 9. 
V78P 
ROLLOVER equals 0, 
LOCATION OF ROLLOVER must 
equal 0. 
 
Areas of Impact—Initial Contact Point / Damaged Areas 
Error ID 
IF 
THEN 
2U0Q 
vPIC BODY CLASS equals 006 
(Motorcycle - Standard), 012 
(Motorcycle - Scooter), 080 
(Motorcycle - Sport), 081 (Motorcycle 
- Touring/Sport Touring), 082 
(Motorcycle - Cruiser), 083 
(Motorcycle - Three-Wheeled 
Motorcycle [2 Rear Wheels]), 084 
(Off-Road Vehicle - Dirt Bike/Off-
Road), 085 (Motorcycle - Dual Sport / 
Adventure / Supermoto / On/Off-
AREA OF IMPACT - INITIAL 
CONTACT POINT should not equal 
14."
CRSS,2024,vehicle.csv,ROLLOVER,candidate_feature,vehicle,947,"Appendix B: 2024 Consistency Checks 
B-226 
2024 FARS/CRSS Coding and Validation Manual 
Error ID 
IF 
THEN 
(Unknown), and vPIC BODY CLASS 
equals 999 (Unknown),  
 
Sequence of Events 
Error ID 
IF 
THEN 
1Z0N 
SEQUENCE OF EVENTS for this 
vehicle should not include more than 
one occurrence of 01. Please see 
SEQUENCE OF EVENTS remarks for 
01 (Rollover/Overturn) to confirm 
coding. 
-- 
1Z1N 
SEQUENCE OF EVENTS for this 
vehicle should not equal 01, 67 
consecutively or 67, 01 consecutively. 
-- 
1Z1P 
any SEQUENCE OF EVENTS equals 
66, 
ROADWAY GRADE should equal 6 
for this vehicle. 
1Z2N 
the vehicle SEQUENCE OF EVENTS 
should not equal 01 immediately 
followed by 05. 
-- 
1Z2P 
any SEQUENCE OF EVENTS equals 
01 and vPIC BODY CLASS does not 
equal 006 (Motorcycle - Standard), 
012 (Motorcycle - Scooter), 080 
(Motorcycle - Sport), 081 (Motorcycle 
- Touring/Sport Touring), 082 
(Motorcycle - Cruiser), 084 (Off-Road 
Vehicle - Dirt Bike/Off-Road), 085 
(Motorcycle - Dual Sport / Adventure / 
Supermoto / On/Off-road), 086 (Off-
Road Vehicle - Enduro (Off-road long-
distance racing)), 087 (Motorcycle - 
Small/Minibike), 090 (Motorcycle - 
Side Car), 094 (Motorcycle - Custom), 
098 (Motorcycle - Street), 104 
(Moped), 109 (Motorcycle - Cross 
Country), 110 (Motorcycle - 
Underbone), 113 (Off-road Vehicle - 
Motorcross (Off-road short distance, 
closed track racing)), 114 (Motorcycle 
- Competition), or 125 (Motorcycle - 
ROLLOVER must equal 3."
CRSS,2024,vehicle.csv,ROLLOVER,candidate_feature,vehicle,960,"Appendix B: 2024 Consistency Checks 
B-239 
2024 FARS/CRSS Coding and Validation Manual 
Error ID 
IF 
THEN 
U654 
UNLIKELY: SEQUENCE OF 
EVENTS equals 64, 68 consecutively. 
-- 
U655 
UNLIKELY: TRAFFICWAY 
DESCRIPTION equals 2, 3, 4, 6, or 7, 
and SEQUENCE OF EVENTS 
contains 68 for this vehicle. 
-- 
U675 
UNLIKELY: TRAFFICWAY 
DESCRIPTION equals 1, 4, or 5, and 
any SEQUENCE OF EVENTS equals 
65 for this vehicle. 
-- 
V74P 
UNIT TYPE equals 1, and 
ROLLOVER equals 3, or LOCATION 
OF ROLLOVER equals 1-7, 9, 
at least one SEQUENCE OF EVENTS 
must equal 01 for this vehicle. 
V990 
any SEQUENCE OF EVENTS equals 
61, 
CONTRIBUTING 
CIRCUMSTANCES, MOTOR 
VEHICLE should not equal 00. 
VH70 
UNIT TYPE equals 2-4, 
elements JACKKNIFE, TRAVEL 
SPEED, AND SEQUENCE OF 
EVENTS must all be left blank. 
VH83 
the only harmful SEQUENCE OF 
EVENTS for this vehicle equals 04-06, 
DAMAGED AREAS should equal 15. 
VH84 
the only harmful SEQUENCE OF 
EVENTS for this vehicle equals 01-03, 
16, 44, 51, 72, 98, 
DAMAGED AREAS should not equal 
15. 
 
Sequence of Events—FARS Only 
Error ID 
IF 
THEN 
A230 
SEQUENCE OF EVENTS equals 10, 
FUNCTIONAL SYSTEM (b) should 
not equal 01 or 02. 
 
Most Harmful Event 
Error ID 
IF 
THEN 
A041 
CRASH MONTH equals 05-09, 
SEQUENCE OF EVENTS, FIRST 
HARMFUL EVENT, MOST 
HARMFUL EVENT should not equal 
48."
CRSS,2024,vehicle.csv,ROLLOVER,candidate_feature,vehicle,965,"Appendix B: 2024 Consistency Checks 
B-244 
2024 FARS/CRSS Coding and Validation Manual 
Error ID 
IF 
THEN 
- Cross Country), or 125 (Motorcycle - 
Unknown Body Type), and VEHICLE 
MODEL YEAR is less than 2021, 
VA99 
vPIC BODY CLASS equals 04 (Low 
Speed Vehicle (LSV) / Neighborhood 
Electric Vehicle (NEV)), 012 
(Motorcycle - Scooter), 069 (Off-road 
Vehicle - All Terrain Vehicle (ATV) 
(Motorcycle-style)), 084 (Off-Road 
Vehicle - Dirt Bike/Off-Road), 086 
(Off-Road Vehicle - Enduro (Off-road 
long-distance racing)), 087 
(Motorcycle - Small/Minibike), 088 
(Off-road Vehicle - Go Kart), 097 
(Off-road Vehicle - Snowmobile), 104 
(Moped), 105 (Off-road Vehicle - 
Multipurpose Off-Highway Utility 
Vehicles [MOHUV] or Recreational 
Off-Highway Vehicle [ROV]), 110 
(Motorcycle - Underbone), 113 (Off-
road Vehicle - Motorcross (Off-road 
short distance, closed track racing)), 
114 (Motorcycle - Competition), 124 
(Off-road Vehicle - Golf Cart), 126 
(Off-road Vehicle - Farm Equipment), 
127 (Off-road Vehicle - Construction 
Equipment), or 997 (Other), 
MOTOR VEHICLE AUTOMATED 
DRIVING SYSTEM(S) Subfield 1 
must equal 00. 
Related Factors—Vehicle Level 
Error ID 
IF 
THEN 
1D2P 
SPECIAL USE equals 12 or 21,  
at least one RELATED FACTORS - 
VEHICLE LEVEL must equal 042. 
1G0P 
any RELATED FACTORS-VEHICLE 
LEVEL equals 000, 
only that one code and no other must 
be coded. 
1Z2P 
any SEQUENCE OF EVENTS equals 
01 and vPIC BODY CLASS does not 
equal 006 (Motorcycle - Standard), 
012 (Motorcycle - Scooter), 080 
(Motorcycle - Sport), 081 (Motorcycle 
- Touring/Sport Touring), 082 
(Motorcycle - Cruiser), 084 (Off-Road 
Vehicle - Dirt Bike/Off-Road), 085 
ROLLOVER must equal 3."
CRSS,2024,vehicle.csv,ROLLOVER,candidate_feature,vehicle,966,"Appendix B: 2024 Consistency Checks 
B-245 
2024 FARS/CRSS Coding and Validation Manual 
Error ID 
IF 
THEN 
(Motorcycle - Dual Sport / Adventure / 
Supermoto / On/Off-road), 086 (Off-
Road Vehicle - Enduro (Off-road long-
distance racing)), 087 (Motorcycle - 
Small/Minibike), 090 (Motorcycle - 
Side Car), 094 (Motorcycle - Custom), 
098 (Motorcycle - Street), 104 
(Moped), 109 (Motorcycle - Cross 
Country), 110 (Motorcycle - 
Underbone), 113 (Off-road Vehicle - 
Motorcross (Off-road short distance, 
closed track racing)), 114 (Motorcycle 
- Competition), or 125 (Motorcycle - 
Unknown Body Type), or any 
RELATED FACTORS-VEHICLE 
LEVEL equals 030, 
4G0P 
A RELATED FACTORS-VEHICLE 
LEVEL between 030 and 045 can be 
used only once per vehicle form. 
-- 
5A0P 
vPIC BODY CLASS equals 006 
(Motorcycle - Standard), 012 
(Motorcycle - Scooter), 080 
(Motorcycle - Sport), 081 (Motorcycle 
- Touring/Sport Touring), 082 
(Motorcycle - Cruiser), 084 (Off-Road 
Vehicle - Dirt Bike/Off-Road), 085 
(Motorcycle - Dual Sport / Adventure / 
Supermoto / On/Off-road), 086 (Off-
Road Vehicle - Enduro (Off-road long-
distance racing)), 087 (Motorcycle - 
Small/Minibike), 090 (Motorcycle - 
Side Car), 094 (Motorcycle - Custom), 
098 (Motorcycle - Street), 104 
(Moped), 109 (Motorcycle - Cross 
Country), 110 (Motorcycle - 
Underbone), 113 (Off-road Vehicle - 
Motorcross (Off-road short distance, 
closed track racing)), 114 (Motorcycle 
- Competition), or 125 (Motorcycle - 
Unknown Body Type), and any 
RELATED FACTORS - VEHICLE 
LEVEL does not equal 030, 
ROLLOVER must equal 8 and 
LOCATION OF ROLLOVER must 
equal 8."
CRSS,2024,vehicle.csv,ROLLOVER,candidate_feature,vehicle,967,"Appendix B: 2024 Consistency Checks 
B-246 
2024 FARS/CRSS Coding and Validation Manual 
Error ID 
IF 
THEN 
6G0Q 
any RELATED FACTORS - 
VEHICLE LEVEL equals 030, 
vPIC BODY CLASS must equal 006 
(Motorcycle - Standard), 012 
(Motorcycle - Scooter), 080 
(Motorcycle - Sport), 081 (Motorcycle 
- Touring/Sport Touring), 082 
(Motorcycle - Cruiser), 084 (Off-Road 
Vehicle - Dirt Bike/Off-Road), 085 
(Motorcycle - Dual Sport / Adventure / 
Supermoto / On/Off-road), 086 (Off-
Road Vehicle - Enduro (Off-road long-
distance racing)), 087 (Motorcycle - 
Small/Minibike), 094 (Motorcycle - 
Custom), 098 (Motorcycle - Street), 
104 (Moped), 109 (Motorcycle - Cross 
Country), 110 (Motorcycle - 
Underbone), 113 (Off-road Vehicle - 
Motorcross (Off-road short distance, 
closed track racing)), 114 (Motorcycle 
- Competition), or 125 (Motorcycle - 
Unknown Body Type), for this 
vehicle. 
9C1P 
UNIT TYPE equals 4, 
RELATED FACTORS-VEHICLE 
LEVEL must not equal 039. 
A380 
FIRST HARMFUL EVENT equals 01 
and this vehicle is involved in the 
FIRST HARMFUL EVENT, and vPIC 
BODY CLASS does not equal 006 
(Motorcycle - Standard), 012 
(Motorcycle - Scooter), 080 
(Motorcycle - Sport), 081 (Motorcycle 
- Touring / Sport Touring), 082 
(Motorcycle - Cruiser),  084 Off-road 
Vehicle - Dirt Bike / Off-Road), 085 
(Motorcycle - Dual Sport / Adventure / 
Supermoto / On/Off-road), 086 (Off-
road Vehicle - Enduro (Off-road long-
distance racing)), 087 (Motorcycle - 
Small / Minibike), 090 (Motorcycle - 
Side Car), 094 (Motorcycle - Custom), 
098 (Motorcycle - Street), 104 
(Motorcycle - Moped), 109 
(Motorcycle - Cross Country), 110 
(Motorcycle - Underbone),  113 (Off-
road Vehicle - Motocross (Off-road 
LOCATION OF ROLLOVER should 
equal _____ respectively."
CRSS,2024,vehicle.csv,ROLLOVER,candidate_feature,vehicle,1143,"Appendix B: 2024 Consistency Checks 
B-422 
2024 FARS/CRSS Coding and Validation Manual 
Error ID 
Error Message 
(Off-Road Vehicle - Enduro (Off-road long-distance racing)), 087 (Motorcycle - 
Small/Minibike), 090 (Motorcycle - Side Car), 094 (Motorcycle - Custom), 098 
(Motorcycle - Street), 104 (Moped), 109 (Motorcycle - Cross Country), 110 
(Motorcycle - Underbone), 113 (Off-road Vehicle - Motorcross (Off-road short 
distance, closed track racing)), 114 (Motorcycle - Competition), or 125 
(Motorcycle - Unknown Body Type), then SEATING POSITION must not 
equal 12-56, 99. 
1R0P 
If SEATING POSITION equals 51, and vPIC BODY CLASS equals 016 (Bus), 
068 (Streetcar / Trolley), or 73 (Bus-School Bus), or FINAL STAGE BODY 
CLASS equals 016 (Bus), 068 (Streetcar / Trolley), or 73 (Bus-School Bus), 
then INJURY SEVERITY must not equal 0, 9. 
1R1P 
If DIED AT SCENE/EN ROUTE equals 7, 8, then INJURY SEVERITY must 
equal 4. 
1T0P 
If SPEED LIMIT for every vehicle is greater than 55 and not equal to 98 or 99, 
then RURAL URBAN CLASSIFICATION (a) should not equal 2 or 6, and 
FUNCTIONAL SYSTEM (b) should not equal 06, 07, or 96. 
1U1F 
If INJURY SEVERITY equals 4, then DEATH DATE must not equal 
88888888. 
1U2F 
If INJURY SEVERITY equals 4, then DEATH TIME must not equal 8888. 
1V0P 
If DEATH MONTH or DAY equals 88, or DEATH YEAR equals 8888, then all 
must equal 8s. 
1W0P 
If any RELATED FACTORS-PERSON LEVEL equals 000, then only that one 
code and no other must be coded. 
1Y0P 
If RELATION TO JUNCTION (b) equals 06, then RAIL GRADE CROSSING 
IDENTIFIER must not equal 0000000. 
1Z0N 
SEQUENCE OF EVENTS for this vehicle should not include more than one 
occurrence of 01. Please see SEQUENCE OF EVENTS remarks for 01 
(Rollover/Overturn) to confirm coding. 
1Z1N 
SEQUENCE OF EVENTS for this vehicle should not equal 01, 67 
consecutively or 67, 01 consecutively. 
1Z1P 
If any SEQUENCE OF EVENTS equals 66, then ROADWAY GRADE should 
equal 6 for this vehicle. 
1Z2N 
The vehicle SEQUENCE OF EVENTS should not equal 01 immediately 
followed by 05. 
1Z2P 
If any SEQUENCE OF EVENTS equals 01 and vPIC BODY CLASS does not 
equal 006 (Motorcycle - Standard), 012 (Motorcycle - Scooter), 080 
(Motorcycle - Sport), 081 (Motorcycle - Touring/Sport Touring), 082 
(Motorcycle - Cruiser), 084 (Off-Road Vehicle - Dirt Bike/Off-Road), 085 
(Motorcycle - Dual Sport / Adventure / Supermoto / On/Off-road), 086 (Off-"
CRSS,2024,vehicle.csv,ROLLOVER,candidate_feature,vehicle,1144,"Appendix B: 2024 Consistency Checks 
B-423 
2024 FARS/CRSS Coding and Validation Manual 
Error ID 
Error Message 
Road Vehicle - Enduro (Off-road long-distance racing)), 087 (Motorcycle - 
Small/Minibike), 090 (Motorcycle - Side Car), 094 (Motorcycle - Custom), 098 
(Motorcycle - Street), 104 (Moped), 109 (Motorcycle - Cross Country), 110 
(Motorcycle - Underbone), 113 (Off-road Vehicle - Motorcross (Off-road short 
distance, closed track racing)), 114 (Motorcycle - Competition), or 125 
(Motorcycle - Unknown Body Type), or any RELATED FACTORS-VEHICLE 
LEVEL equals 030, then ROLLOVER must equal 3. 
1Z3N 
If vPIC Body Class equals 006 (Motorcycle - Standard), 012 (Motorcycle - 
Scooter), 080 (Motorcycle - Sport), 081 (Motorcycle - Touring/Sport Touring), 
082 (Motorcycle - Cruiser), 084 (Off-Road Vehicle - Dirt Bike/Off-Road), 085 
(Motorcycle - Dual Sport / Adventure / Supermoto / On/Off-road), 086 (Off-
Road Vehicle - Enduro (Off-road long-distance racing)), 087 (Motorcycle - 
Small/Minibike), 090 (Motorcycle - Side Car), 094 (Motorcycle - Custom), 098 
(Motorcycle - Street), 104 (Moped), 109 (Motorcycle - Cross Country), 110 
(Motorcycle - Underbone), 113 (Off-road Vehicle - Motorcross (Off-road short 
distance, closed track racing)), 114 (Motorcycle - Competition), or 125 
(Motorcycle - Unknown Body Type), then SEQUENCE OF EVENTS for this 
vehicle should not equal any of the collision events 08, 09, 10, 11, 12, 14, 15, 
17, 18, 19, 20, 21, 23, 24, 25, 26, 30, 31, 32, 33, 34, 35, 38, 39, 40, 41, 42, 43, 
45, 46, 48, 49, 50, 52, 53, 54, 55, 57, 58, 59, 73, 74, 91, 93, immediately 
followed by 01 or 05. 
1Z4N 
SEQUENCE OF EVENTS must not equal 63, 64, 71, 66, 67, or 69 more than 
once consecutively for this vehicle. 
1Z4P 
If all events in the SEQUENCE OF EVENTS for this vehicle equal 05, then 
EJECTION must not equal 1, 2, 3, 7, or 9. 
1Z5P 
If this vehicle is involved in more than one event and SEQUENCE OF 
EVENTS equals 05 for one of them, then EJECTION must not equal 1, 2, 3, 7, 
or 9 for every occupant in the vehicle. 
1Z6P 
If this vehicle is involved in more than one event and SEQUENCE OF 
EVENTS equals 05 for one of them, then EJECTION should not equal 1, 2, 3, 7, 
or 9 for some occupants and not others. (It's unlikely that one occupant would 
fall and another occupant would be ejected from the same vehicle.) 
1Z7P 
If SEQUENCE OF EVENTS equals 69 for this vehicle, then this vehicle's 
SEQUENCE OF EVENTS must include 63, 64, 71, or 79 in a prior event. 
1Z8P 
If the SEQUENCE OF EVENTS for this vehicle includes 46, then TRAFFIC 
CONTROL DEVICE should not equal 00. 
1Z9P 
This vehicle’s SEQUENCE OF EVENTS must only include 02, 03, or 04 once."
CRSS,2024,vehicle.csv,ROLLOVER,candidate_feature,vehicle,1167,"Appendix B: 2024 Consistency Checks 
B-446 
2024 FARS/CRSS Coding and Validation Manual 
Error ID 
Error Message 
550F 
If FIRST HARMFUL EVENT equals 08, then at least one person must have 
PERSON TYPE equal 05, 10. 
560F 
If FIRST HARMFUL EVENT equals 09, then at least one person must have 
PERSON TYPE equal to 06, 07. 
570F 
If FIRST HARMFUL EVENT equals 05, 06, then at least one PERSON TYPE 
equal to 01-03, 09 must have INJURY SEVERITY equal to 1-5, or blank. 
580F 
If FIRST HARMFUL EVENT equals 14, and RELATED FACTORS - 
PERSON (MV OCCUPANT) LEVEL does not equal 032, 089 for at least one 
occupant in the not in-transport motor vehicle involved in the FIRST 
HARMFUL EVENT, then RELATION TO TRAFFICWAY should not equal 
01. 
590F 
If FIRST HARMFUL EVENT equals 15, then at least one Person Level form 
must have a PERSON TYPE code of 08. 
5A0P 
If vPIC BODY CLASS equals 006 (Motorcycle - Standard), 012 (Motorcycle - 
Scooter), 080 (Motorcycle - Sport), 081 (Motorcycle - Touring/Sport Touring), 
082 (Motorcycle - Cruiser), 084 (Off-Road Vehicle - Dirt Bike/Off-Road), 085 
(Motorcycle - Dual Sport / Adventure / Supermoto / On/Off-road), 086 (Off-
Road Vehicle - Enduro (Off-road long-distance racing)), 087 (Motorcycle - 
Small/Minibike), 090 (Motorcycle - Side Car), 094 (Motorcycle - Custom), 098 
(Motorcycle - Street), 104 (Moped), 109 (Motorcycle - Cross Country), 110 
(Motorcycle - Underbone), 113 (Off-road Vehicle - Motorcross (Off-road short 
distance, closed track racing)), 114 (Motorcycle - Competition), or 125 
(Motorcycle - Unknown Body Type), and any RELATED FACTORS - 
VEHICLE LEVEL does not equal 030, then ROLLOVER must equal 8 and 
LOCATION OF ROLLOVER must equal 8. 
5AAP 
The Final STRATUM should equal the Original STRATUM. 
5B0Q 
If JACKKNIFE equals 0, then VEHICLE TRAILING must equal 0, 5, or 6. 
5D0P 
If SPECIAL USE equals 04, then vPIC BODY CLASS should equal 007 (Sport 
Utility Vehicle (SUV)/Multi-Purpose Vehicle (MPV)), 009 (Van), 011 (Truck), 
016 (Bus), 060 (Pickup), 066 (Truck-Tractor), 095 (Cargo Van), 119 (Sport 
Utility Truck (SUT)), 997 (Other (Specify:)), or 999 (Unknown), or FINAL 
STAGE BODY CLASS should equal 009 (Van), 011 (Truck), 016 (Bus), 060 
(Pickup), 066 (Truck-Tractor), 095 (Cargo Van), 119 (Sport Utility Truck 
(SUT)), 997 (Other (Specify:)), or 999 (Unknown). 
5F0F 
If NUMBER OF OCCUPANTS equals 00-98, and vPIC BODY CLASS does 
not equal 016 (Bus), 068 (Streetcar / Trolley), or 73 (Bus-School Bus), and 
FINAL STAGE BODY CLASS does not equal 016 (Bus), 068 (Streetcar / 
Trolley), or 73(Bus-School Bus), then the number of Person Level forms for that 
vehicle must be equal to the NUMBER OF OCCUPANTS."
CRSS,2024,vehicle.csv,ROLLOVER,candidate_feature,vehicle,1185,"Appendix B: 2024 Consistency Checks 
B-464 
2024 FARS/CRSS Coding and Validation Manual 
Error ID 
Error Message 
Unknown Body Type), for this vehicle, and any RELATED FACTORS - 
VEHICLE LEVEL does not equal 030, and RELATION TO TRAFFICWAY 
equals _____, then LOCATION OF ROLLOVER should equal _____ 
respectively. 
A390 
If FIRST HARMFUL EVENT equals 17, 19-21, 23-26, 30-35, 38-43, 52, 53, 
57, 58, 93, then RELATION TO TRAFFICWAY should not equal 01, 02, 05, 
07, 11. 
A3C0 
If FIRST HARMFUL EVENT equals 02-07, 16, 44, 51, 72, then CRASH TYPE 
must equal 00 for the vehicle involved in the FIRST HARMFUL EVENT. 
A3D0 
If FIRST HARMFUL EVENT equals 01-07, 16, 44, 51, 72, then CRASH TYPE 
must not equal 20-91. 
A3E0 
If CRASH TYPE equals 13, then FIRST HARMFUL EVENT must equal 08, 
09, 11, 15 or 49. 
A3G0 
If INTERSTATE HIGHWAY equals 1, RELATION TO JUNCTION (a) equals 
1, and RELATION TO JUNCTION (b) is not equal to 03 or 05 or 20, then 
TOTAL LANES IN ROADWAY should not equal 1 for at least one vehicle 
involved in the FIRST HARMFUL EVENT. 
A3H0 
If INTERSTATE HIGHWAY equals 1, RELATION TO JUNCTION (a) equals 
1, and RELATION TO JUNCTION (b) is not equal to 03 or 05 or 20, then 
TRAFFICWAY DESCRIPTION should not equal 4 for at least one vehicle 
involved in the FIRST HARMFUL EVENT. 
A3H1 
If INTERSTATE HIGHWAY equals 1, then TRAFFICWAY DESCRIPTION 
should equal 2, 3, 6, or 7 for at least one vehicle. 
A3H2 
If INTERSTATE HIGHWAY equals 1, and RELATION TO JUNCTION (a) 
equals 0, then TOTAL LANES IN ROADWAY should not equal 1 for any 
vehicle. 
A3H3 
If INTERSTATE HIGHWAY equals 1, and RELATION TO JUNCTION (a) 
equals 0, then SPEED LIMIT should not equal 05-40 for any vehicle. 
A3H4 
If INTERSTATE HIGHWAY equals 1, and RELATION TO JUNCTION (a) 
equals 0, then RELATION TO JUNCTION (b) should not equal 02-04, 06, 08, 
16. 
A3H5 
If INTERSTATE HIGHWAY equals 1, then FIRST HARMFUL EVENT 
should not equal 10. 
A3H6 
If INTERSTATE HIGHWAY equals 1, then SIDEWALK PRESENT should 
equal 0. 
A3I0 
If INTERSTATE HIGHWAY equals 1, then RELATION TO JUNCTION (b) 
should not equal 02, 04, 06, 08, or 16."
CRSS,2024,vehicle.csv,ROLLOVER,candidate_feature,vehicle,1231,"Appendix B: 2024 Consistency Checks 
B-510 
2024 FARS/CRSS Coding and Validation Manual 
Error ID 
Error Message 
V596 
If SPECIAL USE equals 23, then POWER UNIT GVWR_FROM and POWER 
UNIT GVWR_TO must be in 13-18, and vPIC BODY CLASS must equal 009 
(Van), 011 (Truck), 060 (Pickup), or 095 (Cargo Van), or FINAL STAGE 
BODY CLASS must equal 009 (Van), 011 (Truck), 060 (Pickup), or 095 (Cargo 
Van). 
V59P 
If VEHICLE CONFIGURATION equals 06, then vPIC BODY CLASS must 
equal 066 (Truck-Tractor), or FINAL STAGE BODY CLASS must equal 066 
(Truck-Tractor), and VEHICLE TRAILING must equal 1. 
V59Q 
If ATTEMPTED AVOIDANCE MANEUVER equals 99, then DRIVER 
MANEUVERED TO AVOID should equal 00, 98, or 99. 
V600 
If REGISTERED VEHICLE OWNER equals 9, then REGISTRATION STATE 
should equal 91 or 99. 
V60P 
If VEHICLE CONFIGURATION equals 07, then vPIC BODY CLASS must 
equal 066 (Truck-Tractor), or FINAL STAGE BODY CLASS must equal 066 
(Truck-Tractor), and VEHICLE TRAILING must equal 2. 
V61P 
If VEHICLE CONFIGURATION equals 08, then vPIC BODY CLASS must 
equal 066 (Truck-Tractor), or FINAL STAGE BODY CLASS must equal 066 
(Truck-Tractor), and VEHICLE TRAILING must equal 3. 
V620 
If CRASH MONTH is between January and March, then the VEHICLE 
MODEL YEAR should NOT be greater than the CRASH YEAR unless it equals 
9998 or 9999 (contact Coding Assistance through the CDAN Helpdesk). 
V62P 
If VEHICLE TRAILING equals 0 and CARGO BODY TYPE equals 01-08, 97, 
98, and VEHICLE IDENTIFICATION NUMBER does not equal 8s or 9s, then 
POWER UNIT GVWR_from and GVWR_to must equal 13, 14, 15, 16, 17, or 
18.  
V630 
If REGISTRATION STATE equals 00, 92, then REGISTERED VEHICLE 
OWNER should NOT equal 5. 
V65P 
If POWER UNIT GVWR equals 13, 14, 15, 16, 17, or 18, then VEHICLE 
CONFIGURATION must not equal 00 and CARGO BODY TYPE must not 
equal 00. 
V670 
If REGISTERED VEHICLE OWNER equals 1, 2, then REGISTRATION 
STATE should NOT equal 99. 
V68P 
If CARGO BODY TYPE equals 12, then VEHICLE TRAILING must equal 5. 
V74P 
If UNIT TYPE equals 1, and ROLLOVER equals 3, or LOCATION OF 
ROLLOVER equals 1-7, 9, then at least one SEQUENCE OF EVENTS must 
equal 01 for this vehicle. 
V75P 
If ROLLOVER is not blank, then LOCATION OF ROLLOVER must not be 
blank."
CRSS,2024,vehicle.csv,ROLLOVER,candidate_feature,vehicle,1232,"Appendix B: 2024 Consistency Checks 
B-511 
2024 FARS/CRSS Coding and Validation Manual 
Error ID 
Error Message 
V76P 
If ROLLOVER is blank, then LOCATION OF ROLLOVER must be blank. 
V77P 
If ROLLOVER equals 3, then LOCATION OF ROLLOVER must equal 1-7, 9. 
V78P 
If ROLLOVER equals 0, then LOCATION OF ROLLOVER must equal 0. 
V790 
If vPIC BODY CLASS equals 002 (Minivan), and HM1 equals 1, then 
VEHICLE CONFIGURATION should equal 00, and CARGO BODY TYPE 
should equal 00. 
V791 
If vPIC BODY CLASS equals 998 or 999 and POWER UNIT GVWR_From is 
equal to 98 or 99, AND POWER UNIT GVWR_To equals 98 or 99, then 
VEHICLE CONFIGURATION must equal 99 and CARGO BODY TYPE must 
equal 99. 
V800 
If vPIC BODY CLASS equals 009 (Van), or FINAL STAGE BODY CLASS 
009 (Van), then VEHICLE CONFIGURATION should equal 00, 04, 10, 20, 21, 
88, or 99, and CARGO BODY TYPE should equal 00, 01, 22, or 99. 
V810 
If vPIC BODY CLASS equals 060 (Pickup), or FINAL STAGE BODY CLASS 
equals 060 (Pickup), and POWER UNIT GVWR_From equals 13, 14, or 15, 
and POWER UNIT GVWR_To equals 13, 14, or 15, and VEHICLE TRAILING 
equals 1-4, then VEHICLE CONFIGURATION should equal 04, and CARGO 
BODY TYPE should equal 01, 03, 04, 09. 
V840 
If vPIC BODY CLASS equals 016 (Bus), 068 (Streetcar / Trolley), or 073 (Bus-
School Bus), or FINAL STAGE BODY CLASS equals 016 (Bus), 068 
(Streetcar / Trolley), or 073 (Bus-School Bus), and POWER UNIT GVWR 
From_ and GVWR_To equals 13-18, then VEHICLE CONFIGURATION 
should equal 21, and CARGO BODY TYPE should equal 22. 
V850 
If vPIC BODY CLASS equals 111 (Step Van / Walk-in Van), or FINAL 
STAGE BODY CLASS equals 111 (Step Van / Walk-in Van), and POWER 
UNIT GVWR From_ and GVWR_To equals 13-18, then VEHICLE 
CONFIGURATION should equal 01 or 04, and CARGO BODY TYPE should 
equal 01. 
V860 
If vPIC BODY CLASS equals 011 (Truck), 129 (Street Sweeper), or 130 (Fire 
Apparatus), or FINAL STAGE BODY CLASS equals 011 (Truck), 129 (Street 
Sweeper), or 130 (Fire Apparatus), then VEHICLE CONFIGURATION should 
equal 01, 02, 04, or 88, and CARGO BODY TYPE should equal 01-10, 12, or 
96-98. 
V870 
If vPIC BODY CLASS equals 108 (Motorhome), or FINAL STAGE BODY 
CLASS equals 108 (Motorhome), and POWER UNIT GVWR From_ and 
GVWR_To equals 13-18, then VEHICLE CONFIGURATION should equal 19, 
and CARGO BODY TYPE should equal 97. 
V880 
If vPIC BODY CLASS equals 066 (Truck-Tractor), or FINAL STAGE BODY 
CLASS equals 066 (Truck-Tractor), then VEHICLE CONFIGURATION"
CRSS,2024,vehicle.csv,IMPACT1,candidate_feature,vehicle,272,"Areas of Impact - Initial Contact Point / Damaged Areas 
V34 
262 
2024 FARS/CRSS Coding and Validation Manual 
V34. Areas of Impact—Initial Contact Point / Damaged Areas 
Format 
2 subfields: Subfield 1, 2 numeric; Subfield 2, Select All That Apply 
SAS Name 
Vehicle.IMPACT1, Person.IMPACT1, Parkwork.PIMPACT1, Damage.DAMAGE 
Element Values 
Subfield 1: Areas of Impact—Initial Contact Point 
Codes 
Attributes 
00 
Non-Collision 
01-12 
Clock Points 
13 
Top 
14 
Undercarriage 
61 
Left 
62 
Left - Front Side 
63 
Left - Back Side 
81 
Right 
82 
Right - Front Side 
83 
Right - Back Side 
18 
Cargo/Vehicle Parts Set in Motion  
19 
Other Objects or Person Set in Motion 
20 
Object Set in Motion, Unknown if Cargo/Vehicle Parts or Other 
98 
Not Reported 
99 
Reported as Unknown 
 
Subfield 2: Damaged Areas 
Codes 
Attributes 
01-12 
Clock Values 
13 
Top 
14 
Undercarriage 
15 
No Damage 
99 
Damage Areas Unknown"
CRSS,2024,vehicle.csv,DEFORMED,candidate_feature,vehicle,281,"Extent of Damage 
V35 
271 
2024 FARS/CRSS Coding and Validation Manual 
V35. Extent of Damage 
Format 
1 numeric 
SAS Name 
Vehicle.DEFORMED, Parkwork.PVEH_SEV 
Element Values 
Codes 
Attributes 
0 
No Damage  
2 
Minor Damage  
4 
Functional Damage  
6 
Disabling Damage  
7 
Damage Reported, Extent Unknown 
8 
Not Reported 
9 
Reported as Unknown 
Definition 
This element indicates the amount of damage sustained by this vehicle in this crash as indicated 
in the case materials based on an operational damage scale. 
Remarks 
There is a distinction between the cost to repair the damage and the degree to which the damage 
affects the vehicle’s operability (totaled, under/over monetary threshold). Operational damage is 
recorded here. For example, if the available information indicates that the vehicle was totaled 
and the vehicle was towed away for any reason, use 6 (Disabling Damage). However, if the 
available information indicates that the vehicle was totaled, but the vehicle was driven away, use 
4 (Functional Damage). 
0 (No Damage) is used when there is no damage indicated in the available information for this 
vehicle. 
2 (Minor Damage) is damage that does not disable or affect the operation of the motor vehicle. 
This attribute is used when the case materials indicate damage to the vehicle to be Minor or less 
than Functional and the vehicle is not towed due to damage. Examples of 2 (Minor Damage) 
include: dented or bent fenders, bumpers, grills, body panels, and destroyed hubcaps. 
4 (Functional Damage) is damage that is not disabling but affects the operation of the motor 
vehicle or its parts. This attribute is used when the available information specifically indicates 
the damage is moderate or functional."
CRSS,2024,vehicle.csv,FIRE_EXP,candidate_feature,vehicle,318,"Fire Occurrence 
V39 
308 
2024 FARS/CRSS Coding and Validation Manual 
V39. Fire Occurrence 
Format 
1 numeric 
SAS Name 
Vehicle.FIRE_EXP, Person.FIRE_EXP, Parkwork.PFIRE 
Element Values 
Codes 
Attributes 
0 
No or Not Reported 
1 
Yes 
Definition 
This element identifies whether or not a fire in any way related to the crash occurred in this 
vehicle. 
Remarks 
For the purposes of this element, “vehicle” is defined to mean the power unit plus any and all 
trailing units associated with the power unit. 
If it cannot be determined that a fire occurred in the vehicle during the crash, use 0 (No or Not 
Reported). 
1 (Yes) is used when the case materials indicate that this vehicle sustained fire damage. 
Chemical fires observed in electric vehicles may result in a delayed ignition or reignition.  
In a multi-vehicle crash where a fire occurs, only the vehicles sustaining fire damage should be 
coded as 1 (Yes). 
Fires that begin in a vehicle before the first impact may be counted. If fire damage is produced, 
02 (Fire/Explosion) would be the FIRST HARMFUL EVENT. 
If the MOST HARMFUL EVENT for this vehicle is 02 (Fire/Explosion), or a fire in the vehicle 
is produced by damage in the crash, use 1 (Yes). The involved vehicles may be at rest for a short 
period of time. 
If the vehicles are at rest long enough to raise a question about the fire’s relationship to the 
crash’s damage-producing events, use 0 (No or Not Reported)."
CRSS,2024,vehicle.csv,SPEEDREL,candidate_feature,vehicle,366,"Speeding Related 
D22 
356 
2024 FARS/CRSS Coding and Validation Manual 
D22. Speeding Related 
Format 
1 numeric 
SAS Name 
Vehicle.SPEEDREL 
Element Values 
Codes 
Attributes 
0 
No  
2 
Yes, Racing 
3 
Yes, Exceeded Speed Limit 
4 
Yes, Too Fast for Conditions 
5 
Yes, Specifics Unknown 
9 
Reported as Unknown  
Definition 
This element identifies if the driver was speeding and it was related to the crash as identified by 
law enforcement. 
Remarks 
If the case materials state that more than one condition was present at the same time, enter the 
code with the lowest value. For example, if the driver was charged with “Too Fast for 
Conditions” and had a factor recorded for “Exceeded Speed Limit,” you would use code 3 (Yes, 
Exceeded Speed Limit) because that has a lower value than 4 (Yes, Too Fast for Conditions). 
Excessive or unsafe speed can be indicated in the case materials by the police issuing a citation 
for a speed offense, by their indicating a related or contributing factor, or through a description in 
the narrative. For driving too slowly or so as to impede traffic, see RELATED FACTORS—
DRIVER LEVEL 045 (Driving Less Than Posted Minimum). 
Do not compare an estimated travel speed to the posted speed limit for determining the correct 
attribute for this data element. 
0 (No) is used if the case materials do not indicate any speed related charges (violations, 
citations) and do not indicate any speed related factors. 
2 (Yes, Racing) is used when two or more motor vehicles are engaged in a speed-related 
competition on the trafficway. 
3 (Yes, Exceeded Speed Limit) is used when a motor vehicle is traveling above the 
posted/statutory speed limit on certain designated roadways and/or by certain types of vehicles 
(for trucks, buses, motorcycles, on bridge, at night, in school zone, etc.). This attribute would"
CRSS,2024,vehicle.csv,VTRAFWAY,candidate_feature,vehicle,423,"Trafficway Description 
PC5 
413 
2024 FARS/CRSS Coding and Validation Manual 
PC5. Trafficway Description 
Format 
1 numeric 
SAS Name 
Vehicle.VTRAFWAY 
Element Values 
Codes 
Attributes 
0 
Non-Trafficway or Driveway Access 
1 
Two-Way, Not Divided 
2 
Two-Way, Divided, Unprotected Median 
3 
Two-Way, Divided, Positive Median Barrier 
5 
Two-Way, Not Divided with a Continuous Left-Turn Lane 
4 
One-Way Trafficway 
6 
Entrance/Exit Ramp 
7 
Two-Way Divided, Unknown if Unprotected Median or Positive Median Barrier 
8 
Not Reported 
9 
Reported as Unknown 
Definition 
This element identifies the value indicated in the case materials that best describes the trafficway 
flow just prior to this vehicle’s CRITICAL PRECRASH EVENT. 
Remarks 
Enter the value indicated in the case materials that best describes the trafficway flow just prior to 
this vehicle’s CRITICAL PRECRASH EVENT. For vehicles departing the trafficway prior to 
their CRITICAL PRECRASH EVENT, the trafficway selected for classification is the one the 
vehicle departed. If this vehicle is in a junction just prior to its CRITICAL PRECRASH EVENT, 
the trafficway selected for classification is the one it is on before entering the junction. 
See the Coding Guide: Trafficway Components for helpful information. 
A trafficway may include several roadways if it is a physically divided highway. Trafficways are 
not physically divided unless the divider is a median, barrier, or other constructed device. 
Pavement markings do qualify when they meet the definition of a median. Refer to the 
definition of 03 (On Median) under RELATION TO TRAFFICWAY. 
A channelized lane should be considered a turn lane of the roadway it is part of, not a separate 
one-way roadway. Therefore, crashes occurring in a channelized lane should not be coded as on"
CRSS,2024,vehicle.csv,VNUM_LAN,candidate_feature,vehicle,426,"Total Lanes in Roadway 
PC6 
416 
2024 FARS/CRSS Coding and Validation Manual 
PC6. Total Lanes in Roadway 
Format 
1 numeric 
SAS Name 
Vehicle.VNUM_LAN 
Element Values 
Codes 
Attributes 
0 
Non-Trafficway or Driveway Access 
1 
One Lane 
2 
Two Lanes 
3 
Three Lanes 
4 
Four Lanes 
5 
Five Lanes 
6 
Six Lanes 
7 
Seven or More Lanes 
8 
Not Reported 
9 
Reported as Unknown 
Definition 
This element identifies the value indicated in the case materials that best describes the number of 
roadway lanes just prior to this vehicle’s CRITICAL PRECRASH EVENT. 
Remarks 
For vehicles departing the trafficway prior to their CRITICAL PRECRASH EVENT, the 
trafficway selected for classification is the one the vehicle departed. If this vehicle is in a 
junction just prior to its CRITICAL PRECRASH EVENT, the roadway selected for 
classification is the one it is on before entering the junction. 
See the Coding Guide: Total Lanes in Roadway for helpful information. 
A trafficway may have several roads or, if undivided, a single road. A road consists of the travel 
lanes plus any adjacent shoulder(s) or parking lanes. A trafficway consists of all roads plus any 
roadsides, medians, or dividers. The travel lanes constitute the roadway. A road is the roadway 
plus any adjacent shoulder(s). The TOTAL LANES IN ROADWAY counted here include the 
travel lanes but not the shoulder(s). 
The number of lanes counted does not include any of which are rendered unusable by restriction 
of the right-of-way (e.g., closed due to construction)."
CRSS,2024,vehicle.csv,VSPD_LIM,candidate_feature,vehicle,429,"Speed Limit 
PC7 
419 
2024 FARS/CRSS Coding and Validation Manual 
PC7. Speed Limit 
Format 
2 numeric 
SAS Name 
Vehicle.VSPD_LIM 
Element Values 
Codes 
Attributes 
00 
No Statutory Limit/Non-Trafficway or Driveway Access 
05-95 
Actual Speed Limit (in 5 mph increments) 
98 
Not Reported 
99 
Reported as Unknown 
Definition 
This element identifies the value indicated in the case materials that best represents the speed 
limit just prior to this vehicle’s CRITICAL PRECRASH EVENT. 
Remarks 
For vehicles departing the trafficway prior to their CRITICAL PRECRASH EVENT, the 
trafficway selected for classification is the one the vehicle departed. If this vehicle is in a 
junction just prior to its CRITICAL PRECRASH EVENT, the roadway selected for 
classification is the one it is on before entering the junction. 
Note: Refer to the highway speed limit that is operational at the time and place of the crash 
whether physically displayed or not. Try not to confuse advisory signs on entrance/exit ramps or 
near intersections with the actual legal maximum speed limit. Disregard advisory or other speed 
signs since they do not indicate the legal speed limit. If a State has a statute that uniformly 
reduces the maximum allowable speed limit within or near a construction zone, then code the 
indicated reduced speed limit, if known. 
Acceptable speed limits are in 5-mph increments. 
00 (No Statutory Limit/Non-Trafficway or Driveway Access) is used when there is no posted 
speed limit and no law that governs the maximum speed you can drive (dirt roads, private roads 
open to the public). Also use this attribute in cases when this vehicle is entering a trafficway but 
was not on a trafficway prior to its CRITICAL PRECRASH EVENT or when the vehicle was in 
a driveway access prior to its precrash event. 
When coding SPEED LIMIT for roadways with two different speed limits (for north and 
southbound lanes or east and westbound lanes), use the speed limit for the direction of travel 
where the CRITICAL PRECRASH EVENT begins."
CRSS,2024,vehicle.csv,VALIGN,candidate_feature,vehicle,431,"Roadway Alignment 
PC8 
421 
2024 FARS/CRSS Coding and Validation Manual 
PC8. Roadway Alignment 
Format 
1 numeric 
SAS Name 
Vehicle.VALIGN 
Element Values 
Codes 
Attributes 
0 
Non-Trafficway or Driveway Access 
1 
Straight 
2 
Curve - Right  
3 
Curve - Left  
4 
Curve - Unknown Direction 
8 
Not Reported 
9 
Reported as Unknown 
Definition 
This element identifies the value indicated in the case materials that best represents the roadway 
alignment prior to this vehicle’s CRITICAL PRECRASH EVENT. 
Remarks 
For vehicles departing the trafficway prior to their CRITICAL PRECRASH EVENT, the 
roadway selected for classification is the one the vehicle departed. For crashes occurring in a 
channel, consider the ROADWAY ALIGNMENT of the channel itself. 
This data element is coded in accordance with the precrash protocols outlined in the 
PRECRASH DATA OVERVIEW section of the coding manual. In the precrash data elements 
that record the characteristics of the trafficway, the value coded should be most representative of 
the driver’s critical precrash environment. For resolving ambiguities, the police crash report 
information is prioritized as follows: 
1. The narrative is used if it describes roadway alignment prior to the vehicle’s critical 
precrash event. 
2. The diagram is used if it shows the roadway alignment prior to the vehicle’s critical 
precrash event. 
3. If the roadway alignment prior to the vehicle’s critical precrash event is not described in 
the narrative or shown in the diagram, use the checkbox information. 
4. If the checkbox does not exist, is not filled out, or is recorded at the crash level and does 
not apply to this vehicle’s environment, then code 8 (Not Reported)."
CRSS,2024,vehicle.csv,VPROFILE,candidate_feature,vehicle,433,"Roadway Grade 
PC9 
423 
2024 FARS/CRSS Coding and Validation Manual 
PC9. Roadway Grade 
Format 
1 numeric 
SAS Name 
Vehicle.VPROFILE 
Element Values 
Codes 
Attributes 
0 
Non-Trafficway or Driveway Access 
1 
Level 
3 
Hillcrest 
5 
Uphill 
6 
Downhill 
2 
Grade, Unknown Slope 
4 
Sag (Bottom) 
8 
Not Reported 
9 
Reported as Unknown 
Definition 
This element identifies the value indicated in the case materials that best represents the roadway 
grade prior to this vehicle’s CRITICAL PRECRASH EVENT. 
Remarks 
For vehicles departing the trafficway prior to their CRITICAL PRECRASH EVENT, the 
trafficway selected for classification is the one the vehicle departed. If this vehicle is in a 
junction just prior to its CRITICAL PRECRASH EVENT, the roadway selected for 
classification is the one it is on before entering the junction. For crashes occurring in a channel, 
consider the ROADWAY GRADE of the channel itself."
CRSS,2024,vehicle.csv,VSURCOND,candidate_feature,vehicle,437,"Roadway Surface Conditions 
PC11 
427 
2024 FARS/CRSS Coding and Validation Manual 
PC11. Roadway Surface Conditions 
Format 
2 numeric 
SAS Name 
Vehicle.VSURCOND 
Element Values 
Codes 
Attributes 
00 
Non-Trafficway or Driveway Access 
01 
Dry 
02 
Wet 
03 
Snow  
10 
Slush 
04 
Ice/Frost 
06 
Water (Standing, Moving) 
05 
Sand 
11 
Mud, Dirt, Gravel 
07 
Oil 
08 
Other 
98 
Not Reported 
99 
Reported as Unknown 
Definition 
This element identifies the value indicated in the case materials that best represents the roadway 
surface condition prior to this vehicle’s CRITICAL PRECRASH EVENT. 
Remarks 
For vehicles departing the trafficway prior to their CRITICAL PRECRASH EVENT, the 
trafficway selected for classification is the one the vehicle departed. If this vehicle is in a 
junction just prior to its CRITICAL PRECRASH EVENT, the roadway selected for 
classification is the one it is on before entering the junction. These conditions may have been 
present but did not necessarily contribute to the crash. 
If more than one surface condition is indicated for this vehicle (e.g., with a combination code 
such as “slush/ice”), then select the condition, if specified in case materials, that would have 
most affected the vehicle’s traction. If there is not enough information available to distinguish if 
one or both of the surface conditions were applicable during the time of the crash, use 98 (Not 
Reported)."
CRSS,2024,vehicle.csv,VTRAFCON,candidate_feature,vehicle,440,"Traffic Control Device 
PC12 
430 
2024 FARS/CRSS Coding and Validation Manual 
PC12. Traffic Control Device 
Format 
2 numeric 
SAS Name 
Vehicle.VTRAFCON 
Element Values 
Codes 
Attributes 
00 
No Controls 
Traffic Signals 
Codes 
Attributes 
01 
Traffic Control Signal (on colors) without Pedestrian Signal 
02 
Traffic Control Signal (on colors) with Pedestrian Signal 
03 
Traffic Control Signal (on colors) not known whether or not Pedestrian Signal 
07 
Lane Use Control Signal 
08 
Other Highway Traffic Signal 
09 
Unknown Highway Traffic Signal 
04 
Flashing Traffic Control Signal 
Regulatory Signs 
Codes 
Attributes 
20 
Stop Sign 
21 
Yield Sign 
28 
Other Regulatory Sign 
29 
Unknown Regulatory Sign 
23 
School Zone Sign/Device 
Other Signs and Signals 
Codes 
Attributes 
40 
Warning Sign  
65 
Railway Crossing Device 
50 
Person  
98 
Other"
CRSS,2024,vehicle.csv,ACC_TYPE,candidate_feature,vehicle,483,"Crash Type 
PC23 
473 
2024 FARS/CRSS Coding and Validation Manual 
PC23. Crash Type 
Format 
2 numeric 
SAS Name 
Vehicle.ACC_TYPE 
Element Values 
As assigned by the selection on the next screens 
Codes 
Attributes 
00 
No Impact 
01-93 
Crash Types 
98 
Other Crash Type 
99 
Unknown 
Definition 
This element describes the type of crash this in-transport vehicle was involved in based on the 
FIRST HARMFUL EVENT and the precrash circumstances. 
Remarks 
The CRASH TYPE is a numeric value assigned by selecting the Crash Category and the Crash 
Configuration on the next screens/pages. The number can be directly entered or edited here; 
however, the two-step process of selecting the Crash Category and Crash Configuration is 
preferred to visualize the crash scenario.  
The FIRST HARMFUL EVENT may include a collision between a vehicle and some object, 
accompanied by property damage or human injury. The object may be another vehicle, a person, 
an animal, a fixed object, the road surface, or the ground. If the first collision is a rollover, the 
impact is with the ground or road surface. The collision may also involve plowing into soft 
ground, if severe vehicle deceleration results in damage or injury. A road departure without 
damage or injury is not defined as a harmful event. 
Please see “The following crash types require clarification” for guidance on a few specific crash 
types."
CRSS,2024,vision.csv,VISION,candidate_feature,environment,7,"v 
2024 FARS/CRSS Coding and Validation Manual 
Precrash Level Data Elements ................................................................................................. 377 
Precrash Data Overview ......................................................................................................... 378 
Precrash General Rules ........................................................................................................... 383 
Precrash Examples .................................................................................................................. 384 
PC3. Vehicle Number—Precrash Level ................................................................................. 409 
PC4. Contributing Circumstances, Motor Vehicle ................................................................. 410 
PC5. Trafficway Description .................................................................................................. 413 
PC6. Total Lanes in Roadway ................................................................................................ 416 
PC7. Speed Limit .................................................................................................................... 419 
PC8. Roadway Alignment ...................................................................................................... 421 
PC9. Roadway Grade .............................................................................................................. 423 
PC10. Roadway Surface Type—FARS Only ......................................................................... 425 
PC11. Roadway Surface Conditions ....................................................................................... 427 
PC12. Traffic Control Device ................................................................................................. 430 
PC13. Device Functioning ...................................................................................................... 436 
PC14. Driver’s Vision Obscured By ....................................................................................... 438 
PC15. Driver Maneuvered to Avoid ....................................................................................... 441 
PC16. Driver Distracted By .................................................................................................... 444 
PC17. Pre-Event Movement  (Prior to Recognition of Critical Event) .................................. 449 
PC18. Critical Event—Precrash (Category) ........................................................................... 452 
PC19. Critical Event—Precrash (Event) ................................................................................ 454 
PC20. Attempted Avoidance Maneuver ................................................................................. 466 
PC21. Pre-Impact Stability ..................................................................................................... 469 
PC22. Pre-Impact Location ..................................................................................................... 471 
PC23. Crash Type ................................................................................................................... 473 
Person Level (Motor Vehicle Occupant) Data Elements ....................................................... 500 
P3. Vehicle Number—Person Level (Motor Vehicle Occupant) ........................................... 501 
P4/NM3. Person Number ........................................................................................................ 502 
P5/NM5. Age .......................................................................................................................... 503 
P6/NM6. Sex ........................................................................................................................... 505 
P7. Person Type ...................................................................................................................... 507 
P8/NM10. Injury Severity ....................................................................................................... 509 
P9. Seating Position ................................................................................................................ 513 
P10. Restraint System Use ...................................................................................................... 518 
P11. Helmet Use ..................................................................................................................... 523 
P12. Air Bag Deployed ........................................................................................................... 526 
P13. Ejection ........................................................................................................................... 529 
P14. Ejection Path—FARS Only ............................................................................................ 531 
P15. Extrication—FARS Only ............................................................................................... 533 
P16/NM18. Police Reported Alcohol Involvement ................................................................ 534 
P17/NM19. Alcohol Test ........................................................................................................ 537 
P18/NM20. Police Reported Drug Involvement ..................................................................... 546 
P19/NM21. Drug Toxicology Results—FARS Only ............................................................. 549 
Drugs by Category Type—FARS Only .................................................................................. 564 
P20/NM22. Transported to First Medical Facility By ............................................................ 585"
CRSS,2024,vision.csv,VISION,candidate_feature,environment,35,"2024 FARS/CRSS Element Definitions 
25 
2024 FARS/CRSS Coding and Validation Manual 
2024 
Element 
ID 
Element Name 
FARS, CRSS, 
Case 
Structure 
Definition 
PC8 
Roadway Alignment 
FARS, CRSS 
This element identifies the value 
indicated in the case materials that 
best represents the roadway 
alignment prior to this vehicle’s 
critical precrash event. 
PC9 
Roadway Grade 
FARS, CRSS 
This element identifies the value 
indicated in the case materials that 
best represents the roadway grade 
prior to this vehicle’s critical 
precrash event. 
PC10 
Roadway Surface Type 
FARS Only 
This element identifies the value 
indicated in the case materials that 
best represents the roadway surface 
type prior to this vehicle’s critical 
precrash event. 
PC11 
Roadway Surface 
Conditions 
FARS, CRSS 
This element identifies the value 
indicated in the case materials that 
best represents the roadway surface 
condition prior to this vehicle’s 
critical precrash event. 
PC12 
Traffic Control Device 
FARS, CRSS 
This element identifies the sign or 
signal indicated in the case 
materials that best describes the 
traffic controls in the vehicle’s 
environment just prior to this 
vehicle’s critical precrash event. 
PC13 
Device Functioning 
FARS, CRSS 
This element identifies the 
functionality of the traffic control 
device recorded for this vehicle in 
the element Traffic Control Device. 
PC14 
Driver’s Vision Obscured 
By 
FARS, CRSS 
This data element records 
impediments to a driver’s visual 
field that were noted in the case 
materials. 
PC15 
Driver Maneuvered to 
Avoid 
FARS, CRSS 
This data element identifies the 
thing(s) the driver attempted to 
avoid while the vehicle was on the 
road portion of the trafficway just"
CRSS,2024,vision.csv,VISION,candidate_feature,environment,282,"Extent of Damage 
V35 
272 
2024 FARS/CRSS Coding and Validation Manual 
Examples of 4 (Functional Damage) include  
• doors, windows, hood and trunk lids that will not operate properly; 
• broken glass that obscures vision; 
• damage that would prevent the motor vehicle from passing an official motor vehicle 
inspection; 
• tire damage even though the tire may have been changed at the scene; 
• bumpers that are loose; 
• headlamp or taillight damage that would make night driving hazardous but would not 
affect daytime driving; and, 
• damage to turn signals, horn, or windshield wipers, which makes them inoperative. 
6 (Disabling Damage) is damage that precludes departure of the motor vehicle from the crash 
scene in its usual daylight-operating manner after simple repairs. As a result, the motor vehicle 
would have had to have been towed or carried from the crash scene or assisted by an emergency 
motor vehicle. This attribute should be used when the available information specifically indicates 
disabling or severe damage. This attribute is also used when the damage is indicated to be of 
greater magnitude than Functional (moderate), e.g., major, extensive, totaled and the vehicle was 
towed from the scene. 
7 (Damage Reported, Extent Unknown) is damage that is reported in the case materials; 
however, the information cannot be translated to the minor, functional, or disabling damage 
attributes. Examples include states that report direction of force or vehicle component damage 
severity ratings rather than the vehicle in totality.  
8 (Not Reported) Check to see if 0 (No Damage) or 9 (Reported as Unknown) are more 
appropriate for the situation. 
If a State’s crash report manual instructs to leave blank data blocks that are not applicable, then a 
blank in those data blocks is NOT considered “Not Reported.” 
Code 8 (Not Reported) in these two situations. 
1. No field or coding block exists on the State’s crash report to provide the information to 
code this element, AND no other information is available to code the element (e.g., 
narrative, diagram, case materials). 
2. A field or coding block exists on the State’s crash report that would provide the 
information needed to code this element, but it has been left blank, AND no other 
information is available to code the element (e.g., narrative, diagram, case materials). 
9 (Reported as Unknown) is used when the available information specifically indicated the 
damage severity to be unknown.  
For Consistency Checks see Understanding and Managing Consistency Checks and Extent of 
Damage."
CRSS,2024,vision.csv,VISION,candidate_feature,environment,338,"Non-CDL License Type / Status—FARS Only 
D7 
328 
2024 FARS/CRSS Coding and Validation Manual 
Remarks 
This element is used to establish the driver’s license type and status for all license classes except 
the commercial driver’s license (CDL). It also captures the type and status of the non-CDL 
driving privilege for drivers with CDLs. 
The NON-CDL LICENSE TYPE/STATUS is coded for all drivers, including drivers with a 
CDL. 
Use the “TYPE” field to record whether the driver has a full driver’s license, intermediate 
driver’s license, learner’s permit, temporary license, or is not licensed. Use the “STATUS” field 
to record if the license is valid, suspended, revoked, expired, canceled, or denied. 
Note About Involved Drivers in the Military: 
When involved drivers are in the military, the Analyst should be cautious because some States 
automatically (without driver application) renew drivers’ licenses or extend the license until the 
individual is discharged. Each State Analyst should be familiar with their State’s policy on 
military personnel and code these license variables accordingly. In addition, when out-of-State 
driver requests are made, the Analyst requesting the data should note that the driver is in the 
military. 
0 (Not Licensed) (for both Type and Status). 0 (Not Licensed) should be used only when it 
has been reasonably established that the driver is not licensed (anywhere) and takes precedence 
over all other Non-CDL License Type/Status attributes. Drivers who have a license but fail to 
have their license with them at the time of the crash should be coded according to the type (class) 
of license they possess and the validity of the license. If the police report indicates that the driver 
has “no license,” the Analyst should first determine whether this means that the person was not 
in possession of his/her license at the time of the crash, or that the driver is not a registered motor 
vehicle operator. A review of the violations cited section of the police report may yield some 
clues in this matter. If the person is cited for not possessing his/her license or for not having one, 
then code this information in CITATIONS ISSUED. If the Analyst is uncertain as to whether or 
not the person possesses a license, then code 9 (Unknown License Type) should be used. 
Non-CDL License Type Remarks 
1 (Full Driver License) is used for unlimited driving privileges (with no GDL restrictions). This 
is based on your State’s eligibility guidelines. 
7 (Learner’s Permit) and 2 (Intermediate Driver License) are the first two stages of a tiered 
licensing process that allows young drivers to obtain full driver license privileges through safe 
driving practices. Typical restrictions include minimum age requirements, passing 
vision/knowledge tests, and supervision by an adult driver over the age of 21. Other requirements 
may include limiting the number of passengers in the vehicle, requiring occupants to wear 
seatbelts, zero alcohol tolerance, and maintaining no at-fault crashes or convictions for a period 
of time. 
Note: If 7 (Learner’s Permit) or 2 (Intermediate Driver License) has expired, code Type as 2 
(Intermediate Driver License) or 7 (Learner’s Permit) and Status as 3 (Expired)."
CRSS,2024,vision.csv,VISION,candidate_feature,environment,368,"Condition (Impairment) at Time of Crash 
D23/NM17 
358 
2024 FARS/CRSS Coding and Validation Manual 
D23/NM17. Condition (Impairment) at Time of Crash 
Format 
2 numeric. Select All That Apply 
SAS Name 
Drimpair.DRIMPAIR 
Element Values 
Codes 
Attributes 
00 
None/Apparently Normal 
01 
Ill, Blackout 
02 
Asleep or Fatigued 
03 
Walking with a Cane or Crutches, etc. 
04 
Paraplegic or in a Wheelchair 
05 
Impaired Due to Previous Injury 
06 
Deaf/Hard of Hearing 
07 
Blind/Low Vision 
08 
Emotional (depressed, angry, disturbed, etc.) 
09 
Under the Influence of Alcohol, Drugs or Medication 
10 
Physical Impairment - No Details 
96 
Other Physical Impairment 
98 
Not Reported 
99 
Reported as Unknown if Impaired 
Definition 
This element identifies physical impairments to this driver or non-motorist that may have 
contributed to the cause of the crash as identified by law enforcement. 
Remarks 
Select all that apply. These impairments can appear anywhere in the case materials (in the 
narrative section, in the violations section, in a column entitled “Contributing Factors,” or 
“Driver Action,” etc.). See clarification on the use of information provided by witnesses in 
section 102. Data Sources. 
00 (None/Apparently Normal) is used when: 
• When the case materials make a positive statement that the individual was apparently 
normal, or “none” was indicated on the police crash report."
CRSS,2024,vision.csv,VISION,candidate_feature,environment,369,"Condition (Impairment) at Time of Crash 
D23/NM17 
359 
2024 FARS/CRSS Coding and Validation Manual 
• When the case materials do not indicate an impairment in an available field and not 
reporting an impairment in that field indicates 00 (None/Apparently Normal).  
• When the investigating officer: 
o is limited in the number of factors that can be displayed, and  
o cannot select an impairment in addition to another factor relevant to the crash, and 
o some other factor is selected, and 
o no other indication of impairment exists in the case materials.  
• For omission of information see 98 (Not Reported) guidance below.  
01 (Ill, Blackout) is used when indicated in the case materials. Enter this attribute even if the 
source of the illness or loss of consciousness is alcohol or drug related. Use this attribute if the 
driver or non-motorist had fainted and/or seizures were identified. 
02 (Asleep or Fatigued) is used when indicated in the case materials. Also, use this attribute 
when the investigating officer indicates the person was drowsy or sleepy. Alcohol or other drugs 
may be the source of this impairment. 
03 (Walking with a Cane or Crutches, etc.) is used when the case materials indicate that the 
driver or non-motorist requires the assistance of a cane, walker, knee scooter, or crutches. 
04 (Paraplegic or in a Wheelchair) is used if this person is paraplegic or in a wheelchair. This 
includes motorized and non-motorized wheelchairs and mobility aid scooters. 
05 (Impaired Due to Previous Injury) is used if the case materials dictate this condition (e.g., if 
a person is involved in this crash subsequent to his/her involvement in a previous crash in which 
the person was injured). This attribute should be extremely rare. 
06 (Deaf/Hard of Hearing) is used when this person is deaf or hard of hearing. The case 
materials may also use the term hearing-impaired. 
07 (Blind/Low Vision) is used when this person is blind or visually impaired. 
08 (Emotional (Depressed, Angry, Disturbed, etc.)) is used when the person is arguing with 
someone, is having a disagreement, is depressed, and/or is emotionally upset. 
09 (Under the Influence of Alcohol, Drugs, or Medication) is used when the investigating 
officer indicates that the individual was under the influence of alcohol, drugs, or medication. 
This attribute excludes interpretation of test results by the Analyst/Coder. 
10 (Physical Impairment - No Details) is used when the case materials indicate a physical 
impairment existed but provide no further details about the impairment. 
96 (Other Physical Impairment) is used when the case materials indicate that a physical 
impairment was involved but it isn’t a listed attribute. 
98 (Not Reported) Check to see if 00 (None/Apparently Normal) or 99 (Reported as 
Unknown if Impaired) are more appropriate for the situation. 
If a State’s crash report manual instructs to leave blank data blocks that are not applicable, then a 
blank in those data blocks is NOT considered “Not Reported.”"
CRSS,2024,vision.csv,VISION,candidate_feature,environment,387,"Precrash Level Data Elements 
 
377 
2024 FARS/CRSS Coding and Validation Manual 
Precrash Level Data Elements 
PC1. State Number—FARS Only 
PC2. Consecutive Number—FARS Only 
Precrash Data Overview 
PC3. Vehicle Number—Precrash Level 
PC4. Contributing Circumstances, Motor Vehicle 
PC5. Trafficway Description 
PC6. Total Lanes in Roadway 
PC7. Speed Limit 
PC8. Roadway Alignment 
PC9. Roadway Grade 
PC10. Roadway Surface Type—FARS Only 
PC11. Roadway Surface Conditions 
PC12. Traffic Control Device 
PC13. Device Functioning 
PC14. Driver’s Vision Obscured By 
PC15. Driver Maneuvered to Avoid 
PC16. Driver Distracted By 
PC17. Pre-Event Movement (Prior to Recognition of Critical Event) 
PC18. Critical Event—Precrash (Category) 
PC19. Critical Event—Precrash (Event) 
PC20. Attempted Avoidance Maneuver 
PC21. Pre-Impact Stability 
PC22. Pre-Impact Location 
PC23. Crash Type"
CRSS,2024,vision.csv,VISION,candidate_feature,environment,448,"Driver’s Vision Obscured By 
PC14 
438 
2024 FARS/CRSS Coding and Validation Manual 
PC14. Driver’s Vision Obscured By 
Format 
2 numeric. Select All That Apply. 
SAS Name 
Vision.VISION 
Element Values 
Codes 
Attributes 
00 
No Obstruction Noted 
01 
Rain, Snow, Fog, Smoke, Sand, Dust 
02 
Reflected Glare, Bright Sunlight, Headlights 
03 
Curve, Hill, or Other Roadway Design Feature  
04 
Building, Billboard, Other Structure  
05 
Trees, Crops, Vegetation 
06 
In-Transport Motor Vehicle (including load) 
07 
Not In-Transport Motor Vehicle (parked/working) 
08 
Splash or Spray of Passing Vehicle 
09 
Inadequate Defrost or Defog System 
10 
Inadequate Vehicle Lighting System 
11 
Obstruction Interior to the Vehicle  
12 
External Mirrors 
13 
Broken or Improperly Cleaned Windshield 
14 
Obstructing Angles on Vehicle  
95 
No Driver Present/Unknown if Driver Present 
97 
Vision Obscured - No Details 
98 
Other Visual Obstruction 
99 
Reported as Unknown  
Definition 
This data element records impediments to a driver’s visual field that were noted in the case 
materials. 
Remarks 
These “visual obstructions” can appear anywhere in the case materials. Examples include a field 
on the police crash report (e.g., “Contributing Factors”), in the narrative section, in the violations"
CRSS,2024,vision.csv,VISION,candidate_feature,environment,449,"Driver’s Vision Obscured By 
PC14 
439 
2024 FARS/CRSS Coding and Validation Manual 
section, or in witness statements. See clarification on the use of information provided by 
witnesses in section 102. Data Sources. 
00 (No Obstruction Noted) is used when the case materials give no indication of a visual 
obstruction for this driver. 
01 (Rain, Snow, Fog, Smoke, Sand, Dust) is used when one or more of these conditions exist 
AND are noted to have obstructed the view of the driver. Do not use this attribute when only the 
vehicle windshield is described as “fogged.” (See 09 (Inadequate Defrost or Defog System) or 
13 (Broken or Improperly Cleaned Windshield).) 
02 (Reflected Glare, Bright Sunlight, Headlights) is used when one or more of these 
conditions are noted to have obstructed the view of the driver. 
03 (Curve, Hill, or Other Roadway Design Feature) is used when any of these roadway 
features or design elements is noted to have obstructed the view of the driver (including 
embankment, sag, etc.). 
04 (Building, Billboard, Other Structure) is used when any of these manmade structures are 
noted to have obstructed the view of the driver (including traffic signs, poles, signals, etc.).  
05 (Trees, Crops, Vegetation) is used when any of these natural features are noted to have 
obstructed the view of the driver.  
06 (In-Transport Motor Vehicle [including load]) is used when a vehicle that is in motion or 
stopped on the roadway is noted to have obstructed the view of the driver. The vehicle may be 
but does not have to be a contact vehicle in the case. 
07 (Not In-Transport Motor Vehicle [parked, working]) is used when a vehicle that is parked 
in a designated parking area or space, stopped in an area off the roadway, or is a working motor 
vehicle is noted to have obstructed the view of the driver. The vehicle may be but does not have 
to be a contact vehicle in the case. 
08 (Splash or Spray of Passing Vehicle) is used when this condition is noted to have obstructed 
the view of the driver. The splash or spray can come from water or mud; however, the use of this 
attribute does not require it to be raining at the time of the crash. 
09 (Inadequate Defrost or Defog System) is used when the presence of frost or fog on the 
windshield was noted as being due to an inadequate system. The case materials must state 
specifically that the system was not operating properly. If the case materials state the presence of 
frost or fog alone on the windshield, you should use 13 (Broken or Improperly Cleaned 
Windshield). 
10 (Inadequate Vehicle Lighting System) is used when the case materials indicate this driver’s 
vision was impaired because the exterior lighting system (including headlights, fog lights, etc.) 
of the driver’s vehicle was deficient in some way. This would include being turned off or not 
operating properly. This response should not be used to describe inadequate lighting systems of 
other vehicles (e.g., oncoming motor vehicles) or for inadequate highway lighting. 
11 (Obstruction Interior to the Vehicle) is used when the case materials indicate this driver’s 
vision was impaired because of a feature in the interior of their vehicle (including head restraint, 
rearview mirror, window stickers, sunshades, ornaments, windshield tinting)."
CRSS,2024,vision.csv,VISION,candidate_feature,environment,450,"Driver’s Vision Obscured By 
PC14 
440 
2024 FARS/CRSS Coding and Validation Manual 
12 (External Mirrors) is used when the case materials indicate that an exterior mirror on this 
driver’s vehicle created a visual obstruction. 
13 (Broken or Improperly Cleaned Windshield) is used when this condition is noted to have 
obstructed the view of the driver. The presence of frost or fog on the windshield would apply. 
For a “fogged” or “frosted” windshield due to an inadequate or inoperable system see 09 
(Inadequate Defrost or Defog System). 
14 (Obstructing Angles on Vehicle) is used when the case materials indicate that the size or 
shape of a driver’s own vehicle created a visual obstruction (including trailer, vehicle height, 
blind spot). Not to be confused with visual obstructions from other vehicles or a vehicle’s 
interior components such as head restraints, sunshades, etc. 
95 (No Driver Present/Unknown if Driver Present) is used when there is no driver in this 
vehicle or when it is unknown if there is a driver present in this vehicle at the time of the crash. 
97 (Vision Obscured - No Details) is used when the case materials indicate that a vision 
impediment exists but does not clearly indicate the nature of the impediment. 
98 (Other Visual Obstruction) is used when the case materials indicate the nature of a vision 
impediment that cannot be attributed to one of the other attributes above. For example, an 
unattached trailer left on the road shoulder. 
99 (Reported as Unknown) is used when the case materials specifically indicate unknown. 
For Consistency Checks see Understanding and Managing Consistency Checks and Driver’s 
Vision Obscured By."
CRSS,2024,vision.csv,VISION,candidate_feature,environment,604,"Related Factors—Person (Motor Vehicle Occupant) Level 
P24 
594 
2024 FARS/CRSS Coding and Validation Manual 
Codes 
Attributes 
105 
Paraplegic or in a Wheelchair 
Vision Obscured by: 
Codes 
Attributes 
*060 
Rain, Snow, Fog, Smoke, Sand, Dust 
*061 
Reflected Glare, Bright Sunlight, Headlights 
*062 
Curve, Hill, or Other Design Features (including traffic signs, embankment) 
*063 
Building, Billboard, Other Structures 
*064 
Trees, Crops, Vegetation 
*065 
Motor Vehicle (including load) 
*066 
Parked Vehicle 
*067 
Splash or Spray of Passing Vehicle 
*068 
Inadequate Lighting System 
*069 
Obstructing Angles on Vehicle 
*070 
Mirrors 
*072 
Other Visual Obstruction  
Skidding, Swerving, Sliding, Due to: 
Codes 
Attributes 
*073 
Severe Crosswind 
*074 
Wind from Passing Truck 
*075 
Slippery or Loose Surface 
*076 
Tire Blow-out or Flat 
*077 
Debris or Objects in Road 
*078 
Ruts, Holes, Bumps in Road 
*080 
Vehicle in Road 
*081 
Phantom Vehicle 
*082 
Pedestrian, Pedalcyclist, or Other Non-Motorist 
*083 
Ice, Snow, Slush, Water, Sand, Dirt, Oil, Wet Leaves on Road 
Other Factors: 
Codes 
Attributes 
087 
Police or Law Enforcement Officer 
092 
Person in Ambulance Treatment Compartment 
094 
Emergency Medical Services Personnel 
095 
Fire Personnel 
096 
Tow Operator"
CRSS,2024,vision.csv,VISION,candidate_feature,environment,610,"Related Factors—Person (Motor Vehicle Occupant) Level 
P24 
600 
2024 FARS/CRSS Coding and Validation Manual 
056 (Non-Operator Flees Scene) is used when the case materials identify that this non-operator 
left the scene of a hit-and-run crash. 
Examples include: 
• A passenger of motor vehicle fled scene on foot. 
• Occupant of an involved parked vehicle leaves by driving their vehicle from the scene. 
• An involved motor vehicle in-transport is driven away by a passenger in that vehicle. 
*057 (Improper Tire Pressure) is used when the case materials identify that improper tire 
pressure was present in one or more tires of this vehicle. Improper tire pressure is not a defect, 
but rather the irresponsibility of the person. This may only be used on the Person Form for the 
occupant that is PERSON TYPE 03 (Occupant of a Motor Vehicle Not In-Transport) and in 
SEATING POSITION 11 (Front Seat, Left Side) in a working motor vehicle (UNIT TYPE 4). 
*059 (Overcorrecting) is used when the case materials identify this occupant “overcorrected” 
based on the judgment of the police officer. This must be stated by the officer in the narrative or 
police crash report field to be coded. Overcorrecting and Oversteering are technically different, 
but this attribute may be selected for a reported combination of the two (e.g., 
overcorrecting/oversteering) on the police crash report. This may only be used on the Person 
Form for the occupant that is PERSON TYPE 03 (Occupant of a Motor Vehicle Not In-
Transport) and in SEATING POSITION 11 (Front Seat, Left Side) in a working motor vehicle 
(UNIT TYPE 4). 
104 (Using a Belt-Positioning Device or Other) is used when this occupant is using a belt-
positioning device that works with a three-point harness.  
105 (Paraplegic or in a Wheelchair) is used if this person is paraplegic or in a wheelchair. This 
includes motorized and non-motorized wheelchairs and mobility aid scooters.  
Vision Obscured By 
The following set of attributes identifies visual obstructions noted in the case materials. These 
attributes are only applicable to the occupant that is PERSON TYPE 03 (Occupant of a Motor 
Vehicle Not In-Transport) and in SEATING POSITION 11 (Front Seat, Left Side) in a 
working motor vehicle (UNIT TYPE 4). 
*060 (Rain, Snow, Fog, Smoke, Sand, Dust) 
*061 (Reflected Glare, Bright Sunlight or Headlights)  
*062 (Curve, Hill, or Other Design Features [including traffic signs, embankment]) 
*063 (Building, Billboard or Other Structures)  
*064 (Trees, Crops or Vegetation)  
*065 (Motor Vehicle [including load])"
CRSS,2024,vision.csv,VISION,candidate_feature,environment,611,"Related Factors—Person (Motor Vehicle Occupant) Level 
P24 
601 
2024 FARS/CRSS Coding and Validation Manual 
Examples include: 
• A car stopped on the roadway. 
• A tractor-trailer in-transport on the road. 
• A school bus stopped for the purpose of loading and/or unloading children. 
*066 (Parked Vehicle) 
*067 (Splash or Spray of a Passing Vehicle) 
*068 (Inadequate Lighting System) 
*069 (Obstructing Angles on the Vehicle) is used when the case materials identify obstructing 
angles on this person’s vehicle. This attribute should not be confused with visual obstructions 
from other vehicles. (See 065 (Motor Vehicle [including load]) and 066 (Parked Vehicle).) 
*070 (Mirrors) is used when the case materials identify that vision was obscured by any mirrors 
attached to or within a motor vehicle (rearview mirror, side mirror, etc.). 
*072 (Other Visual Obstruction) is used when the case materials identify that vision was 
obscured something other than previously listed. For example, a trailer that has been left parked 
on the side of the road by a truck or vehicle. 
Skidding, Swerving, Sliding Due To 
This set of attributes is applicable to the occupant that attempted to avoid and/or whose ability to 
control the vehicle was affected by one of the following—and resulted in that vehicle skidding, 
swerving, or sliding. These attributes are only applicable to the occupant that is PERSON TYPE 
03 (Occupant of a Motor Vehicle Not In-Transport) and in SEATING POSITION 11 (Front 
Seat, Left Side) in a working motor vehicle (UNIT TYPE 4). 
*073 (Severe Crosswind) is used when the case materials identify this occupant’s ability to 
control the vehicle was affected by severe crosswinds. 
*074 (Wind from Passing Truck) is used when the case materials identify this occupant’s 
ability to control the vehicle was affected by winds produced by a passing truck. 
*075 (Slippery or Loose Surface) is used when the case materials identify this occupant’s 
ability to control the vehicle was affected by the surface composition of the roadway and/or the 
condition of that composition. Not to be used when the surface is slippery due to environment 
conditions such as rain, ice, or snow (see 083 (Ice, Snow, Slush, Water, Sand, Dirt, Oil or Wet 
Leaves on Road)). 
Examples include: 
• A slippery surface that is old or worn resulting in loose gravel on the roadway. 
• Blacktop that is slick as a newly paved surface. 
*076 (Tire Blowout or Flat) is used when the case materials identify this occupant’s ability to 
control the vehicle was affected by a tire blowout or flat."
CRSS,2024,vision.csv,VISION,candidate_feature,environment,638,"Non-Motorist Contributing Circumstances 
NM14 
628 
2024 FARS/CRSS Coding and Validation Manual 
Definition 
This element describes the action(s) and/or circumstances of the non-motorist that law 
enforcement indicated may have contributed to the crash. 
Remarks 
As a “Select All That Apply” element, attributes can be used in combination. 
00 (None Noted) is used when no contributing circumstances or improper actions are noted by 
the officer for this non-motorist. “Not Reported” is coded here. If this attribute is used no other 
attribute may be selected. 
01 (Dart-Out - Visual Obstruction Noted) is used when a person entered the roadway and was 
involved in a collision with a vehicle where the driver’s view of the person was blocked until an 
instant before impact. A dart-out can only occur if there is some documented visual obstruction 
(i.e., DRIVER'S VISION OBSCURED BY must not equal 00 (No Obstruction Noted), 95 (No 
Driver Present/Unknown if Driver Present), or 99 (Reported as Unknown) for the driver of 
the vehicle that struck this non-motorist). 
11 (Dash - Run, No Visual Obstruction Noted) is used when a person ran into the roadway and 
was involved in a collision with a vehicle. There is no mention in the case materials that the 
driver’s view of the person was obstructed. The case materials should state that the person ran. 
Examples of proper use include: 
• A person’s activity prior to the crash is jogging or running, but just prior to the impact the 
non-motorist ran into the roadway. 
• Children seen playing in a front yard, who suddenly run into the road to retrieve an object 
associated with their play (e.g., a ball). 
02 (Failure to Yield Right-of-Way) is used when a person fails to yield the right-of-way as 
indicated in the case materials. A citation need not be issued, only that a failure to yield by the 
person was represented on the police crash report through the crash description, diagram, and or 
coded boxes. The officer does not have to make the specific statement “failed to yield.” For 
example, a person crossing in the path of a vehicle outside of an intersection and not in a 
crosswalk would be failing to yield. 
Examples include: 
• Failure to yield when exiting a driveway.  
• Mid-block crossings not at a crosswalk. 
• Not clearing an intersection before the light turns green for crossing traffic.  
• Failure to yield at an intersection not controlled by a stop sign or flashing red lights. 
• A bicyclist who stopped at the stop sign but did not realize it was a two-way stop rather 
than a four-way stop control and proceeded into the intersection without yielding to 
traffic on the through trafficway. 
Failure to obey a traffic control device is coded as 03 (Failure to Obey Traffic Signs, Signals 
or Officer) and can be coded in conjunction with 02 (Failure to Yield Right-of-Way)."
CRSS,2024,vision.csv,VISION,candidate_feature,environment,651,"Condition (Impairment) at Time of Crash 
NM17/D23 
641 
2024 FARS/CRSS Coding and Validation Manual 
NM17/D23. Condition (Impairment) at Time of Crash 
Format 
2 numeric. Select All That Apply. 
SAS Name 
Nmimpair.NMIMPAIR 
Element Values 
Codes 
Attributes 
00 
None/Apparently Normal 
01 
Ill, Blackout 
02 
Asleep or Fatigued 
03 
Walking with a Cane or Crutches, etc. 
04 
Paraplegic or in a Wheelchair 
05 
Impaired Due to Previous Injury 
06 
Deaf/Hard of Hearing 
07 
Blind/Low Vision 
08 
Emotional (Depressed, Angry, Disturbed, etc.) 
09 
Under the Influence of Alcohol, Drugs, or Medication 
10 
Physical Impairment - No Details 
96 
Other Physical Impairment 
98 
Not Reported 
99 
Reported as Unknown if Impaired 
Definition 
This element attempts to identify any physical impairment to this non-motorist that may have 
contributed to the cause of the crash. 
Remarks 
Select all that apply. 
This element’s values and remarks are identical to the Driver Level element CONDITION 
(IMPAIRMENT) AT TIME OF CRASH. Please see CONDITION (IMPAIRMENT) AT 
TIME OF CRASH for remarks. 
 
For Consistency Checks see Understanding and Managing Consistency Checks and 
Condition (Impairment) at Time of Crash."
CRSS,2024,vision.csv,VISION,candidate_feature,environment,664,"Related Factors—Person (Not a Motor Vehicle Occupant) Level 
NM26 
654 
2024 FARS/CRSS Coding and Validation Manual 
NM26. Related Factors—Person (Not a Motor Vehicle Occupant) Level 
Format 
3 numeric. Select All That Apply. 
SAS Name 
PersonRF.PERSONRF 
Element Values 
Codes 
Attributes 
000 
None Noted 
*008 
Person with an Intellectual, Cognitive, or Developmental Disability 
009 
Construction/Maintenance/Utility Worker 
010 
Alcohol and/or Drug Test Refused 
013 
Motorized Wheelchair Rider 
*018 
Mother of Dead Fetus/ Mother of Infant Born Post Crash 
*021 
Overloading or Improper Loading of Vehicle with Passengers or Cargo 
*026 
Following Improperly 
*037 
Traveling on Prohibited Trafficways 
*040 
Passing Through or Around Barrier 
*041 
Failure to Observe Warnings or Instructions on Vehicles Displaying Them 
*042 
Failure to Signal Intentions 
*051 
Operator Inexperience 
*052 
Unfamiliar with Roadway 
053 
Non-Motorist Previously Used a Motor Vehicle for Motion 
054 
Non-Motorist Attempting to Use a Motor Vehicle for Motion 
055 
Non-Motorist Attempting to Use or Previously Used a Motor Vehicle for 
Motion, Details Not Reported 
056 
Non-Motorist Flees Scene 
*057 
Improper Tire Pressure 
100 
Using a Shared Micromobility Device 
Vision Obscured By: 
Codes 
Attributes 
*060 
Rain, Snow, Fog, Smoke, Sand, Dust 
*061 
Reflected Glare, Bright Sunlight, Headlights 
*062 
Curve, Hill, or Other Design Features (including traffic signs, embankment) 
*063 
Building, Billboard, Other Structures"
CRSS,2024,vision.csv,VISION,candidate_feature,environment,669,"Related Factors—Person (Not a Motor Vehicle Occupant) Level 
NM26 
659 
2024 FARS/CRSS Coding and Validation Manual 
Examples Include: 
• A bicyclist clipped by a vehicle that runs off the road and overturns, leaves the scene on 
their bike. 
• A pedestrian is pushing an occupied wheelchair, which is struck by a motor vehicle. The 
pedestrian panics and flees the scene. 
*057 (Improper Tire Pressure) is used when the case materials identify that improper tire 
pressure was present on one or more tires of a bicycle, non-motor vehicle transport device, or 
personal conveyance in use by this non-motorist. It signifies that improper tire pressure is not a 
defect, but rather the irresponsibility of this person. 
100 (Using a Shared Micromobility Device) is used when this non-motorist was riding a device 
(bicycle, e-scooter, etc.) that was part of a micromobility ride-share, transportation network 
company (TNC), mobility service provider (MSP), or similar, which connects paying customers 
seeking transportation with personal conveyances or bicycles via websites and mobile apps. 
Vision Obscured By 
The following set of attributes identifies visual obstructions noted in the case materials 
applicable to this non-motorist. 
*060 (Rain, Snow, Fog, Smoke, Sand, Dust) 
*061 (Reflected Glare, Bright Sunlight or Headlights) 
*062 (Curve, Hill, or Other Design Features [including traffic signs, embankment]) 
*063 (Building, Billboard or Other Structures) 
*064 (Trees, Crops or Vegetation) 
*065 (Motor Vehicle [including load]) 
Examples include: 
• A car stopped on the roadway. 
• A tractor-trailer in-transport on the road. 
• A school bus stopped for the purpose of loading and/or unloading children. 
*066 (Parked Vehicle) 
*067 (Splash or Spray of a Passing Vehicle) 
*068 (Inadequate Lighting System) 
*069 (Obstructing Angles on the Vehicle) is used when the case materials identify obstructing 
angles on this person’s vehicle. This attribute should not be confused with visual obstructions 
from other vehicles. (See 065 (Motor Vehicle [including load]) and 066 (Parked Vehicle).) 
*070 (Mirrors) is used when the case materials identify that this non-motorist’s vision was 
obscured by any type of mirror."
CRSS,2024,vision.csv,VISION,candidate_feature,environment,670,"Related Factors—Person (Not a Motor Vehicle Occupant) Level 
NM26 
660 
2024 FARS/CRSS Coding and Validation Manual 
*072 (Other Visual Obstruction) is used when the case materials identify that this non-
motorist’s vision was obscured by something other than previously listed. For example, a trailer 
that has been left parked on the side of the road by a truck or vehicle. 
Skidding, Swerving, Sliding Due To 
This set of attributes is applicable to a non-motorist that attempted to avoid and/or lost control 
due to one of the following—and resulted in that non-motorist's skidding, swerving, or sliding. 
*073 (Severe Crosswind) is used when the case materials identify this non-motorist’s control 
loss was related to severe crosswinds. 
*074 (Wind from Passing Truck) is used when the case materials identify this non-motorist’s 
control loss was related to winds produced by a passing truck. 
*075 (Slippery or Loose Surface) is used when the case materials identify this non-motorist’s 
control loss was related to the surface composition of the roadway and/or the condition of that 
composition. Not to be used when the surface is slippery due to environment conditions such as 
rain, ice or snow (see 083 (Ice, Snow, Slush, Water, Sand, Dirt, Oil or Wet Leaves on Road)). 
Examples include: 
• A slippery surface that is old or worn resulting in loose gravel on the roadway. 
• Blacktop that is slick as a newly paved surface. 
*076 (Tire Blowout or Flat) is used when the case materials identify this non-motorist’s control 
loss was related to a tire blowout or flat. 
*077 (Debris or Objects in Road) is used when the case materials identify this non-motorist 
attempted to avoid or lost control as a result of debris in the road. Examples would include nails, 
glass, trash cans, tire retread, trash, dead animals, pile of sand, barricades, etc. 
*078 (Ruts, Holes, Bumps in Road) is used when the case materials identify this non-motorist 
attempted to avoid or lost control as a result of a road surface anomalies such as ruts, holes, dips, 
or bumps. 
*080 (Vehicle in Road) is used when the case materials identify this non-motorist attempted to 
avoid or lost control as a result of another vehicle in the road. This includes both contact and 
non-contact vehicles that remain at the scene. 
*081 (Phantom Vehicle) is used when the case materials identify this non-motorist attempted to 
avoid or lost control as a result of a non-contact vehicle that left the scene as described by the 
police officer. 
*082 (Pedestrian, Pedalcyclist, or Other Non-Motorist) is used when the case materials 
identify this non-motorist attempted to avoid or lost control as a result of a pedestrian, a 
pedalcyclist, or other type of non-motorist. 
*083 (Ice, Snow, Slush, Water, Sand, Dirt, Oil, Wet Leaves on Road) is used when the case 
materials identify this non-motorist’s control loss was related to a substance on the roadway that 
caused the roadway to be slick, which may interfere with the traction of the vehicle. This"
CRSS,2024,vision.csv,VISION,candidate_feature,environment,787,"Appendix B: 2024 Consistency Checks 
B-66 
2024 FARS/CRSS Coding and Validation Manual 
Error ID 
IF 
THEN 
2H1F 
UNIT TYPE equals 1, and DRIVER 
PRESENCE equals 0 or 9, 
DRIVER’S VISION OBSCURED BY 
must equal 95. 
3BAP 
UNIT TYPE equals 1, and DRIVER 
PRESENCE equals 0, 
CRASH TYPE must equal 00, 04, 09, 
15, 32, 42, 48, 52, 62, 66, 74, 84, 90, 
93, or 98. 
42BP 
there is only one vehicle involved in 
the FIRST HARMFUL EVENT where 
UNIT TYPE equals 1, 
the number of vehicles where CRASH 
TYPE is coded 00, 1-16, 92, 93, or 99 
(excluding from the vehicles being 
counted, those where CRASH TYPE 
equals 98) must not equal 0 or be 
greater than 1. 
4W6P 
any RELATED FACTORS-PERSON 
(MV OCCUPANT) LEVEL equals 
021 or 089, 
PERSON TYPE must equal 3, 
SEATING POSITION must equal 11, 
and UNIT TYPE must equal 2, 3, or 4. 
4Z1P 
UNIT TYPE equals 1, and FIRE 
OCCURRENCE equals 1, 
at least one SEQUENCE OF EVENTS 
must equal 02. 
4Z2P 
UNIT TYPE equals 4, 
there must be at least one record in 
CRASH EVENTS TABLE with 
SEQUENCE OF EVENT equal to 45 
for that vehicle VEHICLE NUMBER 
(OTHER VEHICLE). 
4Z3P 
UNIT TYPE equals 2 or 3 
there must be at least one record in 
CRASH EVENTS TABLE with 
SEQUENCE OF EVENT equal to 14 
for that vehicle VEHICLE NUMBER 
(OTHER VEHICLE). 
9A3P 
UNIT TYPE equals 2-4, 
DRIVER PRESENCE must equal 0. 
9A5P 
PERSON TYPE equals 03, 
UNIT TYPE must equal 2-4. 
9B7P 
UNIT TYPE equals 2-4, 
PERSON TYPE of all occupants of 
this vehicle must equal 03. 
9B9P 
any SEQUENCE OF EVENTS equals 
55, 
there must be at least one other vehicle 
with UNIT TYPE equal to 1. 
9C0P 
FIRST HARMFUL EVENT equals 55, there must be at least one vehicle with 
UNIT TYPE equal to 1. 
9C1P 
UNIT TYPE equals 4, 
RELATED FACTORS-VEHICLE 
LEVEL must not equal 039. 
9C4P 
UNIT TYPE equals 1, and DRIVER 
PRESENCE equals 0 or 9, 
DRIVER MANEUVERED TO 
AVOID must only equal 95."
CRSS,2024,vision.csv,VISION,candidate_feature,environment,970,"Appendix B: 2024 Consistency Checks 
B-249 
2024 FARS/CRSS Coding and Validation Manual 
Driver Level 
Vehicle Number—Driver Level 
Error ID 
Error Message 
CSI2 
There must be exactly one DRIVER LEVEL FORM corresponding to each 
VEHICLE LEVEL FORM. 
Driver Presence 
Error ID 
IF 
THEN 
1H6F 
DRIVER PRESENCE equals 0, 9, 
CITATIONS ISSUED must be blank. 
1HFF 
DRIVER PRESENCE equals 0, 9, 
SPEEDING RELATED must be 
blank. 
1HJF 
DRIVER’S VISION OBSCURED BY 
equals 95, 
DRIVER PRESENCE must equal 0 or 
9. 
2F0F 
NUMBER OF OCCUPANTS equals 
00, 
DRIVER PRESENCE must equal 0. 
2H0F 
DRIVER PRESENCE equals 0, 9, 
RELATED FACTORS-DRIVER 
LEVEL must not equal 004, 010, 012, 
013, 015, 016, 019, 052, 053, 058, 
059, 073, 074, 077-089, 094-097, 100, 
or 102-107. 
2H1F 
UNIT TYPE equals 1, and DRIVER 
PRESENCE equals 0 or 9, 
DRIVER’S VISION OBSCURED BY 
must equal 95. 
3BAP 
UNIT TYPE equals 1, and DRIVER 
PRESENCE equals 0, 
CRASH TYPE must equal 00, 04, 09, 
15, 32, 42, 48, 52, 62, 66, 74, 84, 90, 
93, or 98. 
3BGP 
PRE-EVENT MOVEMENT (PRIOR 
TO RECOGNITION OF CRITICAL 
EVENT) equals 00, 
DRIVER PRESENCE must equal 0 or 
9. 
3H0F 
DRIVER PRESENCE equals 1, 
there must be one and only one Person 
Level form for that vehicle with 
PERSON TYPE equal to 01, or there 
must be no Person Level form for that 
vehicle with PERSON TYPE equal to 
01 and at least two Person Level forms 
for that vehicle with PERSON TYPE 
equal to 09."
CRSS,2024,vision.csv,VISION,candidate_feature,environment,999,"Appendix B: 2024 Consistency Checks 
B-278 
2024 FARS/CRSS Coding and Validation Manual 
Precrash Level 
Contributing Circumstances, Motor Vehicle 
Error ID 
IF 
THEN 
1L4P 
any DRIVER’S VISION OBSCURED 
BY equals 09, 
at least one CONTRIBUTING 
CIRCUMSTANCES, MOTOR 
VEHICLE must equal 97. 
1L5P 
any DRIVER’S VISION OBSCURED 
BY equals 10, 
at least one CONTRIBUTING 
CIRCUMSTANCES, MOTOR 
VEHICLE must equal 07 or 08 or 09. 
3D70 
CRITICAL EVENT - PRECRASH 
(EVENT) equals 01-04, 
CONTRIBUTING 
CIRCUMSTANCES, MOTOR 
VEHICLE must not equal 00.  
3DB0 
any CONTRIBUTING 
CIRCUMSTANCES, MOTOR 
VEHICLE equals 00 or 99, 
only that one code and no other must 
be coded for this vehicle. 
V990 
any SEQUENCE OF EVENTS equals 
61, 
CONTRIBUTING 
CIRCUMSTANCES, MOTOR 
VEHICLE should not equal 00. 
Trafficway Description 
Error ID 
IF 
THEN 
250P 
RELATION TO JUNCTION (b) 
equals 01, 02, 04, 06, 07, 16-19, 98, 
99, and RELATION TO 
TRAFFICWAY equals 03, 
TRAFFICWAY DESCRIPTION 
should equal 2, 3, or 7 for at least one 
vehicle involved in the first harmful 
event. 
254P 
RELATION TO TRAFFICWAY 
equals 01, and RELATION TO 
JUNCTION (b) equals 20, 
TRAFFICWAY DESCRIPTION must 
equal 6 for at least one vehicle 
involved in the FIRST HARMFUL 
EVENT. 
258P 
RELATION TO JUNCTION (b) is 05 
or 20, 
TRAFFICWAY DESCRIPTION 
should equal 6 for at least one vehicle 
involved in the FIRST HARMFUL 
EVENT. 
740P 
RELATION TO JUNCTION (b) 
equals 07, 
TRAFFICWAY DESCRIPTION must 
equal 2, 3, or 7 for at least one vehicle. 
841P 
RELATED FACTORS – CRASH 
LEVEL equals 025, 
TRAFFICWAY DESCRIPTION 
should not equal 4  for any vehicle."
CRSS,2024,vision.csv,VISION,candidate_feature,environment,1007,"Appendix B: 2024 Consistency Checks 
B-286 
2024 FARS/CRSS Coding and Validation Manual 
Error ID 
IF 
THEN 
SURFACE TYPE, or ROADWAY 
SURFACE CONDITIONS equals 0, 
00 for this vehicle, 
A330 
ROUTE SIGNING equals 01 or 02, 
ROADWAY SURFACE TYPE should 
equal 1, 2, 8 for at least one vehicle. 
A490 
TRAFFICWAY DESCRIPTION 
equals 2, 3, 5, or 7, 
ROADWAY SURFACE TYPE should 
not equal 4, 5, 7. 
A500 
TOTAL LANES IN ROADWAY 
equals 3-7, 
ROADWAY SURFACE TYPE should 
not equal 4, 5, 7. 
Roadway Surface Conditions 
Error ID 
IF 
THEN 
1A1P 
RELATED FACTORS-CRASH 
LEVEL equals 005, 
ROADWAY SURFACE 
CONDITIONS must equal 06 for at 
least one vehicle. 
A040 
CRASH MONTH equals 05-09, 
ROADWAY SURFACE 
CONDITIONS should not equal 03, 
04, 10. 
A1A0 
ROADWAY SURFACE 
CONDITIONS equals 01 for a vehicle 
involved in the FIRST HARMFUL 
EVENT, 
ATMOSPHERIC CONDITIONS 
should not equal 02-04, 11, 12. 
A1C0 
ROADWAY SURFACE 
CONDITIONS equals 01,  
DRIVER’S VISION OBSCURED BY 
should not equal 08. 
A292 
any TRAFFICWAY DESCRIPTION, 
TOTAL LANES IN ROADWAY, 
ROADWAY ALIGNMENT, 
ROADWAY GRADE, ROADWAY 
SURFACE TYPE, or ROADWAY 
SURFACE CONDITIONS equals 0, 
00 for this vehicle, 
all must equal 0, 00, and SPEED 
LIMIT must equal 00 for this vehicle. 
A510 
any ATMOSPHERIC CONDITIONS 
equals 02-04, 11, 12, 
ROADWAY SURFACE 
CONDITIONS should not equal 01, 
07, 08, 99 for any vehicle."
CRSS,2024,vision.csv,VISION,candidate_feature,environment,1011,"Appendix B: 2024 Consistency Checks 
B-290 
2024 FARS/CRSS Coding and Validation Manual 
Device Functioning 
Error ID 
IF 
THEN 
610P 
TRAFFIC CONTROL DEVICE 
equals 00, 
DEVICE FUNCTIONING must equal 
0. 
660P 
TRAFFIC CONTROL DEVICE is not 
equal to 00, 
DEVICE FUNCTIONING must not 
equal 0. 
660Q 
TRAFFIC CONTROL DEVICE does 
not equal 97, 
it is unlikely that DEVICE 
FUNCTIONING equals 8. 
661P 
TRAFFIC CONTROL DEVICE 
equals 97, 
DEVICE FUNCTIONING must equal 
8. 
 
Driver’s Vision Obscured By 
Error ID 
IF 
THEN 
1HJF 
DRIVER’S VISION OBSCURED BY 
equals 95, 
DRIVER PRESENCE must equal 0 or 
9. 
1L2P 
any DRIVER’S VISION OBSCURED 
BY equals 00 or 95 or 99, 
only that one code and no other must 
be coded for this vehicle. 
1L4P 
any DRIVER’S VISION OBSCURED 
BY equals 09, 
at least one CONTRIBUTING 
CIRCUMSTANCES, MOTOR 
VEHICLE must equal 97. 
1L5P 
any DRIVER’S VISION OBSCURED 
BY equals 10, 
at least one CONTRIBUTING 
CIRCUMSTANCES, MOTOR 
VEHICLE must equal 07 or 08 or 09. 
2H1F 
UNIT TYPE equals 1, and DRIVER 
PRESENCE equals 0 or 9, 
DRIVER’S VISION OBSCURED BY 
must equal 95. 
4X8H 
any NON-MOTORIST 
CONTRIBUTING 
CIRCUMSTANCES equals 01, 
DRIVER’S VISION OBSCURED BY 
must not equal 00, 95, or 99 for the 
vehicle number identified in this 
person’s VEHICLE NUMBER OF 
MOTOR VEHICLE STRIKING 
NON-MOTORIST. 
A1C0 
ROADWAY SURFACE 
CONDITIONS equals 01,  
DRIVER’S VISION OBSCURED BY 
should not equal 08. 
PB31 
PEDESTRIAN/BIKE TYPING -
BICYCLIST CRASH TYPE equals 
147, 157, or 357, 
at least one DRIVER’S VISION 
OBSCURED BY must equal 06 for 
the vehicle number identified in this 
person’s VEHICLE NUMBER OF"
CRSS,2024,vision.csv,VISION,candidate_feature,environment,1012,"Appendix B: 2024 Consistency Checks 
B-291 
2024 FARS/CRSS Coding and Validation Manual 
Error ID 
IF 
THEN 
MOTOR VEHICLE STRIKING 
NON-MOTORIST. 
PB32 
PEDESTRIAN/BIKE TYPING -
PEDESTRIAN CRASH TYPE equals 
742, 
at least one DRIVER’S VISION 
OBSCURED BY must not equal 00 or 
95 for the vehicle number identified in 
this person’s VEHICLE NUMBER OF 
MOTOR VEHICLE STRIKING 
NON-MOTORIST. 
PB33 
PEDESTRIAN/BIKE TYPING -
BICYCLIST CRASH TYPE equals 
156, 
DRIVER’S VISION OBSCURED BY 
for the striking vehicle must not equal 
06. 
Driver Maneuvered to Avoid 
Error ID 
IF 
THEN 
3BCP 
CRASH TYPE equals 34, 36, 38, 40, 
54, 56, 58, or 60, 
DRIVER MANEUVERED TO 
AVOID must not equal 00. 
41IP 
TRAVEL SPEED is equal to 000, 
DRIVER MANEUVERED TO 
AVOID should equal 00 or 95. 
9C4P 
UNIT TYPE equals 1, and DRIVER 
PRESENCE equals 0 or 9, 
DRIVER MANEUVERED TO 
AVOID must only equal 95. 
9C5P 
DRIVER MANEUVERED TO 
AVOID equals 95, 
DRIVER PRESENCE must equal 0 or 
9. 
AZ6P 
any DRIVER MANEUVERED TO 
AVOID equals 00, 
PRE-EVENT MOVEMENT (PRIOR 
TO RECOGNITION OF CRITICAL 
EVENT) must not equal 17. 
AZ7P 
any DRIVER MANEUVERED TO 
AVOID equals 00 or 95 or 98, or 99, 
only that one code and no other must 
be coded for this vehicle. 
AZBP 
any DRIVER MANEUVERED TO 
AVOID equals 03, 
CRITICAL EVENT - PRECRASH 
(EVENT) should equal 87-89. 
AZCP 
any DRIVER MANEUVERED TO 
AVOID equals 05, 
CRITICAL EVENT - PRECRASH 
(EVENT) should equal 80-85. 
AZDQ 
DRIVER MANEUVERED TO 
AVOID equals 04, 
NUMBER OF VEHICLE FORMS 
SUBMITTED must be greater than 
001. 
AZEP 
any DRIVER MANEUVERED TO 
AVOID equals 01, 
CRITICAL EVENT - PRECRASH 
(EVENT) should equal 90-92."
CRSS,2024,vision.csv,VISION,candidate_feature,environment,1079,"Appendix B: 2024 Consistency Checks 
B-358 
2024 FARS/CRSS Coding and Validation Manual 
Person Level (Not a Motor Vehicle Occupant) 
Person Number 
Error ID 
Error Message 
CSI6 
For each VEHICLE NUMBER, PERSON NUMBERS must be consecutive, 
beginning with 001 and with no gaps. 
CSI7 
PERSON NUMBERS for persons not in motor vehicles must be consecutive, 
beginning with 001 and with no gaps. 
Vehicle Number of Motor Vehicle Striking Non-Motorist 
Error ID 
IF 
THEN 
050P 
PERSON TYPE equals 04-07, 08, 10, 
or 19, and NUMBER OF VEHICLE 
FORMS SUBMITTED equals 001, 
VEHICLE NUMBER OF MOTOR 
VEHICLE STRIKING NON-
MOTORIST must equal 001. 
060P 
VEHICLE NUMBER OF MOTOR 
VEHICLE STRIKING NON-
MOTORIST is not equal to 000, 
the VEHICLE NUMBER OF MOTOR 
VEHICLE STRIKING NON-
MOTORIST must equal some 
VEHICLE NUMBER in the case, and 
the UNIT TYPE must equal 1. 
4X8H 
any NON-MOTORIST 
CONTRIBUTING 
CIRCUMSTANCES equals 01, 
DRIVER’S VISION OBSCURED BY 
must not equal 00, 95, or 99 for the 
vehicle number identified in this 
person’s VEHICLE NUMBER OF 
MOTOR VEHICLE STRIKING 
NON-MOTORIST. 
A612 
PERSON TYPE equals 04, and 
VEHICLE NUMBER OF MOTOR 
VEHICLE STRIKING NON-
MOTORIST equals___, 
at least one SEQUENCE OF EVENTS 
must equal 10, 49, or 74 for that 
vehicle number in the CRASH 
EVENTS table. 
A613 
PERSON TYPE equals 05, and 
VEHICLE NUMBER OF MOTOR 
VEHICLE STRIKING NON-
MOTORIST equals___, 
at least one SEQUENCE OF EVENTS 
must equal 08 for that vehicle number 
in the CRASH EVENTS table. 
A614 
PERSON TYPE equals 06, and 
VEHICLE NUMBER OF MOTOR 
VEHICLE STRIKING NON-
MOTORIST equals___, 
at least one SEQUENCE OF EVENTS 
must equal 09 for that vehicle number 
in the CRASH EVENTS table. 
A615 
PERSON TYPE equals 07, and 
VEHICLE NUMBER OF MOTOR 
at least one SEQUENCE OF EVENTS 
must equal 09 for that vehicle number 
in the CRASH EVENTS table."
CRSS,2024,vision.csv,VISION,candidate_feature,environment,1081,"Appendix B: 2024 Consistency Checks 
B-360 
2024 FARS/CRSS Coding and Validation Manual 
Error ID 
IF 
THEN 
AT THE TIME OF CRASH equals 21, 
22, 24, 25, 28, and the VEHICLE 
NUMBER OF MOTOR VEHICLE 
STRIKING NON-MOTORIST is 
involved in the FIRST HARMFUL 
EVENT, 
A61J 
the FIRST HARMFUL EVENT equals 
15, and PERSON TYPE equals 08, 
and NON-MOTORIST LOCATION 
AT THE TIME OF CRASH equals 21, 
22, 24, 25, 28, and the VEHICLE 
NUMBER OF MOTOR VEHICLE 
STRIKING NON-MOTORIST is 
involved in the FIRST HARMFUL 
EVENT, 
CRASH TYPE should not equal 13 for 
this vehicle. 
A61K 
the FIRST HARMFUL EVENT equals 
49, and PERSON TYPE equals 04, 
and NON-MOTORIST LOCATION 
AT THE TIME OF CRASH equals 21, 
22, 24, 25, 28, and the VEHICLE 
NUMBER OF MOTOR VEHICLE 
STRIKING NON-MOTORIST is 
involved in the FIRST HARMFUL 
EVENT, 
CRASH TYPE should not equal 13 for 
this vehicle. 
PB30 
PEDESTRIAN/BIKE TYPING -
PEDESTRIAN CRASH TYPE equals 
220, 
at least one DRIVER PRESENCE 
must equal 0 for the vehicle number 
identified in this person’s VEHICLE 
NUMBER OF MOTOR VEHICLE 
STRIKING NON-MOTORIST. 
PB31 
PEDESTRIAN/BIKE TYPING -
BICYCLIST CRASH TYPE equals 
147, 157, or 357, 
at least one DRIVER’S VISION 
OBSCURED BY must equal 06 for 
the vehicle number identified in this 
person’s VEHICLE NUMBER OF 
MOTOR VEHICLE STRIKING 
NON-MOTORIST. 
PB32 
PEDESTRIAN/BIKE TYPING -
PEDESTRIAN CRASH TYPE equals 
742, 
at least one DRIVER’S VISION 
OBSCURED BY must not equal 00 or 
95 for the vehicle number identified in 
this person’s VEHICLE NUMBER OF 
MOTOR VEHICLE STRIKING 
NON-MOTORIST."
CRSS,2024,vision.csv,VISION,candidate_feature,environment,1100,"Appendix B: 2024 Consistency Checks 
B-379 
2024 FARS/CRSS Coding and Validation Manual 
Error ID 
IF 
THEN 
PB23 
PEDESTRIAN/BIKE TYPING - 
CRASH TYPE - PEDESTRIAN 
equals 342, and PERSON TYPE 
equals 05 or 08, 
SCHOOL BUS RELATED should 
equal 1. 
PB24 
PERSON TYPE equals 05 or 08, and 
NON-MOTORIST LOCATION AT 
TIME OF CRASH equals 14, 16, 20, 
21, 22, 24, or 25, 
PEDESTRIAN/BIKE TYPING - 
CRASH TYPE - PEDESTRIAN 
should equal 230, 320, 330, 410, 420, 
430, 440, 459, 510, 520, 590, 830, or 
890. 
PB25 
PERSON TYPE equals 05 or 08, and 
NON-MOTORIST LOCATION AT 
TIME OF CRASH equals 01-03 or 09, 
PEDESTRIAN/BIKE TYPING - 
CRASH TYPE - PEDESTRIAN 
should equal 690, 710, 730, 741, 742, 
760, 770, 781, 782, 791, 792, 794, 
795, or 799. 
PB26 
NON-MOTORIST CONTRIBUTING 
CIRCUMSTANCES equals 02, and 
PERSON TYPE equals 06 or 07, 
PEDESTRIAN/BIKE TYPING - 
CRASH TYPE - BICYCLE should 
equal 142, 144, 147, 153, 155, 156, 
157, 159, 311, 312, 313, 318, 319, or 
357. 
PB27 
NON-MOTORIST 
ACTION/CIRCUMSTANCES equals 
05, and PERSON TYPE equals 05 or 
08, 
PEDESTRIAN/BIKE TYPING - 
CRASH TYPE - PEDESTRIAN 
should equal 410 or 420. 
PB28 
NON-MOTORIST 
ACTION/CIRCUMSTANCES equals 
06, and PERSON TYPE equals 05 or 
08, 
PEDESTRIAN/BIKE TYPING - 
CRASH TYPE - PEDESTRIAN 
should equal 430 or 440. 
PB29 
NON-MOTORIST 
ACTION/CIRCUMSTANCES equals 
04, and does not also equal 03, and 
PERSON TYPE equals 05 or 08, 
PEDESTRIAN/BIKE TYPING - 
CRASH TYPE - PEDESTRIAN 
should equal 410, 420, 430, 440, or 
459. 
PB30 
PEDESTRIAN/BIKE TYPING - 
CRASH TYPE - PEDESTRIAN 
equals 220, 
at least one DRIVER PRESENCE 
must equal 0 for the vehicle number 
identified in this person’s VEHICLE 
NUMBER OF MOTOR VEHICLE 
STRIKING NON-MOTORIST. 
PB31 
PEDESTRIAN/BIKE TYPING - 
CRASH TYPE - BICYCLE equals 
147, 157, or 357, 
at least one DRIVER’S VISION 
OBSCURED BY must equal 06 for 
the vehicle number identified in this 
person’s VEHICLE NUMBER OF"
CRSS,2024,vision.csv,VISION,candidate_feature,environment,1101,"Appendix B: 2024 Consistency Checks 
B-380 
2024 FARS/CRSS Coding and Validation Manual 
Error ID 
IF 
THEN 
MOTOR VEHICLE STRIKING 
NON-MOTORIST. 
PB32 
PEDESTRIAN/BIKE TYPING - 
CRASH TYPE - PEDESTRIAN 
equals 742, 
at least one DRIVER’S VISION 
OBSCURED BY must not equal 00 or 
95 for the vehicle number identified in 
this person’s VEHICLE NUMBER OF 
MOTOR VEHICLE STRIKING 
NON-MOTORIST. 
PB33 
PEDESTRIAN/BIKE TYPING - 
CRASH TYPE - BICYCLE equals 
156, 
DRIVER’S VISION OBSCURED BY 
for the striking vehicle must not equal 
06. 
PB34 
NUMBER OF FORMS SUBMITTED 
FOR PERSONS NOT IN MOTOR 
VEHICLES equals 01, and FIRST 
HARMFUL EVENT equals 08, and 
RELATION TO JUNCTION (b) 
equals 02, 
PEDESTRIAN/ BIKE TYPING - 
CRASH TYPE - PEDESTRIAN must 
not equal 320, 330, 360, 680, 830, 890, 
900, or 910. 
PB35 
NUMBER OF FORMS SUBMITTED 
FOR PERSONS NOT IN MOTOR 
VEHICLES equals 01, and FIRST 
HARMFUL EVENT equals 08, and 
RELATION TO JUNCTION (b) 
equals 02, 
PEDESTRIAN/ BIKE TYPING - 
CRASH LOCATION - PEDESTRIAN 
must equal 1. 
PB36 
PEDESTRIAN/BIKE TYPING - 
CRASH TYPE - PEDESTRIAN 
equals 250, 
PERSON TYPE must equal 08. 
PB37 
PEDESTRIAN/BIKE TYPING - 
CRASH TYPE - PEDESTRIAN 
equals 311, 312, or 313,  
at least one NON-MOTORIST 
ACTION/ CIRCUMSTANCES must 
equal 08 or 10. 
PB38 
PEDESTRIAN/BIKE TYPING - 
CRASH TYPE - PEDESTRIAN 
equals 410 or 420, 
at least one NON-MOTORIST 
ACTION/ CIRCUMSTANCES must 
equal 05. 
PB39 
PEDESTRIAN/BIKE TYPING - 
CRASH TYPE - PEDESTRIAN 
equals 430 or 440,  
at least one NON-MOTORIST 
ACTION/ CIRCUMSTANCES must 
equal 06. 
PB40 
PEDESTRIAN/BIKE TYPING - 
CRASH TYPE - BICYCLE equals 
610, 
at least one PRE-EVENT 
MOVEMENT (PRIOR TO 
RECOGNITION OF CRITICAL 
EVENT) must equal 08, 09, or 13 for 
the vehicle number identified in this 
person’s VEHICLE NUMBER OF"
CRSS,2024,vision.csv,VISION,candidate_feature,environment,1120,"Appendix B: 2024 Consistency Checks 
B-399 
2024 FARS/CRSS Coding and Validation Manual 
Error ID 
IF 
THEN 
04 for this Person (Not a Motor 
Vehicle Occupant).  
4X4A 
any NON-MOTORIST 
DISTRACTED BY equals 00, 96, or 
99, 
none of the NON-MOTORIST 
CONTRIBUTING 
CIRCUMSTANCES must equal 06. 
4X5A 
NON-MOTORIST DISTRACTED 
BY does not equal 00, 96, or 99, 
at least one NON-MOTORIST 
CONTRIBUTING 
CIRCUMSTANCES should equal 06. 
4X8A 
NON-MOTORIST CONTRIBUTING 
CIRCUMSTANCES equals 10, 
PERSON TYPE must equal 06 or 07. 
 
4X8F 
any NON-MOTORIST 
CONTRIBUTING 
CIRCUMSTANCES equals 00 or 99, 
only that one code and no other must 
be coded for this person. 
4X8G 
NON-MOTORIST CONTRIBUTING 
CIRCUMSTANCES must not equal 
01 and 11 for the same person. 
-- 
4X8H 
any NON-MOTORIST 
CONTRIBUTING 
CIRCUMSTANCES equals 01, 
DRIVER’S VISION OBSCURED BY 
must not equal 00, 95, or 99 for the 
vehicle number identified in this 
person’s VEHICLE NUMBER OF 
MOTOR VEHICLE STRIKING 
NON-MOTORIST. 
4X9A 
NON-MOTORIST CONTRIBUTING 
CIRCUMSTANCES equals 03, 
TRAFFIC CONTROL DEVICE 
should not equal 00 for all vehicles in 
the crash. 
PB16 
PEDESTRIAN/BIKE TYPING - 
CRASH TYPE - BICYCLIST equals 
142, 144, 147, 153, 155, 156, 157, 
159, 311, 312, 313, 318, 319, or 357, 
at least one NON-MOTORIST 
CONTRIBUTING 
CIRCUMSTANCES must equal 02. 
PB18 
PEDESTRIAN/BIKE TYPING - 
CRASH TYPE - PEDESTRIAN 
equals 742, 
at least one NON-MOTORIST 
CONTRIBUTING 
CIRCUMSTANCES must equal 01. 
PB26 
NON-MOTORIST CONTRIBUTING 
CIRCUMSTANCES equals 02, and 
PERSON TYPE equals 06 or 07, 
PEDESTRIAN/BIKE TYPING - 
CRASH TYPE - BICYCLIST should 
equal 142, 144, 147, 153, 155, 156, 
157, 159, 311, 312, 313, 318, 319, or 
357."
CRSS,2024,vision.csv,VISION,candidate_feature,environment,1139,"Appendix B: 2024 Consistency Checks 
B-418 
2024 FARS/CRSS Coding and Validation Manual 
Error ID 
Error Message 
1HCF 
If DRIVER PRESENCE equals 0, 9, then DATE OF OLDEST CRASH, 
SUSPENSION, CONVICTION must be blank. 
1HDF 
If DRIVER PRESENCE equals 0, 9, then DRIVER HEIGHT (feet and inches) 
must equal blank. 
1HEF 
If DRIVER PRESENCE equals 0, 9, then DRIVER WEIGHT must equal blank. 
1HFF 
If DRIVER PRESENCE equals 0, 9, then SPEEDING RELATED must be 
blank. 
1HJF 
If DRIVER’S VISION OBSCURED BY equals 95, then DRIVER PRESENCE 
must equal 0 or 9. 
1I0P 
If DRIVER’S LICENSE STATE equals 99, then NON-CDL LICENSE 
STATUS must not equal 0-4, 6, and COMMERCIAL MOTOR VEHICLE 
LICENSE STATUS must not equal 00-08. 
1K0P 
If DRIVER’S LICENSE STATE equals 99, then LICENSE COMPLIANCE 
WITH CLASS OF VEHICLE must not equal 0-3. 
1L1P 
If any RELATED FACTORS - DRIVER LEVEL equals 028, then there must 
not be any RELATED FACTORS - DRIVER LEVEL equal to 033 or 051. 
1L2P 
If any DRIVER’S VISION OBSCURED BY equals 00 or 95 or 99, then only 
that one code and no other must be coded for this vehicle. 
1L3P 
If RELATED FACTORS - DRIVER LEVEL equals 105, then RELATED 
FACTORS - DRIVER LEVEL must also equal 016 for this driver. 
1L4P 
If any DRIVER’S VISION OBSCURED BY equals 09, then at least one 
CONTRIBUTING CIRCUMSTANCES, MOTOR VEHICLE must equal 97. 
1L5P 
If any DRIVER’S VISION OBSCURED BY equals 10, then at least one 
CONTRIBUTING CIRCUMSTANCES, MOTOR VEHICLE must equal 07 or 
08 or 09. 
1L7P 
If RELATED FACTORS - DRIVER LEVEL equals 104, then RELATED 
FACTORS - DRIVER LEVEL should not equal 016 for this driver. 
1M1F 
If RELATED FACTORS-PERSON (NOT A MV OCCUPANT) LEVEL equals 
013, then PERSON TYPE should equal 08. 
1M2F 
If at least one RELATED FACTORS - PERSON (NOT A MOTOR VEHICLE 
OCCUPANT) LEVEL equals 101, then PERSON TYPE must not equal 04 or 
10. 
1M3F 
If at least one RELATED FACTORS - PERSON (NOT A MOTOR VEHICLE 
OCCUPANT) LEVEL equals 100, then PERSON TYPE should equal 06, 07, or 
08. 
1N0F 
If PERSON TYPE equals 06, then RELATED FACTORS-PERSON (Not a MV 
Occupant) LEVEL must not equal 009, 013, 069, 070, 090, 094-097."
CRSS,2024,vision.csv,VISION,candidate_feature,environment,1146,"Appendix B: 2024 Consistency Checks 
B-425 
2024 FARS/CRSS Coding and Validation Manual 
Error ID 
Error Message 
259P 
If RELATION TO TRAFFICWAY equals 07, and UNIT TYPE equals 1, then 
CRITICAL EVENT – PRECRASH (EVENT) should not equal 12 or 13. 
260P 
If ROUTE SIGNING equals 01, then NATIONAL HIGHWAY SYSTEM must 
equal 1. 
2B0P 
If JACKKNIFE equals 1-3, then VEHICLE TRAILING must not equal 0, 5, 6, 
or 9. 
2B1P 
If JACKNIFE equals 2 or 3, then at least one SEQUENCE OF EVENTS must 
equal 51 or 70. 
2B2P 
If JACKKNIFE equals 9, then VEHICLE TRAILING must equal 9. 
2B3P 
If VEHICLE TRAILING equals 9, then JACKKNIFE must equal 9. 
2B4P 
If SEQUENCE OF EVENTS does not include 51 or 70, and VEHICLE 
TRAILING equals 1-4, then JACKKNIFE must equal 1. 
2D0P 
If SPECIAL USE equals 02, then vPIC Body Class should equal 002 (Minivan), 
007 (Sport Utility Vehicle (SUV)/Multi-Purpose Vehicle (MPV)), 008 
(Crossover Utility Vehicle (CUV)), 009 (Van), 016 (Bus), 073 (Bus - School 
Bus), or 119 (Sport Utility Truck (SUT)), or FINAL STAGE BODY CLASS 
should equal 007 (Sport Utility Vehicle (SUV)/Multi-Purpose Vehicle (MPV)), 
008 (Crossover Utility Vehicle (CUV)), 009 (Van), 016 (Bus), or 073 (Bus - 
School Bus). 
2F0F 
If NUMBER OF OCCUPANTS equals 00, then DRIVER PRESENCE must 
equal 0. 
2H0F 
If DRIVER PRESENCE equals 0, 9, then RELATED FACTORS-DRIVER 
LEVEL must not equal 004, 010, 012, 013, 015, 016, 019, 052, 053, 058, 059, 
073, 074, 077-089, 094-097, 100, or 102-107. 
2H1F 
If UNIT TYPE equals 1 and DRIVER PRESENCE equals 0 or 9, then 
DRIVER’S VISION OBSCURED BY must equal 95. 
2I0P 
If DRIVER’S LICENSE STATE equals 99, then COMPLIANCE WITH 
LICENSE RESTRICTIONS must not equal 0-3. 
2J0P 
If any counter (PREVIOUS RECORDED CRASHES; PREVIOUS 
RECORDED SUSPENSIONS, REVOCATIONS, AND WITHDRAWALS; 
PREVIOUS DWI CONVICTIONS; PREVIOUS SPEEDING CONVICTIONS; 
PREVIOUS OTHER MOVING VIOLATION CONVICTIONS) equals 01-97, 
then DATE OF MOST RECENT CRASH, SUSPENSION, CONVICTION 
must not equal 000000 or 999999. 
2J1P 
If any counter (PREVIOUS RECORDED CRASHES; PREVIOUS 
RECORDED SUSPENSIONS, REVOCATIONS, AND WITHDRAWALS; 
PREVIOUS DWI CONVICTIONS; PREVIOUS SPEEDING CONVICTIONS; 
PREVIOUS OTHER MOVING VIOLATION CONVICTIONS) equals 01-97,"
CRSS,2024,vision.csv,VISION,candidate_feature,environment,1165,"Appendix B: 2024 Consistency Checks 
B-444 
2024 FARS/CRSS Coding and Validation Manual 
Error ID 
Error Message 
4X3G 
If any NON-MOTORIST ACTIONS CIRCUMSTANCES equals 03, then 
NON-MOTORIST CONTRIBUTING CIRCUMSTANCES must not equal 04 
for this Person (Not a Motor Vehicle Occupant).  
4X4A 
If any NON-MOTORIST DISTRACTED BY equals 00, 96, or 99, then none of 
the NON-MOTORIST CONTRIBUTING CIRCUMSTANCES must equal 06. 
4X4F 
If any CONDITION (IMPAIRMENT) AT TIME OF CRASH (D23) equals 09, 
then POLICE REPORTED ALCOHOL INVOLVEMENT (P16) or POLICE 
REPORTED DRUG INVOLVEMENT (P19) should equal 1 for this person. 
4X4G 
If any NON-MOTORIST ACTION/CIRCUMSTANCES equals 11, then the 
NON-MOTORIST ACTION/CIRCUMSTANCES must not also equal 03 for 
this person. 
4X5A 
If NON-MOTORIST DISTRACTED BY does not equal 00, 96, or 99, then at 
least one NON-MOTORIST CONTRIBUTING CIRCUMSTANCES should 
equal 06. 
4X5F 
If NON-MOTORIST ACTION/CIRCUMSTANCES equals 04, and does not 
also equal 03, then NON-MOTORIST ACTION/CIRCUMSTANCES should 
also equal 05, 06, or 16. 
4X6A 
If NON-MOTORIST DISTRACTED BY equals 17, then STATE should equal 
GA, MN, MO, NV, NY, or SC. 
4X6F 
If any CONDITION (IMPAIRMENT) AT TIME OF CRASH equals 09, then 
POLICE REPORTED ALCOHOL INVOLVEMENT or POLICE REPORTED 
DRUG INVOLVEMENT should equal 1 for this person. 
4X7A 
If any NON-MOTORIST ACTION/CIRCUMSTANCES equals 10, then at least 
one RELATED FACTORS – PERSON (NOT A MOTOR VEHICLE 
OCCUPANT) LEVEL must equal 087, 094, 095, 096, or 097. 
4X7F 
If any NON-MOTORIST ACTION/CIRCUMSTANCES equals 98 or 99, then 
only that one code and no other must be coded for this person. 
4X8A 
If NON-MOTORIST CONTRIBUTING CIRCUMSTANCES equals 10, then 
PERSON TYPE must equal 06 or 07. 
4X8F 
If any NON-MOTORIST CONTRIBUTING CIRCUMSTANCES equals 00 or 
99, then only that one code and no other must be coded for this person. 
4X8G 
NON-MOTORIST CONTRIBUTING CIRCUMSTANCES must not equal 01 
and 11 for the same person. 
4X8H 
If any NON-MOTORIST CONTRIBUTING CIRCUMSTANCES equals 01, 
then DRIVER’S VISION OBSCURED BY must not equal 00, 95, or 99 for the 
vehicle number identified in this person’s VEHICLE NUMBER OF MOTOR 
VEHICLE STRIKING NON-MOTORIST."
CRSS,2024,vision.csv,VISION,candidate_feature,environment,1182,"Appendix B: 2024 Consistency Checks 
B-461 
2024 FARS/CRSS Coding and Validation Manual 
Error ID 
Error Message 
A13A 
If RURAL URBAN CLASSIFICATION (a) equals 6, then FUNCTIONAL 
SYSTEM (b) must equal 96. 
A141 
If RELATION TO JUNCTION (b) equals 18, then RELATION TO 
TRAFFICWAY must equal 01 or 11. 
A14A 
If FUNCTIONAL SYSTEM (b) equals 96, then RURAL URBAN 
CLASSIFICATION (a) must equal 6. 
A150 
If FUNCTIONAL SYSTEM (b) equals 01 or 02, and RELATION TO 
JUNCTION (a) equals 0, then RELATION TO JUNCTION should not equal 
02-04, 06, or 08. 
A15A 
If FUNCTIONAL SYSTEM (b) equals 99, then RURAL URBAN 
CLASSIFICATION (a) should equal 9, OWNERSHIP should equal 99, and 
NATIONAL HIGHWAY SYSTEM should equal 9. 
A160 
If FUNCTIONAL SYSTEM (b) equals 01-06, then ROADWAY SURFACE 
TYPE should equal 1, 2, 8 or 9 for at least one vehicle. 
A16A 
If FUNCTIONAL SYSTEM (b) equals 01, and STATE does not equal 02, and 
RELATION TO JUNCTION (b) equals 01, 07, 18, or 19, then TRAFFICWAY 
DESCRIPTION should equal 2, 3, or 7. 
A170 
If ROADWAY SURFACE TYPE equals 3-5 for every vehicle, then 
FUNCTIONAL SYSTEM (b) should not equal 01-06. 
A180 
If FUNCTIONAL SYSTEM (b) equals 01, then SPECIAL JURISDICTION 
should not equal 1-5, 8, or 9. 
A190 
If FUNCTIONAL SYSTEM (b) equals 02, then SPECIAL JURISDICTION 
should not equal 4. 
A1A0 
If ROADWAY SURFACE CONDITIONS equals 01 for a vehicle involved in 
the FIRST HARMFUL EVENT, then ATMOSPHERIC CONDITIONS should 
not equal 02-04, 11, 12. 
A1B0 
If TRAFFIC CONTROL DEVICE equals 01-04, 20, or 21 for a vehicle 
involved in the FIRST HARMFUL EVENT, then RELATION TO JUNCTION 
(b) should not equal 01 or 18. 
A1C0 
If ROADWAY SURFACE CONDITIONS equals 01, then DRIVER’S VISION 
OBSCURED BY should not equal 08. 
A1E0 
If RELATION TO JUNCTION (b) equals 19, then RELATION TO 
TRAFFICWAY must not equal 01, 11, 98, or 99. 
A200 
If RELATION TO JUNCTION (b) equals 07, then FUNCTIONAL SYSTEM 
(b) should not equal 06, 07 or 96."
CRSS,2024,vision.csv,VISION,candidate_feature,environment,1213,"Appendix B: 2024 Consistency Checks 
B-492 
2024 FARS/CRSS Coding and Validation Manual 
Error ID 
Error Message 
CRASH TYPE - PEDESTRIAN should equal 690, 710, 730, 741, 742, 760, 
770, 781, 782, 791, 792, 794, 795, or 799. 
PB26 
If NON-MOTORIST CONTRIBUTING CIRCUMSTANCES equals 02, and 
PERSON TYPE equals 06 or 07, then PEDESTRIAN/BIKE TYPING - CRASH 
TYPE - BICYCLIST should equal 142, 144, 147, 153, 155, 156, 157, 159, 311, 
312, 313, 318, 319, or 357. 
PB27 
If NON-MOTORIST ACTION/CIRCUMSTANCES equals 05, and PERSON 
TYPE equals 05 or 08, then PEDESTRIAN/BIKE TYPING - CRASH TYPE - 
PEDESTRIAN should equal 410 or 420. 
PB28 
If NON-MOTORIST ACTION/CIRCUMSTANCES equals 06, and PERSON 
TYPE equals 05 or 08, then PEDESTRIAN/BIKE TYPING - CRASH TYPE - 
PEDESTRIAN should equal 430 or 440. 
PB29 
If NON-MOTORIST ACTION/CIRCUMSTANCES equals 04, and does not 
also equal 03, and PERSON TYPE equals 05 or 08, then PEDESTRIAN/BIKE 
TYPING - CRASH TYPE - PEDESTRIAN should equal 410, 420, 430, 440, or 
459. 
PB30 
If PEDESTRIAN/BIKE TYPING - CRASH TYPE - PEDESTRIAN equals 220, 
then at least one DRIVER PRESENCE must equal 0 for the vehicle number 
identified in this person’s VEHICLE NUMBER OF MOTOR VEHICLE 
STRIKING NON-MOTORIST. 
PB31 
If PEDESTRIAN/BIKE TYPING - CRASH TYPE - BICYCLIST equals 147, 
157, or 357, then at least one DRIVER’S VISION OBSCURED BY must equal 
06 for the vehicle number identified in this person’s VEHICLE NUMBER OF 
MOTOR VEHICLE STRIKING NON-MOTORIST. 
PB32 
If PEDESTRIAN/BIKE TYPING - CRASH TYPE - PEDESTRIAN equals 742, 
then at least one DRIVER’S VISION OBSCURED BY must not equal 00 or 95 
for the vehicle number identified in this person’s VEHICLE NUMBER OF 
MOTOR VEHICLE STRIKING NON-MOTORIST. 
PB33 
If PEDESTRIAN/BIKE TYPING - CRASH TYPE - BICYCLIST equals 156, 
then DRIVER’S VISION OBSCURED BY for the striking vehicle must not 
equal 06. 
PB34 
If NUMBER OF FORMS SUBMITTED FOR PERSONS NOT IN MOTOR 
VEHICLES equals 01, and FIRST HARMFUL EVENT equals 08, and 
RELATION TO JUNCTION (b) equals 02, then PEDESTRIAN/ BIKE 
TYPING - CRASH TYPE - PEDESTRIAN must not equal 320, 330, 360, 680, 
830, 890, 900, or 910. 
PB35 
If NUMBER OF FORMS SUBMITTED FOR PERSONS NOT IN MOTOR 
VEHICLES equals 01, and FIRST HARMFUL EVENT equals 08, and 
RELATION TO JUNCTION (b) equals 02, then PEDESTRIAN/ BIKE 
TYPING - CRASH LOCATION - PEDESTRIAN must equal 1."
CRSS,2024,vision.csv,VISION,candidate_feature,environment,1298,"Appendix F: NCSA Make / Model / Body Type Tables  
Passenger Vehicles 
F-38 
2024 FARS/CRSS Coding and Validation Manual 
BUSES 
Codes NCSA Models 
Includes 
Model Years 
NCSA Body 
Types 
981 
Bus**: Conventional 
(Engine out front) 
(not van based) 
1966-77, 9999 50-52, 58, 59 
988 
Other (bus) 
-- 
1965-77, 9999 50-52, 58, 59 
989 
Unknown (bus) 
-- 
1965-77, 9999 50-52, 58, 59 
**Use code 989 (bus) if the frontal plane or the engine location is unknown. 
OTHER AND UNKNOWN VEHICLE 
Codes NCSA Models 
Includes 
Model Years 
NCSA Body 
Types 
998 
Other (vehicle) 
-- 
1965-2019, 
9999 
92, 93, 97 
999 
Unknown (DODGE) 
-- 
1952-2020, 
9999 
49, 79, 99 
NCSA MAKE: Eagle* (10) (EGIL) 
AUTOMOBILES 
Codes NCSA Models 
Includes 
Model Years 
NCSA Body 
Types 
034 
Summit (excludes 
wagon) 
DL, LX, ES, ESi 
1989-96, 9999 02-04, 08, 09 
037 
Talon 
FWD, Tsi, Tsi-FWD, Esi 
1990-98, 9999 02, 03, 09 
040 
Premier 
LX, ES, ES Limited 
1988-92, 9999 02, 04, 08, 09 
041 
Vision 
Esi, Tsi 
1993-97, 9999 04 
044 
Medallion 
DL, LX 
1988-89, 9999 04, 06, 09 
045 
Summit Wagon 
FWD, AWD, DX, LX 
(Mitsubishi) 
1992-96, 9999 06 
398 
Other (automobile) 
-- 
1988-98, 9999 02-04, 06, 08, 
09 
399 
Unknown 
(automobile) 
-- 
1988-98, 9999 02-04, 06, 08, 
09 
*Note: Eagle model listed under American Motors."
CRSS,2024,weather.csv,WEATHER,candidate_feature,environment,142,"Atmospheric Conditions 
C26 
132 
2024 FARS/CRSS Coding and Validation Manual 
C26. Atmospheric Conditions 
Format 
2 numeric. Select All That Apply. 
SAS Name 
Weather.WEATHER 
Element Values 
Codes 
Attributes 
01 
Clear 
10 
Cloudy 
02 
Rain 
03 
Sleet or Hail  
12 
Freezing Rain or Drizzle 
04 
Snow  
11 
Blowing Snow 
05 
Fog, Smog, Smoke 
06 
Severe Crosswinds 
07 
Blowing Sand, Soil, Dirt 
08 
Other  
98 
Not Reported 
99 
Reported as Unknown 
Definition 
This element identifies the prevailing atmospheric conditions that existed at the time of the crash 
as recorded on the police crash report. 
Remarks 
If the case material attributes are a combination of the above attributes (e.g., Clear/Cloudy, Clear 
or Cloudy, Sleet/Hail/Freezing Rain, Snow/Sleet/Hail), and you cannot determine which was the 
prevalent weather condition, then code 98 (Not Reported). 
Temperature is not an atmospheric condition for the purposes of this element. 
When coding this element, do not interpret indication of Rain, Sleet, or Snow as also Cloudy. 
Cloudy must be explicitly stated in the case materials."
CRSS,2024,weather.csv,WEATHER,candidate_feature,environment,200,"vPIC Body Class 
V13 
190 
2024 FARS/CRSS Coding and Validation Manual 
013 (Sedan/Saloon) refers to a passenger car equipped usually with four doors for ingress/egress 
and a separate trunk area for cargo (e.g., trunk lid hinged below the backlight). Folding rear seats 
do not necessarily violate the separate “trunk area” concept. Sedan/Saloon can sometimes have 
only two doors. If it is not clear whether the vehicle is a 003 (Coupe) or 013 (Sedan/Saloon), 
code as 013 (Sedan/Saloon). 
015 (Wagon) refers to a passenger car with an enlarged cargo area. The entire roof covering the 
cargo area is generally equal in height from front to rear and full height side glass is installed 
between the C and D-pillars. The rearmost area is not permanently partitioned from the forward 
passenger compartment area (e.g., “horizontal window shades” to hide cargo do not constitute 
partitions). 
016 (Bus) means a motor vehicle with motive power, except a trailer, designed for carrying more 
than 10 people per 49 CFR§ 571.3. 068 (Streetcar / Trolley) or 73 (Bus - School Bus) are 
categorized separately. 
060 (Pickup) is a single-unit straight truck with a pickup body style. The pickup truck may be 
equipped with a removable or retractable roof. 060 (Pickup) includes light, medium, and heavy 
pickup body styles. 
066 (Truck-Tractor) describes a fifth-wheel-equipped tractor-trailer power unit. The number of 
trailing units is not a consideration. Without a trailer, it is sometimes called a Bobtail. 
068 (Streetcar / Trolley) A vehicle used primarily for transporting passengers and typically 
operating on city streets. This vehicle must have tires. Do NOT use this attribute for street 
cars/trolleys operating on rails. See Section 203. How to Structure a Case, Step 1: Number of 
Persons Not in Motor Vehicles. 
069 (Off-road Vehicle - All Terrain Vehicle (ATV) (Motorcycle-style)) is used for off-road 
recreational vehicles. ATV/ATCs have three or four wheels, a saddle type seat, and handlebars 
for steering (no steering wheel). Does not include 105 (Off-road Vehicle - Multipurpose Off-
Highway Utility Vehicle [MOHUV] or Recreational Off-Highway Vehicle [ROV]).  
073 (Bus - School Bus) (designed to carry students, not cross-country or transit) is a bus 
designed to carry passengers to and from educational facilities and/or related functions. Use this 
code regardless of whether the vehicle is owned by a school system or a private company. 
School buses converted for other uses (e.g., church bus) also take this code. 
080 (Motorcycle - Sport) is used when a motor vehicle having a seat or saddle for the use of its 
operator is a two-wheeled open (e.g., no enclosed body) vehicle propelled by a motor 
specifically optimized for speed, acceleration, braking, and cornering on paved roads. 
081 (Motorcycle - Touring / Sport Touring) are specifically designed to excel at covering long 
distances. They have large-displacement engines, fairings and screens that offer good weather 
and wind protection, large-capacity fuel tanks for long ranges between fill-ups, and a relaxed, 
upright seating position. 
082 (Motorcycle - Cruiser) are motorcycles usually with large-displacement V-twin engines 
with a riding position that places the feet forward and the hands relatively high."
CRSS,2024,weather.csv,WEATHER,candidate_feature,environment,367,"Speeding Related 
D22 
357 
2024 FARS/CRSS Coding and Validation Manual 
apply in a case where law enforcement reports actual or estimated speed as unknown and still 
identifies exceeding the speed limit as a factor. 
4 (Yes, Too Fast for Conditions) is used when a vehicle is traveling at a speed that is unsafe for 
the road, weather, traffic, or other environmental conditions at the time.  
5 (Yes, Specifics Unknown) is used when it is known that speed or speeding applies, but it 
cannot be determined which of the more specific attributes apply. When the only known 
information is “traveling at a high rate of speed” or “speed was a factor,” default to 5 (Yes, 
Specifics Unknown). 
9 (Reported as Unknown) is used if the police state that the circumstances of the crash are 
unknown (i.e., it is unknown what factors, if any, may have been present at the time of the 
crash). 
For Consistency Checks see Understanding and Managing Consistency Checks and D22 
Speeding Related."
CRSS,2024,weather.csv,WEATHER,candidate_feature,environment,377,"Related Factors—Driver Level 
D24 
367 
2024 FARS/CRSS Coding and Validation Manual 
Examples include: 
• Following a fire truck too closely. 
• Failure to maintain a safe passing distance between trucks. 
• Following another vehicle in a caravan too closely to allow entry by a merging vehicle. 
• Following too close, generally. Also, code for cases where the case materials document 
the vehicle was following too closely for weather conditions. 
Note: 026 (Following Improperly) denotes “after or before the process of lane change” while 
027 (Improper or Erratic Lane Changing) signifies “in the process.” 
*027 (Improper or Erratic Lane Changing) is used when the case materials identify this driver 
was making unsafe lane changes or failed to obey a “no lane change” sign or pavement marking 
prohibiting lane change. This may also be used in cases where the officer states the vehicle was 
weaving in and out of traffic. 
*028 (Improper Lane Usage) is used when the case materials identify this driver failed to 
properly keep their vehicle in the appropriate lane of travel. This attribute does not apply to 
vehicles that run off the roadway, cross the median, or exhibit control loss before crossing the 
centerline. Also do not use this value for a vehicle that leaves its lane because of a previous 
impact, when a vehicle leaves its lane during an avoidance maneuver, or at the direction of a 
flagman or police officer. For situations where the vehicle is on the wrong side as a result of a 
passing maneuver, see 033 (Passing Where Prohibited by Posted Signs, Pavement Markings, 
or School Bus Displaying Warning Not to Pass). See 051 (Driving on Wrong Side of Two-
Way Trafficway [Intentional or Unintentional]) for Driving on Wrong Side of Road. 
Examples include: 
• A vehicle that “drove left of center” striking an oncoming vehicle (includes both crossing 
a painted centerline and failing to maintain the proper side of a two-lane roadway with no 
painted centerline). 
• A vehicle that goes straight in a turn lane. 
• A vehicle that was using more than one lane on its side of a multi-lane highway. 
• Trucks, buses, or slow vehicles failing to keep right for faster moving traffic. 
029 (Intentional Illegal Driving Off the Roadway) is used when the case materials identify this 
driver was intentionally illegally driving in a location off the roadway (shoulder, median, 
roadside, etc.). This attribute should not be used when the vehicle enters one of these locations as 
part of an avoidance maneuver or as a result of a critical or harmful event. Also do not use this 
value for a vehicle that leaves its lane at the direction of a flagman or police officer. 
*030 (Making Improper Entry to or Exit from Trafficway) is used when the case materials 
identify this driver made an improper entry to or exit from the trafficway. For improper entry of 
the roadway from a parked or stopped position see 031 (Starting or Backing Improperly). 
Examples include: 
• Driving onto or from a controlled access highway where prohibited. 
• A vehicle entering a highway from a roadside location like a front yard, adjacent pasture, 
or field."
CRSS,2024,weather.csv,WEATHER,candidate_feature,environment,402,"Precrash Data Overview 
392 
2024 FARS/CRSS Coding and Validation Manual 
Precrash Element 
Vehicle 1 
Driver Distracted By 
Not Distracted 
Pre-Event Movement 
Going Straight 
Critical Precrash (Category) 
This Vehicle Loss of Control Due To: 
Critical Precrash (Event) 
Suddenly Encountered Poor Road Conditions 
(Specify:) 
Attempted Avoidance Maneuver 
Braking and Steering Right 
Pre-Impact Stability 
Skidding Laterally Clockwise Rotation 
Pre-Impact Location 
Departed Roadway 
Crash Type 
02 
Vehicle 1’s Critical Crash Envelope (V1CCE) begins when the vehicle encounters the black ice 
and ends at impact with the pole. 
The Critical Event in this example is This Vehicle Control Loss Due To: Poor Road Conditions 
(Specify: (Black ice)). 
It can be difficult to determine the Critical Event in cases when weather, road conditions, 
roadway alignment, and speed all potentially play a role in the crash. Examples 7 and 8 are 
prime examples, Poor Road Conditions, Too Fast For Conditions, or This Vehicle Traveling 
category attributes (e.g., Off the Edge of the Road on the Right Side) could be selected based on 
the circumstances. 
Typically, Poor Road Conditions such as ice and puddles are “suddenly” encountered by the 
driver and not an ongoing situation. 
Too Fast for Conditions applies when the vehicle’s movement and speed were not appropriate 
relative to the vehicle’s surroundings; roadway curves are often involved. 
If neither of these Loss of Control Critical Events apply, then This Vehicle Traveling Category 
attributes are appropriate.  
Example 8 
Example 8 Diagram 
 
Vehicle 1 is traveling on a two-lane roadway with heavy rain falling. Police estimate the driver 
was traveling 55 mph in this 35-mph speed zone. While negotiating a curve, the driver loses"
CRSS,2024,weather.csv,WEATHER,candidate_feature,environment,415,"Precrash Data Overview 
405 
2024 FARS/CRSS Coding and Validation Manual 
Distraction (Distracted), Details Unknown is selected for Vehicle 1 Driver Distracted By. 
Police reported the driver was distracted, although the specific distraction was not identified.  
The presence of rain and fog does not affect Vehicle 1’s Critical Event of This Vehicle 
Traveling-Off The Edge of the Road On the Right Side in this case. Do not assume that This 
Vehicle Loss of Control Critical Events such as Poor Road Conditions or Traveling Too Fast 
for Conditions are always selected just because the weather and/or road conditions were not 
optimal. 
When determining Crash Type, it is important to keep in mind that some Crash 
Configurations are plane of impact dependent, while others are not. In this case the Crash Type 
for both vehicles are 48, Sideswipe/Angle: Specifics Other. The vehicles were traveling in the 
same trafficway in the same direction (Crash Type Category II) and the impact involved the side 
of one or both of the vehicles (Crash Type Configuration F). If the impact had been front to rear, 
Crash Configuration D (Rear-End) would have applied. 
Example 17 
Example 17 Diagram 
 
Vehicle 1 is traveling eastbound. A non-contact vehicle (NCV) is westbound and attempts to turn 
left in front of Vehicle 1 into an intersecting private driveway. Vehicle 1 braked and steered left 
to avoid the non-contact vehicle. The driver of Vehicle 1 successfully avoided the non-contact 
vehicle and maintained full control but crossed into the westbound lane. Now traveling the 
wrong way in the westbound lane, Vehicle 1 recognized that Vehicle 2 was in his path and 
attempted to steer right and return to the eastbound lane but struck Vehicle 2 head on. Vehicle 2 
attempted to avoid the crash by braking and steering right. The crash report was coded as “Not 
Distracted” for both drivers. 
Precrash Element 
Vehicle 1 
Vehicle 2 
Driver Distracted By 
Not Distracted 
Not Distracted 
Pre-Event Movement 
Successful Avoidance 
Maneuver to a Previous 
Critical Event 
Going Straight 
Critical Precrash (Category) 
Other Motor Vehicle in Lane 
Other Motor Vehicle in Lane 
Critical Precrash (Event) 
Traveling in Opposite 
Direction 
Traveling in Opposite 
Direction"
CRSS,2024,weather.csv,WEATHER,candidate_feature,environment,468,"Critical Event—Precrash (Event) 
PC19 
458 
2024 FARS/CRSS Coding and Validation Manual 
04 (Non-Disabling Vehicle Problem [e.g., Hood Flew Up] [Specify:]) is selected when some 
mechanical abnormality suddenly occurred to this vehicle that leads to the critical reason for the 
collision. The abnormality must not be disabling damage. For bald tires, see 06 (Traveling Too 
Fast for Conditions or Road Configuration). (See Note: For attributes with “Specify:” 
designation at the beginning of Remarks section for this element.) 
05 (Suddenly Encountered Poor Road Conditions [Puddle, Pothole, Ice, Etc.] [Specify:]) 
captures control loss due to suddenly encountered environmental conditions of the roadway and 
not ongoing situations. For ongoing situations, see 06 (Traveling Too Fast for Conditions or 
Road Configuration). These conditions must have initiated the precrash event which resulted in 
the collision. (See Note: For attributes with “Specify:” designation at the beginning of Remarks 
section for this element.) 
06 (Traveling Too Fast for Conditions or Road Configuration) identifies this vehicle’s 
movement and speed were not appropriate relative to its surroundings in which the subsequent 
loss of control led to the collision. This attribute applies when the loss of control is due to a 
vehicle traveling at a speed that was unsafe for the road configuration or conditions and has no 
bearing on the SPEED LIMIT. The officer does not necessarily have to indicate that speed was a 
factor in the crash, and therefore this attribute is independent of SPEEDING RELATED. This 
attribute may also be used in situations where there are no adverse weather and/or road surface 
conditions. 
Examples include: 
• A roadway departure on a curve where the driver failed to negotiate and departed the 
roadway, resulting in an impact. If the driver merely steered straight while in a curve and 
departed the roadway, the category This Vehicle Traveling may apply. 
• The vehicle loses control (hydroplanes) on a wet roadway (can be due to bald tires). 
08 (Other Cause of Control Loss [Specify:]) is selected when it was determined that this 
vehicle’s loss of control was the primary reason that made the event critical, and the above 
attributes do not adequately identify the control-loss condition. If control is lost due to driver 
illness, such as heart attacks, diabetic comas, etc., then CRITICAL EVENT—PRECRASH 
(EVENT) should be coded as 08 (Other Cause of Control Loss [Specify:]). This attribute should 
not be used for drivers who are impaired by alcohol and/or drugs unless the driver’s 
CONDITION (IMPAIRMENT) AT TIME OF CRASH equals 01 (Ill, Blackout). (See Note: For 
attributes with “Specify:” designation at the beginning of Remarks section for this element.) 
09 (Unknown Cause of Control Loss) is selected when it is known control loss made the 
situation critical, but it is unknown whether the vehicle or the environment caused the control 
loss. 
This Vehicle Traveling 
These attributes identify situations where the critical factor leading to the collision involved the 
travel path of this vehicle.  
10 (Over the Lane Line on Left Side of Travel Lane) is selected when this vehicle departs its 
lane to the left and is entering or had entered the adjoining lane, shoulder, or designated bike 
lane. The change of travel path by this vehicle must precipitate the critical event for the collision."
CRSS,2024,weather.csv,WEATHER,candidate_feature,environment,607,"Related Factors—Person (Motor Vehicle Occupant) Level 
P24 
597 
2024 FARS/CRSS Coding and Validation Manual 
Examples include: 
• Following a fire truck too closely. 
• Failure to maintain a safe passing distance between trucks. 
• Following another vehicle in a caravan too closely to allow entry by a merging vehicle. 
• Following too close, generally. Also, code for cases where the case materials document 
the vehicle was following too closely for weather conditions. 
089 (Parked Motor Vehicle with Equipment Extending into the Travel Lane) is used when 
the case materials identify this occupant parked a vehicle but extended equipment (e.g., extended 
mirrors) attached to the vehicle was still in the travel lane. This may only be used on the Person 
Form for the occupant that is PERSON TYPE 03 (Occupant of a Motor Vehicle Not In-
Transport) and in SEATING POSITION 11 (Front Seat, Left Side). 
Note: This should not be used for loads of vehicles extending into the travel lane such as 
attached trailers or oversized cargo. In these cases, the vehicle is in-transport and not parked. 
*028 (Improper Lane Usage) is used when the case materials identify this occupant failed to 
properly keep their vehicle in the appropriate lane of travel. This attribute does not apply to 
vehicles that run off the roadway, that cross the median, or exhibit control loss before crossing 
the centerline. Also do not use this value for a vehicle that leaves its lane because of a previous 
impact or at the direction of a flagman or police officer. This may only be used on the Person 
Form for the occupant that is PERSON TYPE 03 (Occupant of a Motor Vehicle Not In-
Transport) and in SEATING POSITION 11 (Front Seat, Left Side) in a working motor vehicle 
(UNIT TYPE 4). 
Examples include: 
• A vehicle that “drove left of center” striking an oncoming vehicle (includes both crossing 
a painted centerline and failing to maintain the proper side of a two-lane roadway with no 
painted centerline). 
• A vehicle that goes straight in a turn lane. 
• A vehicle that was using more than one lane on its side of a multi-lane highway. 
• Trucks, buses, or slow vehicles failing to keep right for faster moving traffic. 
For situations where the vehicle is on the wrong side as a result of a passing maneuver, see 033 
(Passing Where Prohibited by Posted Signs, Pavement Markings, or School Bus Displaying 
Warning Not to Pass). 
*029 (Intentional Illegal Driving on Road Shoulder, In Ditch, on Sidewalk or on Median) is 
used when the case materials identify this occupant was intentionally illegally driving in a 
location off the roadway (shoulder, median, roadside, etc.) This attribute should not be used 
when the vehicle enters one of these locations as part of an avoidance maneuver or as a result of 
a critical or harmful event. Also do not use this value for a vehicle that leaves its lane at the 
direction of a flagman or police officer. This may only be used on the Person Form for the 
occupant that is PERSON TYPE 03 (Occupant of a Motor Vehicle Not In-Transport) and in 
SEATING POSITION 11 (Front Seat, Left Side) in a working motor vehicle (UNIT TYPE 4). 
032 (Opening Vehicle Closure into Moving Traffic or While Vehicle is in Motion) is used 
when the case materials identify this occupant improperly opened their door into moving traffic."
